probe_country,country_geography_type,country_geography_classification_source,path_scope_stratum,total_valid_traces,mappable_traces,traces_with_inter_region_candidates,traces_with_domestic_inter_region_candidates,traces_with_international_inter_region_candidates,traces_with_intra_region_candidates,inter_region_candidate_exposure_rate,inter_region_candidate_rate_among_mappable_traces,domestic_inter_region_candidate_exposure_rate,international_inter_region_candidate_exposure_rate,intra_region_candidate_rate,candidate_dependency_proxy_rate,candidate_dependency_proxy_tier,unique_services,unique_probes,unique_probe_asns,service_entry_resolution_rate,geography_summary_eligible,geography_summary_eligibility_reason,candidate_dependency_proxy_interpretation
?,unknown,unclassified_or_missing_country_code,all_publicly_visible,1,1,0,0,0,0,0.0,0.0,0.0,0.0,0.0,0.0,no_observed_inter_region_candidate_exposure,1,1,1,0.0,False,"insufficient_minimum_mappable_traces,minimum_unique_probes,minimum_unique_probe_asns",trace share with at least one feasible domestic or international inter-region submarine-corridor candidate; not actual cable use or traffic dependency
?,unknown,unclassified_or_missing_country_code,resolved_entry_only,0,0,0,0,0,0,,,,,,,unknown_candidate_dependency_proxy,0,0,0,,False,"insufficient_minimum_mappable_traces,minimum_unique_probes,minimum_unique_probe_asns",trace share with at least one feasible domestic or international inter-region submarine-corridor candidate; not actual cable use or traffic dependency
AD,landlocked,catalog_landlocked_list,all_publicly_visible,2,2,0,0,0,0,0.0,0.0,0.0,0.0,0.0,0.0,no_observed_inter_region_candidate_exposure,1,2,1,0.0,False,"insufficient_minimum_mappable_traces,minimum_unique_probes,minimum_unique_probe_asns",trace share with at least one feasible domestic or international inter-region submarine-corridor candidate; not actual cable use or traffic dependency
AD,landlocked,catalog_landlocked_list,resolved_entry_only,0,0,0,0,0,0,,,,,,,unknown_candidate_dependency_proxy,0,0,0,,False,"insufficient_minimum_mappable_traces,minimum_unique_probes,minimum_unique_probe_asns",trace share with at least one feasible domestic or international inter-region submarine-corridor candidate; not actual cable use or traffic dependency
AE,coastal_mainland_or_mixed,catalog_default_alpha2_rule,all_publicly_visible,17,12,4,3,1,2,0.23529411764705882,0.3333333333333333,0.17647058823529413,0.058823529411764705,0.11764705882352941,0.23529411764705882,high_candidate_dependency_proxy,1,17,12,0.0,False,insufficient_minimum_mappable_traces,trace share with at least one feasible domestic or international inter-region submarine-corridor candidate; not actual cable use or traffic dependency
AE,coastal_mainland_or_mixed,catalog_default_alpha2_rule,resolved_entry_only,0,0,0,0,0,0,,,,,,,unknown_candidate_dependency_proxy,0,0,0,,False,"insufficient_minimum_mappable_traces,minimum_unique_probes,minimum_unique_probe_asns",trace share with at least one feasible domestic or international inter-region submarine-corridor candidate; not actual cable use or traffic dependency
AF,landlocked,catalog_landlocked_list,all_publicly_visible,5,5,4,4,0,2,0.8,0.8,0.8,0.0,0.4,0.8,very_high_candidate_dependency_proxy,1,5,2,0.0,False,"insufficient_minimum_mappable_traces,minimum_unique_probes,minimum_unique_probe_asns",trace share with at least one feasible domestic or international inter-region submarine-corridor candidate; not actual cable use or traffic dependency
AF,landlocked,catalog_landlocked_list,resolved_entry_only,0,0,0,0,0,0,,,,,,,unknown_candidate_dependency_proxy,0,0,0,,False,"insufficient_minimum_mappable_traces,minimum_unique_probes,minimum_unique_probe_asns",trace share with at least one feasible domestic or international inter-region submarine-corridor candidate; not actual cable use or traffic dependency
AL,coastal_mainland_or_mixed,catalog_default_alpha2_rule,all_publicly_visible,21,20,1,0,1,0,0.047619047619047616,0.05,0.0,0.047619047619047616,0.0,0.047619047619047616,low_candidate_dependency_proxy,1,21,16,0.0,False,insufficient_minimum_mappable_traces,trace share with at least one feasible domestic or international inter-region submarine-corridor candidate; not actual cable use or traffic dependency
AL,coastal_mainland_or_mixed,catalog_default_alpha2_rule,resolved_entry_only,0,0,0,0,0,0,,,,,,,unknown_candidate_dependency_proxy,0,0,0,,False,"insufficient_minimum_mappable_traces,minimum_unique_probes,minimum_unique_probe_asns",trace share with at least one feasible domestic or international inter-region submarine-corridor candidate; not actual cable use or traffic dependency
AM,landlocked,catalog_landlocked_list,all_publicly_visible,16,15,0,0,0,0,0.0,0.0,0.0,0.0,0.0,0.0,no_observed_inter_region_candidate_exposure,1,16,8,0.0,False,insufficient_minimum_mappable_traces,trace share with at least one feasible domestic or international inter-region submarine-corridor candidate; not actual cable use or traffic dependency
AM,landlocked,catalog_landlocked_list,resolved_entry_only,0,0,0,0,0,0,,,,,,,unknown_candidate_dependency_proxy,0,0,0,,False,"insufficient_minimum_mappable_traces,minimum_unique_probes,minimum_unique_probe_asns",trace share with at least one feasible domestic or international inter-region submarine-corridor candidate; not actual cable use or traffic dependency
AO,coastal_mainland_or_mixed,catalog_default_alpha2_rule,all_publicly_visible,9,9,0,0,0,0,0.0,0.0,0.0,0.0,0.0,0.0,no_observed_inter_region_candidate_exposure,1,9,4,0.0,False,"insufficient_minimum_mappable_traces,minimum_unique_probes",trace share with at least one feasible domestic or international inter-region submarine-corridor candidate; not actual cable use or traffic dependency
AO,coastal_mainland_or_mixed,catalog_default_alpha2_rule,resolved_entry_only,0,0,0,0,0,0,,,,,,,unknown_candidate_dependency_proxy,0,0,0,,False,"insufficient_minimum_mappable_traces,minimum_unique_probes,minimum_unique_probe_asns",trace share with at least one feasible domestic or international inter-region submarine-corridor candidate; not actual cable use or traffic dependency
AR,coastal_mainland_or_mixed,catalog_default_alpha2_rule,all_publicly_visible,45,35,0,0,0,0,0.0,0.0,0.0,0.0,0.0,0.0,no_observed_inter_region_candidate_exposure,1,45,37,0.0,True,eligible,trace share with at least one feasible domestic or international inter-region submarine-corridor candidate; not actual cable use or traffic dependency
AR,coastal_mainland_or_mixed,catalog_default_alpha2_rule,resolved_entry_only,0,0,0,0,0,0,,,,,,,unknown_candidate_dependency_proxy,0,0,0,,False,"insufficient_minimum_mappable_traces,minimum_unique_probes,minimum_unique_probe_asns",trace share with at least one feasible domestic or international inter-region submarine-corridor candidate; not actual cable use or traffic dependency
AT,landlocked,catalog_landlocked_list,all_publicly_visible,165,162,0,0,0,3,0.0,0.0,0.0,0.0,0.01818181818181818,0.0,no_observed_inter_region_candidate_exposure,1,165,73,0.0,True,eligible,trace share with at least one feasible domestic or international inter-region submarine-corridor candidate; not actual cable use or traffic dependency
AT,landlocked,catalog_landlocked_list,resolved_entry_only,0,0,0,0,0,0,,,,,,,unknown_candidate_dependency_proxy,0,0,0,,False,"insufficient_minimum_mappable_traces,minimum_unique_probes,minimum_unique_probe_asns",trace share with at least one feasible domestic or international inter-region submarine-corridor candidate; not actual cable use or traffic dependency
AU,coastal_mainland_or_mixed,catalog_default_alpha2_rule,all_publicly_visible,223,181,105,98,13,147,0.47085201793721976,0.580110497237569,0.43946188340807174,0.05829596412556054,0.6591928251121076,0.47085201793721976,very_high_candidate_dependency_proxy,1,223,65,0.0,True,eligible,trace share with at least one feasible domestic or international inter-region submarine-corridor candidate; not actual cable use or traffic dependency
AU,coastal_mainland_or_mixed,catalog_default_alpha2_rule,resolved_entry_only,0,0,0,0,0,0,,,,,,,unknown_candidate_dependency_proxy,0,0,0,,False,"insufficient_minimum_mappable_traces,minimum_unique_probes,minimum_unique_probe_asns",trace share with at least one feasible domestic or international inter-region submarine-corridor candidate; not actual cable use or traffic dependency
AX,coastal_mainland_or_mixed,catalog_default_alpha2_rule,all_publicly_visible,2,2,2,0,2,1,1.0,1.0,0.0,1.0,0.5,1.0,very_high_candidate_dependency_proxy,1,2,2,0.0,False,"insufficient_minimum_mappable_traces,minimum_unique_probes,minimum_unique_probe_asns",trace share with at least one feasible domestic or international inter-region submarine-corridor candidate; not actual cable use or traffic dependency
AX,coastal_mainland_or_mixed,catalog_default_alpha2_rule,resolved_entry_only,0,0,0,0,0,0,,,,,,,unknown_candidate_dependency_proxy,0,0,0,,False,"insufficient_minimum_mappable_traces,minimum_unique_probes,minimum_unique_probe_asns",trace share with at least one feasible domestic or international inter-region submarine-corridor candidate; not actual cable use or traffic dependency
AZ,landlocked,catalog_landlocked_list,all_publicly_visible,8,4,0,0,0,0,0.0,0.0,0.0,0.0,0.0,0.0,no_observed_inter_region_candidate_exposure,1,8,7,0.0,False,"insufficient_minimum_mappable_traces,minimum_unique_probes",trace share with at least one feasible domestic or international inter-region submarine-corridor candidate; not actual cable use or traffic dependency
AZ,landlocked,catalog_landlocked_list,resolved_entry_only,0,0,0,0,0,0,,,,,,,unknown_candidate_dependency_proxy,0,0,0,,False,"insufficient_minimum_mappable_traces,minimum_unique_probes,minimum_unique_probe_asns",trace share with at least one feasible domestic or international inter-region submarine-corridor candidate; not actual cable use or traffic dependency
BA,coastal_mainland_or_mixed,catalog_default_alpha2_rule,all_publicly_visible,12,12,0,0,0,0,0.0,0.0,0.0,0.0,0.0,0.0,no_observed_inter_region_candidate_exposure,1,12,6,0.0,False,insufficient_minimum_mappable_traces,trace share with at least one feasible domestic or international inter-region submarine-corridor candidate; not actual cable use or traffic dependency
BA,coastal_mainland_or_mixed,catalog_default_alpha2_rule,resolved_entry_only,0,0,0,0,0,0,,,,,,,unknown_candidate_dependency_proxy,0,0,0,,False,"insufficient_minimum_mappable_traces,minimum_unique_probes,minimum_unique_probe_asns",trace share with at least one feasible domestic or international inter-region submarine-corridor candidate; not actual cable use or traffic dependency
BD,coastal_mainland_or_mixed,catalog_default_alpha2_rule,all_publicly_visible,10,9,7,7,0,7,0.7,0.7777777777777778,0.7,0.0,0.7,0.7,very_high_candidate_dependency_proxy,1,10,6,0.0,False,insufficient_minimum_mappable_traces,trace share with at least one feasible domestic or international inter-region submarine-corridor candidate; not actual cable use or traffic dependency
BD,coastal_mainland_or_mixed,catalog_default_alpha2_rule,resolved_entry_only,0,0,0,0,0,0,,,,,,,unknown_candidate_dependency_proxy,0,0,0,,False,"insufficient_minimum_mappable_traces,minimum_unique_probes,minimum_unique_probe_asns",trace share with at least one feasible domestic or international inter-region submarine-corridor candidate; not actual cable use or traffic dependency
BE,coastal_mainland_or_mixed,catalog_default_alpha2_rule,all_publicly_visible,127,121,0,0,0,0,0.0,0.0,0.0,0.0,0.0,0.0,no_observed_inter_region_candidate_exposure,1,126,26,0.0,True,eligible,trace share with at least one feasible domestic or international inter-region submarine-corridor candidate; not actual cable use or traffic dependency
BE,coastal_mainland_or_mixed,catalog_default_alpha2_rule,resolved_entry_only,0,0,0,0,0,0,,,,,,,unknown_candidate_dependency_proxy,0,0,0,,False,"insufficient_minimum_mappable_traces,minimum_unique_probes,minimum_unique_probe_asns",trace share with at least one feasible domestic or international inter-region submarine-corridor candidate; not actual cable use or traffic dependency
BF,landlocked,catalog_landlocked_list,all_publicly_visible,5,4,0,0,0,0,0.0,0.0,0.0,0.0,0.0,0.0,no_observed_inter_region_candidate_exposure,1,5,4,0.0,False,"insufficient_minimum_mappable_traces,minimum_unique_probes",trace share with at least one feasible domestic or international inter-region submarine-corridor candidate; not actual cable use or traffic dependency
BF,landlocked,catalog_landlocked_list,resolved_entry_only,0,0,0,0,0,0,,,,,,,unknown_candidate_dependency_proxy,0,0,0,,False,"insufficient_minimum_mappable_traces,minimum_unique_probes,minimum_unique_probe_asns",trace share with at least one feasible domestic or international inter-region submarine-corridor candidate; not actual cable use or traffic dependency
BG,coastal_mainland_or_mixed,catalog_default_alpha2_rule,all_publicly_visible,64,62,0,0,0,1,0.0,0.0,0.0,0.0,0.015625,0.0,no_observed_inter_region_candidate_exposure,1,64,41,0.0,True,eligible,trace share with at least one feasible domestic or international inter-region submarine-corridor candidate; not actual cable use or traffic dependency
BG,coastal_mainland_or_mixed,catalog_default_alpha2_rule,resolved_entry_only,0,0,0,0,0,0,,,,,,,unknown_candidate_dependency_proxy,0,0,0,,False,"insufficient_minimum_mappable_traces,minimum_unique_probes,minimum_unique_probe_asns",trace share with at least one feasible domestic or international inter-region submarine-corridor candidate; not actual cable use or traffic dependency
BH,island_or_archipelagic,catalog_island_or_archipelagic_list,all_publicly_visible,4,3,0,0,0,1,0.0,0.0,0.0,0.0,0.25,0.0,no_observed_inter_region_candidate_exposure,1,4,3,0.0,False,"insufficient_minimum_mappable_traces,minimum_unique_probes",trace share with at least one feasible domestic or international inter-region submarine-corridor candidate; not actual cable use or traffic dependency
BH,island_or_archipelagic,catalog_island_or_archipelagic_list,resolved_entry_only,0,0,0,0,0,0,,,,,,,unknown_candidate_dependency_proxy,0,0,0,,False,"insufficient_minimum_mappable_traces,minimum_unique_probes,minimum_unique_probe_asns",trace share with at least one feasible domestic or international inter-region submarine-corridor candidate; not actual cable use or traffic dependency
BI,landlocked,catalog_landlocked_list,all_publicly_visible,1,1,0,0,0,0,0.0,0.0,0.0,0.0,0.0,0.0,no_observed_inter_region_candidate_exposure,1,1,1,0.0,False,"insufficient_minimum_mappable_traces,minimum_unique_probes,minimum_unique_probe_asns",trace share with at least one feasible domestic or international inter-region submarine-corridor candidate; not actual cable use or traffic dependency
BI,landlocked,catalog_landlocked_list,resolved_entry_only,0,0,0,0,0,0,,,,,,,unknown_candidate_dependency_proxy,0,0,0,,False,"insufficient_minimum_mappable_traces,minimum_unique_probes,minimum_unique_probe_asns",trace share with at least one feasible domestic or international inter-region submarine-corridor candidate; not actual cable use or traffic dependency
BJ,coastal_mainland_or_mixed,catalog_default_alpha2_rule,all_publicly_visible,8,8,5,0,5,3,0.625,0.625,0.0,0.625,0.375,0.625,very_high_candidate_dependency_proxy,1,8,4,0.0,False,"insufficient_minimum_mappable_traces,minimum_unique_probes",trace share with at least one feasible domestic or international inter-region submarine-corridor candidate; not actual cable use or traffic dependency
BJ,coastal_mainland_or_mixed,catalog_default_alpha2_rule,resolved_entry_only,0,0,0,0,0,0,,,,,,,unknown_candidate_dependency_proxy,0,0,0,,False,"insufficient_minimum_mappable_traces,minimum_unique_probes,minimum_unique_probe_asns",trace share with at least one feasible domestic or international inter-region submarine-corridor candidate; not actual cable use or traffic dependency
BL,island_or_archipelagic,catalog_island_or_archipelagic_list,all_publicly_visible,1,1,0,0,0,0,0.0,0.0,0.0,0.0,0.0,0.0,no_observed_inter_region_candidate_exposure,1,1,1,0.0,False,"insufficient_minimum_mappable_traces,minimum_unique_probes,minimum_unique_probe_asns",trace share with at least one feasible domestic or international inter-region submarine-corridor candidate; not actual cable use or traffic dependency
BL,island_or_archipelagic,catalog_island_or_archipelagic_list,resolved_entry_only,0,0,0,0,0,0,,,,,,,unknown_candidate_dependency_proxy,0,0,0,,False,"insufficient_minimum_mappable_traces,minimum_unique_probes,minimum_unique_probe_asns",trace share with at least one feasible domestic or international inter-region submarine-corridor candidate; not actual cable use or traffic dependency
BO,landlocked,catalog_landlocked_list,all_publicly_visible,13,13,0,0,0,0,0.0,0.0,0.0,0.0,0.0,0.0,no_observed_inter_region_candidate_exposure,1,13,4,0.0,False,insufficient_minimum_mappable_traces,trace share with at least one feasible domestic or international inter-region submarine-corridor candidate; not actual cable use or traffic dependency
BO,landlocked,catalog_landlocked_list,resolved_entry_only,0,0,0,0,0,0,,,,,,,unknown_candidate_dependency_proxy,0,0,0,,False,"insufficient_minimum_mappable_traces,minimum_unique_probes,minimum_unique_probe_asns",trace share with at least one feasible domestic or international inter-region submarine-corridor candidate; not actual cable use or traffic dependency
BR,coastal_mainland_or_mixed,catalog_default_alpha2_rule,all_publicly_visible,75,58,2,1,2,0,0.02666666666666667,0.034482758620689655,0.013333333333333334,0.02666666666666667,0.0,0.02666666666666667,low_candidate_dependency_proxy,1,75,52,0.0,True,eligible,trace share with at least one feasible domestic or international inter-region submarine-corridor candidate; not actual cable use or traffic dependency
BR,coastal_mainland_or_mixed,catalog_default_alpha2_rule,resolved_entry_only,0,0,0,0,0,0,,,,,,,unknown_candidate_dependency_proxy,0,0,0,,False,"insufficient_minimum_mappable_traces,minimum_unique_probes,minimum_unique_probe_asns",trace share with at least one feasible domestic or international inter-region submarine-corridor candidate; not actual cable use or traffic dependency
BT,landlocked,catalog_landlocked_list,all_publicly_visible,2,1,0,0,0,0,0.0,0.0,0.0,0.0,0.0,0.0,no_observed_inter_region_candidate_exposure,1,2,2,0.0,False,"insufficient_minimum_mappable_traces,minimum_unique_probes,minimum_unique_probe_asns",trace share with at least one feasible domestic or international inter-region submarine-corridor candidate; not actual cable use or traffic dependency
BT,landlocked,catalog_landlocked_list,resolved_entry_only,0,0,0,0,0,0,,,,,,,unknown_candidate_dependency_proxy,0,0,0,,False,"insufficient_minimum_mappable_traces,minimum_unique_probes,minimum_unique_probe_asns",trace share with at least one feasible domestic or international inter-region submarine-corridor candidate; not actual cable use or traffic dependency
BY,landlocked,catalog_landlocked_list,all_publicly_visible,21,21,0,0,0,0,0.0,0.0,0.0,0.0,0.0,0.0,no_observed_inter_region_candidate_exposure,1,21,10,0.0,False,insufficient_minimum_mappable_traces,trace share with at least one feasible domestic or international inter-region submarine-corridor candidate; not actual cable use or traffic dependency
BY,landlocked,catalog_landlocked_list,resolved_entry_only,0,0,0,0,0,0,,,,,,,unknown_candidate_dependency_proxy,0,0,0,,False,"insufficient_minimum_mappable_traces,minimum_unique_probes,minimum_unique_probe_asns",trace share with at least one feasible domestic or international inter-region submarine-corridor candidate; not actual cable use or traffic dependency
CA,coastal_mainland_or_mixed,catalog_default_alpha2_rule,all_publicly_visible,224,207,44,31,39,48,0.19642857142857142,0.21256038647342995,0.13839285714285715,0.17410714285714285,0.21428571428571427,0.19642857142857142,high_candidate_dependency_proxy,1,224,80,0.0,True,eligible,trace share with at least one feasible domestic or international inter-region submarine-corridor candidate; not actual cable use or traffic dependency
CA,coastal_mainland_or_mixed,catalog_default_alpha2_rule,resolved_entry_only,0,0,0,0,0,0,,,,,,,unknown_candidate_dependency_proxy,0,0,0,,False,"insufficient_minimum_mappable_traces,minimum_unique_probes,minimum_unique_probe_asns",trace share with at least one feasible domestic or international inter-region submarine-corridor candidate; not actual cable use or traffic dependency
CD,coastal_mainland_or_mixed,catalog_default_alpha2_rule,all_publicly_visible,3,3,0,0,0,0,0.0,0.0,0.0,0.0,0.0,0.0,no_observed_inter_region_candidate_exposure,1,3,3,0.0,False,"insufficient_minimum_mappable_traces,minimum_unique_probes",trace share with at least one feasible domestic or international inter-region submarine-corridor candidate; not actual cable use or traffic dependency
CD,coastal_mainland_or_mixed,catalog_default_alpha2_rule,resolved_entry_only,0,0,0,0,0,0,,,,,,,unknown_candidate_dependency_proxy,0,0,0,,False,"insufficient_minimum_mappable_traces,minimum_unique_probes,minimum_unique_probe_asns",trace share with at least one feasible domestic or international inter-region submarine-corridor candidate; not actual cable use or traffic dependency
CG,coastal_mainland_or_mixed,catalog_default_alpha2_rule,all_publicly_visible,2,2,1,0,1,0,0.5,0.5,0.0,0.5,0.0,0.5,very_high_candidate_dependency_proxy,1,2,2,0.0,False,"insufficient_minimum_mappable_traces,minimum_unique_probes,minimum_unique_probe_asns",trace share with at least one feasible domestic or international inter-region submarine-corridor candidate; not actual cable use or traffic dependency
CG,coastal_mainland_or_mixed,catalog_default_alpha2_rule,resolved_entry_only,0,0,0,0,0,0,,,,,,,unknown_candidate_dependency_proxy,0,0,0,,False,"insufficient_minimum_mappable_traces,minimum_unique_probes,minimum_unique_probe_asns",trace share with at least one feasible domestic or international inter-region submarine-corridor candidate; not actual cable use or traffic dependency
CH,landlocked,catalog_landlocked_list,all_publicly_visible,243,229,0,0,0,27,0.0,0.0,0.0,0.0,0.1111111111111111,0.0,no_observed_inter_region_candidate_exposure,1,243,64,0.0,True,eligible,trace share with at least one feasible domestic or international inter-region submarine-corridor candidate; not actual cable use or traffic dependency
CH,landlocked,catalog_landlocked_list,resolved_entry_only,0,0,0,0,0,0,,,,,,,unknown_candidate_dependency_proxy,0,0,0,,False,"insufficient_minimum_mappable_traces,minimum_unique_probes,minimum_unique_probe_asns",trace share with at least one feasible domestic or international inter-region submarine-corridor candidate; not actual cable use or traffic dependency
CI,coastal_mainland_or_mixed,catalog_default_alpha2_rule,all_publicly_visible,1,1,0,0,0,1,0.0,0.0,0.0,0.0,1.0,0.0,no_observed_inter_region_candidate_exposure,1,1,1,0.0,False,"insufficient_minimum_mappable_traces,minimum_unique_probes,minimum_unique_probe_asns",trace share with at least one feasible domestic or international inter-region submarine-corridor candidate; not actual cable use or traffic dependency
CI,coastal_mainland_or_mixed,catalog_default_alpha2_rule,resolved_entry_only,0,0,0,0,0,0,,,,,,,unknown_candidate_dependency_proxy,0,0,0,,False,"insufficient_minimum_mappable_traces,minimum_unique_probes,minimum_unique_probe_asns",trace share with at least one feasible domestic or international inter-region submarine-corridor candidate; not actual cable use or traffic dependency
CK,island_or_archipelagic,catalog_island_or_archipelagic_list,all_publicly_visible,1,1,1,1,0,1,1.0,1.0,1.0,0.0,1.0,1.0,very_high_candidate_dependency_proxy,1,1,1,0.0,False,"insufficient_minimum_mappable_traces,minimum_unique_probes,minimum_unique_probe_asns",trace share with at least one feasible domestic or international inter-region submarine-corridor candidate; not actual cable use or traffic dependency
CK,island_or_archipelagic,catalog_island_or_archipelagic_list,resolved_entry_only,0,0,0,0,0,0,,,,,,,unknown_candidate_dependency_proxy,0,0,0,,False,"insufficient_minimum_mappable_traces,minimum_unique_probes,minimum_unique_probe_asns",trace share with at least one feasible domestic or international inter-region submarine-corridor candidate; not actual cable use or traffic dependency
CL,coastal_mainland_or_mixed,catalog_default_alpha2_rule,all_publicly_visible,62,57,0,0,0,0,0.0,0.0,0.0,0.0,0.0,0.0,no_observed_inter_region_candidate_exposure,1,61,27,0.0,True,eligible,trace share with at least one feasible domestic or international inter-region submarine-corridor candidate; not actual cable use or traffic dependency
CL,coastal_mainland_or_mixed,catalog_default_alpha2_rule,resolved_entry_only,0,0,0,0,0,0,,,,,,,unknown_candidate_dependency_proxy,0,0,0,,False,"insufficient_minimum_mappable_traces,minimum_unique_probes,minimum_unique_probe_asns",trace share with at least one feasible domestic or international inter-region submarine-corridor candidate; not actual cable use or traffic dependency
CM,coastal_mainland_or_mixed,catalog_default_alpha2_rule,all_publicly_visible,2,2,1,0,1,0,0.5,0.5,0.0,0.5,0.0,0.5,very_high_candidate_dependency_proxy,1,2,2,0.0,False,"insufficient_minimum_mappable_traces,minimum_unique_probes,minimum_unique_probe_asns",trace share with at least one feasible domestic or international inter-region submarine-corridor candidate; not actual cable use or traffic dependency
CM,coastal_mainland_or_mixed,catalog_default_alpha2_rule,resolved_entry_only,0,0,0,0,0,0,,,,,,,unknown_candidate_dependency_proxy,0,0,0,,False,"insufficient_minimum_mappable_traces,minimum_unique_probes,minimum_unique_probe_asns",trace share with at least one feasible domestic or international inter-region submarine-corridor candidate; not actual cable use or traffic dependency
CN,coastal_mainland_or_mixed,catalog_default_alpha2_rule,all_publicly_visible,64,59,1,1,0,21,0.015625,0.01694915254237288,0.015625,0.0,0.328125,0.015625,low_candidate_dependency_proxy,1,63,22,0.046875,True,eligible,trace share with at least one feasible domestic or international inter-region submarine-corridor candidate; not actual cable use or traffic dependency
CN,coastal_mainland_or_mixed,catalog_default_alpha2_rule,resolved_entry_only,3,3,0,0,0,0,0.0,0.0,0.0,0.0,0.0,0.0,no_observed_inter_region_candidate_exposure,1,3,1,1.0,False,"insufficient_minimum_mappable_traces,minimum_unique_probes,minimum_unique_probe_asns",trace share with at least one feasible domestic or international inter-region submarine-corridor candidate; not actual cable use or traffic dependency
CO,coastal_mainland_or_mixed,catalog_default_alpha2_rule,all_publicly_visible,31,26,3,0,3,0,0.0967741935483871,0.11538461538461539,0.0,0.0967741935483871,0.0,0.0967741935483871,moderate_candidate_dependency_proxy,1,31,22,0.0,False,insufficient_minimum_mappable_traces,trace share with at least one feasible domestic or international inter-region submarine-corridor candidate; not actual cable use or traffic dependency
CO,coastal_mainland_or_mixed,catalog_default_alpha2_rule,resolved_entry_only,0,0,0,0,0,0,,,,,,,unknown_candidate_dependency_proxy,0,0,0,,False,"insufficient_minimum_mappable_traces,minimum_unique_probes,minimum_unique_probe_asns",trace share with at least one feasible domestic or international inter-region submarine-corridor candidate; not actual cable use or traffic dependency
CR,coastal_mainland_or_mixed,catalog_default_alpha2_rule,all_publicly_visible,13,7,2,2,0,0,0.15384615384615385,0.2857142857142857,0.15384615384615385,0.0,0.0,0.15384615384615385,high_candidate_dependency_proxy,1,13,7,0.0,False,insufficient_minimum_mappable_traces,trace share with at least one feasible domestic or international inter-region submarine-corridor candidate; not actual cable use or traffic dependency
CR,coastal_mainland_or_mixed,catalog_default_alpha2_rule,resolved_entry_only,0,0,0,0,0,0,,,,,,,unknown_candidate_dependency_proxy,0,0,0,,False,"insufficient_minimum_mappable_traces,minimum_unique_probes,minimum_unique_probe_asns",trace share with at least one feasible domestic or international inter-region submarine-corridor candidate; not actual cable use or traffic dependency
CU,island_or_archipelagic,catalog_island_or_archipelagic_list,all_publicly_visible,1,1,0,0,0,0,0.0,0.0,0.0,0.0,0.0,0.0,no_observed_inter_region_candidate_exposure,1,1,1,0.0,False,"insufficient_minimum_mappable_traces,minimum_unique_probes,minimum_unique_probe_asns",trace share with at least one feasible domestic or international inter-region submarine-corridor candidate; not actual cable use or traffic dependency
CU,island_or_archipelagic,catalog_island_or_archipelagic_list,resolved_entry_only,0,0,0,0,0,0,,,,,,,unknown_candidate_dependency_proxy,0,0,0,,False,"insufficient_minimum_mappable_traces,minimum_unique_probes,minimum_unique_probe_asns",trace share with at least one feasible domestic or international inter-region submarine-corridor candidate; not actual cable use or traffic dependency
CV,island_or_archipelagic,catalog_island_or_archipelagic_list,all_publicly_visible,3,3,3,0,3,3,1.0,1.0,0.0,1.0,1.0,1.0,very_high_candidate_dependency_proxy,1,3,1,0.0,False,"insufficient_minimum_mappable_traces,minimum_unique_probes,minimum_unique_probe_asns",trace share with at least one feasible domestic or international inter-region submarine-corridor candidate; not actual cable use or traffic dependency
CV,island_or_archipelagic,catalog_island_or_archipelagic_list,resolved_entry_only,0,0,0,0,0,0,,,,,,,unknown_candidate_dependency_proxy,0,0,0,,False,"insufficient_minimum_mappable_traces,minimum_unique_probes,minimum_unique_probe_asns",trace share with at least one feasible domestic or international inter-region submarine-corridor candidate; not actual cable use or traffic dependency
CW,island_or_archipelagic,catalog_island_or_archipelagic_list,all_publicly_visible,2,2,0,0,0,0,0.0,0.0,0.0,0.0,0.0,0.0,no_observed_inter_region_candidate_exposure,1,2,2,0.0,False,"insufficient_minimum_mappable_traces,minimum_unique_probes,minimum_unique_probe_asns",trace share with at least one feasible domestic or international inter-region submarine-corridor candidate; not actual cable use or traffic dependency
CW,island_or_archipelagic,catalog_island_or_archipelagic_list,resolved_entry_only,0,0,0,0,0,0,,,,,,,unknown_candidate_dependency_proxy,0,0,0,,False,"insufficient_minimum_mappable_traces,minimum_unique_probes,minimum_unique_probe_asns",trace share with at least one feasible domestic or international inter-region submarine-corridor candidate; not actual cable use or traffic dependency
CY,island_or_archipelagic,catalog_island_or_archipelagic_list,all_publicly_visible,11,10,2,0,2,0,0.18181818181818182,0.2,0.0,0.18181818181818182,0.0,0.18181818181818182,high_candidate_dependency_proxy,1,11,6,0.0,False,insufficient_minimum_mappable_traces,trace share with at least one feasible domestic or international inter-region submarine-corridor candidate; not actual cable use or traffic dependency
CY,island_or_archipelagic,catalog_island_or_archipelagic_list,resolved_entry_only,0,0,0,0,0,0,,,,,,,unknown_candidate_dependency_proxy,0,0,0,,False,"insufficient_minimum_mappable_traces,minimum_unique_probes,minimum_unique_probe_asns",trace share with at least one feasible domestic or international inter-region submarine-corridor candidate; not actual cable use or traffic dependency
CZ,landlocked,catalog_landlocked_list,all_publicly_visible,220,217,0,0,0,0,0.0,0.0,0.0,0.0,0.0,0.0,no_observed_inter_region_candidate_exposure,1,219,84,0.0,True,eligible,trace share with at least one feasible domestic or international inter-region submarine-corridor candidate; not actual cable use or traffic dependency
CZ,landlocked,catalog_landlocked_list,resolved_entry_only,0,0,0,0,0,0,,,,,,,unknown_candidate_dependency_proxy,0,0,0,,False,"insufficient_minimum_mappable_traces,minimum_unique_probes,minimum_unique_probe_asns",trace share with at least one feasible domestic or international inter-region submarine-corridor candidate; not actual cable use or traffic dependency
DE,coastal_mainland_or_mixed,catalog_default_alpha2_rule,all_publicly_visible,1374,1333,0,0,0,6,0.0,0.0,0.0,0.0,0.004366812227074236,0.0,no_observed_inter_region_candidate_exposure,1,1373,342,0.0,True,eligible,trace share with at least one feasible domestic or international inter-region submarine-corridor candidate; not actual cable use or traffic dependency
DE,coastal_mainland_or_mixed,catalog_default_alpha2_rule,resolved_entry_only,0,0,0,0,0,0,,,,,,,unknown_candidate_dependency_proxy,0,0,0,,False,"insufficient_minimum_mappable_traces,minimum_unique_probes,minimum_unique_probe_asns",trace share with at least one feasible domestic or international inter-region submarine-corridor candidate; not actual cable use or traffic dependency
DJ,coastal_mainland_or_mixed,catalog_default_alpha2_rule,all_publicly_visible,3,3,2,0,2,0,0.6666666666666666,0.6666666666666666,0.0,0.6666666666666666,0.0,0.6666666666666666,very_high_candidate_dependency_proxy,1,3,2,0.0,False,"insufficient_minimum_mappable_traces,minimum_unique_probes,minimum_unique_probe_asns",trace share with at least one feasible domestic or international inter-region submarine-corridor candidate; not actual cable use or traffic dependency
DJ,coastal_mainland_or_mixed,catalog_default_alpha2_rule,resolved_entry_only,0,0,0,0,0,0,,,,,,,unknown_candidate_dependency_proxy,0,0,0,,False,"insufficient_minimum_mappable_traces,minimum_unique_probes,minimum_unique_probe_asns",trace share with at least one feasible domestic or international inter-region submarine-corridor candidate; not actual cable use or traffic dependency
DK,coastal_mainland_or_mixed,catalog_default_alpha2_rule,all_publicly_visible,75,71,13,13,1,55,0.17333333333333334,0.18309859154929578,0.17333333333333334,0.013333333333333334,0.7333333333333333,0.17333333333333334,high_candidate_dependency_proxy,1,75,31,0.0,True,eligible,trace share with at least one feasible domestic or international inter-region submarine-corridor candidate; not actual cable use or traffic dependency
DK,coastal_mainland_or_mixed,catalog_default_alpha2_rule,resolved_entry_only,0,0,0,0,0,0,,,,,,,unknown_candidate_dependency_proxy,0,0,0,,False,"insufficient_minimum_mappable_traces,minimum_unique_probes,minimum_unique_probe_asns",trace share with at least one feasible domestic or international inter-region submarine-corridor candidate; not actual cable use or traffic dependency
DO,island_or_archipelagic,catalog_island_or_archipelagic_list,all_publicly_visible,7,6,1,0,1,0,0.14285714285714285,0.16666666666666666,0.0,0.14285714285714285,0.0,0.14285714285714285,moderate_candidate_dependency_proxy,1,7,6,0.0,False,"insufficient_minimum_mappable_traces,minimum_unique_probes",trace share with at least one feasible domestic or international inter-region submarine-corridor candidate; not actual cable use or traffic dependency
DO,island_or_archipelagic,catalog_island_or_archipelagic_list,resolved_entry_only,0,0,0,0,0,0,,,,,,,unknown_candidate_dependency_proxy,0,0,0,,False,"insufficient_minimum_mappable_traces,minimum_unique_probes,minimum_unique_probe_asns",trace share with at least one feasible domestic or international inter-region submarine-corridor candidate; not actual cable use or traffic dependency
DZ,coastal_mainland_or_mixed,catalog_default_alpha2_rule,all_publicly_visible,1,0,0,0,0,0,0.0,,0.0,0.0,0.0,0.0,no_observed_inter_region_candidate_exposure,1,1,1,0.0,False,"insufficient_minimum_mappable_traces,minimum_unique_probes,minimum_unique_probe_asns",trace share with at least one feasible domestic or international inter-region submarine-corridor candidate; not actual cable use or traffic dependency
DZ,coastal_mainland_or_mixed,catalog_default_alpha2_rule,resolved_entry_only,0,0,0,0,0,0,,,,,,,unknown_candidate_dependency_proxy,0,0,0,,False,"insufficient_minimum_mappable_traces,minimum_unique_probes,minimum_unique_probe_asns",trace share with at least one feasible domestic or international inter-region submarine-corridor candidate; not actual cable use or traffic dependency
EC,coastal_mainland_or_mixed,catalog_default_alpha2_rule,all_publicly_visible,19,16,3,0,3,0,0.15789473684210525,0.1875,0.0,0.15789473684210525,0.0,0.15789473684210525,high_candidate_dependency_proxy,1,19,15,0.0,False,insufficient_minimum_mappable_traces,trace share with at least one feasible domestic or international inter-region submarine-corridor candidate; not actual cable use or traffic dependency
EC,coastal_mainland_or_mixed,catalog_default_alpha2_rule,resolved_entry_only,0,0,0,0,0,0,,,,,,,unknown_candidate_dependency_proxy,0,0,0,,False,"insufficient_minimum_mappable_traces,minimum_unique_probes,minimum_unique_probe_asns",trace share with at least one feasible domestic or international inter-region submarine-corridor candidate; not actual cable use or traffic dependency
EE,coastal_mainland_or_mixed,catalog_default_alpha2_rule,all_publicly_visible,35,29,16,0,16,0,0.45714285714285713,0.5517241379310345,0.0,0.45714285714285713,0.0,0.45714285714285713,very_high_candidate_dependency_proxy,1,35,19,0.0,False,insufficient_minimum_mappable_traces,trace share with at least one feasible domestic or international inter-region submarine-corridor candidate; not actual cable use or traffic dependency
EE,coastal_mainland_or_mixed,catalog_default_alpha2_rule,resolved_entry_only,0,0,0,0,0,0,,,,,,,unknown_candidate_dependency_proxy,0,0,0,,False,"insufficient_minimum_mappable_traces,minimum_unique_probes,minimum_unique_probe_asns",trace share with at least one feasible domestic or international inter-region submarine-corridor candidate; not actual cable use or traffic dependency
EG,coastal_mainland_or_mixed,catalog_default_alpha2_rule,all_publicly_visible,3,3,0,0,0,0,0.0,0.0,0.0,0.0,0.0,0.0,no_observed_inter_region_candidate_exposure,1,3,2,0.0,False,"insufficient_minimum_mappable_traces,minimum_unique_probes,minimum_unique_probe_asns",trace share with at least one feasible domestic or international inter-region submarine-corridor candidate; not actual cable use or traffic dependency
EG,coastal_mainland_or_mixed,catalog_default_alpha2_rule,resolved_entry_only,0,0,0,0,0,0,,,,,,,unknown_candidate_dependency_proxy,0,0,0,,False,"insufficient_minimum_mappable_traces,minimum_unique_probes,minimum_unique_probe_asns",trace share with at least one feasible domestic or international inter-region submarine-corridor candidate; not actual cable use or traffic dependency
ES,coastal_mainland_or_mixed,catalog_default_alpha2_rule,all_publicly_visible,194,142,39,2,37,4,0.20103092783505155,0.2746478873239437,0.010309278350515464,0.19072164948453607,0.020618556701030927,0.20103092783505155,high_candidate_dependency_proxy,1,194,64,0.0,True,eligible,trace share with at least one feasible domestic or international inter-region submarine-corridor candidate; not actual cable use or traffic dependency
ES,coastal_mainland_or_mixed,catalog_default_alpha2_rule,resolved_entry_only,0,0,0,0,0,0,,,,,,,unknown_candidate_dependency_proxy,0,0,0,,False,"insufficient_minimum_mappable_traces,minimum_unique_probes,minimum_unique_probe_asns",trace share with at least one feasible domestic or international inter-region submarine-corridor candidate; not actual cable use or traffic dependency
FI,coastal_mainland_or_mixed,catalog_default_alpha2_rule,all_publicly_visible,143,136,60,12,50,3,0.4195804195804196,0.4411764705882353,0.08391608391608392,0.34965034965034963,0.02097902097902098,0.4195804195804196,very_high_candidate_dependency_proxy,1,143,55,0.0,True,eligible,trace share with at least one feasible domestic or international inter-region submarine-corridor candidate; not actual cable use or traffic dependency
FI,coastal_mainland_or_mixed,catalog_default_alpha2_rule,resolved_entry_only,0,0,0,0,0,0,,,,,,,unknown_candidate_dependency_proxy,0,0,0,,False,"insufficient_minimum_mappable_traces,minimum_unique_probes,minimum_unique_probe_asns",trace share with at least one feasible domestic or international inter-region submarine-corridor candidate; not actual cable use or traffic dependency
FM,island_or_archipelagic,catalog_island_or_archipelagic_list,all_publicly_visible,2,1,0,0,0,1,0.0,0.0,0.0,0.0,0.5,0.0,no_observed_inter_region_candidate_exposure,1,2,1,0.0,False,"insufficient_minimum_mappable_traces,minimum_unique_probes,minimum_unique_probe_asns",trace share with at least one feasible domestic or international inter-region submarine-corridor candidate; not actual cable use or traffic dependency
FM,island_or_archipelagic,catalog_island_or_archipelagic_list,resolved_entry_only,0,0,0,0,0,0,,,,,,,unknown_candidate_dependency_proxy,0,0,0,,False,"insufficient_minimum_mappable_traces,minimum_unique_probes,minimum_unique_probe_asns",trace share with at least one feasible domestic or international inter-region submarine-corridor candidate; not actual cable use or traffic dependency
FR,coastal_mainland_or_mixed,catalog_default_alpha2_rule,all_publicly_visible,788,742,1,0,1,0,0.0012690355329949238,0.0013477088948787063,0.0,0.0012690355329949238,0.0,0.0012690355329949238,low_candidate_dependency_proxy,1,788,145,0.0,True,eligible,trace share with at least one feasible domestic or international inter-region submarine-corridor candidate; not actual cable use or traffic dependency
FR,coastal_mainland_or_mixed,catalog_default_alpha2_rule,resolved_entry_only,0,0,0,0,0,0,,,,,,,unknown_candidate_dependency_proxy,0,0,0,,False,"insufficient_minimum_mappable_traces,minimum_unique_probes,minimum_unique_probe_asns",trace share with at least one feasible domestic or international inter-region submarine-corridor candidate; not actual cable use or traffic dependency
GB,island_or_archipelagic,catalog_island_or_archipelagic_list,all_publicly_visible,455,394,0,0,0,2,0.0,0.0,0.0,0.0,0.004395604395604396,0.0,no_observed_inter_region_candidate_exposure,1,455,166,0.0,True,eligible,trace share with at least one feasible domestic or international inter-region submarine-corridor candidate; not actual cable use or traffic dependency
GB,island_or_archipelagic,catalog_island_or_archipelagic_list,resolved_entry_only,0,0,0,0,0,0,,,,,,,unknown_candidate_dependency_proxy,0,0,0,,False,"insufficient_minimum_mappable_traces,minimum_unique_probes,minimum_unique_probe_asns",trace share with at least one feasible domestic or international inter-region submarine-corridor candidate; not actual cable use or traffic dependency
GE,coastal_mainland_or_mixed,catalog_default_alpha2_rule,all_publicly_visible,12,12,0,0,0,0,0.0,0.0,0.0,0.0,0.0,0.0,no_observed_inter_region_candidate_exposure,1,12,8,0.0,False,insufficient_minimum_mappable_traces,trace share with at least one feasible domestic or international inter-region submarine-corridor candidate; not actual cable use or traffic dependency
GE,coastal_mainland_or_mixed,catalog_default_alpha2_rule,resolved_entry_only,0,0,0,0,0,0,,,,,,,unknown_candidate_dependency_proxy,0,0,0,,False,"insufficient_minimum_mappable_traces,minimum_unique_probes,minimum_unique_probe_asns",trace share with at least one feasible domestic or international inter-region submarine-corridor candidate; not actual cable use or traffic dependency
GF,coastal_mainland_or_mixed,catalog_default_alpha2_rule,all_publicly_visible,1,1,0,0,0,0,0.0,0.0,0.0,0.0,0.0,0.0,no_observed_inter_region_candidate_exposure,1,1,1,0.0,False,"insufficient_minimum_mappable_traces,minimum_unique_probes,minimum_unique_probe_asns",trace share with at least one feasible domestic or international inter-region submarine-corridor candidate; not actual cable use or traffic dependency
GF,coastal_mainland_or_mixed,catalog_default_alpha2_rule,resolved_entry_only,0,0,0,0,0,0,,,,,,,unknown_candidate_dependency_proxy,0,0,0,,False,"insufficient_minimum_mappable_traces,minimum_unique_probes,minimum_unique_probe_asns",trace share with at least one feasible domestic or international inter-region submarine-corridor candidate; not actual cable use or traffic dependency
GH,coastal_mainland_or_mixed,catalog_default_alpha2_rule,all_publicly_visible,3,3,1,0,1,0,0.3333333333333333,0.3333333333333333,0.0,0.3333333333333333,0.0,0.3333333333333333,very_high_candidate_dependency_proxy,1,3,3,0.0,False,"insufficient_minimum_mappable_traces,minimum_unique_probes",trace share with at least one feasible domestic or international inter-region submarine-corridor candidate; not actual cable use or traffic dependency
GH,coastal_mainland_or_mixed,catalog_default_alpha2_rule,resolved_entry_only,0,0,0,0,0,0,,,,,,,unknown_candidate_dependency_proxy,0,0,0,,False,"insufficient_minimum_mappable_traces,minimum_unique_probes,minimum_unique_probe_asns",trace share with at least one feasible domestic or international inter-region submarine-corridor candidate; not actual cable use or traffic dependency
GP,island_or_archipelagic,catalog_island_or_archipelagic_list,all_publicly_visible,1,1,0,0,0,0,0.0,0.0,0.0,0.0,0.0,0.0,no_observed_inter_region_candidate_exposure,1,1,1,0.0,False,"insufficient_minimum_mappable_traces,minimum_unique_probes,minimum_unique_probe_asns",trace share with at least one feasible domestic or international inter-region submarine-corridor candidate; not actual cable use or traffic dependency
GP,island_or_archipelagic,catalog_island_or_archipelagic_list,resolved_entry_only,0,0,0,0,0,0,,,,,,,unknown_candidate_dependency_proxy,0,0,0,,False,"insufficient_minimum_mappable_traces,minimum_unique_probes,minimum_unique_probe_asns",trace share with at least one feasible domestic or international inter-region submarine-corridor candidate; not actual cable use or traffic dependency
GR,coastal_mainland_or_mixed,catalog_default_alpha2_rule,all_publicly_visible,60,52,0,0,0,0,0.0,0.0,0.0,0.0,0.0,0.0,no_observed_inter_region_candidate_exposure,1,60,20,0.0,True,eligible,trace share with at least one feasible domestic or international inter-region submarine-corridor candidate; not actual cable use or traffic dependency
GR,coastal_mainland_or_mixed,catalog_default_alpha2_rule,resolved_entry_only,0,0,0,0,0,0,,,,,,,unknown_candidate_dependency_proxy,0,0,0,,False,"insufficient_minimum_mappable_traces,minimum_unique_probes,minimum_unique_probe_asns",trace share with at least one feasible domestic or international inter-region submarine-corridor candidate; not actual cable use or traffic dependency
GT,coastal_mainland_or_mixed,catalog_default_alpha2_rule,all_publicly_visible,2,0,0,0,0,0,0.0,,0.0,0.0,0.0,0.0,no_observed_inter_region_candidate_exposure,1,2,1,0.0,False,"insufficient_minimum_mappable_traces,minimum_unique_probes,minimum_unique_probe_asns",trace share with at least one feasible domestic or international inter-region submarine-corridor candidate; not actual cable use or traffic dependency
GT,coastal_mainland_or_mixed,catalog_default_alpha2_rule,resolved_entry_only,0,0,0,0,0,0,,,,,,,unknown_candidate_dependency_proxy,0,0,0,,False,"insufficient_minimum_mappable_traces,minimum_unique_probes,minimum_unique_probe_asns",trace share with at least one feasible domestic or international inter-region submarine-corridor candidate; not actual cable use or traffic dependency
GU,island_or_archipelagic,catalog_island_or_archipelagic_list,all_publicly_visible,7,7,5,5,3,6,0.7142857142857143,0.7142857142857143,0.7142857142857143,0.42857142857142855,0.8571428571428571,0.7142857142857143,very_high_candidate_dependency_proxy,1,7,5,0.0,False,"insufficient_minimum_mappable_traces,minimum_unique_probes",trace share with at least one feasible domestic or international inter-region submarine-corridor candidate; not actual cable use or traffic dependency
GU,island_or_archipelagic,catalog_island_or_archipelagic_list,resolved_entry_only,0,0,0,0,0,0,,,,,,,unknown_candidate_dependency_proxy,0,0,0,,False,"insufficient_minimum_mappable_traces,minimum_unique_probes,minimum_unique_probe_asns",trace share with at least one feasible domestic or international inter-region submarine-corridor candidate; not actual cable use or traffic dependency
HK,coastal_mainland_or_mixed,catalog_default_alpha2_rule,all_publicly_visible,53,52,32,32,18,46,0.6037735849056604,0.6153846153846154,0.6037735849056604,0.33962264150943394,0.8679245283018868,0.6037735849056604,very_high_candidate_dependency_proxy,1,53,34,0.0,True,eligible,trace share with at least one feasible domestic or international inter-region submarine-corridor candidate; not actual cable use or traffic dependency
HK,coastal_mainland_or_mixed,catalog_default_alpha2_rule,resolved_entry_only,0,0,0,0,0,0,,,,,,,unknown_candidate_dependency_proxy,0,0,0,,False,"insufficient_minimum_mappable_traces,minimum_unique_probes,minimum_unique_probe_asns",trace share with at least one feasible domestic or international inter-region submarine-corridor candidate; not actual cable use or traffic dependency
HN,coastal_mainland_or_mixed,catalog_default_alpha2_rule,all_publicly_visible,8,5,4,0,4,0,0.5,0.8,0.0,0.5,0.0,0.5,very_high_candidate_dependency_proxy,1,8,6,0.0,False,"insufficient_minimum_mappable_traces,minimum_unique_probes",trace share with at least one feasible domestic or international inter-region submarine-corridor candidate; not actual cable use or traffic dependency
HN,coastal_mainland_or_mixed,catalog_default_alpha2_rule,resolved_entry_only,0,0,0,0,0,0,,,,,,,unknown_candidate_dependency_proxy,0,0,0,,False,"insufficient_minimum_mappable_traces,minimum_unique_probes,minimum_unique_probe_asns",trace share with at least one feasible domestic or international inter-region submarine-corridor candidate; not actual cable use or traffic dependency
HR,coastal_mainland_or_mixed,catalog_default_alpha2_rule,all_publicly_visible,31,27,0,0,0,0,0.0,0.0,0.0,0.0,0.0,0.0,no_observed_inter_region_candidate_exposure,1,31,17,0.0,False,insufficient_minimum_mappable_traces,trace share with at least one feasible domestic or international inter-region submarine-corridor candidate; not actual cable use or traffic dependency
HR,coastal_mainland_or_mixed,catalog_default_alpha2_rule,resolved_entry_only,0,0,0,0,0,0,,,,,,,unknown_candidate_dependency_proxy,0,0,0,,False,"insufficient_minimum_mappable_traces,minimum_unique_probes,minimum_unique_probe_asns",trace share with at least one feasible domestic or international inter-region submarine-corridor candidate; not actual cable use or traffic dependency
HU,landlocked,catalog_landlocked_list,all_publicly_visible,39,35,0,0,0,0,0.0,0.0,0.0,0.0,0.0,0.0,no_observed_inter_region_candidate_exposure,1,39,16,0.0,True,eligible,trace share with at least one feasible domestic or international inter-region submarine-corridor candidate; not actual cable use or traffic dependency
HU,landlocked,catalog_landlocked_list,resolved_entry_only,0,0,0,0,0,0,,,,,,,unknown_candidate_dependency_proxy,0,0,0,,False,"insufficient_minimum_mappable_traces,minimum_unique_probes,minimum_unique_probe_asns",trace share with at least one feasible domestic or international inter-region submarine-corridor candidate; not actual cable use or traffic dependency
ID,island_or_archipelagic,catalog_island_or_archipelagic_list,all_publicly_visible,71,71,64,61,24,63,0.9014084507042254,0.9014084507042254,0.8591549295774648,0.3380281690140845,0.8873239436619719,0.9014084507042254,very_high_candidate_dependency_proxy,1,70,54,0.0,True,eligible,trace share with at least one feasible domestic or international inter-region submarine-corridor candidate; not actual cable use or traffic dependency
ID,island_or_archipelagic,catalog_island_or_archipelagic_list,resolved_entry_only,0,0,0,0,0,0,,,,,,,unknown_candidate_dependency_proxy,0,0,0,,False,"insufficient_minimum_mappable_traces,minimum_unique_probes,minimum_unique_probe_asns",trace share with at least one feasible domestic or international inter-region submarine-corridor candidate; not actual cable use or traffic dependency
IE,island_or_archipelagic,catalog_island_or_archipelagic_list,all_publicly_visible,79,67,0,0,0,0,0.0,0.0,0.0,0.0,0.0,0.0,no_observed_inter_region_candidate_exposure,1,79,23,0.0,True,eligible,trace share with at least one feasible domestic or international inter-region submarine-corridor candidate; not actual cable use or traffic dependency
IE,island_or_archipelagic,catalog_island_or_archipelagic_list,resolved_entry_only,0,0,0,0,0,0,,,,,,,unknown_candidate_dependency_proxy,0,0,0,,False,"insufficient_minimum_mappable_traces,minimum_unique_probes,minimum_unique_probe_asns",trace share with at least one feasible domestic or international inter-region submarine-corridor candidate; not actual cable use or traffic dependency
IL,coastal_mainland_or_mixed,catalog_default_alpha2_rule,all_publicly_visible,20,19,11,9,4,9,0.55,0.5789473684210527,0.45,0.2,0.45,0.55,very_high_candidate_dependency_proxy,1,20,10,0.0,False,insufficient_minimum_mappable_traces,trace share with at least one feasible domestic or international inter-region submarine-corridor candidate; not actual cable use or traffic dependency
IL,coastal_mainland_or_mixed,catalog_default_alpha2_rule,resolved_entry_only,0,0,0,0,0,0,,,,,,,unknown_candidate_dependency_proxy,0,0,0,,False,"insufficient_minimum_mappable_traces,minimum_unique_probes,minimum_unique_probe_asns",trace share with at least one feasible domestic or international inter-region submarine-corridor candidate; not actual cable use or traffic dependency
IM,island_or_archipelagic,catalog_island_or_archipelagic_list,all_publicly_visible,3,2,0,0,0,2,0.0,0.0,0.0,0.0,0.6666666666666666,0.0,no_observed_inter_region_candidate_exposure,1,3,3,0.0,False,"insufficient_minimum_mappable_traces,minimum_unique_probes",trace share with at least one feasible domestic or international inter-region submarine-corridor candidate; not actual cable use or traffic dependency
IM,island_or_archipelagic,catalog_island_or_archipelagic_list,resolved_entry_only,0,0,0,0,0,0,,,,,,,unknown_candidate_dependency_proxy,0,0,0,,False,"insufficient_minimum_mappable_traces,minimum_unique_probes,minimum_unique_probe_asns",trace share with at least one feasible domestic or international inter-region submarine-corridor candidate; not actual cable use or traffic dependency
IN,coastal_mainland_or_mixed,catalog_default_alpha2_rule,all_publicly_visible,115,98,55,48,32,46,0.4782608695652174,0.5612244897959183,0.41739130434782606,0.2782608695652174,0.4,0.4782608695652174,very_high_candidate_dependency_proxy,1,114,52,0.0,True,eligible,trace share with at least one feasible domestic or international inter-region submarine-corridor candidate; not actual cable use or traffic dependency
IN,coastal_mainland_or_mixed,catalog_default_alpha2_rule,resolved_entry_only,0,0,0,0,0,0,,,,,,,unknown_candidate_dependency_proxy,0,0,0,,False,"insufficient_minimum_mappable_traces,minimum_unique_probes,minimum_unique_probe_asns",trace share with at least one feasible domestic or international inter-region submarine-corridor candidate; not actual cable use or traffic dependency
IQ,coastal_mainland_or_mixed,catalog_default_alpha2_rule,all_publicly_visible,8,8,0,0,0,0,0.0,0.0,0.0,0.0,0.0,0.0,no_observed_inter_region_candidate_exposure,1,8,6,0.0,False,"insufficient_minimum_mappable_traces,minimum_unique_probes",trace share with at least one feasible domestic or international inter-region submarine-corridor candidate; not actual cable use or traffic dependency
IQ,coastal_mainland_or_mixed,catalog_default_alpha2_rule,resolved_entry_only,0,0,0,0,0,0,,,,,,,unknown_candidate_dependency_proxy,0,0,0,,False,"insufficient_minimum_mappable_traces,minimum_unique_probes,minimum_unique_probe_asns",trace share with at least one feasible domestic or international inter-region submarine-corridor candidate; not actual cable use or traffic dependency
IR,coastal_mainland_or_mixed,catalog_default_alpha2_rule,all_publicly_visible,40,19,0,0,0,0,0.0,0.0,0.0,0.0,0.0,0.0,no_observed_inter_region_candidate_exposure,1,40,22,0.0,False,insufficient_minimum_mappable_traces,trace share with at least one feasible domestic or international inter-region submarine-corridor candidate; not actual cable use or traffic dependency
IR,coastal_mainland_or_mixed,catalog_default_alpha2_rule,resolved_entry_only,0,0,0,0,0,0,,,,,,,unknown_candidate_dependency_proxy,0,0,0,,False,"insufficient_minimum_mappable_traces,minimum_unique_probes,minimum_unique_probe_asns",trace share with at least one feasible domestic or international inter-region submarine-corridor candidate; not actual cable use or traffic dependency
IS,island_or_archipelagic,catalog_island_or_archipelagic_list,all_publicly_visible,9,9,0,0,0,0,0.0,0.0,0.0,0.0,0.0,0.0,no_observed_inter_region_candidate_exposure,1,9,8,0.0,False,"insufficient_minimum_mappable_traces,minimum_unique_probes",trace share with at least one feasible domestic or international inter-region submarine-corridor candidate; not actual cable use or traffic dependency
IS,island_or_archipelagic,catalog_island_or_archipelagic_list,resolved_entry_only,0,0,0,0,0,0,,,,,,,unknown_candidate_dependency_proxy,0,0,0,,False,"insufficient_minimum_mappable_traces,minimum_unique_probes,minimum_unique_probe_asns",trace share with at least one feasible domestic or international inter-region submarine-corridor candidate; not actual cable use or traffic dependency
IT,coastal_mainland_or_mixed,catalog_default_alpha2_rule,all_publicly_visible,261,244,1,1,0,0,0.0038314176245210726,0.004098360655737705,0.0038314176245210726,0.0,0.0,0.0038314176245210726,low_candidate_dependency_proxy,1,261,99,0.0,True,eligible,trace share with at least one feasible domestic or international inter-region submarine-corridor candidate; not actual cable use or traffic dependency
IT,coastal_mainland_or_mixed,catalog_default_alpha2_rule,resolved_entry_only,0,0,0,0,0,0,,,,,,,unknown_candidate_dependency_proxy,0,0,0,,False,"insufficient_minimum_mappable_traces,minimum_unique_probes,minimum_unique_probe_asns",trace share with at least one feasible domestic or international inter-region submarine-corridor candidate; not actual cable use or traffic dependency
JM,island_or_archipelagic,catalog_island_or_archipelagic_list,all_publicly_visible,4,3,0,0,0,3,0.0,0.0,0.0,0.0,0.75,0.0,no_observed_inter_region_candidate_exposure,1,4,3,0.0,False,"insufficient_minimum_mappable_traces,minimum_unique_probes",trace share with at least one feasible domestic or international inter-region submarine-corridor candidate; not actual cable use or traffic dependency
JM,island_or_archipelagic,catalog_island_or_archipelagic_list,resolved_entry_only,0,0,0,0,0,0,,,,,,,unknown_candidate_dependency_proxy,0,0,0,,False,"insufficient_minimum_mappable_traces,minimum_unique_probes,minimum_unique_probe_asns",trace share with at least one feasible domestic or international inter-region submarine-corridor candidate; not actual cable use or traffic dependency
JO,coastal_mainland_or_mixed,catalog_default_alpha2_rule,all_publicly_visible,3,2,0,0,0,0,0.0,0.0,0.0,0.0,0.0,0.0,no_observed_inter_region_candidate_exposure,1,3,3,0.0,False,"insufficient_minimum_mappable_traces,minimum_unique_probes",trace share with at least one feasible domestic or international inter-region submarine-corridor candidate; not actual cable use or traffic dependency
JO,coastal_mainland_or_mixed,catalog_default_alpha2_rule,resolved_entry_only,0,0,0,0,0,0,,,,,,,unknown_candidate_dependency_proxy,0,0,0,,False,"insufficient_minimum_mappable_traces,minimum_unique_probes,minimum_unique_probe_asns",trace share with at least one feasible domestic or international inter-region submarine-corridor candidate; not actual cable use or traffic dependency
JP,island_or_archipelagic,catalog_island_or_archipelagic_list,all_publicly_visible,225,210,3,3,1,7,0.013333333333333334,0.014285714285714285,0.013333333333333334,0.0044444444444444444,0.03111111111111111,0.013333333333333334,low_candidate_dependency_proxy,1,224,98,0.0,True,eligible,trace share with at least one feasible domestic or international inter-region submarine-corridor candidate; not actual cable use or traffic dependency
JP,island_or_archipelagic,catalog_island_or_archipelagic_list,resolved_entry_only,0,0,0,0,0,0,,,,,,,unknown_candidate_dependency_proxy,0,0,0,,False,"insufficient_minimum_mappable_traces,minimum_unique_probes,minimum_unique_probe_asns",trace share with at least one feasible domestic or international inter-region submarine-corridor candidate; not actual cable use or traffic dependency
KE,coastal_mainland_or_mixed,catalog_default_alpha2_rule,all_publicly_visible,14,13,0,0,0,7,0.0,0.0,0.0,0.0,0.5,0.0,no_observed_inter_region_candidate_exposure,1,14,11,0.0,False,insufficient_minimum_mappable_traces,trace share with at least one feasible domestic or international inter-region submarine-corridor candidate; not actual cable use or traffic dependency
KE,coastal_mainland_or_mixed,catalog_default_alpha2_rule,resolved_entry_only,0,0,0,0,0,0,,,,,,,unknown_candidate_dependency_proxy,0,0,0,,False,"insufficient_minimum_mappable_traces,minimum_unique_probes,minimum_unique_probe_asns",trace share with at least one feasible domestic or international inter-region submarine-corridor candidate; not actual cable use or traffic dependency
KG,landlocked,catalog_landlocked_list,all_publicly_visible,19,16,0,0,0,0,0.0,0.0,0.0,0.0,0.0,0.0,no_observed_inter_region_candidate_exposure,1,19,12,0.0,False,insufficient_minimum_mappable_traces,trace share with at least one feasible domestic or international inter-region submarine-corridor candidate; not actual cable use or traffic dependency
KG,landlocked,catalog_landlocked_list,resolved_entry_only,0,0,0,0,0,0,,,,,,,unknown_candidate_dependency_proxy,0,0,0,,False,"insufficient_minimum_mappable_traces,minimum_unique_probes,minimum_unique_probe_asns",trace share with at least one feasible domestic or international inter-region submarine-corridor candidate; not actual cable use or traffic dependency
KH,coastal_mainland_or_mixed,catalog_default_alpha2_rule,all_publicly_visible,6,5,4,4,0,4,0.6666666666666666,0.8,0.6666666666666666,0.0,0.6666666666666666,0.6666666666666666,very_high_candidate_dependency_proxy,1,6,6,0.0,False,"insufficient_minimum_mappable_traces,minimum_unique_probes",trace share with at least one feasible domestic or international inter-region submarine-corridor candidate; not actual cable use or traffic dependency
KH,coastal_mainland_or_mixed,catalog_default_alpha2_rule,resolved_entry_only,0,0,0,0,0,0,,,,,,,unknown_candidate_dependency_proxy,0,0,0,,False,"insufficient_minimum_mappable_traces,minimum_unique_probes,minimum_unique_probe_asns",trace share with at least one feasible domestic or international inter-region submarine-corridor candidate; not actual cable use or traffic dependency
KI,island_or_archipelagic,catalog_island_or_archipelagic_list,all_publicly_visible,1,1,0,0,0,1,0.0,0.0,0.0,0.0,1.0,0.0,no_observed_inter_region_candidate_exposure,1,1,1,0.0,False,"insufficient_minimum_mappable_traces,minimum_unique_probes,minimum_unique_probe_asns",trace share with at least one feasible domestic or international inter-region submarine-corridor candidate; not actual cable use or traffic dependency
KI,island_or_archipelagic,catalog_island_or_archipelagic_list,resolved_entry_only,0,0,0,0,0,0,,,,,,,unknown_candidate_dependency_proxy,0,0,0,,False,"insufficient_minimum_mappable_traces,minimum_unique_probes,minimum_unique_probe_asns",trace share with at least one feasible domestic or international inter-region submarine-corridor candidate; not actual cable use or traffic dependency
KN,island_or_archipelagic,catalog_island_or_archipelagic_list,all_publicly_visible,1,1,0,0,0,1,0.0,0.0,0.0,0.0,1.0,0.0,no_observed_inter_region_candidate_exposure,1,1,1,0.0,False,"insufficient_minimum_mappable_traces,minimum_unique_probes,minimum_unique_probe_asns",trace share with at least one feasible domestic or international inter-region submarine-corridor candidate; not actual cable use or traffic dependency
KN,island_or_archipelagic,catalog_island_or_archipelagic_list,resolved_entry_only,0,0,0,0,0,0,,,,,,,unknown_candidate_dependency_proxy,0,0,0,,False,"insufficient_minimum_mappable_traces,minimum_unique_probes,minimum_unique_probe_asns",trace share with at least one feasible domestic or international inter-region submarine-corridor candidate; not actual cable use or traffic dependency
KR,coastal_mainland_or_mixed,catalog_default_alpha2_rule,all_publicly_visible,29,25,2,0,2,1,0.06896551724137931,0.08,0.0,0.06896551724137931,0.034482758620689655,0.06896551724137931,moderate_candidate_dependency_proxy,1,29,11,0.0,False,insufficient_minimum_mappable_traces,trace share with at least one feasible domestic or international inter-region submarine-corridor candidate; not actual cable use or traffic dependency
KR,coastal_mainland_or_mixed,catalog_default_alpha2_rule,resolved_entry_only,0,0,0,0,0,0,,,,,,,unknown_candidate_dependency_proxy,0,0,0,,False,"insufficient_minimum_mappable_traces,minimum_unique_probes,minimum_unique_probe_asns",trace share with at least one feasible domestic or international inter-region submarine-corridor candidate; not actual cable use or traffic dependency
KW,coastal_mainland_or_mixed,catalog_default_alpha2_rule,all_publicly_visible,2,1,0,0,0,0,0.0,0.0,0.0,0.0,0.0,0.0,no_observed_inter_region_candidate_exposure,1,2,2,0.0,False,"insufficient_minimum_mappable_traces,minimum_unique_probes,minimum_unique_probe_asns",trace share with at least one feasible domestic or international inter-region submarine-corridor candidate; not actual cable use or traffic dependency
KW,coastal_mainland_or_mixed,catalog_default_alpha2_rule,resolved_entry_only,0,0,0,0,0,0,,,,,,,unknown_candidate_dependency_proxy,0,0,0,,False,"insufficient_minimum_mappable_traces,minimum_unique_probes,minimum_unique_probe_asns",trace share with at least one feasible domestic or international inter-region submarine-corridor candidate; not actual cable use or traffic dependency
KZ,landlocked,catalog_landlocked_list,all_publicly_visible,53,53,0,0,0,0,0.0,0.0,0.0,0.0,0.0,0.0,no_observed_inter_region_candidate_exposure,1,53,20,0.0,True,eligible,trace share with at least one feasible domestic or international inter-region submarine-corridor candidate; not actual cable use or traffic dependency
KZ,landlocked,catalog_landlocked_list,resolved_entry_only,0,0,0,0,0,0,,,,,,,unknown_candidate_dependency_proxy,0,0,0,,False,"insufficient_minimum_mappable_traces,minimum_unique_probes,minimum_unique_probe_asns",trace share with at least one feasible domestic or international inter-region submarine-corridor candidate; not actual cable use or traffic dependency
LA,landlocked,catalog_landlocked_list,all_publicly_visible,3,3,1,1,0,1,0.3333333333333333,0.3333333333333333,0.3333333333333333,0.0,0.3333333333333333,0.3333333333333333,very_high_candidate_dependency_proxy,1,3,1,0.0,False,"insufficient_minimum_mappable_traces,minimum_unique_probes,minimum_unique_probe_asns",trace share with at least one feasible domestic or international inter-region submarine-corridor candidate; not actual cable use or traffic dependency
LA,landlocked,catalog_landlocked_list,resolved_entry_only,0,0,0,0,0,0,,,,,,,unknown_candidate_dependency_proxy,0,0,0,,False,"insufficient_minimum_mappable_traces,minimum_unique_probes,minimum_unique_probe_asns",trace share with at least one feasible domestic or international inter-region submarine-corridor candidate; not actual cable use or traffic dependency
LB,coastal_mainland_or_mixed,catalog_default_alpha2_rule,all_publicly_visible,3,2,0,0,0,1,0.0,0.0,0.0,0.0,0.3333333333333333,0.0,no_observed_inter_region_candidate_exposure,1,3,3,0.0,False,"insufficient_minimum_mappable_traces,minimum_unique_probes",trace share with at least one feasible domestic or international inter-region submarine-corridor candidate; not actual cable use or traffic dependency
LB,coastal_mainland_or_mixed,catalog_default_alpha2_rule,resolved_entry_only,0,0,0,0,0,0,,,,,,,unknown_candidate_dependency_proxy,0,0,0,,False,"insufficient_minimum_mappable_traces,minimum_unique_probes,minimum_unique_probe_asns",trace share with at least one feasible domestic or international inter-region submarine-corridor candidate; not actual cable use or traffic dependency
LC,island_or_archipelagic,catalog_island_or_archipelagic_list,all_publicly_visible,2,2,2,0,2,0,1.0,1.0,0.0,1.0,0.0,1.0,very_high_candidate_dependency_proxy,1,2,1,0.0,False,"insufficient_minimum_mappable_traces,minimum_unique_probes,minimum_unique_probe_asns",trace share with at least one feasible domestic or international inter-region submarine-corridor candidate; not actual cable use or traffic dependency
LC,island_or_archipelagic,catalog_island_or_archipelagic_list,resolved_entry_only,0,0,0,0,0,0,,,,,,,unknown_candidate_dependency_proxy,0,0,0,,False,"insufficient_minimum_mappable_traces,minimum_unique_probes,minimum_unique_probe_asns",trace share with at least one feasible domestic or international inter-region submarine-corridor candidate; not actual cable use or traffic dependency
LI,landlocked,catalog_landlocked_list,all_publicly_visible,1,1,0,0,0,0,0.0,0.0,0.0,0.0,0.0,0.0,no_observed_inter_region_candidate_exposure,1,1,1,0.0,False,"insufficient_minimum_mappable_traces,minimum_unique_probes,minimum_unique_probe_asns",trace share with at least one feasible domestic or international inter-region submarine-corridor candidate; not actual cable use or traffic dependency
LI,landlocked,catalog_landlocked_list,resolved_entry_only,0,0,0,0,0,0,,,,,,,unknown_candidate_dependency_proxy,0,0,0,,False,"insufficient_minimum_mappable_traces,minimum_unique_probes,minimum_unique_probe_asns",trace share with at least one feasible domestic or international inter-region submarine-corridor candidate; not actual cable use or traffic dependency
LK,island_or_archipelagic,catalog_island_or_archipelagic_list,all_publicly_visible,10,9,8,7,8,3,0.8,0.8888888888888888,0.7,0.8,0.3,0.8,very_high_candidate_dependency_proxy,1,10,5,0.0,False,insufficient_minimum_mappable_traces,trace share with at least one feasible domestic or international inter-region submarine-corridor candidate; not actual cable use or traffic dependency
LK,island_or_archipelagic,catalog_island_or_archipelagic_list,resolved_entry_only,0,0,0,0,0,0,,,,,,,unknown_candidate_dependency_proxy,0,0,0,,False,"insufficient_minimum_mappable_traces,minimum_unique_probes,minimum_unique_probe_asns",trace share with at least one feasible domestic or international inter-region submarine-corridor candidate; not actual cable use or traffic dependency
LS,landlocked,catalog_landlocked_list,all_publicly_visible,1,1,0,0,0,0,0.0,0.0,0.0,0.0,0.0,0.0,no_observed_inter_region_candidate_exposure,1,1,1,0.0,False,"insufficient_minimum_mappable_traces,minimum_unique_probes,minimum_unique_probe_asns",trace share with at least one feasible domestic or international inter-region submarine-corridor candidate; not actual cable use or traffic dependency
LS,landlocked,catalog_landlocked_list,resolved_entry_only,0,0,0,0,0,0,,,,,,,unknown_candidate_dependency_proxy,0,0,0,,False,"insufficient_minimum_mappable_traces,minimum_unique_probes,minimum_unique_probe_asns",trace share with at least one feasible domestic or international inter-region submarine-corridor candidate; not actual cable use or traffic dependency
LT,coastal_mainland_or_mixed,catalog_default_alpha2_rule,all_publicly_visible,27,25,0,0,0,0,0.0,0.0,0.0,0.0,0.0,0.0,no_observed_inter_region_candidate_exposure,1,27,19,0.0,False,insufficient_minimum_mappable_traces,trace share with at least one feasible domestic or international inter-region submarine-corridor candidate; not actual cable use or traffic dependency
LT,coastal_mainland_or_mixed,catalog_default_alpha2_rule,resolved_entry_only,0,0,0,0,0,0,,,,,,,unknown_candidate_dependency_proxy,0,0,0,,False,"insufficient_minimum_mappable_traces,minimum_unique_probes,minimum_unique_probe_asns",trace share with at least one feasible domestic or international inter-region submarine-corridor candidate; not actual cable use or traffic dependency
LU,landlocked,catalog_landlocked_list,all_publicly_visible,41,37,0,0,0,0,0.0,0.0,0.0,0.0,0.0,0.0,no_observed_inter_region_candidate_exposure,1,41,18,0.0,True,eligible,trace share with at least one feasible domestic or international inter-region submarine-corridor candidate; not actual cable use or traffic dependency
LU,landlocked,catalog_landlocked_list,resolved_entry_only,0,0,0,0,0,0,,,,,,,unknown_candidate_dependency_proxy,0,0,0,,False,"insufficient_minimum_mappable_traces,minimum_unique_probes,minimum_unique_probe_asns",trace share with at least one feasible domestic or international inter-region submarine-corridor candidate; not actual cable use or traffic dependency
LV,coastal_mainland_or_mixed,catalog_default_alpha2_rule,all_publicly_visible,24,23,0,0,0,0,0.0,0.0,0.0,0.0,0.0,0.0,no_observed_inter_region_candidate_exposure,1,24,18,0.0,False,insufficient_minimum_mappable_traces,trace share with at least one feasible domestic or international inter-region submarine-corridor candidate; not actual cable use or traffic dependency
LV,coastal_mainland_or_mixed,catalog_default_alpha2_rule,resolved_entry_only,0,0,0,0,0,0,,,,,,,unknown_candidate_dependency_proxy,0,0,0,,False,"insufficient_minimum_mappable_traces,minimum_unique_probes,minimum_unique_probe_asns",trace share with at least one feasible domestic or international inter-region submarine-corridor candidate; not actual cable use or traffic dependency
MA,coastal_mainland_or_mixed,catalog_default_alpha2_rule,all_publicly_visible,1,1,0,0,0,0,0.0,0.0,0.0,0.0,0.0,0.0,no_observed_inter_region_candidate_exposure,1,1,1,0.0,False,"insufficient_minimum_mappable_traces,minimum_unique_probes,minimum_unique_probe_asns",trace share with at least one feasible domestic or international inter-region submarine-corridor candidate; not actual cable use or traffic dependency
MA,coastal_mainland_or_mixed,catalog_default_alpha2_rule,resolved_entry_only,0,0,0,0,0,0,,,,,,,unknown_candidate_dependency_proxy,0,0,0,,False,"insufficient_minimum_mappable_traces,minimum_unique_probes,minimum_unique_probe_asns",trace share with at least one feasible domestic or international inter-region submarine-corridor candidate; not actual cable use or traffic dependency
MD,landlocked,catalog_landlocked_list,all_publicly_visible,17,17,0,0,0,0,0.0,0.0,0.0,0.0,0.0,0.0,no_observed_inter_region_candidate_exposure,1,17,9,0.0,False,insufficient_minimum_mappable_traces,trace share with at least one feasible domestic or international inter-region submarine-corridor candidate; not actual cable use or traffic dependency
MD,landlocked,catalog_landlocked_list,resolved_entry_only,0,0,0,0,0,0,,,,,,,unknown_candidate_dependency_proxy,0,0,0,,False,"insufficient_minimum_mappable_traces,minimum_unique_probes,minimum_unique_probe_asns",trace share with at least one feasible domestic or international inter-region submarine-corridor candidate; not actual cable use or traffic dependency
ME,coastal_mainland_or_mixed,catalog_default_alpha2_rule,all_publicly_visible,6,6,0,0,0,0,0.0,0.0,0.0,0.0,0.0,0.0,no_observed_inter_region_candidate_exposure,1,6,5,0.0,False,"insufficient_minimum_mappable_traces,minimum_unique_probes",trace share with at least one feasible domestic or international inter-region submarine-corridor candidate; not actual cable use or traffic dependency
ME,coastal_mainland_or_mixed,catalog_default_alpha2_rule,resolved_entry_only,0,0,0,0,0,0,,,,,,,unknown_candidate_dependency_proxy,0,0,0,,False,"insufficient_minimum_mappable_traces,minimum_unique_probes,minimum_unique_probe_asns",trace share with at least one feasible domestic or international inter-region submarine-corridor candidate; not actual cable use or traffic dependency
MG,island_or_archipelagic,catalog_island_or_archipelagic_list,all_publicly_visible,2,2,0,0,0,0,0.0,0.0,0.0,0.0,0.0,0.0,no_observed_inter_region_candidate_exposure,1,2,1,0.0,False,"insufficient_minimum_mappable_traces,minimum_unique_probes,minimum_unique_probe_asns",trace share with at least one feasible domestic or international inter-region submarine-corridor candidate; not actual cable use or traffic dependency
MG,island_or_archipelagic,catalog_island_or_archipelagic_list,resolved_entry_only,0,0,0,0,0,0,,,,,,,unknown_candidate_dependency_proxy,0,0,0,,False,"insufficient_minimum_mappable_traces,minimum_unique_probes,minimum_unique_probe_asns",trace share with at least one feasible domestic or international inter-region submarine-corridor candidate; not actual cable use or traffic dependency
MH,island_or_archipelagic,catalog_island_or_archipelagic_list,all_publicly_visible,1,1,0,0,0,0,0.0,0.0,0.0,0.0,0.0,0.0,no_observed_inter_region_candidate_exposure,1,1,1,0.0,False,"insufficient_minimum_mappable_traces,minimum_unique_probes,minimum_unique_probe_asns",trace share with at least one feasible domestic or international inter-region submarine-corridor candidate; not actual cable use or traffic dependency
MH,island_or_archipelagic,catalog_island_or_archipelagic_list,resolved_entry_only,0,0,0,0,0,0,,,,,,,unknown_candidate_dependency_proxy,0,0,0,,False,"insufficient_minimum_mappable_traces,minimum_unique_probes,minimum_unique_probe_asns",trace share with at least one feasible domestic or international inter-region submarine-corridor candidate; not actual cable use or traffic dependency
MK,landlocked,catalog_landlocked_list,all_publicly_visible,8,7,0,0,0,0,0.0,0.0,0.0,0.0,0.0,0.0,no_observed_inter_region_candidate_exposure,1,8,6,0.0,False,"insufficient_minimum_mappable_traces,minimum_unique_probes",trace share with at least one feasible domestic or international inter-region submarine-corridor candidate; not actual cable use or traffic dependency
MK,landlocked,catalog_landlocked_list,resolved_entry_only,0,0,0,0,0,0,,,,,,,unknown_candidate_dependency_proxy,0,0,0,,False,"insufficient_minimum_mappable_traces,minimum_unique_probes,minimum_unique_probe_asns",trace share with at least one feasible domestic or international inter-region submarine-corridor candidate; not actual cable use or traffic dependency
ML,landlocked,catalog_landlocked_list,all_publicly_visible,1,1,0,0,0,1,0.0,0.0,0.0,0.0,1.0,0.0,no_observed_inter_region_candidate_exposure,1,1,1,0.0,False,"insufficient_minimum_mappable_traces,minimum_unique_probes,minimum_unique_probe_asns",trace share with at least one feasible domestic or international inter-region submarine-corridor candidate; not actual cable use or traffic dependency
ML,landlocked,catalog_landlocked_list,resolved_entry_only,0,0,0,0,0,0,,,,,,,unknown_candidate_dependency_proxy,0,0,0,,False,"insufficient_minimum_mappable_traces,minimum_unique_probes,minimum_unique_probe_asns",trace share with at least one feasible domestic or international inter-region submarine-corridor candidate; not actual cable use or traffic dependency
MM,coastal_mainland_or_mixed,catalog_default_alpha2_rule,all_publicly_visible,1,1,1,1,1,1,1.0,1.0,1.0,1.0,1.0,1.0,very_high_candidate_dependency_proxy,1,1,1,0.0,False,"insufficient_minimum_mappable_traces,minimum_unique_probes,minimum_unique_probe_asns",trace share with at least one feasible domestic or international inter-region submarine-corridor candidate; not actual cable use or traffic dependency
MM,coastal_mainland_or_mixed,catalog_default_alpha2_rule,resolved_entry_only,0,0,0,0,0,0,,,,,,,unknown_candidate_dependency_proxy,0,0,0,,False,"insufficient_minimum_mappable_traces,minimum_unique_probes,minimum_unique_probe_asns",trace share with at least one feasible domestic or international inter-region submarine-corridor candidate; not actual cable use or traffic dependency
MN,landlocked,catalog_landlocked_list,all_publicly_visible,6,6,5,4,5,4,0.8333333333333334,0.8333333333333334,0.6666666666666666,0.8333333333333334,0.6666666666666666,0.8333333333333334,very_high_candidate_dependency_proxy,1,6,6,0.0,False,"insufficient_minimum_mappable_traces,minimum_unique_probes",trace share with at least one feasible domestic or international inter-region submarine-corridor candidate; not actual cable use or traffic dependency
MN,landlocked,catalog_landlocked_list,resolved_entry_only,0,0,0,0,0,0,,,,,,,unknown_candidate_dependency_proxy,0,0,0,,False,"insufficient_minimum_mappable_traces,minimum_unique_probes,minimum_unique_probe_asns",trace share with at least one feasible domestic or international inter-region submarine-corridor candidate; not actual cable use or traffic dependency
MT,island_or_archipelagic,catalog_island_or_archipelagic_list,all_publicly_visible,4,4,1,0,1,4,0.25,0.25,0.0,0.25,1.0,0.25,high_candidate_dependency_proxy,1,4,2,0.0,False,"insufficient_minimum_mappable_traces,minimum_unique_probes,minimum_unique_probe_asns",trace share with at least one feasible domestic or international inter-region submarine-corridor candidate; not actual cable use or traffic dependency
MT,island_or_archipelagic,catalog_island_or_archipelagic_list,resolved_entry_only,0,0,0,0,0,0,,,,,,,unknown_candidate_dependency_proxy,0,0,0,,False,"insufficient_minimum_mappable_traces,minimum_unique_probes,minimum_unique_probe_asns",trace share with at least one feasible domestic or international inter-region submarine-corridor candidate; not actual cable use or traffic dependency
MU,island_or_archipelagic,catalog_island_or_archipelagic_list,all_publicly_visible,5,5,0,0,0,0,0.0,0.0,0.0,0.0,0.0,0.0,no_observed_inter_region_candidate_exposure,1,5,4,0.0,False,"insufficient_minimum_mappable_traces,minimum_unique_probes",trace share with at least one feasible domestic or international inter-region submarine-corridor candidate; not actual cable use or traffic dependency
MU,island_or_archipelagic,catalog_island_or_archipelagic_list,resolved_entry_only,0,0,0,0,0,0,,,,,,,unknown_candidate_dependency_proxy,0,0,0,,False,"insufficient_minimum_mappable_traces,minimum_unique_probes,minimum_unique_probe_asns",trace share with at least one feasible domestic or international inter-region submarine-corridor candidate; not actual cable use or traffic dependency
MV,island_or_archipelagic,catalog_island_or_archipelagic_list,all_publicly_visible,8,8,0,0,0,6,0.0,0.0,0.0,0.0,0.75,0.0,no_observed_inter_region_candidate_exposure,1,8,3,0.0,False,"insufficient_minimum_mappable_traces,minimum_unique_probes",trace share with at least one feasible domestic or international inter-region submarine-corridor candidate; not actual cable use or traffic dependency
MV,island_or_archipelagic,catalog_island_or_archipelagic_list,resolved_entry_only,0,0,0,0,0,0,,,,,,,unknown_candidate_dependency_proxy,0,0,0,,False,"insufficient_minimum_mappable_traces,minimum_unique_probes,minimum_unique_probe_asns",trace share with at least one feasible domestic or international inter-region submarine-corridor candidate; not actual cable use or traffic dependency
MW,landlocked,catalog_landlocked_list,all_publicly_visible,1,1,0,0,0,0,0.0,0.0,0.0,0.0,0.0,0.0,no_observed_inter_region_candidate_exposure,1,1,1,0.0,False,"insufficient_minimum_mappable_traces,minimum_unique_probes,minimum_unique_probe_asns",trace share with at least one feasible domestic or international inter-region submarine-corridor candidate; not actual cable use or traffic dependency
MW,landlocked,catalog_landlocked_list,resolved_entry_only,0,0,0,0,0,0,,,,,,,unknown_candidate_dependency_proxy,0,0,0,,False,"insufficient_minimum_mappable_traces,minimum_unique_probes,minimum_unique_probe_asns",trace share with at least one feasible domestic or international inter-region submarine-corridor candidate; not actual cable use or traffic dependency
MX,coastal_mainland_or_mixed,catalog_default_alpha2_rule,all_publicly_visible,45,43,4,2,2,2,0.08888888888888889,0.09302325581395349,0.044444444444444446,0.044444444444444446,0.044444444444444446,0.08888888888888889,moderate_candidate_dependency_proxy,1,45,22,0.0,True,eligible,trace share with at least one feasible domestic or international inter-region submarine-corridor candidate; not actual cable use or traffic dependency
MX,coastal_mainland_or_mixed,catalog_default_alpha2_rule,resolved_entry_only,0,0,0,0,0,0,,,,,,,unknown_candidate_dependency_proxy,0,0,0,,False,"insufficient_minimum_mappable_traces,minimum_unique_probes,minimum_unique_probe_asns",trace share with at least one feasible domestic or international inter-region submarine-corridor candidate; not actual cable use or traffic dependency
MY,coastal_mainland_or_mixed,catalog_default_alpha2_rule,all_publicly_visible,29,20,10,8,4,8,0.3448275862068966,0.5,0.27586206896551724,0.13793103448275862,0.27586206896551724,0.3448275862068966,very_high_candidate_dependency_proxy,1,29,17,0.0,False,insufficient_minimum_mappable_traces,trace share with at least one feasible domestic or international inter-region submarine-corridor candidate; not actual cable use or traffic dependency
MY,coastal_mainland_or_mixed,catalog_default_alpha2_rule,resolved_entry_only,0,0,0,0,0,0,,,,,,,unknown_candidate_dependency_proxy,0,0,0,,False,"insufficient_minimum_mappable_traces,minimum_unique_probes,minimum_unique_probe_asns",trace share with at least one feasible domestic or international inter-region submarine-corridor candidate; not actual cable use or traffic dependency
MZ,coastal_mainland_or_mixed,catalog_default_alpha2_rule,all_publicly_visible,2,2,0,0,0,0,0.0,0.0,0.0,0.0,0.0,0.0,no_observed_inter_region_candidate_exposure,1,2,2,0.0,False,"insufficient_minimum_mappable_traces,minimum_unique_probes,minimum_unique_probe_asns",trace share with at least one feasible domestic or international inter-region submarine-corridor candidate; not actual cable use or traffic dependency
MZ,coastal_mainland_or_mixed,catalog_default_alpha2_rule,resolved_entry_only,0,0,0,0,0,0,,,,,,,unknown_candidate_dependency_proxy,0,0,0,,False,"insufficient_minimum_mappable_traces,minimum_unique_probes,minimum_unique_probe_asns",trace share with at least one feasible domestic or international inter-region submarine-corridor candidate; not actual cable use or traffic dependency
NA,unknown,unclassified_or_missing_country_code,all_publicly_visible,4,4,0,0,0,0,0.0,0.0,0.0,0.0,0.0,0.0,no_observed_inter_region_candidate_exposure,1,4,3,0.0,False,"insufficient_minimum_mappable_traces,minimum_unique_probes",trace share with at least one feasible domestic or international inter-region submarine-corridor candidate; not actual cable use or traffic dependency
NA,unknown,unclassified_or_missing_country_code,resolved_entry_only,0,0,0,0,0,0,,,,,,,unknown_candidate_dependency_proxy,0,0,0,,False,"insufficient_minimum_mappable_traces,minimum_unique_probes,minimum_unique_probe_asns",trace share with at least one feasible domestic or international inter-region submarine-corridor candidate; not actual cable use or traffic dependency
NC,island_or_archipelagic,catalog_island_or_archipelagic_list,all_publicly_visible,4,4,4,2,4,4,1.0,1.0,0.5,1.0,1.0,1.0,very_high_candidate_dependency_proxy,1,4,2,0.0,False,"insufficient_minimum_mappable_traces,minimum_unique_probes,minimum_unique_probe_asns",trace share with at least one feasible domestic or international inter-region submarine-corridor candidate; not actual cable use or traffic dependency
NC,island_or_archipelagic,catalog_island_or_archipelagic_list,resolved_entry_only,0,0,0,0,0,0,,,,,,,unknown_candidate_dependency_proxy,0,0,0,,False,"insufficient_minimum_mappable_traces,minimum_unique_probes,minimum_unique_probe_asns",trace share with at least one feasible domestic or international inter-region submarine-corridor candidate; not actual cable use or traffic dependency
NG,coastal_mainland_or_mixed,catalog_default_alpha2_rule,all_publicly_visible,6,6,2,0,2,0,0.3333333333333333,0.3333333333333333,0.0,0.3333333333333333,0.0,0.3333333333333333,very_high_candidate_dependency_proxy,1,6,4,0.0,False,"insufficient_minimum_mappable_traces,minimum_unique_probes",trace share with at least one feasible domestic or international inter-region submarine-corridor candidate; not actual cable use or traffic dependency
NG,coastal_mainland_or_mixed,catalog_default_alpha2_rule,resolved_entry_only,0,0,0,0,0,0,,,,,,,unknown_candidate_dependency_proxy,0,0,0,,False,"insufficient_minimum_mappable_traces,minimum_unique_probes,minimum_unique_probe_asns",trace share with at least one feasible domestic or international inter-region submarine-corridor candidate; not actual cable use or traffic dependency
NI,coastal_mainland_or_mixed,catalog_default_alpha2_rule,all_publicly_visible,6,3,0,0,0,0,0.0,0.0,0.0,0.0,0.0,0.0,no_observed_inter_region_candidate_exposure,1,6,4,0.0,False,"insufficient_minimum_mappable_traces,minimum_unique_probes",trace share with at least one feasible domestic or international inter-region submarine-corridor candidate; not actual cable use or traffic dependency
NI,coastal_mainland_or_mixed,catalog_default_alpha2_rule,resolved_entry_only,0,0,0,0,0,0,,,,,,,unknown_candidate_dependency_proxy,0,0,0,,False,"insufficient_minimum_mappable_traces,minimum_unique_probes,minimum_unique_probe_asns",trace share with at least one feasible domestic or international inter-region submarine-corridor candidate; not actual cable use or traffic dependency
NL,coastal_mainland_or_mixed,catalog_default_alpha2_rule,all_publicly_visible,507,416,0,0,0,0,0.0,0.0,0.0,0.0,0.0,0.0,no_observed_inter_region_candidate_exposure,1,507,146,0.0,True,eligible,trace share with at least one feasible domestic or international inter-region submarine-corridor candidate; not actual cable use or traffic dependency
NL,coastal_mainland_or_mixed,catalog_default_alpha2_rule,resolved_entry_only,0,0,0,0,0,0,,,,,,,unknown_candidate_dependency_proxy,0,0,0,,False,"insufficient_minimum_mappable_traces,minimum_unique_probes,minimum_unique_probe_asns",trace share with at least one feasible domestic or international inter-region submarine-corridor candidate; not actual cable use or traffic dependency
NO,coastal_mainland_or_mixed,catalog_default_alpha2_rule,all_publicly_visible,64,62,50,49,1,12,0.78125,0.8064516129032258,0.765625,0.015625,0.1875,0.78125,very_high_candidate_dependency_proxy,1,64,27,0.0,True,eligible,trace share with at least one feasible domestic or international inter-region submarine-corridor candidate; not actual cable use or traffic dependency
NO,coastal_mainland_or_mixed,catalog_default_alpha2_rule,resolved_entry_only,0,0,0,0,0,0,,,,,,,unknown_candidate_dependency_proxy,0,0,0,,False,"insufficient_minimum_mappable_traces,minimum_unique_probes,minimum_unique_probe_asns",trace share with at least one feasible domestic or international inter-region submarine-corridor candidate; not actual cable use or traffic dependency
NP,landlocked,catalog_landlocked_list,all_publicly_visible,12,12,4,4,1,4,0.3333333333333333,0.3333333333333333,0.3333333333333333,0.08333333333333333,0.3333333333333333,0.3333333333333333,very_high_candidate_dependency_proxy,1,12,8,0.0,False,insufficient_minimum_mappable_traces,trace share with at least one feasible domestic or international inter-region submarine-corridor candidate; not actual cable use or traffic dependency
NP,landlocked,catalog_landlocked_list,resolved_entry_only,0,0,0,0,0,0,,,,,,,unknown_candidate_dependency_proxy,0,0,0,,False,"insufficient_minimum_mappable_traces,minimum_unique_probes,minimum_unique_probe_asns",trace share with at least one feasible domestic or international inter-region submarine-corridor candidate; not actual cable use or traffic dependency
NZ,island_or_archipelagic,catalog_island_or_archipelagic_list,all_publicly_visible,90,89,63,50,47,86,0.7,0.7078651685393258,0.5555555555555556,0.5222222222222223,0.9555555555555556,0.7,very_high_candidate_dependency_proxy,1,90,27,0.0,True,eligible,trace share with at least one feasible domestic or international inter-region submarine-corridor candidate; not actual cable use or traffic dependency
NZ,island_or_archipelagic,catalog_island_or_archipelagic_list,resolved_entry_only,0,0,0,0,0,0,,,,,,,unknown_candidate_dependency_proxy,0,0,0,,False,"insufficient_minimum_mappable_traces,minimum_unique_probes,minimum_unique_probe_asns",trace share with at least one feasible domestic or international inter-region submarine-corridor candidate; not actual cable use or traffic dependency
OM,coastal_mainland_or_mixed,catalog_default_alpha2_rule,all_publicly_visible,1,1,0,0,0,0,0.0,0.0,0.0,0.0,0.0,0.0,no_observed_inter_region_candidate_exposure,1,1,1,0.0,False,"insufficient_minimum_mappable_traces,minimum_unique_probes,minimum_unique_probe_asns",trace share with at least one feasible domestic or international inter-region submarine-corridor candidate; not actual cable use or traffic dependency
OM,coastal_mainland_or_mixed,catalog_default_alpha2_rule,resolved_entry_only,0,0,0,0,0,0,,,,,,,unknown_candidate_dependency_proxy,0,0,0,,False,"insufficient_minimum_mappable_traces,minimum_unique_probes,minimum_unique_probe_asns",trace share with at least one feasible domestic or international inter-region submarine-corridor candidate; not actual cable use or traffic dependency
PA,coastal_mainland_or_mixed,catalog_default_alpha2_rule,all_publicly_visible,14,10,1,0,1,0,0.07142857142857142,0.1,0.0,0.07142857142857142,0.0,0.07142857142857142,moderate_candidate_dependency_proxy,1,14,8,0.0,False,insufficient_minimum_mappable_traces,trace share with at least one feasible domestic or international inter-region submarine-corridor candidate; not actual cable use or traffic dependency
PA,coastal_mainland_or_mixed,catalog_default_alpha2_rule,resolved_entry_only,0,0,0,0,0,0,,,,,,,unknown_candidate_dependency_proxy,0,0,0,,False,"insufficient_minimum_mappable_traces,minimum_unique_probes,minimum_unique_probe_asns",trace share with at least one feasible domestic or international inter-region submarine-corridor candidate; not actual cable use or traffic dependency
PE,coastal_mainland_or_mixed,catalog_default_alpha2_rule,all_publicly_visible,16,14,1,0,1,0,0.0625,0.07142857142857142,0.0,0.0625,0.0,0.0625,moderate_candidate_dependency_proxy,1,16,14,0.0,False,insufficient_minimum_mappable_traces,trace share with at least one feasible domestic or international inter-region submarine-corridor candidate; not actual cable use or traffic dependency
PE,coastal_mainland_or_mixed,catalog_default_alpha2_rule,resolved_entry_only,0,0,0,0,0,0,,,,,,,unknown_candidate_dependency_proxy,0,0,0,,False,"insufficient_minimum_mappable_traces,minimum_unique_probes,minimum_unique_probe_asns",trace share with at least one feasible domestic or international inter-region submarine-corridor candidate; not actual cable use or traffic dependency
PF,island_or_archipelagic,catalog_island_or_archipelagic_list,all_publicly_visible,6,6,0,0,0,0,0.0,0.0,0.0,0.0,0.0,0.0,no_observed_inter_region_candidate_exposure,1,6,1,0.0,False,"insufficient_minimum_mappable_traces,minimum_unique_probes,minimum_unique_probe_asns",trace share with at least one feasible domestic or international inter-region submarine-corridor candidate; not actual cable use or traffic dependency
PF,island_or_archipelagic,catalog_island_or_archipelagic_list,resolved_entry_only,0,0,0,0,0,0,,,,,,,unknown_candidate_dependency_proxy,0,0,0,,False,"insufficient_minimum_mappable_traces,minimum_unique_probes,minimum_unique_probe_asns",trace share with at least one feasible domestic or international inter-region submarine-corridor candidate; not actual cable use or traffic dependency
PG,island_or_archipelagic,catalog_island_or_archipelagic_list,all_publicly_visible,1,1,1,0,1,1,1.0,1.0,0.0,1.0,1.0,1.0,very_high_candidate_dependency_proxy,1,1,1,0.0,False,"insufficient_minimum_mappable_traces,minimum_unique_probes,minimum_unique_probe_asns",trace share with at least one feasible domestic or international inter-region submarine-corridor candidate; not actual cable use or traffic dependency
PG,island_or_archipelagic,catalog_island_or_archipelagic_list,resolved_entry_only,0,0,0,0,0,0,,,,,,,unknown_candidate_dependency_proxy,0,0,0,,False,"insufficient_minimum_mappable_traces,minimum_unique_probes,minimum_unique_probe_asns",trace share with at least one feasible domestic or international inter-region submarine-corridor candidate; not actual cable use or traffic dependency
PH,island_or_archipelagic,catalog_island_or_archipelagic_list,all_publicly_visible,50,46,26,19,23,19,0.52,0.5652173913043478,0.38,0.46,0.38,0.52,very_high_candidate_dependency_proxy,1,50,31,0.0,True,eligible,trace share with at least one feasible domestic or international inter-region submarine-corridor candidate; not actual cable use or traffic dependency
PH,island_or_archipelagic,catalog_island_or_archipelagic_list,resolved_entry_only,0,0,0,0,0,0,,,,,,,unknown_candidate_dependency_proxy,0,0,0,,False,"insufficient_minimum_mappable_traces,minimum_unique_probes,minimum_unique_probe_asns",trace share with at least one feasible domestic or international inter-region submarine-corridor candidate; not actual cable use or traffic dependency
PK,coastal_mainland_or_mixed,catalog_default_alpha2_rule,all_publicly_visible,10,4,4,4,0,1,0.4,1.0,0.4,0.0,0.1,0.4,very_high_candidate_dependency_proxy,1,10,6,0.0,False,insufficient_minimum_mappable_traces,trace share with at least one feasible domestic or international inter-region submarine-corridor candidate; not actual cable use or traffic dependency
PK,coastal_mainland_or_mixed,catalog_default_alpha2_rule,resolved_entry_only,0,0,0,0,0,0,,,,,,,unknown_candidate_dependency_proxy,0,0,0,,False,"insufficient_minimum_mappable_traces,minimum_unique_probes,minimum_unique_probe_asns",trace share with at least one feasible domestic or international inter-region submarine-corridor candidate; not actual cable use or traffic dependency
PL,coastal_mainland_or_mixed,catalog_default_alpha2_rule,all_publicly_visible,167,162,1,0,1,0,0.005988023952095809,0.006172839506172839,0.0,0.005988023952095809,0.0,0.005988023952095809,low_candidate_dependency_proxy,1,166,108,0.0,True,eligible,trace share with at least one feasible domestic or international inter-region submarine-corridor candidate; not actual cable use or traffic dependency
PL,coastal_mainland_or_mixed,catalog_default_alpha2_rule,resolved_entry_only,0,0,0,0,0,0,,,,,,,unknown_candidate_dependency_proxy,0,0,0,,False,"insufficient_minimum_mappable_traces,minimum_unique_probes,minimum_unique_probe_asns",trace share with at least one feasible domestic or international inter-region submarine-corridor candidate; not actual cable use or traffic dependency
PR,island_or_archipelagic,catalog_island_or_archipelagic_list,all_publicly_visible,1,1,1,0,1,1,1.0,1.0,0.0,1.0,1.0,1.0,very_high_candidate_dependency_proxy,1,1,1,0.0,False,"insufficient_minimum_mappable_traces,minimum_unique_probes,minimum_unique_probe_asns",trace share with at least one feasible domestic or international inter-region submarine-corridor candidate; not actual cable use or traffic dependency
PR,island_or_archipelagic,catalog_island_or_archipelagic_list,resolved_entry_only,0,0,0,0,0,0,,,,,,,unknown_candidate_dependency_proxy,0,0,0,,False,"insufficient_minimum_mappable_traces,minimum_unique_probes,minimum_unique_probe_asns",trace share with at least one feasible domestic or international inter-region submarine-corridor candidate; not actual cable use or traffic dependency
PS,coastal_mainland_or_mixed,catalog_default_alpha2_rule,all_publicly_visible,1,1,0,0,0,0,0.0,0.0,0.0,0.0,0.0,0.0,no_observed_inter_region_candidate_exposure,1,1,1,0.0,False,"insufficient_minimum_mappable_traces,minimum_unique_probes,minimum_unique_probe_asns",trace share with at least one feasible domestic or international inter-region submarine-corridor candidate; not actual cable use or traffic dependency
PS,coastal_mainland_or_mixed,catalog_default_alpha2_rule,resolved_entry_only,0,0,0,0,0,0,,,,,,,unknown_candidate_dependency_proxy,0,0,0,,False,"insufficient_minimum_mappable_traces,minimum_unique_probes,minimum_unique_probe_asns",trace share with at least one feasible domestic or international inter-region submarine-corridor candidate; not actual cable use or traffic dependency
PT,coastal_mainland_or_mixed,catalog_default_alpha2_rule,all_publicly_visible,75,67,18,1,18,35,0.24,0.26865671641791045,0.013333333333333334,0.24,0.4666666666666667,0.24,high_candidate_dependency_proxy,1,75,20,0.0,True,eligible,trace share with at least one feasible domestic or international inter-region submarine-corridor candidate; not actual cable use or traffic dependency
PT,coastal_mainland_or_mixed,catalog_default_alpha2_rule,resolved_entry_only,0,0,0,0,0,0,,,,,,,unknown_candidate_dependency_proxy,0,0,0,,False,"insufficient_minimum_mappable_traces,minimum_unique_probes,minimum_unique_probe_asns",trace share with at least one feasible domestic or international inter-region submarine-corridor candidate; not actual cable use or traffic dependency
PW,island_or_archipelagic,catalog_island_or_archipelagic_list,all_publicly_visible,1,1,0,0,0,0,0.0,0.0,0.0,0.0,0.0,0.0,no_observed_inter_region_candidate_exposure,1,1,1,0.0,False,"insufficient_minimum_mappable_traces,minimum_unique_probes,minimum_unique_probe_asns",trace share with at least one feasible domestic or international inter-region submarine-corridor candidate; not actual cable use or traffic dependency
PW,island_or_archipelagic,catalog_island_or_archipelagic_list,resolved_entry_only,0,0,0,0,0,0,,,,,,,unknown_candidate_dependency_proxy,0,0,0,,False,"insufficient_minimum_mappable_traces,minimum_unique_probes,minimum_unique_probe_asns",trace share with at least one feasible domestic or international inter-region submarine-corridor candidate; not actual cable use or traffic dependency
PY,landlocked,catalog_landlocked_list,all_publicly_visible,10,8,0,0,0,0,0.0,0.0,0.0,0.0,0.0,0.0,no_observed_inter_region_candidate_exposure,1,10,8,0.0,False,insufficient_minimum_mappable_traces,trace share with at least one feasible domestic or international inter-region submarine-corridor candidate; not actual cable use or traffic dependency
PY,landlocked,catalog_landlocked_list,resolved_entry_only,0,0,0,0,0,0,,,,,,,unknown_candidate_dependency_proxy,0,0,0,,False,"insufficient_minimum_mappable_traces,minimum_unique_probes,minimum_unique_probe_asns",trace share with at least one feasible domestic or international inter-region submarine-corridor candidate; not actual cable use or traffic dependency
QA,coastal_mainland_or_mixed,catalog_default_alpha2_rule,all_publicly_visible,1,1,0,0,0,0,0.0,0.0,0.0,0.0,0.0,0.0,no_observed_inter_region_candidate_exposure,1,1,1,0.0,False,"insufficient_minimum_mappable_traces,minimum_unique_probes,minimum_unique_probe_asns",trace share with at least one feasible domestic or international inter-region submarine-corridor candidate; not actual cable use or traffic dependency
QA,coastal_mainland_or_mixed,catalog_default_alpha2_rule,resolved_entry_only,0,0,0,0,0,0,,,,,,,unknown_candidate_dependency_proxy,0,0,0,,False,"insufficient_minimum_mappable_traces,minimum_unique_probes,minimum_unique_probe_asns",trace share with at least one feasible domestic or international inter-region submarine-corridor candidate; not actual cable use or traffic dependency
RE,island_or_archipelagic,catalog_island_or_archipelagic_list,all_publicly_visible,41,41,12,12,0,12,0.2926829268292683,0.2926829268292683,0.2926829268292683,0.0,0.2926829268292683,0.2926829268292683,high_candidate_dependency_proxy,1,41,5,0.0,True,eligible,trace share with at least one feasible domestic or international inter-region submarine-corridor candidate; not actual cable use or traffic dependency
RE,island_or_archipelagic,catalog_island_or_archipelagic_list,resolved_entry_only,0,0,0,0,0,0,,,,,,,unknown_candidate_dependency_proxy,0,0,0,,False,"insufficient_minimum_mappable_traces,minimum_unique_probes,minimum_unique_probe_asns",trace share with at least one feasible domestic or international inter-region submarine-corridor candidate; not actual cable use or traffic dependency
RO,coastal_mainland_or_mixed,catalog_default_alpha2_rule,all_publicly_visible,62,33,0,0,0,0,0.0,0.0,0.0,0.0,0.0,0.0,no_observed_inter_region_candidate_exposure,1,62,37,0.0,True,eligible,trace share with at least one feasible domestic or international inter-region submarine-corridor candidate; not actual cable use or traffic dependency
RO,coastal_mainland_or_mixed,catalog_default_alpha2_rule,resolved_entry_only,0,0,0,0,0,0,,,,,,,unknown_candidate_dependency_proxy,0,0,0,,False,"insufficient_minimum_mappable_traces,minimum_unique_probes,minimum_unique_probe_asns",trace share with at least one feasible domestic or international inter-region submarine-corridor candidate; not actual cable use or traffic dependency
RS,landlocked,catalog_landlocked_list,all_publicly_visible,38,36,0,0,0,0,0.0,0.0,0.0,0.0,0.0,0.0,no_observed_inter_region_candidate_exposure,1,38,15,0.0,True,eligible,trace share with at least one feasible domestic or international inter-region submarine-corridor candidate; not actual cable use or traffic dependency
RS,landlocked,catalog_landlocked_list,resolved_entry_only,0,0,0,0,0,0,,,,,,,unknown_candidate_dependency_proxy,0,0,0,,False,"insufficient_minimum_mappable_traces,minimum_unique_probes,minimum_unique_probe_asns",trace share with at least one feasible domestic or international inter-region submarine-corridor candidate; not actual cable use or traffic dependency
RU,coastal_mainland_or_mixed,catalog_default_alpha2_rule,all_publicly_visible,401,371,4,0,4,0,0.00997506234413965,0.01078167115902965,0.0,0.00997506234413965,0.0,0.00997506234413965,low_candidate_dependency_proxy,1,398,251,0.0,True,eligible,trace share with at least one feasible domestic or international inter-region submarine-corridor candidate; not actual cable use or traffic dependency
RU,coastal_mainland_or_mixed,catalog_default_alpha2_rule,resolved_entry_only,0,0,0,0,0,0,,,,,,,unknown_candidate_dependency_proxy,0,0,0,,False,"insufficient_minimum_mappable_traces,minimum_unique_probes,minimum_unique_probe_asns",trace share with at least one feasible domestic or international inter-region submarine-corridor candidate; not actual cable use or traffic dependency
RW,landlocked,catalog_landlocked_list,all_publicly_visible,1,1,0,0,0,0,0.0,0.0,0.0,0.0,0.0,0.0,no_observed_inter_region_candidate_exposure,1,1,1,0.0,False,"insufficient_minimum_mappable_traces,minimum_unique_probes,minimum_unique_probe_asns",trace share with at least one feasible domestic or international inter-region submarine-corridor candidate; not actual cable use or traffic dependency
RW,landlocked,catalog_landlocked_list,resolved_entry_only,0,0,0,0,0,0,,,,,,,unknown_candidate_dependency_proxy,0,0,0,,False,"insufficient_minimum_mappable_traces,minimum_unique_probes,minimum_unique_probe_asns",trace share with at least one feasible domestic or international inter-region submarine-corridor candidate; not actual cable use or traffic dependency
SA,coastal_mainland_or_mixed,catalog_default_alpha2_rule,all_publicly_visible,16,8,0,0,0,0,0.0,0.0,0.0,0.0,0.0,0.0,no_observed_inter_region_candidate_exposure,1,16,10,0.0,False,insufficient_minimum_mappable_traces,trace share with at least one feasible domestic or international inter-region submarine-corridor candidate; not actual cable use or traffic dependency
SA,coastal_mainland_or_mixed,catalog_default_alpha2_rule,resolved_entry_only,0,0,0,0,0,0,,,,,,,unknown_candidate_dependency_proxy,0,0,0,,False,"insufficient_minimum_mappable_traces,minimum_unique_probes,minimum_unique_probe_asns",trace share with at least one feasible domestic or international inter-region submarine-corridor candidate; not actual cable use or traffic dependency
SE,coastal_mainland_or_mixed,catalog_default_alpha2_rule,all_publicly_visible,175,162,33,29,4,28,0.18857142857142858,0.2037037037037037,0.1657142857142857,0.022857142857142857,0.16,0.18857142857142858,high_candidate_dependency_proxy,1,174,61,0.0,True,eligible,trace share with at least one feasible domestic or international inter-region submarine-corridor candidate; not actual cable use or traffic dependency
SE,coastal_mainland_or_mixed,catalog_default_alpha2_rule,resolved_entry_only,0,0,0,0,0,0,,,,,,,unknown_candidate_dependency_proxy,0,0,0,,False,"insufficient_minimum_mappable_traces,minimum_unique_probes,minimum_unique_probe_asns",trace share with at least one feasible domestic or international inter-region submarine-corridor candidate; not actual cable use or traffic dependency
SG,island_or_archipelagic,catalog_island_or_archipelagic_list,all_publicly_visible,105,93,72,72,9,72,0.6857142857142857,0.7741935483870968,0.6857142857142857,0.08571428571428572,0.6857142857142857,0.6857142857142857,very_high_candidate_dependency_proxy,1,105,51,0.0,True,eligible,trace share with at least one feasible domestic or international inter-region submarine-corridor candidate; not actual cable use or traffic dependency
SG,island_or_archipelagic,catalog_island_or_archipelagic_list,resolved_entry_only,0,0,0,0,0,0,,,,,,,unknown_candidate_dependency_proxy,0,0,0,,False,"insufficient_minimum_mappable_traces,minimum_unique_probes,minimum_unique_probe_asns",trace share with at least one feasible domestic or international inter-region submarine-corridor candidate; not actual cable use or traffic dependency
SI,coastal_mainland_or_mixed,catalog_default_alpha2_rule,all_publicly_visible,39,36,0,0,0,0,0.0,0.0,0.0,0.0,0.0,0.0,no_observed_inter_region_candidate_exposure,1,39,20,0.0,True,eligible,trace share with at least one feasible domestic or international inter-region submarine-corridor candidate; not actual cable use or traffic dependency
SI,coastal_mainland_or_mixed,catalog_default_alpha2_rule,resolved_entry_only,0,0,0,0,0,0,,,,,,,unknown_candidate_dependency_proxy,0,0,0,,False,"insufficient_minimum_mappable_traces,minimum_unique_probes,minimum_unique_probe_asns",trace share with at least one feasible domestic or international inter-region submarine-corridor candidate; not actual cable use or traffic dependency
SK,landlocked,catalog_landlocked_list,all_publicly_visible,48,43,0,0,0,0,0.0,0.0,0.0,0.0,0.0,0.0,no_observed_inter_region_candidate_exposure,1,48,21,0.0,True,eligible,trace share with at least one feasible domestic or international inter-region submarine-corridor candidate; not actual cable use or traffic dependency
SK,landlocked,catalog_landlocked_list,resolved_entry_only,0,0,0,0,0,0,,,,,,,unknown_candidate_dependency_proxy,0,0,0,,False,"insufficient_minimum_mappable_traces,minimum_unique_probes,minimum_unique_probe_asns",trace share with at least one feasible domestic or international inter-region submarine-corridor candidate; not actual cable use or traffic dependency
SL,coastal_mainland_or_mixed,catalog_default_alpha2_rule,all_publicly_visible,2,1,1,0,1,0,0.5,1.0,0.0,0.5,0.0,0.5,very_high_candidate_dependency_proxy,1,2,2,0.0,False,"insufficient_minimum_mappable_traces,minimum_unique_probes,minimum_unique_probe_asns",trace share with at least one feasible domestic or international inter-region submarine-corridor candidate; not actual cable use or traffic dependency
SL,coastal_mainland_or_mixed,catalog_default_alpha2_rule,resolved_entry_only,0,0,0,0,0,0,,,,,,,unknown_candidate_dependency_proxy,0,0,0,,False,"insufficient_minimum_mappable_traces,minimum_unique_probes,minimum_unique_probe_asns",trace share with at least one feasible domestic or international inter-region submarine-corridor candidate; not actual cable use or traffic dependency
SM,landlocked,catalog_landlocked_list,all_publicly_visible,1,1,0,0,0,0,0.0,0.0,0.0,0.0,0.0,0.0,no_observed_inter_region_candidate_exposure,1,1,1,0.0,False,"insufficient_minimum_mappable_traces,minimum_unique_probes,minimum_unique_probe_asns",trace share with at least one feasible domestic or international inter-region submarine-corridor candidate; not actual cable use or traffic dependency
SM,landlocked,catalog_landlocked_list,resolved_entry_only,0,0,0,0,0,0,,,,,,,unknown_candidate_dependency_proxy,0,0,0,,False,"insufficient_minimum_mappable_traces,minimum_unique_probes,minimum_unique_probe_asns",trace share with at least one feasible domestic or international inter-region submarine-corridor candidate; not actual cable use or traffic dependency
SN,coastal_mainland_or_mixed,catalog_default_alpha2_rule,all_publicly_visible,2,2,1,0,1,0,0.5,0.5,0.0,0.5,0.0,0.5,very_high_candidate_dependency_proxy,1,2,2,0.0,False,"insufficient_minimum_mappable_traces,minimum_unique_probes,minimum_unique_probe_asns",trace share with at least one feasible domestic or international inter-region submarine-corridor candidate; not actual cable use or traffic dependency
SN,coastal_mainland_or_mixed,catalog_default_alpha2_rule,resolved_entry_only,0,0,0,0,0,0,,,,,,,unknown_candidate_dependency_proxy,0,0,0,,False,"insufficient_minimum_mappable_traces,minimum_unique_probes,minimum_unique_probe_asns",trace share with at least one feasible domestic or international inter-region submarine-corridor candidate; not actual cable use or traffic dependency
SR,coastal_mainland_or_mixed,catalog_default_alpha2_rule,all_publicly_visible,1,1,0,0,0,0,0.0,0.0,0.0,0.0,0.0,0.0,no_observed_inter_region_candidate_exposure,1,1,1,0.0,False,"insufficient_minimum_mappable_traces,minimum_unique_probes,minimum_unique_probe_asns",trace share with at least one feasible domestic or international inter-region submarine-corridor candidate; not actual cable use or traffic dependency
SR,coastal_mainland_or_mixed,catalog_default_alpha2_rule,resolved_entry_only,0,0,0,0,0,0,,,,,,,unknown_candidate_dependency_proxy,0,0,0,,False,"insufficient_minimum_mappable_traces,minimum_unique_probes,minimum_unique_probe_asns",trace share with at least one feasible domestic or international inter-region submarine-corridor candidate; not actual cable use or traffic dependency
SV,coastal_mainland_or_mixed,catalog_default_alpha2_rule,all_publicly_visible,9,5,1,0,1,0,0.1111111111111111,0.2,0.0,0.1111111111111111,0.0,0.1111111111111111,moderate_candidate_dependency_proxy,1,9,7,0.0,False,"insufficient_minimum_mappable_traces,minimum_unique_probes",trace share with at least one feasible domestic or international inter-region submarine-corridor candidate; not actual cable use or traffic dependency
SV,coastal_mainland_or_mixed,catalog_default_alpha2_rule,resolved_entry_only,0,0,0,0,0,0,,,,,,,unknown_candidate_dependency_proxy,0,0,0,,False,"insufficient_minimum_mappable_traces,minimum_unique_probes,minimum_unique_probe_asns",trace share with at least one feasible domestic or international inter-region submarine-corridor candidate; not actual cable use or traffic dependency
SY,coastal_mainland_or_mixed,catalog_default_alpha2_rule,all_publicly_visible,3,0,0,0,0,0,0.0,,0.0,0.0,0.0,0.0,no_observed_inter_region_candidate_exposure,1,3,2,0.0,False,"insufficient_minimum_mappable_traces,minimum_unique_probes,minimum_unique_probe_asns",trace share with at least one feasible domestic or international inter-region submarine-corridor candidate; not actual cable use or traffic dependency
SY,coastal_mainland_or_mixed,catalog_default_alpha2_rule,resolved_entry_only,0,0,0,0,0,0,,,,,,,unknown_candidate_dependency_proxy,0,0,0,,False,"insufficient_minimum_mappable_traces,minimum_unique_probes,minimum_unique_probe_asns",trace share with at least one feasible domestic or international inter-region submarine-corridor candidate; not actual cable use or traffic dependency
TD,landlocked,catalog_landlocked_list,all_publicly_visible,1,1,0,0,0,0,0.0,0.0,0.0,0.0,0.0,0.0,no_observed_inter_region_candidate_exposure,1,1,1,0.0,False,"insufficient_minimum_mappable_traces,minimum_unique_probes,minimum_unique_probe_asns",trace share with at least one feasible domestic or international inter-region submarine-corridor candidate; not actual cable use or traffic dependency
TD,landlocked,catalog_landlocked_list,resolved_entry_only,0,0,0,0,0,0,,,,,,,unknown_candidate_dependency_proxy,0,0,0,,False,"insufficient_minimum_mappable_traces,minimum_unique_probes,minimum_unique_probe_asns",trace share with at least one feasible domestic or international inter-region submarine-corridor candidate; not actual cable use or traffic dependency
TH,coastal_mainland_or_mixed,catalog_default_alpha2_rule,all_publicly_visible,40,39,13,11,2,14,0.325,0.3333333333333333,0.275,0.05,0.35,0.325,very_high_candidate_dependency_proxy,1,40,25,0.0,True,eligible,trace share with at least one feasible domestic or international inter-region submarine-corridor candidate; not actual cable use or traffic dependency
TH,coastal_mainland_or_mixed,catalog_default_alpha2_rule,resolved_entry_only,0,0,0,0,0,0,,,,,,,unknown_candidate_dependency_proxy,0,0,0,,False,"insufficient_minimum_mappable_traces,minimum_unique_probes,minimum_unique_probe_asns",trace share with at least one feasible domestic or international inter-region submarine-corridor candidate; not actual cable use or traffic dependency
TJ,landlocked,catalog_landlocked_list,all_publicly_visible,9,8,0,0,0,0,0.0,0.0,0.0,0.0,0.0,0.0,no_observed_inter_region_candidate_exposure,1,9,8,0.0,False,"insufficient_minimum_mappable_traces,minimum_unique_probes",trace share with at least one feasible domestic or international inter-region submarine-corridor candidate; not actual cable use or traffic dependency
TJ,landlocked,catalog_landlocked_list,resolved_entry_only,0,0,0,0,0,0,,,,,,,unknown_candidate_dependency_proxy,0,0,0,,False,"insufficient_minimum_mappable_traces,minimum_unique_probes,minimum_unique_probe_asns",trace share with at least one feasible domestic or international inter-region submarine-corridor candidate; not actual cable use or traffic dependency
TL,island_or_archipelagic,catalog_island_or_archipelagic_list,all_publicly_visible,4,4,4,4,0,4,1.0,1.0,1.0,0.0,1.0,1.0,very_high_candidate_dependency_proxy,1,4,2,0.0,False,"insufficient_minimum_mappable_traces,minimum_unique_probes,minimum_unique_probe_asns",trace share with at least one feasible domestic or international inter-region submarine-corridor candidate; not actual cable use or traffic dependency
TL,island_or_archipelagic,catalog_island_or_archipelagic_list,resolved_entry_only,0,0,0,0,0,0,,,,,,,unknown_candidate_dependency_proxy,0,0,0,,False,"insufficient_minimum_mappable_traces,minimum_unique_probes,minimum_unique_probe_asns",trace share with at least one feasible domestic or international inter-region submarine-corridor candidate; not actual cable use or traffic dependency
TN,coastal_mainland_or_mixed,catalog_default_alpha2_rule,all_publicly_visible,7,6,0,0,0,0,0.0,0.0,0.0,0.0,0.0,0.0,no_observed_inter_region_candidate_exposure,1,7,5,0.0,False,"insufficient_minimum_mappable_traces,minimum_unique_probes",trace share with at least one feasible domestic or international inter-region submarine-corridor candidate; not actual cable use or traffic dependency
TN,coastal_mainland_or_mixed,catalog_default_alpha2_rule,resolved_entry_only,0,0,0,0,0,0,,,,,,,unknown_candidate_dependency_proxy,0,0,0,,False,"insufficient_minimum_mappable_traces,minimum_unique_probes,minimum_unique_probe_asns",trace share with at least one feasible domestic or international inter-region submarine-corridor candidate; not actual cable use or traffic dependency
TO,island_or_archipelagic,catalog_island_or_archipelagic_list,all_publicly_visible,1,1,1,0,1,1,1.0,1.0,0.0,1.0,1.0,1.0,very_high_candidate_dependency_proxy,1,1,1,0.0,False,"insufficient_minimum_mappable_traces,minimum_unique_probes,minimum_unique_probe_asns",trace share with at least one feasible domestic or international inter-region submarine-corridor candidate; not actual cable use or traffic dependency
TO,island_or_archipelagic,catalog_island_or_archipelagic_list,resolved_entry_only,0,0,0,0,0,0,,,,,,,unknown_candidate_dependency_proxy,0,0,0,,False,"insufficient_minimum_mappable_traces,minimum_unique_probes,minimum_unique_probe_asns",trace share with at least one feasible domestic or international inter-region submarine-corridor candidate; not actual cable use or traffic dependency
TR,coastal_mainland_or_mixed,catalog_default_alpha2_rule,all_publicly_visible,49,44,0,0,0,0,0.0,0.0,0.0,0.0,0.0,0.0,no_observed_inter_region_candidate_exposure,1,49,24,0.0,True,eligible,trace share with at least one feasible domestic or international inter-region submarine-corridor candidate; not actual cable use or traffic dependency
TR,coastal_mainland_or_mixed,catalog_default_alpha2_rule,resolved_entry_only,0,0,0,0,0,0,,,,,,,unknown_candidate_dependency_proxy,0,0,0,,False,"insufficient_minimum_mappable_traces,minimum_unique_probes,minimum_unique_probe_asns",trace share with at least one feasible domestic or international inter-region submarine-corridor candidate; not actual cable use or traffic dependency
TV,island_or_archipelagic,catalog_island_or_archipelagic_list,all_publicly_visible,1,1,1,1,1,1,1.0,1.0,1.0,1.0,1.0,1.0,very_high_candidate_dependency_proxy,1,1,1,0.0,False,"insufficient_minimum_mappable_traces,minimum_unique_probes,minimum_unique_probe_asns",trace share with at least one feasible domestic or international inter-region submarine-corridor candidate; not actual cable use or traffic dependency
TV,island_or_archipelagic,catalog_island_or_archipelagic_list,resolved_entry_only,0,0,0,0,0,0,,,,,,,unknown_candidate_dependency_proxy,0,0,0,,False,"insufficient_minimum_mappable_traces,minimum_unique_probes,minimum_unique_probe_asns",trace share with at least one feasible domestic or international inter-region submarine-corridor candidate; not actual cable use or traffic dependency
TW,island_or_archipelagic,catalog_island_or_archipelagic_list,all_publicly_visible,65,63,28,25,5,54,0.4307692307692308,0.4444444444444444,0.38461538461538464,0.07692307692307693,0.8307692307692308,0.4307692307692308,very_high_candidate_dependency_proxy,1,65,30,0.0,True,eligible,trace share with at least one feasible domestic or international inter-region submarine-corridor candidate; not actual cable use or traffic dependency
TW,island_or_archipelagic,catalog_island_or_archipelagic_list,resolved_entry_only,0,0,0,0,0,0,,,,,,,unknown_candidate_dependency_proxy,0,0,0,,False,"insufficient_minimum_mappable_traces,minimum_unique_probes,minimum_unique_probe_asns",trace share with at least one feasible domestic or international inter-region submarine-corridor candidate; not actual cable use or traffic dependency
TZ,coastal_mainland_or_mixed,catalog_default_alpha2_rule,all_publicly_visible,5,4,0,0,0,0,0.0,0.0,0.0,0.0,0.0,0.0,no_observed_inter_region_candidate_exposure,1,5,4,0.0,False,"insufficient_minimum_mappable_traces,minimum_unique_probes",trace share with at least one feasible domestic or international inter-region submarine-corridor candidate; not actual cable use or traffic dependency
TZ,coastal_mainland_or_mixed,catalog_default_alpha2_rule,resolved_entry_only,0,0,0,0,0,0,,,,,,,unknown_candidate_dependency_proxy,0,0,0,,False,"insufficient_minimum_mappable_traces,minimum_unique_probes,minimum_unique_probe_asns",trace share with at least one feasible domestic or international inter-region submarine-corridor candidate; not actual cable use or traffic dependency
UA,coastal_mainland_or_mixed,catalog_default_alpha2_rule,all_publicly_visible,130,125,0,0,0,0,0.0,0.0,0.0,0.0,0.0,0.0,no_observed_inter_region_candidate_exposure,1,130,96,0.0,True,eligible,trace share with at least one feasible domestic or international inter-region submarine-corridor candidate; not actual cable use or traffic dependency
UA,coastal_mainland_or_mixed,catalog_default_alpha2_rule,resolved_entry_only,0,0,0,0,0,0,,,,,,,unknown_candidate_dependency_proxy,0,0,0,,False,"insufficient_minimum_mappable_traces,minimum_unique_probes,minimum_unique_probe_asns",trace share with at least one feasible domestic or international inter-region submarine-corridor candidate; not actual cable use or traffic dependency
UG,landlocked,catalog_landlocked_list,all_publicly_visible,3,3,0,0,0,0,0.0,0.0,0.0,0.0,0.0,0.0,no_observed_inter_region_candidate_exposure,1,3,3,0.0,False,"insufficient_minimum_mappable_traces,minimum_unique_probes",trace share with at least one feasible domestic or international inter-region submarine-corridor candidate; not actual cable use or traffic dependency
UG,landlocked,catalog_landlocked_list,resolved_entry_only,0,0,0,0,0,0,,,,,,,unknown_candidate_dependency_proxy,0,0,0,,False,"insufficient_minimum_mappable_traces,minimum_unique_probes,minimum_unique_probe_asns",trace share with at least one feasible domestic or international inter-region submarine-corridor candidate; not actual cable use or traffic dependency
US,coastal_mainland_or_mixed,catalog_default_alpha2_rule,all_publicly_visible,1451,1363,40,38,4,110,0.027567195037904894,0.029347028613352897,0.026188835286009647,0.0027567195037904893,0.07580978635423846,0.027567195037904894,low_candidate_dependency_proxy,1,1451,427,0.0,True,eligible,trace share with at least one feasible domestic or international inter-region submarine-corridor candidate; not actual cable use or traffic dependency
US,coastal_mainland_or_mixed,catalog_default_alpha2_rule,resolved_entry_only,0,0,0,0,0,0,,,,,,,unknown_candidate_dependency_proxy,0,0,0,,False,"insufficient_minimum_mappable_traces,minimum_unique_probes,minimum_unique_probe_asns",trace share with at least one feasible domestic or international inter-region submarine-corridor candidate; not actual cable use or traffic dependency
UY,coastal_mainland_or_mixed,catalog_default_alpha2_rule,all_publicly_visible,16,16,0,0,0,0,0.0,0.0,0.0,0.0,0.0,0.0,no_observed_inter_region_candidate_exposure,1,16,5,0.0,False,insufficient_minimum_mappable_traces,trace share with at least one feasible domestic or international inter-region submarine-corridor candidate; not actual cable use or traffic dependency
UY,coastal_mainland_or_mixed,catalog_default_alpha2_rule,resolved_entry_only,0,0,0,0,0,0,,,,,,,unknown_candidate_dependency_proxy,0,0,0,,False,"insufficient_minimum_mappable_traces,minimum_unique_probes,minimum_unique_probe_asns",trace share with at least one feasible domestic or international inter-region submarine-corridor candidate; not actual cable use or traffic dependency
UZ,landlocked,catalog_landlocked_list,all_publicly_visible,8,7,0,0,0,0,0.0,0.0,0.0,0.0,0.0,0.0,no_observed_inter_region_candidate_exposure,1,8,6,0.0,False,"insufficient_minimum_mappable_traces,minimum_unique_probes",trace share with at least one feasible domestic or international inter-region submarine-corridor candidate; not actual cable use or traffic dependency
UZ,landlocked,catalog_landlocked_list,resolved_entry_only,0,0,0,0,0,0,,,,,,,unknown_candidate_dependency_proxy,0,0,0,,False,"insufficient_minimum_mappable_traces,minimum_unique_probes,minimum_unique_probe_asns",trace share with at least one feasible domestic or international inter-region submarine-corridor candidate; not actual cable use or traffic dependency
VA,landlocked,catalog_landlocked_list,all_publicly_visible,1,1,0,0,0,0,0.0,0.0,0.0,0.0,0.0,0.0,no_observed_inter_region_candidate_exposure,1,1,1,0.0,False,"insufficient_minimum_mappable_traces,minimum_unique_probes,minimum_unique_probe_asns",trace share with at least one feasible domestic or international inter-region submarine-corridor candidate; not actual cable use or traffic dependency
VA,landlocked,catalog_landlocked_list,resolved_entry_only,0,0,0,0,0,0,,,,,,,unknown_candidate_dependency_proxy,0,0,0,,False,"insufficient_minimum_mappable_traces,minimum_unique_probes,minimum_unique_probe_asns",trace share with at least one feasible domestic or international inter-region submarine-corridor candidate; not actual cable use or traffic dependency
VE,coastal_mainland_or_mixed,catalog_default_alpha2_rule,all_publicly_visible,28,11,0,0,0,2,0.0,0.0,0.0,0.0,0.07142857142857142,0.0,no_observed_inter_region_candidate_exposure,1,28,19,0.0,False,insufficient_minimum_mappable_traces,trace share with at least one feasible domestic or international inter-region submarine-corridor candidate; not actual cable use or traffic dependency
VE,coastal_mainland_or_mixed,catalog_default_alpha2_rule,resolved_entry_only,0,0,0,0,0,0,,,,,,,unknown_candidate_dependency_proxy,0,0,0,,False,"insufficient_minimum_mappable_traces,minimum_unique_probes,minimum_unique_probe_asns",trace share with at least one feasible domestic or international inter-region submarine-corridor candidate; not actual cable use or traffic dependency
VI,island_or_archipelagic,catalog_island_or_archipelagic_list,all_publicly_visible,2,2,1,0,1,1,0.5,0.5,0.0,0.5,0.5,0.5,very_high_candidate_dependency_proxy,1,2,2,0.0,False,"insufficient_minimum_mappable_traces,minimum_unique_probes,minimum_unique_probe_asns",trace share with at least one feasible domestic or international inter-region submarine-corridor candidate; not actual cable use or traffic dependency
VI,island_or_archipelagic,catalog_island_or_archipelagic_list,resolved_entry_only,0,0,0,0,0,0,,,,,,,unknown_candidate_dependency_proxy,0,0,0,,False,"insufficient_minimum_mappable_traces,minimum_unique_probes,minimum_unique_probe_asns",trace share with at least one feasible domestic or international inter-region submarine-corridor candidate; not actual cable use or traffic dependency
VN,coastal_mainland_or_mixed,catalog_default_alpha2_rule,all_publicly_visible,20,20,10,10,2,12,0.5,0.5,0.5,0.1,0.6,0.5,very_high_candidate_dependency_proxy,1,20,14,0.0,False,insufficient_minimum_mappable_traces,trace share with at least one feasible domestic or international inter-region submarine-corridor candidate; not actual cable use or traffic dependency
VN,coastal_mainland_or_mixed,catalog_default_alpha2_rule,resolved_entry_only,0,0,0,0,0,0,,,,,,,unknown_candidate_dependency_proxy,0,0,0,,False,"insufficient_minimum_mappable_traces,minimum_unique_probes,minimum_unique_probe_asns",trace share with at least one feasible domestic or international inter-region submarine-corridor candidate; not actual cable use or traffic dependency
VU,island_or_archipelagic,catalog_island_or_archipelagic_list,all_publicly_visible,1,1,1,0,1,1,1.0,1.0,0.0,1.0,1.0,1.0,very_high_candidate_dependency_proxy,1,1,1,0.0,False,"insufficient_minimum_mappable_traces,minimum_unique_probes,minimum_unique_probe_asns",trace share with at least one feasible domestic or international inter-region submarine-corridor candidate; not actual cable use or traffic dependency
VU,island_or_archipelagic,catalog_island_or_archipelagic_list,resolved_entry_only,0,0,0,0,0,0,,,,,,,unknown_candidate_dependency_proxy,0,0,0,,False,"insufficient_minimum_mappable_traces,minimum_unique_probes,minimum_unique_probe_asns",trace share with at least one feasible domestic or international inter-region submarine-corridor candidate; not actual cable use or traffic dependency
YE,coastal_mainland_or_mixed,catalog_default_alpha2_rule,all_publicly_visible,1,1,0,0,0,0,0.0,0.0,0.0,0.0,0.0,0.0,no_observed_inter_region_candidate_exposure,1,1,1,0.0,False,"insufficient_minimum_mappable_traces,minimum_unique_probes,minimum_unique_probe_asns",trace share with at least one feasible domestic or international inter-region submarine-corridor candidate; not actual cable use or traffic dependency
YE,coastal_mainland_or_mixed,catalog_default_alpha2_rule,resolved_entry_only,0,0,0,0,0,0,,,,,,,unknown_candidate_dependency_proxy,0,0,0,,False,"insufficient_minimum_mappable_traces,minimum_unique_probes,minimum_unique_probe_asns",trace share with at least one feasible domestic or international inter-region submarine-corridor candidate; not actual cable use or traffic dependency
ZA,coastal_mainland_or_mixed,catalog_default_alpha2_rule,all_publicly_visible,104,101,7,1,7,1,0.0673076923076923,0.06930693069306931,0.009615384615384616,0.0673076923076923,0.009615384615384616,0.0673076923076923,moderate_candidate_dependency_proxy,1,104,60,0.0,True,eligible,trace share with at least one feasible domestic or international inter-region submarine-corridor candidate; not actual cable use or traffic dependency
ZA,coastal_mainland_or_mixed,catalog_default_alpha2_rule,resolved_entry_only,0,0,0,0,0,0,,,,,,,unknown_candidate_dependency_proxy,0,0,0,,False,"insufficient_minimum_mappable_traces,minimum_unique_probes,minimum_unique_probe_asns",trace share with at least one feasible domestic or international inter-region submarine-corridor candidate; not actual cable use or traffic dependency
ZM,landlocked,catalog_landlocked_list,all_publicly_visible,4,4,0,0,0,0,0.0,0.0,0.0,0.0,0.0,0.0,no_observed_inter_region_candidate_exposure,1,4,4,0.0,False,"insufficient_minimum_mappable_traces,minimum_unique_probes",trace share with at least one feasible domestic or international inter-region submarine-corridor candidate; not actual cable use or traffic dependency
ZM,landlocked,catalog_landlocked_list,resolved_entry_only,0,0,0,0,0,0,,,,,,,unknown_candidate_dependency_proxy,0,0,0,,False,"insufficient_minimum_mappable_traces,minimum_unique_probes,minimum_unique_probe_asns",trace share with at least one feasible domestic or international inter-region submarine-corridor candidate; not actual cable use or traffic dependency
ZW,landlocked,catalog_landlocked_list,all_publicly_visible,1,1,0,0,0,0,0.0,0.0,0.0,0.0,0.0,0.0,no_observed_inter_region_candidate_exposure,1,1,1,0.0,False,"insufficient_minimum_mappable_traces,minimum_unique_probes,minimum_unique_probe_asns",trace share with at least one feasible domestic or international inter-region submarine-corridor candidate; not actual cable use or traffic dependency
ZW,landlocked,catalog_landlocked_list,resolved_entry_only,0,0,0,0,0,0,,,,,,,unknown_candidate_dependency_proxy,0,0,0,,False,"insufficient_minimum_mappable_traces,minimum_unique_probes,minimum_unique_probe_asns",trace share with at least one feasible domestic or international inter-region submarine-corridor candidate; not actual cable use or traffic dependency
