probe_country,service_id,service_class,deployment_type,path_scope_stratum,total_valid_traces,mappable_traces,traces_with_feasible_submarine_corridor_candidates,submarine_candidate_exposure_rate,any_candidate_exposure_rate,inter_region_candidate_exposure_rate,domestic_inter_region_candidate_exposure_rate,international_inter_region_candidate_exposure_rate,intra_region_candidate_rate,submarine_exposed_traces,service_physical_exposure_rate,mappable_trace_rate,unique_probes,unique_probe_asns,unique_target_ips,unique_target_asns,service_entry_resolution_rate,sufficient_trace_observation,country_fallback_share,sufficient_network_transition_resolution,auditable_paper_case,observation_sufficiency_reason,failed_thresholds,country_geography_type,country_geography_classification_source,candidate_dependency_proxy_rate,candidate_dependency_proxy_rate_among_mappable_traces,candidate_dependency_proxy_tier,candidate_dependency_proxy_interpretation,total_mappable_segments,top1_corridor_share,top3_corridor_share,effective_corridor_count,corridor_concentration_tier,effective_network_transition_count,network_transition_concentration_tier,cross_layer_distribution_class
?,A-Root,dns_root,anycast,all_publicly_visible,1,1,0,0.0,0.0,0.0,0.0,0.0,0.0,0,0.0,1.0,1,1,1,1,0.0,False,,False,False,insufficient_no_inter_region_projection_segments,"minimum_mappable_segments,minimum_unique_probes,minimum_unique_probe_asns,maximum_country_fallback_share",unknown,unclassified_or_missing_country_code,0.0,0.0,no_observed_inter_region_candidate_exposure,descriptive inter-region feasible-corridor candidate exposure; not actual cable use or traffic dependency,0.0,,,,unknown_corridor_observation_concentration,,,unknown_cross_layer_distribution_class
?,A-Root,NA,NA,resolved_entry_only,0,0,0,,,,,,,0,,,0,0,0,0,,False,,False,False,insufficient_no_inter_region_projection_segments,"minimum_mappable_segments,minimum_unique_probes,minimum_unique_probe_asns,maximum_country_fallback_share",unknown,unclassified_or_missing_country_code,,,unknown_candidate_dependency_proxy,descriptive inter-region feasible-corridor candidate exposure; not actual cable use or traffic dependency,0.0,,,,unknown_corridor_observation_concentration,,,unknown_cross_layer_distribution_class
AD,A-Root,dns_root,anycast,all_publicly_visible,2,2,0,0.0,0.0,0.0,0.0,0.0,0.0,0,0.0,1.0,2,1,1,1,0.0,False,,False,False,insufficient_no_inter_region_projection_segments,"minimum_mappable_segments,minimum_unique_probes,minimum_unique_probe_asns,maximum_country_fallback_share",landlocked,catalog_landlocked_list,0.0,0.0,no_observed_inter_region_candidate_exposure,descriptive inter-region feasible-corridor candidate exposure; not actual cable use or traffic dependency,0.0,,,,unknown_corridor_observation_concentration,,,unknown_cross_layer_distribution_class
AD,A-Root,NA,NA,resolved_entry_only,0,0,0,,,,,,,0,,,0,0,0,0,,False,,False,False,insufficient_no_inter_region_projection_segments,"minimum_mappable_segments,minimum_unique_probes,minimum_unique_probe_asns,maximum_country_fallback_share",landlocked,catalog_landlocked_list,,,unknown_candidate_dependency_proxy,descriptive inter-region feasible-corridor candidate exposure; not actual cable use or traffic dependency,0.0,,,,unknown_corridor_observation_concentration,,,unknown_cross_layer_distribution_class
AE,A-Root,dns_root,anycast,all_publicly_visible,17,12,4,0.23529411764705882,0.23529411764705882,0.23529411764705882,0.17647058823529413,0.058823529411764705,0.11764705882352941,4,0.23529411764705882,0.7058823529411765,17,12,1,1,0.0,False,0.16666666666666666,True,False,"insufficient_minimum_mappable_segments,minimum_unique_probes","minimum_mappable_segments,minimum_unique_probes",coastal_mainland_or_mixed,catalog_default_alpha2_rule,0.23529411764705882,0.3333333333333333,high_candidate_dependency_proxy,descriptive inter-region feasible-corridor candidate exposure; not actual cable use or traffic dependency,6.0,0.2222222222222222,0.6666666666666666,4.952890873341939,broad_corridor_observation_distribution,6.0,broad_network_transition_distribution,network_and_physical_both_broad
AE,A-Root,NA,NA,resolved_entry_only,0,0,0,,,,,,,0,,,0,0,0,0,,False,,False,False,insufficient_no_inter_region_projection_segments,"minimum_mappable_segments,minimum_unique_probes,minimum_unique_probe_asns,maximum_country_fallback_share",coastal_mainland_or_mixed,catalog_default_alpha2_rule,,,unknown_candidate_dependency_proxy,descriptive inter-region feasible-corridor candidate exposure; not actual cable use or traffic dependency,0.0,,,,unknown_corridor_observation_concentration,,,unknown_cross_layer_distribution_class
AF,A-Root,dns_root,anycast,all_publicly_visible,5,5,4,0.8,0.8,0.8,0.8,0.0,0.4,4,0.8,1.0,5,2,1,1,0.0,False,0.0,True,False,"insufficient_minimum_mappable_segments,minimum_unique_probes,minimum_unique_probe_asns","minimum_mappable_segments,minimum_unique_probes,minimum_unique_probe_asns",landlocked,catalog_landlocked_list,0.8,0.8,very_high_candidate_dependency_proxy,descriptive inter-region feasible-corridor candidate exposure; not actual cable use or traffic dependency,8.0,0.5,0.8333333333333333,3.464101615137755,weak_corridor_observation_concentration,4.756828460010884,broad_network_transition_distribution,network_and_physical_both_broad
AF,A-Root,NA,NA,resolved_entry_only,0,0,0,,,,,,,0,,,0,0,0,0,,False,,False,False,insufficient_no_inter_region_projection_segments,"minimum_mappable_segments,minimum_unique_probes,minimum_unique_probe_asns,maximum_country_fallback_share",landlocked,catalog_landlocked_list,,,unknown_candidate_dependency_proxy,descriptive inter-region feasible-corridor candidate exposure; not actual cable use or traffic dependency,0.0,,,,unknown_corridor_observation_concentration,,,unknown_cross_layer_distribution_class
AL,A-Root,dns_root,anycast,all_publicly_visible,21,20,1,0.047619047619047616,0.047619047619047616,0.047619047619047616,0.0,0.047619047619047616,0.0,1,0.047619047619047616,0.9523809523809523,21,16,1,1,0.0,False,0.0,True,False,"insufficient_minimum_mappable_segments,minimum_unique_probes,minimum_unique_probe_asns","minimum_mappable_segments,minimum_unique_probes,minimum_unique_probe_asns",coastal_mainland_or_mixed,catalog_default_alpha2_rule,0.047619047619047616,0.05,low_candidate_dependency_proxy,descriptive inter-region feasible-corridor candidate exposure; not actual cable use or traffic dependency,1.0,1.0,1.0,1.0,severe_corridor_observation_concentration,1.0,severe_network_transition_concentration,network_and_physical_both_concentrated
AL,A-Root,NA,NA,resolved_entry_only,0,0,0,,,,,,,0,,,0,0,0,0,,False,,False,False,insufficient_no_inter_region_projection_segments,"minimum_mappable_segments,minimum_unique_probes,minimum_unique_probe_asns,maximum_country_fallback_share",coastal_mainland_or_mixed,catalog_default_alpha2_rule,,,unknown_candidate_dependency_proxy,descriptive inter-region feasible-corridor candidate exposure; not actual cable use or traffic dependency,0.0,,,,unknown_corridor_observation_concentration,,,unknown_cross_layer_distribution_class
AM,A-Root,dns_root,anycast,all_publicly_visible,16,15,0,0.0,0.0,0.0,0.0,0.0,0.0,0,0.0,0.9375,16,8,1,1,0.0,False,,False,False,insufficient_no_inter_region_projection_segments,"minimum_mappable_segments,minimum_unique_probes,minimum_unique_probe_asns,maximum_country_fallback_share",landlocked,catalog_landlocked_list,0.0,0.0,no_observed_inter_region_candidate_exposure,descriptive inter-region feasible-corridor candidate exposure; not actual cable use or traffic dependency,0.0,,,,unknown_corridor_observation_concentration,,,unknown_cross_layer_distribution_class
AM,A-Root,NA,NA,resolved_entry_only,0,0,0,,,,,,,0,,,0,0,0,0,,False,,False,False,insufficient_no_inter_region_projection_segments,"minimum_mappable_segments,minimum_unique_probes,minimum_unique_probe_asns,maximum_country_fallback_share",landlocked,catalog_landlocked_list,,,unknown_candidate_dependency_proxy,descriptive inter-region feasible-corridor candidate exposure; not actual cable use or traffic dependency,0.0,,,,unknown_corridor_observation_concentration,,,unknown_cross_layer_distribution_class
AO,A-Root,dns_root,anycast,all_publicly_visible,9,9,0,0.0,0.0,0.0,0.0,0.0,0.0,0,0.0,1.0,9,4,1,1,0.0,False,,False,False,insufficient_no_inter_region_projection_segments,"minimum_mappable_segments,minimum_unique_probes,minimum_unique_probe_asns,maximum_country_fallback_share",coastal_mainland_or_mixed,catalog_default_alpha2_rule,0.0,0.0,no_observed_inter_region_candidate_exposure,descriptive inter-region feasible-corridor candidate exposure; not actual cable use or traffic dependency,0.0,,,,unknown_corridor_observation_concentration,,,unknown_cross_layer_distribution_class
AO,A-Root,NA,NA,resolved_entry_only,0,0,0,,,,,,,0,,,0,0,0,0,,False,,False,False,insufficient_no_inter_region_projection_segments,"minimum_mappable_segments,minimum_unique_probes,minimum_unique_probe_asns,maximum_country_fallback_share",coastal_mainland_or_mixed,catalog_default_alpha2_rule,,,unknown_candidate_dependency_proxy,descriptive inter-region feasible-corridor candidate exposure; not actual cable use or traffic dependency,0.0,,,,unknown_corridor_observation_concentration,,,unknown_cross_layer_distribution_class
AR,A-Root,dns_root,anycast,all_publicly_visible,45,35,0,0.0,0.0,0.0,0.0,0.0,0.0,0,0.0,0.7777777777777778,45,37,1,1,0.0,True,,False,False,insufficient_no_inter_region_projection_segments,"minimum_mappable_segments,minimum_unique_probes,minimum_unique_probe_asns,maximum_country_fallback_share",coastal_mainland_or_mixed,catalog_default_alpha2_rule,0.0,0.0,no_observed_inter_region_candidate_exposure,descriptive inter-region feasible-corridor candidate exposure; not actual cable use or traffic dependency,0.0,,,,unknown_corridor_observation_concentration,,,unknown_cross_layer_distribution_class
AR,A-Root,NA,NA,resolved_entry_only,0,0,0,,,,,,,0,,,0,0,0,0,,False,,False,False,insufficient_no_inter_region_projection_segments,"minimum_mappable_segments,minimum_unique_probes,minimum_unique_probe_asns,maximum_country_fallback_share",coastal_mainland_or_mixed,catalog_default_alpha2_rule,,,unknown_candidate_dependency_proxy,descriptive inter-region feasible-corridor candidate exposure; not actual cable use or traffic dependency,0.0,,,,unknown_corridor_observation_concentration,,,unknown_cross_layer_distribution_class
AT,A-Root,dns_root,anycast,all_publicly_visible,165,162,0,0.0,0.01818181818181818,0.0,0.0,0.0,0.01818181818181818,0,0.0,0.9818181818181818,165,73,1,1,0.0,True,,False,False,insufficient_no_inter_region_projection_segments,"minimum_mappable_segments,minimum_unique_probes,minimum_unique_probe_asns,maximum_country_fallback_share",landlocked,catalog_landlocked_list,0.0,0.0,no_observed_inter_region_candidate_exposure,descriptive inter-region feasible-corridor candidate exposure; not actual cable use or traffic dependency,0.0,,,,unknown_corridor_observation_concentration,,,unknown_cross_layer_distribution_class
AT,A-Root,NA,NA,resolved_entry_only,0,0,0,,,,,,,0,,,0,0,0,0,,False,,False,False,insufficient_no_inter_region_projection_segments,"minimum_mappable_segments,minimum_unique_probes,minimum_unique_probe_asns,maximum_country_fallback_share",landlocked,catalog_landlocked_list,,,unknown_candidate_dependency_proxy,descriptive inter-region feasible-corridor candidate exposure; not actual cable use or traffic dependency,0.0,,,,unknown_corridor_observation_concentration,,,unknown_cross_layer_distribution_class
AU,A-Root,dns_root,anycast,all_publicly_visible,223,181,106,0.47533632286995514,0.6591928251121076,0.47533632286995514,0.4439461883408072,0.05829596412556054,0.6591928251121076,106,0.47533632286995514,0.8116591928251121,223,65,1,1,0.0,True,0.0473186119873817,True,True,auditable,,coastal_mainland_or_mixed,catalog_default_alpha2_rule,0.47533632286995514,0.585635359116022,very_high_candidate_dependency_proxy,descriptive inter-region feasible-corridor candidate exposure; not actual cable use or traffic dependency,317.0,0.24921135646687698,0.6004206098843323,6.538156199233022,broad_corridor_observation_distribution,9.25870446535517,broad_network_transition_distribution,network_and_physical_both_broad
AU,A-Root,NA,NA,resolved_entry_only,0,0,0,,,,,,,0,,,0,0,0,0,,False,,False,False,insufficient_no_inter_region_projection_segments,"minimum_mappable_segments,minimum_unique_probes,minimum_unique_probe_asns,maximum_country_fallback_share",coastal_mainland_or_mixed,catalog_default_alpha2_rule,,,unknown_candidate_dependency_proxy,descriptive inter-region feasible-corridor candidate exposure; not actual cable use or traffic dependency,0.0,,,,unknown_corridor_observation_concentration,,,unknown_cross_layer_distribution_class
AX,A-Root,dns_root,anycast,all_publicly_visible,2,2,2,1.0,1.0,1.0,0.0,1.0,0.5,2,1.0,1.0,2,2,1,1,0.0,False,0.0,True,False,"insufficient_minimum_mappable_segments,minimum_unique_probes,minimum_unique_probe_asns","minimum_mappable_segments,minimum_unique_probes,minimum_unique_probe_asns",coastal_mainland_or_mixed,catalog_default_alpha2_rule,1.0,1.0,very_high_candidate_dependency_proxy,descriptive inter-region feasible-corridor candidate exposure; not actual cable use or traffic dependency,2.0,0.5,1.0,2.82842712474619,weak_corridor_observation_concentration,2.0,moderate_network_transition_concentration,network_and_physical_both_concentrated
AX,A-Root,NA,NA,resolved_entry_only,0,0,0,,,,,,,0,,,0,0,0,0,,False,,False,False,insufficient_no_inter_region_projection_segments,"minimum_mappable_segments,minimum_unique_probes,minimum_unique_probe_asns,maximum_country_fallback_share",coastal_mainland_or_mixed,catalog_default_alpha2_rule,,,unknown_candidate_dependency_proxy,descriptive inter-region feasible-corridor candidate exposure; not actual cable use or traffic dependency,0.0,,,,unknown_corridor_observation_concentration,,,unknown_cross_layer_distribution_class
AZ,A-Root,dns_root,anycast,all_publicly_visible,8,4,0,0.0,0.0,0.0,0.0,0.0,0.0,0,0.0,0.5,8,7,1,1,0.0,False,,False,False,insufficient_no_inter_region_projection_segments,"minimum_mappable_segments,minimum_unique_probes,minimum_unique_probe_asns,maximum_country_fallback_share",landlocked,catalog_landlocked_list,0.0,0.0,no_observed_inter_region_candidate_exposure,descriptive inter-region feasible-corridor candidate exposure; not actual cable use or traffic dependency,0.0,,,,unknown_corridor_observation_concentration,,,unknown_cross_layer_distribution_class
AZ,A-Root,NA,NA,resolved_entry_only,0,0,0,,,,,,,0,,,0,0,0,0,,False,,False,False,insufficient_no_inter_region_projection_segments,"minimum_mappable_segments,minimum_unique_probes,minimum_unique_probe_asns,maximum_country_fallback_share",landlocked,catalog_landlocked_list,,,unknown_candidate_dependency_proxy,descriptive inter-region feasible-corridor candidate exposure; not actual cable use or traffic dependency,0.0,,,,unknown_corridor_observation_concentration,,,unknown_cross_layer_distribution_class
BA,A-Root,dns_root,anycast,all_publicly_visible,12,12,0,0.0,0.0,0.0,0.0,0.0,0.0,0,0.0,1.0,12,6,1,1,0.0,False,,False,False,insufficient_no_inter_region_projection_segments,"minimum_mappable_segments,minimum_unique_probes,minimum_unique_probe_asns,maximum_country_fallback_share",coastal_mainland_or_mixed,catalog_default_alpha2_rule,0.0,0.0,no_observed_inter_region_candidate_exposure,descriptive inter-region feasible-corridor candidate exposure; not actual cable use or traffic dependency,0.0,,,,unknown_corridor_observation_concentration,,,unknown_cross_layer_distribution_class
BA,A-Root,NA,NA,resolved_entry_only,0,0,0,,,,,,,0,,,0,0,0,0,,False,,False,False,insufficient_no_inter_region_projection_segments,"minimum_mappable_segments,minimum_unique_probes,minimum_unique_probe_asns,maximum_country_fallback_share",coastal_mainland_or_mixed,catalog_default_alpha2_rule,,,unknown_candidate_dependency_proxy,descriptive inter-region feasible-corridor candidate exposure; not actual cable use or traffic dependency,0.0,,,,unknown_corridor_observation_concentration,,,unknown_cross_layer_distribution_class
BD,A-Root,dns_root,anycast,all_publicly_visible,10,9,7,0.7,0.7,0.7,0.7,0.0,0.7,7,0.7,0.9,10,6,1,1,0.0,False,0.25,True,False,"insufficient_minimum_mappable_segments,minimum_unique_probes","minimum_mappable_segments,minimum_unique_probes",coastal_mainland_or_mixed,catalog_default_alpha2_rule,0.7,0.7777777777777778,very_high_candidate_dependency_proxy,descriptive inter-region feasible-corridor candidate exposure; not actual cable use or traffic dependency,12.0,0.3333333333333333,1.0,2.9999999999999996,weak_corridor_observation_concentration,3.8883225944793316,weak_network_transition_concentration,network_and_physical_both_concentrated
BD,A-Root,NA,NA,resolved_entry_only,0,0,0,,,,,,,0,,,0,0,0,0,,False,,False,False,insufficient_no_inter_region_projection_segments,"minimum_mappable_segments,minimum_unique_probes,minimum_unique_probe_asns,maximum_country_fallback_share",coastal_mainland_or_mixed,catalog_default_alpha2_rule,,,unknown_candidate_dependency_proxy,descriptive inter-region feasible-corridor candidate exposure; not actual cable use or traffic dependency,0.0,,,,unknown_corridor_observation_concentration,,,unknown_cross_layer_distribution_class
BE,A-Root,dns_root,anycast,all_publicly_visible,127,121,0,0.0,0.0,0.0,0.0,0.0,0.0,0,0.0,0.952755905511811,126,26,1,1,0.0,True,,False,False,insufficient_no_inter_region_projection_segments,"minimum_mappable_segments,minimum_unique_probes,minimum_unique_probe_asns,maximum_country_fallback_share",coastal_mainland_or_mixed,catalog_default_alpha2_rule,0.0,0.0,no_observed_inter_region_candidate_exposure,descriptive inter-region feasible-corridor candidate exposure; not actual cable use or traffic dependency,0.0,,,,unknown_corridor_observation_concentration,,,unknown_cross_layer_distribution_class
BE,A-Root,NA,NA,resolved_entry_only,0,0,0,,,,,,,0,,,0,0,0,0,,False,,False,False,insufficient_no_inter_region_projection_segments,"minimum_mappable_segments,minimum_unique_probes,minimum_unique_probe_asns,maximum_country_fallback_share",coastal_mainland_or_mixed,catalog_default_alpha2_rule,,,unknown_candidate_dependency_proxy,descriptive inter-region feasible-corridor candidate exposure; not actual cable use or traffic dependency,0.0,,,,unknown_corridor_observation_concentration,,,unknown_cross_layer_distribution_class
BF,A-Root,dns_root,anycast,all_publicly_visible,5,4,0,0.0,0.0,0.0,0.0,0.0,0.0,0,0.0,0.8,5,4,1,1,0.0,False,,False,False,insufficient_no_inter_region_projection_segments,"minimum_mappable_segments,minimum_unique_probes,minimum_unique_probe_asns,maximum_country_fallback_share",landlocked,catalog_landlocked_list,0.0,0.0,no_observed_inter_region_candidate_exposure,descriptive inter-region feasible-corridor candidate exposure; not actual cable use or traffic dependency,0.0,,,,unknown_corridor_observation_concentration,,,unknown_cross_layer_distribution_class
BF,A-Root,NA,NA,resolved_entry_only,0,0,0,,,,,,,0,,,0,0,0,0,,False,,False,False,insufficient_no_inter_region_projection_segments,"minimum_mappable_segments,minimum_unique_probes,minimum_unique_probe_asns,maximum_country_fallback_share",landlocked,catalog_landlocked_list,,,unknown_candidate_dependency_proxy,descriptive inter-region feasible-corridor candidate exposure; not actual cable use or traffic dependency,0.0,,,,unknown_corridor_observation_concentration,,,unknown_cross_layer_distribution_class
BG,A-Root,dns_root,anycast,all_publicly_visible,64,62,0,0.0,0.015625,0.0,0.0,0.0,0.015625,0,0.0,0.96875,64,41,1,1,0.0,True,,False,False,insufficient_no_inter_region_projection_segments,"minimum_mappable_segments,minimum_unique_probes,minimum_unique_probe_asns,maximum_country_fallback_share",coastal_mainland_or_mixed,catalog_default_alpha2_rule,0.0,0.0,no_observed_inter_region_candidate_exposure,descriptive inter-region feasible-corridor candidate exposure; not actual cable use or traffic dependency,0.0,,,,unknown_corridor_observation_concentration,,,unknown_cross_layer_distribution_class
BG,A-Root,NA,NA,resolved_entry_only,0,0,0,,,,,,,0,,,0,0,0,0,,False,,False,False,insufficient_no_inter_region_projection_segments,"minimum_mappable_segments,minimum_unique_probes,minimum_unique_probe_asns,maximum_country_fallback_share",coastal_mainland_or_mixed,catalog_default_alpha2_rule,,,unknown_candidate_dependency_proxy,descriptive inter-region feasible-corridor candidate exposure; not actual cable use or traffic dependency,0.0,,,,unknown_corridor_observation_concentration,,,unknown_cross_layer_distribution_class
BH,A-Root,dns_root,anycast,all_publicly_visible,4,3,1,0.25,0.25,0.25,0.25,0.0,0.0,1,0.25,0.75,4,3,1,1,0.0,False,0.0,True,False,"insufficient_minimum_mappable_segments,minimum_unique_probes,minimum_unique_probe_asns","minimum_mappable_segments,minimum_unique_probes,minimum_unique_probe_asns",island_or_archipelagic,catalog_island_or_archipelagic_list,0.25,0.3333333333333333,high_candidate_dependency_proxy,descriptive inter-region feasible-corridor candidate exposure; not actual cable use or traffic dependency,1.0,1.0,1.0,1.0,severe_corridor_observation_concentration,1.0,severe_network_transition_concentration,network_and_physical_both_concentrated
BH,A-Root,NA,NA,resolved_entry_only,0,0,0,,,,,,,0,,,0,0,0,0,,False,,False,False,insufficient_no_inter_region_projection_segments,"minimum_mappable_segments,minimum_unique_probes,minimum_unique_probe_asns,maximum_country_fallback_share",island_or_archipelagic,catalog_island_or_archipelagic_list,,,unknown_candidate_dependency_proxy,descriptive inter-region feasible-corridor candidate exposure; not actual cable use or traffic dependency,0.0,,,,unknown_corridor_observation_concentration,,,unknown_cross_layer_distribution_class
BI,A-Root,dns_root,anycast,all_publicly_visible,1,1,0,0.0,0.0,0.0,0.0,0.0,0.0,0,0.0,1.0,1,1,1,1,0.0,False,,False,False,insufficient_no_inter_region_projection_segments,"minimum_mappable_segments,minimum_unique_probes,minimum_unique_probe_asns,maximum_country_fallback_share",landlocked,catalog_landlocked_list,0.0,0.0,no_observed_inter_region_candidate_exposure,descriptive inter-region feasible-corridor candidate exposure; not actual cable use or traffic dependency,0.0,,,,unknown_corridor_observation_concentration,,,unknown_cross_layer_distribution_class
BI,A-Root,NA,NA,resolved_entry_only,0,0,0,,,,,,,0,,,0,0,0,0,,False,,False,False,insufficient_no_inter_region_projection_segments,"minimum_mappable_segments,minimum_unique_probes,minimum_unique_probe_asns,maximum_country_fallback_share",landlocked,catalog_landlocked_list,,,unknown_candidate_dependency_proxy,descriptive inter-region feasible-corridor candidate exposure; not actual cable use or traffic dependency,0.0,,,,unknown_corridor_observation_concentration,,,unknown_cross_layer_distribution_class
BJ,A-Root,dns_root,anycast,all_publicly_visible,8,8,5,0.625,0.625,0.625,0.375,0.625,0.0,5,0.625,1.0,8,4,1,1,0.0,False,0.0,True,False,"insufficient_minimum_mappable_segments,minimum_unique_probes,minimum_unique_probe_asns","minimum_mappable_segments,minimum_unique_probes,minimum_unique_probe_asns",coastal_mainland_or_mixed,catalog_default_alpha2_rule,0.625,0.625,very_high_candidate_dependency_proxy,descriptive inter-region feasible-corridor candidate exposure; not actual cable use or traffic dependency,15.0,0.4,0.8,4.207331795423248,weak_corridor_observation_concentration,4.614706611083659,broad_network_transition_distribution,network_and_physical_both_broad
BJ,A-Root,NA,NA,resolved_entry_only,0,0,0,,,,,,,0,,,0,0,0,0,,False,,False,False,insufficient_no_inter_region_projection_segments,"minimum_mappable_segments,minimum_unique_probes,minimum_unique_probe_asns,maximum_country_fallback_share",coastal_mainland_or_mixed,catalog_default_alpha2_rule,,,unknown_candidate_dependency_proxy,descriptive inter-region feasible-corridor candidate exposure; not actual cable use or traffic dependency,0.0,,,,unknown_corridor_observation_concentration,,,unknown_cross_layer_distribution_class
BL,A-Root,dns_root,anycast,all_publicly_visible,1,1,0,0.0,0.0,0.0,0.0,0.0,0.0,0,0.0,1.0,1,1,1,1,0.0,False,,False,False,insufficient_no_inter_region_projection_segments,"minimum_mappable_segments,minimum_unique_probes,minimum_unique_probe_asns,maximum_country_fallback_share",island_or_archipelagic,catalog_island_or_archipelagic_list,0.0,0.0,no_observed_inter_region_candidate_exposure,descriptive inter-region feasible-corridor candidate exposure; not actual cable use or traffic dependency,0.0,,,,unknown_corridor_observation_concentration,,,unknown_cross_layer_distribution_class
BL,A-Root,NA,NA,resolved_entry_only,0,0,0,,,,,,,0,,,0,0,0,0,,False,,False,False,insufficient_no_inter_region_projection_segments,"minimum_mappable_segments,minimum_unique_probes,minimum_unique_probe_asns,maximum_country_fallback_share",island_or_archipelagic,catalog_island_or_archipelagic_list,,,unknown_candidate_dependency_proxy,descriptive inter-region feasible-corridor candidate exposure; not actual cable use or traffic dependency,0.0,,,,unknown_corridor_observation_concentration,,,unknown_cross_layer_distribution_class
BO,A-Root,dns_root,anycast,all_publicly_visible,13,13,0,0.0,0.0,0.0,0.0,0.0,0.0,0,0.0,1.0,13,4,1,1,0.0,False,,False,False,insufficient_no_inter_region_projection_segments,"minimum_mappable_segments,minimum_unique_probes,minimum_unique_probe_asns,maximum_country_fallback_share",landlocked,catalog_landlocked_list,0.0,0.0,no_observed_inter_region_candidate_exposure,descriptive inter-region feasible-corridor candidate exposure; not actual cable use or traffic dependency,0.0,,,,unknown_corridor_observation_concentration,,,unknown_cross_layer_distribution_class
BO,A-Root,NA,NA,resolved_entry_only,0,0,0,,,,,,,0,,,0,0,0,0,,False,,False,False,insufficient_no_inter_region_projection_segments,"minimum_mappable_segments,minimum_unique_probes,minimum_unique_probe_asns,maximum_country_fallback_share",landlocked,catalog_landlocked_list,,,unknown_candidate_dependency_proxy,descriptive inter-region feasible-corridor candidate exposure; not actual cable use or traffic dependency,0.0,,,,unknown_corridor_observation_concentration,,,unknown_cross_layer_distribution_class
BR,A-Root,dns_root,anycast,all_publicly_visible,75,58,2,0.02666666666666667,0.02666666666666667,0.02666666666666667,0.013333333333333334,0.02666666666666667,0.0,2,0.02666666666666667,0.7733333333333333,75,52,1,1,0.0,True,0.0,True,False,"insufficient_minimum_mappable_segments,minimum_unique_probes,minimum_unique_probe_asns","minimum_mappable_segments,minimum_unique_probes,minimum_unique_probe_asns",coastal_mainland_or_mixed,catalog_default_alpha2_rule,0.02666666666666667,0.034482758620689655,low_candidate_dependency_proxy,descriptive inter-region feasible-corridor candidate exposure; not actual cable use or traffic dependency,3.0,0.6666666666666666,1.0,1.8898815748423097,moderate_corridor_observation_concentration,1.0,severe_network_transition_concentration,network_and_physical_both_concentrated
BR,A-Root,NA,NA,resolved_entry_only,0,0,0,,,,,,,0,,,0,0,0,0,,False,,False,False,insufficient_no_inter_region_projection_segments,"minimum_mappable_segments,minimum_unique_probes,minimum_unique_probe_asns,maximum_country_fallback_share",coastal_mainland_or_mixed,catalog_default_alpha2_rule,,,unknown_candidate_dependency_proxy,descriptive inter-region feasible-corridor candidate exposure; not actual cable use or traffic dependency,0.0,,,,unknown_corridor_observation_concentration,,,unknown_cross_layer_distribution_class
BT,A-Root,dns_root,anycast,all_publicly_visible,2,1,0,0.0,0.0,0.0,0.0,0.0,0.0,0,0.0,0.5,2,2,1,1,0.0,False,,False,False,insufficient_no_inter_region_projection_segments,"minimum_mappable_segments,minimum_unique_probes,minimum_unique_probe_asns,maximum_country_fallback_share",landlocked,catalog_landlocked_list,0.0,0.0,no_observed_inter_region_candidate_exposure,descriptive inter-region feasible-corridor candidate exposure; not actual cable use or traffic dependency,0.0,,,,unknown_corridor_observation_concentration,,,unknown_cross_layer_distribution_class
BT,A-Root,NA,NA,resolved_entry_only,0,0,0,,,,,,,0,,,0,0,0,0,,False,,False,False,insufficient_no_inter_region_projection_segments,"minimum_mappable_segments,minimum_unique_probes,minimum_unique_probe_asns,maximum_country_fallback_share",landlocked,catalog_landlocked_list,,,unknown_candidate_dependency_proxy,descriptive inter-region feasible-corridor candidate exposure; not actual cable use or traffic dependency,0.0,,,,unknown_corridor_observation_concentration,,,unknown_cross_layer_distribution_class
BY,A-Root,dns_root,anycast,all_publicly_visible,21,21,0,0.0,0.0,0.0,0.0,0.0,0.0,0,0.0,1.0,21,10,1,1,0.0,False,,False,False,insufficient_no_inter_region_projection_segments,"minimum_mappable_segments,minimum_unique_probes,minimum_unique_probe_asns,maximum_country_fallback_share",landlocked,catalog_landlocked_list,0.0,0.0,no_observed_inter_region_candidate_exposure,descriptive inter-region feasible-corridor candidate exposure; not actual cable use or traffic dependency,0.0,,,,unknown_corridor_observation_concentration,,,unknown_cross_layer_distribution_class
BY,A-Root,NA,NA,resolved_entry_only,0,0,0,,,,,,,0,,,0,0,0,0,,False,,False,False,insufficient_no_inter_region_projection_segments,"minimum_mappable_segments,minimum_unique_probes,minimum_unique_probe_asns,maximum_country_fallback_share",landlocked,catalog_landlocked_list,,,unknown_candidate_dependency_proxy,descriptive inter-region feasible-corridor candidate exposure; not actual cable use or traffic dependency,0.0,,,,unknown_corridor_observation_concentration,,,unknown_cross_layer_distribution_class
CA,A-Root,dns_root,anycast,all_publicly_visible,224,207,55,0.24553571428571427,0.24553571428571427,0.24553571428571427,0.21428571428571427,0.17410714285714285,0.21428571428571427,55,0.24553571428571427,0.9241071428571429,224,80,1,1,0.0,True,0.23125,True,True,auditable,,coastal_mainland_or_mixed,catalog_default_alpha2_rule,0.24553571428571427,0.26570048309178745,high_candidate_dependency_proxy,descriptive inter-region feasible-corridor candidate exposure; not actual cable use or traffic dependency,160.0,0.3625,0.94125,3.7050793980847887,weak_corridor_observation_concentration,13.909496494412187,broad_network_transition_distribution,network_and_physical_both_broad
CA,A-Root,NA,NA,resolved_entry_only,0,0,0,,,,,,,0,,,0,0,0,0,,False,,False,False,insufficient_no_inter_region_projection_segments,"minimum_mappable_segments,minimum_unique_probes,minimum_unique_probe_asns,maximum_country_fallback_share",coastal_mainland_or_mixed,catalog_default_alpha2_rule,,,unknown_candidate_dependency_proxy,descriptive inter-region feasible-corridor candidate exposure; not actual cable use or traffic dependency,0.0,,,,unknown_corridor_observation_concentration,,,unknown_cross_layer_distribution_class
CD,A-Root,dns_root,anycast,all_publicly_visible,3,3,0,0.0,0.0,0.0,0.0,0.0,0.0,0,0.0,1.0,3,3,1,1,0.0,False,,False,False,insufficient_no_inter_region_projection_segments,"minimum_mappable_segments,minimum_unique_probes,minimum_unique_probe_asns,maximum_country_fallback_share",coastal_mainland_or_mixed,catalog_default_alpha2_rule,0.0,0.0,no_observed_inter_region_candidate_exposure,descriptive inter-region feasible-corridor candidate exposure; not actual cable use or traffic dependency,0.0,,,,unknown_corridor_observation_concentration,,,unknown_cross_layer_distribution_class
CD,A-Root,NA,NA,resolved_entry_only,0,0,0,,,,,,,0,,,0,0,0,0,,False,,False,False,insufficient_no_inter_region_projection_segments,"minimum_mappable_segments,minimum_unique_probes,minimum_unique_probe_asns,maximum_country_fallback_share",coastal_mainland_or_mixed,catalog_default_alpha2_rule,,,unknown_candidate_dependency_proxy,descriptive inter-region feasible-corridor candidate exposure; not actual cable use or traffic dependency,0.0,,,,unknown_corridor_observation_concentration,,,unknown_cross_layer_distribution_class
CG,A-Root,dns_root,anycast,all_publicly_visible,2,2,1,0.5,0.5,0.5,0.0,0.5,0.0,1,0.5,1.0,2,2,1,1,0.0,False,0.0,True,False,"insufficient_minimum_mappable_segments,minimum_unique_probes,minimum_unique_probe_asns","minimum_mappable_segments,minimum_unique_probes,minimum_unique_probe_asns",coastal_mainland_or_mixed,catalog_default_alpha2_rule,0.5,0.5,very_high_candidate_dependency_proxy,descriptive inter-region feasible-corridor candidate exposure; not actual cable use or traffic dependency,1.0,1.0,1.0,1.0,severe_corridor_observation_concentration,1.0,severe_network_transition_concentration,network_and_physical_both_concentrated
CG,A-Root,NA,NA,resolved_entry_only,0,0,0,,,,,,,0,,,0,0,0,0,,False,,False,False,insufficient_no_inter_region_projection_segments,"minimum_mappable_segments,minimum_unique_probes,minimum_unique_probe_asns,maximum_country_fallback_share",coastal_mainland_or_mixed,catalog_default_alpha2_rule,,,unknown_candidate_dependency_proxy,descriptive inter-region feasible-corridor candidate exposure; not actual cable use or traffic dependency,0.0,,,,unknown_corridor_observation_concentration,,,unknown_cross_layer_distribution_class
CH,A-Root,dns_root,anycast,all_publicly_visible,243,229,0,0.0,0.1111111111111111,0.0,0.0,0.0,0.1111111111111111,0,0.0,0.9423868312757202,243,64,1,1,0.0,True,,False,False,insufficient_no_inter_region_projection_segments,"minimum_mappable_segments,minimum_unique_probes,minimum_unique_probe_asns,maximum_country_fallback_share",landlocked,catalog_landlocked_list,0.0,0.0,no_observed_inter_region_candidate_exposure,descriptive inter-region feasible-corridor candidate exposure; not actual cable use or traffic dependency,0.0,,,,unknown_corridor_observation_concentration,,,unknown_cross_layer_distribution_class
CH,A-Root,NA,NA,resolved_entry_only,0,0,0,,,,,,,0,,,0,0,0,0,,False,,False,False,insufficient_no_inter_region_projection_segments,"minimum_mappable_segments,minimum_unique_probes,minimum_unique_probe_asns,maximum_country_fallback_share",landlocked,catalog_landlocked_list,,,unknown_candidate_dependency_proxy,descriptive inter-region feasible-corridor candidate exposure; not actual cable use or traffic dependency,0.0,,,,unknown_corridor_observation_concentration,,,unknown_cross_layer_distribution_class
CI,A-Root,dns_root,anycast,all_publicly_visible,1,1,1,1.0,1.0,1.0,1.0,0.0,0.0,1,1.0,1.0,1,1,1,1,0.0,False,0.0,True,False,"insufficient_minimum_mappable_segments,minimum_unique_probes,minimum_unique_probe_asns","minimum_mappable_segments,minimum_unique_probes,minimum_unique_probe_asns",coastal_mainland_or_mixed,catalog_default_alpha2_rule,1.0,1.0,very_high_candidate_dependency_proxy,descriptive inter-region feasible-corridor candidate exposure; not actual cable use or traffic dependency,1.0,1.0,1.0,1.0,severe_corridor_observation_concentration,1.0,severe_network_transition_concentration,network_and_physical_both_concentrated
CI,A-Root,NA,NA,resolved_entry_only,0,0,0,,,,,,,0,,,0,0,0,0,,False,,False,False,insufficient_no_inter_region_projection_segments,"minimum_mappable_segments,minimum_unique_probes,minimum_unique_probe_asns,maximum_country_fallback_share",coastal_mainland_or_mixed,catalog_default_alpha2_rule,,,unknown_candidate_dependency_proxy,descriptive inter-region feasible-corridor candidate exposure; not actual cable use or traffic dependency,0.0,,,,unknown_corridor_observation_concentration,,,unknown_cross_layer_distribution_class
CK,A-Root,dns_root,anycast,all_publicly_visible,1,1,1,1.0,1.0,1.0,1.0,0.0,1.0,1,1.0,1.0,1,1,1,1,0.0,False,0.0,True,False,"insufficient_minimum_mappable_segments,minimum_unique_probes,minimum_unique_probe_asns","minimum_mappable_segments,minimum_unique_probes,minimum_unique_probe_asns",island_or_archipelagic,catalog_island_or_archipelagic_list,1.0,1.0,very_high_candidate_dependency_proxy,descriptive inter-region feasible-corridor candidate exposure; not actual cable use or traffic dependency,3.0,0.3333333333333333,1.0,2.9999999999999996,weak_corridor_observation_concentration,1.8898815748423097,moderate_network_transition_concentration,network_and_physical_both_concentrated
CK,A-Root,NA,NA,resolved_entry_only,0,0,0,,,,,,,0,,,0,0,0,0,,False,,False,False,insufficient_no_inter_region_projection_segments,"minimum_mappable_segments,minimum_unique_probes,minimum_unique_probe_asns,maximum_country_fallback_share",island_or_archipelagic,catalog_island_or_archipelagic_list,,,unknown_candidate_dependency_proxy,descriptive inter-region feasible-corridor candidate exposure; not actual cable use or traffic dependency,0.0,,,,unknown_corridor_observation_concentration,,,unknown_cross_layer_distribution_class
CL,A-Root,dns_root,anycast,all_publicly_visible,62,57,0,0.0,0.0,0.0,0.0,0.0,0.0,0,0.0,0.9193548387096774,61,27,1,1,0.0,True,,False,False,insufficient_no_inter_region_projection_segments,"minimum_mappable_segments,minimum_unique_probes,minimum_unique_probe_asns,maximum_country_fallback_share",coastal_mainland_or_mixed,catalog_default_alpha2_rule,0.0,0.0,no_observed_inter_region_candidate_exposure,descriptive inter-region feasible-corridor candidate exposure; not actual cable use or traffic dependency,0.0,,,,unknown_corridor_observation_concentration,,,unknown_cross_layer_distribution_class
CL,A-Root,NA,NA,resolved_entry_only,0,0,0,,,,,,,0,,,0,0,0,0,,False,,False,False,insufficient_no_inter_region_projection_segments,"minimum_mappable_segments,minimum_unique_probes,minimum_unique_probe_asns,maximum_country_fallback_share",coastal_mainland_or_mixed,catalog_default_alpha2_rule,,,unknown_candidate_dependency_proxy,descriptive inter-region feasible-corridor candidate exposure; not actual cable use or traffic dependency,0.0,,,,unknown_corridor_observation_concentration,,,unknown_cross_layer_distribution_class
CM,A-Root,dns_root,anycast,all_publicly_visible,2,2,1,0.5,0.5,0.5,0.0,0.5,0.0,1,0.5,1.0,2,2,1,1,0.0,False,0.0,True,False,"insufficient_minimum_mappable_segments,minimum_unique_probes,minimum_unique_probe_asns","minimum_mappable_segments,minimum_unique_probes,minimum_unique_probe_asns",coastal_mainland_or_mixed,catalog_default_alpha2_rule,0.5,0.5,very_high_candidate_dependency_proxy,descriptive inter-region feasible-corridor candidate exposure; not actual cable use or traffic dependency,1.0,1.0,1.0,1.0,severe_corridor_observation_concentration,1.0,severe_network_transition_concentration,network_and_physical_both_concentrated
CM,A-Root,NA,NA,resolved_entry_only,0,0,0,,,,,,,0,,,0,0,0,0,,False,,False,False,insufficient_no_inter_region_projection_segments,"minimum_mappable_segments,minimum_unique_probes,minimum_unique_probe_asns,maximum_country_fallback_share",coastal_mainland_or_mixed,catalog_default_alpha2_rule,,,unknown_candidate_dependency_proxy,descriptive inter-region feasible-corridor candidate exposure; not actual cable use or traffic dependency,0.0,,,,unknown_corridor_observation_concentration,,,unknown_cross_layer_distribution_class
CN,A-Root,dns_root,anycast,all_publicly_visible,64,59,1,0.015625,0.328125,0.015625,0.015625,0.0,0.328125,1,0.015625,0.921875,63,22,1,1,0.046875,True,1.0,False,False,"insufficient_minimum_mappable_segments,minimum_unique_probes,minimum_unique_probe_asns,maximum_country_fallback_share","minimum_mappable_segments,minimum_unique_probes,minimum_unique_probe_asns,maximum_country_fallback_share",coastal_mainland_or_mixed,catalog_default_alpha2_rule,0.015625,0.01694915254237288,low_candidate_dependency_proxy,descriptive inter-region feasible-corridor candidate exposure; not actual cable use or traffic dependency,1.0,0.3333333333333333,1.0,2.9999999999999996,weak_corridor_observation_concentration,1.0,severe_network_transition_concentration,network_and_physical_both_concentrated
CN,A-Root,dns_root,anycast,resolved_entry_only,3,3,0,0.0,0.0,0.0,0.0,0.0,0.0,0,0.0,1.0,3,1,1,1,1.0,False,,False,False,insufficient_no_inter_region_projection_segments,"minimum_mappable_segments,minimum_unique_probes,minimum_unique_probe_asns,maximum_country_fallback_share",coastal_mainland_or_mixed,catalog_default_alpha2_rule,0.0,0.0,no_observed_inter_region_candidate_exposure,descriptive inter-region feasible-corridor candidate exposure; not actual cable use or traffic dependency,0.0,,,,unknown_corridor_observation_concentration,,,unknown_cross_layer_distribution_class
CO,A-Root,dns_root,anycast,all_publicly_visible,31,26,3,0.0967741935483871,0.0967741935483871,0.0967741935483871,0.0,0.0967741935483871,0.0,3,0.0967741935483871,0.8387096774193549,31,22,1,1,0.0,True,0.0,True,False,"insufficient_minimum_mappable_segments,minimum_unique_probes,minimum_unique_probe_asns","minimum_mappable_segments,minimum_unique_probes,minimum_unique_probe_asns",coastal_mainland_or_mixed,catalog_default_alpha2_rule,0.0967741935483871,0.11538461538461539,moderate_candidate_dependency_proxy,descriptive inter-region feasible-corridor candidate exposure; not actual cable use or traffic dependency,3.0,0.3333333333333333,1.0,2.9999999999999996,weak_corridor_observation_concentration,1.8898815748423097,moderate_network_transition_concentration,network_and_physical_both_concentrated
CO,A-Root,NA,NA,resolved_entry_only,0,0,0,,,,,,,0,,,0,0,0,0,,False,,False,False,insufficient_no_inter_region_projection_segments,"minimum_mappable_segments,minimum_unique_probes,minimum_unique_probe_asns,maximum_country_fallback_share",coastal_mainland_or_mixed,catalog_default_alpha2_rule,,,unknown_candidate_dependency_proxy,descriptive inter-region feasible-corridor candidate exposure; not actual cable use or traffic dependency,0.0,,,,unknown_corridor_observation_concentration,,,unknown_cross_layer_distribution_class
CR,A-Root,dns_root,anycast,all_publicly_visible,13,7,2,0.15384615384615385,0.15384615384615385,0.15384615384615385,0.15384615384615385,0.0,0.0,2,0.15384615384615385,0.5384615384615384,13,7,1,1,0.0,False,0.0,True,False,"insufficient_minimum_mappable_segments,minimum_unique_probes,minimum_unique_probe_asns","minimum_mappable_segments,minimum_unique_probes,minimum_unique_probe_asns",coastal_mainland_or_mixed,catalog_default_alpha2_rule,0.15384615384615385,0.2857142857142857,high_candidate_dependency_proxy,descriptive inter-region feasible-corridor candidate exposure; not actual cable use or traffic dependency,2.0,1.0,1.0,1.0,severe_corridor_observation_concentration,1.0,severe_network_transition_concentration,network_and_physical_both_concentrated
CR,A-Root,NA,NA,resolved_entry_only,0,0,0,,,,,,,0,,,0,0,0,0,,False,,False,False,insufficient_no_inter_region_projection_segments,"minimum_mappable_segments,minimum_unique_probes,minimum_unique_probe_asns,maximum_country_fallback_share",coastal_mainland_or_mixed,catalog_default_alpha2_rule,,,unknown_candidate_dependency_proxy,descriptive inter-region feasible-corridor candidate exposure; not actual cable use or traffic dependency,0.0,,,,unknown_corridor_observation_concentration,,,unknown_cross_layer_distribution_class
CU,A-Root,dns_root,anycast,all_publicly_visible,1,1,0,0.0,0.0,0.0,0.0,0.0,0.0,0,0.0,1.0,1,1,1,1,0.0,False,,False,False,insufficient_no_inter_region_projection_segments,"minimum_mappable_segments,minimum_unique_probes,minimum_unique_probe_asns,maximum_country_fallback_share",island_or_archipelagic,catalog_island_or_archipelagic_list,0.0,0.0,no_observed_inter_region_candidate_exposure,descriptive inter-region feasible-corridor candidate exposure; not actual cable use or traffic dependency,0.0,,,,unknown_corridor_observation_concentration,,,unknown_cross_layer_distribution_class
CU,A-Root,NA,NA,resolved_entry_only,0,0,0,,,,,,,0,,,0,0,0,0,,False,,False,False,insufficient_no_inter_region_projection_segments,"minimum_mappable_segments,minimum_unique_probes,minimum_unique_probe_asns,maximum_country_fallback_share",island_or_archipelagic,catalog_island_or_archipelagic_list,,,unknown_candidate_dependency_proxy,descriptive inter-region feasible-corridor candidate exposure; not actual cable use or traffic dependency,0.0,,,,unknown_corridor_observation_concentration,,,unknown_cross_layer_distribution_class
CV,A-Root,dns_root,anycast,all_publicly_visible,3,3,3,1.0,1.0,1.0,1.0,1.0,0.0,3,1.0,1.0,3,1,1,1,0.0,False,0.0,True,False,"insufficient_minimum_mappable_segments,minimum_unique_probes,minimum_unique_probe_asns","minimum_mappable_segments,minimum_unique_probes,minimum_unique_probe_asns",island_or_archipelagic,catalog_island_or_archipelagic_list,1.0,1.0,very_high_candidate_dependency_proxy,descriptive inter-region feasible-corridor candidate exposure; not actual cable use or traffic dependency,6.0,0.5,1.0,2.0,moderate_corridor_observation_concentration,1.0,severe_network_transition_concentration,network_and_physical_both_concentrated
CV,A-Root,NA,NA,resolved_entry_only,0,0,0,,,,,,,0,,,0,0,0,0,,False,,False,False,insufficient_no_inter_region_projection_segments,"minimum_mappable_segments,minimum_unique_probes,minimum_unique_probe_asns,maximum_country_fallback_share",island_or_archipelagic,catalog_island_or_archipelagic_list,,,unknown_candidate_dependency_proxy,descriptive inter-region feasible-corridor candidate exposure; not actual cable use or traffic dependency,0.0,,,,unknown_corridor_observation_concentration,,,unknown_cross_layer_distribution_class
CW,A-Root,dns_root,anycast,all_publicly_visible,2,2,0,0.0,0.0,0.0,0.0,0.0,0.0,0,0.0,1.0,2,2,1,1,0.0,False,,False,False,insufficient_no_inter_region_projection_segments,"minimum_mappable_segments,minimum_unique_probes,minimum_unique_probe_asns,maximum_country_fallback_share",island_or_archipelagic,catalog_island_or_archipelagic_list,0.0,0.0,no_observed_inter_region_candidate_exposure,descriptive inter-region feasible-corridor candidate exposure; not actual cable use or traffic dependency,0.0,,,,unknown_corridor_observation_concentration,,,unknown_cross_layer_distribution_class
CW,A-Root,NA,NA,resolved_entry_only,0,0,0,,,,,,,0,,,0,0,0,0,,False,,False,False,insufficient_no_inter_region_projection_segments,"minimum_mappable_segments,minimum_unique_probes,minimum_unique_probe_asns,maximum_country_fallback_share",island_or_archipelagic,catalog_island_or_archipelagic_list,,,unknown_candidate_dependency_proxy,descriptive inter-region feasible-corridor candidate exposure; not actual cable use or traffic dependency,0.0,,,,unknown_corridor_observation_concentration,,,unknown_cross_layer_distribution_class
CY,A-Root,dns_root,anycast,all_publicly_visible,11,10,2,0.18181818181818182,0.18181818181818182,0.18181818181818182,0.0,0.18181818181818182,0.0,2,0.18181818181818182,0.9090909090909091,11,6,1,1,0.0,False,0.0,True,False,"insufficient_minimum_mappable_segments,minimum_unique_probes,minimum_unique_probe_asns","minimum_mappable_segments,minimum_unique_probes,minimum_unique_probe_asns",island_or_archipelagic,catalog_island_or_archipelagic_list,0.18181818181818182,0.2,high_candidate_dependency_proxy,descriptive inter-region feasible-corridor candidate exposure; not actual cable use or traffic dependency,2.0,1.0,1.0,1.0,severe_corridor_observation_concentration,1.0,severe_network_transition_concentration,network_and_physical_both_concentrated
CY,A-Root,NA,NA,resolved_entry_only,0,0,0,,,,,,,0,,,0,0,0,0,,False,,False,False,insufficient_no_inter_region_projection_segments,"minimum_mappable_segments,minimum_unique_probes,minimum_unique_probe_asns,maximum_country_fallback_share",island_or_archipelagic,catalog_island_or_archipelagic_list,,,unknown_candidate_dependency_proxy,descriptive inter-region feasible-corridor candidate exposure; not actual cable use or traffic dependency,0.0,,,,unknown_corridor_observation_concentration,,,unknown_cross_layer_distribution_class
CZ,A-Root,dns_root,anycast,all_publicly_visible,220,217,0,0.0,0.0,0.0,0.0,0.0,0.0,0,0.0,0.9863636363636363,219,84,1,1,0.0,True,,False,False,insufficient_no_inter_region_projection_segments,"minimum_mappable_segments,minimum_unique_probes,minimum_unique_probe_asns,maximum_country_fallback_share",landlocked,catalog_landlocked_list,0.0,0.0,no_observed_inter_region_candidate_exposure,descriptive inter-region feasible-corridor candidate exposure; not actual cable use or traffic dependency,0.0,,,,unknown_corridor_observation_concentration,,,unknown_cross_layer_distribution_class
CZ,A-Root,NA,NA,resolved_entry_only,0,0,0,,,,,,,0,,,0,0,0,0,,False,,False,False,insufficient_no_inter_region_projection_segments,"minimum_mappable_segments,minimum_unique_probes,minimum_unique_probe_asns,maximum_country_fallback_share",landlocked,catalog_landlocked_list,,,unknown_candidate_dependency_proxy,descriptive inter-region feasible-corridor candidate exposure; not actual cable use or traffic dependency,0.0,,,,unknown_corridor_observation_concentration,,,unknown_cross_layer_distribution_class
DE,A-Root,dns_root,anycast,all_publicly_visible,1374,1333,0,0.0,0.004366812227074236,0.0,0.0,0.0,0.004366812227074236,0,0.0,0.970160116448326,1373,342,1,1,0.0,True,,False,False,insufficient_no_inter_region_projection_segments,"minimum_mappable_segments,minimum_unique_probes,minimum_unique_probe_asns,maximum_country_fallback_share",coastal_mainland_or_mixed,catalog_default_alpha2_rule,0.0,0.0,no_observed_inter_region_candidate_exposure,descriptive inter-region feasible-corridor candidate exposure; not actual cable use or traffic dependency,0.0,,,,unknown_corridor_observation_concentration,,,unknown_cross_layer_distribution_class
DE,A-Root,NA,NA,resolved_entry_only,0,0,0,,,,,,,0,,,0,0,0,0,,False,,False,False,insufficient_no_inter_region_projection_segments,"minimum_mappable_segments,minimum_unique_probes,minimum_unique_probe_asns,maximum_country_fallback_share",coastal_mainland_or_mixed,catalog_default_alpha2_rule,,,unknown_candidate_dependency_proxy,descriptive inter-region feasible-corridor candidate exposure; not actual cable use or traffic dependency,0.0,,,,unknown_corridor_observation_concentration,,,unknown_cross_layer_distribution_class
DJ,A-Root,dns_root,anycast,all_publicly_visible,3,3,2,0.6666666666666666,0.6666666666666666,0.6666666666666666,0.0,0.6666666666666666,0.0,2,0.6666666666666666,1.0,3,2,1,1,0.0,False,0.0,True,False,"insufficient_minimum_mappable_segments,minimum_unique_probes,minimum_unique_probe_asns","minimum_mappable_segments,minimum_unique_probes,minimum_unique_probe_asns",coastal_mainland_or_mixed,catalog_default_alpha2_rule,0.6666666666666666,0.6666666666666666,very_high_candidate_dependency_proxy,descriptive inter-region feasible-corridor candidate exposure; not actual cable use or traffic dependency,2.0,0.5,1.0,2.0,moderate_corridor_observation_concentration,1.0,severe_network_transition_concentration,network_and_physical_both_concentrated
DJ,A-Root,NA,NA,resolved_entry_only,0,0,0,,,,,,,0,,,0,0,0,0,,False,,False,False,insufficient_no_inter_region_projection_segments,"minimum_mappable_segments,minimum_unique_probes,minimum_unique_probe_asns,maximum_country_fallback_share",coastal_mainland_or_mixed,catalog_default_alpha2_rule,,,unknown_candidate_dependency_proxy,descriptive inter-region feasible-corridor candidate exposure; not actual cable use or traffic dependency,0.0,,,,unknown_corridor_observation_concentration,,,unknown_cross_layer_distribution_class
DK,A-Root,dns_root,anycast,all_publicly_visible,75,71,54,0.72,0.7466666666666667,0.72,0.72,0.30666666666666664,0.72,54,0.72,0.9466666666666667,75,31,1,1,0.0,True,0.033112582781456956,True,True,auditable,,coastal_mainland_or_mixed,catalog_default_alpha2_rule,0.72,0.7605633802816901,very_high_candidate_dependency_proxy,descriptive inter-region feasible-corridor candidate exposure; not actual cable use or traffic dependency,151.0,0.9006622516556292,1.0,1.4806498757409763,severe_corridor_observation_concentration,16.98958998097067,broad_network_transition_distribution,network_broad_physical_concentrated
DK,A-Root,NA,NA,resolved_entry_only,0,0,0,,,,,,,0,,,0,0,0,0,,False,,False,False,insufficient_no_inter_region_projection_segments,"minimum_mappable_segments,minimum_unique_probes,minimum_unique_probe_asns,maximum_country_fallback_share",coastal_mainland_or_mixed,catalog_default_alpha2_rule,,,unknown_candidate_dependency_proxy,descriptive inter-region feasible-corridor candidate exposure; not actual cable use or traffic dependency,0.0,,,,unknown_corridor_observation_concentration,,,unknown_cross_layer_distribution_class
DO,A-Root,dns_root,anycast,all_publicly_visible,7,6,1,0.14285714285714285,0.14285714285714285,0.14285714285714285,0.0,0.14285714285714285,0.0,1,0.14285714285714285,0.8571428571428571,7,6,1,1,0.0,False,0.0,True,False,"insufficient_minimum_mappable_segments,minimum_unique_probes,minimum_unique_probe_asns","minimum_mappable_segments,minimum_unique_probes,minimum_unique_probe_asns",island_or_archipelagic,catalog_island_or_archipelagic_list,0.14285714285714285,0.16666666666666666,moderate_candidate_dependency_proxy,descriptive inter-region feasible-corridor candidate exposure; not actual cable use or traffic dependency,1.0,1.0,1.0,1.0,severe_corridor_observation_concentration,1.0,severe_network_transition_concentration,network_and_physical_both_concentrated
DO,A-Root,NA,NA,resolved_entry_only,0,0,0,,,,,,,0,,,0,0,0,0,,False,,False,False,insufficient_no_inter_region_projection_segments,"minimum_mappable_segments,minimum_unique_probes,minimum_unique_probe_asns,maximum_country_fallback_share",island_or_archipelagic,catalog_island_or_archipelagic_list,,,unknown_candidate_dependency_proxy,descriptive inter-region feasible-corridor candidate exposure; not actual cable use or traffic dependency,0.0,,,,unknown_corridor_observation_concentration,,,unknown_cross_layer_distribution_class
DZ,A-Root,dns_root,anycast,all_publicly_visible,1,0,0,0.0,0.0,0.0,0.0,0.0,0.0,0,0.0,0.0,1,1,1,1,0.0,False,,False,False,insufficient_no_inter_region_projection_segments,"minimum_mappable_segments,minimum_unique_probes,minimum_unique_probe_asns,maximum_country_fallback_share",coastal_mainland_or_mixed,catalog_default_alpha2_rule,0.0,,no_observed_inter_region_candidate_exposure,descriptive inter-region feasible-corridor candidate exposure; not actual cable use or traffic dependency,0.0,,,,unknown_corridor_observation_concentration,,,unknown_cross_layer_distribution_class
DZ,A-Root,NA,NA,resolved_entry_only,0,0,0,,,,,,,0,,,0,0,0,0,,False,,False,False,insufficient_no_inter_region_projection_segments,"minimum_mappable_segments,minimum_unique_probes,minimum_unique_probe_asns,maximum_country_fallback_share",coastal_mainland_or_mixed,catalog_default_alpha2_rule,,,unknown_candidate_dependency_proxy,descriptive inter-region feasible-corridor candidate exposure; not actual cable use or traffic dependency,0.0,,,,unknown_corridor_observation_concentration,,,unknown_cross_layer_distribution_class
EC,A-Root,dns_root,anycast,all_publicly_visible,19,16,3,0.15789473684210525,0.15789473684210525,0.15789473684210525,0.0,0.15789473684210525,0.0,3,0.15789473684210525,0.8421052631578947,19,15,1,1,0.0,False,0.0,True,False,"insufficient_minimum_mappable_segments,minimum_unique_probes","minimum_mappable_segments,minimum_unique_probes",coastal_mainland_or_mixed,catalog_default_alpha2_rule,0.15789473684210525,0.1875,high_candidate_dependency_proxy,descriptive inter-region feasible-corridor candidate exposure; not actual cable use or traffic dependency,3.0,0.6666666666666666,1.0,1.8898815748423097,moderate_corridor_observation_concentration,1.0,severe_network_transition_concentration,network_and_physical_both_concentrated
EC,A-Root,NA,NA,resolved_entry_only,0,0,0,,,,,,,0,,,0,0,0,0,,False,,False,False,insufficient_no_inter_region_projection_segments,"minimum_mappable_segments,minimum_unique_probes,minimum_unique_probe_asns,maximum_country_fallback_share",coastal_mainland_or_mixed,catalog_default_alpha2_rule,,,unknown_candidate_dependency_proxy,descriptive inter-region feasible-corridor candidate exposure; not actual cable use or traffic dependency,0.0,,,,unknown_corridor_observation_concentration,,,unknown_cross_layer_distribution_class
EE,A-Root,dns_root,anycast,all_publicly_visible,35,29,16,0.45714285714285713,0.45714285714285713,0.45714285714285713,0.0,0.45714285714285713,0.0,16,0.45714285714285713,0.8285714285714286,35,19,1,1,0.0,True,0.0,True,False,insufficient_minimum_mappable_segments,minimum_mappable_segments,coastal_mainland_or_mixed,catalog_default_alpha2_rule,0.45714285714285713,0.5517241379310345,very_high_candidate_dependency_proxy,descriptive inter-region feasible-corridor candidate exposure; not actual cable use or traffic dependency,16.0,0.40625,1.0,2.84555933020672,moderate_corridor_observation_concentration,3.6040068487120482,weak_network_transition_concentration,network_broad_physical_concentrated
EE,A-Root,NA,NA,resolved_entry_only,0,0,0,,,,,,,0,,,0,0,0,0,,False,,False,False,insufficient_no_inter_region_projection_segments,"minimum_mappable_segments,minimum_unique_probes,minimum_unique_probe_asns,maximum_country_fallback_share",coastal_mainland_or_mixed,catalog_default_alpha2_rule,,,unknown_candidate_dependency_proxy,descriptive inter-region feasible-corridor candidate exposure; not actual cable use or traffic dependency,0.0,,,,unknown_corridor_observation_concentration,,,unknown_cross_layer_distribution_class
EG,A-Root,dns_root,anycast,all_publicly_visible,3,3,0,0.0,0.0,0.0,0.0,0.0,0.0,0,0.0,1.0,3,2,1,1,0.0,False,,False,False,insufficient_no_inter_region_projection_segments,"minimum_mappable_segments,minimum_unique_probes,minimum_unique_probe_asns,maximum_country_fallback_share",coastal_mainland_or_mixed,catalog_default_alpha2_rule,0.0,0.0,no_observed_inter_region_candidate_exposure,descriptive inter-region feasible-corridor candidate exposure; not actual cable use or traffic dependency,0.0,,,,unknown_corridor_observation_concentration,,,unknown_cross_layer_distribution_class
EG,A-Root,NA,NA,resolved_entry_only,0,0,0,,,,,,,0,,,0,0,0,0,,False,,False,False,insufficient_no_inter_region_projection_segments,"minimum_mappable_segments,minimum_unique_probes,minimum_unique_probe_asns,maximum_country_fallback_share",coastal_mainland_or_mixed,catalog_default_alpha2_rule,,,unknown_candidate_dependency_proxy,descriptive inter-region feasible-corridor candidate exposure; not actual cable use or traffic dependency,0.0,,,,unknown_corridor_observation_concentration,,,unknown_cross_layer_distribution_class
ES,A-Root,dns_root,anycast,all_publicly_visible,194,142,42,0.21649484536082475,0.21649484536082475,0.21649484536082475,0.02577319587628866,0.19072164948453607,0.0,42,0.21649484536082475,0.7319587628865979,194,64,1,1,0.0,True,0.0,True,True,auditable,,coastal_mainland_or_mixed,catalog_default_alpha2_rule,0.21649484536082475,0.29577464788732394,high_candidate_dependency_proxy,descriptive inter-region feasible-corridor candidate exposure; not actual cable use or traffic dependency,42.0,0.7857142857142857,0.9523809523809523,2.2175807306719166,moderate_corridor_observation_concentration,3.2547447990047607,weak_network_transition_concentration,network_broad_physical_concentrated
ES,A-Root,NA,NA,resolved_entry_only,0,0,0,,,,,,,0,,,0,0,0,0,,False,,False,False,insufficient_no_inter_region_projection_segments,"minimum_mappable_segments,minimum_unique_probes,minimum_unique_probe_asns,maximum_country_fallback_share",coastal_mainland_or_mixed,catalog_default_alpha2_rule,,,unknown_candidate_dependency_proxy,descriptive inter-region feasible-corridor candidate exposure; not actual cable use or traffic dependency,0.0,,,,unknown_corridor_observation_concentration,,,unknown_cross_layer_distribution_class
FI,A-Root,dns_root,anycast,all_publicly_visible,143,136,60,0.4195804195804196,0.4195804195804196,0.4195804195804196,0.1048951048951049,0.34965034965034963,0.02097902097902098,60,0.4195804195804196,0.951048951048951,143,55,1,1,0.0,True,0.0,True,True,auditable,,coastal_mainland_or_mixed,catalog_default_alpha2_rule,0.4195804195804196,0.4411764705882353,very_high_candidate_dependency_proxy,descriptive inter-region feasible-corridor candidate exposure; not actual cable use or traffic dependency,73.0,0.3219178082191781,0.726027397260274,5.759172322258731,broad_corridor_observation_distribution,6.0046249573177075,broad_network_transition_distribution,network_and_physical_both_broad
FI,A-Root,NA,NA,resolved_entry_only,0,0,0,,,,,,,0,,,0,0,0,0,,False,,False,False,insufficient_no_inter_region_projection_segments,"minimum_mappable_segments,minimum_unique_probes,minimum_unique_probe_asns,maximum_country_fallback_share",coastal_mainland_or_mixed,catalog_default_alpha2_rule,,,unknown_candidate_dependency_proxy,descriptive inter-region feasible-corridor candidate exposure; not actual cable use or traffic dependency,0.0,,,,unknown_corridor_observation_concentration,,,unknown_cross_layer_distribution_class
FM,A-Root,dns_root,anycast,all_publicly_visible,2,1,0,0.0,0.5,0.0,0.0,0.0,0.5,0,0.0,0.5,2,1,1,1,0.0,False,,False,False,insufficient_no_inter_region_projection_segments,"minimum_mappable_segments,minimum_unique_probes,minimum_unique_probe_asns,maximum_country_fallback_share",island_or_archipelagic,catalog_island_or_archipelagic_list,0.0,0.0,no_observed_inter_region_candidate_exposure,descriptive inter-region feasible-corridor candidate exposure; not actual cable use or traffic dependency,0.0,,,,unknown_corridor_observation_concentration,,,unknown_cross_layer_distribution_class
FM,A-Root,NA,NA,resolved_entry_only,0,0,0,,,,,,,0,,,0,0,0,0,,False,,False,False,insufficient_no_inter_region_projection_segments,"minimum_mappable_segments,minimum_unique_probes,minimum_unique_probe_asns,maximum_country_fallback_share",island_or_archipelagic,catalog_island_or_archipelagic_list,,,unknown_candidate_dependency_proxy,descriptive inter-region feasible-corridor candidate exposure; not actual cable use or traffic dependency,0.0,,,,unknown_corridor_observation_concentration,,,unknown_cross_layer_distribution_class
FR,A-Root,dns_root,anycast,all_publicly_visible,788,742,1,0.0012690355329949238,0.0012690355329949238,0.0012690355329949238,0.0,0.0012690355329949238,0.0,1,0.0012690355329949238,0.9416243654822335,788,145,1,1,0.0,True,0.0,True,False,"insufficient_minimum_mappable_segments,minimum_unique_probes,minimum_unique_probe_asns","minimum_mappable_segments,minimum_unique_probes,minimum_unique_probe_asns",coastal_mainland_or_mixed,catalog_default_alpha2_rule,0.0012690355329949238,0.0013477088948787063,low_candidate_dependency_proxy,descriptive inter-region feasible-corridor candidate exposure; not actual cable use or traffic dependency,1.0,1.0,1.0,1.0,severe_corridor_observation_concentration,1.0,severe_network_transition_concentration,network_and_physical_both_concentrated
FR,A-Root,NA,NA,resolved_entry_only,0,0,0,,,,,,,0,,,0,0,0,0,,False,,False,False,insufficient_no_inter_region_projection_segments,"minimum_mappable_segments,minimum_unique_probes,minimum_unique_probe_asns,maximum_country_fallback_share",coastal_mainland_or_mixed,catalog_default_alpha2_rule,,,unknown_candidate_dependency_proxy,descriptive inter-region feasible-corridor candidate exposure; not actual cable use or traffic dependency,0.0,,,,unknown_corridor_observation_concentration,,,unknown_cross_layer_distribution_class
GB,A-Root,dns_root,anycast,all_publicly_visible,455,394,0,0.0,0.004395604395604396,0.0,0.0,0.0,0.004395604395604396,0,0.0,0.865934065934066,455,166,1,1,0.0,True,,False,False,insufficient_no_inter_region_projection_segments,"minimum_mappable_segments,minimum_unique_probes,minimum_unique_probe_asns,maximum_country_fallback_share",island_or_archipelagic,catalog_island_or_archipelagic_list,0.0,0.0,no_observed_inter_region_candidate_exposure,descriptive inter-region feasible-corridor candidate exposure; not actual cable use or traffic dependency,0.0,,,,unknown_corridor_observation_concentration,,,unknown_cross_layer_distribution_class
GB,A-Root,NA,NA,resolved_entry_only,0,0,0,,,,,,,0,,,0,0,0,0,,False,,False,False,insufficient_no_inter_region_projection_segments,"minimum_mappable_segments,minimum_unique_probes,minimum_unique_probe_asns,maximum_country_fallback_share",island_or_archipelagic,catalog_island_or_archipelagic_list,,,unknown_candidate_dependency_proxy,descriptive inter-region feasible-corridor candidate exposure; not actual cable use or traffic dependency,0.0,,,,unknown_corridor_observation_concentration,,,unknown_cross_layer_distribution_class
GE,A-Root,dns_root,anycast,all_publicly_visible,12,12,0,0.0,0.0,0.0,0.0,0.0,0.0,0,0.0,1.0,12,8,1,1,0.0,False,,False,False,insufficient_no_inter_region_projection_segments,"minimum_mappable_segments,minimum_unique_probes,minimum_unique_probe_asns,maximum_country_fallback_share",coastal_mainland_or_mixed,catalog_default_alpha2_rule,0.0,0.0,no_observed_inter_region_candidate_exposure,descriptive inter-region feasible-corridor candidate exposure; not actual cable use or traffic dependency,0.0,,,,unknown_corridor_observation_concentration,,,unknown_cross_layer_distribution_class
GE,A-Root,NA,NA,resolved_entry_only,0,0,0,,,,,,,0,,,0,0,0,0,,False,,False,False,insufficient_no_inter_region_projection_segments,"minimum_mappable_segments,minimum_unique_probes,minimum_unique_probe_asns,maximum_country_fallback_share",coastal_mainland_or_mixed,catalog_default_alpha2_rule,,,unknown_candidate_dependency_proxy,descriptive inter-region feasible-corridor candidate exposure; not actual cable use or traffic dependency,0.0,,,,unknown_corridor_observation_concentration,,,unknown_cross_layer_distribution_class
GF,A-Root,dns_root,anycast,all_publicly_visible,1,1,0,0.0,0.0,0.0,0.0,0.0,0.0,0,0.0,1.0,1,1,1,1,0.0,False,,False,False,insufficient_no_inter_region_projection_segments,"minimum_mappable_segments,minimum_unique_probes,minimum_unique_probe_asns,maximum_country_fallback_share",coastal_mainland_or_mixed,catalog_default_alpha2_rule,0.0,0.0,no_observed_inter_region_candidate_exposure,descriptive inter-region feasible-corridor candidate exposure; not actual cable use or traffic dependency,0.0,,,,unknown_corridor_observation_concentration,,,unknown_cross_layer_distribution_class
GF,A-Root,NA,NA,resolved_entry_only,0,0,0,,,,,,,0,,,0,0,0,0,,False,,False,False,insufficient_no_inter_region_projection_segments,"minimum_mappable_segments,minimum_unique_probes,minimum_unique_probe_asns,maximum_country_fallback_share",coastal_mainland_or_mixed,catalog_default_alpha2_rule,,,unknown_candidate_dependency_proxy,descriptive inter-region feasible-corridor candidate exposure; not actual cable use or traffic dependency,0.0,,,,unknown_corridor_observation_concentration,,,unknown_cross_layer_distribution_class
GH,A-Root,dns_root,anycast,all_publicly_visible,3,3,1,0.3333333333333333,0.3333333333333333,0.3333333333333333,0.0,0.3333333333333333,0.0,1,0.3333333333333333,1.0,3,3,1,1,0.0,False,0.0,True,False,"insufficient_minimum_mappable_segments,minimum_unique_probes,minimum_unique_probe_asns","minimum_mappable_segments,minimum_unique_probes,minimum_unique_probe_asns",coastal_mainland_or_mixed,catalog_default_alpha2_rule,0.3333333333333333,0.3333333333333333,very_high_candidate_dependency_proxy,descriptive inter-region feasible-corridor candidate exposure; not actual cable use or traffic dependency,1.0,1.0,1.0,1.0,severe_corridor_observation_concentration,1.0,severe_network_transition_concentration,network_and_physical_both_concentrated
GH,A-Root,NA,NA,resolved_entry_only,0,0,0,,,,,,,0,,,0,0,0,0,,False,,False,False,insufficient_no_inter_region_projection_segments,"minimum_mappable_segments,minimum_unique_probes,minimum_unique_probe_asns,maximum_country_fallback_share",coastal_mainland_or_mixed,catalog_default_alpha2_rule,,,unknown_candidate_dependency_proxy,descriptive inter-region feasible-corridor candidate exposure; not actual cable use or traffic dependency,0.0,,,,unknown_corridor_observation_concentration,,,unknown_cross_layer_distribution_class
GP,A-Root,dns_root,anycast,all_publicly_visible,1,1,0,0.0,0.0,0.0,0.0,0.0,0.0,0,0.0,1.0,1,1,1,1,0.0,False,,False,False,insufficient_no_inter_region_projection_segments,"minimum_mappable_segments,minimum_unique_probes,minimum_unique_probe_asns,maximum_country_fallback_share",island_or_archipelagic,catalog_island_or_archipelagic_list,0.0,0.0,no_observed_inter_region_candidate_exposure,descriptive inter-region feasible-corridor candidate exposure; not actual cable use or traffic dependency,0.0,,,,unknown_corridor_observation_concentration,,,unknown_cross_layer_distribution_class
GP,A-Root,NA,NA,resolved_entry_only,0,0,0,,,,,,,0,,,0,0,0,0,,False,,False,False,insufficient_no_inter_region_projection_segments,"minimum_mappable_segments,minimum_unique_probes,minimum_unique_probe_asns,maximum_country_fallback_share",island_or_archipelagic,catalog_island_or_archipelagic_list,,,unknown_candidate_dependency_proxy,descriptive inter-region feasible-corridor candidate exposure; not actual cable use or traffic dependency,0.0,,,,unknown_corridor_observation_concentration,,,unknown_cross_layer_distribution_class
GR,A-Root,dns_root,anycast,all_publicly_visible,60,52,0,0.0,0.0,0.0,0.0,0.0,0.0,0,0.0,0.8666666666666667,60,20,1,1,0.0,True,,False,False,insufficient_no_inter_region_projection_segments,"minimum_mappable_segments,minimum_unique_probes,minimum_unique_probe_asns,maximum_country_fallback_share",coastal_mainland_or_mixed,catalog_default_alpha2_rule,0.0,0.0,no_observed_inter_region_candidate_exposure,descriptive inter-region feasible-corridor candidate exposure; not actual cable use or traffic dependency,0.0,,,,unknown_corridor_observation_concentration,,,unknown_cross_layer_distribution_class
GR,A-Root,NA,NA,resolved_entry_only,0,0,0,,,,,,,0,,,0,0,0,0,,False,,False,False,insufficient_no_inter_region_projection_segments,"minimum_mappable_segments,minimum_unique_probes,minimum_unique_probe_asns,maximum_country_fallback_share",coastal_mainland_or_mixed,catalog_default_alpha2_rule,,,unknown_candidate_dependency_proxy,descriptive inter-region feasible-corridor candidate exposure; not actual cable use or traffic dependency,0.0,,,,unknown_corridor_observation_concentration,,,unknown_cross_layer_distribution_class
GT,A-Root,dns_root,anycast,all_publicly_visible,2,0,0,0.0,0.0,0.0,0.0,0.0,0.0,0,0.0,0.0,2,1,1,1,0.0,False,,False,False,insufficient_no_inter_region_projection_segments,"minimum_mappable_segments,minimum_unique_probes,minimum_unique_probe_asns,maximum_country_fallback_share",coastal_mainland_or_mixed,catalog_default_alpha2_rule,0.0,,no_observed_inter_region_candidate_exposure,descriptive inter-region feasible-corridor candidate exposure; not actual cable use or traffic dependency,0.0,,,,unknown_corridor_observation_concentration,,,unknown_cross_layer_distribution_class
GT,A-Root,NA,NA,resolved_entry_only,0,0,0,,,,,,,0,,,0,0,0,0,,False,,False,False,insufficient_no_inter_region_projection_segments,"minimum_mappable_segments,minimum_unique_probes,minimum_unique_probe_asns,maximum_country_fallback_share",coastal_mainland_or_mixed,catalog_default_alpha2_rule,,,unknown_candidate_dependency_proxy,descriptive inter-region feasible-corridor candidate exposure; not actual cable use or traffic dependency,0.0,,,,unknown_corridor_observation_concentration,,,unknown_cross_layer_distribution_class
GU,A-Root,dns_root,anycast,all_publicly_visible,7,7,5,0.7142857142857143,1.0,0.7142857142857143,0.7142857142857143,0.42857142857142855,0.8571428571428571,5,0.7142857142857143,1.0,7,5,1,1,0.0,False,0.1,True,False,"insufficient_minimum_mappable_segments,minimum_unique_probes","minimum_mappable_segments,minimum_unique_probes",island_or_archipelagic,catalog_island_or_archipelagic_list,0.7142857142857143,0.7142857142857143,very_high_candidate_dependency_proxy,descriptive inter-region feasible-corridor candidate exposure; not actual cable use or traffic dependency,10.0,0.3,0.5,8.26170384178151,broad_corridor_observation_distribution,4.999999999999998,broad_network_transition_distribution,network_and_physical_both_broad
GU,A-Root,NA,NA,resolved_entry_only,0,0,0,,,,,,,0,,,0,0,0,0,,False,,False,False,insufficient_no_inter_region_projection_segments,"minimum_mappable_segments,minimum_unique_probes,minimum_unique_probe_asns,maximum_country_fallback_share",island_or_archipelagic,catalog_island_or_archipelagic_list,,,unknown_candidate_dependency_proxy,descriptive inter-region feasible-corridor candidate exposure; not actual cable use or traffic dependency,0.0,,,,unknown_corridor_observation_concentration,,,unknown_cross_layer_distribution_class
HK,A-Root,dns_root,anycast,all_publicly_visible,53,52,32,0.6037735849056604,0.8679245283018868,0.6037735849056604,0.6037735849056604,0.33962264150943394,0.8679245283018868,32,0.6037735849056604,0.9811320754716981,53,34,1,1,0.0,True,0.10344827586206896,True,True,auditable,,coastal_mainland_or_mixed,catalog_default_alpha2_rule,0.6037735849056604,0.6153846153846154,very_high_candidate_dependency_proxy,descriptive inter-region feasible-corridor candidate exposure; not actual cable use or traffic dependency,87.0,0.2375478927203065,0.7126436781609194,6.295877677521526,broad_corridor_observation_distribution,5.86953627160713,broad_network_transition_distribution,network_and_physical_both_broad
HK,A-Root,NA,NA,resolved_entry_only,0,0,0,,,,,,,0,,,0,0,0,0,,False,,False,False,insufficient_no_inter_region_projection_segments,"minimum_mappable_segments,minimum_unique_probes,minimum_unique_probe_asns,maximum_country_fallback_share",coastal_mainland_or_mixed,catalog_default_alpha2_rule,,,unknown_candidate_dependency_proxy,descriptive inter-region feasible-corridor candidate exposure; not actual cable use or traffic dependency,0.0,,,,unknown_corridor_observation_concentration,,,unknown_cross_layer_distribution_class
HN,A-Root,dns_root,anycast,all_publicly_visible,8,5,4,0.5,0.5,0.5,0.0,0.5,0.0,4,0.5,0.625,8,6,1,1,0.0,False,0.0,True,False,"insufficient_minimum_mappable_segments,minimum_unique_probes","minimum_mappable_segments,minimum_unique_probes",coastal_mainland_or_mixed,catalog_default_alpha2_rule,0.5,0.8,very_high_candidate_dependency_proxy,descriptive inter-region feasible-corridor candidate exposure; not actual cable use or traffic dependency,4.0,1.0,1.0,1.0,severe_corridor_observation_concentration,1.0,severe_network_transition_concentration,network_and_physical_both_concentrated
HN,A-Root,NA,NA,resolved_entry_only,0,0,0,,,,,,,0,,,0,0,0,0,,False,,False,False,insufficient_no_inter_region_projection_segments,"minimum_mappable_segments,minimum_unique_probes,minimum_unique_probe_asns,maximum_country_fallback_share",coastal_mainland_or_mixed,catalog_default_alpha2_rule,,,unknown_candidate_dependency_proxy,descriptive inter-region feasible-corridor candidate exposure; not actual cable use or traffic dependency,0.0,,,,unknown_corridor_observation_concentration,,,unknown_cross_layer_distribution_class
HR,A-Root,dns_root,anycast,all_publicly_visible,31,27,0,0.0,0.0,0.0,0.0,0.0,0.0,0,0.0,0.8709677419354839,31,17,1,1,0.0,True,,False,False,insufficient_no_inter_region_projection_segments,"minimum_mappable_segments,minimum_unique_probes,minimum_unique_probe_asns,maximum_country_fallback_share",coastal_mainland_or_mixed,catalog_default_alpha2_rule,0.0,0.0,no_observed_inter_region_candidate_exposure,descriptive inter-region feasible-corridor candidate exposure; not actual cable use or traffic dependency,0.0,,,,unknown_corridor_observation_concentration,,,unknown_cross_layer_distribution_class
HR,A-Root,NA,NA,resolved_entry_only,0,0,0,,,,,,,0,,,0,0,0,0,,False,,False,False,insufficient_no_inter_region_projection_segments,"minimum_mappable_segments,minimum_unique_probes,minimum_unique_probe_asns,maximum_country_fallback_share",coastal_mainland_or_mixed,catalog_default_alpha2_rule,,,unknown_candidate_dependency_proxy,descriptive inter-region feasible-corridor candidate exposure; not actual cable use or traffic dependency,0.0,,,,unknown_corridor_observation_concentration,,,unknown_cross_layer_distribution_class
HU,A-Root,dns_root,anycast,all_publicly_visible,39,35,0,0.0,0.0,0.0,0.0,0.0,0.0,0,0.0,0.8974358974358975,39,16,1,1,0.0,True,,False,False,insufficient_no_inter_region_projection_segments,"minimum_mappable_segments,minimum_unique_probes,minimum_unique_probe_asns,maximum_country_fallback_share",landlocked,catalog_landlocked_list,0.0,0.0,no_observed_inter_region_candidate_exposure,descriptive inter-region feasible-corridor candidate exposure; not actual cable use or traffic dependency,0.0,,,,unknown_corridor_observation_concentration,,,unknown_cross_layer_distribution_class
HU,A-Root,NA,NA,resolved_entry_only,0,0,0,,,,,,,0,,,0,0,0,0,,False,,False,False,insufficient_no_inter_region_projection_segments,"minimum_mappable_segments,minimum_unique_probes,minimum_unique_probe_asns,maximum_country_fallback_share",landlocked,catalog_landlocked_list,,,unknown_candidate_dependency_proxy,descriptive inter-region feasible-corridor candidate exposure; not actual cable use or traffic dependency,0.0,,,,unknown_corridor_observation_concentration,,,unknown_cross_layer_distribution_class
ID,A-Root,dns_root,anycast,all_publicly_visible,71,71,68,0.9577464788732394,0.9577464788732394,0.9577464788732394,0.9295774647887324,0.3380281690140845,0.704225352112676,68,0.9577464788732394,1.0,70,54,1,1,0.0,True,0.09004739336492891,True,True,auditable,,island_or_archipelagic,catalog_island_or_archipelagic_list,0.9577464788732394,0.9577464788732394,very_high_candidate_dependency_proxy,descriptive inter-region feasible-corridor candidate exposure; not actual cable use or traffic dependency,211.0,0.36018957345971564,0.6015797788309636,9.496901718909893,broad_corridor_observation_distribution,45.16588171740399,broad_network_transition_distribution,network_and_physical_both_broad
ID,A-Root,NA,NA,resolved_entry_only,0,0,0,,,,,,,0,,,0,0,0,0,,False,,False,False,insufficient_no_inter_region_projection_segments,"minimum_mappable_segments,minimum_unique_probes,minimum_unique_probe_asns,maximum_country_fallback_share",island_or_archipelagic,catalog_island_or_archipelagic_list,,,unknown_candidate_dependency_proxy,descriptive inter-region feasible-corridor candidate exposure; not actual cable use or traffic dependency,0.0,,,,unknown_corridor_observation_concentration,,,unknown_cross_layer_distribution_class
IE,A-Root,dns_root,anycast,all_publicly_visible,79,67,0,0.0,0.0,0.0,0.0,0.0,0.0,0,0.0,0.8481012658227848,79,23,1,1,0.0,True,,False,False,insufficient_no_inter_region_projection_segments,"minimum_mappable_segments,minimum_unique_probes,minimum_unique_probe_asns,maximum_country_fallback_share",island_or_archipelagic,catalog_island_or_archipelagic_list,0.0,0.0,no_observed_inter_region_candidate_exposure,descriptive inter-region feasible-corridor candidate exposure; not actual cable use or traffic dependency,0.0,,,,unknown_corridor_observation_concentration,,,unknown_cross_layer_distribution_class
IE,A-Root,NA,NA,resolved_entry_only,0,0,0,,,,,,,0,,,0,0,0,0,,False,,False,False,insufficient_no_inter_region_projection_segments,"minimum_mappable_segments,minimum_unique_probes,minimum_unique_probe_asns,maximum_country_fallback_share",island_or_archipelagic,catalog_island_or_archipelagic_list,,,unknown_candidate_dependency_proxy,descriptive inter-region feasible-corridor candidate exposure; not actual cable use or traffic dependency,0.0,,,,unknown_corridor_observation_concentration,,,unknown_cross_layer_distribution_class
IL,A-Root,dns_root,anycast,all_publicly_visible,20,19,11,0.55,0.55,0.55,0.45,0.2,0.45,11,0.55,0.95,20,10,1,1,0.0,False,0.0,True,False,insufficient_minimum_mappable_segments,minimum_mappable_segments,coastal_mainland_or_mixed,catalog_default_alpha2_rule,0.55,0.5789473684210527,very_high_candidate_dependency_proxy,descriptive inter-region feasible-corridor candidate exposure; not actual cable use or traffic dependency,20.0,0.55,0.8600000000000001,3.755460308106117,weak_corridor_observation_concentration,5.3558942419553786,broad_network_transition_distribution,network_and_physical_both_broad
IL,A-Root,NA,NA,resolved_entry_only,0,0,0,,,,,,,0,,,0,0,0,0,,False,,False,False,insufficient_no_inter_region_projection_segments,"minimum_mappable_segments,minimum_unique_probes,minimum_unique_probe_asns,maximum_country_fallback_share",coastal_mainland_or_mixed,catalog_default_alpha2_rule,,,unknown_candidate_dependency_proxy,descriptive inter-region feasible-corridor candidate exposure; not actual cable use or traffic dependency,0.0,,,,unknown_corridor_observation_concentration,,,unknown_cross_layer_distribution_class
IM,A-Root,dns_root,anycast,all_publicly_visible,3,2,0,0.0,0.6666666666666666,0.0,0.0,0.0,0.6666666666666666,0,0.0,0.6666666666666666,3,3,1,1,0.0,False,,False,False,insufficient_no_inter_region_projection_segments,"minimum_mappable_segments,minimum_unique_probes,minimum_unique_probe_asns,maximum_country_fallback_share",island_or_archipelagic,catalog_island_or_archipelagic_list,0.0,0.0,no_observed_inter_region_candidate_exposure,descriptive inter-region feasible-corridor candidate exposure; not actual cable use or traffic dependency,0.0,,,,unknown_corridor_observation_concentration,,,unknown_cross_layer_distribution_class
IM,A-Root,NA,NA,resolved_entry_only,0,0,0,,,,,,,0,,,0,0,0,0,,False,,False,False,insufficient_no_inter_region_projection_segments,"minimum_mappable_segments,minimum_unique_probes,minimum_unique_probe_asns,maximum_country_fallback_share",island_or_archipelagic,catalog_island_or_archipelagic_list,,,unknown_candidate_dependency_proxy,descriptive inter-region feasible-corridor candidate exposure; not actual cable use or traffic dependency,0.0,,,,unknown_corridor_observation_concentration,,,unknown_cross_layer_distribution_class
IN,A-Root,dns_root,anycast,all_publicly_visible,115,98,55,0.4782608695652174,0.4782608695652174,0.4782608695652174,0.41739130434782606,0.2782608695652174,0.4,55,0.4782608695652174,0.8521739130434782,114,52,1,1,0.0,True,0.10465116279069768,True,True,auditable,,coastal_mainland_or_mixed,catalog_default_alpha2_rule,0.4782608695652174,0.5612244897959183,very_high_candidate_dependency_proxy,descriptive inter-region feasible-corridor candidate exposure; not actual cable use or traffic dependency,86.0,0.20155038759689922,0.6046511627906976,6.748130802768008,broad_corridor_observation_distribution,6.199110955557657,broad_network_transition_distribution,network_and_physical_both_broad
IN,A-Root,NA,NA,resolved_entry_only,0,0,0,,,,,,,0,,,0,0,0,0,,False,,False,False,insufficient_no_inter_region_projection_segments,"minimum_mappable_segments,minimum_unique_probes,minimum_unique_probe_asns,maximum_country_fallback_share",coastal_mainland_or_mixed,catalog_default_alpha2_rule,,,unknown_candidate_dependency_proxy,descriptive inter-region feasible-corridor candidate exposure; not actual cable use or traffic dependency,0.0,,,,unknown_corridor_observation_concentration,,,unknown_cross_layer_distribution_class
IQ,A-Root,dns_root,anycast,all_publicly_visible,8,8,0,0.0,0.0,0.0,0.0,0.0,0.0,0,0.0,1.0,8,6,1,1,0.0,False,,False,False,insufficient_no_inter_region_projection_segments,"minimum_mappable_segments,minimum_unique_probes,minimum_unique_probe_asns,maximum_country_fallback_share",coastal_mainland_or_mixed,catalog_default_alpha2_rule,0.0,0.0,no_observed_inter_region_candidate_exposure,descriptive inter-region feasible-corridor candidate exposure; not actual cable use or traffic dependency,0.0,,,,unknown_corridor_observation_concentration,,,unknown_cross_layer_distribution_class
IQ,A-Root,NA,NA,resolved_entry_only,0,0,0,,,,,,,0,,,0,0,0,0,,False,,False,False,insufficient_no_inter_region_projection_segments,"minimum_mappable_segments,minimum_unique_probes,minimum_unique_probe_asns,maximum_country_fallback_share",coastal_mainland_or_mixed,catalog_default_alpha2_rule,,,unknown_candidate_dependency_proxy,descriptive inter-region feasible-corridor candidate exposure; not actual cable use or traffic dependency,0.0,,,,unknown_corridor_observation_concentration,,,unknown_cross_layer_distribution_class
IR,A-Root,dns_root,anycast,all_publicly_visible,40,19,0,0.0,0.0,0.0,0.0,0.0,0.0,0,0.0,0.475,40,22,1,1,0.0,True,,False,False,insufficient_no_inter_region_projection_segments,"minimum_mappable_segments,minimum_unique_probes,minimum_unique_probe_asns,maximum_country_fallback_share",coastal_mainland_or_mixed,catalog_default_alpha2_rule,0.0,0.0,no_observed_inter_region_candidate_exposure,descriptive inter-region feasible-corridor candidate exposure; not actual cable use or traffic dependency,0.0,,,,unknown_corridor_observation_concentration,,,unknown_cross_layer_distribution_class
IR,A-Root,NA,NA,resolved_entry_only,0,0,0,,,,,,,0,,,0,0,0,0,,False,,False,False,insufficient_no_inter_region_projection_segments,"minimum_mappable_segments,minimum_unique_probes,minimum_unique_probe_asns,maximum_country_fallback_share",coastal_mainland_or_mixed,catalog_default_alpha2_rule,,,unknown_candidate_dependency_proxy,descriptive inter-region feasible-corridor candidate exposure; not actual cable use or traffic dependency,0.0,,,,unknown_corridor_observation_concentration,,,unknown_cross_layer_distribution_class
IS,A-Root,dns_root,anycast,all_publicly_visible,9,9,0,0.0,0.0,0.0,0.0,0.0,0.0,0,0.0,1.0,9,8,1,1,0.0,False,,False,False,insufficient_no_inter_region_projection_segments,"minimum_mappable_segments,minimum_unique_probes,minimum_unique_probe_asns,maximum_country_fallback_share",island_or_archipelagic,catalog_island_or_archipelagic_list,0.0,0.0,no_observed_inter_region_candidate_exposure,descriptive inter-region feasible-corridor candidate exposure; not actual cable use or traffic dependency,0.0,,,,unknown_corridor_observation_concentration,,,unknown_cross_layer_distribution_class
IS,A-Root,NA,NA,resolved_entry_only,0,0,0,,,,,,,0,,,0,0,0,0,,False,,False,False,insufficient_no_inter_region_projection_segments,"minimum_mappable_segments,minimum_unique_probes,minimum_unique_probe_asns,maximum_country_fallback_share",island_or_archipelagic,catalog_island_or_archipelagic_list,,,unknown_candidate_dependency_proxy,descriptive inter-region feasible-corridor candidate exposure; not actual cable use or traffic dependency,0.0,,,,unknown_corridor_observation_concentration,,,unknown_cross_layer_distribution_class
IT,A-Root,dns_root,anycast,all_publicly_visible,261,244,1,0.0038314176245210726,0.0038314176245210726,0.0038314176245210726,0.0038314176245210726,0.0,0.0,1,0.0038314176245210726,0.9348659003831418,261,99,1,1,0.0,True,0.0,True,False,"insufficient_minimum_mappable_segments,minimum_unique_probes,minimum_unique_probe_asns","minimum_mappable_segments,minimum_unique_probes,minimum_unique_probe_asns",coastal_mainland_or_mixed,catalog_default_alpha2_rule,0.0038314176245210726,0.004098360655737705,low_candidate_dependency_proxy,descriptive inter-region feasible-corridor candidate exposure; not actual cable use or traffic dependency,1.0,1.0,1.0,1.0,severe_corridor_observation_concentration,1.0,severe_network_transition_concentration,network_and_physical_both_concentrated
IT,A-Root,NA,NA,resolved_entry_only,0,0,0,,,,,,,0,,,0,0,0,0,,False,,False,False,insufficient_no_inter_region_projection_segments,"minimum_mappable_segments,minimum_unique_probes,minimum_unique_probe_asns,maximum_country_fallback_share",coastal_mainland_or_mixed,catalog_default_alpha2_rule,,,unknown_candidate_dependency_proxy,descriptive inter-region feasible-corridor candidate exposure; not actual cable use or traffic dependency,0.0,,,,unknown_corridor_observation_concentration,,,unknown_cross_layer_distribution_class
JM,A-Root,dns_root,anycast,all_publicly_visible,4,3,3,0.75,0.75,0.75,0.75,0.0,0.0,3,0.75,0.75,4,3,1,1,0.0,False,0.0,True,False,"insufficient_minimum_mappable_segments,minimum_unique_probes,minimum_unique_probe_asns","minimum_mappable_segments,minimum_unique_probes,minimum_unique_probe_asns",island_or_archipelagic,catalog_island_or_archipelagic_list,0.75,1.0,very_high_candidate_dependency_proxy,descriptive inter-region feasible-corridor candidate exposure; not actual cable use or traffic dependency,3.0,1.0,1.0,1.0,severe_corridor_observation_concentration,1.8898815748423097,moderate_network_transition_concentration,network_and_physical_both_concentrated
JM,A-Root,NA,NA,resolved_entry_only,0,0,0,,,,,,,0,,,0,0,0,0,,False,,False,False,insufficient_no_inter_region_projection_segments,"minimum_mappable_segments,minimum_unique_probes,minimum_unique_probe_asns,maximum_country_fallback_share",island_or_archipelagic,catalog_island_or_archipelagic_list,,,unknown_candidate_dependency_proxy,descriptive inter-region feasible-corridor candidate exposure; not actual cable use or traffic dependency,0.0,,,,unknown_corridor_observation_concentration,,,unknown_cross_layer_distribution_class
JO,A-Root,dns_root,anycast,all_publicly_visible,3,2,0,0.0,0.0,0.0,0.0,0.0,0.0,0,0.0,0.6666666666666666,3,3,1,1,0.0,False,,False,False,insufficient_no_inter_region_projection_segments,"minimum_mappable_segments,minimum_unique_probes,minimum_unique_probe_asns,maximum_country_fallback_share",coastal_mainland_or_mixed,catalog_default_alpha2_rule,0.0,0.0,no_observed_inter_region_candidate_exposure,descriptive inter-region feasible-corridor candidate exposure; not actual cable use or traffic dependency,0.0,,,,unknown_corridor_observation_concentration,,,unknown_cross_layer_distribution_class
JO,A-Root,NA,NA,resolved_entry_only,0,0,0,,,,,,,0,,,0,0,0,0,,False,,False,False,insufficient_no_inter_region_projection_segments,"minimum_mappable_segments,minimum_unique_probes,minimum_unique_probe_asns,maximum_country_fallback_share",coastal_mainland_or_mixed,catalog_default_alpha2_rule,,,unknown_candidate_dependency_proxy,descriptive inter-region feasible-corridor candidate exposure; not actual cable use or traffic dependency,0.0,,,,unknown_corridor_observation_concentration,,,unknown_cross_layer_distribution_class
JP,A-Root,dns_root,anycast,all_publicly_visible,225,210,7,0.03111111111111111,0.03111111111111111,0.03111111111111111,0.03111111111111111,0.0044444444444444444,0.03111111111111111,7,0.03111111111111111,0.9333333333333333,224,98,1,1,0.0,True,0.625,False,False,"insufficient_minimum_mappable_segments,minimum_unique_probes,maximum_country_fallback_share","minimum_mappable_segments,minimum_unique_probes,maximum_country_fallback_share",island_or_archipelagic,catalog_island_or_archipelagic_list,0.03111111111111111,0.03333333333333333,low_candidate_dependency_proxy,descriptive inter-region feasible-corridor candidate exposure; not actual cable use or traffic dependency,8.0,0.5,0.75,4.756828460010884,broad_corridor_observation_distribution,3.363585661014858,weak_network_transition_concentration,network_and_physical_both_broad
JP,A-Root,NA,NA,resolved_entry_only,0,0,0,,,,,,,0,,,0,0,0,0,,False,,False,False,insufficient_no_inter_region_projection_segments,"minimum_mappable_segments,minimum_unique_probes,minimum_unique_probe_asns,maximum_country_fallback_share",island_or_archipelagic,catalog_island_or_archipelagic_list,,,unknown_candidate_dependency_proxy,descriptive inter-region feasible-corridor candidate exposure; not actual cable use or traffic dependency,0.0,,,,unknown_corridor_observation_concentration,,,unknown_cross_layer_distribution_class
KE,A-Root,dns_root,anycast,all_publicly_visible,14,13,0,0.0,0.5,0.0,0.0,0.0,0.5,0,0.0,0.9285714285714286,14,11,1,1,0.0,False,,False,False,insufficient_no_inter_region_projection_segments,"minimum_mappable_segments,minimum_unique_probes,minimum_unique_probe_asns,maximum_country_fallback_share",coastal_mainland_or_mixed,catalog_default_alpha2_rule,0.0,0.0,no_observed_inter_region_candidate_exposure,descriptive inter-region feasible-corridor candidate exposure; not actual cable use or traffic dependency,0.0,,,,unknown_corridor_observation_concentration,,,unknown_cross_layer_distribution_class
KE,A-Root,NA,NA,resolved_entry_only,0,0,0,,,,,,,0,,,0,0,0,0,,False,,False,False,insufficient_no_inter_region_projection_segments,"minimum_mappable_segments,minimum_unique_probes,minimum_unique_probe_asns,maximum_country_fallback_share",coastal_mainland_or_mixed,catalog_default_alpha2_rule,,,unknown_candidate_dependency_proxy,descriptive inter-region feasible-corridor candidate exposure; not actual cable use or traffic dependency,0.0,,,,unknown_corridor_observation_concentration,,,unknown_cross_layer_distribution_class
KG,A-Root,dns_root,anycast,all_publicly_visible,19,16,0,0.0,0.0,0.0,0.0,0.0,0.0,0,0.0,0.8421052631578947,19,12,1,1,0.0,False,,False,False,insufficient_no_inter_region_projection_segments,"minimum_mappable_segments,minimum_unique_probes,minimum_unique_probe_asns,maximum_country_fallback_share",landlocked,catalog_landlocked_list,0.0,0.0,no_observed_inter_region_candidate_exposure,descriptive inter-region feasible-corridor candidate exposure; not actual cable use or traffic dependency,0.0,,,,unknown_corridor_observation_concentration,,,unknown_cross_layer_distribution_class
KG,A-Root,NA,NA,resolved_entry_only,0,0,0,,,,,,,0,,,0,0,0,0,,False,,False,False,insufficient_no_inter_region_projection_segments,"minimum_mappable_segments,minimum_unique_probes,minimum_unique_probe_asns,maximum_country_fallback_share",landlocked,catalog_landlocked_list,,,unknown_candidate_dependency_proxy,descriptive inter-region feasible-corridor candidate exposure; not actual cable use or traffic dependency,0.0,,,,unknown_corridor_observation_concentration,,,unknown_cross_layer_distribution_class
KH,A-Root,dns_root,anycast,all_publicly_visible,6,5,4,0.6666666666666666,0.6666666666666666,0.6666666666666666,0.6666666666666666,0.0,0.6666666666666666,4,0.6666666666666666,0.8333333333333334,6,6,1,1,0.0,False,0.6666666666666666,False,False,"insufficient_minimum_mappable_segments,minimum_unique_probes,maximum_country_fallback_share","minimum_mappable_segments,minimum_unique_probes,maximum_country_fallback_share",coastal_mainland_or_mixed,catalog_default_alpha2_rule,0.6666666666666666,0.8,very_high_candidate_dependency_proxy,descriptive inter-region feasible-corridor candidate exposure; not actual cable use or traffic dependency,6.0,0.3333333333333333,1.0,2.9999999999999996,weak_corridor_observation_concentration,2.3811015779522995,moderate_network_transition_concentration,network_and_physical_both_concentrated
KH,A-Root,NA,NA,resolved_entry_only,0,0,0,,,,,,,0,,,0,0,0,0,,False,,False,False,insufficient_no_inter_region_projection_segments,"minimum_mappable_segments,minimum_unique_probes,minimum_unique_probe_asns,maximum_country_fallback_share",coastal_mainland_or_mixed,catalog_default_alpha2_rule,,,unknown_candidate_dependency_proxy,descriptive inter-region feasible-corridor candidate exposure; not actual cable use or traffic dependency,0.0,,,,unknown_corridor_observation_concentration,,,unknown_cross_layer_distribution_class
KI,A-Root,dns_root,anycast,all_publicly_visible,1,1,0,0.0,1.0,0.0,0.0,0.0,1.0,0,0.0,1.0,1,1,1,1,0.0,False,,False,False,insufficient_no_inter_region_projection_segments,"minimum_mappable_segments,minimum_unique_probes,minimum_unique_probe_asns,maximum_country_fallback_share",island_or_archipelagic,catalog_island_or_archipelagic_list,0.0,0.0,no_observed_inter_region_candidate_exposure,descriptive inter-region feasible-corridor candidate exposure; not actual cable use or traffic dependency,0.0,,,,unknown_corridor_observation_concentration,,,unknown_cross_layer_distribution_class
KI,A-Root,NA,NA,resolved_entry_only,0,0,0,,,,,,,0,,,0,0,0,0,,False,,False,False,insufficient_no_inter_region_projection_segments,"minimum_mappable_segments,minimum_unique_probes,minimum_unique_probe_asns,maximum_country_fallback_share",island_or_archipelagic,catalog_island_or_archipelagic_list,,,unknown_candidate_dependency_proxy,descriptive inter-region feasible-corridor candidate exposure; not actual cable use or traffic dependency,0.0,,,,unknown_corridor_observation_concentration,,,unknown_cross_layer_distribution_class
KN,A-Root,dns_root,anycast,all_publicly_visible,1,1,1,1.0,1.0,1.0,1.0,0.0,0.0,1,1.0,1.0,1,1,1,1,0.0,False,0.0,True,False,"insufficient_minimum_mappable_segments,minimum_unique_probes,minimum_unique_probe_asns","minimum_mappable_segments,minimum_unique_probes,minimum_unique_probe_asns",island_or_archipelagic,catalog_island_or_archipelagic_list,1.0,1.0,very_high_candidate_dependency_proxy,descriptive inter-region feasible-corridor candidate exposure; not actual cable use or traffic dependency,1.0,1.0,1.0,1.0,severe_corridor_observation_concentration,1.0,severe_network_transition_concentration,network_and_physical_both_concentrated
KN,A-Root,NA,NA,resolved_entry_only,0,0,0,,,,,,,0,,,0,0,0,0,,False,,False,False,insufficient_no_inter_region_projection_segments,"minimum_mappable_segments,minimum_unique_probes,minimum_unique_probe_asns,maximum_country_fallback_share",island_or_archipelagic,catalog_island_or_archipelagic_list,,,unknown_candidate_dependency_proxy,descriptive inter-region feasible-corridor candidate exposure; not actual cable use or traffic dependency,0.0,,,,unknown_corridor_observation_concentration,,,unknown_cross_layer_distribution_class
KR,A-Root,dns_root,anycast,all_publicly_visible,29,25,3,0.10344827586206896,0.10344827586206896,0.10344827586206896,0.034482758620689655,0.06896551724137931,0.034482758620689655,3,0.10344827586206896,0.8620689655172413,29,11,1,1,0.0,False,0.3333333333333333,False,False,"insufficient_minimum_mappable_segments,minimum_unique_probes,minimum_unique_probe_asns,maximum_country_fallback_share","minimum_mappable_segments,minimum_unique_probes,minimum_unique_probe_asns,maximum_country_fallback_share",coastal_mainland_or_mixed,catalog_default_alpha2_rule,0.10344827586206896,0.12,moderate_candidate_dependency_proxy,descriptive inter-region feasible-corridor candidate exposure; not actual cable use or traffic dependency,3.0,0.6666666666666666,1.0,1.8898815748423097,moderate_corridor_observation_concentration,1.8898815748423097,moderate_network_transition_concentration,network_and_physical_both_concentrated
KR,A-Root,NA,NA,resolved_entry_only,0,0,0,,,,,,,0,,,0,0,0,0,,False,,False,False,insufficient_no_inter_region_projection_segments,"minimum_mappable_segments,minimum_unique_probes,minimum_unique_probe_asns,maximum_country_fallback_share",coastal_mainland_or_mixed,catalog_default_alpha2_rule,,,unknown_candidate_dependency_proxy,descriptive inter-region feasible-corridor candidate exposure; not actual cable use or traffic dependency,0.0,,,,unknown_corridor_observation_concentration,,,unknown_cross_layer_distribution_class
KW,A-Root,dns_root,anycast,all_publicly_visible,2,1,0,0.0,0.0,0.0,0.0,0.0,0.0,0,0.0,0.5,2,2,1,1,0.0,False,,False,False,insufficient_no_inter_region_projection_segments,"minimum_mappable_segments,minimum_unique_probes,minimum_unique_probe_asns,maximum_country_fallback_share",coastal_mainland_or_mixed,catalog_default_alpha2_rule,0.0,0.0,no_observed_inter_region_candidate_exposure,descriptive inter-region feasible-corridor candidate exposure; not actual cable use or traffic dependency,0.0,,,,unknown_corridor_observation_concentration,,,unknown_cross_layer_distribution_class
KW,A-Root,NA,NA,resolved_entry_only,0,0,0,,,,,,,0,,,0,0,0,0,,False,,False,False,insufficient_no_inter_region_projection_segments,"minimum_mappable_segments,minimum_unique_probes,minimum_unique_probe_asns,maximum_country_fallback_share",coastal_mainland_or_mixed,catalog_default_alpha2_rule,,,unknown_candidate_dependency_proxy,descriptive inter-region feasible-corridor candidate exposure; not actual cable use or traffic dependency,0.0,,,,unknown_corridor_observation_concentration,,,unknown_cross_layer_distribution_class
KZ,A-Root,dns_root,anycast,all_publicly_visible,53,53,0,0.0,0.0,0.0,0.0,0.0,0.0,0,0.0,1.0,53,20,1,1,0.0,True,,False,False,insufficient_no_inter_region_projection_segments,"minimum_mappable_segments,minimum_unique_probes,minimum_unique_probe_asns,maximum_country_fallback_share",landlocked,catalog_landlocked_list,0.0,0.0,no_observed_inter_region_candidate_exposure,descriptive inter-region feasible-corridor candidate exposure; not actual cable use or traffic dependency,0.0,,,,unknown_corridor_observation_concentration,,,unknown_cross_layer_distribution_class
KZ,A-Root,NA,NA,resolved_entry_only,0,0,0,,,,,,,0,,,0,0,0,0,,False,,False,False,insufficient_no_inter_region_projection_segments,"minimum_mappable_segments,minimum_unique_probes,minimum_unique_probe_asns,maximum_country_fallback_share",landlocked,catalog_landlocked_list,,,unknown_candidate_dependency_proxy,descriptive inter-region feasible-corridor candidate exposure; not actual cable use or traffic dependency,0.0,,,,unknown_corridor_observation_concentration,,,unknown_cross_layer_distribution_class
LA,A-Root,dns_root,anycast,all_publicly_visible,3,3,1,0.3333333333333333,0.3333333333333333,0.3333333333333333,0.3333333333333333,0.0,0.3333333333333333,1,0.3333333333333333,1.0,3,1,1,1,0.0,False,0.0,True,False,"insufficient_minimum_mappable_segments,minimum_unique_probes,minimum_unique_probe_asns","minimum_mappable_segments,minimum_unique_probes,minimum_unique_probe_asns",landlocked,catalog_landlocked_list,0.3333333333333333,0.3333333333333333,very_high_candidate_dependency_proxy,descriptive inter-region feasible-corridor candidate exposure; not actual cable use or traffic dependency,1.0,0.3333333333333333,1.0,2.9999999999999996,weak_corridor_observation_concentration,1.0,severe_network_transition_concentration,network_and_physical_both_concentrated
LA,A-Root,NA,NA,resolved_entry_only,0,0,0,,,,,,,0,,,0,0,0,0,,False,,False,False,insufficient_no_inter_region_projection_segments,"minimum_mappable_segments,minimum_unique_probes,minimum_unique_probe_asns,maximum_country_fallback_share",landlocked,catalog_landlocked_list,,,unknown_candidate_dependency_proxy,descriptive inter-region feasible-corridor candidate exposure; not actual cable use or traffic dependency,0.0,,,,unknown_corridor_observation_concentration,,,unknown_cross_layer_distribution_class
LB,A-Root,dns_root,anycast,all_publicly_visible,3,2,0,0.0,0.3333333333333333,0.0,0.0,0.0,0.3333333333333333,0,0.0,0.6666666666666666,3,3,1,1,0.0,False,,False,False,insufficient_no_inter_region_projection_segments,"minimum_mappable_segments,minimum_unique_probes,minimum_unique_probe_asns,maximum_country_fallback_share",coastal_mainland_or_mixed,catalog_default_alpha2_rule,0.0,0.0,no_observed_inter_region_candidate_exposure,descriptive inter-region feasible-corridor candidate exposure; not actual cable use or traffic dependency,0.0,,,,unknown_corridor_observation_concentration,,,unknown_cross_layer_distribution_class
LB,A-Root,NA,NA,resolved_entry_only,0,0,0,,,,,,,0,,,0,0,0,0,,False,,False,False,insufficient_no_inter_region_projection_segments,"minimum_mappable_segments,minimum_unique_probes,minimum_unique_probe_asns,maximum_country_fallback_share",coastal_mainland_or_mixed,catalog_default_alpha2_rule,,,unknown_candidate_dependency_proxy,descriptive inter-region feasible-corridor candidate exposure; not actual cable use or traffic dependency,0.0,,,,unknown_corridor_observation_concentration,,,unknown_cross_layer_distribution_class
LC,A-Root,dns_root,anycast,all_publicly_visible,2,2,2,1.0,1.0,1.0,0.0,1.0,0.0,2,1.0,1.0,2,1,1,1,0.0,False,0.0,True,False,"insufficient_minimum_mappable_segments,minimum_unique_probes,minimum_unique_probe_asns","minimum_mappable_segments,minimum_unique_probes,minimum_unique_probe_asns",island_or_archipelagic,catalog_island_or_archipelagic_list,1.0,1.0,very_high_candidate_dependency_proxy,descriptive inter-region feasible-corridor candidate exposure; not actual cable use or traffic dependency,2.0,1.0,1.0,1.0,severe_corridor_observation_concentration,1.0,severe_network_transition_concentration,network_and_physical_both_concentrated
LC,A-Root,NA,NA,resolved_entry_only,0,0,0,,,,,,,0,,,0,0,0,0,,False,,False,False,insufficient_no_inter_region_projection_segments,"minimum_mappable_segments,minimum_unique_probes,minimum_unique_probe_asns,maximum_country_fallback_share",island_or_archipelagic,catalog_island_or_archipelagic_list,,,unknown_candidate_dependency_proxy,descriptive inter-region feasible-corridor candidate exposure; not actual cable use or traffic dependency,0.0,,,,unknown_corridor_observation_concentration,,,unknown_cross_layer_distribution_class
LI,A-Root,dns_root,anycast,all_publicly_visible,1,1,0,0.0,0.0,0.0,0.0,0.0,0.0,0,0.0,1.0,1,1,1,1,0.0,False,,False,False,insufficient_no_inter_region_projection_segments,"minimum_mappable_segments,minimum_unique_probes,minimum_unique_probe_asns,maximum_country_fallback_share",landlocked,catalog_landlocked_list,0.0,0.0,no_observed_inter_region_candidate_exposure,descriptive inter-region feasible-corridor candidate exposure; not actual cable use or traffic dependency,0.0,,,,unknown_corridor_observation_concentration,,,unknown_cross_layer_distribution_class
LI,A-Root,NA,NA,resolved_entry_only,0,0,0,,,,,,,0,,,0,0,0,0,,False,,False,False,insufficient_no_inter_region_projection_segments,"minimum_mappable_segments,minimum_unique_probes,minimum_unique_probe_asns,maximum_country_fallback_share",landlocked,catalog_landlocked_list,,,unknown_candidate_dependency_proxy,descriptive inter-region feasible-corridor candidate exposure; not actual cable use or traffic dependency,0.0,,,,unknown_corridor_observation_concentration,,,unknown_cross_layer_distribution_class
LK,A-Root,dns_root,anycast,all_publicly_visible,10,9,8,0.8,0.8,0.8,0.7,0.8,0.3,8,0.8,0.9,10,5,1,1,0.0,False,0.0,True,False,"insufficient_minimum_mappable_segments,minimum_unique_probes","minimum_mappable_segments,minimum_unique_probes",island_or_archipelagic,catalog_island_or_archipelagic_list,0.8,0.8888888888888888,very_high_candidate_dependency_proxy,descriptive inter-region feasible-corridor candidate exposure; not actual cable use or traffic dependency,29.0,0.2413793103448276,0.5632183908045977,6.353892991413258,broad_corridor_observation_distribution,7.243227648367974,broad_network_transition_distribution,network_and_physical_both_broad
LK,A-Root,NA,NA,resolved_entry_only,0,0,0,,,,,,,0,,,0,0,0,0,,False,,False,False,insufficient_no_inter_region_projection_segments,"minimum_mappable_segments,minimum_unique_probes,minimum_unique_probe_asns,maximum_country_fallback_share",island_or_archipelagic,catalog_island_or_archipelagic_list,,,unknown_candidate_dependency_proxy,descriptive inter-region feasible-corridor candidate exposure; not actual cable use or traffic dependency,0.0,,,,unknown_corridor_observation_concentration,,,unknown_cross_layer_distribution_class
LS,A-Root,dns_root,anycast,all_publicly_visible,1,1,0,0.0,0.0,0.0,0.0,0.0,0.0,0,0.0,1.0,1,1,1,1,0.0,False,,False,False,insufficient_no_inter_region_projection_segments,"minimum_mappable_segments,minimum_unique_probes,minimum_unique_probe_asns,maximum_country_fallback_share",landlocked,catalog_landlocked_list,0.0,0.0,no_observed_inter_region_candidate_exposure,descriptive inter-region feasible-corridor candidate exposure; not actual cable use or traffic dependency,0.0,,,,unknown_corridor_observation_concentration,,,unknown_cross_layer_distribution_class
LS,A-Root,NA,NA,resolved_entry_only,0,0,0,,,,,,,0,,,0,0,0,0,,False,,False,False,insufficient_no_inter_region_projection_segments,"minimum_mappable_segments,minimum_unique_probes,minimum_unique_probe_asns,maximum_country_fallback_share",landlocked,catalog_landlocked_list,,,unknown_candidate_dependency_proxy,descriptive inter-region feasible-corridor candidate exposure; not actual cable use or traffic dependency,0.0,,,,unknown_corridor_observation_concentration,,,unknown_cross_layer_distribution_class
LT,A-Root,dns_root,anycast,all_publicly_visible,27,25,0,0.0,0.0,0.0,0.0,0.0,0.0,0,0.0,0.9259259259259259,27,19,1,1,0.0,False,,False,False,insufficient_no_inter_region_projection_segments,"minimum_mappable_segments,minimum_unique_probes,minimum_unique_probe_asns,maximum_country_fallback_share",coastal_mainland_or_mixed,catalog_default_alpha2_rule,0.0,0.0,no_observed_inter_region_candidate_exposure,descriptive inter-region feasible-corridor candidate exposure; not actual cable use or traffic dependency,0.0,,,,unknown_corridor_observation_concentration,,,unknown_cross_layer_distribution_class
LT,A-Root,NA,NA,resolved_entry_only,0,0,0,,,,,,,0,,,0,0,0,0,,False,,False,False,insufficient_no_inter_region_projection_segments,"minimum_mappable_segments,minimum_unique_probes,minimum_unique_probe_asns,maximum_country_fallback_share",coastal_mainland_or_mixed,catalog_default_alpha2_rule,,,unknown_candidate_dependency_proxy,descriptive inter-region feasible-corridor candidate exposure; not actual cable use or traffic dependency,0.0,,,,unknown_corridor_observation_concentration,,,unknown_cross_layer_distribution_class
LU,A-Root,dns_root,anycast,all_publicly_visible,41,37,0,0.0,0.0,0.0,0.0,0.0,0.0,0,0.0,0.9024390243902439,41,18,1,1,0.0,True,,False,False,insufficient_no_inter_region_projection_segments,"minimum_mappable_segments,minimum_unique_probes,minimum_unique_probe_asns,maximum_country_fallback_share",landlocked,catalog_landlocked_list,0.0,0.0,no_observed_inter_region_candidate_exposure,descriptive inter-region feasible-corridor candidate exposure; not actual cable use or traffic dependency,0.0,,,,unknown_corridor_observation_concentration,,,unknown_cross_layer_distribution_class
LU,A-Root,NA,NA,resolved_entry_only,0,0,0,,,,,,,0,,,0,0,0,0,,False,,False,False,insufficient_no_inter_region_projection_segments,"minimum_mappable_segments,minimum_unique_probes,minimum_unique_probe_asns,maximum_country_fallback_share",landlocked,catalog_landlocked_list,,,unknown_candidate_dependency_proxy,descriptive inter-region feasible-corridor candidate exposure; not actual cable use or traffic dependency,0.0,,,,unknown_corridor_observation_concentration,,,unknown_cross_layer_distribution_class
LV,A-Root,dns_root,anycast,all_publicly_visible,24,23,0,0.0,0.0,0.0,0.0,0.0,0.0,0,0.0,0.9583333333333334,24,18,1,1,0.0,False,,False,False,insufficient_no_inter_region_projection_segments,"minimum_mappable_segments,minimum_unique_probes,minimum_unique_probe_asns,maximum_country_fallback_share",coastal_mainland_or_mixed,catalog_default_alpha2_rule,0.0,0.0,no_observed_inter_region_candidate_exposure,descriptive inter-region feasible-corridor candidate exposure; not actual cable use or traffic dependency,0.0,,,,unknown_corridor_observation_concentration,,,unknown_cross_layer_distribution_class
LV,A-Root,NA,NA,resolved_entry_only,0,0,0,,,,,,,0,,,0,0,0,0,,False,,False,False,insufficient_no_inter_region_projection_segments,"minimum_mappable_segments,minimum_unique_probes,minimum_unique_probe_asns,maximum_country_fallback_share",coastal_mainland_or_mixed,catalog_default_alpha2_rule,,,unknown_candidate_dependency_proxy,descriptive inter-region feasible-corridor candidate exposure; not actual cable use or traffic dependency,0.0,,,,unknown_corridor_observation_concentration,,,unknown_cross_layer_distribution_class
MA,A-Root,dns_root,anycast,all_publicly_visible,1,1,0,0.0,0.0,0.0,0.0,0.0,0.0,0,0.0,1.0,1,1,1,1,0.0,False,,False,False,insufficient_no_inter_region_projection_segments,"minimum_mappable_segments,minimum_unique_probes,minimum_unique_probe_asns,maximum_country_fallback_share",coastal_mainland_or_mixed,catalog_default_alpha2_rule,0.0,0.0,no_observed_inter_region_candidate_exposure,descriptive inter-region feasible-corridor candidate exposure; not actual cable use or traffic dependency,0.0,,,,unknown_corridor_observation_concentration,,,unknown_cross_layer_distribution_class
MA,A-Root,NA,NA,resolved_entry_only,0,0,0,,,,,,,0,,,0,0,0,0,,False,,False,False,insufficient_no_inter_region_projection_segments,"minimum_mappable_segments,minimum_unique_probes,minimum_unique_probe_asns,maximum_country_fallback_share",coastal_mainland_or_mixed,catalog_default_alpha2_rule,,,unknown_candidate_dependency_proxy,descriptive inter-region feasible-corridor candidate exposure; not actual cable use or traffic dependency,0.0,,,,unknown_corridor_observation_concentration,,,unknown_cross_layer_distribution_class
MD,A-Root,dns_root,anycast,all_publicly_visible,17,17,0,0.0,0.0,0.0,0.0,0.0,0.0,0,0.0,1.0,17,9,1,1,0.0,False,,False,False,insufficient_no_inter_region_projection_segments,"minimum_mappable_segments,minimum_unique_probes,minimum_unique_probe_asns,maximum_country_fallback_share",landlocked,catalog_landlocked_list,0.0,0.0,no_observed_inter_region_candidate_exposure,descriptive inter-region feasible-corridor candidate exposure; not actual cable use or traffic dependency,0.0,,,,unknown_corridor_observation_concentration,,,unknown_cross_layer_distribution_class
MD,A-Root,NA,NA,resolved_entry_only,0,0,0,,,,,,,0,,,0,0,0,0,,False,,False,False,insufficient_no_inter_region_projection_segments,"minimum_mappable_segments,minimum_unique_probes,minimum_unique_probe_asns,maximum_country_fallback_share",landlocked,catalog_landlocked_list,,,unknown_candidate_dependency_proxy,descriptive inter-region feasible-corridor candidate exposure; not actual cable use or traffic dependency,0.0,,,,unknown_corridor_observation_concentration,,,unknown_cross_layer_distribution_class
ME,A-Root,dns_root,anycast,all_publicly_visible,6,6,0,0.0,0.0,0.0,0.0,0.0,0.0,0,0.0,1.0,6,5,1,1,0.0,False,,False,False,insufficient_no_inter_region_projection_segments,"minimum_mappable_segments,minimum_unique_probes,minimum_unique_probe_asns,maximum_country_fallback_share",coastal_mainland_or_mixed,catalog_default_alpha2_rule,0.0,0.0,no_observed_inter_region_candidate_exposure,descriptive inter-region feasible-corridor candidate exposure; not actual cable use or traffic dependency,0.0,,,,unknown_corridor_observation_concentration,,,unknown_cross_layer_distribution_class
ME,A-Root,NA,NA,resolved_entry_only,0,0,0,,,,,,,0,,,0,0,0,0,,False,,False,False,insufficient_no_inter_region_projection_segments,"minimum_mappable_segments,minimum_unique_probes,minimum_unique_probe_asns,maximum_country_fallback_share",coastal_mainland_or_mixed,catalog_default_alpha2_rule,,,unknown_candidate_dependency_proxy,descriptive inter-region feasible-corridor candidate exposure; not actual cable use or traffic dependency,0.0,,,,unknown_corridor_observation_concentration,,,unknown_cross_layer_distribution_class
MG,A-Root,dns_root,anycast,all_publicly_visible,2,2,0,0.0,0.0,0.0,0.0,0.0,0.0,0,0.0,1.0,2,1,1,1,0.0,False,,False,False,insufficient_no_inter_region_projection_segments,"minimum_mappable_segments,minimum_unique_probes,minimum_unique_probe_asns,maximum_country_fallback_share",island_or_archipelagic,catalog_island_or_archipelagic_list,0.0,0.0,no_observed_inter_region_candidate_exposure,descriptive inter-region feasible-corridor candidate exposure; not actual cable use or traffic dependency,0.0,,,,unknown_corridor_observation_concentration,,,unknown_cross_layer_distribution_class
MG,A-Root,NA,NA,resolved_entry_only,0,0,0,,,,,,,0,,,0,0,0,0,,False,,False,False,insufficient_no_inter_region_projection_segments,"minimum_mappable_segments,minimum_unique_probes,minimum_unique_probe_asns,maximum_country_fallback_share",island_or_archipelagic,catalog_island_or_archipelagic_list,,,unknown_candidate_dependency_proxy,descriptive inter-region feasible-corridor candidate exposure; not actual cable use or traffic dependency,0.0,,,,unknown_corridor_observation_concentration,,,unknown_cross_layer_distribution_class
MH,A-Root,dns_root,anycast,all_publicly_visible,1,1,0,0.0,0.0,0.0,0.0,0.0,0.0,0,0.0,1.0,1,1,1,1,0.0,False,,False,False,insufficient_no_inter_region_projection_segments,"minimum_mappable_segments,minimum_unique_probes,minimum_unique_probe_asns,maximum_country_fallback_share",island_or_archipelagic,catalog_island_or_archipelagic_list,0.0,0.0,no_observed_inter_region_candidate_exposure,descriptive inter-region feasible-corridor candidate exposure; not actual cable use or traffic dependency,0.0,,,,unknown_corridor_observation_concentration,,,unknown_cross_layer_distribution_class
MH,A-Root,NA,NA,resolved_entry_only,0,0,0,,,,,,,0,,,0,0,0,0,,False,,False,False,insufficient_no_inter_region_projection_segments,"minimum_mappable_segments,minimum_unique_probes,minimum_unique_probe_asns,maximum_country_fallback_share",island_or_archipelagic,catalog_island_or_archipelagic_list,,,unknown_candidate_dependency_proxy,descriptive inter-region feasible-corridor candidate exposure; not actual cable use or traffic dependency,0.0,,,,unknown_corridor_observation_concentration,,,unknown_cross_layer_distribution_class
MK,A-Root,dns_root,anycast,all_publicly_visible,8,7,0,0.0,0.0,0.0,0.0,0.0,0.0,0,0.0,0.875,8,6,1,1,0.0,False,,False,False,insufficient_no_inter_region_projection_segments,"minimum_mappable_segments,minimum_unique_probes,minimum_unique_probe_asns,maximum_country_fallback_share",landlocked,catalog_landlocked_list,0.0,0.0,no_observed_inter_region_candidate_exposure,descriptive inter-region feasible-corridor candidate exposure; not actual cable use or traffic dependency,0.0,,,,unknown_corridor_observation_concentration,,,unknown_cross_layer_distribution_class
MK,A-Root,NA,NA,resolved_entry_only,0,0,0,,,,,,,0,,,0,0,0,0,,False,,False,False,insufficient_no_inter_region_projection_segments,"minimum_mappable_segments,minimum_unique_probes,minimum_unique_probe_asns,maximum_country_fallback_share",landlocked,catalog_landlocked_list,,,unknown_candidate_dependency_proxy,descriptive inter-region feasible-corridor candidate exposure; not actual cable use or traffic dependency,0.0,,,,unknown_corridor_observation_concentration,,,unknown_cross_layer_distribution_class
ML,A-Root,dns_root,anycast,all_publicly_visible,1,1,1,1.0,1.0,1.0,1.0,0.0,0.0,1,1.0,1.0,1,1,1,1,0.0,False,0.0,True,False,"insufficient_minimum_mappable_segments,minimum_unique_probes,minimum_unique_probe_asns","minimum_mappable_segments,minimum_unique_probes,minimum_unique_probe_asns",landlocked,catalog_landlocked_list,1.0,1.0,very_high_candidate_dependency_proxy,descriptive inter-region feasible-corridor candidate exposure; not actual cable use or traffic dependency,1.0,1.0,1.0,1.0,severe_corridor_observation_concentration,1.0,severe_network_transition_concentration,network_and_physical_both_concentrated
ML,A-Root,NA,NA,resolved_entry_only,0,0,0,,,,,,,0,,,0,0,0,0,,False,,False,False,insufficient_no_inter_region_projection_segments,"minimum_mappable_segments,minimum_unique_probes,minimum_unique_probe_asns,maximum_country_fallback_share",landlocked,catalog_landlocked_list,,,unknown_candidate_dependency_proxy,descriptive inter-region feasible-corridor candidate exposure; not actual cable use or traffic dependency,0.0,,,,unknown_corridor_observation_concentration,,,unknown_cross_layer_distribution_class
MM,A-Root,dns_root,anycast,all_publicly_visible,1,1,1,1.0,1.0,1.0,1.0,1.0,1.0,1,1.0,1.0,1,1,1,1,0.0,False,0.0,True,False,"insufficient_minimum_mappable_segments,minimum_unique_probes,minimum_unique_probe_asns","minimum_mappable_segments,minimum_unique_probes,minimum_unique_probe_asns",coastal_mainland_or_mixed,catalog_default_alpha2_rule,1.0,1.0,very_high_candidate_dependency_proxy,descriptive inter-region feasible-corridor candidate exposure; not actual cable use or traffic dependency,3.0,0.3333333333333333,0.7777777777777777,3.9311120913133446,weak_corridor_observation_concentration,2.9999999999999996,weak_network_transition_concentration,network_and_physical_both_concentrated
MM,A-Root,NA,NA,resolved_entry_only,0,0,0,,,,,,,0,,,0,0,0,0,,False,,False,False,insufficient_no_inter_region_projection_segments,"minimum_mappable_segments,minimum_unique_probes,minimum_unique_probe_asns,maximum_country_fallback_share",coastal_mainland_or_mixed,catalog_default_alpha2_rule,,,unknown_candidate_dependency_proxy,descriptive inter-region feasible-corridor candidate exposure; not actual cable use or traffic dependency,0.0,,,,unknown_corridor_observation_concentration,,,unknown_cross_layer_distribution_class
MN,A-Root,dns_root,anycast,all_publicly_visible,6,6,5,0.8333333333333334,0.8333333333333334,0.8333333333333334,0.6666666666666666,0.8333333333333334,0.6666666666666666,5,0.8333333333333334,1.0,6,6,1,1,0.0,False,0.0,True,False,"insufficient_minimum_mappable_segments,minimum_unique_probes","minimum_mappable_segments,minimum_unique_probes",landlocked,catalog_landlocked_list,0.8333333333333334,0.8333333333333334,very_high_candidate_dependency_proxy,descriptive inter-region feasible-corridor candidate exposure; not actual cable use or traffic dependency,16.0,0.22916666666666666,0.6875,6.549126425829604,broad_corridor_observation_distribution,2.175942995894572,moderate_network_transition_concentration,network_concentrated_physical_broad
MN,A-Root,NA,NA,resolved_entry_only,0,0,0,,,,,,,0,,,0,0,0,0,,False,,False,False,insufficient_no_inter_region_projection_segments,"minimum_mappable_segments,minimum_unique_probes,minimum_unique_probe_asns,maximum_country_fallback_share",landlocked,catalog_landlocked_list,,,unknown_candidate_dependency_proxy,descriptive inter-region feasible-corridor candidate exposure; not actual cable use or traffic dependency,0.0,,,,unknown_corridor_observation_concentration,,,unknown_cross_layer_distribution_class
MT,A-Root,dns_root,anycast,all_publicly_visible,4,4,1,0.25,1.0,0.25,0.0,0.25,1.0,1,0.25,1.0,4,2,1,1,0.0,False,0.0,True,False,"insufficient_minimum_mappable_segments,minimum_unique_probes,minimum_unique_probe_asns","minimum_mappable_segments,minimum_unique_probes,minimum_unique_probe_asns",island_or_archipelagic,catalog_island_or_archipelagic_list,0.25,0.25,high_candidate_dependency_proxy,descriptive inter-region feasible-corridor candidate exposure; not actual cable use or traffic dependency,1.0,1.0,1.0,1.0,severe_corridor_observation_concentration,1.0,severe_network_transition_concentration,network_and_physical_both_concentrated
MT,A-Root,NA,NA,resolved_entry_only,0,0,0,,,,,,,0,,,0,0,0,0,,False,,False,False,insufficient_no_inter_region_projection_segments,"minimum_mappable_segments,minimum_unique_probes,minimum_unique_probe_asns,maximum_country_fallback_share",island_or_archipelagic,catalog_island_or_archipelagic_list,,,unknown_candidate_dependency_proxy,descriptive inter-region feasible-corridor candidate exposure; not actual cable use or traffic dependency,0.0,,,,unknown_corridor_observation_concentration,,,unknown_cross_layer_distribution_class
MU,A-Root,dns_root,anycast,all_publicly_visible,5,5,0,0.0,0.0,0.0,0.0,0.0,0.0,0,0.0,1.0,5,4,1,1,0.0,False,,False,False,insufficient_no_inter_region_projection_segments,"minimum_mappable_segments,minimum_unique_probes,minimum_unique_probe_asns,maximum_country_fallback_share",island_or_archipelagic,catalog_island_or_archipelagic_list,0.0,0.0,no_observed_inter_region_candidate_exposure,descriptive inter-region feasible-corridor candidate exposure; not actual cable use or traffic dependency,0.0,,,,unknown_corridor_observation_concentration,,,unknown_cross_layer_distribution_class
MU,A-Root,NA,NA,resolved_entry_only,0,0,0,,,,,,,0,,,0,0,0,0,,False,,False,False,insufficient_no_inter_region_projection_segments,"minimum_mappable_segments,minimum_unique_probes,minimum_unique_probe_asns,maximum_country_fallback_share",island_or_archipelagic,catalog_island_or_archipelagic_list,,,unknown_candidate_dependency_proxy,descriptive inter-region feasible-corridor candidate exposure; not actual cable use or traffic dependency,0.0,,,,unknown_corridor_observation_concentration,,,unknown_cross_layer_distribution_class
MV,A-Root,dns_root,anycast,all_publicly_visible,8,8,6,0.75,0.75,0.75,0.75,0.0,0.75,6,0.75,1.0,8,3,1,1,0.0,False,0.0,True,False,"insufficient_minimum_mappable_segments,minimum_unique_probes,minimum_unique_probe_asns","minimum_mappable_segments,minimum_unique_probes,minimum_unique_probe_asns",island_or_archipelagic,catalog_island_or_archipelagic_list,0.75,0.75,very_high_candidate_dependency_proxy,descriptive inter-region feasible-corridor candidate exposure; not actual cable use or traffic dependency,15.0,1.0,1.0,1.0,severe_corridor_observation_concentration,1.8733068857244586,severe_network_transition_concentration,network_and_physical_both_concentrated
MV,A-Root,NA,NA,resolved_entry_only,0,0,0,,,,,,,0,,,0,0,0,0,,False,,False,False,insufficient_no_inter_region_projection_segments,"minimum_mappable_segments,minimum_unique_probes,minimum_unique_probe_asns,maximum_country_fallback_share",island_or_archipelagic,catalog_island_or_archipelagic_list,,,unknown_candidate_dependency_proxy,descriptive inter-region feasible-corridor candidate exposure; not actual cable use or traffic dependency,0.0,,,,unknown_corridor_observation_concentration,,,unknown_cross_layer_distribution_class
MW,A-Root,dns_root,anycast,all_publicly_visible,1,1,0,0.0,0.0,0.0,0.0,0.0,0.0,0,0.0,1.0,1,1,1,1,0.0,False,,False,False,insufficient_no_inter_region_projection_segments,"minimum_mappable_segments,minimum_unique_probes,minimum_unique_probe_asns,maximum_country_fallback_share",landlocked,catalog_landlocked_list,0.0,0.0,no_observed_inter_region_candidate_exposure,descriptive inter-region feasible-corridor candidate exposure; not actual cable use or traffic dependency,0.0,,,,unknown_corridor_observation_concentration,,,unknown_cross_layer_distribution_class
MW,A-Root,NA,NA,resolved_entry_only,0,0,0,,,,,,,0,,,0,0,0,0,,False,,False,False,insufficient_no_inter_region_projection_segments,"minimum_mappable_segments,minimum_unique_probes,minimum_unique_probe_asns,maximum_country_fallback_share",landlocked,catalog_landlocked_list,,,unknown_candidate_dependency_proxy,descriptive inter-region feasible-corridor candidate exposure; not actual cable use or traffic dependency,0.0,,,,unknown_corridor_observation_concentration,,,unknown_cross_layer_distribution_class
MX,A-Root,dns_root,anycast,all_publicly_visible,45,43,4,0.08888888888888889,0.08888888888888889,0.08888888888888889,0.044444444444444446,0.044444444444444446,0.044444444444444446,4,0.08888888888888889,0.9555555555555556,45,22,1,1,0.0,True,0.0,True,False,"insufficient_minimum_mappable_segments,minimum_unique_probes","minimum_mappable_segments,minimum_unique_probes",coastal_mainland_or_mixed,catalog_default_alpha2_rule,0.08888888888888889,0.09302325581395349,moderate_candidate_dependency_proxy,descriptive inter-region feasible-corridor candidate exposure; not actual cable use or traffic dependency,6.0,0.3333333333333333,0.7777777777777777,3.9311120913133446,weak_corridor_observation_concentration,2.9999999999999996,weak_network_transition_concentration,network_and_physical_both_concentrated
MX,A-Root,NA,NA,resolved_entry_only,0,0,0,,,,,,,0,,,0,0,0,0,,False,,False,False,insufficient_no_inter_region_projection_segments,"minimum_mappable_segments,minimum_unique_probes,minimum_unique_probe_asns,maximum_country_fallback_share",coastal_mainland_or_mixed,catalog_default_alpha2_rule,,,unknown_candidate_dependency_proxy,descriptive inter-region feasible-corridor candidate exposure; not actual cable use or traffic dependency,0.0,,,,unknown_corridor_observation_concentration,,,unknown_cross_layer_distribution_class
MY,A-Root,dns_root,anycast,all_publicly_visible,29,20,10,0.3448275862068966,0.3448275862068966,0.3448275862068966,0.27586206896551724,0.13793103448275862,0.27586206896551724,10,0.3448275862068966,0.6896551724137931,29,17,1,1,0.0,False,0.1,True,False,insufficient_minimum_mappable_segments,minimum_mappable_segments,coastal_mainland_or_mixed,catalog_default_alpha2_rule,0.3448275862068966,0.5,very_high_candidate_dependency_proxy,descriptive inter-region feasible-corridor candidate exposure; not actual cable use or traffic dependency,20.0,0.2833333333333333,0.85,3.8826951282228186,weak_corridor_observation_concentration,9.213195942790017,broad_network_transition_distribution,network_and_physical_both_broad
MY,A-Root,NA,NA,resolved_entry_only,0,0,0,,,,,,,0,,,0,0,0,0,,False,,False,False,insufficient_no_inter_region_projection_segments,"minimum_mappable_segments,minimum_unique_probes,minimum_unique_probe_asns,maximum_country_fallback_share",coastal_mainland_or_mixed,catalog_default_alpha2_rule,,,unknown_candidate_dependency_proxy,descriptive inter-region feasible-corridor candidate exposure; not actual cable use or traffic dependency,0.0,,,,unknown_corridor_observation_concentration,,,unknown_cross_layer_distribution_class
MZ,A-Root,dns_root,anycast,all_publicly_visible,2,2,0,0.0,0.0,0.0,0.0,0.0,0.0,0,0.0,1.0,2,2,1,1,0.0,False,,False,False,insufficient_no_inter_region_projection_segments,"minimum_mappable_segments,minimum_unique_probes,minimum_unique_probe_asns,maximum_country_fallback_share",coastal_mainland_or_mixed,catalog_default_alpha2_rule,0.0,0.0,no_observed_inter_region_candidate_exposure,descriptive inter-region feasible-corridor candidate exposure; not actual cable use or traffic dependency,0.0,,,,unknown_corridor_observation_concentration,,,unknown_cross_layer_distribution_class
MZ,A-Root,NA,NA,resolved_entry_only,0,0,0,,,,,,,0,,,0,0,0,0,,False,,False,False,insufficient_no_inter_region_projection_segments,"minimum_mappable_segments,minimum_unique_probes,minimum_unique_probe_asns,maximum_country_fallback_share",coastal_mainland_or_mixed,catalog_default_alpha2_rule,,,unknown_candidate_dependency_proxy,descriptive inter-region feasible-corridor candidate exposure; not actual cable use or traffic dependency,0.0,,,,unknown_corridor_observation_concentration,,,unknown_cross_layer_distribution_class
NA,A-Root,dns_root,anycast,all_publicly_visible,4,4,0,0.0,0.0,0.0,0.0,0.0,0.0,0,0.0,1.0,4,3,1,1,0.0,False,,False,False,insufficient_no_inter_region_projection_segments,"minimum_mappable_segments,minimum_unique_probes,minimum_unique_probe_asns,maximum_country_fallback_share",unknown,unclassified_or_missing_country_code,0.0,0.0,no_observed_inter_region_candidate_exposure,descriptive inter-region feasible-corridor candidate exposure; not actual cable use or traffic dependency,0.0,,,,unknown_corridor_observation_concentration,,,unknown_cross_layer_distribution_class
NA,A-Root,NA,NA,resolved_entry_only,0,0,0,,,,,,,0,,,0,0,0,0,,False,,False,False,insufficient_no_inter_region_projection_segments,"minimum_mappable_segments,minimum_unique_probes,minimum_unique_probe_asns,maximum_country_fallback_share",unknown,unclassified_or_missing_country_code,,,unknown_candidate_dependency_proxy,descriptive inter-region feasible-corridor candidate exposure; not actual cable use or traffic dependency,0.0,,,,unknown_corridor_observation_concentration,,,unknown_cross_layer_distribution_class
NC,A-Root,dns_root,anycast,all_publicly_visible,4,4,4,1.0,1.0,1.0,0.5,1.0,1.0,4,1.0,1.0,4,2,1,1,0.0,False,0.3333333333333333,False,False,"insufficient_minimum_mappable_segments,minimum_unique_probes,minimum_unique_probe_asns,maximum_country_fallback_share","minimum_mappable_segments,minimum_unique_probes,minimum_unique_probe_asns,maximum_country_fallback_share",island_or_archipelagic,catalog_island_or_archipelagic_list,1.0,1.0,very_high_candidate_dependency_proxy,descriptive inter-region feasible-corridor candidate exposure; not actual cable use or traffic dependency,6.0,0.6666666666666666,1.0,1.8898815748423097,moderate_corridor_observation_concentration,1.8898815748423097,moderate_network_transition_concentration,network_and_physical_both_concentrated
NC,A-Root,NA,NA,resolved_entry_only,0,0,0,,,,,,,0,,,0,0,0,0,,False,,False,False,insufficient_no_inter_region_projection_segments,"minimum_mappable_segments,minimum_unique_probes,minimum_unique_probe_asns,maximum_country_fallback_share",island_or_archipelagic,catalog_island_or_archipelagic_list,,,unknown_candidate_dependency_proxy,descriptive inter-region feasible-corridor candidate exposure; not actual cable use or traffic dependency,0.0,,,,unknown_corridor_observation_concentration,,,unknown_cross_layer_distribution_class
NG,A-Root,dns_root,anycast,all_publicly_visible,6,6,2,0.3333333333333333,0.3333333333333333,0.3333333333333333,0.0,0.3333333333333333,0.0,2,0.3333333333333333,1.0,6,4,1,1,0.0,False,0.0,True,False,"insufficient_minimum_mappable_segments,minimum_unique_probes,minimum_unique_probe_asns","minimum_mappable_segments,minimum_unique_probes,minimum_unique_probe_asns",coastal_mainland_or_mixed,catalog_default_alpha2_rule,0.3333333333333333,0.3333333333333333,very_high_candidate_dependency_proxy,descriptive inter-region feasible-corridor candidate exposure; not actual cable use or traffic dependency,2.0,0.5,1.0,2.0,moderate_corridor_observation_concentration,1.0,severe_network_transition_concentration,network_and_physical_both_concentrated
NG,A-Root,NA,NA,resolved_entry_only,0,0,0,,,,,,,0,,,0,0,0,0,,False,,False,False,insufficient_no_inter_region_projection_segments,"minimum_mappable_segments,minimum_unique_probes,minimum_unique_probe_asns,maximum_country_fallback_share",coastal_mainland_or_mixed,catalog_default_alpha2_rule,,,unknown_candidate_dependency_proxy,descriptive inter-region feasible-corridor candidate exposure; not actual cable use or traffic dependency,0.0,,,,unknown_corridor_observation_concentration,,,unknown_cross_layer_distribution_class
NI,A-Root,dns_root,anycast,all_publicly_visible,6,3,0,0.0,0.0,0.0,0.0,0.0,0.0,0,0.0,0.5,6,4,1,1,0.0,False,,False,False,insufficient_no_inter_region_projection_segments,"minimum_mappable_segments,minimum_unique_probes,minimum_unique_probe_asns,maximum_country_fallback_share",coastal_mainland_or_mixed,catalog_default_alpha2_rule,0.0,0.0,no_observed_inter_region_candidate_exposure,descriptive inter-region feasible-corridor candidate exposure; not actual cable use or traffic dependency,0.0,,,,unknown_corridor_observation_concentration,,,unknown_cross_layer_distribution_class
NI,A-Root,NA,NA,resolved_entry_only,0,0,0,,,,,,,0,,,0,0,0,0,,False,,False,False,insufficient_no_inter_region_projection_segments,"minimum_mappable_segments,minimum_unique_probes,minimum_unique_probe_asns,maximum_country_fallback_share",coastal_mainland_or_mixed,catalog_default_alpha2_rule,,,unknown_candidate_dependency_proxy,descriptive inter-region feasible-corridor candidate exposure; not actual cable use or traffic dependency,0.0,,,,unknown_corridor_observation_concentration,,,unknown_cross_layer_distribution_class
NL,A-Root,dns_root,anycast,all_publicly_visible,507,416,0,0.0,0.0,0.0,0.0,0.0,0.0,0,0.0,0.8205128205128205,507,146,1,1,0.0,True,,False,False,insufficient_no_inter_region_projection_segments,"minimum_mappable_segments,minimum_unique_probes,minimum_unique_probe_asns,maximum_country_fallback_share",coastal_mainland_or_mixed,catalog_default_alpha2_rule,0.0,0.0,no_observed_inter_region_candidate_exposure,descriptive inter-region feasible-corridor candidate exposure; not actual cable use or traffic dependency,0.0,,,,unknown_corridor_observation_concentration,,,unknown_cross_layer_distribution_class
NL,A-Root,NA,NA,resolved_entry_only,0,0,0,,,,,,,0,,,0,0,0,0,,False,,False,False,insufficient_no_inter_region_projection_segments,"minimum_mappable_segments,minimum_unique_probes,minimum_unique_probe_asns,maximum_country_fallback_share",coastal_mainland_or_mixed,catalog_default_alpha2_rule,,,unknown_candidate_dependency_proxy,descriptive inter-region feasible-corridor candidate exposure; not actual cable use or traffic dependency,0.0,,,,unknown_corridor_observation_concentration,,,unknown_cross_layer_distribution_class
NO,A-Root,dns_root,anycast,all_publicly_visible,64,62,51,0.796875,0.796875,0.796875,0.796875,0.015625,0.15625,51,0.796875,0.96875,64,27,1,1,0.0,True,0.0,True,True,auditable,,coastal_mainland_or_mixed,catalog_default_alpha2_rule,0.796875,0.8225806451612904,very_high_candidate_dependency_proxy,descriptive inter-region feasible-corridor candidate exposure; not actual cable use or traffic dependency,118.0,0.7514124293785311,0.8375706214689266,3.2375741687496586,moderate_corridor_observation_concentration,16.12359857438269,broad_network_transition_distribution,network_broad_physical_concentrated
NO,A-Root,NA,NA,resolved_entry_only,0,0,0,,,,,,,0,,,0,0,0,0,,False,,False,False,insufficient_no_inter_region_projection_segments,"minimum_mappable_segments,minimum_unique_probes,minimum_unique_probe_asns,maximum_country_fallback_share",coastal_mainland_or_mixed,catalog_default_alpha2_rule,,,unknown_candidate_dependency_proxy,descriptive inter-region feasible-corridor candidate exposure; not actual cable use or traffic dependency,0.0,,,,unknown_corridor_observation_concentration,,,unknown_cross_layer_distribution_class
NP,A-Root,dns_root,anycast,all_publicly_visible,12,12,4,0.3333333333333333,0.3333333333333333,0.3333333333333333,0.3333333333333333,0.08333333333333333,0.3333333333333333,4,0.3333333333333333,1.0,12,8,1,1,0.0,False,0.0,True,False,"insufficient_minimum_mappable_segments,minimum_unique_probes,minimum_unique_probe_asns","minimum_mappable_segments,minimum_unique_probes,minimum_unique_probe_asns",landlocked,catalog_landlocked_list,0.3333333333333333,0.3333333333333333,very_high_candidate_dependency_proxy,descriptive inter-region feasible-corridor candidate exposure; not actual cable use or traffic dependency,8.0,0.2916666666666667,0.875,4.532812958781084,weak_corridor_observation_concentration,2.82842712474619,weak_network_transition_concentration,network_and_physical_both_concentrated
NP,A-Root,NA,NA,resolved_entry_only,0,0,0,,,,,,,0,,,0,0,0,0,,False,,False,False,insufficient_no_inter_region_projection_segments,"minimum_mappable_segments,minimum_unique_probes,minimum_unique_probe_asns,maximum_country_fallback_share",landlocked,catalog_landlocked_list,,,unknown_candidate_dependency_proxy,descriptive inter-region feasible-corridor candidate exposure; not actual cable use or traffic dependency,0.0,,,,unknown_corridor_observation_concentration,,,unknown_cross_layer_distribution_class
NZ,A-Root,dns_root,anycast,all_publicly_visible,90,89,68,0.7555555555555555,0.9888888888888889,0.7555555555555555,0.6111111111111112,0.5222222222222223,0.9555555555555556,68,0.7555555555555555,0.9888888888888889,90,27,1,1,0.0,True,0.05016722408026756,True,True,auditable,,island_or_archipelagic,catalog_island_or_archipelagic_list,0.7555555555555555,0.7640449438202247,very_high_candidate_dependency_proxy,descriptive inter-region feasible-corridor candidate exposure; not actual cable use or traffic dependency,299.0,0.20735785953177258,0.431438127090301,11.613320364565102,broad_corridor_observation_distribution,10.33888634050295,broad_network_transition_distribution,network_and_physical_both_broad
NZ,A-Root,NA,NA,resolved_entry_only,0,0,0,,,,,,,0,,,0,0,0,0,,False,,False,False,insufficient_no_inter_region_projection_segments,"minimum_mappable_segments,minimum_unique_probes,minimum_unique_probe_asns,maximum_country_fallback_share",island_or_archipelagic,catalog_island_or_archipelagic_list,,,unknown_candidate_dependency_proxy,descriptive inter-region feasible-corridor candidate exposure; not actual cable use or traffic dependency,0.0,,,,unknown_corridor_observation_concentration,,,unknown_cross_layer_distribution_class
OM,A-Root,dns_root,anycast,all_publicly_visible,1,1,0,0.0,0.0,0.0,0.0,0.0,0.0,0,0.0,1.0,1,1,1,1,0.0,False,,False,False,insufficient_no_inter_region_projection_segments,"minimum_mappable_segments,minimum_unique_probes,minimum_unique_probe_asns,maximum_country_fallback_share",coastal_mainland_or_mixed,catalog_default_alpha2_rule,0.0,0.0,no_observed_inter_region_candidate_exposure,descriptive inter-region feasible-corridor candidate exposure; not actual cable use or traffic dependency,0.0,,,,unknown_corridor_observation_concentration,,,unknown_cross_layer_distribution_class
OM,A-Root,NA,NA,resolved_entry_only,0,0,0,,,,,,,0,,,0,0,0,0,,False,,False,False,insufficient_no_inter_region_projection_segments,"minimum_mappable_segments,minimum_unique_probes,minimum_unique_probe_asns,maximum_country_fallback_share",coastal_mainland_or_mixed,catalog_default_alpha2_rule,,,unknown_candidate_dependency_proxy,descriptive inter-region feasible-corridor candidate exposure; not actual cable use or traffic dependency,0.0,,,,unknown_corridor_observation_concentration,,,unknown_cross_layer_distribution_class
PA,A-Root,dns_root,anycast,all_publicly_visible,14,10,1,0.07142857142857142,0.07142857142857142,0.07142857142857142,0.0,0.07142857142857142,0.0,1,0.07142857142857142,0.7142857142857143,14,8,1,1,0.0,False,0.0,True,False,"insufficient_minimum_mappable_segments,minimum_unique_probes,minimum_unique_probe_asns","minimum_mappable_segments,minimum_unique_probes,minimum_unique_probe_asns",coastal_mainland_or_mixed,catalog_default_alpha2_rule,0.07142857142857142,0.1,moderate_candidate_dependency_proxy,descriptive inter-region feasible-corridor candidate exposure; not actual cable use or traffic dependency,1.0,1.0,1.0,1.0,severe_corridor_observation_concentration,1.0,severe_network_transition_concentration,network_and_physical_both_concentrated
PA,A-Root,NA,NA,resolved_entry_only,0,0,0,,,,,,,0,,,0,0,0,0,,False,,False,False,insufficient_no_inter_region_projection_segments,"minimum_mappable_segments,minimum_unique_probes,minimum_unique_probe_asns,maximum_country_fallback_share",coastal_mainland_or_mixed,catalog_default_alpha2_rule,,,unknown_candidate_dependency_proxy,descriptive inter-region feasible-corridor candidate exposure; not actual cable use or traffic dependency,0.0,,,,unknown_corridor_observation_concentration,,,unknown_cross_layer_distribution_class
PE,A-Root,dns_root,anycast,all_publicly_visible,16,14,1,0.0625,0.0625,0.0625,0.0,0.0625,0.0,1,0.0625,0.875,16,14,1,1,0.0,False,0.0,True,False,"insufficient_minimum_mappable_segments,minimum_unique_probes,minimum_unique_probe_asns","minimum_mappable_segments,minimum_unique_probes,minimum_unique_probe_asns",coastal_mainland_or_mixed,catalog_default_alpha2_rule,0.0625,0.07142857142857142,moderate_candidate_dependency_proxy,descriptive inter-region feasible-corridor candidate exposure; not actual cable use or traffic dependency,1.0,1.0,1.0,1.0,severe_corridor_observation_concentration,1.0,severe_network_transition_concentration,network_and_physical_both_concentrated
PE,A-Root,NA,NA,resolved_entry_only,0,0,0,,,,,,,0,,,0,0,0,0,,False,,False,False,insufficient_no_inter_region_projection_segments,"minimum_mappable_segments,minimum_unique_probes,minimum_unique_probe_asns,maximum_country_fallback_share",coastal_mainland_or_mixed,catalog_default_alpha2_rule,,,unknown_candidate_dependency_proxy,descriptive inter-region feasible-corridor candidate exposure; not actual cable use or traffic dependency,0.0,,,,unknown_corridor_observation_concentration,,,unknown_cross_layer_distribution_class
PF,A-Root,dns_root,anycast,all_publicly_visible,6,6,0,0.0,0.0,0.0,0.0,0.0,0.0,0,0.0,1.0,6,1,1,1,0.0,False,,False,False,insufficient_no_inter_region_projection_segments,"minimum_mappable_segments,minimum_unique_probes,minimum_unique_probe_asns,maximum_country_fallback_share",island_or_archipelagic,catalog_island_or_archipelagic_list,0.0,0.0,no_observed_inter_region_candidate_exposure,descriptive inter-region feasible-corridor candidate exposure; not actual cable use or traffic dependency,0.0,,,,unknown_corridor_observation_concentration,,,unknown_cross_layer_distribution_class
PF,A-Root,NA,NA,resolved_entry_only,0,0,0,,,,,,,0,,,0,0,0,0,,False,,False,False,insufficient_no_inter_region_projection_segments,"minimum_mappable_segments,minimum_unique_probes,minimum_unique_probe_asns,maximum_country_fallback_share",island_or_archipelagic,catalog_island_or_archipelagic_list,,,unknown_candidate_dependency_proxy,descriptive inter-region feasible-corridor candidate exposure; not actual cable use or traffic dependency,0.0,,,,unknown_corridor_observation_concentration,,,unknown_cross_layer_distribution_class
PG,A-Root,dns_root,anycast,all_publicly_visible,1,1,1,1.0,1.0,1.0,0.0,1.0,1.0,1,1.0,1.0,1,1,1,1,0.0,False,0.0,True,False,"insufficient_minimum_mappable_segments,minimum_unique_probes,minimum_unique_probe_asns","minimum_mappable_segments,minimum_unique_probes,minimum_unique_probe_asns",island_or_archipelagic,catalog_island_or_archipelagic_list,1.0,1.0,very_high_candidate_dependency_proxy,descriptive inter-region feasible-corridor candidate exposure; not actual cable use or traffic dependency,1.0,1.0,1.0,1.0,severe_corridor_observation_concentration,1.0,severe_network_transition_concentration,network_and_physical_both_concentrated
PG,A-Root,NA,NA,resolved_entry_only,0,0,0,,,,,,,0,,,0,0,0,0,,False,,False,False,insufficient_no_inter_region_projection_segments,"minimum_mappable_segments,minimum_unique_probes,minimum_unique_probe_asns,maximum_country_fallback_share",island_or_archipelagic,catalog_island_or_archipelagic_list,,,unknown_candidate_dependency_proxy,descriptive inter-region feasible-corridor candidate exposure; not actual cable use or traffic dependency,0.0,,,,unknown_corridor_observation_concentration,,,unknown_cross_layer_distribution_class
PH,A-Root,dns_root,anycast,all_publicly_visible,50,46,26,0.52,0.56,0.52,0.38,0.46,0.38,26,0.52,0.92,50,31,1,1,0.0,True,0.05454545454545454,True,True,auditable,,island_or_archipelagic,catalog_island_or_archipelagic_list,0.52,0.5652173913043478,very_high_candidate_dependency_proxy,descriptive inter-region feasible-corridor candidate exposure; not actual cable use or traffic dependency,55.0,0.2,0.5151515151515151,9.635207966076482,broad_corridor_observation_distribution,15.987036440839287,broad_network_transition_distribution,network_and_physical_both_broad
PH,A-Root,NA,NA,resolved_entry_only,0,0,0,,,,,,,0,,,0,0,0,0,,False,,False,False,insufficient_no_inter_region_projection_segments,"minimum_mappable_segments,minimum_unique_probes,minimum_unique_probe_asns,maximum_country_fallback_share",island_or_archipelagic,catalog_island_or_archipelagic_list,,,unknown_candidate_dependency_proxy,descriptive inter-region feasible-corridor candidate exposure; not actual cable use or traffic dependency,0.0,,,,unknown_corridor_observation_concentration,,,unknown_cross_layer_distribution_class
PK,A-Root,dns_root,anycast,all_publicly_visible,10,4,4,0.4,0.4,0.4,0.4,0.0,0.1,4,0.4,0.4,10,6,1,1,0.0,False,0.0,True,False,"insufficient_minimum_mappable_segments,minimum_unique_probes","minimum_mappable_segments,minimum_unique_probes",coastal_mainland_or_mixed,catalog_default_alpha2_rule,0.4,1.0,very_high_candidate_dependency_proxy,descriptive inter-region feasible-corridor candidate exposure; not actual cable use or traffic dependency,5.0,0.6,0.8666666666666667,3.041821709466029,weak_corridor_observation_concentration,2.586409289858933,moderate_network_transition_concentration,network_and_physical_both_concentrated
PK,A-Root,NA,NA,resolved_entry_only,0,0,0,,,,,,,0,,,0,0,0,0,,False,,False,False,insufficient_no_inter_region_projection_segments,"minimum_mappable_segments,minimum_unique_probes,minimum_unique_probe_asns,maximum_country_fallback_share",coastal_mainland_or_mixed,catalog_default_alpha2_rule,,,unknown_candidate_dependency_proxy,descriptive inter-region feasible-corridor candidate exposure; not actual cable use or traffic dependency,0.0,,,,unknown_corridor_observation_concentration,,,unknown_cross_layer_distribution_class
PL,A-Root,dns_root,anycast,all_publicly_visible,167,162,1,0.005988023952095809,0.005988023952095809,0.005988023952095809,0.0,0.005988023952095809,0.0,1,0.005988023952095809,0.9700598802395209,166,108,1,1,0.0,True,0.0,True,False,"insufficient_minimum_mappable_segments,minimum_unique_probes,minimum_unique_probe_asns","minimum_mappable_segments,minimum_unique_probes,minimum_unique_probe_asns",coastal_mainland_or_mixed,catalog_default_alpha2_rule,0.005988023952095809,0.006172839506172839,low_candidate_dependency_proxy,descriptive inter-region feasible-corridor candidate exposure; not actual cable use or traffic dependency,1.0,1.0,1.0,1.0,severe_corridor_observation_concentration,1.0,severe_network_transition_concentration,network_and_physical_both_concentrated
PL,A-Root,NA,NA,resolved_entry_only,0,0,0,,,,,,,0,,,0,0,0,0,,False,,False,False,insufficient_no_inter_region_projection_segments,"minimum_mappable_segments,minimum_unique_probes,minimum_unique_probe_asns,maximum_country_fallback_share",coastal_mainland_or_mixed,catalog_default_alpha2_rule,,,unknown_candidate_dependency_proxy,descriptive inter-region feasible-corridor candidate exposure; not actual cable use or traffic dependency,0.0,,,,unknown_corridor_observation_concentration,,,unknown_cross_layer_distribution_class
PR,A-Root,dns_root,anycast,all_publicly_visible,1,1,1,1.0,1.0,1.0,0.0,1.0,1.0,1,1.0,1.0,1,1,1,1,0.0,False,0.0,True,False,"insufficient_minimum_mappable_segments,minimum_unique_probes,minimum_unique_probe_asns","minimum_mappable_segments,minimum_unique_probes,minimum_unique_probe_asns",island_or_archipelagic,catalog_island_or_archipelagic_list,1.0,1.0,very_high_candidate_dependency_proxy,descriptive inter-region feasible-corridor candidate exposure; not actual cable use or traffic dependency,1.0,1.0,1.0,1.0,severe_corridor_observation_concentration,1.0,severe_network_transition_concentration,network_and_physical_both_concentrated
PR,A-Root,NA,NA,resolved_entry_only,0,0,0,,,,,,,0,,,0,0,0,0,,False,,False,False,insufficient_no_inter_region_projection_segments,"minimum_mappable_segments,minimum_unique_probes,minimum_unique_probe_asns,maximum_country_fallback_share",island_or_archipelagic,catalog_island_or_archipelagic_list,,,unknown_candidate_dependency_proxy,descriptive inter-region feasible-corridor candidate exposure; not actual cable use or traffic dependency,0.0,,,,unknown_corridor_observation_concentration,,,unknown_cross_layer_distribution_class
PS,A-Root,dns_root,anycast,all_publicly_visible,1,1,0,0.0,0.0,0.0,0.0,0.0,0.0,0,0.0,1.0,1,1,1,1,0.0,False,,False,False,insufficient_no_inter_region_projection_segments,"minimum_mappable_segments,minimum_unique_probes,minimum_unique_probe_asns,maximum_country_fallback_share",coastal_mainland_or_mixed,catalog_default_alpha2_rule,0.0,0.0,no_observed_inter_region_candidate_exposure,descriptive inter-region feasible-corridor candidate exposure; not actual cable use or traffic dependency,0.0,,,,unknown_corridor_observation_concentration,,,unknown_cross_layer_distribution_class
PS,A-Root,NA,NA,resolved_entry_only,0,0,0,,,,,,,0,,,0,0,0,0,,False,,False,False,insufficient_no_inter_region_projection_segments,"minimum_mappable_segments,minimum_unique_probes,minimum_unique_probe_asns,maximum_country_fallback_share",coastal_mainland_or_mixed,catalog_default_alpha2_rule,,,unknown_candidate_dependency_proxy,descriptive inter-region feasible-corridor candidate exposure; not actual cable use or traffic dependency,0.0,,,,unknown_corridor_observation_concentration,,,unknown_cross_layer_distribution_class
PT,A-Root,dns_root,anycast,all_publicly_visible,75,67,45,0.6,0.6,0.6,0.4666666666666667,0.24,0.02666666666666667,45,0.6,0.8933333333333333,75,20,1,1,0.0,True,0.0,True,True,auditable,,coastal_mainland_or_mixed,catalog_default_alpha2_rule,0.6,0.6716417910447762,very_high_candidate_dependency_proxy,descriptive inter-region feasible-corridor candidate exposure; not actual cable use or traffic dependency,77.0,0.7532467532467533,0.974025974025974,2.1439678030242733,moderate_corridor_observation_concentration,7.985131526978804,broad_network_transition_distribution,network_broad_physical_concentrated
PT,A-Root,NA,NA,resolved_entry_only,0,0,0,,,,,,,0,,,0,0,0,0,,False,,False,False,insufficient_no_inter_region_projection_segments,"minimum_mappable_segments,minimum_unique_probes,minimum_unique_probe_asns,maximum_country_fallback_share",coastal_mainland_or_mixed,catalog_default_alpha2_rule,,,unknown_candidate_dependency_proxy,descriptive inter-region feasible-corridor candidate exposure; not actual cable use or traffic dependency,0.0,,,,unknown_corridor_observation_concentration,,,unknown_cross_layer_distribution_class
PW,A-Root,dns_root,anycast,all_publicly_visible,1,1,0,0.0,0.0,0.0,0.0,0.0,0.0,0,0.0,1.0,1,1,1,1,0.0,False,,False,False,insufficient_no_inter_region_projection_segments,"minimum_mappable_segments,minimum_unique_probes,minimum_unique_probe_asns,maximum_country_fallback_share",island_or_archipelagic,catalog_island_or_archipelagic_list,0.0,0.0,no_observed_inter_region_candidate_exposure,descriptive inter-region feasible-corridor candidate exposure; not actual cable use or traffic dependency,0.0,,,,unknown_corridor_observation_concentration,,,unknown_cross_layer_distribution_class
PW,A-Root,NA,NA,resolved_entry_only,0,0,0,,,,,,,0,,,0,0,0,0,,False,,False,False,insufficient_no_inter_region_projection_segments,"minimum_mappable_segments,minimum_unique_probes,minimum_unique_probe_asns,maximum_country_fallback_share",island_or_archipelagic,catalog_island_or_archipelagic_list,,,unknown_candidate_dependency_proxy,descriptive inter-region feasible-corridor candidate exposure; not actual cable use or traffic dependency,0.0,,,,unknown_corridor_observation_concentration,,,unknown_cross_layer_distribution_class
PY,A-Root,dns_root,anycast,all_publicly_visible,10,8,0,0.0,0.0,0.0,0.0,0.0,0.0,0,0.0,0.8,10,8,1,1,0.0,False,,False,False,insufficient_no_inter_region_projection_segments,"minimum_mappable_segments,minimum_unique_probes,minimum_unique_probe_asns,maximum_country_fallback_share",landlocked,catalog_landlocked_list,0.0,0.0,no_observed_inter_region_candidate_exposure,descriptive inter-region feasible-corridor candidate exposure; not actual cable use or traffic dependency,0.0,,,,unknown_corridor_observation_concentration,,,unknown_cross_layer_distribution_class
PY,A-Root,NA,NA,resolved_entry_only,0,0,0,,,,,,,0,,,0,0,0,0,,False,,False,False,insufficient_no_inter_region_projection_segments,"minimum_mappable_segments,minimum_unique_probes,minimum_unique_probe_asns,maximum_country_fallback_share",landlocked,catalog_landlocked_list,,,unknown_candidate_dependency_proxy,descriptive inter-region feasible-corridor candidate exposure; not actual cable use or traffic dependency,0.0,,,,unknown_corridor_observation_concentration,,,unknown_cross_layer_distribution_class
QA,A-Root,dns_root,anycast,all_publicly_visible,1,1,0,0.0,0.0,0.0,0.0,0.0,0.0,0,0.0,1.0,1,1,1,1,0.0,False,,False,False,insufficient_no_inter_region_projection_segments,"minimum_mappable_segments,minimum_unique_probes,minimum_unique_probe_asns,maximum_country_fallback_share",coastal_mainland_or_mixed,catalog_default_alpha2_rule,0.0,0.0,no_observed_inter_region_candidate_exposure,descriptive inter-region feasible-corridor candidate exposure; not actual cable use or traffic dependency,0.0,,,,unknown_corridor_observation_concentration,,,unknown_cross_layer_distribution_class
QA,A-Root,NA,NA,resolved_entry_only,0,0,0,,,,,,,0,,,0,0,0,0,,False,,False,False,insufficient_no_inter_region_projection_segments,"minimum_mappable_segments,minimum_unique_probes,minimum_unique_probe_asns,maximum_country_fallback_share",coastal_mainland_or_mixed,catalog_default_alpha2_rule,,,unknown_candidate_dependency_proxy,descriptive inter-region feasible-corridor candidate exposure; not actual cable use or traffic dependency,0.0,,,,unknown_corridor_observation_concentration,,,unknown_cross_layer_distribution_class
RE,A-Root,dns_root,anycast,all_publicly_visible,41,41,12,0.2926829268292683,0.2926829268292683,0.2926829268292683,0.2926829268292683,0.0,0.2926829268292683,12,0.2926829268292683,1.0,41,5,1,1,0.0,True,0.0,True,False,"insufficient_minimum_mappable_segments,minimum_unique_probe_asns","minimum_mappable_segments,minimum_unique_probe_asns",island_or_archipelagic,catalog_island_or_archipelagic_list,0.2926829268292683,0.2926829268292683,high_candidate_dependency_proxy,descriptive inter-region feasible-corridor candidate exposure; not actual cable use or traffic dependency,12.0,0.3333333333333333,1.0,2.9999999999999996,weak_corridor_observation_concentration,1.0,severe_network_transition_concentration,network_and_physical_both_concentrated
RE,A-Root,NA,NA,resolved_entry_only,0,0,0,,,,,,,0,,,0,0,0,0,,False,,False,False,insufficient_no_inter_region_projection_segments,"minimum_mappable_segments,minimum_unique_probes,minimum_unique_probe_asns,maximum_country_fallback_share",island_or_archipelagic,catalog_island_or_archipelagic_list,,,unknown_candidate_dependency_proxy,descriptive inter-region feasible-corridor candidate exposure; not actual cable use or traffic dependency,0.0,,,,unknown_corridor_observation_concentration,,,unknown_cross_layer_distribution_class
RO,A-Root,dns_root,anycast,all_publicly_visible,62,33,0,0.0,0.0,0.0,0.0,0.0,0.0,0,0.0,0.532258064516129,62,37,1,1,0.0,True,,False,False,insufficient_no_inter_region_projection_segments,"minimum_mappable_segments,minimum_unique_probes,minimum_unique_probe_asns,maximum_country_fallback_share",coastal_mainland_or_mixed,catalog_default_alpha2_rule,0.0,0.0,no_observed_inter_region_candidate_exposure,descriptive inter-region feasible-corridor candidate exposure; not actual cable use or traffic dependency,0.0,,,,unknown_corridor_observation_concentration,,,unknown_cross_layer_distribution_class
RO,A-Root,NA,NA,resolved_entry_only,0,0,0,,,,,,,0,,,0,0,0,0,,False,,False,False,insufficient_no_inter_region_projection_segments,"minimum_mappable_segments,minimum_unique_probes,minimum_unique_probe_asns,maximum_country_fallback_share",coastal_mainland_or_mixed,catalog_default_alpha2_rule,,,unknown_candidate_dependency_proxy,descriptive inter-region feasible-corridor candidate exposure; not actual cable use or traffic dependency,0.0,,,,unknown_corridor_observation_concentration,,,unknown_cross_layer_distribution_class
RS,A-Root,dns_root,anycast,all_publicly_visible,38,36,0,0.0,0.0,0.0,0.0,0.0,0.0,0,0.0,0.9473684210526315,38,15,1,1,0.0,True,,False,False,insufficient_no_inter_region_projection_segments,"minimum_mappable_segments,minimum_unique_probes,minimum_unique_probe_asns,maximum_country_fallback_share",landlocked,catalog_landlocked_list,0.0,0.0,no_observed_inter_region_candidate_exposure,descriptive inter-region feasible-corridor candidate exposure; not actual cable use or traffic dependency,0.0,,,,unknown_corridor_observation_concentration,,,unknown_cross_layer_distribution_class
RS,A-Root,NA,NA,resolved_entry_only,0,0,0,,,,,,,0,,,0,0,0,0,,False,,False,False,insufficient_no_inter_region_projection_segments,"minimum_mappable_segments,minimum_unique_probes,minimum_unique_probe_asns,maximum_country_fallback_share",landlocked,catalog_landlocked_list,,,unknown_candidate_dependency_proxy,descriptive inter-region feasible-corridor candidate exposure; not actual cable use or traffic dependency,0.0,,,,unknown_corridor_observation_concentration,,,unknown_cross_layer_distribution_class
RU,A-Root,dns_root,anycast,all_publicly_visible,401,371,4,0.00997506234413965,0.00997506234413965,0.00997506234413965,0.0,0.00997506234413965,0.0,4,0.00997506234413965,0.9251870324189526,398,251,1,1,0.0,True,0.0,True,False,"insufficient_minimum_mappable_segments,minimum_unique_probes","minimum_mappable_segments,minimum_unique_probes",coastal_mainland_or_mixed,catalog_default_alpha2_rule,0.00997506234413965,0.01078167115902965,low_candidate_dependency_proxy,descriptive inter-region feasible-corridor candidate exposure; not actual cable use or traffic dependency,4.0,1.0,1.0,1.0,severe_corridor_observation_concentration,1.0,severe_network_transition_concentration,network_and_physical_both_concentrated
RU,A-Root,NA,NA,resolved_entry_only,0,0,0,,,,,,,0,,,0,0,0,0,,False,,False,False,insufficient_no_inter_region_projection_segments,"minimum_mappable_segments,minimum_unique_probes,minimum_unique_probe_asns,maximum_country_fallback_share",coastal_mainland_or_mixed,catalog_default_alpha2_rule,,,unknown_candidate_dependency_proxy,descriptive inter-region feasible-corridor candidate exposure; not actual cable use or traffic dependency,0.0,,,,unknown_corridor_observation_concentration,,,unknown_cross_layer_distribution_class
RW,A-Root,dns_root,anycast,all_publicly_visible,1,1,0,0.0,0.0,0.0,0.0,0.0,0.0,0,0.0,1.0,1,1,1,1,0.0,False,,False,False,insufficient_no_inter_region_projection_segments,"minimum_mappable_segments,minimum_unique_probes,minimum_unique_probe_asns,maximum_country_fallback_share",landlocked,catalog_landlocked_list,0.0,0.0,no_observed_inter_region_candidate_exposure,descriptive inter-region feasible-corridor candidate exposure; not actual cable use or traffic dependency,0.0,,,,unknown_corridor_observation_concentration,,,unknown_cross_layer_distribution_class
RW,A-Root,NA,NA,resolved_entry_only,0,0,0,,,,,,,0,,,0,0,0,0,,False,,False,False,insufficient_no_inter_region_projection_segments,"minimum_mappable_segments,minimum_unique_probes,minimum_unique_probe_asns,maximum_country_fallback_share",landlocked,catalog_landlocked_list,,,unknown_candidate_dependency_proxy,descriptive inter-region feasible-corridor candidate exposure; not actual cable use or traffic dependency,0.0,,,,unknown_corridor_observation_concentration,,,unknown_cross_layer_distribution_class
SA,A-Root,dns_root,anycast,all_publicly_visible,16,8,0,0.0,0.0,0.0,0.0,0.0,0.0,0,0.0,0.5,16,10,1,1,0.0,False,,False,False,insufficient_no_inter_region_projection_segments,"minimum_mappable_segments,minimum_unique_probes,minimum_unique_probe_asns,maximum_country_fallback_share",coastal_mainland_or_mixed,catalog_default_alpha2_rule,0.0,0.0,no_observed_inter_region_candidate_exposure,descriptive inter-region feasible-corridor candidate exposure; not actual cable use or traffic dependency,0.0,,,,unknown_corridor_observation_concentration,,,unknown_cross_layer_distribution_class
SA,A-Root,NA,NA,resolved_entry_only,0,0,0,,,,,,,0,,,0,0,0,0,,False,,False,False,insufficient_no_inter_region_projection_segments,"minimum_mappable_segments,minimum_unique_probes,minimum_unique_probe_asns,maximum_country_fallback_share",coastal_mainland_or_mixed,catalog_default_alpha2_rule,,,unknown_candidate_dependency_proxy,descriptive inter-region feasible-corridor candidate exposure; not actual cable use or traffic dependency,0.0,,,,unknown_corridor_observation_concentration,,,unknown_cross_layer_distribution_class
SE,A-Root,dns_root,anycast,all_publicly_visible,175,162,38,0.21714285714285714,0.21714285714285714,0.21714285714285714,0.21714285714285714,0.03428571428571429,0.14857142857142858,38,0.21714285714285714,0.9257142857142857,174,61,1,1,0.0,True,0.01639344262295082,True,True,auditable,,coastal_mainland_or_mixed,catalog_default_alpha2_rule,0.21714285714285714,0.2345679012345679,high_candidate_dependency_proxy,descriptive inter-region feasible-corridor candidate exposure; not actual cable use or traffic dependency,122.0,0.6967213114754098,0.9836065573770492,2.4015823938194325,moderate_corridor_observation_concentration,8.813671177333617,broad_network_transition_distribution,network_broad_physical_concentrated
SE,A-Root,NA,NA,resolved_entry_only,0,0,0,,,,,,,0,,,0,0,0,0,,False,,False,False,insufficient_no_inter_region_projection_segments,"minimum_mappable_segments,minimum_unique_probes,minimum_unique_probe_asns,maximum_country_fallback_share",coastal_mainland_or_mixed,catalog_default_alpha2_rule,,,unknown_candidate_dependency_proxy,descriptive inter-region feasible-corridor candidate exposure; not actual cable use or traffic dependency,0.0,,,,unknown_corridor_observation_concentration,,,unknown_cross_layer_distribution_class
SG,A-Root,dns_root,anycast,all_publicly_visible,105,93,72,0.6857142857142857,0.6857142857142857,0.6857142857142857,0.6857142857142857,0.08571428571428572,0.6857142857142857,72,0.6857142857142857,0.8857142857142857,105,51,1,1,0.0,True,0.025210084033613446,True,True,auditable,,island_or_archipelagic,catalog_island_or_archipelagic_list,0.6857142857142857,0.7741935483870968,very_high_candidate_dependency_proxy,descriptive inter-region feasible-corridor candidate exposure; not actual cable use or traffic dependency,238.0,0.3179271708683473,0.953781512605042,3.7039489566101262,weak_corridor_observation_concentration,27.877474728184445,broad_network_transition_distribution,network_and_physical_both_broad
SG,A-Root,NA,NA,resolved_entry_only,0,0,0,,,,,,,0,,,0,0,0,0,,False,,False,False,insufficient_no_inter_region_projection_segments,"minimum_mappable_segments,minimum_unique_probes,minimum_unique_probe_asns,maximum_country_fallback_share",island_or_archipelagic,catalog_island_or_archipelagic_list,,,unknown_candidate_dependency_proxy,descriptive inter-region feasible-corridor candidate exposure; not actual cable use or traffic dependency,0.0,,,,unknown_corridor_observation_concentration,,,unknown_cross_layer_distribution_class
SI,A-Root,dns_root,anycast,all_publicly_visible,39,36,0,0.0,0.0,0.0,0.0,0.0,0.0,0,0.0,0.9230769230769231,39,20,1,1,0.0,True,,False,False,insufficient_no_inter_region_projection_segments,"minimum_mappable_segments,minimum_unique_probes,minimum_unique_probe_asns,maximum_country_fallback_share",coastal_mainland_or_mixed,catalog_default_alpha2_rule,0.0,0.0,no_observed_inter_region_candidate_exposure,descriptive inter-region feasible-corridor candidate exposure; not actual cable use or traffic dependency,0.0,,,,unknown_corridor_observation_concentration,,,unknown_cross_layer_distribution_class
SI,A-Root,NA,NA,resolved_entry_only,0,0,0,,,,,,,0,,,0,0,0,0,,False,,False,False,insufficient_no_inter_region_projection_segments,"minimum_mappable_segments,minimum_unique_probes,minimum_unique_probe_asns,maximum_country_fallback_share",coastal_mainland_or_mixed,catalog_default_alpha2_rule,,,unknown_candidate_dependency_proxy,descriptive inter-region feasible-corridor candidate exposure; not actual cable use or traffic dependency,0.0,,,,unknown_corridor_observation_concentration,,,unknown_cross_layer_distribution_class
SK,A-Root,dns_root,anycast,all_publicly_visible,48,43,0,0.0,0.0,0.0,0.0,0.0,0.0,0,0.0,0.8958333333333334,48,21,1,1,0.0,True,,False,False,insufficient_no_inter_region_projection_segments,"minimum_mappable_segments,minimum_unique_probes,minimum_unique_probe_asns,maximum_country_fallback_share",landlocked,catalog_landlocked_list,0.0,0.0,no_observed_inter_region_candidate_exposure,descriptive inter-region feasible-corridor candidate exposure; not actual cable use or traffic dependency,0.0,,,,unknown_corridor_observation_concentration,,,unknown_cross_layer_distribution_class
SK,A-Root,NA,NA,resolved_entry_only,0,0,0,,,,,,,0,,,0,0,0,0,,False,,False,False,insufficient_no_inter_region_projection_segments,"minimum_mappable_segments,minimum_unique_probes,minimum_unique_probe_asns,maximum_country_fallback_share",landlocked,catalog_landlocked_list,,,unknown_candidate_dependency_proxy,descriptive inter-region feasible-corridor candidate exposure; not actual cable use or traffic dependency,0.0,,,,unknown_corridor_observation_concentration,,,unknown_cross_layer_distribution_class
SL,A-Root,dns_root,anycast,all_publicly_visible,2,1,1,0.5,0.5,0.5,0.0,0.5,0.0,1,0.5,0.5,2,2,1,1,0.0,False,0.0,True,False,"insufficient_minimum_mappable_segments,minimum_unique_probes,minimum_unique_probe_asns","minimum_mappable_segments,minimum_unique_probes,minimum_unique_probe_asns",coastal_mainland_or_mixed,catalog_default_alpha2_rule,0.5,1.0,very_high_candidate_dependency_proxy,descriptive inter-region feasible-corridor candidate exposure; not actual cable use or traffic dependency,1.0,1.0,1.0,1.0,severe_corridor_observation_concentration,1.0,severe_network_transition_concentration,network_and_physical_both_concentrated
SL,A-Root,NA,NA,resolved_entry_only,0,0,0,,,,,,,0,,,0,0,0,0,,False,,False,False,insufficient_no_inter_region_projection_segments,"minimum_mappable_segments,minimum_unique_probes,minimum_unique_probe_asns,maximum_country_fallback_share",coastal_mainland_or_mixed,catalog_default_alpha2_rule,,,unknown_candidate_dependency_proxy,descriptive inter-region feasible-corridor candidate exposure; not actual cable use or traffic dependency,0.0,,,,unknown_corridor_observation_concentration,,,unknown_cross_layer_distribution_class
SM,A-Root,dns_root,anycast,all_publicly_visible,1,1,0,0.0,0.0,0.0,0.0,0.0,0.0,0,0.0,1.0,1,1,1,1,0.0,False,,False,False,insufficient_no_inter_region_projection_segments,"minimum_mappable_segments,minimum_unique_probes,minimum_unique_probe_asns,maximum_country_fallback_share",landlocked,catalog_landlocked_list,0.0,0.0,no_observed_inter_region_candidate_exposure,descriptive inter-region feasible-corridor candidate exposure; not actual cable use or traffic dependency,0.0,,,,unknown_corridor_observation_concentration,,,unknown_cross_layer_distribution_class
SM,A-Root,NA,NA,resolved_entry_only,0,0,0,,,,,,,0,,,0,0,0,0,,False,,False,False,insufficient_no_inter_region_projection_segments,"minimum_mappable_segments,minimum_unique_probes,minimum_unique_probe_asns,maximum_country_fallback_share",landlocked,catalog_landlocked_list,,,unknown_candidate_dependency_proxy,descriptive inter-region feasible-corridor candidate exposure; not actual cable use or traffic dependency,0.0,,,,unknown_corridor_observation_concentration,,,unknown_cross_layer_distribution_class
SN,A-Root,dns_root,anycast,all_publicly_visible,2,2,1,0.5,0.5,0.5,0.0,0.5,0.0,1,0.5,1.0,2,2,1,1,0.0,False,0.0,True,False,"insufficient_minimum_mappable_segments,minimum_unique_probes,minimum_unique_probe_asns","minimum_mappable_segments,minimum_unique_probes,minimum_unique_probe_asns",coastal_mainland_or_mixed,catalog_default_alpha2_rule,0.5,0.5,very_high_candidate_dependency_proxy,descriptive inter-region feasible-corridor candidate exposure; not actual cable use or traffic dependency,2.0,0.5,1.0,2.82842712474619,weak_corridor_observation_concentration,2.0,moderate_network_transition_concentration,network_and_physical_both_concentrated
SN,A-Root,NA,NA,resolved_entry_only,0,0,0,,,,,,,0,,,0,0,0,0,,False,,False,False,insufficient_no_inter_region_projection_segments,"minimum_mappable_segments,minimum_unique_probes,minimum_unique_probe_asns,maximum_country_fallback_share",coastal_mainland_or_mixed,catalog_default_alpha2_rule,,,unknown_candidate_dependency_proxy,descriptive inter-region feasible-corridor candidate exposure; not actual cable use or traffic dependency,0.0,,,,unknown_corridor_observation_concentration,,,unknown_cross_layer_distribution_class
SR,A-Root,dns_root,anycast,all_publicly_visible,1,1,0,0.0,0.0,0.0,0.0,0.0,0.0,0,0.0,1.0,1,1,1,1,0.0,False,,False,False,insufficient_no_inter_region_projection_segments,"minimum_mappable_segments,minimum_unique_probes,minimum_unique_probe_asns,maximum_country_fallback_share",coastal_mainland_or_mixed,catalog_default_alpha2_rule,0.0,0.0,no_observed_inter_region_candidate_exposure,descriptive inter-region feasible-corridor candidate exposure; not actual cable use or traffic dependency,0.0,,,,unknown_corridor_observation_concentration,,,unknown_cross_layer_distribution_class
SR,A-Root,NA,NA,resolved_entry_only,0,0,0,,,,,,,0,,,0,0,0,0,,False,,False,False,insufficient_no_inter_region_projection_segments,"minimum_mappable_segments,minimum_unique_probes,minimum_unique_probe_asns,maximum_country_fallback_share",coastal_mainland_or_mixed,catalog_default_alpha2_rule,,,unknown_candidate_dependency_proxy,descriptive inter-region feasible-corridor candidate exposure; not actual cable use or traffic dependency,0.0,,,,unknown_corridor_observation_concentration,,,unknown_cross_layer_distribution_class
SV,A-Root,dns_root,anycast,all_publicly_visible,9,5,1,0.1111111111111111,0.1111111111111111,0.1111111111111111,0.0,0.1111111111111111,0.0,1,0.1111111111111111,0.5555555555555556,9,7,1,1,0.0,False,0.0,True,False,"insufficient_minimum_mappable_segments,minimum_unique_probes,minimum_unique_probe_asns","minimum_mappable_segments,minimum_unique_probes,minimum_unique_probe_asns",coastal_mainland_or_mixed,catalog_default_alpha2_rule,0.1111111111111111,0.2,moderate_candidate_dependency_proxy,descriptive inter-region feasible-corridor candidate exposure; not actual cable use or traffic dependency,1.0,1.0,1.0,1.0,severe_corridor_observation_concentration,1.0,severe_network_transition_concentration,network_and_physical_both_concentrated
SV,A-Root,NA,NA,resolved_entry_only,0,0,0,,,,,,,0,,,0,0,0,0,,False,,False,False,insufficient_no_inter_region_projection_segments,"minimum_mappable_segments,minimum_unique_probes,minimum_unique_probe_asns,maximum_country_fallback_share",coastal_mainland_or_mixed,catalog_default_alpha2_rule,,,unknown_candidate_dependency_proxy,descriptive inter-region feasible-corridor candidate exposure; not actual cable use or traffic dependency,0.0,,,,unknown_corridor_observation_concentration,,,unknown_cross_layer_distribution_class
SY,A-Root,dns_root,anycast,all_publicly_visible,3,0,0,0.0,0.0,0.0,0.0,0.0,0.0,0,0.0,0.0,3,2,1,1,0.0,False,,False,False,insufficient_no_inter_region_projection_segments,"minimum_mappable_segments,minimum_unique_probes,minimum_unique_probe_asns,maximum_country_fallback_share",coastal_mainland_or_mixed,catalog_default_alpha2_rule,0.0,,no_observed_inter_region_candidate_exposure,descriptive inter-region feasible-corridor candidate exposure; not actual cable use or traffic dependency,0.0,,,,unknown_corridor_observation_concentration,,,unknown_cross_layer_distribution_class
SY,A-Root,NA,NA,resolved_entry_only,0,0,0,,,,,,,0,,,0,0,0,0,,False,,False,False,insufficient_no_inter_region_projection_segments,"minimum_mappable_segments,minimum_unique_probes,minimum_unique_probe_asns,maximum_country_fallback_share",coastal_mainland_or_mixed,catalog_default_alpha2_rule,,,unknown_candidate_dependency_proxy,descriptive inter-region feasible-corridor candidate exposure; not actual cable use or traffic dependency,0.0,,,,unknown_corridor_observation_concentration,,,unknown_cross_layer_distribution_class
TD,A-Root,dns_root,anycast,all_publicly_visible,1,1,0,0.0,0.0,0.0,0.0,0.0,0.0,0,0.0,1.0,1,1,1,1,0.0,False,,False,False,insufficient_no_inter_region_projection_segments,"minimum_mappable_segments,minimum_unique_probes,minimum_unique_probe_asns,maximum_country_fallback_share",landlocked,catalog_landlocked_list,0.0,0.0,no_observed_inter_region_candidate_exposure,descriptive inter-region feasible-corridor candidate exposure; not actual cable use or traffic dependency,0.0,,,,unknown_corridor_observation_concentration,,,unknown_cross_layer_distribution_class
TD,A-Root,NA,NA,resolved_entry_only,0,0,0,,,,,,,0,,,0,0,0,0,,False,,False,False,insufficient_no_inter_region_projection_segments,"minimum_mappable_segments,minimum_unique_probes,minimum_unique_probe_asns,maximum_country_fallback_share",landlocked,catalog_landlocked_list,,,unknown_candidate_dependency_proxy,descriptive inter-region feasible-corridor candidate exposure; not actual cable use or traffic dependency,0.0,,,,unknown_corridor_observation_concentration,,,unknown_cross_layer_distribution_class
TH,A-Root,dns_root,anycast,all_publicly_visible,40,39,13,0.325,0.375,0.325,0.275,0.05,0.35,13,0.325,0.975,40,25,1,1,0.0,True,0.11764705882352941,True,False,insufficient_minimum_mappable_segments,minimum_mappable_segments,coastal_mainland_or_mixed,catalog_default_alpha2_rule,0.325,0.3333333333333333,very_high_candidate_dependency_proxy,descriptive inter-region feasible-corridor candidate exposure; not actual cable use or traffic dependency,17.0,0.29411764705882354,0.8823529411764706,4.279749294991139,weak_corridor_observation_concentration,7.913051598724342,broad_network_transition_distribution,network_and_physical_both_broad
TH,A-Root,NA,NA,resolved_entry_only,0,0,0,,,,,,,0,,,0,0,0,0,,False,,False,False,insufficient_no_inter_region_projection_segments,"minimum_mappable_segments,minimum_unique_probes,minimum_unique_probe_asns,maximum_country_fallback_share",coastal_mainland_or_mixed,catalog_default_alpha2_rule,,,unknown_candidate_dependency_proxy,descriptive inter-region feasible-corridor candidate exposure; not actual cable use or traffic dependency,0.0,,,,unknown_corridor_observation_concentration,,,unknown_cross_layer_distribution_class
TJ,A-Root,dns_root,anycast,all_publicly_visible,9,8,0,0.0,0.0,0.0,0.0,0.0,0.0,0,0.0,0.8888888888888888,9,8,1,1,0.0,False,,False,False,insufficient_no_inter_region_projection_segments,"minimum_mappable_segments,minimum_unique_probes,minimum_unique_probe_asns,maximum_country_fallback_share",landlocked,catalog_landlocked_list,0.0,0.0,no_observed_inter_region_candidate_exposure,descriptive inter-region feasible-corridor candidate exposure; not actual cable use or traffic dependency,0.0,,,,unknown_corridor_observation_concentration,,,unknown_cross_layer_distribution_class
TJ,A-Root,NA,NA,resolved_entry_only,0,0,0,,,,,,,0,,,0,0,0,0,,False,,False,False,insufficient_no_inter_region_projection_segments,"minimum_mappable_segments,minimum_unique_probes,minimum_unique_probe_asns,maximum_country_fallback_share",landlocked,catalog_landlocked_list,,,unknown_candidate_dependency_proxy,descriptive inter-region feasible-corridor candidate exposure; not actual cable use or traffic dependency,0.0,,,,unknown_corridor_observation_concentration,,,unknown_cross_layer_distribution_class
TL,A-Root,dns_root,anycast,all_publicly_visible,4,4,4,1.0,1.0,1.0,1.0,0.0,1.0,4,1.0,1.0,4,2,1,1,0.0,False,0.0625,True,False,"insufficient_minimum_mappable_segments,minimum_unique_probes,minimum_unique_probe_asns","minimum_mappable_segments,minimum_unique_probes,minimum_unique_probe_asns",island_or_archipelagic,catalog_island_or_archipelagic_list,1.0,1.0,very_high_candidate_dependency_proxy,descriptive inter-region feasible-corridor candidate exposure; not actual cable use or traffic dependency,16.0,0.375,0.7083333333333333,5.0041336194362955,broad_corridor_observation_distribution,3.7467482975009925,weak_network_transition_concentration,network_and_physical_both_broad
TL,A-Root,NA,NA,resolved_entry_only,0,0,0,,,,,,,0,,,0,0,0,0,,False,,False,False,insufficient_no_inter_region_projection_segments,"minimum_mappable_segments,minimum_unique_probes,minimum_unique_probe_asns,maximum_country_fallback_share",island_or_archipelagic,catalog_island_or_archipelagic_list,,,unknown_candidate_dependency_proxy,descriptive inter-region feasible-corridor candidate exposure; not actual cable use or traffic dependency,0.0,,,,unknown_corridor_observation_concentration,,,unknown_cross_layer_distribution_class
TN,A-Root,dns_root,anycast,all_publicly_visible,7,6,0,0.0,0.0,0.0,0.0,0.0,0.0,0,0.0,0.8571428571428571,7,5,1,1,0.0,False,,False,False,insufficient_no_inter_region_projection_segments,"minimum_mappable_segments,minimum_unique_probes,minimum_unique_probe_asns,maximum_country_fallback_share",coastal_mainland_or_mixed,catalog_default_alpha2_rule,0.0,0.0,no_observed_inter_region_candidate_exposure,descriptive inter-region feasible-corridor candidate exposure; not actual cable use or traffic dependency,0.0,,,,unknown_corridor_observation_concentration,,,unknown_cross_layer_distribution_class
TN,A-Root,NA,NA,resolved_entry_only,0,0,0,,,,,,,0,,,0,0,0,0,,False,,False,False,insufficient_no_inter_region_projection_segments,"minimum_mappable_segments,minimum_unique_probes,minimum_unique_probe_asns,maximum_country_fallback_share",coastal_mainland_or_mixed,catalog_default_alpha2_rule,,,unknown_candidate_dependency_proxy,descriptive inter-region feasible-corridor candidate exposure; not actual cable use or traffic dependency,0.0,,,,unknown_corridor_observation_concentration,,,unknown_cross_layer_distribution_class
TO,A-Root,dns_root,anycast,all_publicly_visible,1,1,1,1.0,1.0,1.0,1.0,1.0,1.0,1,1.0,1.0,1,1,1,1,0.0,False,0.3333333333333333,False,False,"insufficient_minimum_mappable_segments,minimum_unique_probes,minimum_unique_probe_asns,maximum_country_fallback_share","minimum_mappable_segments,minimum_unique_probes,minimum_unique_probe_asns,maximum_country_fallback_share",island_or_archipelagic,catalog_island_or_archipelagic_list,1.0,1.0,very_high_candidate_dependency_proxy,descriptive inter-region feasible-corridor candidate exposure; not actual cable use or traffic dependency,3.0,0.3333333333333333,1.0,2.9999999999999996,weak_corridor_observation_concentration,2.9999999999999996,weak_network_transition_concentration,network_and_physical_both_concentrated
TO,A-Root,NA,NA,resolved_entry_only,0,0,0,,,,,,,0,,,0,0,0,0,,False,,False,False,insufficient_no_inter_region_projection_segments,"minimum_mappable_segments,minimum_unique_probes,minimum_unique_probe_asns,maximum_country_fallback_share",island_or_archipelagic,catalog_island_or_archipelagic_list,,,unknown_candidate_dependency_proxy,descriptive inter-region feasible-corridor candidate exposure; not actual cable use or traffic dependency,0.0,,,,unknown_corridor_observation_concentration,,,unknown_cross_layer_distribution_class
TR,A-Root,dns_root,anycast,all_publicly_visible,49,44,0,0.0,0.0,0.0,0.0,0.0,0.0,0,0.0,0.8979591836734694,49,24,1,1,0.0,True,,False,False,insufficient_no_inter_region_projection_segments,"minimum_mappable_segments,minimum_unique_probes,minimum_unique_probe_asns,maximum_country_fallback_share",coastal_mainland_or_mixed,catalog_default_alpha2_rule,0.0,0.0,no_observed_inter_region_candidate_exposure,descriptive inter-region feasible-corridor candidate exposure; not actual cable use or traffic dependency,0.0,,,,unknown_corridor_observation_concentration,,,unknown_cross_layer_distribution_class
TR,A-Root,NA,NA,resolved_entry_only,0,0,0,,,,,,,0,,,0,0,0,0,,False,,False,False,insufficient_no_inter_region_projection_segments,"minimum_mappable_segments,minimum_unique_probes,minimum_unique_probe_asns,maximum_country_fallback_share",coastal_mainland_or_mixed,catalog_default_alpha2_rule,,,unknown_candidate_dependency_proxy,descriptive inter-region feasible-corridor candidate exposure; not actual cable use or traffic dependency,0.0,,,,unknown_corridor_observation_concentration,,,unknown_cross_layer_distribution_class
TV,A-Root,dns_root,anycast,all_publicly_visible,1,1,1,1.0,1.0,1.0,1.0,1.0,1.0,1,1.0,1.0,1,1,1,1,0.0,False,0.75,False,False,"insufficient_minimum_mappable_segments,minimum_unique_probes,minimum_unique_probe_asns,maximum_country_fallback_share","minimum_mappable_segments,minimum_unique_probes,minimum_unique_probe_asns,maximum_country_fallback_share",island_or_archipelagic,catalog_island_or_archipelagic_list,1.0,1.0,very_high_candidate_dependency_proxy,descriptive inter-region feasible-corridor candidate exposure; not actual cable use or traffic dependency,4.0,0.25,0.625,6.260338320293149,broad_corridor_observation_distribution,4.0,weak_network_transition_concentration,network_and_physical_both_broad
TV,A-Root,NA,NA,resolved_entry_only,0,0,0,,,,,,,0,,,0,0,0,0,,False,,False,False,insufficient_no_inter_region_projection_segments,"minimum_mappable_segments,minimum_unique_probes,minimum_unique_probe_asns,maximum_country_fallback_share",island_or_archipelagic,catalog_island_or_archipelagic_list,,,unknown_candidate_dependency_proxy,descriptive inter-region feasible-corridor candidate exposure; not actual cable use or traffic dependency,0.0,,,,unknown_corridor_observation_concentration,,,unknown_cross_layer_distribution_class
TW,A-Root,dns_root,anycast,all_publicly_visible,65,63,29,0.4461538461538462,0.8461538461538461,0.4461538461538462,0.4,0.07692307692307693,0.8307692307692308,29,0.4461538461538462,0.9692307692307692,65,30,1,1,0.0,True,0.5,False,False,insufficient_maximum_country_fallback_share,maximum_country_fallback_share,island_or_archipelagic,catalog_island_or_archipelagic_list,0.4461538461538462,0.4603174603174603,very_high_candidate_dependency_proxy,descriptive inter-region feasible-corridor candidate exposure; not actual cable use or traffic dependency,36.0,0.5555555555555556,0.6944444444444444,6.024841504197374,broad_corridor_observation_distribution,7.516045036833604,broad_network_transition_distribution,network_and_physical_both_broad
TW,A-Root,NA,NA,resolved_entry_only,0,0,0,,,,,,,0,,,0,0,0,0,,False,,False,False,insufficient_no_inter_region_projection_segments,"minimum_mappable_segments,minimum_unique_probes,minimum_unique_probe_asns,maximum_country_fallback_share",island_or_archipelagic,catalog_island_or_archipelagic_list,,,unknown_candidate_dependency_proxy,descriptive inter-region feasible-corridor candidate exposure; not actual cable use or traffic dependency,0.0,,,,unknown_corridor_observation_concentration,,,unknown_cross_layer_distribution_class
TZ,A-Root,dns_root,anycast,all_publicly_visible,5,4,0,0.0,0.0,0.0,0.0,0.0,0.0,0,0.0,0.8,5,4,1,1,0.0,False,,False,False,insufficient_no_inter_region_projection_segments,"minimum_mappable_segments,minimum_unique_probes,minimum_unique_probe_asns,maximum_country_fallback_share",coastal_mainland_or_mixed,catalog_default_alpha2_rule,0.0,0.0,no_observed_inter_region_candidate_exposure,descriptive inter-region feasible-corridor candidate exposure; not actual cable use or traffic dependency,0.0,,,,unknown_corridor_observation_concentration,,,unknown_cross_layer_distribution_class
TZ,A-Root,NA,NA,resolved_entry_only,0,0,0,,,,,,,0,,,0,0,0,0,,False,,False,False,insufficient_no_inter_region_projection_segments,"minimum_mappable_segments,minimum_unique_probes,minimum_unique_probe_asns,maximum_country_fallback_share",coastal_mainland_or_mixed,catalog_default_alpha2_rule,,,unknown_candidate_dependency_proxy,descriptive inter-region feasible-corridor candidate exposure; not actual cable use or traffic dependency,0.0,,,,unknown_corridor_observation_concentration,,,unknown_cross_layer_distribution_class
UA,A-Root,dns_root,anycast,all_publicly_visible,130,125,0,0.0,0.0,0.0,0.0,0.0,0.0,0,0.0,0.9615384615384616,130,96,1,1,0.0,True,,False,False,insufficient_no_inter_region_projection_segments,"minimum_mappable_segments,minimum_unique_probes,minimum_unique_probe_asns,maximum_country_fallback_share",coastal_mainland_or_mixed,catalog_default_alpha2_rule,0.0,0.0,no_observed_inter_region_candidate_exposure,descriptive inter-region feasible-corridor candidate exposure; not actual cable use or traffic dependency,0.0,,,,unknown_corridor_observation_concentration,,,unknown_cross_layer_distribution_class
UA,A-Root,NA,NA,resolved_entry_only,0,0,0,,,,,,,0,,,0,0,0,0,,False,,False,False,insufficient_no_inter_region_projection_segments,"minimum_mappable_segments,minimum_unique_probes,minimum_unique_probe_asns,maximum_country_fallback_share",coastal_mainland_or_mixed,catalog_default_alpha2_rule,,,unknown_candidate_dependency_proxy,descriptive inter-region feasible-corridor candidate exposure; not actual cable use or traffic dependency,0.0,,,,unknown_corridor_observation_concentration,,,unknown_cross_layer_distribution_class
UG,A-Root,dns_root,anycast,all_publicly_visible,3,3,0,0.0,0.0,0.0,0.0,0.0,0.0,0,0.0,1.0,3,3,1,1,0.0,False,,False,False,insufficient_no_inter_region_projection_segments,"minimum_mappable_segments,minimum_unique_probes,minimum_unique_probe_asns,maximum_country_fallback_share",landlocked,catalog_landlocked_list,0.0,0.0,no_observed_inter_region_candidate_exposure,descriptive inter-region feasible-corridor candidate exposure; not actual cable use or traffic dependency,0.0,,,,unknown_corridor_observation_concentration,,,unknown_cross_layer_distribution_class
UG,A-Root,NA,NA,resolved_entry_only,0,0,0,,,,,,,0,,,0,0,0,0,,False,,False,False,insufficient_no_inter_region_projection_segments,"minimum_mappable_segments,minimum_unique_probes,minimum_unique_probe_asns,maximum_country_fallback_share",landlocked,catalog_landlocked_list,,,unknown_candidate_dependency_proxy,descriptive inter-region feasible-corridor candidate exposure; not actual cable use or traffic dependency,0.0,,,,unknown_corridor_observation_concentration,,,unknown_cross_layer_distribution_class
US,A-Root,dns_root,anycast,all_publicly_visible,1451,1363,134,0.0923501033769814,0.09303928325292901,0.0923501033769814,0.09097174362508614,0.0027567195037904893,0.07167470709855273,134,0.0923501033769814,0.9393521709166093,1451,427,1,1,0.0,True,0.277992277992278,True,True,auditable,,coastal_mainland_or_mixed,catalog_default_alpha2_rule,0.0923501033769814,0.0983125458547322,moderate_candidate_dependency_proxy,descriptive inter-region feasible-corridor candidate exposure; not actual cable use or traffic dependency,259.0,0.7142857142857143,0.8815958815958816,3.182831250662457,moderate_corridor_observation_concentration,12.273659725174705,broad_network_transition_distribution,network_broad_physical_concentrated
US,A-Root,NA,NA,resolved_entry_only,0,0,0,,,,,,,0,,,0,0,0,0,,False,,False,False,insufficient_no_inter_region_projection_segments,"minimum_mappable_segments,minimum_unique_probes,minimum_unique_probe_asns,maximum_country_fallback_share",coastal_mainland_or_mixed,catalog_default_alpha2_rule,,,unknown_candidate_dependency_proxy,descriptive inter-region feasible-corridor candidate exposure; not actual cable use or traffic dependency,0.0,,,,unknown_corridor_observation_concentration,,,unknown_cross_layer_distribution_class
UY,A-Root,dns_root,anycast,all_publicly_visible,16,16,0,0.0,0.0,0.0,0.0,0.0,0.0,0,0.0,1.0,16,5,1,1,0.0,False,,False,False,insufficient_no_inter_region_projection_segments,"minimum_mappable_segments,minimum_unique_probes,minimum_unique_probe_asns,maximum_country_fallback_share",coastal_mainland_or_mixed,catalog_default_alpha2_rule,0.0,0.0,no_observed_inter_region_candidate_exposure,descriptive inter-region feasible-corridor candidate exposure; not actual cable use or traffic dependency,0.0,,,,unknown_corridor_observation_concentration,,,unknown_cross_layer_distribution_class
UY,A-Root,NA,NA,resolved_entry_only,0,0,0,,,,,,,0,,,0,0,0,0,,False,,False,False,insufficient_no_inter_region_projection_segments,"minimum_mappable_segments,minimum_unique_probes,minimum_unique_probe_asns,maximum_country_fallback_share",coastal_mainland_or_mixed,catalog_default_alpha2_rule,,,unknown_candidate_dependency_proxy,descriptive inter-region feasible-corridor candidate exposure; not actual cable use or traffic dependency,0.0,,,,unknown_corridor_observation_concentration,,,unknown_cross_layer_distribution_class
UZ,A-Root,dns_root,anycast,all_publicly_visible,8,7,0,0.0,0.0,0.0,0.0,0.0,0.0,0,0.0,0.875,8,6,1,1,0.0,False,,False,False,insufficient_no_inter_region_projection_segments,"minimum_mappable_segments,minimum_unique_probes,minimum_unique_probe_asns,maximum_country_fallback_share",landlocked,catalog_landlocked_list,0.0,0.0,no_observed_inter_region_candidate_exposure,descriptive inter-region feasible-corridor candidate exposure; not actual cable use or traffic dependency,0.0,,,,unknown_corridor_observation_concentration,,,unknown_cross_layer_distribution_class
UZ,A-Root,NA,NA,resolved_entry_only,0,0,0,,,,,,,0,,,0,0,0,0,,False,,False,False,insufficient_no_inter_region_projection_segments,"minimum_mappable_segments,minimum_unique_probes,minimum_unique_probe_asns,maximum_country_fallback_share",landlocked,catalog_landlocked_list,,,unknown_candidate_dependency_proxy,descriptive inter-region feasible-corridor candidate exposure; not actual cable use or traffic dependency,0.0,,,,unknown_corridor_observation_concentration,,,unknown_cross_layer_distribution_class
VA,A-Root,dns_root,anycast,all_publicly_visible,1,1,0,0.0,0.0,0.0,0.0,0.0,0.0,0,0.0,1.0,1,1,1,1,0.0,False,,False,False,insufficient_no_inter_region_projection_segments,"minimum_mappable_segments,minimum_unique_probes,minimum_unique_probe_asns,maximum_country_fallback_share",landlocked,catalog_landlocked_list,0.0,0.0,no_observed_inter_region_candidate_exposure,descriptive inter-region feasible-corridor candidate exposure; not actual cable use or traffic dependency,0.0,,,,unknown_corridor_observation_concentration,,,unknown_cross_layer_distribution_class
VA,A-Root,NA,NA,resolved_entry_only,0,0,0,,,,,,,0,,,0,0,0,0,,False,,False,False,insufficient_no_inter_region_projection_segments,"minimum_mappable_segments,minimum_unique_probes,minimum_unique_probe_asns,maximum_country_fallback_share",landlocked,catalog_landlocked_list,,,unknown_candidate_dependency_proxy,descriptive inter-region feasible-corridor candidate exposure; not actual cable use or traffic dependency,0.0,,,,unknown_corridor_observation_concentration,,,unknown_cross_layer_distribution_class
VE,A-Root,dns_root,anycast,all_publicly_visible,28,11,2,0.07142857142857142,0.07142857142857142,0.07142857142857142,0.07142857142857142,0.0,0.0,2,0.07142857142857142,0.39285714285714285,28,19,1,1,0.0,False,0.0,True,False,"insufficient_minimum_mappable_segments,minimum_unique_probes,minimum_unique_probe_asns","minimum_mappable_segments,minimum_unique_probes,minimum_unique_probe_asns",coastal_mainland_or_mixed,catalog_default_alpha2_rule,0.07142857142857142,0.18181818181818182,moderate_candidate_dependency_proxy,descriptive inter-region feasible-corridor candidate exposure; not actual cable use or traffic dependency,4.0,1.0,1.0,1.0,severe_corridor_observation_concentration,2.0,moderate_network_transition_concentration,network_and_physical_both_concentrated
VE,A-Root,NA,NA,resolved_entry_only,0,0,0,,,,,,,0,,,0,0,0,0,,False,,False,False,insufficient_no_inter_region_projection_segments,"minimum_mappable_segments,minimum_unique_probes,minimum_unique_probe_asns,maximum_country_fallback_share",coastal_mainland_or_mixed,catalog_default_alpha2_rule,,,unknown_candidate_dependency_proxy,descriptive inter-region feasible-corridor candidate exposure; not actual cable use or traffic dependency,0.0,,,,unknown_corridor_observation_concentration,,,unknown_cross_layer_distribution_class
VI,A-Root,dns_root,anycast,all_publicly_visible,2,2,1,0.5,0.5,0.5,0.0,0.5,0.5,1,0.5,1.0,2,2,1,1,0.0,False,0.0,True,False,"insufficient_minimum_mappable_segments,minimum_unique_probes,minimum_unique_probe_asns","minimum_mappable_segments,minimum_unique_probes,minimum_unique_probe_asns",island_or_archipelagic,catalog_island_or_archipelagic_list,0.5,0.5,very_high_candidate_dependency_proxy,descriptive inter-region feasible-corridor candidate exposure; not actual cable use or traffic dependency,1.0,1.0,1.0,1.0,severe_corridor_observation_concentration,1.0,severe_network_transition_concentration,network_and_physical_both_concentrated
VI,A-Root,NA,NA,resolved_entry_only,0,0,0,,,,,,,0,,,0,0,0,0,,False,,False,False,insufficient_no_inter_region_projection_segments,"minimum_mappable_segments,minimum_unique_probes,minimum_unique_probe_asns,maximum_country_fallback_share",island_or_archipelagic,catalog_island_or_archipelagic_list,,,unknown_candidate_dependency_proxy,descriptive inter-region feasible-corridor candidate exposure; not actual cable use or traffic dependency,0.0,,,,unknown_corridor_observation_concentration,,,unknown_cross_layer_distribution_class
VN,A-Root,dns_root,anycast,all_publicly_visible,20,20,10,0.5,0.6,0.5,0.5,0.1,0.6,10,0.5,1.0,20,14,1,1,0.0,False,0.0,True,False,insufficient_minimum_mappable_segments,minimum_mappable_segments,coastal_mainland_or_mixed,catalog_default_alpha2_rule,0.5,0.5,very_high_candidate_dependency_proxy,descriptive inter-region feasible-corridor candidate exposure; not actual cable use or traffic dependency,20.0,0.3,0.8999999999999999,4.273629513289385,weak_corridor_observation_concentration,6.3464829956103275,broad_network_transition_distribution,network_and_physical_both_broad
VN,A-Root,NA,NA,resolved_entry_only,0,0,0,,,,,,,0,,,0,0,0,0,,False,,False,False,insufficient_no_inter_region_projection_segments,"minimum_mappable_segments,minimum_unique_probes,minimum_unique_probe_asns,maximum_country_fallback_share",coastal_mainland_or_mixed,catalog_default_alpha2_rule,,,unknown_candidate_dependency_proxy,descriptive inter-region feasible-corridor candidate exposure; not actual cable use or traffic dependency,0.0,,,,unknown_corridor_observation_concentration,,,unknown_cross_layer_distribution_class
VU,A-Root,dns_root,anycast,all_publicly_visible,1,1,1,1.0,1.0,1.0,0.0,1.0,1.0,1,1.0,1.0,1,1,1,1,0.0,False,0.0,True,False,"insufficient_minimum_mappable_segments,minimum_unique_probes,minimum_unique_probe_asns","minimum_mappable_segments,minimum_unique_probes,minimum_unique_probe_asns",island_or_archipelagic,catalog_island_or_archipelagic_list,1.0,1.0,very_high_candidate_dependency_proxy,descriptive inter-region feasible-corridor candidate exposure; not actual cable use or traffic dependency,2.0,0.5,1.0,2.0,moderate_corridor_observation_concentration,2.0,moderate_network_transition_concentration,network_and_physical_both_concentrated
VU,A-Root,NA,NA,resolved_entry_only,0,0,0,,,,,,,0,,,0,0,0,0,,False,,False,False,insufficient_no_inter_region_projection_segments,"minimum_mappable_segments,minimum_unique_probes,minimum_unique_probe_asns,maximum_country_fallback_share",island_or_archipelagic,catalog_island_or_archipelagic_list,,,unknown_candidate_dependency_proxy,descriptive inter-region feasible-corridor candidate exposure; not actual cable use or traffic dependency,0.0,,,,unknown_corridor_observation_concentration,,,unknown_cross_layer_distribution_class
YE,A-Root,dns_root,anycast,all_publicly_visible,1,1,0,0.0,0.0,0.0,0.0,0.0,0.0,0,0.0,1.0,1,1,1,1,0.0,False,,False,False,insufficient_no_inter_region_projection_segments,"minimum_mappable_segments,minimum_unique_probes,minimum_unique_probe_asns,maximum_country_fallback_share",coastal_mainland_or_mixed,catalog_default_alpha2_rule,0.0,0.0,no_observed_inter_region_candidate_exposure,descriptive inter-region feasible-corridor candidate exposure; not actual cable use or traffic dependency,0.0,,,,unknown_corridor_observation_concentration,,,unknown_cross_layer_distribution_class
YE,A-Root,NA,NA,resolved_entry_only,0,0,0,,,,,,,0,,,0,0,0,0,,False,,False,False,insufficient_no_inter_region_projection_segments,"minimum_mappable_segments,minimum_unique_probes,minimum_unique_probe_asns,maximum_country_fallback_share",coastal_mainland_or_mixed,catalog_default_alpha2_rule,,,unknown_candidate_dependency_proxy,descriptive inter-region feasible-corridor candidate exposure; not actual cable use or traffic dependency,0.0,,,,unknown_corridor_observation_concentration,,,unknown_cross_layer_distribution_class
ZA,A-Root,dns_root,anycast,all_publicly_visible,104,101,7,0.0673076923076923,0.0673076923076923,0.0673076923076923,0.009615384615384616,0.0673076923076923,0.009615384615384616,7,0.0673076923076923,0.9711538461538461,104,60,1,1,0.0,True,0.0,True,False,"insufficient_minimum_mappable_segments,minimum_unique_probes","minimum_mappable_segments,minimum_unique_probes",coastal_mainland_or_mixed,catalog_default_alpha2_rule,0.0673076923076923,0.06930693069306931,moderate_candidate_dependency_proxy,descriptive inter-region feasible-corridor candidate exposure; not actual cable use or traffic dependency,9.0,0.3333333333333333,0.6666666666666666,6.958761472972602,broad_corridor_observation_distribution,2.9999999999999996,weak_network_transition_concentration,network_and_physical_both_broad
ZA,A-Root,NA,NA,resolved_entry_only,0,0,0,,,,,,,0,,,0,0,0,0,,False,,False,False,insufficient_no_inter_region_projection_segments,"minimum_mappable_segments,minimum_unique_probes,minimum_unique_probe_asns,maximum_country_fallback_share",coastal_mainland_or_mixed,catalog_default_alpha2_rule,,,unknown_candidate_dependency_proxy,descriptive inter-region feasible-corridor candidate exposure; not actual cable use or traffic dependency,0.0,,,,unknown_corridor_observation_concentration,,,unknown_cross_layer_distribution_class
ZM,A-Root,dns_root,anycast,all_publicly_visible,4,4,0,0.0,0.0,0.0,0.0,0.0,0.0,0,0.0,1.0,4,4,1,1,0.0,False,,False,False,insufficient_no_inter_region_projection_segments,"minimum_mappable_segments,minimum_unique_probes,minimum_unique_probe_asns,maximum_country_fallback_share",landlocked,catalog_landlocked_list,0.0,0.0,no_observed_inter_region_candidate_exposure,descriptive inter-region feasible-corridor candidate exposure; not actual cable use or traffic dependency,0.0,,,,unknown_corridor_observation_concentration,,,unknown_cross_layer_distribution_class
ZM,A-Root,NA,NA,resolved_entry_only,0,0,0,,,,,,,0,,,0,0,0,0,,False,,False,False,insufficient_no_inter_region_projection_segments,"minimum_mappable_segments,minimum_unique_probes,minimum_unique_probe_asns,maximum_country_fallback_share",landlocked,catalog_landlocked_list,,,unknown_candidate_dependency_proxy,descriptive inter-region feasible-corridor candidate exposure; not actual cable use or traffic dependency,0.0,,,,unknown_corridor_observation_concentration,,,unknown_cross_layer_distribution_class
ZW,A-Root,dns_root,anycast,all_publicly_visible,1,1,0,0.0,0.0,0.0,0.0,0.0,0.0,0,0.0,1.0,1,1,1,1,0.0,False,,False,False,insufficient_no_inter_region_projection_segments,"minimum_mappable_segments,minimum_unique_probes,minimum_unique_probe_asns,maximum_country_fallback_share",landlocked,catalog_landlocked_list,0.0,0.0,no_observed_inter_region_candidate_exposure,descriptive inter-region feasible-corridor candidate exposure; not actual cable use or traffic dependency,0.0,,,,unknown_corridor_observation_concentration,,,unknown_cross_layer_distribution_class
ZW,A-Root,NA,NA,resolved_entry_only,0,0,0,,,,,,,0,,,0,0,0,0,,False,,False,False,insufficient_no_inter_region_projection_segments,"minimum_mappable_segments,minimum_unique_probes,minimum_unique_probe_asns,maximum_country_fallback_share",landlocked,catalog_landlocked_list,,,unknown_candidate_dependency_proxy,descriptive inter-region feasible-corridor candidate exposure; not actual cable use or traffic dependency,0.0,,,,unknown_corridor_observation_concentration,,,unknown_cross_layer_distribution_class
