probe_country,service_id,path_scope_stratum,msm_id,file_name,total_mappable_segments,top1_network_transition_share,top2_network_transition_share,top3_network_transition_share,network_transition_entropy,network_transition_normalized_entropy,effective_network_transition_count,network_transition_concentration_tier,top1_corridor_share,top2_corridor_share,top3_corridor_share,corridor_entropy,corridor_normalized_entropy,effective_corridor_count,corridor_minus_network_normalized_entropy,normalized_entropy_reduction,corridor_concentration_tier,cross_layer_distribution_class,country_fallback_share,auditable_cross_layer_case,sufficient_trace_observation,sufficient_corridor_observation,sufficient_network_transition_resolution,auditable_paper_case,observation_sufficiency_reason,failed_thresholds,unique_probes,unique_probe_asns,domestic_segment_share,international_segment_share,analysis_scope
AD,B-Root,all_publicly_visible,,,0.0,,,,,,,,,,,,,,,,,unknown_cross_layer_distribution_class,,False,False,False,False,False,insufficient_no_inter_region_projection_segments,"minimum_mappable_segments,minimum_unique_probes,minimum_unique_probe_asns,maximum_country_fallback_share",0.0,0.0,,,probe_country_service
AD,B-Root,resolved_entry_only,,,0.0,,,,,,,,,,,,,,,,,unknown_cross_layer_distribution_class,,False,False,False,False,False,insufficient_no_inter_region_projection_segments,"minimum_mappable_segments,minimum_unique_probes,minimum_unique_probe_asns,maximum_country_fallback_share",0.0,0.0,,,probe_country_service
AE,B-Root,all_publicly_visible,5010,dns-root_b-root_msm5010_20260701T000000Z_010000Z.json,4.0,0.5,0.75,1.0,1.0397207708399179,0.946394630357186,2.82842712474619,weak_network_transition_concentration,0.75,1.0,1.0,0.5623351446188083,0.8112781244591328,1.7547653506033232,-0.13511650589805313,0.13511650589805313,moderate_corridor_observation_concentration,network_broad_physical_concentrated,0.0,False,False,False,True,False,"insufficient_minimum_mappable_segments,minimum_unique_probes","minimum_mappable_segments,minimum_unique_probes",4.0,3.0,0.75,0.25,probe_country_service
AE,B-Root,resolved_entry_only,,,0.0,,,,,,,,,,,,,,,,,unknown_cross_layer_distribution_class,,False,False,False,False,False,insufficient_no_inter_region_projection_segments,"minimum_mappable_segments,minimum_unique_probes,minimum_unique_probe_asns,maximum_country_fallback_share",0.0,0.0,,,probe_country_service
AF,B-Root,all_publicly_visible,,,0.0,,,,,,,,,,,,,,,,,unknown_cross_layer_distribution_class,,False,False,False,False,False,insufficient_no_inter_region_projection_segments,"minimum_mappable_segments,minimum_unique_probes,minimum_unique_probe_asns,maximum_country_fallback_share",0.0,0.0,,,probe_country_service
AF,B-Root,resolved_entry_only,,,0.0,,,,,,,,,,,,,,,,,unknown_cross_layer_distribution_class,,False,False,False,False,False,insufficient_no_inter_region_projection_segments,"minimum_mappable_segments,minimum_unique_probes,minimum_unique_probe_asns,maximum_country_fallback_share",0.0,0.0,,,probe_country_service
AL,B-Root,all_publicly_visible,5010,dns-root_b-root_msm5010_20260701T000000Z_010000Z.json,3.0,0.6666666666666666,1.0,1.0,0.6365141682948128,0.9182958340544894,1.8898815748423097,moderate_network_transition_concentration,0.6666666666666666,0.8333333333333333,1.0,0.8675632284814613,0.7896900821428475,2.3811015779522995,-0.12860575191164192,0.12860575191164192,moderate_corridor_observation_concentration,network_and_physical_both_concentrated,0.0,False,False,False,True,False,"insufficient_minimum_mappable_segments,minimum_unique_probes","minimum_mappable_segments,minimum_unique_probes",3.0,3.0,0.3333333333333333,0.6666666666666666,probe_country_service
AL,B-Root,resolved_entry_only,,,0.0,,,,,,,,,,,,,,,,,unknown_cross_layer_distribution_class,,False,False,False,False,False,insufficient_no_inter_region_projection_segments,"minimum_mappable_segments,minimum_unique_probes,minimum_unique_probe_asns,maximum_country_fallback_share",0.0,0.0,,,probe_country_service
AM,B-Root,all_publicly_visible,,,0.0,,,,,,,,,,,,,,,,,unknown_cross_layer_distribution_class,,False,False,False,False,False,insufficient_no_inter_region_projection_segments,"minimum_mappable_segments,minimum_unique_probes,minimum_unique_probe_asns,maximum_country_fallback_share",0.0,0.0,,,probe_country_service
AM,B-Root,resolved_entry_only,,,0.0,,,,,,,,,,,,,,,,,unknown_cross_layer_distribution_class,,False,False,False,False,False,insufficient_no_inter_region_projection_segments,"minimum_mappable_segments,minimum_unique_probes,minimum_unique_probe_asns,maximum_country_fallback_share",0.0,0.0,,,probe_country_service
AO,B-Root,all_publicly_visible,5010,dns-root_b-root_msm5010_20260701T000000Z_010000Z.json,7.0,1.0,1.0,1.0,-0.0,0.0,1.0,severe_network_transition_concentration,1.0,1.0,1.0,-0.0,0.0,1.0,0.0,0.0,severe_corridor_observation_concentration,network_and_physical_both_concentrated,0.0,False,False,False,True,False,"insufficient_minimum_mappable_segments,minimum_unique_probes,minimum_unique_probe_asns","minimum_mappable_segments,minimum_unique_probes,minimum_unique_probe_asns",7.0,2.0,0.0,1.0,probe_country_service
AO,B-Root,resolved_entry_only,,,0.0,,,,,,,,,,,,,,,,,unknown_cross_layer_distribution_class,,False,False,False,False,False,insufficient_no_inter_region_projection_segments,"minimum_mappable_segments,minimum_unique_probes,minimum_unique_probe_asns,maximum_country_fallback_share",0.0,0.0,,,probe_country_service
AR,B-Root,all_publicly_visible,5010,dns-root_b-root_msm5010_20260701T000000Z_010000Z.json,5.0,1.0,1.0,1.0,-0.0,0.0,1.0,severe_network_transition_concentration,1.0,1.0,1.0,-0.0,0.0,1.0,0.0,0.0,severe_corridor_observation_concentration,network_and_physical_both_concentrated,0.0,False,False,False,True,False,"insufficient_minimum_mappable_segments,minimum_unique_probes","minimum_mappable_segments,minimum_unique_probes",5.0,5.0,0.0,1.0,probe_country_service
AR,B-Root,resolved_entry_only,,,0.0,,,,,,,,,,,,,,,,,unknown_cross_layer_distribution_class,,False,False,False,False,False,insufficient_no_inter_region_projection_segments,"minimum_mappable_segments,minimum_unique_probes,minimum_unique_probe_asns,maximum_country_fallback_share",0.0,0.0,,,probe_country_service
AT,B-Root,all_publicly_visible,,,0.0,,,,,,,,,,,,,,,,,unknown_cross_layer_distribution_class,,False,False,False,False,False,insufficient_no_inter_region_projection_segments,"minimum_mappable_segments,minimum_unique_probes,minimum_unique_probe_asns,maximum_country_fallback_share",0.0,0.0,,,probe_country_service
AT,B-Root,resolved_entry_only,,,0.0,,,,,,,,,,,,,,,,,unknown_cross_layer_distribution_class,,False,False,False,False,False,insufficient_no_inter_region_projection_segments,"minimum_mappable_segments,minimum_unique_probes,minimum_unique_probe_asns,maximum_country_fallback_share",0.0,0.0,,,probe_country_service
AU,B-Root,all_publicly_visible,5010,dns-root_b-root_msm5010_20260701T000000Z_010000Z.json,255.0,0.4470588235294118,0.6549019607843137,0.7490196078431373,1.8316909621719522,0.6114334643125245,6.244436842515646,broad_network_transition_distribution,0.32941176470588235,0.47058823529411764,0.596078431372549,2.081837218018198,0.7687587243289893,8.019188386110915,0.15732526001646474,-0.15732526001646474,broad_corridor_observation_distribution,network_and_physical_both_broad,0.2196078431372549,True,True,True,True,True,auditable,,115.0,45.0,0.9098039215686274,0.09019607843137255,probe_country_service
AU,B-Root,resolved_entry_only,,,0.0,,,,,,,,,,,,,,,,,unknown_cross_layer_distribution_class,,False,False,False,False,False,insufficient_no_inter_region_projection_segments,"minimum_mappable_segments,minimum_unique_probes,minimum_unique_probe_asns,maximum_country_fallback_share",0.0,0.0,,,probe_country_service
AX,B-Root,all_publicly_visible,5010,dns-root_b-root_msm5010_20260701T000000Z_010000Z.json,3.0,0.6666666666666666,1.0,1.0,0.6365141682948128,0.9182958340544894,1.8898815748423097,moderate_network_transition_concentration,0.5,0.6666666666666666,0.8333333333333333,1.2424533248940002,0.8962406251802891,3.464101615137755,-0.022055208874200316,0.022055208874200316,weak_corridor_observation_concentration,network_and_physical_both_concentrated,0.0,False,False,False,True,False,"insufficient_minimum_mappable_segments,minimum_unique_probes,minimum_unique_probe_asns","minimum_mappable_segments,minimum_unique_probes,minimum_unique_probe_asns",2.0,2.0,0.3333333333333333,0.6666666666666666,probe_country_service
AX,B-Root,resolved_entry_only,,,0.0,,,,,,,,,,,,,,,,,unknown_cross_layer_distribution_class,,False,False,False,False,False,insufficient_no_inter_region_projection_segments,"minimum_mappable_segments,minimum_unique_probes,minimum_unique_probe_asns,maximum_country_fallback_share",0.0,0.0,,,probe_country_service
AZ,B-Root,all_publicly_visible,,,0.0,,,,,,,,,,,,,,,,,unknown_cross_layer_distribution_class,,False,False,False,False,False,insufficient_no_inter_region_projection_segments,"minimum_mappable_segments,minimum_unique_probes,minimum_unique_probe_asns,maximum_country_fallback_share",0.0,0.0,,,probe_country_service
AZ,B-Root,resolved_entry_only,,,0.0,,,,,,,,,,,,,,,,,unknown_cross_layer_distribution_class,,False,False,False,False,False,insufficient_no_inter_region_projection_segments,"minimum_mappable_segments,minimum_unique_probes,minimum_unique_probe_asns,maximum_country_fallback_share",0.0,0.0,,,probe_country_service
BA,B-Root,all_publicly_visible,,,0.0,,,,,,,,,,,,,,,,,unknown_cross_layer_distribution_class,,False,False,False,False,False,insufficient_no_inter_region_projection_segments,"minimum_mappable_segments,minimum_unique_probes,minimum_unique_probe_asns,maximum_country_fallback_share",0.0,0.0,,,probe_country_service
BA,B-Root,resolved_entry_only,,,0.0,,,,,,,,,,,,,,,,,unknown_cross_layer_distribution_class,,False,False,False,False,False,insufficient_no_inter_region_projection_segments,"minimum_mappable_segments,minimum_unique_probes,minimum_unique_probe_asns,maximum_country_fallback_share",0.0,0.0,,,probe_country_service
BB,B-Root,all_publicly_visible,,,0.0,,,,,,,,,,,,,,,,,unknown_cross_layer_distribution_class,,False,False,False,False,False,insufficient_no_inter_region_projection_segments,"minimum_mappable_segments,minimum_unique_probes,minimum_unique_probe_asns,maximum_country_fallback_share",0.0,0.0,,,probe_country_service
BB,B-Root,resolved_entry_only,,,0.0,,,,,,,,,,,,,,,,,unknown_cross_layer_distribution_class,,False,False,False,False,False,insufficient_no_inter_region_projection_segments,"minimum_mappable_segments,minimum_unique_probes,minimum_unique_probe_asns,maximum_country_fallback_share",0.0,0.0,,,probe_country_service
BD,B-Root,all_publicly_visible,,,0.0,,,,,,,,,,,,,,,,,unknown_cross_layer_distribution_class,,False,False,False,False,False,insufficient_no_inter_region_projection_segments,"minimum_mappable_segments,minimum_unique_probes,minimum_unique_probe_asns,maximum_country_fallback_share",0.0,0.0,,,probe_country_service
BD,B-Root,resolved_entry_only,,,0.0,,,,,,,,,,,,,,,,,unknown_cross_layer_distribution_class,,False,False,False,False,False,insufficient_no_inter_region_projection_segments,"minimum_mappable_segments,minimum_unique_probes,minimum_unique_probe_asns,maximum_country_fallback_share",0.0,0.0,,,probe_country_service
BE,B-Root,all_publicly_visible,5010,dns-root_b-root_msm5010_20260701T000000Z_010000Z.json,24.0,1.0,1.0,1.0,-0.0,0.0,1.0,severe_network_transition_concentration,1.0,1.0,1.0,-0.0,0.0,1.0,0.0,0.0,severe_corridor_observation_concentration,network_and_physical_both_concentrated,0.0,False,False,False,True,False,insufficient_minimum_mappable_segments,minimum_mappable_segments,23.0,8.0,0.0,1.0,probe_country_service
BE,B-Root,resolved_entry_only,,,0.0,,,,,,,,,,,,,,,,,unknown_cross_layer_distribution_class,,False,False,False,False,False,insufficient_no_inter_region_projection_segments,"minimum_mappable_segments,minimum_unique_probes,minimum_unique_probe_asns,maximum_country_fallback_share",0.0,0.0,,,probe_country_service
BF,B-Root,all_publicly_visible,5010,dns-root_b-root_msm5010_20260701T000000Z_010000Z.json,6.0,0.8333333333333334,1.0,1.0,0.45056120886630463,0.6500224216483541,1.5691925832141966,severe_network_transition_concentration,0.5,0.8333333333333333,1.0,1.0114042647073518,0.920619835714305,2.7494592739972052,0.27059741406595084,-0.27059741406595084,moderate_corridor_observation_concentration,network_and_physical_both_concentrated,0.0,False,False,False,True,False,"insufficient_minimum_mappable_segments,minimum_unique_probes,minimum_unique_probe_asns","minimum_mappable_segments,minimum_unique_probes,minimum_unique_probe_asns",2.0,1.0,0.0,1.0,probe_country_service
BF,B-Root,resolved_entry_only,,,0.0,,,,,,,,,,,,,,,,,unknown_cross_layer_distribution_class,,False,False,False,False,False,insufficient_no_inter_region_projection_segments,"minimum_mappable_segments,minimum_unique_probes,minimum_unique_probe_asns,maximum_country_fallback_share",0.0,0.0,,,probe_country_service
BG,B-Root,all_publicly_visible,5010,dns-root_b-root_msm5010_20260701T000000Z_010000Z.json,1.0,1.0,1.0,1.0,-0.0,0.0,1.0,severe_network_transition_concentration,1.0,1.0,1.0,-0.0,0.0,1.0,0.0,0.0,severe_corridor_observation_concentration,network_and_physical_both_concentrated,0.0,False,False,False,True,False,"insufficient_minimum_mappable_segments,minimum_unique_probes,minimum_unique_probe_asns","minimum_mappable_segments,minimum_unique_probes,minimum_unique_probe_asns",1.0,1.0,0.0,1.0,probe_country_service
BG,B-Root,resolved_entry_only,,,0.0,,,,,,,,,,,,,,,,,unknown_cross_layer_distribution_class,,False,False,False,False,False,insufficient_no_inter_region_projection_segments,"minimum_mappable_segments,minimum_unique_probes,minimum_unique_probe_asns,maximum_country_fallback_share",0.0,0.0,,,probe_country_service
BH,B-Root,all_publicly_visible,5010,dns-root_b-root_msm5010_20260701T000000Z_010000Z.json,6.0,0.5,0.8333333333333333,1.0,1.0114042647073518,0.920619835714305,2.7494592739972052,moderate_network_transition_concentration,0.8333333333333334,1.0,1.0,0.45056120886630463,0.6500224216483541,1.5691925832141966,-0.27059741406595084,0.27059741406595084,severe_corridor_observation_concentration,network_and_physical_both_concentrated,0.0,False,False,False,True,False,"insufficient_minimum_mappable_segments,minimum_unique_probes,minimum_unique_probe_asns","minimum_mappable_segments,minimum_unique_probes,minimum_unique_probe_asns",3.0,1.0,0.8333333333333334,0.16666666666666666,probe_country_service
BH,B-Root,resolved_entry_only,,,0.0,,,,,,,,,,,,,,,,,unknown_cross_layer_distribution_class,,False,False,False,False,False,insufficient_no_inter_region_projection_segments,"minimum_mappable_segments,minimum_unique_probes,minimum_unique_probe_asns,maximum_country_fallback_share",0.0,0.0,,,probe_country_service
BI,B-Root,all_publicly_visible,,,0.0,,,,,,,,,,,,,,,,,unknown_cross_layer_distribution_class,,False,False,False,False,False,insufficient_no_inter_region_projection_segments,"minimum_mappable_segments,minimum_unique_probes,minimum_unique_probe_asns,maximum_country_fallback_share",0.0,0.0,,,probe_country_service
BI,B-Root,resolved_entry_only,,,0.0,,,,,,,,,,,,,,,,,unknown_cross_layer_distribution_class,,False,False,False,False,False,insufficient_no_inter_region_projection_segments,"minimum_mappable_segments,minimum_unique_probes,minimum_unique_probe_asns,maximum_country_fallback_share",0.0,0.0,,,probe_country_service
BJ,B-Root,all_publicly_visible,5010,dns-root_b-root_msm5010_20260701T000000Z_010000Z.json,5.0,0.6,1.0,1.0,0.6730116670092565,0.9709505944546688,1.9601317042077895,moderate_network_transition_concentration,0.6,0.8,1.0,0.9502705392332347,0.8649735207179272,2.586409289858933,-0.10597707373674159,0.10597707373674159,moderate_corridor_observation_concentration,network_and_physical_both_concentrated,0.0,False,False,False,True,False,"insufficient_minimum_mappable_segments,minimum_unique_probes","minimum_mappable_segments,minimum_unique_probes",4.0,3.0,0.0,1.0,probe_country_service
BJ,B-Root,resolved_entry_only,,,0.0,,,,,,,,,,,,,,,,,unknown_cross_layer_distribution_class,,False,False,False,False,False,insufficient_no_inter_region_projection_segments,"minimum_mappable_segments,minimum_unique_probes,minimum_unique_probe_asns,maximum_country_fallback_share",0.0,0.0,,,probe_country_service
BL,B-Root,all_publicly_visible,,,0.0,,,,,,,,,,,,,,,,,unknown_cross_layer_distribution_class,,False,False,False,False,False,insufficient_no_inter_region_projection_segments,"minimum_mappable_segments,minimum_unique_probes,minimum_unique_probe_asns,maximum_country_fallback_share",0.0,0.0,,,probe_country_service
BL,B-Root,resolved_entry_only,,,0.0,,,,,,,,,,,,,,,,,unknown_cross_layer_distribution_class,,False,False,False,False,False,insufficient_no_inter_region_projection_segments,"minimum_mappable_segments,minimum_unique_probes,minimum_unique_probe_asns,maximum_country_fallback_share",0.0,0.0,,,probe_country_service
BO,B-Root,all_publicly_visible,5010,dns-root_b-root_msm5010_20260701T000000Z_010000Z.json,8.0,0.875,1.0,1.0,0.37677016125643675,0.5435644431995964,1.4575692649810903,severe_network_transition_concentration,0.875,1.0,1.0,0.37677016125643675,0.5435644431995964,1.4575692649810903,0.0,0.0,severe_corridor_observation_concentration,network_and_physical_both_concentrated,0.0,False,False,False,True,False,"insufficient_minimum_mappable_segments,minimum_unique_probes","minimum_mappable_segments,minimum_unique_probes",8.0,4.0,0.0,1.0,probe_country_service
BO,B-Root,resolved_entry_only,,,0.0,,,,,,,,,,,,,,,,,unknown_cross_layer_distribution_class,,False,False,False,False,False,insufficient_no_inter_region_projection_segments,"minimum_mappable_segments,minimum_unique_probes,minimum_unique_probe_asns,maximum_country_fallback_share",0.0,0.0,,,probe_country_service
BR,B-Root,all_publicly_visible,5010,dns-root_b-root_msm5010_20260701T000000Z_010000Z.json,57.0,0.24561403508771928,0.47368421052631576,0.6491228070175439,1.8845820510050368,0.8577102543108218,6.583602256972106,broad_network_transition_distribution,0.5263157894736842,0.6842105263157894,0.8245614035087718,1.4365055470770123,0.7382178194478285,4.205972534053776,-0.11949243486299332,0.11949243486299332,weak_corridor_observation_concentration,network_and_physical_both_broad,0.17543859649122806,True,True,True,True,True,auditable,,43.0,29.0,0.2982456140350877,0.7017543859649122,probe_country_service
BR,B-Root,resolved_entry_only,,,0.0,,,,,,,,,,,,,,,,,unknown_cross_layer_distribution_class,,False,False,False,False,False,insufficient_no_inter_region_projection_segments,"minimum_mappable_segments,minimum_unique_probes,minimum_unique_probe_asns,maximum_country_fallback_share",0.0,0.0,,,probe_country_service
BT,B-Root,all_publicly_visible,,,0.0,,,,,,,,,,,,,,,,,unknown_cross_layer_distribution_class,,False,False,False,False,False,insufficient_no_inter_region_projection_segments,"minimum_mappable_segments,minimum_unique_probes,minimum_unique_probe_asns,maximum_country_fallback_share",0.0,0.0,,,probe_country_service
BT,B-Root,resolved_entry_only,,,0.0,,,,,,,,,,,,,,,,,unknown_cross_layer_distribution_class,,False,False,False,False,False,insufficient_no_inter_region_projection_segments,"minimum_mappable_segments,minimum_unique_probes,minimum_unique_probe_asns,maximum_country_fallback_share",0.0,0.0,,,probe_country_service
BW,B-Root,all_publicly_visible,,,0.0,,,,,,,,,,,,,,,,,unknown_cross_layer_distribution_class,,False,False,False,False,False,insufficient_no_inter_region_projection_segments,"minimum_mappable_segments,minimum_unique_probes,minimum_unique_probe_asns,maximum_country_fallback_share",0.0,0.0,,,probe_country_service
BW,B-Root,resolved_entry_only,,,0.0,,,,,,,,,,,,,,,,,unknown_cross_layer_distribution_class,,False,False,False,False,False,insufficient_no_inter_region_projection_segments,"minimum_mappable_segments,minimum_unique_probes,minimum_unique_probe_asns,maximum_country_fallback_share",0.0,0.0,,,probe_country_service
BY,B-Root,all_publicly_visible,5010,dns-root_b-root_msm5010_20260701T000000Z_010000Z.json,3.0,1.0,1.0,1.0,-0.0,0.0,1.0,severe_network_transition_concentration,0.5,1.0,1.0,0.6931471805599453,1.0,2.0,1.0,-1.0,moderate_corridor_observation_concentration,network_and_physical_both_concentrated,0.0,False,False,False,True,False,"insufficient_minimum_mappable_segments,minimum_unique_probes,minimum_unique_probe_asns","minimum_mappable_segments,minimum_unique_probes,minimum_unique_probe_asns",3.0,2.0,0.0,1.0,probe_country_service
BY,B-Root,resolved_entry_only,,,0.0,,,,,,,,,,,,,,,,,unknown_cross_layer_distribution_class,,False,False,False,False,False,insufficient_no_inter_region_projection_segments,"minimum_mappable_segments,minimum_unique_probes,minimum_unique_probe_asns,maximum_country_fallback_share",0.0,0.0,,,probe_country_service
BZ,B-Root,all_publicly_visible,5010,dns-root_b-root_msm5010_20260701T000000Z_010000Z.json,1.0,1.0,1.0,1.0,-0.0,0.0,1.0,severe_network_transition_concentration,1.0,1.0,1.0,-0.0,0.0,1.0,0.0,0.0,severe_corridor_observation_concentration,network_and_physical_both_concentrated,0.0,False,False,False,True,False,"insufficient_minimum_mappable_segments,minimum_unique_probes,minimum_unique_probe_asns","minimum_mappable_segments,minimum_unique_probes,minimum_unique_probe_asns",1.0,1.0,0.0,1.0,probe_country_service
BZ,B-Root,resolved_entry_only,,,0.0,,,,,,,,,,,,,,,,,unknown_cross_layer_distribution_class,,False,False,False,False,False,insufficient_no_inter_region_projection_segments,"minimum_mappable_segments,minimum_unique_probes,minimum_unique_probe_asns,maximum_country_fallback_share",0.0,0.0,,,probe_country_service
CA,B-Root,all_publicly_visible,5010,dns-root_b-root_msm5010_20260701T000000Z_010000Z.json,68.0,0.45588235294117646,0.6029411764705882,0.7205882352941176,1.822401962895621,0.7105021226224928,6.186700843180182,broad_network_transition_distribution,0.19852941176470587,0.392156862745098,0.5625,2.3077410640591474,0.6925568514814262,10.05169285957812,-0.017945271141066588,0.017945271141066588,broad_corridor_observation_distribution,network_and_physical_both_broad,0.0,True,True,True,True,True,auditable,,55.0,19.0,0.29411764705882343,0.7058823529411762,probe_country_service
CA,B-Root,resolved_entry_only,,,0.0,,,,,,,,,,,,,,,,,unknown_cross_layer_distribution_class,,False,False,False,False,False,insufficient_no_inter_region_projection_segments,"minimum_mappable_segments,minimum_unique_probes,minimum_unique_probe_asns,maximum_country_fallback_share",0.0,0.0,,,probe_country_service
CD,B-Root,all_publicly_visible,,,0.0,,,,,,,,,,,,,,,,,unknown_cross_layer_distribution_class,,False,False,False,False,False,insufficient_no_inter_region_projection_segments,"minimum_mappable_segments,minimum_unique_probes,minimum_unique_probe_asns,maximum_country_fallback_share",0.0,0.0,,,probe_country_service
CD,B-Root,resolved_entry_only,,,0.0,,,,,,,,,,,,,,,,,unknown_cross_layer_distribution_class,,False,False,False,False,False,insufficient_no_inter_region_projection_segments,"minimum_mappable_segments,minimum_unique_probes,minimum_unique_probe_asns,maximum_country_fallback_share",0.0,0.0,,,probe_country_service
CG,B-Root,all_publicly_visible,5010,dns-root_b-root_msm5010_20260701T000000Z_010000Z.json,1.0,1.0,1.0,1.0,-0.0,0.0,1.0,severe_network_transition_concentration,1.0,1.0,1.0,-0.0,0.0,1.0,0.0,0.0,severe_corridor_observation_concentration,network_and_physical_both_concentrated,0.0,False,False,False,True,False,"insufficient_minimum_mappable_segments,minimum_unique_probes,minimum_unique_probe_asns","minimum_mappable_segments,minimum_unique_probes,minimum_unique_probe_asns",1.0,1.0,0.0,1.0,probe_country_service
CG,B-Root,resolved_entry_only,,,0.0,,,,,,,,,,,,,,,,,unknown_cross_layer_distribution_class,,False,False,False,False,False,insufficient_no_inter_region_projection_segments,"minimum_mappable_segments,minimum_unique_probes,minimum_unique_probe_asns,maximum_country_fallback_share",0.0,0.0,,,probe_country_service
CH,B-Root,all_publicly_visible,5010,dns-root_b-root_msm5010_20260701T000000Z_010000Z.json,1.0,1.0,1.0,1.0,-0.0,0.0,1.0,severe_network_transition_concentration,1.0,1.0,1.0,-0.0,0.0,1.0,0.0,0.0,severe_corridor_observation_concentration,network_and_physical_both_concentrated,0.0,False,False,False,True,False,"insufficient_minimum_mappable_segments,minimum_unique_probes,minimum_unique_probe_asns","minimum_mappable_segments,minimum_unique_probes,minimum_unique_probe_asns",1.0,1.0,0.0,1.0,probe_country_service
CH,B-Root,resolved_entry_only,,,0.0,,,,,,,,,,,,,,,,,unknown_cross_layer_distribution_class,,False,False,False,False,False,insufficient_no_inter_region_projection_segments,"minimum_mappable_segments,minimum_unique_probes,minimum_unique_probe_asns,maximum_country_fallback_share",0.0,0.0,,,probe_country_service
CI,B-Root,all_publicly_visible,5010,dns-root_b-root_msm5010_20260701T000000Z_010000Z.json,3.0,1.0,1.0,1.0,-0.0,0.0,1.0,severe_network_transition_concentration,0.6666666666666666,1.0,1.0,0.6365141682948128,0.9182958340544894,1.8898815748423097,0.9182958340544894,-0.9182958340544894,moderate_corridor_observation_concentration,network_and_physical_both_concentrated,0.0,False,False,False,True,False,"insufficient_minimum_mappable_segments,minimum_unique_probes,minimum_unique_probe_asns","minimum_mappable_segments,minimum_unique_probes,minimum_unique_probe_asns",1.0,1.0,0.0,1.0,probe_country_service
CI,B-Root,resolved_entry_only,,,0.0,,,,,,,,,,,,,,,,,unknown_cross_layer_distribution_class,,False,False,False,False,False,insufficient_no_inter_region_projection_segments,"minimum_mappable_segments,minimum_unique_probes,minimum_unique_probe_asns,maximum_country_fallback_share",0.0,0.0,,,probe_country_service
CK,B-Root,all_publicly_visible,,,0.0,,,,,,,,,,,,,,,,,unknown_cross_layer_distribution_class,,False,False,False,False,False,insufficient_no_inter_region_projection_segments,"minimum_mappable_segments,minimum_unique_probes,minimum_unique_probe_asns,maximum_country_fallback_share",0.0,0.0,,,probe_country_service
CK,B-Root,resolved_entry_only,,,0.0,,,,,,,,,,,,,,,,,unknown_cross_layer_distribution_class,,False,False,False,False,False,insufficient_no_inter_region_projection_segments,"minimum_mappable_segments,minimum_unique_probes,minimum_unique_probe_asns,maximum_country_fallback_share",0.0,0.0,,,probe_country_service
CL,B-Root,all_publicly_visible,5010,dns-root_b-root_msm5010_20260701T000000Z_010000Z.json,11.0,0.7272727272727273,0.8181818181818182,0.9090909090909092,0.8855741515766717,0.6388067184095578,2.4243759512390586,moderate_network_transition_concentration,0.5454545454545454,0.9090909090909091,1.0,0.9164648855394713,0.8342022886441013,2.5004354220773655,0.19539557023454346,-0.19539557023454346,moderate_corridor_observation_concentration,network_and_physical_both_concentrated,0.0,False,False,False,True,False,"insufficient_minimum_mappable_segments,minimum_unique_probes","minimum_mappable_segments,minimum_unique_probes",7.0,6.0,0.6363636363636364,0.36363636363636365,probe_country_service
CL,B-Root,resolved_entry_only,,,0.0,,,,,,,,,,,,,,,,,unknown_cross_layer_distribution_class,,False,False,False,False,False,insufficient_no_inter_region_projection_segments,"minimum_mappable_segments,minimum_unique_probes,minimum_unique_probe_asns,maximum_country_fallback_share",0.0,0.0,,,probe_country_service
CM,B-Root,all_publicly_visible,5010,dns-root_b-root_msm5010_20260701T000000Z_010000Z.json,5.0,0.8,1.0,1.0,0.5004024235381879,0.7219280948873623,1.6493848884661177,severe_network_transition_concentration,0.4,0.8,0.9,1.193549604098133,0.860964047443681,3.298769776932235,0.13903595255631873,-0.13903595255631873,moderate_corridor_observation_concentration,network_and_physical_both_concentrated,0.0,False,False,False,True,False,"insufficient_minimum_mappable_segments,minimum_unique_probes,minimum_unique_probe_asns","minimum_mappable_segments,minimum_unique_probes,minimum_unique_probe_asns",2.0,2.0,0.0,1.0,probe_country_service
CM,B-Root,resolved_entry_only,,,0.0,,,,,,,,,,,,,,,,,unknown_cross_layer_distribution_class,,False,False,False,False,False,insufficient_no_inter_region_projection_segments,"minimum_mappable_segments,minimum_unique_probes,minimum_unique_probe_asns,maximum_country_fallback_share",0.0,0.0,,,probe_country_service
CN,B-Root,all_publicly_visible,5010,dns-root_b-root_msm5010_20260701T000000Z_010000Z.json,13.0,0.3076923076923077,0.46153846153846156,0.5384615384615385,2.031759218569271,0.9246934699012204,7.627492990030072,broad_network_transition_distribution,0.38461538461538464,0.5384615384615385,0.6153846153846154,1.9771243994567416,0.8245249164486718,7.221945666220244,-0.1001685534525486,0.1001685534525486,broad_corridor_observation_distribution,network_and_physical_both_broad,0.07692307692307693,False,False,False,True,False,insufficient_minimum_mappable_segments,minimum_mappable_segments,10.0,6.0,0.5384615384615383,0.46153846153846145,probe_country_service
CN,B-Root,resolved_entry_only,,,0.0,,,,,,,,,,,,,,,,,unknown_cross_layer_distribution_class,,False,False,False,False,False,insufficient_no_inter_region_projection_segments,"minimum_mappable_segments,minimum_unique_probes,minimum_unique_probe_asns,maximum_country_fallback_share",0.0,0.0,,,probe_country_service
CO,B-Root,all_publicly_visible,5010,dns-root_b-root_msm5010_20260701T000000Z_010000Z.json,2.0,0.5,1.0,1.0,0.6931471805599453,1.0,2.0,moderate_network_transition_concentration,0.5,1.0,1.0,0.6931471805599453,1.0,2.0,0.0,0.0,moderate_corridor_observation_concentration,network_and_physical_both_concentrated,0.0,False,False,False,True,False,"insufficient_minimum_mappable_segments,minimum_unique_probes,minimum_unique_probe_asns","minimum_mappable_segments,minimum_unique_probes,minimum_unique_probe_asns",2.0,2.0,0.0,1.0,probe_country_service
CO,B-Root,resolved_entry_only,,,0.0,,,,,,,,,,,,,,,,,unknown_cross_layer_distribution_class,,False,False,False,False,False,insufficient_no_inter_region_projection_segments,"minimum_mappable_segments,minimum_unique_probes,minimum_unique_probe_asns,maximum_country_fallback_share",0.0,0.0,,,probe_country_service
CR,B-Root,all_publicly_visible,,,0.0,,,,,,,,,,,,,,,,,unknown_cross_layer_distribution_class,,False,False,False,False,False,insufficient_no_inter_region_projection_segments,"minimum_mappable_segments,minimum_unique_probes,minimum_unique_probe_asns,maximum_country_fallback_share",0.0,0.0,,,probe_country_service
CR,B-Root,resolved_entry_only,,,0.0,,,,,,,,,,,,,,,,,unknown_cross_layer_distribution_class,,False,False,False,False,False,insufficient_no_inter_region_projection_segments,"minimum_mappable_segments,minimum_unique_probes,minimum_unique_probe_asns,maximum_country_fallback_share",0.0,0.0,,,probe_country_service
CU,B-Root,all_publicly_visible,5010,dns-root_b-root_msm5010_20260701T000000Z_010000Z.json,1.0,1.0,1.0,1.0,-0.0,0.0,1.0,severe_network_transition_concentration,1.0,1.0,1.0,-0.0,0.0,1.0,0.0,0.0,severe_corridor_observation_concentration,network_and_physical_both_concentrated,0.0,False,False,False,True,False,"insufficient_minimum_mappable_segments,minimum_unique_probes,minimum_unique_probe_asns","minimum_mappable_segments,minimum_unique_probes,minimum_unique_probe_asns",1.0,1.0,0.0,1.0,probe_country_service
CU,B-Root,resolved_entry_only,,,0.0,,,,,,,,,,,,,,,,,unknown_cross_layer_distribution_class,,False,False,False,False,False,insufficient_no_inter_region_projection_segments,"minimum_mappable_segments,minimum_unique_probes,minimum_unique_probe_asns,maximum_country_fallback_share",0.0,0.0,,,probe_country_service
CV,B-Root,all_publicly_visible,5010,dns-root_b-root_msm5010_20260701T000000Z_010000Z.json,3.0,0.6666666666666666,1.0,1.0,0.6365141682948128,0.9182958340544894,1.8898815748423097,moderate_network_transition_concentration,0.3333333333333333,0.6666666666666666,0.8333333333333333,1.3296613488547582,0.9591479170272448,3.77976314968462,0.04085208297275533,-0.04085208297275533,weak_corridor_observation_concentration,network_and_physical_both_concentrated,0.0,False,False,False,True,False,"insufficient_minimum_mappable_segments,minimum_unique_probes,minimum_unique_probe_asns","minimum_mappable_segments,minimum_unique_probes,minimum_unique_probe_asns",1.0,1.0,0.0,1.0,probe_country_service
CV,B-Root,resolved_entry_only,,,0.0,,,,,,,,,,,,,,,,,unknown_cross_layer_distribution_class,,False,False,False,False,False,insufficient_no_inter_region_projection_segments,"minimum_mappable_segments,minimum_unique_probes,minimum_unique_probe_asns,maximum_country_fallback_share",0.0,0.0,,,probe_country_service
CW,B-Root,all_publicly_visible,5010,dns-root_b-root_msm5010_20260701T000000Z_010000Z.json,1.0,1.0,1.0,1.0,-0.0,0.0,1.0,severe_network_transition_concentration,1.0,1.0,1.0,-0.0,0.0,1.0,0.0,0.0,severe_corridor_observation_concentration,network_and_physical_both_concentrated,0.0,False,False,False,True,False,"insufficient_minimum_mappable_segments,minimum_unique_probes,minimum_unique_probe_asns","minimum_mappable_segments,minimum_unique_probes,minimum_unique_probe_asns",1.0,1.0,0.0,1.0,probe_country_service
CW,B-Root,resolved_entry_only,,,0.0,,,,,,,,,,,,,,,,,unknown_cross_layer_distribution_class,,False,False,False,False,False,insufficient_no_inter_region_projection_segments,"minimum_mappable_segments,minimum_unique_probes,minimum_unique_probe_asns,maximum_country_fallback_share",0.0,0.0,,,probe_country_service
CY,B-Root,all_publicly_visible,5010,dns-root_b-root_msm5010_20260701T000000Z_010000Z.json,11.0,0.45454545454545453,0.6363636363636364,0.8181818181818181,1.2882523050229002,0.9292776059351572,3.6264430977659163,weak_network_transition_concentration,0.4090909090909091,0.8181818181818182,1.0,1.0412597335159743,0.9477954545532472,2.8327833196740517,0.018517848618090027,-0.018517848618090027,moderate_corridor_observation_concentration,network_broad_physical_concentrated,0.0,False,False,False,True,False,"insufficient_minimum_mappable_segments,minimum_unique_probes","minimum_mappable_segments,minimum_unique_probes",9.0,4.0,0.18181818181818182,0.8181818181818182,probe_country_service
CY,B-Root,resolved_entry_only,,,0.0,,,,,,,,,,,,,,,,,unknown_cross_layer_distribution_class,,False,False,False,False,False,insufficient_no_inter_region_projection_segments,"minimum_mappable_segments,minimum_unique_probes,minimum_unique_probe_asns,maximum_country_fallback_share",0.0,0.0,,,probe_country_service
CZ,B-Root,all_publicly_visible,,,0.0,,,,,,,,,,,,,,,,,unknown_cross_layer_distribution_class,,False,False,False,False,False,insufficient_no_inter_region_projection_segments,"minimum_mappable_segments,minimum_unique_probes,minimum_unique_probe_asns,maximum_country_fallback_share",0.0,0.0,,,probe_country_service
CZ,B-Root,resolved_entry_only,,,0.0,,,,,,,,,,,,,,,,,unknown_cross_layer_distribution_class,,False,False,False,False,False,insufficient_no_inter_region_projection_segments,"minimum_mappable_segments,minimum_unique_probes,minimum_unique_probe_asns,maximum_country_fallback_share",0.0,0.0,,,probe_country_service
DE,B-Root,all_publicly_visible,5010,dns-root_b-root_msm5010_20260701T000000Z_010000Z.json,46.0,0.782608695652174,0.891304347826087,0.9347826086956522,0.7889357428188722,0.4901933381361028,2.201052693175021,moderate_network_transition_concentration,0.782608695652174,0.891304347826087,0.9347826086956522,0.8341409937249555,0.4286636739779113,2.302835048664961,-0.0615296641581915,0.0615296641581915,moderate_corridor_observation_concentration,network_and_physical_both_concentrated,0.0,True,True,True,True,True,auditable,,43.0,16.0,0.08695652173913043,0.9130434782608695,probe_country_service
DE,B-Root,resolved_entry_only,,,0.0,,,,,,,,,,,,,,,,,unknown_cross_layer_distribution_class,,False,False,False,False,False,insufficient_no_inter_region_projection_segments,"minimum_mappable_segments,minimum_unique_probes,minimum_unique_probe_asns,maximum_country_fallback_share",0.0,0.0,,,probe_country_service
DJ,B-Root,all_publicly_visible,,,0.0,,,,,,,,,,,,,,,,,unknown_cross_layer_distribution_class,,False,False,False,False,False,insufficient_no_inter_region_projection_segments,"minimum_mappable_segments,minimum_unique_probes,minimum_unique_probe_asns,maximum_country_fallback_share",0.0,0.0,,,probe_country_service
DJ,B-Root,resolved_entry_only,,,0.0,,,,,,,,,,,,,,,,,unknown_cross_layer_distribution_class,,False,False,False,False,False,insufficient_no_inter_region_projection_segments,"minimum_mappable_segments,minimum_unique_probes,minimum_unique_probe_asns,maximum_country_fallback_share",0.0,0.0,,,probe_country_service
DK,B-Root,all_publicly_visible,5010,dns-root_b-root_msm5010_20260701T000000Z_010000Z.json,107.0,0.3644859813084112,0.514018691588785,0.6448598130841121,2.0488501658424947,0.7763568236470223,7.758974441358261,broad_network_transition_distribution,0.8130841121495327,0.9626168224299065,0.9906542056074766,0.5962749770339659,0.4301214761865416,1.815343992004446,-0.3462353474604807,0.3462353474604807,severe_corridor_observation_concentration,network_broad_physical_concentrated,0.056074766355140186,True,True,True,True,True,auditable,,86.0,23.0,0.16822429906542055,0.8317757009345794,probe_country_service
DK,B-Root,resolved_entry_only,,,0.0,,,,,,,,,,,,,,,,,unknown_cross_layer_distribution_class,,False,False,False,False,False,insufficient_no_inter_region_projection_segments,"minimum_mappable_segments,minimum_unique_probes,minimum_unique_probe_asns,maximum_country_fallback_share",0.0,0.0,,,probe_country_service
DO,B-Root,all_publicly_visible,5010,dns-root_b-root_msm5010_20260701T000000Z_010000Z.json,1.0,1.0,1.0,1.0,-0.0,0.0,1.0,severe_network_transition_concentration,1.0,1.0,1.0,-0.0,0.0,1.0,0.0,0.0,severe_corridor_observation_concentration,network_and_physical_both_concentrated,0.0,False,False,False,True,False,"insufficient_minimum_mappable_segments,minimum_unique_probes,minimum_unique_probe_asns","minimum_mappable_segments,minimum_unique_probes,minimum_unique_probe_asns",1.0,1.0,0.0,1.0,probe_country_service
DO,B-Root,resolved_entry_only,,,0.0,,,,,,,,,,,,,,,,,unknown_cross_layer_distribution_class,,False,False,False,False,False,insufficient_no_inter_region_projection_segments,"minimum_mappable_segments,minimum_unique_probes,minimum_unique_probe_asns,maximum_country_fallback_share",0.0,0.0,,,probe_country_service
DZ,B-Root,all_publicly_visible,,,0.0,,,,,,,,,,,,,,,,,unknown_cross_layer_distribution_class,,False,False,False,False,False,insufficient_no_inter_region_projection_segments,"minimum_mappable_segments,minimum_unique_probes,minimum_unique_probe_asns,maximum_country_fallback_share",0.0,0.0,,,probe_country_service
DZ,B-Root,resolved_entry_only,,,0.0,,,,,,,,,,,,,,,,,unknown_cross_layer_distribution_class,,False,False,False,False,False,insufficient_no_inter_region_projection_segments,"minimum_mappable_segments,minimum_unique_probes,minimum_unique_probe_asns,maximum_country_fallback_share",0.0,0.0,,,probe_country_service
EC,B-Root,all_publicly_visible,,,0.0,,,,,,,,,,,,,,,,,unknown_cross_layer_distribution_class,,False,False,False,False,False,insufficient_no_inter_region_projection_segments,"minimum_mappable_segments,minimum_unique_probes,minimum_unique_probe_asns,maximum_country_fallback_share",0.0,0.0,,,probe_country_service
EC,B-Root,resolved_entry_only,,,0.0,,,,,,,,,,,,,,,,,unknown_cross_layer_distribution_class,,False,False,False,False,False,insufficient_no_inter_region_projection_segments,"minimum_mappable_segments,minimum_unique_probes,minimum_unique_probe_asns,maximum_country_fallback_share",0.0,0.0,,,probe_country_service
EE,B-Root,all_publicly_visible,5010,dns-root_b-root_msm5010_20260701T000000Z_010000Z.json,30.0,0.3,0.5,0.6333333333333333,1.8117187653755709,0.9310392703666772,6.120958888482194,broad_network_transition_distribution,0.43333333333333335,0.8666666666666667,1.0,0.993402023712838,0.9042334897939088,2.7004057073750434,-0.02680578057276839,0.02680578057276839,moderate_corridor_observation_concentration,network_broad_physical_concentrated,0.0,True,True,True,True,True,auditable,,22.0,14.0,0.0,1.0,probe_country_service
EE,B-Root,resolved_entry_only,,,0.0,,,,,,,,,,,,,,,,,unknown_cross_layer_distribution_class,,False,False,False,False,False,insufficient_no_inter_region_projection_segments,"minimum_mappable_segments,minimum_unique_probes,minimum_unique_probe_asns,maximum_country_fallback_share",0.0,0.0,,,probe_country_service
EG,B-Root,all_publicly_visible,,,0.0,,,,,,,,,,,,,,,,,unknown_cross_layer_distribution_class,,False,False,False,False,False,insufficient_no_inter_region_projection_segments,"minimum_mappable_segments,minimum_unique_probes,minimum_unique_probe_asns,maximum_country_fallback_share",0.0,0.0,,,probe_country_service
EG,B-Root,resolved_entry_only,,,0.0,,,,,,,,,,,,,,,,,unknown_cross_layer_distribution_class,,False,False,False,False,False,insufficient_no_inter_region_projection_segments,"minimum_mappable_segments,minimum_unique_probes,minimum_unique_probe_asns,maximum_country_fallback_share",0.0,0.0,,,probe_country_service
ES,B-Root,all_publicly_visible,5010,dns-root_b-root_msm5010_20260701T000000Z_010000Z.json,8.0,0.75,1.0,1.0,0.5623351446188083,0.8112781244591328,1.7547653506033232,moderate_network_transition_concentration,0.5,0.75,1.0,1.0397207708399179,0.946394630357186,2.82842712474619,0.13511650589805313,-0.13511650589805313,weak_corridor_observation_concentration,network_and_physical_both_concentrated,0.0,False,False,False,True,False,"insufficient_minimum_mappable_segments,minimum_unique_probes","minimum_mappable_segments,minimum_unique_probes",6.0,5.0,0.0,1.0,probe_country_service
ES,B-Root,resolved_entry_only,,,0.0,,,,,,,,,,,,,,,,,unknown_cross_layer_distribution_class,,False,False,False,False,False,insufficient_no_inter_region_projection_segments,"minimum_mappable_segments,minimum_unique_probes,minimum_unique_probe_asns,maximum_country_fallback_share",0.0,0.0,,,probe_country_service
ET,B-Root,all_publicly_visible,,,0.0,,,,,,,,,,,,,,,,,unknown_cross_layer_distribution_class,,False,False,False,False,False,insufficient_no_inter_region_projection_segments,"minimum_mappable_segments,minimum_unique_probes,minimum_unique_probe_asns,maximum_country_fallback_share",0.0,0.0,,,probe_country_service
ET,B-Root,resolved_entry_only,,,0.0,,,,,,,,,,,,,,,,,unknown_cross_layer_distribution_class,,False,False,False,False,False,insufficient_no_inter_region_projection_segments,"minimum_mappable_segments,minimum_unique_probes,minimum_unique_probe_asns,maximum_country_fallback_share",0.0,0.0,,,probe_country_service
FI,B-Root,all_publicly_visible,5010,dns-root_b-root_msm5010_20260701T000000Z_010000Z.json,157.0,0.6114649681528662,0.7643312101910827,0.8089171974522292,1.5944319365894375,0.5085105654123987,4.925530263723628,weak_network_transition_concentration,0.3248407643312102,0.6146496815286624,0.8168789808917197,1.7272801377937128,0.6229846222552488,5.6253329519342286,0.11447405684285006,-0.11447405684285006,weak_corridor_observation_concentration,network_and_physical_both_concentrated,0.0,True,True,True,True,True,auditable,,103.0,41.0,0.3184713375796179,0.6815286624203822,probe_country_service
FI,B-Root,resolved_entry_only,,,0.0,,,,,,,,,,,,,,,,,unknown_cross_layer_distribution_class,,False,False,False,False,False,insufficient_no_inter_region_projection_segments,"minimum_mappable_segments,minimum_unique_probes,minimum_unique_probe_asns,maximum_country_fallback_share",0.0,0.0,,,probe_country_service
FJ,B-Root,all_publicly_visible,,,0.0,,,,,,,,,,,,,,,,,unknown_cross_layer_distribution_class,,False,False,False,False,False,insufficient_no_inter_region_projection_segments,"minimum_mappable_segments,minimum_unique_probes,minimum_unique_probe_asns,maximum_country_fallback_share",0.0,0.0,,,probe_country_service
FJ,B-Root,resolved_entry_only,,,0.0,,,,,,,,,,,,,,,,,unknown_cross_layer_distribution_class,,False,False,False,False,False,insufficient_no_inter_region_projection_segments,"minimum_mappable_segments,minimum_unique_probes,minimum_unique_probe_asns,maximum_country_fallback_share",0.0,0.0,,,probe_country_service
FM,B-Root,all_publicly_visible,5010,dns-root_b-root_msm5010_20260701T000000Z_010000Z.json,1.0,1.0,1.0,1.0,-0.0,0.0,1.0,severe_network_transition_concentration,1.0,1.0,1.0,-0.0,0.0,1.0,0.0,0.0,severe_corridor_observation_concentration,network_and_physical_both_concentrated,0.0,False,False,False,True,False,"insufficient_minimum_mappable_segments,minimum_unique_probes,minimum_unique_probe_asns","minimum_mappable_segments,minimum_unique_probes,minimum_unique_probe_asns",1.0,1.0,1.0,0.0,probe_country_service
FM,B-Root,resolved_entry_only,,,0.0,,,,,,,,,,,,,,,,,unknown_cross_layer_distribution_class,,False,False,False,False,False,insufficient_no_inter_region_projection_segments,"minimum_mappable_segments,minimum_unique_probes,minimum_unique_probe_asns,maximum_country_fallback_share",0.0,0.0,,,probe_country_service
FR,B-Root,all_publicly_visible,5010,dns-root_b-root_msm5010_20260701T000000Z_010000Z.json,11.0,1.0,1.0,1.0,-0.0,0.0,1.0,severe_network_transition_concentration,1.0,1.0,1.0,-0.0,0.0,1.0,0.0,0.0,severe_corridor_observation_concentration,network_and_physical_both_concentrated,0.0,False,False,False,True,False,"insufficient_minimum_mappable_segments,minimum_unique_probe_asns","minimum_mappable_segments,minimum_unique_probe_asns",10.0,1.0,0.0,1.0,probe_country_service
FR,B-Root,resolved_entry_only,,,0.0,,,,,,,,,,,,,,,,,unknown_cross_layer_distribution_class,,False,False,False,False,False,insufficient_no_inter_region_projection_segments,"minimum_mappable_segments,minimum_unique_probes,minimum_unique_probe_asns,maximum_country_fallback_share",0.0,0.0,,,probe_country_service
GB,B-Root,all_publicly_visible,5010,dns-root_b-root_msm5010_20260701T000000Z_010000Z.json,1.0,1.0,1.0,1.0,-0.0,0.0,1.0,severe_network_transition_concentration,0.5,1.0,1.0,0.6931471805599453,1.0,2.0,1.0,-1.0,moderate_corridor_observation_concentration,network_and_physical_both_concentrated,0.0,False,False,False,True,False,"insufficient_minimum_mappable_segments,minimum_unique_probes,minimum_unique_probe_asns","minimum_mappable_segments,minimum_unique_probes,minimum_unique_probe_asns",1.0,1.0,0.0,1.0,probe_country_service
GB,B-Root,resolved_entry_only,,,0.0,,,,,,,,,,,,,,,,,unknown_cross_layer_distribution_class,,False,False,False,False,False,insufficient_no_inter_region_projection_segments,"minimum_mappable_segments,minimum_unique_probes,minimum_unique_probe_asns,maximum_country_fallback_share",0.0,0.0,,,probe_country_service
GE,B-Root,all_publicly_visible,,,0.0,,,,,,,,,,,,,,,,,unknown_cross_layer_distribution_class,,False,False,False,False,False,insufficient_no_inter_region_projection_segments,"minimum_mappable_segments,minimum_unique_probes,minimum_unique_probe_asns,maximum_country_fallback_share",0.0,0.0,,,probe_country_service
GE,B-Root,resolved_entry_only,,,0.0,,,,,,,,,,,,,,,,,unknown_cross_layer_distribution_class,,False,False,False,False,False,insufficient_no_inter_region_projection_segments,"minimum_mappable_segments,minimum_unique_probes,minimum_unique_probe_asns,maximum_country_fallback_share",0.0,0.0,,,probe_country_service
GF,B-Root,all_publicly_visible,,,0.0,,,,,,,,,,,,,,,,,unknown_cross_layer_distribution_class,,False,False,False,False,False,insufficient_no_inter_region_projection_segments,"minimum_mappable_segments,minimum_unique_probes,minimum_unique_probe_asns,maximum_country_fallback_share",0.0,0.0,,,probe_country_service
GF,B-Root,resolved_entry_only,,,0.0,,,,,,,,,,,,,,,,,unknown_cross_layer_distribution_class,,False,False,False,False,False,insufficient_no_inter_region_projection_segments,"minimum_mappable_segments,minimum_unique_probes,minimum_unique_probe_asns,maximum_country_fallback_share",0.0,0.0,,,probe_country_service
GG,B-Root,all_publicly_visible,,,0.0,,,,,,,,,,,,,,,,,unknown_cross_layer_distribution_class,,False,False,False,False,False,insufficient_no_inter_region_projection_segments,"minimum_mappable_segments,minimum_unique_probes,minimum_unique_probe_asns,maximum_country_fallback_share",0.0,0.0,,,probe_country_service
GG,B-Root,resolved_entry_only,,,0.0,,,,,,,,,,,,,,,,,unknown_cross_layer_distribution_class,,False,False,False,False,False,insufficient_no_inter_region_projection_segments,"minimum_mappable_segments,minimum_unique_probes,minimum_unique_probe_asns,maximum_country_fallback_share",0.0,0.0,,,probe_country_service
GH,B-Root,all_publicly_visible,5010,dns-root_b-root_msm5010_20260701T000000Z_010000Z.json,4.0,0.5,0.75,1.0,1.0397207708399179,0.946394630357186,2.82842712474619,weak_network_transition_concentration,0.5,0.75,1.0,1.0397207708399179,0.946394630357186,2.82842712474619,0.0,0.0,weak_corridor_observation_concentration,network_and_physical_both_concentrated,0.0,False,False,False,True,False,"insufficient_minimum_mappable_segments,minimum_unique_probes,minimum_unique_probe_asns","minimum_mappable_segments,minimum_unique_probes,minimum_unique_probe_asns",2.0,2.0,0.0,1.0,probe_country_service
GH,B-Root,resolved_entry_only,,,0.0,,,,,,,,,,,,,,,,,unknown_cross_layer_distribution_class,,False,False,False,False,False,insufficient_no_inter_region_projection_segments,"minimum_mappable_segments,minimum_unique_probes,minimum_unique_probe_asns,maximum_country_fallback_share",0.0,0.0,,,probe_country_service
GP,B-Root,all_publicly_visible,5010,dns-root_b-root_msm5010_20260701T000000Z_010000Z.json,2.0,0.5,1.0,1.0,0.6931471805599453,1.0,2.0,moderate_network_transition_concentration,0.25,0.5,0.75,1.3862943611198906,1.0,4.0,0.0,0.0,weak_corridor_observation_concentration,network_and_physical_both_concentrated,0.0,False,False,False,True,False,"insufficient_minimum_mappable_segments,minimum_unique_probes,minimum_unique_probe_asns","minimum_mappable_segments,minimum_unique_probes,minimum_unique_probe_asns",2.0,2.0,1.0,0.0,probe_country_service
GP,B-Root,resolved_entry_only,,,0.0,,,,,,,,,,,,,,,,,unknown_cross_layer_distribution_class,,False,False,False,False,False,insufficient_no_inter_region_projection_segments,"minimum_mappable_segments,minimum_unique_probes,minimum_unique_probe_asns,maximum_country_fallback_share",0.0,0.0,,,probe_country_service
GQ,B-Root,all_publicly_visible,5010,dns-root_b-root_msm5010_20260701T000000Z_010000Z.json,1.0,1.0,1.0,1.0,-0.0,0.0,1.0,severe_network_transition_concentration,1.0,1.0,1.0,-0.0,0.0,1.0,0.0,0.0,severe_corridor_observation_concentration,network_and_physical_both_concentrated,0.0,False,False,False,True,False,"insufficient_minimum_mappable_segments,minimum_unique_probes,minimum_unique_probe_asns","minimum_mappable_segments,minimum_unique_probes,minimum_unique_probe_asns",1.0,1.0,0.0,1.0,probe_country_service
GQ,B-Root,resolved_entry_only,,,0.0,,,,,,,,,,,,,,,,,unknown_cross_layer_distribution_class,,False,False,False,False,False,insufficient_no_inter_region_projection_segments,"minimum_mappable_segments,minimum_unique_probes,minimum_unique_probe_asns,maximum_country_fallback_share",0.0,0.0,,,probe_country_service
GR,B-Root,all_publicly_visible,5010,dns-root_b-root_msm5010_20260701T000000Z_010000Z.json,1.0,1.0,1.0,1.0,-0.0,0.0,1.0,severe_network_transition_concentration,1.0,1.0,1.0,-0.0,0.0,1.0,0.0,0.0,severe_corridor_observation_concentration,network_and_physical_both_concentrated,0.0,False,False,False,True,False,"insufficient_minimum_mappable_segments,minimum_unique_probes,minimum_unique_probe_asns","minimum_mappable_segments,minimum_unique_probes,minimum_unique_probe_asns",1.0,1.0,0.0,1.0,probe_country_service
GR,B-Root,resolved_entry_only,,,0.0,,,,,,,,,,,,,,,,,unknown_cross_layer_distribution_class,,False,False,False,False,False,insufficient_no_inter_region_projection_segments,"minimum_mappable_segments,minimum_unique_probes,minimum_unique_probe_asns,maximum_country_fallback_share",0.0,0.0,,,probe_country_service
GT,B-Root,all_publicly_visible,5010,dns-root_b-root_msm5010_20260701T000000Z_010000Z.json,1.0,1.0,1.0,1.0,-0.0,0.0,1.0,severe_network_transition_concentration,1.0,1.0,1.0,-0.0,0.0,1.0,0.0,0.0,severe_corridor_observation_concentration,network_and_physical_both_concentrated,0.0,False,False,False,True,False,"insufficient_minimum_mappable_segments,minimum_unique_probes,minimum_unique_probe_asns","minimum_mappable_segments,minimum_unique_probes,minimum_unique_probe_asns",1.0,1.0,0.0,1.0,probe_country_service
GT,B-Root,resolved_entry_only,,,0.0,,,,,,,,,,,,,,,,,unknown_cross_layer_distribution_class,,False,False,False,False,False,insufficient_no_inter_region_projection_segments,"minimum_mappable_segments,minimum_unique_probes,minimum_unique_probe_asns,maximum_country_fallback_share",0.0,0.0,,,probe_country_service
GU,B-Root,all_publicly_visible,5010,dns-root_b-root_msm5010_20260701T000000Z_010000Z.json,22.0,0.36363636363636365,0.5909090909090909,0.7272727272727273,1.693263022274075,0.8701650603426414,5.437193474249939,broad_network_transition_distribution,0.4090909090909091,0.5909090909090909,0.7272727272727273,1.853326946749681,0.7728973686940163,6.381013539625173,-0.09726769164862514,0.09726769164862514,broad_corridor_observation_distribution,network_and_physical_both_broad,0.0,False,False,False,True,False,"insufficient_minimum_mappable_segments,minimum_unique_probes","minimum_mappable_segments,minimum_unique_probes",8.0,4.0,0.5,0.5,probe_country_service
GU,B-Root,resolved_entry_only,,,0.0,,,,,,,,,,,,,,,,,unknown_cross_layer_distribution_class,,False,False,False,False,False,insufficient_no_inter_region_projection_segments,"minimum_mappable_segments,minimum_unique_probes,minimum_unique_probe_asns,maximum_country_fallback_share",0.0,0.0,,,probe_country_service
HK,B-Root,all_publicly_visible,5010,dns-root_b-root_msm5010_20260701T000000Z_010000Z.json,46.0,0.5869565217391305,0.8260869565217392,0.8695652173913044,1.2905818803147722,0.5873691263181638,3.6349010178596486,moderate_network_transition_concentration,0.5652173913043478,0.7826086956521738,0.9565217391304347,1.1399730036330573,0.6362310473091529,3.1266839549394145,0.04886192099098907,-0.04886192099098907,weak_corridor_observation_concentration,network_and_physical_both_concentrated,0.0,True,True,True,True,True,auditable,,34.0,23.0,0.17391304347826086,0.8260869565217391,probe_country_service
HK,B-Root,resolved_entry_only,,,0.0,,,,,,,,,,,,,,,,,unknown_cross_layer_distribution_class,,False,False,False,False,False,insufficient_no_inter_region_projection_segments,"minimum_mappable_segments,minimum_unique_probes,minimum_unique_probe_asns,maximum_country_fallback_share",0.0,0.0,,,probe_country_service
HN,B-Root,all_publicly_visible,5010,dns-root_b-root_msm5010_20260701T000000Z_010000Z.json,5.0,0.6,0.8,1.0,0.9502705392332347,0.8649735207179272,2.586409289858933,moderate_network_transition_concentration,0.4,0.8,1.0,1.0549201679861442,0.9602297178607612,2.8717458874925876,0.09525619714283395,-0.09525619714283395,moderate_corridor_observation_concentration,network_and_physical_both_concentrated,0.0,False,False,False,True,False,"insufficient_minimum_mappable_segments,minimum_unique_probes","minimum_mappable_segments,minimum_unique_probes",5.0,5.0,0.0,1.0,probe_country_service
HN,B-Root,resolved_entry_only,,,0.0,,,,,,,,,,,,,,,,,unknown_cross_layer_distribution_class,,False,False,False,False,False,insufficient_no_inter_region_projection_segments,"minimum_mappable_segments,minimum_unique_probes,minimum_unique_probe_asns,maximum_country_fallback_share",0.0,0.0,,,probe_country_service
HR,B-Root,all_publicly_visible,5010,dns-root_b-root_msm5010_20260701T000000Z_010000Z.json,5.0,1.0,1.0,1.0,-0.0,0.0,1.0,severe_network_transition_concentration,1.0,1.0,1.0,-0.0,0.0,1.0,0.0,0.0,severe_corridor_observation_concentration,network_and_physical_both_concentrated,0.0,False,False,False,True,False,"insufficient_minimum_mappable_segments,minimum_unique_probes,minimum_unique_probe_asns","minimum_mappable_segments,minimum_unique_probes,minimum_unique_probe_asns",5.0,1.0,1.0,0.0,probe_country_service
HR,B-Root,resolved_entry_only,,,0.0,,,,,,,,,,,,,,,,,unknown_cross_layer_distribution_class,,False,False,False,False,False,insufficient_no_inter_region_projection_segments,"minimum_mappable_segments,minimum_unique_probes,minimum_unique_probe_asns,maximum_country_fallback_share",0.0,0.0,,,probe_country_service
HT,B-Root,all_publicly_visible,,,0.0,,,,,,,,,,,,,,,,,unknown_cross_layer_distribution_class,,False,False,False,False,False,insufficient_no_inter_region_projection_segments,"minimum_mappable_segments,minimum_unique_probes,minimum_unique_probe_asns,maximum_country_fallback_share",0.0,0.0,,,probe_country_service
HT,B-Root,resolved_entry_only,,,0.0,,,,,,,,,,,,,,,,,unknown_cross_layer_distribution_class,,False,False,False,False,False,insufficient_no_inter_region_projection_segments,"minimum_mappable_segments,minimum_unique_probes,minimum_unique_probe_asns,maximum_country_fallback_share",0.0,0.0,,,probe_country_service
HU,B-Root,all_publicly_visible,,,0.0,,,,,,,,,,,,,,,,,unknown_cross_layer_distribution_class,,False,False,False,False,False,insufficient_no_inter_region_projection_segments,"minimum_mappable_segments,minimum_unique_probes,minimum_unique_probe_asns,maximum_country_fallback_share",0.0,0.0,,,probe_country_service
HU,B-Root,resolved_entry_only,,,0.0,,,,,,,,,,,,,,,,,unknown_cross_layer_distribution_class,,False,False,False,False,False,insufficient_no_inter_region_projection_segments,"minimum_mappable_segments,minimum_unique_probes,minimum_unique_probe_asns,maximum_country_fallback_share",0.0,0.0,,,probe_country_service
ID,B-Root,all_publicly_visible,5010,dns-root_b-root_msm5010_20260701T000000Z_010000Z.json,75.0,0.14666666666666667,0.28,0.37333333333333335,2.8715803163512525,0.8813674741802014,17.664912303034328,broad_network_transition_distribution,0.2,0.4,0.5066666666666667,2.3298588042515753,0.8403189357163094,10.276490433843355,-0.041048538463892004,0.041048538463892004,broad_corridor_observation_distribution,network_and_physical_both_broad,0.04,True,True,True,True,True,auditable,,45.0,36.0,0.4533333333333333,0.5466666666666666,probe_country_service
ID,B-Root,resolved_entry_only,,,0.0,,,,,,,,,,,,,,,,,unknown_cross_layer_distribution_class,,False,False,False,False,False,insufficient_no_inter_region_projection_segments,"minimum_mappable_segments,minimum_unique_probes,minimum_unique_probe_asns,maximum_country_fallback_share",0.0,0.0,,,probe_country_service
IE,B-Root,all_publicly_visible,,,0.0,,,,,,,,,,,,,,,,,unknown_cross_layer_distribution_class,,False,False,False,False,False,insufficient_no_inter_region_projection_segments,"minimum_mappable_segments,minimum_unique_probes,minimum_unique_probe_asns,maximum_country_fallback_share",0.0,0.0,,,probe_country_service
IE,B-Root,resolved_entry_only,,,0.0,,,,,,,,,,,,,,,,,unknown_cross_layer_distribution_class,,False,False,False,False,False,insufficient_no_inter_region_projection_segments,"minimum_mappable_segments,minimum_unique_probes,minimum_unique_probe_asns,maximum_country_fallback_share",0.0,0.0,,,probe_country_service
IL,B-Root,all_publicly_visible,5010,dns-root_b-root_msm5010_20260701T000000Z_010000Z.json,22.0,0.45454545454545453,0.6818181818181818,0.8636363636363636,1.3635646216442063,0.8472303349571049,3.910106539750976,weak_network_transition_concentration,0.22727272727272727,0.4242424242424242,0.6212121212121212,1.6067356851326513,0.998321011776489,4.986507102141703,0.15109067681938415,-0.15109067681938415,broad_corridor_observation_distribution,network_and_physical_both_broad,0.0,False,False,False,True,False,insufficient_minimum_mappable_segments,minimum_mappable_segments,13.0,7.0,0.8181818181818181,0.18181818181818185,probe_country_service
IL,B-Root,resolved_entry_only,,,0.0,,,,,,,,,,,,,,,,,unknown_cross_layer_distribution_class,,False,False,False,False,False,insufficient_no_inter_region_projection_segments,"minimum_mappable_segments,minimum_unique_probes,minimum_unique_probe_asns,maximum_country_fallback_share",0.0,0.0,,,probe_country_service
IM,B-Root,all_publicly_visible,5010,dns-root_b-root_msm5010_20260701T000000Z_010000Z.json,2.0,0.5,1.0,1.0,0.6931471805599453,1.0,2.0,moderate_network_transition_concentration,1.0,1.0,1.0,-0.0,0.0,1.0,-1.0,1.0,severe_corridor_observation_concentration,network_and_physical_both_concentrated,0.0,False,False,False,True,False,"insufficient_minimum_mappable_segments,minimum_unique_probes,minimum_unique_probe_asns","minimum_mappable_segments,minimum_unique_probes,minimum_unique_probe_asns",2.0,2.0,0.0,1.0,probe_country_service
IM,B-Root,resolved_entry_only,,,0.0,,,,,,,,,,,,,,,,,unknown_cross_layer_distribution_class,,False,False,False,False,False,insufficient_no_inter_region_projection_segments,"minimum_mappable_segments,minimum_unique_probes,minimum_unique_probe_asns,maximum_country_fallback_share",0.0,0.0,,,probe_country_service
IN,B-Root,all_publicly_visible,5010,dns-root_b-root_msm5010_20260701T000000Z_010000Z.json,42.0,0.40476190476190477,0.6428571428571428,0.7619047619047619,1.5539954137322813,0.8673013540158883,4.730332110769336,broad_network_transition_distribution,0.6190476190476191,0.8095238095238095,0.9285714285714286,1.1000618505384252,0.6835068579158179,3.0043518389788537,-0.18379449610007037,0.18379449610007037,moderate_corridor_observation_concentration,network_broad_physical_concentrated,0.35714285714285715,False,True,True,False,False,insufficient_maximum_country_fallback_share,maximum_country_fallback_share,41.0,18.0,0.11904761904761904,0.8809523809523809,probe_country_service
IN,B-Root,resolved_entry_only,,,0.0,,,,,,,,,,,,,,,,,unknown_cross_layer_distribution_class,,False,False,False,False,False,insufficient_no_inter_region_projection_segments,"minimum_mappable_segments,minimum_unique_probes,minimum_unique_probe_asns,maximum_country_fallback_share",0.0,0.0,,,probe_country_service
IQ,B-Root,all_publicly_visible,,,0.0,,,,,,,,,,,,,,,,,unknown_cross_layer_distribution_class,,False,False,False,False,False,insufficient_no_inter_region_projection_segments,"minimum_mappable_segments,minimum_unique_probes,minimum_unique_probe_asns,maximum_country_fallback_share",0.0,0.0,,,probe_country_service
IQ,B-Root,resolved_entry_only,,,0.0,,,,,,,,,,,,,,,,,unknown_cross_layer_distribution_class,,False,False,False,False,False,insufficient_no_inter_region_projection_segments,"minimum_mappable_segments,minimum_unique_probes,minimum_unique_probe_asns,maximum_country_fallback_share",0.0,0.0,,,probe_country_service
IR,B-Root,all_publicly_visible,,,0.0,,,,,,,,,,,,,,,,,unknown_cross_layer_distribution_class,,False,False,False,False,False,insufficient_no_inter_region_projection_segments,"minimum_mappable_segments,minimum_unique_probes,minimum_unique_probe_asns,maximum_country_fallback_share",0.0,0.0,,,probe_country_service
IR,B-Root,resolved_entry_only,,,0.0,,,,,,,,,,,,,,,,,unknown_cross_layer_distribution_class,,False,False,False,False,False,insufficient_no_inter_region_projection_segments,"minimum_mappable_segments,minimum_unique_probes,minimum_unique_probe_asns,maximum_country_fallback_share",0.0,0.0,,,probe_country_service
IS,B-Root,all_publicly_visible,,,0.0,,,,,,,,,,,,,,,,,unknown_cross_layer_distribution_class,,False,False,False,False,False,insufficient_no_inter_region_projection_segments,"minimum_mappable_segments,minimum_unique_probes,minimum_unique_probe_asns,maximum_country_fallback_share",0.0,0.0,,,probe_country_service
IS,B-Root,resolved_entry_only,,,0.0,,,,,,,,,,,,,,,,,unknown_cross_layer_distribution_class,,False,False,False,False,False,insufficient_no_inter_region_projection_segments,"minimum_mappable_segments,minimum_unique_probes,minimum_unique_probe_asns,maximum_country_fallback_share",0.0,0.0,,,probe_country_service
IT,B-Root,all_publicly_visible,5010,dns-root_b-root_msm5010_20260701T000000Z_010000Z.json,5.0,0.6,0.8,1.0,0.9502705392332347,0.8649735207179272,2.586409289858933,moderate_network_transition_concentration,0.4,0.6000000000000001,0.8,1.5519014979437442,0.8661327173632023,4.72043755647451,0.0011591966452750846,-0.0011591966452750846,weak_corridor_observation_concentration,network_and_physical_both_concentrated,0.0,False,False,False,True,False,"insufficient_minimum_mappable_segments,minimum_unique_probes","minimum_mappable_segments,minimum_unique_probes",3.0,3.0,0.6000000000000002,0.4000000000000001,probe_country_service
IT,B-Root,resolved_entry_only,,,0.0,,,,,,,,,,,,,,,,,unknown_cross_layer_distribution_class,,False,False,False,False,False,insufficient_no_inter_region_projection_segments,"minimum_mappable_segments,minimum_unique_probes,minimum_unique_probe_asns,maximum_country_fallback_share",0.0,0.0,,,probe_country_service
JO,B-Root,all_publicly_visible,,,0.0,,,,,,,,,,,,,,,,,unknown_cross_layer_distribution_class,,False,False,False,False,False,insufficient_no_inter_region_projection_segments,"minimum_mappable_segments,minimum_unique_probes,minimum_unique_probe_asns,maximum_country_fallback_share",0.0,0.0,,,probe_country_service
JO,B-Root,resolved_entry_only,,,0.0,,,,,,,,,,,,,,,,,unknown_cross_layer_distribution_class,,False,False,False,False,False,insufficient_no_inter_region_projection_segments,"minimum_mappable_segments,minimum_unique_probes,minimum_unique_probe_asns,maximum_country_fallback_share",0.0,0.0,,,probe_country_service
JP,B-Root,all_publicly_visible,5010,dns-root_b-root_msm5010_20260701T000000Z_010000Z.json,176.0,0.4375,0.5170454545454546,0.5625,2.531403391239148,0.6959019745746879,12.571135985094926,broad_network_transition_distribution,0.21875,0.4375,0.5928030303030303,2.051055274743959,0.6541409849598986,7.776102702865571,-0.04176098961478936,0.04176098961478936,broad_corridor_observation_distribution,network_and_physical_both_broad,0.03409090909090909,True,True,True,True,True,auditable,,120.0,65.0,0.47159090909090867,0.5284090909090907,probe_country_service
JP,B-Root,resolved_entry_only,,,0.0,,,,,,,,,,,,,,,,,unknown_cross_layer_distribution_class,,False,False,False,False,False,insufficient_no_inter_region_projection_segments,"minimum_mappable_segments,minimum_unique_probes,minimum_unique_probe_asns,maximum_country_fallback_share",0.0,0.0,,,probe_country_service
KE,B-Root,all_publicly_visible,5010,dns-root_b-root_msm5010_20260701T000000Z_010000Z.json,5.0,0.6,1.0,1.0,0.6730116670092565,0.9709505944546688,1.9601317042077895,moderate_network_transition_concentration,0.6,0.8,1.0,0.9502705392332347,0.8649735207179272,2.586409289858933,-0.10597707373674159,0.10597707373674159,moderate_corridor_observation_concentration,network_and_physical_both_concentrated,0.0,False,False,False,True,False,"insufficient_minimum_mappable_segments,minimum_unique_probes,minimum_unique_probe_asns","minimum_mappable_segments,minimum_unique_probes,minimum_unique_probe_asns",4.0,2.0,0.6,0.4,probe_country_service
KE,B-Root,resolved_entry_only,,,0.0,,,,,,,,,,,,,,,,,unknown_cross_layer_distribution_class,,False,False,False,False,False,insufficient_no_inter_region_projection_segments,"minimum_mappable_segments,minimum_unique_probes,minimum_unique_probe_asns,maximum_country_fallback_share",0.0,0.0,,,probe_country_service
KG,B-Root,all_publicly_visible,,,0.0,,,,,,,,,,,,,,,,,unknown_cross_layer_distribution_class,,False,False,False,False,False,insufficient_no_inter_region_projection_segments,"minimum_mappable_segments,minimum_unique_probes,minimum_unique_probe_asns,maximum_country_fallback_share",0.0,0.0,,,probe_country_service
KG,B-Root,resolved_entry_only,,,0.0,,,,,,,,,,,,,,,,,unknown_cross_layer_distribution_class,,False,False,False,False,False,insufficient_no_inter_region_projection_segments,"minimum_mappable_segments,minimum_unique_probes,minimum_unique_probe_asns,maximum_country_fallback_share",0.0,0.0,,,probe_country_service
KH,B-Root,all_publicly_visible,,,0.0,,,,,,,,,,,,,,,,,unknown_cross_layer_distribution_class,,False,False,False,False,False,insufficient_no_inter_region_projection_segments,"minimum_mappable_segments,minimum_unique_probes,minimum_unique_probe_asns,maximum_country_fallback_share",0.0,0.0,,,probe_country_service
KH,B-Root,resolved_entry_only,,,0.0,,,,,,,,,,,,,,,,,unknown_cross_layer_distribution_class,,False,False,False,False,False,insufficient_no_inter_region_projection_segments,"minimum_mappable_segments,minimum_unique_probes,minimum_unique_probe_asns,maximum_country_fallback_share",0.0,0.0,,,probe_country_service
KI,B-Root,all_publicly_visible,5010,dns-root_b-root_msm5010_20260701T000000Z_010000Z.json,4.0,1.0,1.0,1.0,-0.0,0.0,1.0,severe_network_transition_concentration,0.5,0.75,1.0,1.0397207708399179,0.946394630357186,2.82842712474619,0.946394630357186,-0.946394630357186,weak_corridor_observation_concentration,network_and_physical_both_concentrated,1.0,False,False,False,False,False,"insufficient_minimum_mappable_segments,minimum_unique_probes,minimum_unique_probe_asns,maximum_country_fallback_share","minimum_mappable_segments,minimum_unique_probes,minimum_unique_probe_asns,maximum_country_fallback_share",2.0,1.0,1.0,0.0,probe_country_service
KI,B-Root,resolved_entry_only,,,0.0,,,,,,,,,,,,,,,,,unknown_cross_layer_distribution_class,,False,False,False,False,False,insufficient_no_inter_region_projection_segments,"minimum_mappable_segments,minimum_unique_probes,minimum_unique_probe_asns,maximum_country_fallback_share",0.0,0.0,,,probe_country_service
KN,B-Root,all_publicly_visible,5010,dns-root_b-root_msm5010_20260701T000000Z_010000Z.json,1.0,1.0,1.0,1.0,-0.0,0.0,1.0,severe_network_transition_concentration,1.0,1.0,1.0,-0.0,0.0,1.0,0.0,0.0,severe_corridor_observation_concentration,network_and_physical_both_concentrated,0.0,False,False,False,True,False,"insufficient_minimum_mappable_segments,minimum_unique_probes,minimum_unique_probe_asns","minimum_mappable_segments,minimum_unique_probes,minimum_unique_probe_asns",1.0,1.0,1.0,0.0,probe_country_service
KN,B-Root,resolved_entry_only,,,0.0,,,,,,,,,,,,,,,,,unknown_cross_layer_distribution_class,,False,False,False,False,False,insufficient_no_inter_region_projection_segments,"minimum_mappable_segments,minimum_unique_probes,minimum_unique_probe_asns,maximum_country_fallback_share",0.0,0.0,,,probe_country_service
KR,B-Root,all_publicly_visible,5010,dns-root_b-root_msm5010_20260701T000000Z_010000Z.json,3.0,0.6666666666666666,1.0,1.0,0.6365141682948128,0.9182958340544894,1.8898815748423097,moderate_network_transition_concentration,0.5,1.0,1.0,0.6931471805599453,1.0,2.0,0.08170416594551055,-0.08170416594551055,moderate_corridor_observation_concentration,network_and_physical_both_concentrated,0.0,False,False,False,True,False,"insufficient_minimum_mappable_segments,minimum_unique_probes,minimum_unique_probe_asns","minimum_mappable_segments,minimum_unique_probes,minimum_unique_probe_asns",3.0,2.0,0.0,1.0,probe_country_service
KR,B-Root,resolved_entry_only,,,0.0,,,,,,,,,,,,,,,,,unknown_cross_layer_distribution_class,,False,False,False,False,False,insufficient_no_inter_region_projection_segments,"minimum_mappable_segments,minimum_unique_probes,minimum_unique_probe_asns,maximum_country_fallback_share",0.0,0.0,,,probe_country_service
KW,B-Root,all_publicly_visible,,,0.0,,,,,,,,,,,,,,,,,unknown_cross_layer_distribution_class,,False,False,False,False,False,insufficient_no_inter_region_projection_segments,"minimum_mappable_segments,minimum_unique_probes,minimum_unique_probe_asns,maximum_country_fallback_share",0.0,0.0,,,probe_country_service
KW,B-Root,resolved_entry_only,,,0.0,,,,,,,,,,,,,,,,,unknown_cross_layer_distribution_class,,False,False,False,False,False,insufficient_no_inter_region_projection_segments,"minimum_mappable_segments,minimum_unique_probes,minimum_unique_probe_asns,maximum_country_fallback_share",0.0,0.0,,,probe_country_service
KY,B-Root,all_publicly_visible,5010,dns-root_b-root_msm5010_20260701T000000Z_010000Z.json,1.0,1.0,1.0,1.0,-0.0,0.0,1.0,severe_network_transition_concentration,1.0,1.0,1.0,-0.0,0.0,1.0,0.0,0.0,severe_corridor_observation_concentration,network_and_physical_both_concentrated,0.0,False,False,False,True,False,"insufficient_minimum_mappable_segments,minimum_unique_probes,minimum_unique_probe_asns","minimum_mappable_segments,minimum_unique_probes,minimum_unique_probe_asns",1.0,1.0,0.0,1.0,probe_country_service
KY,B-Root,resolved_entry_only,,,0.0,,,,,,,,,,,,,,,,,unknown_cross_layer_distribution_class,,False,False,False,False,False,insufficient_no_inter_region_projection_segments,"minimum_mappable_segments,minimum_unique_probes,minimum_unique_probe_asns,maximum_country_fallback_share",0.0,0.0,,,probe_country_service
KZ,B-Root,all_publicly_visible,,,0.0,,,,,,,,,,,,,,,,,unknown_cross_layer_distribution_class,,False,False,False,False,False,insufficient_no_inter_region_projection_segments,"minimum_mappable_segments,minimum_unique_probes,minimum_unique_probe_asns,maximum_country_fallback_share",0.0,0.0,,,probe_country_service
KZ,B-Root,resolved_entry_only,,,0.0,,,,,,,,,,,,,,,,,unknown_cross_layer_distribution_class,,False,False,False,False,False,insufficient_no_inter_region_projection_segments,"minimum_mappable_segments,minimum_unique_probes,minimum_unique_probe_asns,maximum_country_fallback_share",0.0,0.0,,,probe_country_service
LA,B-Root,all_publicly_visible,5010,dns-root_b-root_msm5010_20260701T000000Z_010000Z.json,1.0,1.0,1.0,1.0,-0.0,0.0,1.0,severe_network_transition_concentration,1.0,1.0,1.0,-0.0,0.0,1.0,0.0,0.0,severe_corridor_observation_concentration,network_and_physical_both_concentrated,0.0,False,False,False,True,False,"insufficient_minimum_mappable_segments,minimum_unique_probes,minimum_unique_probe_asns","minimum_mappable_segments,minimum_unique_probes,minimum_unique_probe_asns",1.0,1.0,0.0,1.0,probe_country_service
LA,B-Root,resolved_entry_only,,,0.0,,,,,,,,,,,,,,,,,unknown_cross_layer_distribution_class,,False,False,False,False,False,insufficient_no_inter_region_projection_segments,"minimum_mappable_segments,minimum_unique_probes,minimum_unique_probe_asns,maximum_country_fallback_share",0.0,0.0,,,probe_country_service
LB,B-Root,all_publicly_visible,,,0.0,,,,,,,,,,,,,,,,,unknown_cross_layer_distribution_class,,False,False,False,False,False,insufficient_no_inter_region_projection_segments,"minimum_mappable_segments,minimum_unique_probes,minimum_unique_probe_asns,maximum_country_fallback_share",0.0,0.0,,,probe_country_service
LB,B-Root,resolved_entry_only,,,0.0,,,,,,,,,,,,,,,,,unknown_cross_layer_distribution_class,,False,False,False,False,False,insufficient_no_inter_region_projection_segments,"minimum_mappable_segments,minimum_unique_probes,minimum_unique_probe_asns,maximum_country_fallback_share",0.0,0.0,,,probe_country_service
LC,B-Root,all_publicly_visible,5010,dns-root_b-root_msm5010_20260701T000000Z_010000Z.json,4.0,0.5,1.0,1.0,0.6931471805599453,1.0,2.0,moderate_network_transition_concentration,0.125,0.25,0.375,2.4260151319598084,0.9763003097789544,11.31370849898476,-0.023699690221045566,0.023699690221045566,broad_corridor_observation_distribution,network_concentrated_physical_broad,0.0,False,False,False,True,False,"insufficient_minimum_mappable_segments,minimum_unique_probes,minimum_unique_probe_asns","minimum_mappable_segments,minimum_unique_probes,minimum_unique_probe_asns",2.0,2.0,0.5,0.5,probe_country_service
LC,B-Root,resolved_entry_only,,,0.0,,,,,,,,,,,,,,,,,unknown_cross_layer_distribution_class,,False,False,False,False,False,insufficient_no_inter_region_projection_segments,"minimum_mappable_segments,minimum_unique_probes,minimum_unique_probe_asns,maximum_country_fallback_share",0.0,0.0,,,probe_country_service
LI,B-Root,all_publicly_visible,,,0.0,,,,,,,,,,,,,,,,,unknown_cross_layer_distribution_class,,False,False,False,False,False,insufficient_no_inter_region_projection_segments,"minimum_mappable_segments,minimum_unique_probes,minimum_unique_probe_asns,maximum_country_fallback_share",0.0,0.0,,,probe_country_service
LI,B-Root,resolved_entry_only,,,0.0,,,,,,,,,,,,,,,,,unknown_cross_layer_distribution_class,,False,False,False,False,False,insufficient_no_inter_region_projection_segments,"minimum_mappable_segments,minimum_unique_probes,minimum_unique_probe_asns,maximum_country_fallback_share",0.0,0.0,,,probe_country_service
LK,B-Root,all_publicly_visible,5010,dns-root_b-root_msm5010_20260701T000000Z_010000Z.json,8.0,0.5,0.875,1.0,0.9743147528693494,0.8868595071429147,2.649351128562104,moderate_network_transition_concentration,0.5,0.875,1.0,0.9743147528693494,0.8868595071429147,2.649351128562104,0.0,0.0,moderate_corridor_observation_concentration,network_and_physical_both_concentrated,0.0,False,False,False,True,False,"insufficient_minimum_mappable_segments,minimum_unique_probes","minimum_mappable_segments,minimum_unique_probes",7.0,4.0,0.0,1.0,probe_country_service
LK,B-Root,resolved_entry_only,,,0.0,,,,,,,,,,,,,,,,,unknown_cross_layer_distribution_class,,False,False,False,False,False,insufficient_no_inter_region_projection_segments,"minimum_mappable_segments,minimum_unique_probes,minimum_unique_probe_asns,maximum_country_fallback_share",0.0,0.0,,,probe_country_service
LS,B-Root,all_publicly_visible,,,0.0,,,,,,,,,,,,,,,,,unknown_cross_layer_distribution_class,,False,False,False,False,False,insufficient_no_inter_region_projection_segments,"minimum_mappable_segments,minimum_unique_probes,minimum_unique_probe_asns,maximum_country_fallback_share",0.0,0.0,,,probe_country_service
LS,B-Root,resolved_entry_only,,,0.0,,,,,,,,,,,,,,,,,unknown_cross_layer_distribution_class,,False,False,False,False,False,insufficient_no_inter_region_projection_segments,"minimum_mappable_segments,minimum_unique_probes,minimum_unique_probe_asns,maximum_country_fallback_share",0.0,0.0,,,probe_country_service
LT,B-Root,all_publicly_visible,,,0.0,,,,,,,,,,,,,,,,,unknown_cross_layer_distribution_class,,False,False,False,False,False,insufficient_no_inter_region_projection_segments,"minimum_mappable_segments,minimum_unique_probes,minimum_unique_probe_asns,maximum_country_fallback_share",0.0,0.0,,,probe_country_service
LT,B-Root,resolved_entry_only,,,0.0,,,,,,,,,,,,,,,,,unknown_cross_layer_distribution_class,,False,False,False,False,False,insufficient_no_inter_region_projection_segments,"minimum_mappable_segments,minimum_unique_probes,minimum_unique_probe_asns,maximum_country_fallback_share",0.0,0.0,,,probe_country_service
LU,B-Root,all_publicly_visible,5010,dns-root_b-root_msm5010_20260701T000000Z_010000Z.json,2.0,1.0,1.0,1.0,-0.0,0.0,1.0,severe_network_transition_concentration,1.0,1.0,1.0,-0.0,0.0,1.0,0.0,0.0,severe_corridor_observation_concentration,network_and_physical_both_concentrated,0.0,False,False,False,True,False,"insufficient_minimum_mappable_segments,minimum_unique_probes,minimum_unique_probe_asns","minimum_mappable_segments,minimum_unique_probes,minimum_unique_probe_asns",2.0,2.0,0.0,1.0,probe_country_service
LU,B-Root,resolved_entry_only,,,0.0,,,,,,,,,,,,,,,,,unknown_cross_layer_distribution_class,,False,False,False,False,False,insufficient_no_inter_region_projection_segments,"minimum_mappable_segments,minimum_unique_probes,minimum_unique_probe_asns,maximum_country_fallback_share",0.0,0.0,,,probe_country_service
LV,B-Root,all_publicly_visible,,,0.0,,,,,,,,,,,,,,,,,unknown_cross_layer_distribution_class,,False,False,False,False,False,insufficient_no_inter_region_projection_segments,"minimum_mappable_segments,minimum_unique_probes,minimum_unique_probe_asns,maximum_country_fallback_share",0.0,0.0,,,probe_country_service
LV,B-Root,resolved_entry_only,,,0.0,,,,,,,,,,,,,,,,,unknown_cross_layer_distribution_class,,False,False,False,False,False,insufficient_no_inter_region_projection_segments,"minimum_mappable_segments,minimum_unique_probes,minimum_unique_probe_asns,maximum_country_fallback_share",0.0,0.0,,,probe_country_service
MA,B-Root,all_publicly_visible,,,0.0,,,,,,,,,,,,,,,,,unknown_cross_layer_distribution_class,,False,False,False,False,False,insufficient_no_inter_region_projection_segments,"minimum_mappable_segments,minimum_unique_probes,minimum_unique_probe_asns,maximum_country_fallback_share",0.0,0.0,,,probe_country_service
MA,B-Root,resolved_entry_only,,,0.0,,,,,,,,,,,,,,,,,unknown_cross_layer_distribution_class,,False,False,False,False,False,insufficient_no_inter_region_projection_segments,"minimum_mappable_segments,minimum_unique_probes,minimum_unique_probe_asns,maximum_country_fallback_share",0.0,0.0,,,probe_country_service
MD,B-Root,all_publicly_visible,,,0.0,,,,,,,,,,,,,,,,,unknown_cross_layer_distribution_class,,False,False,False,False,False,insufficient_no_inter_region_projection_segments,"minimum_mappable_segments,minimum_unique_probes,minimum_unique_probe_asns,maximum_country_fallback_share",0.0,0.0,,,probe_country_service
MD,B-Root,resolved_entry_only,,,0.0,,,,,,,,,,,,,,,,,unknown_cross_layer_distribution_class,,False,False,False,False,False,insufficient_no_inter_region_projection_segments,"minimum_mappable_segments,minimum_unique_probes,minimum_unique_probe_asns,maximum_country_fallback_share",0.0,0.0,,,probe_country_service
ME,B-Root,all_publicly_visible,5010,dns-root_b-root_msm5010_20260701T000000Z_010000Z.json,1.0,1.0,1.0,1.0,-0.0,0.0,1.0,severe_network_transition_concentration,1.0,1.0,1.0,-0.0,0.0,1.0,0.0,0.0,severe_corridor_observation_concentration,network_and_physical_both_concentrated,0.0,False,False,False,True,False,"insufficient_minimum_mappable_segments,minimum_unique_probes,minimum_unique_probe_asns","minimum_mappable_segments,minimum_unique_probes,minimum_unique_probe_asns",1.0,1.0,1.0,0.0,probe_country_service
ME,B-Root,resolved_entry_only,,,0.0,,,,,,,,,,,,,,,,,unknown_cross_layer_distribution_class,,False,False,False,False,False,insufficient_no_inter_region_projection_segments,"minimum_mappable_segments,minimum_unique_probes,minimum_unique_probe_asns,maximum_country_fallback_share",0.0,0.0,,,probe_country_service
MG,B-Root,all_publicly_visible,,,0.0,,,,,,,,,,,,,,,,,unknown_cross_layer_distribution_class,,False,False,False,False,False,insufficient_no_inter_region_projection_segments,"minimum_mappable_segments,minimum_unique_probes,minimum_unique_probe_asns,maximum_country_fallback_share",0.0,0.0,,,probe_country_service
MG,B-Root,resolved_entry_only,,,0.0,,,,,,,,,,,,,,,,,unknown_cross_layer_distribution_class,,False,False,False,False,False,insufficient_no_inter_region_projection_segments,"minimum_mappable_segments,minimum_unique_probes,minimum_unique_probe_asns,maximum_country_fallback_share",0.0,0.0,,,probe_country_service
MH,B-Root,all_publicly_visible,,,0.0,,,,,,,,,,,,,,,,,unknown_cross_layer_distribution_class,,False,False,False,False,False,insufficient_no_inter_region_projection_segments,"minimum_mappable_segments,minimum_unique_probes,minimum_unique_probe_asns,maximum_country_fallback_share",0.0,0.0,,,probe_country_service
MH,B-Root,resolved_entry_only,,,0.0,,,,,,,,,,,,,,,,,unknown_cross_layer_distribution_class,,False,False,False,False,False,insufficient_no_inter_region_projection_segments,"minimum_mappable_segments,minimum_unique_probes,minimum_unique_probe_asns,maximum_country_fallback_share",0.0,0.0,,,probe_country_service
MK,B-Root,all_publicly_visible,,,0.0,,,,,,,,,,,,,,,,,unknown_cross_layer_distribution_class,,False,False,False,False,False,insufficient_no_inter_region_projection_segments,"minimum_mappable_segments,minimum_unique_probes,minimum_unique_probe_asns,maximum_country_fallback_share",0.0,0.0,,,probe_country_service
MK,B-Root,resolved_entry_only,,,0.0,,,,,,,,,,,,,,,,,unknown_cross_layer_distribution_class,,False,False,False,False,False,insufficient_no_inter_region_projection_segments,"minimum_mappable_segments,minimum_unique_probes,minimum_unique_probe_asns,maximum_country_fallback_share",0.0,0.0,,,probe_country_service
ML,B-Root,all_publicly_visible,5010,dns-root_b-root_msm5010_20260701T000000Z_010000Z.json,2.0,0.5,1.0,1.0,0.6931471805599453,1.0,2.0,moderate_network_transition_concentration,0.5,1.0,1.0,0.6931471805599453,1.0,2.0,0.0,0.0,moderate_corridor_observation_concentration,network_and_physical_both_concentrated,0.0,False,False,False,True,False,"insufficient_minimum_mappable_segments,minimum_unique_probes,minimum_unique_probe_asns","minimum_mappable_segments,minimum_unique_probes,minimum_unique_probe_asns",1.0,1.0,0.5,0.5,probe_country_service
ML,B-Root,resolved_entry_only,,,0.0,,,,,,,,,,,,,,,,,unknown_cross_layer_distribution_class,,False,False,False,False,False,insufficient_no_inter_region_projection_segments,"minimum_mappable_segments,minimum_unique_probes,minimum_unique_probe_asns,maximum_country_fallback_share",0.0,0.0,,,probe_country_service
MM,B-Root,all_publicly_visible,5010,dns-root_b-root_msm5010_20260701T000000Z_010000Z.json,5.0,0.6,1.0,1.0,0.6730116670092565,0.9709505944546688,1.9601317042077895,moderate_network_transition_concentration,0.4,0.7,1.0,1.0888999753452238,0.9911594714322187,2.971004096610006,0.020208876977549917,-0.020208876977549917,weak_corridor_observation_concentration,network_and_physical_both_concentrated,0.0,False,False,False,True,False,"insufficient_minimum_mappable_segments,minimum_unique_probes","minimum_mappable_segments,minimum_unique_probes",3.0,3.0,0.0,1.0,probe_country_service
MM,B-Root,resolved_entry_only,,,0.0,,,,,,,,,,,,,,,,,unknown_cross_layer_distribution_class,,False,False,False,False,False,insufficient_no_inter_region_projection_segments,"minimum_mappable_segments,minimum_unique_probes,minimum_unique_probe_asns,maximum_country_fallback_share",0.0,0.0,,,probe_country_service
MN,B-Root,all_publicly_visible,5010,dns-root_b-root_msm5010_20260701T000000Z_010000Z.json,7.0,1.0,1.0,1.0,-0.0,0.0,1.0,severe_network_transition_concentration,0.5714285714285714,1.0,1.0,0.6829081047004717,0.9852281360342515,1.9796263300525183,0.9852281360342515,-0.9852281360342515,moderate_corridor_observation_concentration,network_and_physical_both_concentrated,0.0,False,False,False,True,False,"insufficient_minimum_mappable_segments,minimum_unique_probes","minimum_mappable_segments,minimum_unique_probes",5.0,5.0,0.0,1.0,probe_country_service
MN,B-Root,resolved_entry_only,,,0.0,,,,,,,,,,,,,,,,,unknown_cross_layer_distribution_class,,False,False,False,False,False,insufficient_no_inter_region_projection_segments,"minimum_mappable_segments,minimum_unique_probes,minimum_unique_probe_asns,maximum_country_fallback_share",0.0,0.0,,,probe_country_service
MP,B-Root,all_publicly_visible,5010,dns-root_b-root_msm5010_20260701T000000Z_010000Z.json,2.0,1.0,1.0,1.0,-0.0,0.0,1.0,severe_network_transition_concentration,0.5,0.75,1.0,1.0397207708399179,0.946394630357186,2.82842712474619,0.946394630357186,-0.946394630357186,weak_corridor_observation_concentration,network_and_physical_both_concentrated,0.0,False,False,False,True,False,"insufficient_minimum_mappable_segments,minimum_unique_probes,minimum_unique_probe_asns","minimum_mappable_segments,minimum_unique_probes,minimum_unique_probe_asns",1.0,1.0,0.0,1.0,probe_country_service
MP,B-Root,resolved_entry_only,,,0.0,,,,,,,,,,,,,,,,,unknown_cross_layer_distribution_class,,False,False,False,False,False,insufficient_no_inter_region_projection_segments,"minimum_mappable_segments,minimum_unique_probes,minimum_unique_probe_asns,maximum_country_fallback_share",0.0,0.0,,,probe_country_service
MT,B-Root,all_publicly_visible,5010,dns-root_b-root_msm5010_20260701T000000Z_010000Z.json,13.0,0.3076923076923077,0.5384615384615385,0.6923076923076923,1.7782333057997077,0.9138311481971518,5.91938942435933,broad_network_transition_distribution,0.8461538461538461,0.9230769230769231,1.0,0.5359610497090694,0.4878527713892913,1.7090899736570637,-0.42597837680786055,0.42597837680786055,severe_corridor_observation_concentration,network_broad_physical_concentrated,0.0,False,False,False,True,False,"insufficient_minimum_mappable_segments,minimum_unique_probes,minimum_unique_probe_asns","minimum_mappable_segments,minimum_unique_probes,minimum_unique_probe_asns",8.0,2.0,0.8461538461538461,0.15384615384615385,probe_country_service
MT,B-Root,resolved_entry_only,,,0.0,,,,,,,,,,,,,,,,,unknown_cross_layer_distribution_class,,False,False,False,False,False,insufficient_no_inter_region_projection_segments,"minimum_mappable_segments,minimum_unique_probes,minimum_unique_probe_asns,maximum_country_fallback_share",0.0,0.0,,,probe_country_service
MU,B-Root,all_publicly_visible,5010,dns-root_b-root_msm5010_20260701T000000Z_010000Z.json,1.0,1.0,1.0,1.0,-0.0,0.0,1.0,severe_network_transition_concentration,1.0,1.0,1.0,-0.0,0.0,1.0,0.0,0.0,severe_corridor_observation_concentration,network_and_physical_both_concentrated,0.0,False,False,False,True,False,"insufficient_minimum_mappable_segments,minimum_unique_probes,minimum_unique_probe_asns","minimum_mappable_segments,minimum_unique_probes,minimum_unique_probe_asns",1.0,1.0,0.0,1.0,probe_country_service
MU,B-Root,resolved_entry_only,,,0.0,,,,,,,,,,,,,,,,,unknown_cross_layer_distribution_class,,False,False,False,False,False,insufficient_no_inter_region_projection_segments,"minimum_mappable_segments,minimum_unique_probes,minimum_unique_probe_asns,maximum_country_fallback_share",0.0,0.0,,,probe_country_service
MV,B-Root,all_publicly_visible,5010,dns-root_b-root_msm5010_20260701T000000Z_010000Z.json,6.0,0.6666666666666666,0.8333333333333333,1.0,0.8675632284814613,0.7896900821428475,2.3811015779522995,moderate_network_transition_concentration,0.6666666666666666,0.8333333333333333,1.0,0.8675632284814613,0.7896900821428475,2.3811015779522995,0.0,0.0,moderate_corridor_observation_concentration,network_and_physical_both_concentrated,0.0,False,False,False,True,False,"insufficient_minimum_mappable_segments,minimum_unique_probes,minimum_unique_probe_asns","minimum_mappable_segments,minimum_unique_probes,minimum_unique_probe_asns",5.0,2.0,0.0,1.0,probe_country_service
MV,B-Root,resolved_entry_only,,,0.0,,,,,,,,,,,,,,,,,unknown_cross_layer_distribution_class,,False,False,False,False,False,insufficient_no_inter_region_projection_segments,"minimum_mappable_segments,minimum_unique_probes,minimum_unique_probe_asns,maximum_country_fallback_share",0.0,0.0,,,probe_country_service
MW,B-Root,all_publicly_visible,,,0.0,,,,,,,,,,,,,,,,,unknown_cross_layer_distribution_class,,False,False,False,False,False,insufficient_no_inter_region_projection_segments,"minimum_mappable_segments,minimum_unique_probes,minimum_unique_probe_asns,maximum_country_fallback_share",0.0,0.0,,,probe_country_service
MW,B-Root,resolved_entry_only,,,0.0,,,,,,,,,,,,,,,,,unknown_cross_layer_distribution_class,,False,False,False,False,False,insufficient_no_inter_region_projection_segments,"minimum_mappable_segments,minimum_unique_probes,minimum_unique_probe_asns,maximum_country_fallback_share",0.0,0.0,,,probe_country_service
MX,B-Root,all_publicly_visible,5010,dns-root_b-root_msm5010_20260701T000000Z_010000Z.json,3.0,0.6666666666666666,1.0,1.0,0.6365141682948128,0.9182958340544894,1.8898815748423097,moderate_network_transition_concentration,0.6666666666666666,1.0,1.0,0.6365141682948128,0.9182958340544894,1.8898815748423097,0.0,0.0,moderate_corridor_observation_concentration,network_and_physical_both_concentrated,0.0,False,False,False,True,False,"insufficient_minimum_mappable_segments,minimum_unique_probes","minimum_mappable_segments,minimum_unique_probes",3.0,3.0,0.0,1.0,probe_country_service
MX,B-Root,resolved_entry_only,,,0.0,,,,,,,,,,,,,,,,,unknown_cross_layer_distribution_class,,False,False,False,False,False,insufficient_no_inter_region_projection_segments,"minimum_mappable_segments,minimum_unique_probes,minimum_unique_probe_asns,maximum_country_fallback_share",0.0,0.0,,,probe_country_service
MY,B-Root,all_publicly_visible,5010,dns-root_b-root_msm5010_20260701T000000Z_010000Z.json,20.0,0.65,0.75,0.8500000000000001,1.189885755092003,0.6640878842988017,3.2867056965435113,weak_network_transition_concentration,0.95,0.96,0.97,0.2789871389675776,0.15570568692893463,1.3217903441717505,-0.5083821973698671,0.5083821973698671,severe_corridor_observation_concentration,network_broad_physical_concentrated,0.0,False,False,False,True,False,insufficient_minimum_mappable_segments,minimum_mappable_segments,16.0,11.0,0.0,1.0,probe_country_service
MY,B-Root,resolved_entry_only,,,0.0,,,,,,,,,,,,,,,,,unknown_cross_layer_distribution_class,,False,False,False,False,False,insufficient_no_inter_region_projection_segments,"minimum_mappable_segments,minimum_unique_probes,minimum_unique_probe_asns,maximum_country_fallback_share",0.0,0.0,,,probe_country_service
MZ,B-Root,all_publicly_visible,,,0.0,,,,,,,,,,,,,,,,,unknown_cross_layer_distribution_class,,False,False,False,False,False,insufficient_no_inter_region_projection_segments,"minimum_mappable_segments,minimum_unique_probes,minimum_unique_probe_asns,maximum_country_fallback_share",0.0,0.0,,,probe_country_service
MZ,B-Root,resolved_entry_only,,,0.0,,,,,,,,,,,,,,,,,unknown_cross_layer_distribution_class,,False,False,False,False,False,insufficient_no_inter_region_projection_segments,"minimum_mappable_segments,minimum_unique_probes,minimum_unique_probe_asns,maximum_country_fallback_share",0.0,0.0,,,probe_country_service
NA,B-Root,all_publicly_visible,5010,dns-root_b-root_msm5010_20260701T000000Z_010000Z.json,480.0,0.2708333333333333,0.4083333333333333,0.48125,3.4356885665018164,0.7214538178450061,31.052787114779527,broad_network_transition_distribution,0.075,0.13958333333333334,0.20416666666666666,4.100272081573139,0.8150924721953781,60.356707311384625,0.093638654350372,-0.093638654350372,broad_corridor_observation_distribution,network_and_physical_both_broad,0.075,False,False,False,True,False,insufficient_minimum_unique_probe_asns,minimum_unique_probe_asns,305.0,0.0,0.39166666666666666,0.6083333333333333,probe_country_service
NA,B-Root,resolved_entry_only,,,0.0,,,,,,,,,,,,,,,,,unknown_cross_layer_distribution_class,,False,False,False,False,False,insufficient_no_inter_region_projection_segments,"minimum_mappable_segments,minimum_unique_probes,minimum_unique_probe_asns,maximum_country_fallback_share",0.0,0.0,,,probe_country_service
NC,B-Root,all_publicly_visible,5010,dns-root_b-root_msm5010_20260701T000000Z_010000Z.json,9.0,0.6666666666666666,1.0,1.0,0.6365141682948128,0.9182958340544894,1.8898815748423097,moderate_network_transition_concentration,0.6666666666666666,1.0,1.0,0.6365141682948128,0.9182958340544894,1.8898815748423097,0.0,0.0,moderate_corridor_observation_concentration,network_and_physical_both_concentrated,0.3333333333333333,False,False,False,False,False,"insufficient_minimum_mappable_segments,minimum_unique_probes,minimum_unique_probe_asns,maximum_country_fallback_share","minimum_mappable_segments,minimum_unique_probes,minimum_unique_probe_asns,maximum_country_fallback_share",5.0,2.0,0.3333333333333333,0.6666666666666666,probe_country_service
NC,B-Root,resolved_entry_only,,,0.0,,,,,,,,,,,,,,,,,unknown_cross_layer_distribution_class,,False,False,False,False,False,insufficient_no_inter_region_projection_segments,"minimum_mappable_segments,minimum_unique_probes,minimum_unique_probe_asns,maximum_country_fallback_share",0.0,0.0,,,probe_country_service
NG,B-Root,all_publicly_visible,5010,dns-root_b-root_msm5010_20260701T000000Z_010000Z.json,10.0,0.5,0.7,0.8,1.3592367006650063,0.8445412464587144,3.8932204747617334,weak_network_transition_concentration,0.3,0.6,0.8,1.5047882836811908,0.9349775297671233,4.503200128402044,0.09043628330840892,-0.09043628330840892,weak_corridor_observation_concentration,network_and_physical_both_concentrated,0.0,False,False,False,True,False,"insufficient_minimum_mappable_segments,minimum_unique_probes","minimum_mappable_segments,minimum_unique_probes",7.0,5.0,0.0,1.0,probe_country_service
NG,B-Root,resolved_entry_only,,,0.0,,,,,,,,,,,,,,,,,unknown_cross_layer_distribution_class,,False,False,False,False,False,insufficient_no_inter_region_projection_segments,"minimum_mappable_segments,minimum_unique_probes,minimum_unique_probe_asns,maximum_country_fallback_share",0.0,0.0,,,probe_country_service
NI,B-Root,all_publicly_visible,,,0.0,,,,,,,,,,,,,,,,,unknown_cross_layer_distribution_class,,False,False,False,False,False,insufficient_no_inter_region_projection_segments,"minimum_mappable_segments,minimum_unique_probes,minimum_unique_probe_asns,maximum_country_fallback_share",0.0,0.0,,,probe_country_service
NI,B-Root,resolved_entry_only,,,0.0,,,,,,,,,,,,,,,,,unknown_cross_layer_distribution_class,,False,False,False,False,False,insufficient_no_inter_region_projection_segments,"minimum_mappable_segments,minimum_unique_probes,minimum_unique_probe_asns,maximum_country_fallback_share",0.0,0.0,,,probe_country_service
NL,B-Root,all_publicly_visible,5010,dns-root_b-root_msm5010_20260701T000000Z_010000Z.json,212.0,0.9009433962264151,0.9575471698113207,0.9858490566037735,0.42668082311139677,0.265111701305761,1.5321635524764765,severe_network_transition_concentration,0.9669811320754716,0.9905660377358491,0.9929245283018867,0.17791674200963373,0.09929722435695329,1.1947258466208017,-0.16581447694880772,0.16581447694880772,severe_corridor_observation_concentration,network_and_physical_both_concentrated,0.0,True,True,True,True,True,auditable,,202.0,36.0,0.02830188679245283,0.9716981132075472,probe_country_service
NL,B-Root,resolved_entry_only,,,0.0,,,,,,,,,,,,,,,,,unknown_cross_layer_distribution_class,,False,False,False,False,False,insufficient_no_inter_region_projection_segments,"minimum_mappable_segments,minimum_unique_probes,minimum_unique_probe_asns,maximum_country_fallback_share",0.0,0.0,,,probe_country_service
NO,B-Root,all_publicly_visible,5010,dns-root_b-root_msm5010_20260701T000000Z_010000Z.json,58.0,0.41379310344827586,0.46551724137931033,0.5172413793103449,2.3597972902629234,0.7877196874683914,10.588804781032415,broad_network_transition_distribution,0.16666666666666666,0.2959770114942529,0.34770114942528735,3.132555635763778,0.8229139421164667,22.93251186440953,0.03519425464807535,-0.03519425464807535,broad_corridor_observation_distribution,network_and_physical_both_broad,0.0,True,True,True,True,True,auditable,,40.0,17.0,0.8793103448275862,0.1206896551724138,probe_country_service
NO,B-Root,resolved_entry_only,,,0.0,,,,,,,,,,,,,,,,,unknown_cross_layer_distribution_class,,False,False,False,False,False,insufficient_no_inter_region_projection_segments,"minimum_mappable_segments,minimum_unique_probes,minimum_unique_probe_asns,maximum_country_fallback_share",0.0,0.0,,,probe_country_service
NP,B-Root,all_publicly_visible,5010,dns-root_b-root_msm5010_20260701T000000Z_010000Z.json,2.0,0.5,1.0,1.0,0.6931471805599453,1.0,2.0,moderate_network_transition_concentration,0.5,1.0,1.0,0.6931471805599453,1.0,2.0,0.0,0.0,moderate_corridor_observation_concentration,network_and_physical_both_concentrated,0.5,False,False,False,False,False,"insufficient_minimum_mappable_segments,minimum_unique_probes,minimum_unique_probe_asns,maximum_country_fallback_share","minimum_mappable_segments,minimum_unique_probes,minimum_unique_probe_asns,maximum_country_fallback_share",2.0,2.0,0.5,0.5,probe_country_service
NP,B-Root,resolved_entry_only,,,0.0,,,,,,,,,,,,,,,,,unknown_cross_layer_distribution_class,,False,False,False,False,False,insufficient_no_inter_region_projection_segments,"minimum_mappable_segments,minimum_unique_probes,minimum_unique_probe_asns,maximum_country_fallback_share",0.0,0.0,,,probe_country_service
NZ,B-Root,all_publicly_visible,5010,dns-root_b-root_msm5010_20260701T000000Z_010000Z.json,188.0,0.4946808510638298,0.6382978723404256,0.7446808510638299,1.7317537077193506,0.6751609744970645,5.650554645691931,broad_network_transition_distribution,0.32978723404255317,0.4361702127659574,0.5345744680851063,2.151244691886226,0.8151564832431474,8.595550553609028,0.1399955087460829,-0.1399955087460829,broad_corridor_observation_distribution,network_and_physical_both_broad,0.031914893617021274,True,True,True,True,True,auditable,,60.0,17.0,0.6117021276595744,0.3882978723404255,probe_country_service
NZ,B-Root,resolved_entry_only,,,0.0,,,,,,,,,,,,,,,,,unknown_cross_layer_distribution_class,,False,False,False,False,False,insufficient_no_inter_region_projection_segments,"minimum_mappable_segments,minimum_unique_probes,minimum_unique_probe_asns,maximum_country_fallback_share",0.0,0.0,,,probe_country_service
OM,B-Root,all_publicly_visible,,,0.0,,,,,,,,,,,,,,,,,unknown_cross_layer_distribution_class,,False,False,False,False,False,insufficient_no_inter_region_projection_segments,"minimum_mappable_segments,minimum_unique_probes,minimum_unique_probe_asns,maximum_country_fallback_share",0.0,0.0,,,probe_country_service
OM,B-Root,resolved_entry_only,,,0.0,,,,,,,,,,,,,,,,,unknown_cross_layer_distribution_class,,False,False,False,False,False,insufficient_no_inter_region_projection_segments,"minimum_mappable_segments,minimum_unique_probes,minimum_unique_probe_asns,maximum_country_fallback_share",0.0,0.0,,,probe_country_service
PA,B-Root,all_publicly_visible,5010,dns-root_b-root_msm5010_20260701T000000Z_010000Z.json,5.0,0.4,0.6000000000000001,0.8,1.3321790402101223,0.9609640474436812,3.7892914162759954,weak_network_transition_concentration,0.4,0.8,0.9,1.193549604098133,0.860964047443681,3.298769776932235,-0.1000000000000002,0.1000000000000002,moderate_corridor_observation_concentration,network_broad_physical_concentrated,0.0,False,False,False,True,False,"insufficient_minimum_mappable_segments,minimum_unique_probes","minimum_mappable_segments,minimum_unique_probes",4.0,4.0,0.4,0.6,probe_country_service
PA,B-Root,resolved_entry_only,,,0.0,,,,,,,,,,,,,,,,,unknown_cross_layer_distribution_class,,False,False,False,False,False,insufficient_no_inter_region_projection_segments,"minimum_mappable_segments,minimum_unique_probes,minimum_unique_probe_asns,maximum_country_fallback_share",0.0,0.0,,,probe_country_service
PE,B-Root,all_publicly_visible,,,0.0,,,,,,,,,,,,,,,,,unknown_cross_layer_distribution_class,,False,False,False,False,False,insufficient_no_inter_region_projection_segments,"minimum_mappable_segments,minimum_unique_probes,minimum_unique_probe_asns,maximum_country_fallback_share",0.0,0.0,,,probe_country_service
PE,B-Root,resolved_entry_only,,,0.0,,,,,,,,,,,,,,,,,unknown_cross_layer_distribution_class,,False,False,False,False,False,insufficient_no_inter_region_projection_segments,"minimum_mappable_segments,minimum_unique_probes,minimum_unique_probe_asns,maximum_country_fallback_share",0.0,0.0,,,probe_country_service
PF,B-Root,all_publicly_visible,,,0.0,,,,,,,,,,,,,,,,,unknown_cross_layer_distribution_class,,False,False,False,False,False,insufficient_no_inter_region_projection_segments,"minimum_mappable_segments,minimum_unique_probes,minimum_unique_probe_asns,maximum_country_fallback_share",0.0,0.0,,,probe_country_service
PF,B-Root,resolved_entry_only,,,0.0,,,,,,,,,,,,,,,,,unknown_cross_layer_distribution_class,,False,False,False,False,False,insufficient_no_inter_region_projection_segments,"minimum_mappable_segments,minimum_unique_probes,minimum_unique_probe_asns,maximum_country_fallback_share",0.0,0.0,,,probe_country_service
PG,B-Root,all_publicly_visible,5010,dns-root_b-root_msm5010_20260701T000000Z_010000Z.json,3.0,0.6666666666666666,1.0,1.0,0.6365141682948128,0.9182958340544894,1.8898815748423097,moderate_network_transition_concentration,0.3333333333333333,0.6666666666666666,0.8333333333333333,1.3296613488547582,0.9591479170272448,3.77976314968462,0.04085208297275533,-0.04085208297275533,weak_corridor_observation_concentration,network_and_physical_both_concentrated,0.6666666666666666,False,False,False,False,False,"insufficient_minimum_mappable_segments,minimum_unique_probes,minimum_unique_probe_asns,maximum_country_fallback_share","minimum_mappable_segments,minimum_unique_probes,minimum_unique_probe_asns,maximum_country_fallback_share",1.0,1.0,0.6666666666666666,0.3333333333333333,probe_country_service
PG,B-Root,resolved_entry_only,,,0.0,,,,,,,,,,,,,,,,,unknown_cross_layer_distribution_class,,False,False,False,False,False,insufficient_no_inter_region_projection_segments,"minimum_mappable_segments,minimum_unique_probes,minimum_unique_probe_asns,maximum_country_fallback_share",0.0,0.0,,,probe_country_service
PH,B-Root,all_publicly_visible,5010,dns-root_b-root_msm5010_20260701T000000Z_010000Z.json,91.0,0.15384615384615385,0.2967032967032967,0.38461538461538464,2.8876819462611087,0.8490192194755563,17.95164844800486,broad_network_transition_distribution,0.41439037153322866,0.5462585034013605,0.6121925693354264,2.2513476227263554,0.5725959981512245,9.500530343941525,-0.2764232213243317,0.2764232213243317,broad_corridor_observation_distribution,network_and_physical_both_broad,0.0,True,True,True,True,True,auditable,,45.0,27.0,0.5604395604395603,0.43956043956043955,probe_country_service
PH,B-Root,resolved_entry_only,,,0.0,,,,,,,,,,,,,,,,,unknown_cross_layer_distribution_class,,False,False,False,False,False,insufficient_no_inter_region_projection_segments,"minimum_mappable_segments,minimum_unique_probes,minimum_unique_probe_asns,maximum_country_fallback_share",0.0,0.0,,,probe_country_service
PK,B-Root,all_publicly_visible,,,0.0,,,,,,,,,,,,,,,,,unknown_cross_layer_distribution_class,,False,False,False,False,False,insufficient_no_inter_region_projection_segments,"minimum_mappable_segments,minimum_unique_probes,minimum_unique_probe_asns,maximum_country_fallback_share",0.0,0.0,,,probe_country_service
PK,B-Root,resolved_entry_only,,,0.0,,,,,,,,,,,,,,,,,unknown_cross_layer_distribution_class,,False,False,False,False,False,insufficient_no_inter_region_projection_segments,"minimum_mappable_segments,minimum_unique_probes,minimum_unique_probe_asns,maximum_country_fallback_share",0.0,0.0,,,probe_country_service
PL,B-Root,all_publicly_visible,,,0.0,,,,,,,,,,,,,,,,,unknown_cross_layer_distribution_class,,False,False,False,False,False,insufficient_no_inter_region_projection_segments,"minimum_mappable_segments,minimum_unique_probes,minimum_unique_probe_asns,maximum_country_fallback_share",0.0,0.0,,,probe_country_service
PL,B-Root,resolved_entry_only,,,0.0,,,,,,,,,,,,,,,,,unknown_cross_layer_distribution_class,,False,False,False,False,False,insufficient_no_inter_region_projection_segments,"minimum_mappable_segments,minimum_unique_probes,minimum_unique_probe_asns,maximum_country_fallback_share",0.0,0.0,,,probe_country_service
PR,B-Root,all_publicly_visible,5010,dns-root_b-root_msm5010_20260701T000000Z_010000Z.json,1.0,1.0,1.0,1.0,-0.0,0.0,1.0,severe_network_transition_concentration,0.5,1.0,1.0,0.6931471805599453,1.0,2.0,1.0,-1.0,moderate_corridor_observation_concentration,network_and_physical_both_concentrated,0.0,False,False,False,True,False,"insufficient_minimum_mappable_segments,minimum_unique_probes,minimum_unique_probe_asns","minimum_mappable_segments,minimum_unique_probes,minimum_unique_probe_asns",1.0,1.0,0.0,1.0,probe_country_service
PR,B-Root,resolved_entry_only,,,0.0,,,,,,,,,,,,,,,,,unknown_cross_layer_distribution_class,,False,False,False,False,False,insufficient_no_inter_region_projection_segments,"minimum_mappable_segments,minimum_unique_probes,minimum_unique_probe_asns,maximum_country_fallback_share",0.0,0.0,,,probe_country_service
PS,B-Root,all_publicly_visible,,,0.0,,,,,,,,,,,,,,,,,unknown_cross_layer_distribution_class,,False,False,False,False,False,insufficient_no_inter_region_projection_segments,"minimum_mappable_segments,minimum_unique_probes,minimum_unique_probe_asns,maximum_country_fallback_share",0.0,0.0,,,probe_country_service
PS,B-Root,resolved_entry_only,,,0.0,,,,,,,,,,,,,,,,,unknown_cross_layer_distribution_class,,False,False,False,False,False,insufficient_no_inter_region_projection_segments,"minimum_mappable_segments,minimum_unique_probes,minimum_unique_probe_asns,maximum_country_fallback_share",0.0,0.0,,,probe_country_service
PT,B-Root,all_publicly_visible,5010,dns-root_b-root_msm5010_20260701T000000Z_010000Z.json,13.0,0.3076923076923077,0.5384615384615385,0.6923076923076923,1.7782333057997077,0.9138311481971518,5.91938942435933,broad_network_transition_distribution,0.46153846153846156,0.7692307692307693,0.8461538461538463,1.3114313374732374,0.8148381042483582,3.711482295807809,-0.0989930439487936,0.0989930439487936,weak_corridor_observation_concentration,network_and_physical_both_broad,0.0,False,False,False,True,False,insufficient_minimum_mappable_segments,minimum_mappable_segments,11.0,7.0,0.8461538461538461,0.15384615384615385,probe_country_service
PT,B-Root,resolved_entry_only,,,0.0,,,,,,,,,,,,,,,,,unknown_cross_layer_distribution_class,,False,False,False,False,False,insufficient_no_inter_region_projection_segments,"minimum_mappable_segments,minimum_unique_probes,minimum_unique_probe_asns,maximum_country_fallback_share",0.0,0.0,,,probe_country_service
PW,B-Root,all_publicly_visible,,,0.0,,,,,,,,,,,,,,,,,unknown_cross_layer_distribution_class,,False,False,False,False,False,insufficient_no_inter_region_projection_segments,"minimum_mappable_segments,minimum_unique_probes,minimum_unique_probe_asns,maximum_country_fallback_share",0.0,0.0,,,probe_country_service
PW,B-Root,resolved_entry_only,,,0.0,,,,,,,,,,,,,,,,,unknown_cross_layer_distribution_class,,False,False,False,False,False,insufficient_no_inter_region_projection_segments,"minimum_mappable_segments,minimum_unique_probes,minimum_unique_probe_asns,maximum_country_fallback_share",0.0,0.0,,,probe_country_service
PY,B-Root,all_publicly_visible,5010,dns-root_b-root_msm5010_20260701T000000Z_010000Z.json,1.0,1.0,1.0,1.0,-0.0,0.0,1.0,severe_network_transition_concentration,1.0,1.0,1.0,-0.0,0.0,1.0,0.0,0.0,severe_corridor_observation_concentration,network_and_physical_both_concentrated,0.0,False,False,False,True,False,"insufficient_minimum_mappable_segments,minimum_unique_probes,minimum_unique_probe_asns","minimum_mappable_segments,minimum_unique_probes,minimum_unique_probe_asns",1.0,1.0,0.0,1.0,probe_country_service
PY,B-Root,resolved_entry_only,,,0.0,,,,,,,,,,,,,,,,,unknown_cross_layer_distribution_class,,False,False,False,False,False,insufficient_no_inter_region_projection_segments,"minimum_mappable_segments,minimum_unique_probes,minimum_unique_probe_asns,maximum_country_fallback_share",0.0,0.0,,,probe_country_service
QA,B-Root,all_publicly_visible,5010,dns-root_b-root_msm5010_20260701T000000Z_010000Z.json,1.0,1.0,1.0,1.0,-0.0,0.0,1.0,severe_network_transition_concentration,1.0,1.0,1.0,-0.0,0.0,1.0,0.0,0.0,severe_corridor_observation_concentration,network_and_physical_both_concentrated,0.0,False,False,False,True,False,"insufficient_minimum_mappable_segments,minimum_unique_probes,minimum_unique_probe_asns","minimum_mappable_segments,minimum_unique_probes,minimum_unique_probe_asns",1.0,1.0,0.0,1.0,probe_country_service
QA,B-Root,resolved_entry_only,,,0.0,,,,,,,,,,,,,,,,,unknown_cross_layer_distribution_class,,False,False,False,False,False,insufficient_no_inter_region_projection_segments,"minimum_mappable_segments,minimum_unique_probes,minimum_unique_probe_asns,maximum_country_fallback_share",0.0,0.0,,,probe_country_service
RE,B-Root,all_publicly_visible,5010,dns-root_b-root_msm5010_20260701T000000Z_010000Z.json,2.0,1.0,1.0,1.0,-0.0,0.0,1.0,severe_network_transition_concentration,0.5,1.0,1.0,0.6931471805599453,1.0,2.0,1.0,-1.0,moderate_corridor_observation_concentration,network_and_physical_both_concentrated,0.0,False,False,False,True,False,"insufficient_minimum_mappable_segments,minimum_unique_probes,minimum_unique_probe_asns","minimum_mappable_segments,minimum_unique_probes,minimum_unique_probe_asns",1.0,1.0,0.0,1.0,probe_country_service
RE,B-Root,resolved_entry_only,,,0.0,,,,,,,,,,,,,,,,,unknown_cross_layer_distribution_class,,False,False,False,False,False,insufficient_no_inter_region_projection_segments,"minimum_mappable_segments,minimum_unique_probes,minimum_unique_probe_asns,maximum_country_fallback_share",0.0,0.0,,,probe_country_service
RO,B-Root,all_publicly_visible,5010,dns-root_b-root_msm5010_20260701T000000Z_010000Z.json,2.0,0.5,1.0,1.0,0.6931471805599453,1.0,2.0,moderate_network_transition_concentration,0.75,1.0,1.0,0.5623351446188083,0.8112781244591328,1.7547653506033232,-0.18872187554086717,0.18872187554086717,moderate_corridor_observation_concentration,network_and_physical_both_concentrated,0.0,False,False,False,True,False,"insufficient_minimum_mappable_segments,minimum_unique_probes,minimum_unique_probe_asns","minimum_mappable_segments,minimum_unique_probes,minimum_unique_probe_asns",1.0,1.0,0.5,0.5,probe_country_service
RO,B-Root,resolved_entry_only,,,0.0,,,,,,,,,,,,,,,,,unknown_cross_layer_distribution_class,,False,False,False,False,False,insufficient_no_inter_region_projection_segments,"minimum_mappable_segments,minimum_unique_probes,minimum_unique_probe_asns,maximum_country_fallback_share",0.0,0.0,,,probe_country_service
RS,B-Root,all_publicly_visible,,,0.0,,,,,,,,,,,,,,,,,unknown_cross_layer_distribution_class,,False,False,False,False,False,insufficient_no_inter_region_projection_segments,"minimum_mappable_segments,minimum_unique_probes,minimum_unique_probe_asns,maximum_country_fallback_share",0.0,0.0,,,probe_country_service
RS,B-Root,resolved_entry_only,,,0.0,,,,,,,,,,,,,,,,,unknown_cross_layer_distribution_class,,False,False,False,False,False,insufficient_no_inter_region_projection_segments,"minimum_mappable_segments,minimum_unique_probes,minimum_unique_probe_asns,maximum_country_fallback_share",0.0,0.0,,,probe_country_service
RU,B-Root,all_publicly_visible,5010,dns-root_b-root_msm5010_20260701T000000Z_010000Z.json,55.0,0.9090909090909091,0.9818181818181818,1.0,0.3501272267618007,0.31869953610866075,1.4192481034477025,severe_network_transition_concentration,0.41818181818181815,0.8363636363636363,0.9090909090909091,1.1832770248379254,0.7352113527935645,3.2650563612740746,0.4165118166849038,-0.4165118166849038,moderate_corridor_observation_concentration,network_and_physical_both_concentrated,0.0,True,True,True,True,True,auditable,,52.0,34.0,0.01818181818181818,0.9818181818181818,probe_country_service
RU,B-Root,resolved_entry_only,,,0.0,,,,,,,,,,,,,,,,,unknown_cross_layer_distribution_class,,False,False,False,False,False,insufficient_no_inter_region_projection_segments,"minimum_mappable_segments,minimum_unique_probes,minimum_unique_probe_asns,maximum_country_fallback_share",0.0,0.0,,,probe_country_service
RW,B-Root,all_publicly_visible,,,0.0,,,,,,,,,,,,,,,,,unknown_cross_layer_distribution_class,,False,False,False,False,False,insufficient_no_inter_region_projection_segments,"minimum_mappable_segments,minimum_unique_probes,minimum_unique_probe_asns,maximum_country_fallback_share",0.0,0.0,,,probe_country_service
RW,B-Root,resolved_entry_only,,,0.0,,,,,,,,,,,,,,,,,unknown_cross_layer_distribution_class,,False,False,False,False,False,insufficient_no_inter_region_projection_segments,"minimum_mappable_segments,minimum_unique_probes,minimum_unique_probe_asns,maximum_country_fallback_share",0.0,0.0,,,probe_country_service
SA,B-Root,all_publicly_visible,,,0.0,,,,,,,,,,,,,,,,,unknown_cross_layer_distribution_class,,False,False,False,False,False,insufficient_no_inter_region_projection_segments,"minimum_mappable_segments,minimum_unique_probes,minimum_unique_probe_asns,maximum_country_fallback_share",0.0,0.0,,,probe_country_service
SA,B-Root,resolved_entry_only,,,0.0,,,,,,,,,,,,,,,,,unknown_cross_layer_distribution_class,,False,False,False,False,False,insufficient_no_inter_region_projection_segments,"minimum_mappable_segments,minimum_unique_probes,minimum_unique_probe_asns,maximum_country_fallback_share",0.0,0.0,,,probe_country_service
SE,B-Root,all_publicly_visible,5010,dns-root_b-root_msm5010_20260701T000000Z_010000Z.json,55.0,0.2,0.34545454545454546,0.45454545454545453,2.493841932987847,0.8994633473706285,12.10770386407945,broad_network_transition_distribution,0.28484848484848485,0.5303030303030303,0.6757575757575758,1.9322321070643478,0.7775874024198036,6.904905541648439,-0.12187594495082488,0.12187594495082488,broad_corridor_observation_distribution,network_and_physical_both_broad,0.0,True,True,True,True,True,auditable,,34.0,20.0,0.7636363636363636,0.2363636363636364,probe_country_service
SE,B-Root,resolved_entry_only,,,0.0,,,,,,,,,,,,,,,,,unknown_cross_layer_distribution_class,,False,False,False,False,False,insufficient_no_inter_region_projection_segments,"minimum_mappable_segments,minimum_unique_probes,minimum_unique_probe_asns,maximum_country_fallback_share",0.0,0.0,,,probe_country_service
SG,B-Root,all_publicly_visible,5010,dns-root_b-root_msm5010_20260701T000000Z_010000Z.json,23.0,0.5217391304347826,0.7826086956521738,0.8695652173913043,1.3113319996707051,0.7318683239529172,3.711113623624252,weak_network_transition_concentration,0.43478260869565216,0.8260869565217391,0.8782608695652174,1.274039669605192,0.6547268743234131,3.5752663240362916,-0.07714144962950409,0.07714144962950409,moderate_corridor_observation_concentration,network_broad_physical_concentrated,0.0,False,False,False,True,False,insufficient_minimum_mappable_segments,minimum_mappable_segments,19.0,14.0,0.1739130434782609,0.8260869565217392,probe_country_service
SG,B-Root,resolved_entry_only,,,0.0,,,,,,,,,,,,,,,,,unknown_cross_layer_distribution_class,,False,False,False,False,False,insufficient_no_inter_region_projection_segments,"minimum_mappable_segments,minimum_unique_probes,minimum_unique_probe_asns,maximum_country_fallback_share",0.0,0.0,,,probe_country_service
SI,B-Root,all_publicly_visible,,,0.0,,,,,,,,,,,,,,,,,unknown_cross_layer_distribution_class,,False,False,False,False,False,insufficient_no_inter_region_projection_segments,"minimum_mappable_segments,minimum_unique_probes,minimum_unique_probe_asns,maximum_country_fallback_share",0.0,0.0,,,probe_country_service
SI,B-Root,resolved_entry_only,,,0.0,,,,,,,,,,,,,,,,,unknown_cross_layer_distribution_class,,False,False,False,False,False,insufficient_no_inter_region_projection_segments,"minimum_mappable_segments,minimum_unique_probes,minimum_unique_probe_asns,maximum_country_fallback_share",0.0,0.0,,,probe_country_service
SK,B-Root,all_publicly_visible,,,0.0,,,,,,,,,,,,,,,,,unknown_cross_layer_distribution_class,,False,False,False,False,False,insufficient_no_inter_region_projection_segments,"minimum_mappable_segments,minimum_unique_probes,minimum_unique_probe_asns,maximum_country_fallback_share",0.0,0.0,,,probe_country_service
SK,B-Root,resolved_entry_only,,,0.0,,,,,,,,,,,,,,,,,unknown_cross_layer_distribution_class,,False,False,False,False,False,insufficient_no_inter_region_projection_segments,"minimum_mappable_segments,minimum_unique_probes,minimum_unique_probe_asns,maximum_country_fallback_share",0.0,0.0,,,probe_country_service
SL,B-Root,all_publicly_visible,5010,dns-root_b-root_msm5010_20260701T000000Z_010000Z.json,3.0,0.6666666666666666,1.0,1.0,0.6365141682948128,0.9182958340544894,1.8898815748423097,moderate_network_transition_concentration,0.6666666666666666,1.0,1.0,0.6365141682948128,0.9182958340544894,1.8898815748423097,0.0,0.0,moderate_corridor_observation_concentration,network_and_physical_both_concentrated,0.0,False,False,False,True,False,"insufficient_minimum_mappable_segments,minimum_unique_probes,minimum_unique_probe_asns","minimum_mappable_segments,minimum_unique_probes,minimum_unique_probe_asns",1.0,1.0,0.0,1.0,probe_country_service
SL,B-Root,resolved_entry_only,,,0.0,,,,,,,,,,,,,,,,,unknown_cross_layer_distribution_class,,False,False,False,False,False,insufficient_no_inter_region_projection_segments,"minimum_mappable_segments,minimum_unique_probes,minimum_unique_probe_asns,maximum_country_fallback_share",0.0,0.0,,,probe_country_service
SM,B-Root,all_publicly_visible,,,0.0,,,,,,,,,,,,,,,,,unknown_cross_layer_distribution_class,,False,False,False,False,False,insufficient_no_inter_region_projection_segments,"minimum_mappable_segments,minimum_unique_probes,minimum_unique_probe_asns,maximum_country_fallback_share",0.0,0.0,,,probe_country_service
SM,B-Root,resolved_entry_only,,,0.0,,,,,,,,,,,,,,,,,unknown_cross_layer_distribution_class,,False,False,False,False,False,insufficient_no_inter_region_projection_segments,"minimum_mappable_segments,minimum_unique_probes,minimum_unique_probe_asns,maximum_country_fallback_share",0.0,0.0,,,probe_country_service
SN,B-Root,all_publicly_visible,,,0.0,,,,,,,,,,,,,,,,,unknown_cross_layer_distribution_class,,False,False,False,False,False,insufficient_no_inter_region_projection_segments,"minimum_mappable_segments,minimum_unique_probes,minimum_unique_probe_asns,maximum_country_fallback_share",0.0,0.0,,,probe_country_service
SN,B-Root,resolved_entry_only,,,0.0,,,,,,,,,,,,,,,,,unknown_cross_layer_distribution_class,,False,False,False,False,False,insufficient_no_inter_region_projection_segments,"minimum_mappable_segments,minimum_unique_probes,minimum_unique_probe_asns,maximum_country_fallback_share",0.0,0.0,,,probe_country_service
SS,B-Root,all_publicly_visible,,,0.0,,,,,,,,,,,,,,,,,unknown_cross_layer_distribution_class,,False,False,False,False,False,insufficient_no_inter_region_projection_segments,"minimum_mappable_segments,minimum_unique_probes,minimum_unique_probe_asns,maximum_country_fallback_share",0.0,0.0,,,probe_country_service
SS,B-Root,resolved_entry_only,,,0.0,,,,,,,,,,,,,,,,,unknown_cross_layer_distribution_class,,False,False,False,False,False,insufficient_no_inter_region_projection_segments,"minimum_mappable_segments,minimum_unique_probes,minimum_unique_probe_asns,maximum_country_fallback_share",0.0,0.0,,,probe_country_service
SV,B-Root,all_publicly_visible,5010,dns-root_b-root_msm5010_20260701T000000Z_010000Z.json,1.0,1.0,1.0,1.0,-0.0,0.0,1.0,severe_network_transition_concentration,0.5,1.0,1.0,0.6931471805599453,1.0,2.0,1.0,-1.0,moderate_corridor_observation_concentration,network_and_physical_both_concentrated,0.0,False,False,False,True,False,"insufficient_minimum_mappable_segments,minimum_unique_probes,minimum_unique_probe_asns","minimum_mappable_segments,minimum_unique_probes,minimum_unique_probe_asns",1.0,1.0,0.0,1.0,probe_country_service
SV,B-Root,resolved_entry_only,,,0.0,,,,,,,,,,,,,,,,,unknown_cross_layer_distribution_class,,False,False,False,False,False,insufficient_no_inter_region_projection_segments,"minimum_mappable_segments,minimum_unique_probes,minimum_unique_probe_asns,maximum_country_fallback_share",0.0,0.0,,,probe_country_service
SY,B-Root,all_publicly_visible,,,0.0,,,,,,,,,,,,,,,,,unknown_cross_layer_distribution_class,,False,False,False,False,False,insufficient_no_inter_region_projection_segments,"minimum_mappable_segments,minimum_unique_probes,minimum_unique_probe_asns,maximum_country_fallback_share",0.0,0.0,,,probe_country_service
SY,B-Root,resolved_entry_only,,,0.0,,,,,,,,,,,,,,,,,unknown_cross_layer_distribution_class,,False,False,False,False,False,insufficient_no_inter_region_projection_segments,"minimum_mappable_segments,minimum_unique_probes,minimum_unique_probe_asns,maximum_country_fallback_share",0.0,0.0,,,probe_country_service
TD,B-Root,all_publicly_visible,5010,dns-root_b-root_msm5010_20260701T000000Z_010000Z.json,1.0,1.0,1.0,1.0,-0.0,0.0,1.0,severe_network_transition_concentration,1.0,1.0,1.0,-0.0,0.0,1.0,0.0,0.0,severe_corridor_observation_concentration,network_and_physical_both_concentrated,0.0,False,False,False,True,False,"insufficient_minimum_mappable_segments,minimum_unique_probes,minimum_unique_probe_asns","minimum_mappable_segments,minimum_unique_probes,minimum_unique_probe_asns",1.0,1.0,0.0,1.0,probe_country_service
TD,B-Root,resolved_entry_only,,,0.0,,,,,,,,,,,,,,,,,unknown_cross_layer_distribution_class,,False,False,False,False,False,insufficient_no_inter_region_projection_segments,"minimum_mappable_segments,minimum_unique_probes,minimum_unique_probe_asns,maximum_country_fallback_share",0.0,0.0,,,probe_country_service
TG,B-Root,all_publicly_visible,,,0.0,,,,,,,,,,,,,,,,,unknown_cross_layer_distribution_class,,False,False,False,False,False,insufficient_no_inter_region_projection_segments,"minimum_mappable_segments,minimum_unique_probes,minimum_unique_probe_asns,maximum_country_fallback_share",0.0,0.0,,,probe_country_service
TG,B-Root,resolved_entry_only,,,0.0,,,,,,,,,,,,,,,,,unknown_cross_layer_distribution_class,,False,False,False,False,False,insufficient_no_inter_region_projection_segments,"minimum_mappable_segments,minimum_unique_probes,minimum_unique_probe_asns,maximum_country_fallback_share",0.0,0.0,,,probe_country_service
TH,B-Root,all_publicly_visible,5010,dns-root_b-root_msm5010_20260701T000000Z_010000Z.json,69.0,0.30434782608695654,0.5507246376811594,0.7101449275362319,2.0111226503848303,0.7620609934525473,7.471700748344969,broad_network_transition_distribution,0.2608695652173913,0.4782608695652174,0.6811594202898551,1.8069490021873666,0.822377931152582,6.091832881397197,0.060316937700034656,-0.060316937700034656,broad_corridor_observation_distribution,network_and_physical_both_broad,0.0,True,True,True,True,True,auditable,,33.0,20.0,0.37681159420289856,0.6231884057971014,probe_country_service
TH,B-Root,resolved_entry_only,,,0.0,,,,,,,,,,,,,,,,,unknown_cross_layer_distribution_class,,False,False,False,False,False,insufficient_no_inter_region_projection_segments,"minimum_mappable_segments,minimum_unique_probes,minimum_unique_probe_asns,maximum_country_fallback_share",0.0,0.0,,,probe_country_service
TJ,B-Root,all_publicly_visible,,,0.0,,,,,,,,,,,,,,,,,unknown_cross_layer_distribution_class,,False,False,False,False,False,insufficient_no_inter_region_projection_segments,"minimum_mappable_segments,minimum_unique_probes,minimum_unique_probe_asns,maximum_country_fallback_share",0.0,0.0,,,probe_country_service
TJ,B-Root,resolved_entry_only,,,0.0,,,,,,,,,,,,,,,,,unknown_cross_layer_distribution_class,,False,False,False,False,False,insufficient_no_inter_region_projection_segments,"minimum_mappable_segments,minimum_unique_probes,minimum_unique_probe_asns,maximum_country_fallback_share",0.0,0.0,,,probe_country_service
TL,B-Root,all_publicly_visible,5010,dns-root_b-root_msm5010_20260701T000000Z_010000Z.json,3.0,0.6666666666666666,1.0,1.0,0.6365141682948128,0.9182958340544894,1.8898815748423097,moderate_network_transition_concentration,0.3333333333333333,0.6666666666666666,1.0,1.0986122886681096,0.9999999999999998,2.9999999999999996,0.08170416594551033,-0.08170416594551033,weak_corridor_observation_concentration,network_and_physical_both_concentrated,0.6666666666666666,False,False,False,False,False,"insufficient_minimum_mappable_segments,minimum_unique_probes,minimum_unique_probe_asns,maximum_country_fallback_share","minimum_mappable_segments,minimum_unique_probes,minimum_unique_probe_asns,maximum_country_fallback_share",1.0,1.0,1.0,0.0,probe_country_service
TL,B-Root,resolved_entry_only,,,0.0,,,,,,,,,,,,,,,,,unknown_cross_layer_distribution_class,,False,False,False,False,False,insufficient_no_inter_region_projection_segments,"minimum_mappable_segments,minimum_unique_probes,minimum_unique_probe_asns,maximum_country_fallback_share",0.0,0.0,,,probe_country_service
TN,B-Root,all_publicly_visible,,,0.0,,,,,,,,,,,,,,,,,unknown_cross_layer_distribution_class,,False,False,False,False,False,insufficient_no_inter_region_projection_segments,"minimum_mappable_segments,minimum_unique_probes,minimum_unique_probe_asns,maximum_country_fallback_share",0.0,0.0,,,probe_country_service
TN,B-Root,resolved_entry_only,,,0.0,,,,,,,,,,,,,,,,,unknown_cross_layer_distribution_class,,False,False,False,False,False,insufficient_no_inter_region_projection_segments,"minimum_mappable_segments,minimum_unique_probes,minimum_unique_probe_asns,maximum_country_fallback_share",0.0,0.0,,,probe_country_service
TO,B-Root,all_publicly_visible,5010,dns-root_b-root_msm5010_20260701T000000Z_010000Z.json,2.0,0.5,1.0,1.0,0.6931471805599453,1.0,2.0,moderate_network_transition_concentration,0.5,1.0,1.0,0.6931471805599453,1.0,2.0,0.0,0.0,moderate_corridor_observation_concentration,network_and_physical_both_concentrated,0.0,False,False,False,True,False,"insufficient_minimum_mappable_segments,minimum_unique_probes,minimum_unique_probe_asns","minimum_mappable_segments,minimum_unique_probes,minimum_unique_probe_asns",1.0,1.0,0.0,1.0,probe_country_service
TO,B-Root,resolved_entry_only,,,0.0,,,,,,,,,,,,,,,,,unknown_cross_layer_distribution_class,,False,False,False,False,False,insufficient_no_inter_region_projection_segments,"minimum_mappable_segments,minimum_unique_probes,minimum_unique_probe_asns,maximum_country_fallback_share",0.0,0.0,,,probe_country_service
TR,B-Root,all_publicly_visible,,,0.0,,,,,,,,,,,,,,,,,unknown_cross_layer_distribution_class,,False,False,False,False,False,insufficient_no_inter_region_projection_segments,"minimum_mappable_segments,minimum_unique_probes,minimum_unique_probe_asns,maximum_country_fallback_share",0.0,0.0,,,probe_country_service
TR,B-Root,resolved_entry_only,,,0.0,,,,,,,,,,,,,,,,,unknown_cross_layer_distribution_class,,False,False,False,False,False,insufficient_no_inter_region_projection_segments,"minimum_mappable_segments,minimum_unique_probes,minimum_unique_probe_asns,maximum_country_fallback_share",0.0,0.0,,,probe_country_service
TT,B-Root,all_publicly_visible,,,0.0,,,,,,,,,,,,,,,,,unknown_cross_layer_distribution_class,,False,False,False,False,False,insufficient_no_inter_region_projection_segments,"minimum_mappable_segments,minimum_unique_probes,minimum_unique_probe_asns,maximum_country_fallback_share",0.0,0.0,,,probe_country_service
TT,B-Root,resolved_entry_only,,,0.0,,,,,,,,,,,,,,,,,unknown_cross_layer_distribution_class,,False,False,False,False,False,insufficient_no_inter_region_projection_segments,"minimum_mappable_segments,minimum_unique_probes,minimum_unique_probe_asns,maximum_country_fallback_share",0.0,0.0,,,probe_country_service
TV,B-Root,all_publicly_visible,5010,dns-root_b-root_msm5010_20260701T000000Z_010000Z.json,2.0,0.5,1.0,1.0,0.6931471805599453,1.0,2.0,moderate_network_transition_concentration,0.5,1.0,1.0,0.6931471805599453,1.0,2.0,0.0,0.0,moderate_corridor_observation_concentration,network_and_physical_both_concentrated,1.0,False,False,False,False,False,"insufficient_minimum_mappable_segments,minimum_unique_probes,minimum_unique_probe_asns,maximum_country_fallback_share","minimum_mappable_segments,minimum_unique_probes,minimum_unique_probe_asns,maximum_country_fallback_share",1.0,1.0,0.5,0.5,probe_country_service
TV,B-Root,resolved_entry_only,,,0.0,,,,,,,,,,,,,,,,,unknown_cross_layer_distribution_class,,False,False,False,False,False,insufficient_no_inter_region_projection_segments,"minimum_mappable_segments,minimum_unique_probes,minimum_unique_probe_asns,maximum_country_fallback_share",0.0,0.0,,,probe_country_service
TW,B-Root,all_publicly_visible,5010,dns-root_b-root_msm5010_20260701T000000Z_010000Z.json,102.0,0.4411764705882353,0.7058823529411764,0.8333333333333333,1.6103189634805442,0.6480400234020576,5.004407196429641,weak_network_transition_concentration,0.18627450980392157,0.37254901960784315,0.5490196078431373,2.022202574161551,0.7662594334229044,7.554946952276625,0.1182194100208468,-0.1182194100208468,broad_corridor_observation_distribution,network_and_physical_both_broad,0.30392156862745096,False,True,True,False,False,insufficient_maximum_country_fallback_share,maximum_country_fallback_share,50.0,20.0,0.21568627450980393,0.7843137254901961,probe_country_service
TW,B-Root,resolved_entry_only,,,0.0,,,,,,,,,,,,,,,,,unknown_cross_layer_distribution_class,,False,False,False,False,False,insufficient_no_inter_region_projection_segments,"minimum_mappable_segments,minimum_unique_probes,minimum_unique_probe_asns,maximum_country_fallback_share",0.0,0.0,,,probe_country_service
TZ,B-Root,all_publicly_visible,5010,dns-root_b-root_msm5010_20260701T000000Z_010000Z.json,1.0,1.0,1.0,1.0,-0.0,0.0,1.0,severe_network_transition_concentration,1.0,1.0,1.0,-0.0,0.0,1.0,0.0,0.0,severe_corridor_observation_concentration,network_and_physical_both_concentrated,0.0,False,False,False,True,False,"insufficient_minimum_mappable_segments,minimum_unique_probes,minimum_unique_probe_asns","minimum_mappable_segments,minimum_unique_probes,minimum_unique_probe_asns",1.0,1.0,0.0,1.0,probe_country_service
TZ,B-Root,resolved_entry_only,,,0.0,,,,,,,,,,,,,,,,,unknown_cross_layer_distribution_class,,False,False,False,False,False,insufficient_no_inter_region_projection_segments,"minimum_mappable_segments,minimum_unique_probes,minimum_unique_probe_asns,maximum_country_fallback_share",0.0,0.0,,,probe_country_service
UA,B-Root,all_publicly_visible,,,0.0,,,,,,,,,,,,,,,,,unknown_cross_layer_distribution_class,,False,False,False,False,False,insufficient_no_inter_region_projection_segments,"minimum_mappable_segments,minimum_unique_probes,minimum_unique_probe_asns,maximum_country_fallback_share",0.0,0.0,,,probe_country_service
UA,B-Root,resolved_entry_only,,,0.0,,,,,,,,,,,,,,,,,unknown_cross_layer_distribution_class,,False,False,False,False,False,insufficient_no_inter_region_projection_segments,"minimum_mappable_segments,minimum_unique_probes,minimum_unique_probe_asns,maximum_country_fallback_share",0.0,0.0,,,probe_country_service
UG,B-Root,all_publicly_visible,,,0.0,,,,,,,,,,,,,,,,,unknown_cross_layer_distribution_class,,False,False,False,False,False,insufficient_no_inter_region_projection_segments,"minimum_mappable_segments,minimum_unique_probes,minimum_unique_probe_asns,maximum_country_fallback_share",0.0,0.0,,,probe_country_service
UG,B-Root,resolved_entry_only,,,0.0,,,,,,,,,,,,,,,,,unknown_cross_layer_distribution_class,,False,False,False,False,False,insufficient_no_inter_region_projection_segments,"minimum_mappable_segments,minimum_unique_probes,minimum_unique_probe_asns,maximum_country_fallback_share",0.0,0.0,,,probe_country_service
US,B-Root,all_publicly_visible,5010,dns-root_b-root_msm5010_20260701T000000Z_010000Z.json,187.0,0.26737967914438504,0.36898395721925137,0.45989304812834225,2.7868349392266962,0.7717801973476424,16.229570847148107,broad_network_transition_distribution,0.3342245989304813,0.5962566844919786,0.779144385026738,1.8640095504166145,0.5865254806626531,6.449544772542875,-0.18525471668498927,0.18525471668498927,broad_corridor_observation_distribution,network_and_physical_both_broad,0.0962566844919786,True,True,True,True,True,auditable,,124.0,45.0,0.9625668449197861,0.0374331550802139,probe_country_service
US,B-Root,resolved_entry_only,,,0.0,,,,,,,,,,,,,,,,,unknown_cross_layer_distribution_class,,False,False,False,False,False,insufficient_no_inter_region_projection_segments,"minimum_mappable_segments,minimum_unique_probes,minimum_unique_probe_asns,maximum_country_fallback_share",0.0,0.0,,,probe_country_service
UY,B-Root,all_publicly_visible,,,0.0,,,,,,,,,,,,,,,,,unknown_cross_layer_distribution_class,,False,False,False,False,False,insufficient_no_inter_region_projection_segments,"minimum_mappable_segments,minimum_unique_probes,minimum_unique_probe_asns,maximum_country_fallback_share",0.0,0.0,,,probe_country_service
UY,B-Root,resolved_entry_only,,,0.0,,,,,,,,,,,,,,,,,unknown_cross_layer_distribution_class,,False,False,False,False,False,insufficient_no_inter_region_projection_segments,"minimum_mappable_segments,minimum_unique_probes,minimum_unique_probe_asns,maximum_country_fallback_share",0.0,0.0,,,probe_country_service
UZ,B-Root,all_publicly_visible,,,0.0,,,,,,,,,,,,,,,,,unknown_cross_layer_distribution_class,,False,False,False,False,False,insufficient_no_inter_region_projection_segments,"minimum_mappable_segments,minimum_unique_probes,minimum_unique_probe_asns,maximum_country_fallback_share",0.0,0.0,,,probe_country_service
UZ,B-Root,resolved_entry_only,,,0.0,,,,,,,,,,,,,,,,,unknown_cross_layer_distribution_class,,False,False,False,False,False,insufficient_no_inter_region_projection_segments,"minimum_mappable_segments,minimum_unique_probes,minimum_unique_probe_asns,maximum_country_fallback_share",0.0,0.0,,,probe_country_service
VA,B-Root,all_publicly_visible,,,0.0,,,,,,,,,,,,,,,,,unknown_cross_layer_distribution_class,,False,False,False,False,False,insufficient_no_inter_region_projection_segments,"minimum_mappable_segments,minimum_unique_probes,minimum_unique_probe_asns,maximum_country_fallback_share",0.0,0.0,,,probe_country_service
VA,B-Root,resolved_entry_only,,,0.0,,,,,,,,,,,,,,,,,unknown_cross_layer_distribution_class,,False,False,False,False,False,insufficient_no_inter_region_projection_segments,"minimum_mappable_segments,minimum_unique_probes,minimum_unique_probe_asns,maximum_country_fallback_share",0.0,0.0,,,probe_country_service
VE,B-Root,all_publicly_visible,5010,dns-root_b-root_msm5010_20260701T000000Z_010000Z.json,3.0,0.3333333333333333,0.6666666666666666,1.0,1.0986122886681096,0.9999999999999998,2.9999999999999996,weak_network_transition_concentration,0.3333333333333333,0.6666666666666666,1.0,1.0986122886681096,0.9999999999999998,2.9999999999999996,0.0,0.0,weak_corridor_observation_concentration,network_and_physical_both_concentrated,0.0,False,False,False,True,False,"insufficient_minimum_mappable_segments,minimum_unique_probes,minimum_unique_probe_asns","minimum_mappable_segments,minimum_unique_probes,minimum_unique_probe_asns",2.0,2.0,0.6666666666666666,0.3333333333333333,probe_country_service
VE,B-Root,resolved_entry_only,,,0.0,,,,,,,,,,,,,,,,,unknown_cross_layer_distribution_class,,False,False,False,False,False,insufficient_no_inter_region_projection_segments,"minimum_mappable_segments,minimum_unique_probes,minimum_unique_probe_asns,maximum_country_fallback_share",0.0,0.0,,,probe_country_service
VI,B-Root,all_publicly_visible,5010,dns-root_b-root_msm5010_20260701T000000Z_010000Z.json,2.0,1.0,1.0,1.0,-0.0,0.0,1.0,severe_network_transition_concentration,0.5,1.0,1.0,0.6931471805599453,1.0,2.0,1.0,-1.0,moderate_corridor_observation_concentration,network_and_physical_both_concentrated,0.0,False,False,False,True,False,"insufficient_minimum_mappable_segments,minimum_unique_probes,minimum_unique_probe_asns","minimum_mappable_segments,minimum_unique_probes,minimum_unique_probe_asns",1.0,1.0,0.5,0.5,probe_country_service
VI,B-Root,resolved_entry_only,,,0.0,,,,,,,,,,,,,,,,,unknown_cross_layer_distribution_class,,False,False,False,False,False,insufficient_no_inter_region_projection_segments,"minimum_mappable_segments,minimum_unique_probes,minimum_unique_probe_asns,maximum_country_fallback_share",0.0,0.0,,,probe_country_service
VN,B-Root,all_publicly_visible,5010,dns-root_b-root_msm5010_20260701T000000Z_010000Z.json,29.0,0.6896551724137931,0.7586206896551725,0.8275862068965518,1.205667064699591,0.579803298401751,3.338985654812243,weak_network_transition_concentration,0.27586206896551724,0.5517241379310345,0.7931034482758621,1.5112990190946114,0.939022877129156,4.532614925023874,0.35921957872740495,-0.35921957872740495,broad_corridor_observation_distribution,network_and_physical_both_broad,0.0,False,False,False,True,False,insufficient_minimum_mappable_segments,minimum_mappable_segments,14.0,9.0,0.2413793103448276,0.7586206896551724,probe_country_service
VN,B-Root,resolved_entry_only,,,0.0,,,,,,,,,,,,,,,,,unknown_cross_layer_distribution_class,,False,False,False,False,False,insufficient_no_inter_region_projection_segments,"minimum_mappable_segments,minimum_unique_probes,minimum_unique_probe_asns,maximum_country_fallback_share",0.0,0.0,,,probe_country_service
VU,B-Root,all_publicly_visible,,,0.0,,,,,,,,,,,,,,,,,unknown_cross_layer_distribution_class,,False,False,False,False,False,insufficient_no_inter_region_projection_segments,"minimum_mappable_segments,minimum_unique_probes,minimum_unique_probe_asns,maximum_country_fallback_share",0.0,0.0,,,probe_country_service
VU,B-Root,resolved_entry_only,,,0.0,,,,,,,,,,,,,,,,,unknown_cross_layer_distribution_class,,False,False,False,False,False,insufficient_no_inter_region_projection_segments,"minimum_mappable_segments,minimum_unique_probes,minimum_unique_probe_asns,maximum_country_fallback_share",0.0,0.0,,,probe_country_service
XK,B-Root,all_publicly_visible,,,0.0,,,,,,,,,,,,,,,,,unknown_cross_layer_distribution_class,,False,False,False,False,False,insufficient_no_inter_region_projection_segments,"minimum_mappable_segments,minimum_unique_probes,minimum_unique_probe_asns,maximum_country_fallback_share",0.0,0.0,,,probe_country_service
XK,B-Root,resolved_entry_only,,,0.0,,,,,,,,,,,,,,,,,unknown_cross_layer_distribution_class,,False,False,False,False,False,insufficient_no_inter_region_projection_segments,"minimum_mappable_segments,minimum_unique_probes,minimum_unique_probe_asns,maximum_country_fallback_share",0.0,0.0,,,probe_country_service
YE,B-Root,all_publicly_visible,,,0.0,,,,,,,,,,,,,,,,,unknown_cross_layer_distribution_class,,False,False,False,False,False,insufficient_no_inter_region_projection_segments,"minimum_mappable_segments,minimum_unique_probes,minimum_unique_probe_asns,maximum_country_fallback_share",0.0,0.0,,,probe_country_service
YE,B-Root,resolved_entry_only,,,0.0,,,,,,,,,,,,,,,,,unknown_cross_layer_distribution_class,,False,False,False,False,False,insufficient_no_inter_region_projection_segments,"minimum_mappable_segments,minimum_unique_probes,minimum_unique_probe_asns,maximum_country_fallback_share",0.0,0.0,,,probe_country_service
ZA,B-Root,all_publicly_visible,5010,dns-root_b-root_msm5010_20260701T000000Z_010000Z.json,37.0,0.40540540540540543,0.4864864864864865,0.5675675675675675,2.1192856196261074,0.8030464498984843,8.32518801192167,broad_network_transition_distribution,0.40540540540540543,0.5945945945945946,0.7297297297297298,1.8337544119715061,0.7647349877092398,6.257335227475004,-0.03831146218924453,0.03831146218924453,broad_corridor_observation_distribution,network_and_physical_both_broad,0.02702702702702703,True,True,True,True,True,auditable,,21.0,14.0,0.43243243243243246,0.5675675675675675,probe_country_service
ZA,B-Root,resolved_entry_only,,,0.0,,,,,,,,,,,,,,,,,unknown_cross_layer_distribution_class,,False,False,False,False,False,insufficient_no_inter_region_projection_segments,"minimum_mappable_segments,minimum_unique_probes,minimum_unique_probe_asns,maximum_country_fallback_share",0.0,0.0,,,probe_country_service
ZM,B-Root,all_publicly_visible,5010,dns-root_b-root_msm5010_20260701T000000Z_010000Z.json,2.0,1.0,1.0,1.0,-0.0,0.0,1.0,severe_network_transition_concentration,0.5,1.0,1.0,0.6931471805599453,1.0,2.0,1.0,-1.0,moderate_corridor_observation_concentration,network_and_physical_both_concentrated,0.0,False,False,False,True,False,"insufficient_minimum_mappable_segments,minimum_unique_probes,minimum_unique_probe_asns","minimum_mappable_segments,minimum_unique_probes,minimum_unique_probe_asns",1.0,1.0,0.0,1.0,probe_country_service
ZM,B-Root,resolved_entry_only,,,0.0,,,,,,,,,,,,,,,,,unknown_cross_layer_distribution_class,,False,False,False,False,False,insufficient_no_inter_region_projection_segments,"minimum_mappable_segments,minimum_unique_probes,minimum_unique_probe_asns,maximum_country_fallback_share",0.0,0.0,,,probe_country_service
ZW,B-Root,all_publicly_visible,,,0.0,,,,,,,,,,,,,,,,,unknown_cross_layer_distribution_class,,False,False,False,False,False,insufficient_no_inter_region_projection_segments,"minimum_mappable_segments,minimum_unique_probes,minimum_unique_probe_asns,maximum_country_fallback_share",0.0,0.0,,,probe_country_service
ZW,B-Root,resolved_entry_only,,,0.0,,,,,,,,,,,,,,,,,unknown_cross_layer_distribution_class,,False,False,False,False,False,insufficient_no_inter_region_projection_segments,"minimum_mappable_segments,minimum_unique_probes,minimum_unique_probe_asns,maximum_country_fallback_share",0.0,0.0,,,probe_country_service
