probe_country,service_id,path_scope_stratum,msm_id,file_name,total_mappable_segments,unique_network_transitions_observed,top1_network_transition_key,top1_network_transition_share,top2_network_transition_share,top3_network_transition_share,network_transition_entropy,network_transition_normalized_entropy,effective_network_transition_count,network_transition_concentration_tier,country_fallback_share,sufficient_network_transition_resolution,auditable_paper_case,observation_sufficiency_reason,failed_thresholds,unique_probes,unique_probe_asns,domestic_segment_share,international_segment_share
?,B-Root,all_publicly_visible,,,0.0,0.0,,,,,,,,unknown_network_transition_concentration,,False,False,insufficient_no_inter_region_projection_segments,"minimum_mappable_segments,minimum_unique_probes,minimum_unique_probe_asns,maximum_country_fallback_share",0.0,0.0,,
?,B-Root,resolved_entry_only,,,0.0,0.0,,,,,,,,unknown_network_transition_concentration,,False,False,insufficient_no_inter_region_projection_segments,"minimum_mappable_segments,minimum_unique_probes,minimum_unique_probe_asns,maximum_country_fallback_share",0.0,0.0,,
AD,B-Root,all_publicly_visible,,,0.0,0.0,,,,,,,,unknown_network_transition_concentration,,False,False,insufficient_no_inter_region_projection_segments,"minimum_mappable_segments,minimum_unique_probes,minimum_unique_probe_asns,maximum_country_fallback_share",0.0,0.0,,
AD,B-Root,resolved_entry_only,,,0.0,0.0,,,,,,,,unknown_network_transition_concentration,,False,False,insufficient_no_inter_region_projection_segments,"minimum_mappable_segments,minimum_unique_probes,minimum_unique_probe_asns,maximum_country_fallback_share",0.0,0.0,,
AE,B-Root,all_publicly_visible,5010,dns-root_b-root_msm5010_20260701T000000Z_010000Z.json,9.0,7.0,6939->6939,0.2222222222222222,0.4444444444444444,0.5555555555555556,1.8891591637540213,0.970835762725816,6.613805215240194,broad_network_transition_distribution,0.0,True,False,"insufficient_minimum_mappable_segments,minimum_unique_probes","minimum_mappable_segments,minimum_unique_probes",7.0,6.0,0.6666666666666666,0.3333333333333333
AE,B-Root,resolved_entry_only,,,0.0,0.0,,,,,,,,unknown_network_transition_concentration,,False,False,insufficient_no_inter_region_projection_segments,"minimum_mappable_segments,minimum_unique_probes,minimum_unique_probe_asns,maximum_country_fallback_share",0.0,0.0,,
AF,B-Root,all_publicly_visible,5010,dns-root_b-root_msm5010_20260701T000000Z_010000Z.json,3.0,1.0,2914->2914,1.0,1.0,1.0,-0.0,0.0,1.0,severe_network_transition_concentration,0.0,True,False,"insufficient_minimum_mappable_segments,minimum_unique_probes,minimum_unique_probe_asns","minimum_mappable_segments,minimum_unique_probes,minimum_unique_probe_asns",3.0,2.0,1.0,0.0
AF,B-Root,resolved_entry_only,,,0.0,0.0,,,,,,,,unknown_network_transition_concentration,,False,False,insufficient_no_inter_region_projection_segments,"minimum_mappable_segments,minimum_unique_probes,minimum_unique_probe_asns,maximum_country_fallback_share",0.0,0.0,,
AL,B-Root,all_publicly_visible,5010,dns-root_b-root_msm5010_20260701T000000Z_010000Z.json,2.0,1.0,6939->6939,1.0,1.0,1.0,-0.0,0.0,1.0,severe_network_transition_concentration,0.0,True,False,"insufficient_minimum_mappable_segments,minimum_unique_probes,minimum_unique_probe_asns","minimum_mappable_segments,minimum_unique_probes,minimum_unique_probe_asns",2.0,2.0,0.0,1.0
AL,B-Root,resolved_entry_only,,,0.0,0.0,,,,,,,,unknown_network_transition_concentration,,False,False,insufficient_no_inter_region_projection_segments,"minimum_mappable_segments,minimum_unique_probes,minimum_unique_probe_asns,maximum_country_fallback_share",0.0,0.0,,
AM,B-Root,all_publicly_visible,,,0.0,0.0,,,,,,,,unknown_network_transition_concentration,,False,False,insufficient_no_inter_region_projection_segments,"minimum_mappable_segments,minimum_unique_probes,minimum_unique_probe_asns,maximum_country_fallback_share",0.0,0.0,,
AM,B-Root,resolved_entry_only,,,0.0,0.0,,,,,,,,unknown_network_transition_concentration,,False,False,insufficient_no_inter_region_projection_segments,"minimum_mappable_segments,minimum_unique_probes,minimum_unique_probe_asns,maximum_country_fallback_share",0.0,0.0,,
AO,B-Root,all_publicly_visible,5010,dns-root_b-root_msm5010_20260701T000000Z_010000Z.json,2.0,1.0,COUNTRY_FALLBACK:BR->US,1.0,1.0,1.0,-0.0,0.0,1.0,severe_network_transition_concentration,1.0,False,False,"insufficient_minimum_mappable_segments,minimum_unique_probes,minimum_unique_probe_asns,maximum_country_fallback_share","minimum_mappable_segments,minimum_unique_probes,minimum_unique_probe_asns,maximum_country_fallback_share",2.0,1.0,0.0,1.0
AO,B-Root,resolved_entry_only,,,0.0,0.0,,,,,,,,unknown_network_transition_concentration,,False,False,insufficient_no_inter_region_projection_segments,"minimum_mappable_segments,minimum_unique_probes,minimum_unique_probe_asns,maximum_country_fallback_share",0.0,0.0,,
AR,B-Root,all_publicly_visible,,,0.0,0.0,,,,,,,,unknown_network_transition_concentration,,False,False,insufficient_no_inter_region_projection_segments,"minimum_mappable_segments,minimum_unique_probes,minimum_unique_probe_asns,maximum_country_fallback_share",0.0,0.0,,
AR,B-Root,resolved_entry_only,,,0.0,0.0,,,,,,,,unknown_network_transition_concentration,,False,False,insufficient_no_inter_region_projection_segments,"minimum_mappable_segments,minimum_unique_probes,minimum_unique_probe_asns,maximum_country_fallback_share",0.0,0.0,,
AT,B-Root,all_publicly_visible,,,0.0,0.0,,,,,,,,unknown_network_transition_concentration,,False,False,insufficient_no_inter_region_projection_segments,"minimum_mappable_segments,minimum_unique_probes,minimum_unique_probe_asns,maximum_country_fallback_share",0.0,0.0,,
AT,B-Root,resolved_entry_only,,,0.0,0.0,,,,,,,,unknown_network_transition_concentration,,False,False,insufficient_no_inter_region_projection_segments,"minimum_mappable_segments,minimum_unique_probes,minimum_unique_probe_asns,maximum_country_fallback_share",0.0,0.0,,
AU,B-Root,all_publicly_visible,5010,dns-root_b-root_msm5010_20260701T000000Z_010000Z.json,410.0,27.0,7578->7578,0.25853658536585367,0.3951219512195122,0.5317073170731708,2.3776308075782873,0.721404275831401,10.779334270367606,broad_network_transition_distribution,0.07073170731707316,True,True,auditable,,127.0,47.0,0.975609756097561,0.024390243902439025
AU,B-Root,resolved_entry_only,,,0.0,0.0,,,,,,,,unknown_network_transition_concentration,,False,False,insufficient_no_inter_region_projection_segments,"minimum_mappable_segments,minimum_unique_probes,minimum_unique_probe_asns,maximum_country_fallback_share",0.0,0.0,,
AX,B-Root,all_publicly_visible,5010,dns-root_b-root_msm5010_20260701T000000Z_010000Z.json,2.0,2.0,3238->3238,0.5,1.0,1.0,0.6931471805599453,1.0,2.0,moderate_network_transition_concentration,0.0,True,False,"insufficient_minimum_mappable_segments,minimum_unique_probes,minimum_unique_probe_asns","minimum_mappable_segments,minimum_unique_probes,minimum_unique_probe_asns",2.0,2.0,0.0,1.0
AX,B-Root,resolved_entry_only,,,0.0,0.0,,,,,,,,unknown_network_transition_concentration,,False,False,insufficient_no_inter_region_projection_segments,"minimum_mappable_segments,minimum_unique_probes,minimum_unique_probe_asns,maximum_country_fallback_share",0.0,0.0,,
AZ,B-Root,all_publicly_visible,,,0.0,0.0,,,,,,,,unknown_network_transition_concentration,,False,False,insufficient_no_inter_region_projection_segments,"minimum_mappable_segments,minimum_unique_probes,minimum_unique_probe_asns,maximum_country_fallback_share",0.0,0.0,,
AZ,B-Root,resolved_entry_only,,,0.0,0.0,,,,,,,,unknown_network_transition_concentration,,False,False,insufficient_no_inter_region_projection_segments,"minimum_mappable_segments,minimum_unique_probes,minimum_unique_probe_asns,maximum_country_fallback_share",0.0,0.0,,
BA,B-Root,all_publicly_visible,,,0.0,0.0,,,,,,,,unknown_network_transition_concentration,,False,False,insufficient_no_inter_region_projection_segments,"minimum_mappable_segments,minimum_unique_probes,minimum_unique_probe_asns,maximum_country_fallback_share",0.0,0.0,,
BA,B-Root,resolved_entry_only,,,0.0,0.0,,,,,,,,unknown_network_transition_concentration,,False,False,insufficient_no_inter_region_projection_segments,"minimum_mappable_segments,minimum_unique_probes,minimum_unique_probe_asns,maximum_country_fallback_share",0.0,0.0,,
BB,B-Root,all_publicly_visible,,,0.0,0.0,,,,,,,,unknown_network_transition_concentration,,False,False,insufficient_no_inter_region_projection_segments,"minimum_mappable_segments,minimum_unique_probes,minimum_unique_probe_asns,maximum_country_fallback_share",0.0,0.0,,
BB,B-Root,resolved_entry_only,,,0.0,0.0,,,,,,,,unknown_network_transition_concentration,,False,False,insufficient_no_inter_region_projection_segments,"minimum_mappable_segments,minimum_unique_probes,minimum_unique_probe_asns,maximum_country_fallback_share",0.0,0.0,,
BD,B-Root,all_publicly_visible,5010,dns-root_b-root_msm5010_20260701T000000Z_010000Z.json,10.0,3.0,58717->2914,0.5,0.9,1.0,0.9433483923290391,0.8586727110732548,2.568567607415555,moderate_network_transition_concentration,0.0,True,False,"insufficient_minimum_mappable_segments,minimum_unique_probes","minimum_mappable_segments,minimum_unique_probes",6.0,5.0,1.0,0.0
BD,B-Root,resolved_entry_only,,,0.0,0.0,,,,,,,,unknown_network_transition_concentration,,False,False,insufficient_no_inter_region_projection_segments,"minimum_mappable_segments,minimum_unique_probes,minimum_unique_probe_asns,maximum_country_fallback_share",0.0,0.0,,
BE,B-Root,all_publicly_visible,,,0.0,0.0,,,,,,,,unknown_network_transition_concentration,,False,False,insufficient_no_inter_region_projection_segments,"minimum_mappable_segments,minimum_unique_probes,minimum_unique_probe_asns,maximum_country_fallback_share",0.0,0.0,,
BE,B-Root,resolved_entry_only,,,0.0,0.0,,,,,,,,unknown_network_transition_concentration,,False,False,insufficient_no_inter_region_projection_segments,"minimum_mappable_segments,minimum_unique_probes,minimum_unique_probe_asns,maximum_country_fallback_share",0.0,0.0,,
BF,B-Root,all_publicly_visible,5010,dns-root_b-root_msm5010_20260701T000000Z_010000Z.json,13.0,4.0,6939->6939,0.38461538461538464,0.6923076923076923,0.9230769230769231,1.2658567518727373,0.9131226292013046,3.5461295881745123,weak_network_transition_concentration,0.0,True,False,"insufficient_minimum_mappable_segments,minimum_unique_probes,minimum_unique_probe_asns","minimum_mappable_segments,minimum_unique_probes,minimum_unique_probe_asns",3.0,2.0,0.5384615384615384,0.46153846153846156
BF,B-Root,resolved_entry_only,,,0.0,0.0,,,,,,,,unknown_network_transition_concentration,,False,False,insufficient_no_inter_region_projection_segments,"minimum_mappable_segments,minimum_unique_probes,minimum_unique_probe_asns,maximum_country_fallback_share",0.0,0.0,,
BG,B-Root,all_publicly_visible,,,0.0,0.0,,,,,,,,unknown_network_transition_concentration,,False,False,insufficient_no_inter_region_projection_segments,"minimum_mappable_segments,minimum_unique_probes,minimum_unique_probe_asns,maximum_country_fallback_share",0.0,0.0,,
BG,B-Root,resolved_entry_only,,,0.0,0.0,,,,,,,,unknown_network_transition_concentration,,False,False,insufficient_no_inter_region_projection_segments,"minimum_mappable_segments,minimum_unique_probes,minimum_unique_probe_asns,maximum_country_fallback_share",0.0,0.0,,
BH,B-Root,all_publicly_visible,5010,dns-root_b-root_msm5010_20260701T000000Z_010000Z.json,9.0,6.0,5384->5384,0.3333333333333333,0.5555555555555556,0.6666666666666666,1.6769877743224173,0.935944697445866,5.349418023423783,broad_network_transition_distribution,0.0,True,False,"insufficient_minimum_mappable_segments,minimum_unique_probes,minimum_unique_probe_asns","minimum_mappable_segments,minimum_unique_probes,minimum_unique_probe_asns",4.0,2.0,0.7777777777777778,0.2222222222222222
BH,B-Root,resolved_entry_only,,,0.0,0.0,,,,,,,,unknown_network_transition_concentration,,False,False,insufficient_no_inter_region_projection_segments,"minimum_mappable_segments,minimum_unique_probes,minimum_unique_probe_asns,maximum_country_fallback_share",0.0,0.0,,
BI,B-Root,all_publicly_visible,,,0.0,0.0,,,,,,,,unknown_network_transition_concentration,,False,False,insufficient_no_inter_region_projection_segments,"minimum_mappable_segments,minimum_unique_probes,minimum_unique_probe_asns,maximum_country_fallback_share",0.0,0.0,,
BI,B-Root,resolved_entry_only,,,0.0,0.0,,,,,,,,unknown_network_transition_concentration,,False,False,insufficient_no_inter_region_projection_segments,"minimum_mappable_segments,minimum_unique_probes,minimum_unique_probe_asns,maximum_country_fallback_share",0.0,0.0,,
BJ,B-Root,all_publicly_visible,5010,dns-root_b-root_msm5010_20260701T000000Z_010000Z.json,11.0,4.0,28683->174,0.2727272727272727,0.5454545454545454,0.8181818181818181,1.3730039128771996,0.9904129681145392,3.9471899191966022,weak_network_transition_concentration,0.0,True,False,"insufficient_minimum_mappable_segments,minimum_unique_probes,minimum_unique_probe_asns","minimum_mappable_segments,minimum_unique_probes,minimum_unique_probe_asns",4.0,2.0,0.5454545454545454,0.45454545454545453
BJ,B-Root,resolved_entry_only,,,0.0,0.0,,,,,,,,unknown_network_transition_concentration,,False,False,insufficient_no_inter_region_projection_segments,"minimum_mappable_segments,minimum_unique_probes,minimum_unique_probe_asns,maximum_country_fallback_share",0.0,0.0,,
BL,B-Root,all_publicly_visible,,,0.0,0.0,,,,,,,,unknown_network_transition_concentration,,False,False,insufficient_no_inter_region_projection_segments,"minimum_mappable_segments,minimum_unique_probes,minimum_unique_probe_asns,maximum_country_fallback_share",0.0,0.0,,
BL,B-Root,resolved_entry_only,,,0.0,0.0,,,,,,,,unknown_network_transition_concentration,,False,False,insufficient_no_inter_region_projection_segments,"minimum_mappable_segments,minimum_unique_probes,minimum_unique_probe_asns,maximum_country_fallback_share",0.0,0.0,,
BO,B-Root,all_publicly_visible,,,0.0,0.0,,,,,,,,unknown_network_transition_concentration,,False,False,insufficient_no_inter_region_projection_segments,"minimum_mappable_segments,minimum_unique_probes,minimum_unique_probe_asns,maximum_country_fallback_share",0.0,0.0,,
BO,B-Root,resolved_entry_only,,,0.0,0.0,,,,,,,,unknown_network_transition_concentration,,False,False,insufficient_no_inter_region_projection_segments,"minimum_mappable_segments,minimum_unique_probes,minimum_unique_probe_asns,maximum_country_fallback_share",0.0,0.0,,
BR,B-Root,all_publicly_visible,5010,dns-root_b-root_msm5010_20260701T000000Z_010000Z.json,1.0,1.0,6762->6762,1.0,1.0,1.0,-0.0,0.0,1.0,severe_network_transition_concentration,0.0,True,False,"insufficient_minimum_mappable_segments,minimum_unique_probes,minimum_unique_probe_asns","minimum_mappable_segments,minimum_unique_probes,minimum_unique_probe_asns",1.0,1.0,0.0,1.0
BR,B-Root,resolved_entry_only,,,0.0,0.0,,,,,,,,unknown_network_transition_concentration,,False,False,insufficient_no_inter_region_projection_segments,"minimum_mappable_segments,minimum_unique_probes,minimum_unique_probe_asns,maximum_country_fallback_share",0.0,0.0,,
BT,B-Root,all_publicly_visible,5010,dns-root_b-root_msm5010_20260701T000000Z_010000Z.json,4.0,2.0,17660->2914,0.5,1.0,1.0,0.6931471805599453,1.0,2.0,moderate_network_transition_concentration,0.0,True,False,"insufficient_minimum_mappable_segments,minimum_unique_probes,minimum_unique_probe_asns","minimum_mappable_segments,minimum_unique_probes,minimum_unique_probe_asns",1.0,1.0,1.0,0.0
BT,B-Root,resolved_entry_only,,,0.0,0.0,,,,,,,,unknown_network_transition_concentration,,False,False,insufficient_no_inter_region_projection_segments,"minimum_mappable_segments,minimum_unique_probes,minimum_unique_probe_asns,maximum_country_fallback_share",0.0,0.0,,
BW,B-Root,all_publicly_visible,,,0.0,0.0,,,,,,,,unknown_network_transition_concentration,,False,False,insufficient_no_inter_region_projection_segments,"minimum_mappable_segments,minimum_unique_probes,minimum_unique_probe_asns,maximum_country_fallback_share",0.0,0.0,,
BW,B-Root,resolved_entry_only,,,0.0,0.0,,,,,,,,unknown_network_transition_concentration,,False,False,insufficient_no_inter_region_projection_segments,"minimum_mappable_segments,minimum_unique_probes,minimum_unique_probe_asns,maximum_country_fallback_share",0.0,0.0,,
BY,B-Root,all_publicly_visible,5010,dns-root_b-root_msm5010_20260701T000000Z_010000Z.json,3.0,1.0,9002->9002,1.0,1.0,1.0,-0.0,0.0,1.0,severe_network_transition_concentration,0.0,True,False,"insufficient_minimum_mappable_segments,minimum_unique_probes,minimum_unique_probe_asns","minimum_mappable_segments,minimum_unique_probes,minimum_unique_probe_asns",3.0,2.0,0.0,1.0
BY,B-Root,resolved_entry_only,,,0.0,0.0,,,,,,,,unknown_network_transition_concentration,,False,False,insufficient_no_inter_region_projection_segments,"minimum_mappable_segments,minimum_unique_probes,minimum_unique_probe_asns,maximum_country_fallback_share",0.0,0.0,,
CA,B-Root,all_publicly_visible,5010,dns-root_b-root_msm5010_20260701T000000Z_010000Z.json,233.0,32.0,2914->2914,0.17167381974248927,0.33476394849785407,0.4849785407725322,2.656352414123678,0.7664612909419313,14.244237146172926,broad_network_transition_distribution,0.1459227467811159,True,True,auditable,,76.0,27.0,0.7296137339055794,0.2703862660944206
CA,B-Root,resolved_entry_only,,,0.0,0.0,,,,,,,,unknown_network_transition_concentration,,False,False,insufficient_no_inter_region_projection_segments,"minimum_mappable_segments,minimum_unique_probes,minimum_unique_probe_asns,maximum_country_fallback_share",0.0,0.0,,
CD,B-Root,all_publicly_visible,,,0.0,0.0,,,,,,,,unknown_network_transition_concentration,,False,False,insufficient_no_inter_region_projection_segments,"minimum_mappable_segments,minimum_unique_probes,minimum_unique_probe_asns,maximum_country_fallback_share",0.0,0.0,,
CD,B-Root,resolved_entry_only,,,0.0,0.0,,,,,,,,unknown_network_transition_concentration,,False,False,insufficient_no_inter_region_projection_segments,"minimum_mappable_segments,minimum_unique_probes,minimum_unique_probe_asns,maximum_country_fallback_share",0.0,0.0,,
CG,B-Root,all_publicly_visible,,,0.0,0.0,,,,,,,,unknown_network_transition_concentration,,False,False,insufficient_no_inter_region_projection_segments,"minimum_mappable_segments,minimum_unique_probes,minimum_unique_probe_asns,maximum_country_fallback_share",0.0,0.0,,
CG,B-Root,resolved_entry_only,,,0.0,0.0,,,,,,,,unknown_network_transition_concentration,,False,False,insufficient_no_inter_region_projection_segments,"minimum_mappable_segments,minimum_unique_probes,minimum_unique_probe_asns,maximum_country_fallback_share",0.0,0.0,,
CH,B-Root,all_publicly_visible,,,0.0,0.0,,,,,,,,unknown_network_transition_concentration,,False,False,insufficient_no_inter_region_projection_segments,"minimum_mappable_segments,minimum_unique_probes,minimum_unique_probe_asns,maximum_country_fallback_share",0.0,0.0,,
CH,B-Root,resolved_entry_only,,,0.0,0.0,,,,,,,,unknown_network_transition_concentration,,False,False,insufficient_no_inter_region_projection_segments,"minimum_mappable_segments,minimum_unique_probes,minimum_unique_probe_asns,maximum_country_fallback_share",0.0,0.0,,
CI,B-Root,all_publicly_visible,5010,dns-root_b-root_msm5010_20260701T000000Z_010000Z.json,7.0,3.0,6939->6939,0.42857142857142855,0.7142857142857142,1.0,1.0789922078775833,0.9821410328348751,2.941713421083178,weak_network_transition_concentration,0.0,True,False,"insufficient_minimum_mappable_segments,minimum_unique_probes,minimum_unique_probe_asns","minimum_mappable_segments,minimum_unique_probes,minimum_unique_probe_asns",1.0,1.0,0.42857142857142855,0.5714285714285714
CI,B-Root,resolved_entry_only,,,0.0,0.0,,,,,,,,unknown_network_transition_concentration,,False,False,insufficient_no_inter_region_projection_segments,"minimum_mappable_segments,minimum_unique_probes,minimum_unique_probe_asns,maximum_country_fallback_share",0.0,0.0,,
CK,B-Root,all_publicly_visible,,,0.0,0.0,,,,,,,,unknown_network_transition_concentration,,False,False,insufficient_no_inter_region_projection_segments,"minimum_mappable_segments,minimum_unique_probes,minimum_unique_probe_asns,maximum_country_fallback_share",0.0,0.0,,
CK,B-Root,resolved_entry_only,,,0.0,0.0,,,,,,,,unknown_network_transition_concentration,,False,False,insufficient_no_inter_region_projection_segments,"minimum_mappable_segments,minimum_unique_probes,minimum_unique_probe_asns,maximum_country_fallback_share",0.0,0.0,,
CL,B-Root,all_publicly_visible,,,0.0,0.0,,,,,,,,unknown_network_transition_concentration,,False,False,insufficient_no_inter_region_projection_segments,"minimum_mappable_segments,minimum_unique_probes,minimum_unique_probe_asns,maximum_country_fallback_share",0.0,0.0,,
CL,B-Root,resolved_entry_only,,,0.0,0.0,,,,,,,,unknown_network_transition_concentration,,False,False,insufficient_no_inter_region_projection_segments,"minimum_mappable_segments,minimum_unique_probes,minimum_unique_probe_asns,maximum_country_fallback_share",0.0,0.0,,
CM,B-Root,all_publicly_visible,5010,dns-root_b-root_msm5010_20260701T000000Z_010000Z.json,5.0,2.0,6939->6939,0.8,1.0,1.0,0.5004024235381879,0.7219280948873623,1.6493848884661177,severe_network_transition_concentration,0.0,True,False,"insufficient_minimum_mappable_segments,minimum_unique_probes,minimum_unique_probe_asns","minimum_mappable_segments,minimum_unique_probes,minimum_unique_probe_asns",2.0,2.0,0.0,1.0
CM,B-Root,resolved_entry_only,,,0.0,0.0,,,,,,,,unknown_network_transition_concentration,,False,False,insufficient_no_inter_region_projection_segments,"minimum_mappable_segments,minimum_unique_probes,minimum_unique_probe_asns,maximum_country_fallback_share",0.0,0.0,,
CN,B-Root,all_publicly_visible,5010,dns-root_b-root_msm5010_20260701T000000Z_010000Z.json,11.0,6.0,1299->1299,0.36363636363636365,0.6363636363636364,0.7272727272727273,1.594166699118017,0.8897213752718901,4.924224001773539,broad_network_transition_distribution,0.09090909090909091,True,False,"insufficient_minimum_mappable_segments,minimum_unique_probes","minimum_mappable_segments,minimum_unique_probes",5.0,5.0,0.6363636363636364,0.36363636363636365
CN,B-Root,resolved_entry_only,,,0.0,0.0,,,,,,,,unknown_network_transition_concentration,,False,False,insufficient_no_inter_region_projection_segments,"minimum_mappable_segments,minimum_unique_probes,minimum_unique_probe_asns,maximum_country_fallback_share",0.0,0.0,,
CO,B-Root,all_publicly_visible,5010,dns-root_b-root_msm5010_20260701T000000Z_010000Z.json,2.0,2.0,52320->52320,0.5,1.0,1.0,0.6931471805599453,1.0,2.0,moderate_network_transition_concentration,0.0,True,False,"insufficient_minimum_mappable_segments,minimum_unique_probes,minimum_unique_probe_asns","minimum_mappable_segments,minimum_unique_probes,minimum_unique_probe_asns",2.0,2.0,0.0,1.0
CO,B-Root,resolved_entry_only,,,0.0,0.0,,,,,,,,unknown_network_transition_concentration,,False,False,insufficient_no_inter_region_projection_segments,"minimum_mappable_segments,minimum_unique_probes,minimum_unique_probe_asns,maximum_country_fallback_share",0.0,0.0,,
CR,B-Root,all_publicly_visible,,,0.0,0.0,,,,,,,,unknown_network_transition_concentration,,False,False,insufficient_no_inter_region_projection_segments,"minimum_mappable_segments,minimum_unique_probes,minimum_unique_probe_asns,maximum_country_fallback_share",0.0,0.0,,
CR,B-Root,resolved_entry_only,,,0.0,0.0,,,,,,,,unknown_network_transition_concentration,,False,False,insufficient_no_inter_region_projection_segments,"minimum_mappable_segments,minimum_unique_probes,minimum_unique_probe_asns,maximum_country_fallback_share",0.0,0.0,,
CU,B-Root,all_publicly_visible,5010,dns-root_b-root_msm5010_20260701T000000Z_010000Z.json,1.0,1.0,23520->23520,1.0,1.0,1.0,-0.0,0.0,1.0,severe_network_transition_concentration,0.0,True,False,"insufficient_minimum_mappable_segments,minimum_unique_probes,minimum_unique_probe_asns","minimum_mappable_segments,minimum_unique_probes,minimum_unique_probe_asns",1.0,1.0,0.0,1.0
CU,B-Root,resolved_entry_only,,,0.0,0.0,,,,,,,,unknown_network_transition_concentration,,False,False,insufficient_no_inter_region_projection_segments,"minimum_mappable_segments,minimum_unique_probes,minimum_unique_probe_asns,maximum_country_fallback_share",0.0,0.0,,
CV,B-Root,all_publicly_visible,5010,dns-root_b-root_msm5010_20260701T000000Z_010000Z.json,9.0,4.0,1299->1299,0.3333333333333333,0.6666666666666666,0.8888888888888888,1.310783678099714,0.9455305560363264,3.709079297755367,weak_network_transition_concentration,0.0,True,False,"insufficient_minimum_mappable_segments,minimum_unique_probes,minimum_unique_probe_asns","minimum_mappable_segments,minimum_unique_probes,minimum_unique_probe_asns",4.0,2.0,0.6666666666666666,0.3333333333333333
CV,B-Root,resolved_entry_only,,,0.0,0.0,,,,,,,,unknown_network_transition_concentration,,False,False,insufficient_no_inter_region_projection_segments,"minimum_mappable_segments,minimum_unique_probes,minimum_unique_probe_asns,maximum_country_fallback_share",0.0,0.0,,
CW,B-Root,all_publicly_visible,5010,dns-root_b-root_msm5010_20260701T000000Z_010000Z.json,1.0,1.0,23520->23520,1.0,1.0,1.0,-0.0,0.0,1.0,severe_network_transition_concentration,0.0,True,False,"insufficient_minimum_mappable_segments,minimum_unique_probes,minimum_unique_probe_asns","minimum_mappable_segments,minimum_unique_probes,minimum_unique_probe_asns",1.0,1.0,0.0,1.0
CW,B-Root,resolved_entry_only,,,0.0,0.0,,,,,,,,unknown_network_transition_concentration,,False,False,insufficient_no_inter_region_projection_segments,"minimum_mappable_segments,minimum_unique_probes,minimum_unique_probe_asns,maximum_country_fallback_share",0.0,0.0,,
CY,B-Root,all_publicly_visible,5010,dns-root_b-root_msm5010_20260701T000000Z_010000Z.json,10.0,3.0,6866->1299,0.6,0.8,1.0,0.9502705392332347,0.8649735207179272,2.586409289858933,moderate_network_transition_concentration,0.0,True,False,insufficient_minimum_mappable_segments,minimum_mappable_segments,10.0,5.0,0.0,1.0
CY,B-Root,resolved_entry_only,,,0.0,0.0,,,,,,,,unknown_network_transition_concentration,,False,False,insufficient_no_inter_region_projection_segments,"minimum_mappable_segments,minimum_unique_probes,minimum_unique_probe_asns,maximum_country_fallback_share",0.0,0.0,,
CZ,B-Root,all_publicly_visible,,,0.0,0.0,,,,,,,,unknown_network_transition_concentration,,False,False,insufficient_no_inter_region_projection_segments,"minimum_mappable_segments,minimum_unique_probes,minimum_unique_probe_asns,maximum_country_fallback_share",0.0,0.0,,
CZ,B-Root,resolved_entry_only,,,0.0,0.0,,,,,,,,unknown_network_transition_concentration,,False,False,insufficient_no_inter_region_projection_segments,"minimum_mappable_segments,minimum_unique_probes,minimum_unique_probe_asns,maximum_country_fallback_share",0.0,0.0,,
DE,B-Root,all_publicly_visible,5010,dns-root_b-root_msm5010_20260701T000000Z_010000Z.json,12.0,2.0,1299->1299,0.5833333333333334,1.0,1.0,0.6791932659915256,0.9798687566511527,1.9722859800819112,moderate_network_transition_concentration,0.0,True,False,"insufficient_minimum_mappable_segments,minimum_unique_probes","minimum_mappable_segments,minimum_unique_probes",7.0,7.0,0.4166666666666667,0.5833333333333334
DE,B-Root,resolved_entry_only,,,0.0,0.0,,,,,,,,unknown_network_transition_concentration,,False,False,insufficient_no_inter_region_projection_segments,"minimum_mappable_segments,minimum_unique_probes,minimum_unique_probe_asns,maximum_country_fallback_share",0.0,0.0,,
DJ,B-Root,all_publicly_visible,5010,dns-root_b-root_msm5010_20260701T000000Z_010000Z.json,3.0,1.0,30990->174,1.0,1.0,1.0,-0.0,0.0,1.0,severe_network_transition_concentration,0.0,True,False,"insufficient_minimum_mappable_segments,minimum_unique_probes,minimum_unique_probe_asns","minimum_mappable_segments,minimum_unique_probes,minimum_unique_probe_asns",3.0,2.0,0.0,1.0
DJ,B-Root,resolved_entry_only,,,0.0,0.0,,,,,,,,unknown_network_transition_concentration,,False,False,insufficient_no_inter_region_projection_segments,"minimum_mappable_segments,minimum_unique_probes,minimum_unique_probe_asns,maximum_country_fallback_share",0.0,0.0,,
DK,B-Root,all_publicly_visible,5010,dns-root_b-root_msm5010_20260701T000000Z_010000Z.json,348.0,42.0,1299->1299,0.27586206896551724,0.3994252873563218,0.49712643678160917,2.8029636803731757,0.7499228039476953,16.493455739341243,broad_network_transition_distribution,0.02586206896551724,True,True,auditable,,105.0,35.0,0.7212643678160919,0.27873563218390807
DK,B-Root,resolved_entry_only,,,0.0,0.0,,,,,,,,unknown_network_transition_concentration,,False,False,insufficient_no_inter_region_projection_segments,"minimum_mappable_segments,minimum_unique_probes,minimum_unique_probe_asns,maximum_country_fallback_share",0.0,0.0,,
DO,B-Root,all_publicly_visible,5010,dns-root_b-root_msm5010_20260701T000000Z_010000Z.json,4.0,3.0,COUNTRY_FALLBACK:DO->US,0.5,0.75,1.0,1.0397207708399179,0.946394630357186,2.82842712474619,weak_network_transition_concentration,0.5,False,False,"insufficient_minimum_mappable_segments,minimum_unique_probes,maximum_country_fallback_share","minimum_mappable_segments,minimum_unique_probes,maximum_country_fallback_share",4.0,4.0,0.0,1.0
DO,B-Root,resolved_entry_only,,,0.0,0.0,,,,,,,,unknown_network_transition_concentration,,False,False,insufficient_no_inter_region_projection_segments,"minimum_mappable_segments,minimum_unique_probes,minimum_unique_probe_asns,maximum_country_fallback_share",0.0,0.0,,
DZ,B-Root,all_publicly_visible,,,0.0,0.0,,,,,,,,unknown_network_transition_concentration,,False,False,insufficient_no_inter_region_projection_segments,"minimum_mappable_segments,minimum_unique_probes,minimum_unique_probe_asns,maximum_country_fallback_share",0.0,0.0,,
DZ,B-Root,resolved_entry_only,,,0.0,0.0,,,,,,,,unknown_network_transition_concentration,,False,False,insufficient_no_inter_region_projection_segments,"minimum_mappable_segments,minimum_unique_probes,minimum_unique_probe_asns,maximum_country_fallback_share",0.0,0.0,,
EC,B-Root,all_publicly_visible,5010,dns-root_b-root_msm5010_20260701T000000Z_010000Z.json,2.0,2.0,23520->23520,0.5,1.0,1.0,0.6931471805599453,1.0,2.0,moderate_network_transition_concentration,0.0,True,False,"insufficient_minimum_mappable_segments,minimum_unique_probes,minimum_unique_probe_asns","minimum_mappable_segments,minimum_unique_probes,minimum_unique_probe_asns",1.0,1.0,0.5,0.5
EC,B-Root,resolved_entry_only,,,0.0,0.0,,,,,,,,unknown_network_transition_concentration,,False,False,insufficient_no_inter_region_projection_segments,"minimum_mappable_segments,minimum_unique_probes,minimum_unique_probe_asns,maximum_country_fallback_share",0.0,0.0,,
EE,B-Root,all_publicly_visible,5010,dns-root_b-root_msm5010_20260701T000000Z_010000Z.json,31.0,7.0,1299->1299,0.3225806451612903,0.5161290322580645,0.6451612903225806,1.7909166166621775,0.9203490806251353,5.994945015207442,broad_network_transition_distribution,0.0,True,True,auditable,,23.0,14.0,0.0,1.0
EE,B-Root,resolved_entry_only,,,0.0,0.0,,,,,,,,unknown_network_transition_concentration,,False,False,insufficient_no_inter_region_projection_segments,"minimum_mappable_segments,minimum_unique_probes,minimum_unique_probe_asns,maximum_country_fallback_share",0.0,0.0,,
EG,B-Root,all_publicly_visible,,,0.0,0.0,,,,,,,,unknown_network_transition_concentration,,False,False,insufficient_no_inter_region_projection_segments,"minimum_mappable_segments,minimum_unique_probes,minimum_unique_probe_asns,maximum_country_fallback_share",0.0,0.0,,
EG,B-Root,resolved_entry_only,,,0.0,0.0,,,,,,,,unknown_network_transition_concentration,,False,False,insufficient_no_inter_region_projection_segments,"minimum_mappable_segments,minimum_unique_probes,minimum_unique_probe_asns,maximum_country_fallback_share",0.0,0.0,,
ES,B-Root,all_publicly_visible,5010,dns-root_b-root_msm5010_20260701T000000Z_010000Z.json,13.0,5.0,6939->6939,0.46153846153846156,0.6153846153846154,0.7692307692307693,1.4180693652516905,0.8810960362596494,4.12914087706104,broad_network_transition_distribution,0.0,True,False,insufficient_minimum_mappable_segments,minimum_mappable_segments,11.0,6.0,0.38461538461538464,0.6153846153846154
ES,B-Root,resolved_entry_only,,,0.0,0.0,,,,,,,,unknown_network_transition_concentration,,False,False,insufficient_no_inter_region_projection_segments,"minimum_mappable_segments,minimum_unique_probes,minimum_unique_probe_asns,maximum_country_fallback_share",0.0,0.0,,
ET,B-Root,all_publicly_visible,,,0.0,0.0,,,,,,,,unknown_network_transition_concentration,,False,False,insufficient_no_inter_region_projection_segments,"minimum_mappable_segments,minimum_unique_probes,minimum_unique_probe_asns,maximum_country_fallback_share",0.0,0.0,,
ET,B-Root,resolved_entry_only,,,0.0,0.0,,,,,,,,unknown_network_transition_concentration,,False,False,insufficient_no_inter_region_projection_segments,"minimum_mappable_segments,minimum_unique_probes,minimum_unique_probe_asns,maximum_country_fallback_share",0.0,0.0,,
FI,B-Root,all_publicly_visible,5010,dns-root_b-root_msm5010_20260701T000000Z_010000Z.json,172.0,16.0,1299->1299,0.5697674418604651,0.7325581395348837,0.7848837209302326,1.6116667251913128,0.5812858979998157,5.011156492033526,broad_network_transition_distribution,0.0,True,True,auditable,,136.0,49.0,0.1511627906976744,0.8488372093023255
FI,B-Root,resolved_entry_only,,,0.0,0.0,,,,,,,,unknown_network_transition_concentration,,False,False,insufficient_no_inter_region_projection_segments,"minimum_mappable_segments,minimum_unique_probes,minimum_unique_probe_asns,maximum_country_fallback_share",0.0,0.0,,
FJ,B-Root,all_publicly_visible,,,0.0,0.0,,,,,,,,unknown_network_transition_concentration,,False,False,insufficient_no_inter_region_projection_segments,"minimum_mappable_segments,minimum_unique_probes,minimum_unique_probe_asns,maximum_country_fallback_share",0.0,0.0,,
FJ,B-Root,resolved_entry_only,,,0.0,0.0,,,,,,,,unknown_network_transition_concentration,,False,False,insufficient_no_inter_region_projection_segments,"minimum_mappable_segments,minimum_unique_probes,minimum_unique_probe_asns,maximum_country_fallback_share",0.0,0.0,,
FM,B-Root,all_publicly_visible,,,0.0,0.0,,,,,,,,unknown_network_transition_concentration,,False,False,insufficient_no_inter_region_projection_segments,"minimum_mappable_segments,minimum_unique_probes,minimum_unique_probe_asns,maximum_country_fallback_share",0.0,0.0,,
FM,B-Root,resolved_entry_only,,,0.0,0.0,,,,,,,,unknown_network_transition_concentration,,False,False,insufficient_no_inter_region_projection_segments,"minimum_mappable_segments,minimum_unique_probes,minimum_unique_probe_asns,maximum_country_fallback_share",0.0,0.0,,
FR,B-Root,all_publicly_visible,,,0.0,0.0,,,,,,,,unknown_network_transition_concentration,,False,False,insufficient_no_inter_region_projection_segments,"minimum_mappable_segments,minimum_unique_probes,minimum_unique_probe_asns,maximum_country_fallback_share",0.0,0.0,,
FR,B-Root,resolved_entry_only,,,0.0,0.0,,,,,,,,unknown_network_transition_concentration,,False,False,insufficient_no_inter_region_projection_segments,"minimum_mappable_segments,minimum_unique_probes,minimum_unique_probe_asns,maximum_country_fallback_share",0.0,0.0,,
GB,B-Root,all_publicly_visible,,,0.0,0.0,,,,,,,,unknown_network_transition_concentration,,False,False,insufficient_no_inter_region_projection_segments,"minimum_mappable_segments,minimum_unique_probes,minimum_unique_probe_asns,maximum_country_fallback_share",0.0,0.0,,
GB,B-Root,resolved_entry_only,,,0.0,0.0,,,,,,,,unknown_network_transition_concentration,,False,False,insufficient_no_inter_region_projection_segments,"minimum_mappable_segments,minimum_unique_probes,minimum_unique_probe_asns,maximum_country_fallback_share",0.0,0.0,,
GE,B-Root,all_publicly_visible,,,0.0,0.0,,,,,,,,unknown_network_transition_concentration,,False,False,insufficient_no_inter_region_projection_segments,"minimum_mappable_segments,minimum_unique_probes,minimum_unique_probe_asns,maximum_country_fallback_share",0.0,0.0,,
GE,B-Root,resolved_entry_only,,,0.0,0.0,,,,,,,,unknown_network_transition_concentration,,False,False,insufficient_no_inter_region_projection_segments,"minimum_mappable_segments,minimum_unique_probes,minimum_unique_probe_asns,maximum_country_fallback_share",0.0,0.0,,
GF,B-Root,all_publicly_visible,,,0.0,0.0,,,,,,,,unknown_network_transition_concentration,,False,False,insufficient_no_inter_region_projection_segments,"minimum_mappable_segments,minimum_unique_probes,minimum_unique_probe_asns,maximum_country_fallback_share",0.0,0.0,,
GF,B-Root,resolved_entry_only,,,0.0,0.0,,,,,,,,unknown_network_transition_concentration,,False,False,insufficient_no_inter_region_projection_segments,"minimum_mappable_segments,minimum_unique_probes,minimum_unique_probe_asns,maximum_country_fallback_share",0.0,0.0,,
GG,B-Root,all_publicly_visible,5010,dns-root_b-root_msm5010_20260701T000000Z_010000Z.json,2.0,1.0,8680->8680,1.0,1.0,1.0,-0.0,0.0,1.0,severe_network_transition_concentration,0.0,True,False,"insufficient_minimum_mappable_segments,minimum_unique_probes,minimum_unique_probe_asns","minimum_mappable_segments,minimum_unique_probes,minimum_unique_probe_asns",1.0,1.0,1.0,0.0
GG,B-Root,resolved_entry_only,,,0.0,0.0,,,,,,,,unknown_network_transition_concentration,,False,False,insufficient_no_inter_region_projection_segments,"minimum_mappable_segments,minimum_unique_probes,minimum_unique_probe_asns,maximum_country_fallback_share",0.0,0.0,,
GH,B-Root,all_publicly_visible,5010,dns-root_b-root_msm5010_20260701T000000Z_010000Z.json,8.0,5.0,37468->37468,0.25,0.5,0.75,1.559581156259877,0.9690222556651344,4.756828460010884,broad_network_transition_distribution,0.0,True,False,"insufficient_minimum_mappable_segments,minimum_unique_probes,minimum_unique_probe_asns","minimum_mappable_segments,minimum_unique_probes,minimum_unique_probe_asns",2.0,2.0,0.375,0.625
GH,B-Root,resolved_entry_only,,,0.0,0.0,,,,,,,,unknown_network_transition_concentration,,False,False,insufficient_no_inter_region_projection_segments,"minimum_mappable_segments,minimum_unique_probes,minimum_unique_probe_asns,maximum_country_fallback_share",0.0,0.0,,
GP,B-Root,all_publicly_visible,5010,dns-root_b-root_msm5010_20260701T000000Z_010000Z.json,1.0,1.0,21351->21351,1.0,1.0,1.0,-0.0,0.0,1.0,severe_network_transition_concentration,0.0,True,False,"insufficient_minimum_mappable_segments,minimum_unique_probes,minimum_unique_probe_asns","minimum_mappable_segments,minimum_unique_probes,minimum_unique_probe_asns",1.0,1.0,1.0,0.0
GP,B-Root,resolved_entry_only,,,0.0,0.0,,,,,,,,unknown_network_transition_concentration,,False,False,insufficient_no_inter_region_projection_segments,"minimum_mappable_segments,minimum_unique_probes,minimum_unique_probe_asns,maximum_country_fallback_share",0.0,0.0,,
GQ,B-Root,all_publicly_visible,,,0.0,0.0,,,,,,,,unknown_network_transition_concentration,,False,False,insufficient_no_inter_region_projection_segments,"minimum_mappable_segments,minimum_unique_probes,minimum_unique_probe_asns,maximum_country_fallback_share",0.0,0.0,,
GQ,B-Root,resolved_entry_only,,,0.0,0.0,,,,,,,,unknown_network_transition_concentration,,False,False,insufficient_no_inter_region_projection_segments,"minimum_mappable_segments,minimum_unique_probes,minimum_unique_probe_asns,maximum_country_fallback_share",0.0,0.0,,
GR,B-Root,all_publicly_visible,,,0.0,0.0,,,,,,,,unknown_network_transition_concentration,,False,False,insufficient_no_inter_region_projection_segments,"minimum_mappable_segments,minimum_unique_probes,minimum_unique_probe_asns,maximum_country_fallback_share",0.0,0.0,,
GR,B-Root,resolved_entry_only,,,0.0,0.0,,,,,,,,unknown_network_transition_concentration,,False,False,insufficient_no_inter_region_projection_segments,"minimum_mappable_segments,minimum_unique_probes,minimum_unique_probe_asns,maximum_country_fallback_share",0.0,0.0,,
GT,B-Root,all_publicly_visible,,,0.0,0.0,,,,,,,,unknown_network_transition_concentration,,False,False,insufficient_no_inter_region_projection_segments,"minimum_mappable_segments,minimum_unique_probes,minimum_unique_probe_asns,maximum_country_fallback_share",0.0,0.0,,
GT,B-Root,resolved_entry_only,,,0.0,0.0,,,,,,,,unknown_network_transition_concentration,,False,False,insufficient_no_inter_region_projection_segments,"minimum_mappable_segments,minimum_unique_probes,minimum_unique_probe_asns,maximum_country_fallback_share",0.0,0.0,,
GU,B-Root,all_publicly_visible,5010,dns-root_b-root_msm5010_20260701T000000Z_010000Z.json,10.0,5.0,6939->6939,0.4,0.7,0.8,1.4184836619456564,0.881353453268883,4.130851920890753,weak_network_transition_concentration,0.0,True,False,"insufficient_minimum_mappable_segments,minimum_unique_probes","minimum_mappable_segments,minimum_unique_probes",5.0,3.0,0.3,0.7
GU,B-Root,resolved_entry_only,,,0.0,0.0,,,,,,,,unknown_network_transition_concentration,,False,False,insufficient_no_inter_region_projection_segments,"minimum_mappable_segments,minimum_unique_probes,minimum_unique_probe_asns,maximum_country_fallback_share",0.0,0.0,,
HK,B-Root,all_publicly_visible,5010,dns-root_b-root_msm5010_20260701T000000Z_010000Z.json,87.0,16.0,2914->2914,0.41379310344827586,0.7586206896551724,0.7816091954022989,1.6987050869060336,0.6126783512030476,5.466863692950947,broad_network_transition_distribution,0.0,True,True,auditable,,51.0,29.0,0.42528735632183906,0.5747126436781609
HK,B-Root,resolved_entry_only,,,0.0,0.0,,,,,,,,unknown_network_transition_concentration,,False,False,insufficient_no_inter_region_projection_segments,"minimum_mappable_segments,minimum_unique_probes,minimum_unique_probe_asns,maximum_country_fallback_share",0.0,0.0,,
HN,B-Root,all_publicly_visible,5010,dns-root_b-root_msm5010_20260701T000000Z_010000Z.json,4.0,2.0,263725->54082,0.75,1.0,1.0,0.5623351446188083,0.8112781244591328,1.7547653506033232,moderate_network_transition_concentration,0.0,True,False,"insufficient_minimum_mappable_segments,minimum_unique_probes","minimum_mappable_segments,minimum_unique_probes",4.0,4.0,0.0,1.0
HN,B-Root,resolved_entry_only,,,0.0,0.0,,,,,,,,unknown_network_transition_concentration,,False,False,insufficient_no_inter_region_projection_segments,"minimum_mappable_segments,minimum_unique_probes,minimum_unique_probe_asns,maximum_country_fallback_share",0.0,0.0,,
HR,B-Root,all_publicly_visible,,,0.0,0.0,,,,,,,,unknown_network_transition_concentration,,False,False,insufficient_no_inter_region_projection_segments,"minimum_mappable_segments,minimum_unique_probes,minimum_unique_probe_asns,maximum_country_fallback_share",0.0,0.0,,
HR,B-Root,resolved_entry_only,,,0.0,0.0,,,,,,,,unknown_network_transition_concentration,,False,False,insufficient_no_inter_region_projection_segments,"minimum_mappable_segments,minimum_unique_probes,minimum_unique_probe_asns,maximum_country_fallback_share",0.0,0.0,,
HT,B-Root,all_publicly_visible,,,0.0,0.0,,,,,,,,unknown_network_transition_concentration,,False,False,insufficient_no_inter_region_projection_segments,"minimum_mappable_segments,minimum_unique_probes,minimum_unique_probe_asns,maximum_country_fallback_share",0.0,0.0,,
HT,B-Root,resolved_entry_only,,,0.0,0.0,,,,,,,,unknown_network_transition_concentration,,False,False,insufficient_no_inter_region_projection_segments,"minimum_mappable_segments,minimum_unique_probes,minimum_unique_probe_asns,maximum_country_fallback_share",0.0,0.0,,
HU,B-Root,all_publicly_visible,,,0.0,0.0,,,,,,,,unknown_network_transition_concentration,,False,False,insufficient_no_inter_region_projection_segments,"minimum_mappable_segments,minimum_unique_probes,minimum_unique_probe_asns,maximum_country_fallback_share",0.0,0.0,,
HU,B-Root,resolved_entry_only,,,0.0,0.0,,,,,,,,unknown_network_transition_concentration,,False,False,insufficient_no_inter_region_projection_segments,"minimum_mappable_segments,minimum_unique_probes,minimum_unique_probe_asns,maximum_country_fallback_share",0.0,0.0,,
ID,B-Root,all_publicly_visible,5010,dns-root_b-root_msm5010_20260701T000000Z_010000Z.json,316.0,97.0,1299->1299,0.14556962025316456,0.22151898734177217,0.2626582278481013,3.9636935631168333,0.8664358429947319,52.65143865652031,broad_network_transition_distribution,0.056962025316455694,True,True,auditable,,86.0,62.0,0.7974683544303798,0.20253164556962025
ID,B-Root,resolved_entry_only,,,0.0,0.0,,,,,,,,unknown_network_transition_concentration,,False,False,insufficient_no_inter_region_projection_segments,"minimum_mappable_segments,minimum_unique_probes,minimum_unique_probe_asns,maximum_country_fallback_share",0.0,0.0,,
IE,B-Root,all_publicly_visible,,,0.0,0.0,,,,,,,,unknown_network_transition_concentration,,False,False,insufficient_no_inter_region_projection_segments,"minimum_mappable_segments,minimum_unique_probes,minimum_unique_probe_asns,maximum_country_fallback_share",0.0,0.0,,
IE,B-Root,resolved_entry_only,,,0.0,0.0,,,,,,,,unknown_network_transition_concentration,,False,False,insufficient_no_inter_region_projection_segments,"minimum_mappable_segments,minimum_unique_probes,minimum_unique_probe_asns,maximum_country_fallback_share",0.0,0.0,,
IL,B-Root,all_publicly_visible,5010,dns-root_b-root_msm5010_20260701T000000Z_010000Z.json,45.0,10.0,1680->1680,0.4222222222222222,0.6888888888888889,0.7777777777777778,1.6735396214764942,0.7268090228536981,5.331004177564461,broad_network_transition_distribution,0.0,True,True,auditable,,21.0,9.0,0.8,0.2
IL,B-Root,resolved_entry_only,,,0.0,0.0,,,,,,,,unknown_network_transition_concentration,,False,False,insufficient_no_inter_region_projection_segments,"minimum_mappable_segments,minimum_unique_probes,minimum_unique_probe_asns,maximum_country_fallback_share",0.0,0.0,,
IM,B-Root,all_publicly_visible,,,0.0,0.0,,,,,,,,unknown_network_transition_concentration,,False,False,insufficient_no_inter_region_projection_segments,"minimum_mappable_segments,minimum_unique_probes,minimum_unique_probe_asns,maximum_country_fallback_share",0.0,0.0,,
IM,B-Root,resolved_entry_only,,,0.0,0.0,,,,,,,,unknown_network_transition_concentration,,False,False,insufficient_no_inter_region_projection_segments,"minimum_mappable_segments,minimum_unique_probes,minimum_unique_probe_asns,maximum_country_fallback_share",0.0,0.0,,
IN,B-Root,all_publicly_visible,5010,dns-root_b-root_msm5010_20260701T000000Z_010000Z.json,228.0,16.0,1299->1299,0.21929824561403508,0.3684210526315789,0.513157894736842,2.2479643449503657,0.810781753138775,9.468441723735266,broad_network_transition_distribution,0.06578947368421052,True,True,auditable,,116.0,47.0,0.7149122807017544,0.2850877192982456
IN,B-Root,resolved_entry_only,,,0.0,0.0,,,,,,,,unknown_network_transition_concentration,,False,False,insufficient_no_inter_region_projection_segments,"minimum_mappable_segments,minimum_unique_probes,minimum_unique_probe_asns,maximum_country_fallback_share",0.0,0.0,,
IQ,B-Root,all_publicly_visible,,,0.0,0.0,,,,,,,,unknown_network_transition_concentration,,False,False,insufficient_no_inter_region_projection_segments,"minimum_mappable_segments,minimum_unique_probes,minimum_unique_probe_asns,maximum_country_fallback_share",0.0,0.0,,
IQ,B-Root,resolved_entry_only,,,0.0,0.0,,,,,,,,unknown_network_transition_concentration,,False,False,insufficient_no_inter_region_projection_segments,"minimum_mappable_segments,minimum_unique_probes,minimum_unique_probe_asns,maximum_country_fallback_share",0.0,0.0,,
IR,B-Root,all_publicly_visible,,,0.0,0.0,,,,,,,,unknown_network_transition_concentration,,False,False,insufficient_no_inter_region_projection_segments,"minimum_mappable_segments,minimum_unique_probes,minimum_unique_probe_asns,maximum_country_fallback_share",0.0,0.0,,
IR,B-Root,resolved_entry_only,,,0.0,0.0,,,,,,,,unknown_network_transition_concentration,,False,False,insufficient_no_inter_region_projection_segments,"minimum_mappable_segments,minimum_unique_probes,minimum_unique_probe_asns,maximum_country_fallback_share",0.0,0.0,,
IS,B-Root,all_publicly_visible,,,0.0,0.0,,,,,,,,unknown_network_transition_concentration,,False,False,insufficient_no_inter_region_projection_segments,"minimum_mappable_segments,minimum_unique_probes,minimum_unique_probe_asns,maximum_country_fallback_share",0.0,0.0,,
IS,B-Root,resolved_entry_only,,,0.0,0.0,,,,,,,,unknown_network_transition_concentration,,False,False,insufficient_no_inter_region_projection_segments,"minimum_mappable_segments,minimum_unique_probes,minimum_unique_probe_asns,maximum_country_fallback_share",0.0,0.0,,
IT,B-Root,all_publicly_visible,5010,dns-root_b-root_msm5010_20260701T000000Z_010000Z.json,6.0,3.0,174->174,0.6666666666666666,0.8333333333333333,1.0,0.8675632284814613,0.7896900821428475,2.3811015779522995,moderate_network_transition_concentration,0.0,True,False,"insufficient_minimum_mappable_segments,minimum_unique_probes","minimum_mappable_segments,minimum_unique_probes",4.0,3.0,0.5,0.5
IT,B-Root,resolved_entry_only,,,0.0,0.0,,,,,,,,unknown_network_transition_concentration,,False,False,insufficient_no_inter_region_projection_segments,"minimum_mappable_segments,minimum_unique_probes,minimum_unique_probe_asns,maximum_country_fallback_share",0.0,0.0,,
JM,B-Root,all_publicly_visible,5010,dns-root_b-root_msm5010_20260701T000000Z_010000Z.json,5.0,2.0,33576->40786,0.6,1.0,1.0,0.6730116670092565,0.9709505944546688,1.9601317042077895,moderate_network_transition_concentration,0.0,True,False,"insufficient_minimum_mappable_segments,minimum_unique_probes,minimum_unique_probe_asns","minimum_mappable_segments,minimum_unique_probes,minimum_unique_probe_asns",4.0,2.0,1.0,0.0
JM,B-Root,resolved_entry_only,,,0.0,0.0,,,,,,,,unknown_network_transition_concentration,,False,False,insufficient_no_inter_region_projection_segments,"minimum_mappable_segments,minimum_unique_probes,minimum_unique_probe_asns,maximum_country_fallback_share",0.0,0.0,,
JO,B-Root,all_publicly_visible,,,0.0,0.0,,,,,,,,unknown_network_transition_concentration,,False,False,insufficient_no_inter_region_projection_segments,"minimum_mappable_segments,minimum_unique_probes,minimum_unique_probe_asns,maximum_country_fallback_share",0.0,0.0,,
JO,B-Root,resolved_entry_only,,,0.0,0.0,,,,,,,,unknown_network_transition_concentration,,False,False,insufficient_no_inter_region_projection_segments,"minimum_mappable_segments,minimum_unique_probes,minimum_unique_probe_asns,maximum_country_fallback_share",0.0,0.0,,
JP,B-Root,all_publicly_visible,5010,dns-root_b-root_msm5010_20260701T000000Z_010000Z.json,28.0,6.0,1299->1299,0.7142857142857143,0.8571428571428572,0.8928571428571429,0.9943536917623689,0.5549593619230415,2.7029768204365503,moderate_network_transition_concentration,0.0,True,False,insufficient_minimum_mappable_segments,minimum_mappable_segments,23.0,19.0,0.9642857142857143,0.03571428571428571
JP,B-Root,resolved_entry_only,,,0.0,0.0,,,,,,,,unknown_network_transition_concentration,,False,False,insufficient_no_inter_region_projection_segments,"minimum_mappable_segments,minimum_unique_probes,minimum_unique_probe_asns,maximum_country_fallback_share",0.0,0.0,,
KE,B-Root,all_publicly_visible,5010,dns-root_b-root_msm5010_20260701T000000Z_010000Z.json,2.0,1.0,6939->6939,1.0,1.0,1.0,-0.0,0.0,1.0,severe_network_transition_concentration,0.0,True,False,"insufficient_minimum_mappable_segments,minimum_unique_probes,minimum_unique_probe_asns","minimum_mappable_segments,minimum_unique_probes,minimum_unique_probe_asns",1.0,1.0,0.0,1.0
KE,B-Root,resolved_entry_only,,,0.0,0.0,,,,,,,,unknown_network_transition_concentration,,False,False,insufficient_no_inter_region_projection_segments,"minimum_mappable_segments,minimum_unique_probes,minimum_unique_probe_asns,maximum_country_fallback_share",0.0,0.0,,
KG,B-Root,all_publicly_visible,,,0.0,0.0,,,,,,,,unknown_network_transition_concentration,,False,False,insufficient_no_inter_region_projection_segments,"minimum_mappable_segments,minimum_unique_probes,minimum_unique_probe_asns,maximum_country_fallback_share",0.0,0.0,,
KG,B-Root,resolved_entry_only,,,0.0,0.0,,,,,,,,unknown_network_transition_concentration,,False,False,insufficient_no_inter_region_projection_segments,"minimum_mappable_segments,minimum_unique_probes,minimum_unique_probe_asns,maximum_country_fallback_share",0.0,0.0,,
KH,B-Root,all_publicly_visible,5010,dns-root_b-root_msm5010_20260701T000000Z_010000Z.json,2.0,2.0,59318->6939,0.5,1.0,1.0,0.6931471805599453,1.0,2.0,moderate_network_transition_concentration,0.0,True,False,"insufficient_minimum_mappable_segments,minimum_unique_probes,minimum_unique_probe_asns","minimum_mappable_segments,minimum_unique_probes,minimum_unique_probe_asns",2.0,2.0,1.0,0.0
KH,B-Root,resolved_entry_only,,,0.0,0.0,,,,,,,,unknown_network_transition_concentration,,False,False,insufficient_no_inter_region_projection_segments,"minimum_mappable_segments,minimum_unique_probes,minimum_unique_probe_asns,maximum_country_fallback_share",0.0,0.0,,
KI,B-Root,all_publicly_visible,5010,dns-root_b-root_msm5010_20260701T000000Z_010000Z.json,3.0,2.0,COUNTRY_FALLBACK:AU->AU,0.6666666666666666,1.0,1.0,0.6365141682948128,0.9182958340544894,1.8898815748423097,moderate_network_transition_concentration,0.6666666666666666,False,False,"insufficient_minimum_mappable_segments,minimum_unique_probes,minimum_unique_probe_asns,maximum_country_fallback_share","minimum_mappable_segments,minimum_unique_probes,minimum_unique_probe_asns,maximum_country_fallback_share",2.0,1.0,1.0,0.0
KI,B-Root,resolved_entry_only,,,0.0,0.0,,,,,,,,unknown_network_transition_concentration,,False,False,insufficient_no_inter_region_projection_segments,"minimum_mappable_segments,minimum_unique_probes,minimum_unique_probe_asns,maximum_country_fallback_share",0.0,0.0,,
KN,B-Root,all_publicly_visible,5010,dns-root_b-root_msm5010_20260701T000000Z_010000Z.json,1.0,1.0,36290->36290,1.0,1.0,1.0,-0.0,0.0,1.0,severe_network_transition_concentration,0.0,True,False,"insufficient_minimum_mappable_segments,minimum_unique_probes,minimum_unique_probe_asns","minimum_mappable_segments,minimum_unique_probes,minimum_unique_probe_asns",1.0,1.0,1.0,0.0
KN,B-Root,resolved_entry_only,,,0.0,0.0,,,,,,,,unknown_network_transition_concentration,,False,False,insufficient_no_inter_region_projection_segments,"minimum_mappable_segments,minimum_unique_probes,minimum_unique_probe_asns,maximum_country_fallback_share",0.0,0.0,,
KR,B-Root,all_publicly_visible,5010,dns-root_b-root_msm5010_20260701T000000Z_010000Z.json,8.0,2.0,1299->1299,0.875,1.0,1.0,0.37677016125643675,0.5435644431995964,1.4575692649810903,severe_network_transition_concentration,0.0,True,False,"insufficient_minimum_mappable_segments,minimum_unique_probes","minimum_mappable_segments,minimum_unique_probes",8.0,4.0,0.75,0.25
KR,B-Root,resolved_entry_only,,,0.0,0.0,,,,,,,,unknown_network_transition_concentration,,False,False,insufficient_no_inter_region_projection_segments,"minimum_mappable_segments,minimum_unique_probes,minimum_unique_probe_asns,maximum_country_fallback_share",0.0,0.0,,
KW,B-Root,all_publicly_visible,5010,dns-root_b-root_msm5010_20260701T000000Z_010000Z.json,1.0,1.0,39386->1299,1.0,1.0,1.0,-0.0,0.0,1.0,severe_network_transition_concentration,0.0,True,False,"insufficient_minimum_mappable_segments,minimum_unique_probes,minimum_unique_probe_asns","minimum_mappable_segments,minimum_unique_probes,minimum_unique_probe_asns",1.0,1.0,0.0,1.0
KW,B-Root,resolved_entry_only,,,0.0,0.0,,,,,,,,unknown_network_transition_concentration,,False,False,insufficient_no_inter_region_projection_segments,"minimum_mappable_segments,minimum_unique_probes,minimum_unique_probe_asns,maximum_country_fallback_share",0.0,0.0,,
KY,B-Root,all_publicly_visible,5010,dns-root_b-root_msm5010_20260701T000000Z_010000Z.json,1.0,1.0,36549->3855,1.0,1.0,1.0,-0.0,0.0,1.0,severe_network_transition_concentration,0.0,True,False,"insufficient_minimum_mappable_segments,minimum_unique_probes,minimum_unique_probe_asns","minimum_mappable_segments,minimum_unique_probes,minimum_unique_probe_asns",1.0,1.0,0.0,1.0
KY,B-Root,resolved_entry_only,,,0.0,0.0,,,,,,,,unknown_network_transition_concentration,,False,False,insufficient_no_inter_region_projection_segments,"minimum_mappable_segments,minimum_unique_probes,minimum_unique_probe_asns,maximum_country_fallback_share",0.0,0.0,,
KZ,B-Root,all_publicly_visible,,,0.0,0.0,,,,,,,,unknown_network_transition_concentration,,False,False,insufficient_no_inter_region_projection_segments,"minimum_mappable_segments,minimum_unique_probes,minimum_unique_probe_asns,maximum_country_fallback_share",0.0,0.0,,
KZ,B-Root,resolved_entry_only,,,0.0,0.0,,,,,,,,unknown_network_transition_concentration,,False,False,insufficient_no_inter_region_projection_segments,"minimum_mappable_segments,minimum_unique_probes,minimum_unique_probe_asns,maximum_country_fallback_share",0.0,0.0,,
LA,B-Root,all_publicly_visible,5010,dns-root_b-root_msm5010_20260701T000000Z_010000Z.json,6.0,2.0,2914->2914,0.6666666666666666,1.0,1.0,0.6365141682948128,0.9182958340544894,1.8898815748423097,moderate_network_transition_concentration,0.0,True,False,"insufficient_minimum_mappable_segments,minimum_unique_probes,minimum_unique_probe_asns","minimum_mappable_segments,minimum_unique_probes,minimum_unique_probe_asns",4.0,1.0,1.0,0.0
LA,B-Root,resolved_entry_only,,,0.0,0.0,,,,,,,,unknown_network_transition_concentration,,False,False,insufficient_no_inter_region_projection_segments,"minimum_mappable_segments,minimum_unique_probes,minimum_unique_probe_asns,maximum_country_fallback_share",0.0,0.0,,
LB,B-Root,all_publicly_visible,,,0.0,0.0,,,,,,,,unknown_network_transition_concentration,,False,False,insufficient_no_inter_region_projection_segments,"minimum_mappable_segments,minimum_unique_probes,minimum_unique_probe_asns,maximum_country_fallback_share",0.0,0.0,,
LB,B-Root,resolved_entry_only,,,0.0,0.0,,,,,,,,unknown_network_transition_concentration,,False,False,insufficient_no_inter_region_projection_segments,"minimum_mappable_segments,minimum_unique_probes,minimum_unique_probe_asns,maximum_country_fallback_share",0.0,0.0,,
LC,B-Root,all_publicly_visible,5010,dns-root_b-root_msm5010_20260701T000000Z_010000Z.json,3.0,1.0,23520->23520,1.0,1.0,1.0,-0.0,0.0,1.0,severe_network_transition_concentration,0.0,True,False,"insufficient_minimum_mappable_segments,minimum_unique_probes,minimum_unique_probe_asns","minimum_mappable_segments,minimum_unique_probes,minimum_unique_probe_asns",2.0,1.0,0.3333333333333333,0.6666666666666666
LC,B-Root,resolved_entry_only,,,0.0,0.0,,,,,,,,unknown_network_transition_concentration,,False,False,insufficient_no_inter_region_projection_segments,"minimum_mappable_segments,minimum_unique_probes,minimum_unique_probe_asns,maximum_country_fallback_share",0.0,0.0,,
LI,B-Root,all_publicly_visible,,,0.0,0.0,,,,,,,,unknown_network_transition_concentration,,False,False,insufficient_no_inter_region_projection_segments,"minimum_mappable_segments,minimum_unique_probes,minimum_unique_probe_asns,maximum_country_fallback_share",0.0,0.0,,
LI,B-Root,resolved_entry_only,,,0.0,0.0,,,,,,,,unknown_network_transition_concentration,,False,False,insufficient_no_inter_region_projection_segments,"minimum_mappable_segments,minimum_unique_probes,minimum_unique_probe_asns,maximum_country_fallback_share",0.0,0.0,,
LK,B-Root,all_publicly_visible,5010,dns-root_b-root_msm5010_20260701T000000Z_010000Z.json,22.0,6.0,2914->2914,0.2727272727272727,0.45454545454545453,0.6363636363636364,1.696409452685073,0.9467841425255246,5.4543281675717195,broad_network_transition_distribution,0.0,True,False,insufficient_minimum_mappable_segments,minimum_mappable_segments,12.0,6.0,0.6363636363636364,0.36363636363636365
LK,B-Root,resolved_entry_only,,,0.0,0.0,,,,,,,,unknown_network_transition_concentration,,False,False,insufficient_no_inter_region_projection_segments,"minimum_mappable_segments,minimum_unique_probes,minimum_unique_probe_asns,maximum_country_fallback_share",0.0,0.0,,
LR,B-Root,all_publicly_visible,5010,dns-root_b-root_msm5010_20260701T000000Z_010000Z.json,1.0,1.0,6939->6939,1.0,1.0,1.0,-0.0,0.0,1.0,severe_network_transition_concentration,0.0,True,False,"insufficient_minimum_mappable_segments,minimum_unique_probes,minimum_unique_probe_asns","minimum_mappable_segments,minimum_unique_probes,minimum_unique_probe_asns",1.0,1.0,0.0,1.0
LR,B-Root,resolved_entry_only,,,0.0,0.0,,,,,,,,unknown_network_transition_concentration,,False,False,insufficient_no_inter_region_projection_segments,"minimum_mappable_segments,minimum_unique_probes,minimum_unique_probe_asns,maximum_country_fallback_share",0.0,0.0,,
LS,B-Root,all_publicly_visible,,,0.0,0.0,,,,,,,,unknown_network_transition_concentration,,False,False,insufficient_no_inter_region_projection_segments,"minimum_mappable_segments,minimum_unique_probes,minimum_unique_probe_asns,maximum_country_fallback_share",0.0,0.0,,
LS,B-Root,resolved_entry_only,,,0.0,0.0,,,,,,,,unknown_network_transition_concentration,,False,False,insufficient_no_inter_region_projection_segments,"minimum_mappable_segments,minimum_unique_probes,minimum_unique_probe_asns,maximum_country_fallback_share",0.0,0.0,,
LT,B-Root,all_publicly_visible,,,0.0,0.0,,,,,,,,unknown_network_transition_concentration,,False,False,insufficient_no_inter_region_projection_segments,"minimum_mappable_segments,minimum_unique_probes,minimum_unique_probe_asns,maximum_country_fallback_share",0.0,0.0,,
LT,B-Root,resolved_entry_only,,,0.0,0.0,,,,,,,,unknown_network_transition_concentration,,False,False,insufficient_no_inter_region_projection_segments,"minimum_mappable_segments,minimum_unique_probes,minimum_unique_probe_asns,maximum_country_fallback_share",0.0,0.0,,
LU,B-Root,all_publicly_visible,,,0.0,0.0,,,,,,,,unknown_network_transition_concentration,,False,False,insufficient_no_inter_region_projection_segments,"minimum_mappable_segments,minimum_unique_probes,minimum_unique_probe_asns,maximum_country_fallback_share",0.0,0.0,,
LU,B-Root,resolved_entry_only,,,0.0,0.0,,,,,,,,unknown_network_transition_concentration,,False,False,insufficient_no_inter_region_projection_segments,"minimum_mappable_segments,minimum_unique_probes,minimum_unique_probe_asns,maximum_country_fallback_share",0.0,0.0,,
LV,B-Root,all_publicly_visible,,,0.0,0.0,,,,,,,,unknown_network_transition_concentration,,False,False,insufficient_no_inter_region_projection_segments,"minimum_mappable_segments,minimum_unique_probes,minimum_unique_probe_asns,maximum_country_fallback_share",0.0,0.0,,
LV,B-Root,resolved_entry_only,,,0.0,0.0,,,,,,,,unknown_network_transition_concentration,,False,False,insufficient_no_inter_region_projection_segments,"minimum_mappable_segments,minimum_unique_probes,minimum_unique_probe_asns,maximum_country_fallback_share",0.0,0.0,,
MA,B-Root,all_publicly_visible,,,0.0,0.0,,,,,,,,unknown_network_transition_concentration,,False,False,insufficient_no_inter_region_projection_segments,"minimum_mappable_segments,minimum_unique_probes,minimum_unique_probe_asns,maximum_country_fallback_share",0.0,0.0,,
MA,B-Root,resolved_entry_only,,,0.0,0.0,,,,,,,,unknown_network_transition_concentration,,False,False,insufficient_no_inter_region_projection_segments,"minimum_mappable_segments,minimum_unique_probes,minimum_unique_probe_asns,maximum_country_fallback_share",0.0,0.0,,
MD,B-Root,all_publicly_visible,,,0.0,0.0,,,,,,,,unknown_network_transition_concentration,,False,False,insufficient_no_inter_region_projection_segments,"minimum_mappable_segments,minimum_unique_probes,minimum_unique_probe_asns,maximum_country_fallback_share",0.0,0.0,,
MD,B-Root,resolved_entry_only,,,0.0,0.0,,,,,,,,unknown_network_transition_concentration,,False,False,insufficient_no_inter_region_projection_segments,"minimum_mappable_segments,minimum_unique_probes,minimum_unique_probe_asns,maximum_country_fallback_share",0.0,0.0,,
ME,B-Root,all_publicly_visible,,,0.0,0.0,,,,,,,,unknown_network_transition_concentration,,False,False,insufficient_no_inter_region_projection_segments,"minimum_mappable_segments,minimum_unique_probes,minimum_unique_probe_asns,maximum_country_fallback_share",0.0,0.0,,
ME,B-Root,resolved_entry_only,,,0.0,0.0,,,,,,,,unknown_network_transition_concentration,,False,False,insufficient_no_inter_region_projection_segments,"minimum_mappable_segments,minimum_unique_probes,minimum_unique_probe_asns,maximum_country_fallback_share",0.0,0.0,,
MG,B-Root,all_publicly_visible,,,0.0,0.0,,,,,,,,unknown_network_transition_concentration,,False,False,insufficient_no_inter_region_projection_segments,"minimum_mappable_segments,minimum_unique_probes,minimum_unique_probe_asns,maximum_country_fallback_share",0.0,0.0,,
MG,B-Root,resolved_entry_only,,,0.0,0.0,,,,,,,,unknown_network_transition_concentration,,False,False,insufficient_no_inter_region_projection_segments,"minimum_mappable_segments,minimum_unique_probes,minimum_unique_probe_asns,maximum_country_fallback_share",0.0,0.0,,
MH,B-Root,all_publicly_visible,5010,dns-root_b-root_msm5010_20260701T000000Z_010000Z.json,2.0,1.0,1299->1299,1.0,1.0,1.0,-0.0,0.0,1.0,severe_network_transition_concentration,0.0,True,False,"insufficient_minimum_mappable_segments,minimum_unique_probes,minimum_unique_probe_asns","minimum_mappable_segments,minimum_unique_probes,minimum_unique_probe_asns",1.0,1.0,1.0,0.0
MH,B-Root,resolved_entry_only,,,0.0,0.0,,,,,,,,unknown_network_transition_concentration,,False,False,insufficient_no_inter_region_projection_segments,"minimum_mappable_segments,minimum_unique_probes,minimum_unique_probe_asns,maximum_country_fallback_share",0.0,0.0,,
MK,B-Root,all_publicly_visible,,,0.0,0.0,,,,,,,,unknown_network_transition_concentration,,False,False,insufficient_no_inter_region_projection_segments,"minimum_mappable_segments,minimum_unique_probes,minimum_unique_probe_asns,maximum_country_fallback_share",0.0,0.0,,
MK,B-Root,resolved_entry_only,,,0.0,0.0,,,,,,,,unknown_network_transition_concentration,,False,False,insufficient_no_inter_region_projection_segments,"minimum_mappable_segments,minimum_unique_probes,minimum_unique_probe_asns,maximum_country_fallback_share",0.0,0.0,,
ML,B-Root,all_publicly_visible,5010,dns-root_b-root_msm5010_20260701T000000Z_010000Z.json,5.0,2.0,6453->6453,0.8,1.0,1.0,0.5004024235381879,0.7219280948873623,1.6493848884661177,severe_network_transition_concentration,0.0,True,False,"insufficient_minimum_mappable_segments,minimum_unique_probes,minimum_unique_probe_asns","minimum_mappable_segments,minimum_unique_probes,minimum_unique_probe_asns",1.0,1.0,0.8,0.2
ML,B-Root,resolved_entry_only,,,0.0,0.0,,,,,,,,unknown_network_transition_concentration,,False,False,insufficient_no_inter_region_projection_segments,"minimum_mappable_segments,minimum_unique_probes,minimum_unique_probe_asns,maximum_country_fallback_share",0.0,0.0,,
MM,B-Root,all_publicly_visible,5010,dns-root_b-root_msm5010_20260701T000000Z_010000Z.json,8.0,3.0,136168->174,0.375,0.75,1.0,1.0821955300387673,0.9850568223215079,2.9511517858675242,weak_network_transition_concentration,0.0,True,False,"insufficient_minimum_mappable_segments,minimum_unique_probes","minimum_mappable_segments,minimum_unique_probes",3.0,3.0,0.375,0.625
MM,B-Root,resolved_entry_only,,,0.0,0.0,,,,,,,,unknown_network_transition_concentration,,False,False,insufficient_no_inter_region_projection_segments,"minimum_mappable_segments,minimum_unique_probes,minimum_unique_probe_asns,maximum_country_fallback_share",0.0,0.0,,
MN,B-Root,all_publicly_visible,5010,dns-root_b-root_msm5010_20260701T000000Z_010000Z.json,6.0,1.0,2914->2914,1.0,1.0,1.0,-0.0,0.0,1.0,severe_network_transition_concentration,0.0,True,False,"insufficient_minimum_mappable_segments,minimum_unique_probes","minimum_mappable_segments,minimum_unique_probes",6.0,6.0,0.0,1.0
MN,B-Root,resolved_entry_only,,,0.0,0.0,,,,,,,,unknown_network_transition_concentration,,False,False,insufficient_no_inter_region_projection_segments,"minimum_mappable_segments,minimum_unique_probes,minimum_unique_probe_asns,maximum_country_fallback_share",0.0,0.0,,
MP,B-Root,all_publicly_visible,5010,dns-root_b-root_msm5010_20260701T000000Z_010000Z.json,1.0,1.0,7131->7131,1.0,1.0,1.0,-0.0,0.0,1.0,severe_network_transition_concentration,0.0,True,False,"insufficient_minimum_mappable_segments,minimum_unique_probes,minimum_unique_probe_asns","minimum_mappable_segments,minimum_unique_probes,minimum_unique_probe_asns",1.0,1.0,0.0,1.0
MP,B-Root,resolved_entry_only,,,0.0,0.0,,,,,,,,unknown_network_transition_concentration,,False,False,insufficient_no_inter_region_projection_segments,"minimum_mappable_segments,minimum_unique_probes,minimum_unique_probe_asns,maximum_country_fallback_share",0.0,0.0,,
MT,B-Root,all_publicly_visible,5010,dns-root_b-root_msm5010_20260701T000000Z_010000Z.json,2.0,1.0,15735->1299,1.0,1.0,1.0,-0.0,0.0,1.0,severe_network_transition_concentration,0.0,True,False,"insufficient_minimum_mappable_segments,minimum_unique_probes,minimum_unique_probe_asns","minimum_mappable_segments,minimum_unique_probes,minimum_unique_probe_asns",2.0,2.0,0.0,1.0
MT,B-Root,resolved_entry_only,,,0.0,0.0,,,,,,,,unknown_network_transition_concentration,,False,False,insufficient_no_inter_region_projection_segments,"minimum_mappable_segments,minimum_unique_probes,minimum_unique_probe_asns,maximum_country_fallback_share",0.0,0.0,,
MU,B-Root,all_publicly_visible,5010,dns-root_b-root_msm5010_20260701T000000Z_010000Z.json,13.0,4.0,6453->6453,0.38461538461538464,0.6153846153846154,0.8461538461538463,1.3322449224385329,0.9610115714257865,3.7895410714624265,weak_network_transition_concentration,0.0,True,False,"insufficient_minimum_mappable_segments,minimum_unique_probes,minimum_unique_probe_asns","minimum_mappable_segments,minimum_unique_probes,minimum_unique_probe_asns",3.0,1.0,1.0,0.0
MU,B-Root,resolved_entry_only,,,0.0,0.0,,,,,,,,unknown_network_transition_concentration,,False,False,insufficient_no_inter_region_projection_segments,"minimum_mappable_segments,minimum_unique_probes,minimum_unique_probe_asns,maximum_country_fallback_share",0.0,0.0,,
MV,B-Root,all_publicly_visible,5010,dns-root_b-root_msm5010_20260701T000000Z_010000Z.json,37.0,10.0,7642->7642,0.5135135135135135,0.7027027027027026,0.7837837837837838,1.6042194565719605,0.6967036577510357,4.973975683122219,broad_network_transition_distribution,0.0,True,True,auditable,,10.0,3.0,0.7567567567567568,0.24324324324324326
MV,B-Root,resolved_entry_only,,,0.0,0.0,,,,,,,,unknown_network_transition_concentration,,False,False,insufficient_no_inter_region_projection_segments,"minimum_mappable_segments,minimum_unique_probes,minimum_unique_probe_asns,maximum_country_fallback_share",0.0,0.0,,
MW,B-Root,all_publicly_visible,,,0.0,0.0,,,,,,,,unknown_network_transition_concentration,,False,False,insufficient_no_inter_region_projection_segments,"minimum_mappable_segments,minimum_unique_probes,minimum_unique_probe_asns,maximum_country_fallback_share",0.0,0.0,,
MW,B-Root,resolved_entry_only,,,0.0,0.0,,,,,,,,unknown_network_transition_concentration,,False,False,insufficient_no_inter_region_projection_segments,"minimum_mappable_segments,minimum_unique_probes,minimum_unique_probe_asns,maximum_country_fallback_share",0.0,0.0,,
MX,B-Root,all_publicly_visible,5010,dns-root_b-root_msm5010_20260701T000000Z_010000Z.json,8.0,3.0,2914->2914,0.5,0.75,1.0,1.0397207708399179,0.946394630357186,2.82842712474619,weak_network_transition_concentration,0.25,True,False,"insufficient_minimum_mappable_segments,minimum_unique_probes","minimum_mappable_segments,minimum_unique_probes",8.0,5.0,0.5,0.5
MX,B-Root,resolved_entry_only,,,0.0,0.0,,,,,,,,unknown_network_transition_concentration,,False,False,insufficient_no_inter_region_projection_segments,"minimum_mappable_segments,minimum_unique_probes,minimum_unique_probe_asns,maximum_country_fallback_share",0.0,0.0,,
MY,B-Root,all_publicly_visible,5010,dns-root_b-root_msm5010_20260701T000000Z_010000Z.json,31.0,14.0,1299->1299,0.41935483870967744,0.5483870967741935,0.6129032258064516,2.0900482427522653,0.7919677300291799,8.085305212272836,broad_network_transition_distribution,0.0,True,True,auditable,,19.0,10.0,0.9032258064516129,0.0967741935483871
MY,B-Root,resolved_entry_only,,,0.0,0.0,,,,,,,,unknown_network_transition_concentration,,False,False,insufficient_no_inter_region_projection_segments,"minimum_mappable_segments,minimum_unique_probes,minimum_unique_probe_asns,maximum_country_fallback_share",0.0,0.0,,
MZ,B-Root,all_publicly_visible,,,0.0,0.0,,,,,,,,unknown_network_transition_concentration,,False,False,insufficient_no_inter_region_projection_segments,"minimum_mappable_segments,minimum_unique_probes,minimum_unique_probe_asns,maximum_country_fallback_share",0.0,0.0,,
MZ,B-Root,resolved_entry_only,,,0.0,0.0,,,,,,,,unknown_network_transition_concentration,,False,False,insufficient_no_inter_region_projection_segments,"minimum_mappable_segments,minimum_unique_probes,minimum_unique_probe_asns,maximum_country_fallback_share",0.0,0.0,,
NA,B-Root,all_publicly_visible,,,0.0,0.0,,,,,,,,unknown_network_transition_concentration,,False,False,insufficient_no_inter_region_projection_segments,"minimum_mappable_segments,minimum_unique_probes,minimum_unique_probe_asns,maximum_country_fallback_share",0.0,0.0,,
NA,B-Root,resolved_entry_only,,,0.0,0.0,,,,,,,,unknown_network_transition_concentration,,False,False,insufficient_no_inter_region_projection_segments,"minimum_mappable_segments,minimum_unique_probes,minimum_unique_probe_asns,maximum_country_fallback_share",0.0,0.0,,
NC,B-Root,all_publicly_visible,5010,dns-root_b-root_msm5010_20260701T000000Z_010000Z.json,9.0,2.0,18200->38195,0.6666666666666666,1.0,1.0,0.6365141682948128,0.9182958340544894,1.8898815748423097,moderate_network_transition_concentration,0.3333333333333333,False,False,"insufficient_minimum_mappable_segments,minimum_unique_probes,minimum_unique_probe_asns,maximum_country_fallback_share","minimum_mappable_segments,minimum_unique_probes,minimum_unique_probe_asns,maximum_country_fallback_share",5.0,2.0,0.3333333333333333,0.6666666666666666
NC,B-Root,resolved_entry_only,,,0.0,0.0,,,,,,,,unknown_network_transition_concentration,,False,False,insufficient_no_inter_region_projection_segments,"minimum_mappable_segments,minimum_unique_probes,minimum_unique_probe_asns,maximum_country_fallback_share",0.0,0.0,,
NG,B-Root,all_publicly_visible,5010,dns-root_b-root_msm5010_20260701T000000Z_010000Z.json,16.0,8.0,6939->6939,0.3125,0.4375,0.5625,1.923065784324152,0.9247991567825664,6.8419021448334885,broad_network_transition_distribution,0.0,True,False,"insufficient_minimum_mappable_segments,minimum_unique_probes","minimum_mappable_segments,minimum_unique_probes",8.0,6.0,0.3125,0.6875
NG,B-Root,resolved_entry_only,,,0.0,0.0,,,,,,,,unknown_network_transition_concentration,,False,False,insufficient_no_inter_region_projection_segments,"minimum_mappable_segments,minimum_unique_probes,minimum_unique_probe_asns,maximum_country_fallback_share",0.0,0.0,,
NI,B-Root,all_publicly_visible,,,0.0,0.0,,,,,,,,unknown_network_transition_concentration,,False,False,insufficient_no_inter_region_projection_segments,"minimum_mappable_segments,minimum_unique_probes,minimum_unique_probe_asns,maximum_country_fallback_share",0.0,0.0,,
NI,B-Root,resolved_entry_only,,,0.0,0.0,,,,,,,,unknown_network_transition_concentration,,False,False,insufficient_no_inter_region_projection_segments,"minimum_mappable_segments,minimum_unique_probes,minimum_unique_probe_asns,maximum_country_fallback_share",0.0,0.0,,
NL,B-Root,all_publicly_visible,5010,dns-root_b-root_msm5010_20260701T000000Z_010000Z.json,8.0,2.0,1257->1299,0.5,1.0,1.0,0.6931471805599453,1.0,2.0,moderate_network_transition_concentration,0.0,True,False,"insufficient_minimum_mappable_segments,minimum_unique_probes,minimum_unique_probe_asns","minimum_mappable_segments,minimum_unique_probes,minimum_unique_probe_asns",4.0,1.0,1.0,0.0
NL,B-Root,resolved_entry_only,,,0.0,0.0,,,,,,,,unknown_network_transition_concentration,,False,False,insufficient_no_inter_region_projection_segments,"minimum_mappable_segments,minimum_unique_probes,minimum_unique_probe_asns,maximum_country_fallback_share",0.0,0.0,,
NO,B-Root,all_publicly_visible,5010,dns-root_b-root_msm5010_20260701T000000Z_010000Z.json,176.0,29.0,29695->29695,0.1875,0.30113636363636365,0.375,2.912315131769438,0.8648824691417553,18.399346207258393,broad_network_transition_distribution,0.0,True,True,auditable,,77.0,28.0,0.9715909090909091,0.028409090909090908
NO,B-Root,resolved_entry_only,,,0.0,0.0,,,,,,,,unknown_network_transition_concentration,,False,False,insufficient_no_inter_region_projection_segments,"minimum_mappable_segments,minimum_unique_probes,minimum_unique_probe_asns,maximum_country_fallback_share",0.0,0.0,,
NP,B-Root,all_publicly_visible,5010,dns-root_b-root_msm5010_20260701T000000Z_010000Z.json,9.0,6.0,9498->1299,0.3333333333333333,0.5555555555555556,0.6666666666666666,1.6769877743224173,0.935944697445866,5.349418023423783,broad_network_transition_distribution,0.1111111111111111,True,False,"insufficient_minimum_mappable_segments,minimum_unique_probes,minimum_unique_probe_asns","minimum_mappable_segments,minimum_unique_probes,minimum_unique_probe_asns",6.0,2.0,0.7777777777777778,0.2222222222222222
NP,B-Root,resolved_entry_only,,,0.0,0.0,,,,,,,,unknown_network_transition_concentration,,False,False,insufficient_no_inter_region_projection_segments,"minimum_mappable_segments,minimum_unique_probes,minimum_unique_probe_asns,maximum_country_fallback_share",0.0,0.0,,
NU,B-Root,all_publicly_visible,5010,dns-root_b-root_msm5010_20260701T000000Z_010000Z.json,1.0,1.0,55885->38800,1.0,1.0,1.0,-0.0,0.0,1.0,severe_network_transition_concentration,0.0,True,False,"insufficient_minimum_mappable_segments,minimum_unique_probes,minimum_unique_probe_asns","minimum_mappable_segments,minimum_unique_probes,minimum_unique_probe_asns",1.0,1.0,0.0,1.0
NU,B-Root,resolved_entry_only,,,0.0,0.0,,,,,,,,unknown_network_transition_concentration,,False,False,insufficient_no_inter_region_projection_segments,"minimum_mappable_segments,minimum_unique_probes,minimum_unique_probe_asns,maximum_country_fallback_share",0.0,0.0,,
NZ,B-Root,all_publicly_visible,5010,dns-root_b-root_msm5010_20260701T000000Z_010000Z.json,370.0,27.0,7578->7578,0.3,0.4054054054054054,0.5054054054054054,2.347498450756715,0.7122617247748304,10.459372336407121,broad_network_transition_distribution,0.016216216216216217,True,True,auditable,,79.0,23.0,0.8189189189189189,0.1810810810810811
NZ,B-Root,resolved_entry_only,,,0.0,0.0,,,,,,,,unknown_network_transition_concentration,,False,False,insufficient_no_inter_region_projection_segments,"minimum_mappable_segments,minimum_unique_probes,minimum_unique_probe_asns,maximum_country_fallback_share",0.0,0.0,,
OM,B-Root,all_publicly_visible,,,0.0,0.0,,,,,,,,unknown_network_transition_concentration,,False,False,insufficient_no_inter_region_projection_segments,"minimum_mappable_segments,minimum_unique_probes,minimum_unique_probe_asns,maximum_country_fallback_share",0.0,0.0,,
OM,B-Root,resolved_entry_only,,,0.0,0.0,,,,,,,,unknown_network_transition_concentration,,False,False,insufficient_no_inter_region_projection_segments,"minimum_mappable_segments,minimum_unique_probes,minimum_unique_probe_asns,maximum_country_fallback_share",0.0,0.0,,
PA,B-Root,all_publicly_visible,5010,dns-root_b-root_msm5010_20260701T000000Z_010000Z.json,1.0,1.0,11556->23520,1.0,1.0,1.0,-0.0,0.0,1.0,severe_network_transition_concentration,0.0,True,False,"insufficient_minimum_mappable_segments,minimum_unique_probes,minimum_unique_probe_asns","minimum_mappable_segments,minimum_unique_probes,minimum_unique_probe_asns",1.0,1.0,0.0,1.0
PA,B-Root,resolved_entry_only,,,0.0,0.0,,,,,,,,unknown_network_transition_concentration,,False,False,insufficient_no_inter_region_projection_segments,"minimum_mappable_segments,minimum_unique_probes,minimum_unique_probe_asns,maximum_country_fallback_share",0.0,0.0,,
PE,B-Root,all_publicly_visible,,,0.0,0.0,,,,,,,,unknown_network_transition_concentration,,False,False,insufficient_no_inter_region_projection_segments,"minimum_mappable_segments,minimum_unique_probes,minimum_unique_probe_asns,maximum_country_fallback_share",0.0,0.0,,
PE,B-Root,resolved_entry_only,,,0.0,0.0,,,,,,,,unknown_network_transition_concentration,,False,False,insufficient_no_inter_region_projection_segments,"minimum_mappable_segments,minimum_unique_probes,minimum_unique_probe_asns,maximum_country_fallback_share",0.0,0.0,,
PF,B-Root,all_publicly_visible,,,0.0,0.0,,,,,,,,unknown_network_transition_concentration,,False,False,insufficient_no_inter_region_projection_segments,"minimum_mappable_segments,minimum_unique_probes,minimum_unique_probe_asns,maximum_country_fallback_share",0.0,0.0,,
PF,B-Root,resolved_entry_only,,,0.0,0.0,,,,,,,,unknown_network_transition_concentration,,False,False,insufficient_no_inter_region_projection_segments,"minimum_mappable_segments,minimum_unique_probes,minimum_unique_probe_asns,maximum_country_fallback_share",0.0,0.0,,
PG,B-Root,all_publicly_visible,5010,dns-root_b-root_msm5010_20260701T000000Z_010000Z.json,2.0,2.0,17828->4826,0.5,1.0,1.0,0.6931471805599453,1.0,2.0,moderate_network_transition_concentration,0.5,False,False,"insufficient_minimum_mappable_segments,minimum_unique_probes,minimum_unique_probe_asns,maximum_country_fallback_share","minimum_mappable_segments,minimum_unique_probes,minimum_unique_probe_asns,maximum_country_fallback_share",1.0,1.0,0.5,0.5
PG,B-Root,resolved_entry_only,,,0.0,0.0,,,,,,,,unknown_network_transition_concentration,,False,False,insufficient_no_inter_region_projection_segments,"minimum_mappable_segments,minimum_unique_probes,minimum_unique_probe_asns,maximum_country_fallback_share",0.0,0.0,,
PH,B-Root,all_publicly_visible,5010,dns-root_b-root_msm5010_20260701T000000Z_010000Z.json,95.0,24.0,1299->1299,0.29473684210526313,0.3894736842105263,0.47368421052631576,2.6130208023136294,0.8222078485144935,13.6401930059785,broad_network_transition_distribution,0.0,True,True,auditable,,51.0,29.0,0.4631578947368421,0.5368421052631579
PH,B-Root,resolved_entry_only,,,0.0,0.0,,,,,,,,unknown_network_transition_concentration,,False,False,insufficient_no_inter_region_projection_segments,"minimum_mappable_segments,minimum_unique_probes,minimum_unique_probe_asns,maximum_country_fallback_share",0.0,0.0,,
PK,B-Root,all_publicly_visible,5010,dns-root_b-root_msm5010_20260701T000000Z_010000Z.json,4.0,2.0,COUNTRY_FALLBACK:PK->FR,0.5,1.0,1.0,0.6931471805599453,1.0,2.0,moderate_network_transition_concentration,0.5,False,False,"insufficient_minimum_mappable_segments,minimum_unique_probes,maximum_country_fallback_share","minimum_mappable_segments,minimum_unique_probes,maximum_country_fallback_share",4.0,4.0,0.5,0.5
PK,B-Root,resolved_entry_only,,,0.0,0.0,,,,,,,,unknown_network_transition_concentration,,False,False,insufficient_no_inter_region_projection_segments,"minimum_mappable_segments,minimum_unique_probes,minimum_unique_probe_asns,maximum_country_fallback_share",0.0,0.0,,
PL,B-Root,all_publicly_visible,5010,dns-root_b-root_msm5010_20260701T000000Z_010000Z.json,1.0,1.0,1299->1299,1.0,1.0,1.0,-0.0,0.0,1.0,severe_network_transition_concentration,0.0,True,False,"insufficient_minimum_mappable_segments,minimum_unique_probes,minimum_unique_probe_asns","minimum_mappable_segments,minimum_unique_probes,minimum_unique_probe_asns",1.0,1.0,0.0,1.0
PL,B-Root,resolved_entry_only,,,0.0,0.0,,,,,,,,unknown_network_transition_concentration,,False,False,insufficient_no_inter_region_projection_segments,"minimum_mappable_segments,minimum_unique_probes,minimum_unique_probe_asns,maximum_country_fallback_share",0.0,0.0,,
PR,B-Root,all_publicly_visible,5010,dns-root_b-root_msm5010_20260701T000000Z_010000Z.json,2.0,2.0,5786->20080,0.5,1.0,1.0,0.6931471805599453,1.0,2.0,moderate_network_transition_concentration,0.0,True,False,"insufficient_minimum_mappable_segments,minimum_unique_probes,minimum_unique_probe_asns","minimum_mappable_segments,minimum_unique_probes,minimum_unique_probe_asns",2.0,2.0,0.0,1.0
PR,B-Root,resolved_entry_only,,,0.0,0.0,,,,,,,,unknown_network_transition_concentration,,False,False,insufficient_no_inter_region_projection_segments,"minimum_mappable_segments,minimum_unique_probes,minimum_unique_probe_asns,maximum_country_fallback_share",0.0,0.0,,
PS,B-Root,all_publicly_visible,,,0.0,0.0,,,,,,,,unknown_network_transition_concentration,,False,False,insufficient_no_inter_region_projection_segments,"minimum_mappable_segments,minimum_unique_probes,minimum_unique_probe_asns,maximum_country_fallback_share",0.0,0.0,,
PS,B-Root,resolved_entry_only,,,0.0,0.0,,,,,,,,unknown_network_transition_concentration,,False,False,insufficient_no_inter_region_projection_segments,"minimum_mappable_segments,minimum_unique_probes,minimum_unique_probe_asns,maximum_country_fallback_share",0.0,0.0,,
PT,B-Root,all_publicly_visible,5010,dns-root_b-root_msm5010_20260701T000000Z_010000Z.json,182.0,23.0,6453->6453,0.44505494505494503,0.6483516483516483,0.7087912087912087,2.0056412852835614,0.6396571472192062,7.4308576687933545,broad_network_transition_distribution,0.0,True,True,auditable,,82.0,16.0,0.989010989010989,0.01098901098901099
PT,B-Root,resolved_entry_only,,,0.0,0.0,,,,,,,,unknown_network_transition_concentration,,False,False,insufficient_no_inter_region_projection_segments,"minimum_mappable_segments,minimum_unique_probes,minimum_unique_probe_asns,maximum_country_fallback_share",0.0,0.0,,
PW,B-Root,all_publicly_visible,5010,dns-root_b-root_msm5010_20260701T000000Z_010000Z.json,1.0,1.0,17893->174,1.0,1.0,1.0,-0.0,0.0,1.0,severe_network_transition_concentration,0.0,True,False,"insufficient_minimum_mappable_segments,minimum_unique_probes,minimum_unique_probe_asns","minimum_mappable_segments,minimum_unique_probes,minimum_unique_probe_asns",1.0,1.0,0.0,1.0
PW,B-Root,resolved_entry_only,,,0.0,0.0,,,,,,,,unknown_network_transition_concentration,,False,False,insufficient_no_inter_region_projection_segments,"minimum_mappable_segments,minimum_unique_probes,minimum_unique_probe_asns,maximum_country_fallback_share",0.0,0.0,,
PY,B-Root,all_publicly_visible,,,0.0,0.0,,,,,,,,unknown_network_transition_concentration,,False,False,insufficient_no_inter_region_projection_segments,"minimum_mappable_segments,minimum_unique_probes,minimum_unique_probe_asns,maximum_country_fallback_share",0.0,0.0,,
PY,B-Root,resolved_entry_only,,,0.0,0.0,,,,,,,,unknown_network_transition_concentration,,False,False,insufficient_no_inter_region_projection_segments,"minimum_mappable_segments,minimum_unique_probes,minimum_unique_probe_asns,maximum_country_fallback_share",0.0,0.0,,
QA,B-Root,all_publicly_visible,5010,dns-root_b-root_msm5010_20260701T000000Z_010000Z.json,1.0,1.0,8781->8781,1.0,1.0,1.0,-0.0,0.0,1.0,severe_network_transition_concentration,0.0,True,False,"insufficient_minimum_mappable_segments,minimum_unique_probes,minimum_unique_probe_asns","minimum_mappable_segments,minimum_unique_probes,minimum_unique_probe_asns",1.0,1.0,0.0,1.0
QA,B-Root,resolved_entry_only,,,0.0,0.0,,,,,,,,unknown_network_transition_concentration,,False,False,insufficient_no_inter_region_projection_segments,"minimum_mappable_segments,minimum_unique_probes,minimum_unique_probe_asns,maximum_country_fallback_share",0.0,0.0,,
RE,B-Root,all_publicly_visible,5010,dns-root_b-root_msm5010_20260701T000000Z_010000Z.json,33.0,3.0,1299->1299,0.48484848484848486,0.8787878787878788,1.0,0.9737518448811457,0.8863471262110701,2.6478602073133883,moderate_network_transition_concentration,0.0,True,True,auditable,,30.0,3.0,0.8787878787878788,0.12121212121212122
RE,B-Root,resolved_entry_only,,,0.0,0.0,,,,,,,,unknown_network_transition_concentration,,False,False,insufficient_no_inter_region_projection_segments,"minimum_mappable_segments,minimum_unique_probes,minimum_unique_probe_asns,maximum_country_fallback_share",0.0,0.0,,
RO,B-Root,all_publicly_visible,5010,dns-root_b-root_msm5010_20260701T000000Z_010000Z.json,2.0,2.0,9158->1299,0.5,1.0,1.0,0.6931471805599453,1.0,2.0,moderate_network_transition_concentration,0.0,True,False,"insufficient_minimum_mappable_segments,minimum_unique_probes,minimum_unique_probe_asns","minimum_mappable_segments,minimum_unique_probes,minimum_unique_probe_asns",1.0,1.0,0.5,0.5
RO,B-Root,resolved_entry_only,,,0.0,0.0,,,,,,,,unknown_network_transition_concentration,,False,False,insufficient_no_inter_region_projection_segments,"minimum_mappable_segments,minimum_unique_probes,minimum_unique_probe_asns,maximum_country_fallback_share",0.0,0.0,,
RS,B-Root,all_publicly_visible,,,0.0,0.0,,,,,,,,unknown_network_transition_concentration,,False,False,insufficient_no_inter_region_projection_segments,"minimum_mappable_segments,minimum_unique_probes,minimum_unique_probe_asns,maximum_country_fallback_share",0.0,0.0,,
RS,B-Root,resolved_entry_only,,,0.0,0.0,,,,,,,,unknown_network_transition_concentration,,False,False,insufficient_no_inter_region_projection_segments,"minimum_mappable_segments,minimum_unique_probes,minimum_unique_probe_asns,maximum_country_fallback_share",0.0,0.0,,
RU,B-Root,all_publicly_visible,5010,dns-root_b-root_msm5010_20260701T000000Z_010000Z.json,71.0,2.0,1299->1299,0.9295774647887324,1.0,1.0,0.2547305455495607,0.36749849482729147,1.2901139470892524,severe_network_transition_concentration,0.0,True,True,auditable,,65.0,38.0,0.04225352112676056,0.9577464788732394
RU,B-Root,resolved_entry_only,,,0.0,0.0,,,,,,,,unknown_network_transition_concentration,,False,False,insufficient_no_inter_region_projection_segments,"minimum_mappable_segments,minimum_unique_probes,minimum_unique_probe_asns,maximum_country_fallback_share",0.0,0.0,,
RW,B-Root,all_publicly_visible,,,0.0,0.0,,,,,,,,unknown_network_transition_concentration,,False,False,insufficient_no_inter_region_projection_segments,"minimum_mappable_segments,minimum_unique_probes,minimum_unique_probe_asns,maximum_country_fallback_share",0.0,0.0,,
RW,B-Root,resolved_entry_only,,,0.0,0.0,,,,,,,,unknown_network_transition_concentration,,False,False,insufficient_no_inter_region_projection_segments,"minimum_mappable_segments,minimum_unique_probes,minimum_unique_probe_asns,maximum_country_fallback_share",0.0,0.0,,
SA,B-Root,all_publicly_visible,5010,dns-root_b-root_msm5010_20260701T000000Z_010000Z.json,5.0,2.0,2914->2914,0.6,1.0,1.0,0.6730116670092565,0.9709505944546688,1.9601317042077895,moderate_network_transition_concentration,0.0,True,False,"insufficient_minimum_mappable_segments,minimum_unique_probes","minimum_mappable_segments,minimum_unique_probes",5.0,3.0,0.6,0.4
SA,B-Root,resolved_entry_only,,,0.0,0.0,,,,,,,,unknown_network_transition_concentration,,False,False,insufficient_no_inter_region_projection_segments,"minimum_mappable_segments,minimum_unique_probes,minimum_unique_probe_asns,maximum_country_fallback_share",0.0,0.0,,
SE,B-Root,all_publicly_visible,5010,dns-root_b-root_msm5010_20260701T000000Z_010000Z.json,197.0,20.0,1299->1299,0.233502538071066,0.3553299492385787,0.4619289340101523,2.52423213091284,0.8426093857573641,12.481307572779729,broad_network_transition_distribution,0.0,True,True,auditable,,55.0,22.0,0.9238578680203046,0.07614213197969544
SE,B-Root,resolved_entry_only,,,0.0,0.0,,,,,,,,unknown_network_transition_concentration,,False,False,insufficient_no_inter_region_projection_segments,"minimum_mappable_segments,minimum_unique_probes,minimum_unique_probe_asns,maximum_country_fallback_share",0.0,0.0,,
SG,B-Root,all_publicly_visible,5010,dns-root_b-root_msm5010_20260701T000000Z_010000Z.json,400.0,70.0,1299->1299,0.1475,0.27,0.3575,3.4377925720274414,0.8091788683207147,31.11819113153365,broad_network_transition_distribution,0.0025,True,True,auditable,,117.0,51.0,0.9675,0.0325
SG,B-Root,resolved_entry_only,,,0.0,0.0,,,,,,,,unknown_network_transition_concentration,,False,False,insufficient_no_inter_region_projection_segments,"minimum_mappable_segments,minimum_unique_probes,minimum_unique_probe_asns,maximum_country_fallback_share",0.0,0.0,,
SI,B-Root,all_publicly_visible,,,0.0,0.0,,,,,,,,unknown_network_transition_concentration,,False,False,insufficient_no_inter_region_projection_segments,"minimum_mappable_segments,minimum_unique_probes,minimum_unique_probe_asns,maximum_country_fallback_share",0.0,0.0,,
SI,B-Root,resolved_entry_only,,,0.0,0.0,,,,,,,,unknown_network_transition_concentration,,False,False,insufficient_no_inter_region_projection_segments,"minimum_mappable_segments,minimum_unique_probes,minimum_unique_probe_asns,maximum_country_fallback_share",0.0,0.0,,
SK,B-Root,all_publicly_visible,,,0.0,0.0,,,,,,,,unknown_network_transition_concentration,,False,False,insufficient_no_inter_region_projection_segments,"minimum_mappable_segments,minimum_unique_probes,minimum_unique_probe_asns,maximum_country_fallback_share",0.0,0.0,,
SK,B-Root,resolved_entry_only,,,0.0,0.0,,,,,,,,unknown_network_transition_concentration,,False,False,insufficient_no_inter_region_projection_segments,"minimum_mappable_segments,minimum_unique_probes,minimum_unique_probe_asns,maximum_country_fallback_share",0.0,0.0,,
SL,B-Root,all_publicly_visible,5010,dns-root_b-root_msm5010_20260701T000000Z_010000Z.json,5.0,3.0,329109->60171,0.4,0.8,1.0,1.0549201679861442,0.9602297178607612,2.8717458874925876,moderate_network_transition_concentration,0.0,True,False,"insufficient_minimum_mappable_segments,minimum_unique_probes,minimum_unique_probe_asns","minimum_mappable_segments,minimum_unique_probes,minimum_unique_probe_asns",1.0,1.0,0.2,0.8
SL,B-Root,resolved_entry_only,,,0.0,0.0,,,,,,,,unknown_network_transition_concentration,,False,False,insufficient_no_inter_region_projection_segments,"minimum_mappable_segments,minimum_unique_probes,minimum_unique_probe_asns,maximum_country_fallback_share",0.0,0.0,,
SM,B-Root,all_publicly_visible,,,0.0,0.0,,,,,,,,unknown_network_transition_concentration,,False,False,insufficient_no_inter_region_projection_segments,"minimum_mappable_segments,minimum_unique_probes,minimum_unique_probe_asns,maximum_country_fallback_share",0.0,0.0,,
SM,B-Root,resolved_entry_only,,,0.0,0.0,,,,,,,,unknown_network_transition_concentration,,False,False,insufficient_no_inter_region_projection_segments,"minimum_mappable_segments,minimum_unique_probes,minimum_unique_probe_asns,maximum_country_fallback_share",0.0,0.0,,
SN,B-Root,all_publicly_visible,,,0.0,0.0,,,,,,,,unknown_network_transition_concentration,,False,False,insufficient_no_inter_region_projection_segments,"minimum_mappable_segments,minimum_unique_probes,minimum_unique_probe_asns,maximum_country_fallback_share",0.0,0.0,,
SN,B-Root,resolved_entry_only,,,0.0,0.0,,,,,,,,unknown_network_transition_concentration,,False,False,insufficient_no_inter_region_projection_segments,"minimum_mappable_segments,minimum_unique_probes,minimum_unique_probe_asns,maximum_country_fallback_share",0.0,0.0,,
SR,B-Root,all_publicly_visible,5010,dns-root_b-root_msm5010_20260701T000000Z_010000Z.json,1.0,1.0,23520->23520,1.0,1.0,1.0,-0.0,0.0,1.0,severe_network_transition_concentration,0.0,True,False,"insufficient_minimum_mappable_segments,minimum_unique_probes,minimum_unique_probe_asns","minimum_mappable_segments,minimum_unique_probes,minimum_unique_probe_asns",1.0,1.0,0.0,1.0
SR,B-Root,resolved_entry_only,,,0.0,0.0,,,,,,,,unknown_network_transition_concentration,,False,False,insufficient_no_inter_region_projection_segments,"minimum_mappable_segments,minimum_unique_probes,minimum_unique_probe_asns,maximum_country_fallback_share",0.0,0.0,,
SS,B-Root,all_publicly_visible,,,0.0,0.0,,,,,,,,unknown_network_transition_concentration,,False,False,insufficient_no_inter_region_projection_segments,"minimum_mappable_segments,minimum_unique_probes,minimum_unique_probe_asns,maximum_country_fallback_share",0.0,0.0,,
SS,B-Root,resolved_entry_only,,,0.0,0.0,,,,,,,,unknown_network_transition_concentration,,False,False,insufficient_no_inter_region_projection_segments,"minimum_mappable_segments,minimum_unique_probes,minimum_unique_probe_asns,maximum_country_fallback_share",0.0,0.0,,
SV,B-Root,all_publicly_visible,5010,dns-root_b-root_msm5010_20260701T000000Z_010000Z.json,4.0,2.0,23520->23520,0.75,1.0,1.0,0.5623351446188083,0.8112781244591328,1.7547653506033232,moderate_network_transition_concentration,0.0,True,False,"insufficient_minimum_mappable_segments,minimum_unique_probes","minimum_mappable_segments,minimum_unique_probes",4.0,3.0,0.0,1.0
SV,B-Root,resolved_entry_only,,,0.0,0.0,,,,,,,,unknown_network_transition_concentration,,False,False,insufficient_no_inter_region_projection_segments,"minimum_mappable_segments,minimum_unique_probes,minimum_unique_probe_asns,maximum_country_fallback_share",0.0,0.0,,
SY,B-Root,all_publicly_visible,,,0.0,0.0,,,,,,,,unknown_network_transition_concentration,,False,False,insufficient_no_inter_region_projection_segments,"minimum_mappable_segments,minimum_unique_probes,minimum_unique_probe_asns,maximum_country_fallback_share",0.0,0.0,,
SY,B-Root,resolved_entry_only,,,0.0,0.0,,,,,,,,unknown_network_transition_concentration,,False,False,insufficient_no_inter_region_projection_segments,"minimum_mappable_segments,minimum_unique_probes,minimum_unique_probe_asns,maximum_country_fallback_share",0.0,0.0,,
TD,B-Root,all_publicly_visible,5010,dns-root_b-root_msm5010_20260701T000000Z_010000Z.json,1.0,1.0,12956->12956,1.0,1.0,1.0,-0.0,0.0,1.0,severe_network_transition_concentration,0.0,True,False,"insufficient_minimum_mappable_segments,minimum_unique_probes,minimum_unique_probe_asns","minimum_mappable_segments,minimum_unique_probes,minimum_unique_probe_asns",1.0,1.0,0.0,1.0
TD,B-Root,resolved_entry_only,,,0.0,0.0,,,,,,,,unknown_network_transition_concentration,,False,False,insufficient_no_inter_region_projection_segments,"minimum_mappable_segments,minimum_unique_probes,minimum_unique_probe_asns,maximum_country_fallback_share",0.0,0.0,,
TG,B-Root,all_publicly_visible,,,0.0,0.0,,,,,,,,unknown_network_transition_concentration,,False,False,insufficient_no_inter_region_projection_segments,"minimum_mappable_segments,minimum_unique_probes,minimum_unique_probe_asns,maximum_country_fallback_share",0.0,0.0,,
TG,B-Root,resolved_entry_only,,,0.0,0.0,,,,,,,,unknown_network_transition_concentration,,False,False,insufficient_no_inter_region_projection_segments,"minimum_mappable_segments,minimum_unique_probes,minimum_unique_probe_asns,maximum_country_fallback_share",0.0,0.0,,
TH,B-Root,all_publicly_visible,5010,dns-root_b-root_msm5010_20260701T000000Z_010000Z.json,78.0,14.0,2914->2914,0.4230769230769231,0.5769230769230769,0.6794871794871795,1.9351004582985052,0.7332544225481523,6.9247396680023,broad_network_transition_distribution,0.0,True,True,auditable,,42.0,25.0,0.8974358974358975,0.10256410256410256
TH,B-Root,resolved_entry_only,,,0.0,0.0,,,,,,,,unknown_network_transition_concentration,,False,False,insufficient_no_inter_region_projection_segments,"minimum_mappable_segments,minimum_unique_probes,minimum_unique_probe_asns,maximum_country_fallback_share",0.0,0.0,,
TJ,B-Root,all_publicly_visible,,,0.0,0.0,,,,,,,,unknown_network_transition_concentration,,False,False,insufficient_no_inter_region_projection_segments,"minimum_mappable_segments,minimum_unique_probes,minimum_unique_probe_asns,maximum_country_fallback_share",0.0,0.0,,
TJ,B-Root,resolved_entry_only,,,0.0,0.0,,,,,,,,unknown_network_transition_concentration,,False,False,insufficient_no_inter_region_projection_segments,"minimum_mappable_segments,minimum_unique_probes,minimum_unique_probe_asns,maximum_country_fallback_share",0.0,0.0,,
TL,B-Root,all_publicly_visible,5010,dns-root_b-root_msm5010_20260701T000000Z_010000Z.json,3.0,2.0,1299->1299,0.6666666666666666,1.0,1.0,0.6365141682948128,0.9182958340544894,1.8898815748423097,moderate_network_transition_concentration,0.0,True,False,"insufficient_minimum_mappable_segments,minimum_unique_probes,minimum_unique_probe_asns","minimum_mappable_segments,minimum_unique_probes,minimum_unique_probe_asns",3.0,2.0,1.0,0.0
TL,B-Root,resolved_entry_only,,,0.0,0.0,,,,,,,,unknown_network_transition_concentration,,False,False,insufficient_no_inter_region_projection_segments,"minimum_mappable_segments,minimum_unique_probes,minimum_unique_probe_asns,maximum_country_fallback_share",0.0,0.0,,
TN,B-Root,all_publicly_visible,,,0.0,0.0,,,,,,,,unknown_network_transition_concentration,,False,False,insufficient_no_inter_region_projection_segments,"minimum_mappable_segments,minimum_unique_probes,minimum_unique_probe_asns,maximum_country_fallback_share",0.0,0.0,,
TN,B-Root,resolved_entry_only,,,0.0,0.0,,,,,,,,unknown_network_transition_concentration,,False,False,insufficient_no_inter_region_projection_segments,"minimum_mappable_segments,minimum_unique_probes,minimum_unique_probe_asns,maximum_country_fallback_share",0.0,0.0,,
TO,B-Root,all_publicly_visible,5010,dns-root_b-root_msm5010_20260701T000000Z_010000Z.json,2.0,2.0,24390->24390,0.5,1.0,1.0,0.6931471805599453,1.0,2.0,moderate_network_transition_concentration,0.0,True,False,"insufficient_minimum_mappable_segments,minimum_unique_probes,minimum_unique_probe_asns","minimum_mappable_segments,minimum_unique_probes,minimum_unique_probe_asns",1.0,1.0,0.0,1.0
TO,B-Root,resolved_entry_only,,,0.0,0.0,,,,,,,,unknown_network_transition_concentration,,False,False,insufficient_no_inter_region_projection_segments,"minimum_mappable_segments,minimum_unique_probes,minimum_unique_probe_asns,maximum_country_fallback_share",0.0,0.0,,
TR,B-Root,all_publicly_visible,,,0.0,0.0,,,,,,,,unknown_network_transition_concentration,,False,False,insufficient_no_inter_region_projection_segments,"minimum_mappable_segments,minimum_unique_probes,minimum_unique_probe_asns,maximum_country_fallback_share",0.0,0.0,,
TR,B-Root,resolved_entry_only,,,0.0,0.0,,,,,,,,unknown_network_transition_concentration,,False,False,insufficient_no_inter_region_projection_segments,"minimum_mappable_segments,minimum_unique_probes,minimum_unique_probe_asns,maximum_country_fallback_share",0.0,0.0,,
TT,B-Root,all_publicly_visible,,,0.0,0.0,,,,,,,,unknown_network_transition_concentration,,False,False,insufficient_no_inter_region_projection_segments,"minimum_mappable_segments,minimum_unique_probes,minimum_unique_probe_asns,maximum_country_fallback_share",0.0,0.0,,
TT,B-Root,resolved_entry_only,,,0.0,0.0,,,,,,,,unknown_network_transition_concentration,,False,False,insufficient_no_inter_region_projection_segments,"minimum_mappable_segments,minimum_unique_probes,minimum_unique_probe_asns,maximum_country_fallback_share",0.0,0.0,,
TV,B-Root,all_publicly_visible,5010,dns-root_b-root_msm5010_20260701T000000Z_010000Z.json,3.0,3.0,COUNTRY_FALLBACK:FJ->AU,0.3333333333333333,0.6666666666666666,1.0,1.0986122886681096,0.9999999999999998,2.9999999999999996,weak_network_transition_concentration,1.0,False,False,"insufficient_minimum_mappable_segments,minimum_unique_probes,minimum_unique_probe_asns,maximum_country_fallback_share","minimum_mappable_segments,minimum_unique_probes,minimum_unique_probe_asns,maximum_country_fallback_share",1.0,1.0,0.3333333333333333,0.6666666666666666
TV,B-Root,resolved_entry_only,,,0.0,0.0,,,,,,,,unknown_network_transition_concentration,,False,False,insufficient_no_inter_region_projection_segments,"minimum_mappable_segments,minimum_unique_probes,minimum_unique_probe_asns,maximum_country_fallback_share",0.0,0.0,,
TW,B-Root,all_publicly_visible,5010,dns-root_b-root_msm5010_20260701T000000Z_010000Z.json,155.0,18.0,2914->2914,0.4258064516129032,0.6516129032258065,0.7677419354838709,1.7621319971365101,0.60965583140735,5.824842713637202,broad_network_transition_distribution,0.34838709677419355,False,False,insufficient_maximum_country_fallback_share,maximum_country_fallback_share,71.0,28.0,0.25806451612903225,0.7419354838709677
TW,B-Root,resolved_entry_only,,,0.0,0.0,,,,,,,,unknown_network_transition_concentration,,False,False,insufficient_no_inter_region_projection_segments,"minimum_mappable_segments,minimum_unique_probes,minimum_unique_probe_asns,maximum_country_fallback_share",0.0,0.0,,
TZ,B-Root,all_publicly_visible,5010,dns-root_b-root_msm5010_20260701T000000Z_010000Z.json,1.0,1.0,37035->37662,1.0,1.0,1.0,-0.0,0.0,1.0,severe_network_transition_concentration,0.0,True,False,"insufficient_minimum_mappable_segments,minimum_unique_probes,minimum_unique_probe_asns","minimum_mappable_segments,minimum_unique_probes,minimum_unique_probe_asns",1.0,1.0,0.0,1.0
TZ,B-Root,resolved_entry_only,,,0.0,0.0,,,,,,,,unknown_network_transition_concentration,,False,False,insufficient_no_inter_region_projection_segments,"minimum_mappable_segments,minimum_unique_probes,minimum_unique_probe_asns,maximum_country_fallback_share",0.0,0.0,,
UA,B-Root,all_publicly_visible,,,0.0,0.0,,,,,,,,unknown_network_transition_concentration,,False,False,insufficient_no_inter_region_projection_segments,"minimum_mappable_segments,minimum_unique_probes,minimum_unique_probe_asns,maximum_country_fallback_share",0.0,0.0,,
UA,B-Root,resolved_entry_only,,,0.0,0.0,,,,,,,,unknown_network_transition_concentration,,False,False,insufficient_no_inter_region_projection_segments,"minimum_mappable_segments,minimum_unique_probes,minimum_unique_probe_asns,maximum_country_fallback_share",0.0,0.0,,
UG,B-Root,all_publicly_visible,,,0.0,0.0,,,,,,,,unknown_network_transition_concentration,,False,False,insufficient_no_inter_region_projection_segments,"minimum_mappable_segments,minimum_unique_probes,minimum_unique_probe_asns,maximum_country_fallback_share",0.0,0.0,,
UG,B-Root,resolved_entry_only,,,0.0,0.0,,,,,,,,unknown_network_transition_concentration,,False,False,insufficient_no_inter_region_projection_segments,"minimum_mappable_segments,minimum_unique_probes,minimum_unique_probe_asns,maximum_country_fallback_share",0.0,0.0,,
US,B-Root,all_publicly_visible,5010,dns-root_b-root_msm5010_20260701T000000Z_010000Z.json,472.0,59.0,7922->7922,0.22033898305084745,0.3411016949152542,0.4364406779661017,2.9290214630562543,0.718330978771014,18.70931378161586,broad_network_transition_distribution,0.1228813559322034,True,True,auditable,,172.0,59.0,0.9872881355932204,0.012711864406779662
US,B-Root,resolved_entry_only,,,0.0,0.0,,,,,,,,unknown_network_transition_concentration,,False,False,insufficient_no_inter_region_projection_segments,"minimum_mappable_segments,minimum_unique_probes,minimum_unique_probe_asns,maximum_country_fallback_share",0.0,0.0,,
UY,B-Root,all_publicly_visible,,,0.0,0.0,,,,,,,,unknown_network_transition_concentration,,False,False,insufficient_no_inter_region_projection_segments,"minimum_mappable_segments,minimum_unique_probes,minimum_unique_probe_asns,maximum_country_fallback_share",0.0,0.0,,
UY,B-Root,resolved_entry_only,,,0.0,0.0,,,,,,,,unknown_network_transition_concentration,,False,False,insufficient_no_inter_region_projection_segments,"minimum_mappable_segments,minimum_unique_probes,minimum_unique_probe_asns,maximum_country_fallback_share",0.0,0.0,,
UZ,B-Root,all_publicly_visible,,,0.0,0.0,,,,,,,,unknown_network_transition_concentration,,False,False,insufficient_no_inter_region_projection_segments,"minimum_mappable_segments,minimum_unique_probes,minimum_unique_probe_asns,maximum_country_fallback_share",0.0,0.0,,
UZ,B-Root,resolved_entry_only,,,0.0,0.0,,,,,,,,unknown_network_transition_concentration,,False,False,insufficient_no_inter_region_projection_segments,"minimum_mappable_segments,minimum_unique_probes,minimum_unique_probe_asns,maximum_country_fallback_share",0.0,0.0,,
VA,B-Root,all_publicly_visible,,,0.0,0.0,,,,,,,,unknown_network_transition_concentration,,False,False,insufficient_no_inter_region_projection_segments,"minimum_mappable_segments,minimum_unique_probes,minimum_unique_probe_asns,maximum_country_fallback_share",0.0,0.0,,
VA,B-Root,resolved_entry_only,,,0.0,0.0,,,,,,,,unknown_network_transition_concentration,,False,False,insufficient_no_inter_region_projection_segments,"minimum_mappable_segments,minimum_unique_probes,minimum_unique_probe_asns,maximum_country_fallback_share",0.0,0.0,,
VE,B-Root,all_publicly_visible,5010,dns-root_b-root_msm5010_20260701T000000Z_010000Z.json,9.0,5.0,269730->269730,0.3333333333333333,0.6666666666666666,0.7777777777777777,1.4648163848908131,0.9101415926479806,4.326748710922226,broad_network_transition_distribution,0.0,True,False,"insufficient_minimum_mappable_segments,minimum_unique_probes","minimum_mappable_segments,minimum_unique_probes",5.0,3.0,0.8888888888888888,0.1111111111111111
VE,B-Root,resolved_entry_only,,,0.0,0.0,,,,,,,,unknown_network_transition_concentration,,False,False,insufficient_no_inter_region_projection_segments,"minimum_mappable_segments,minimum_unique_probes,minimum_unique_probe_asns,maximum_country_fallback_share",0.0,0.0,,
VI,B-Root,all_publicly_visible,5010,dns-root_b-root_msm5010_20260701T000000Z_010000Z.json,2.0,1.0,14434->14434,1.0,1.0,1.0,-0.0,0.0,1.0,severe_network_transition_concentration,0.0,True,False,"insufficient_minimum_mappable_segments,minimum_unique_probes,minimum_unique_probe_asns","minimum_mappable_segments,minimum_unique_probes,minimum_unique_probe_asns",2.0,1.0,0.0,1.0
VI,B-Root,resolved_entry_only,,,0.0,0.0,,,,,,,,unknown_network_transition_concentration,,False,False,insufficient_no_inter_region_projection_segments,"minimum_mappable_segments,minimum_unique_probes,minimum_unique_probe_asns,maximum_country_fallback_share",0.0,0.0,,
VN,B-Root,all_publicly_visible,5010,dns-root_b-root_msm5010_20260701T000000Z_010000Z.json,46.0,10.0,2914->2914,0.5869565217391305,0.7608695652173914,0.8043478260869565,1.4420759443387636,0.6262856251117459,4.229466847519141,weak_network_transition_concentration,0.0,True,True,auditable,,25.0,15.0,0.5652173913043478,0.43478260869565216
VN,B-Root,resolved_entry_only,,,0.0,0.0,,,,,,,,unknown_network_transition_concentration,,False,False,insufficient_no_inter_region_projection_segments,"minimum_mappable_segments,minimum_unique_probes,minimum_unique_probe_asns,maximum_country_fallback_share",0.0,0.0,,
VU,B-Root,all_publicly_visible,,,0.0,0.0,,,,,,,,unknown_network_transition_concentration,,False,False,insufficient_no_inter_region_projection_segments,"minimum_mappable_segments,minimum_unique_probes,minimum_unique_probe_asns,maximum_country_fallback_share",0.0,0.0,,
VU,B-Root,resolved_entry_only,,,0.0,0.0,,,,,,,,unknown_network_transition_concentration,,False,False,insufficient_no_inter_region_projection_segments,"minimum_mappable_segments,minimum_unique_probes,minimum_unique_probe_asns,maximum_country_fallback_share",0.0,0.0,,
YE,B-Root,all_publicly_visible,,,0.0,0.0,,,,,,,,unknown_network_transition_concentration,,False,False,insufficient_no_inter_region_projection_segments,"minimum_mappable_segments,minimum_unique_probes,minimum_unique_probe_asns,maximum_country_fallback_share",0.0,0.0,,
YE,B-Root,resolved_entry_only,,,0.0,0.0,,,,,,,,unknown_network_transition_concentration,,False,False,insufficient_no_inter_region_projection_segments,"minimum_mappable_segments,minimum_unique_probes,minimum_unique_probe_asns,maximum_country_fallback_share",0.0,0.0,,
ZA,B-Root,all_publicly_visible,5010,dns-root_b-root_msm5010_20260701T000000Z_010000Z.json,30.0,8.0,6939->6939,0.5666666666666667,0.7,0.8,1.45479953097684,0.6996106896092924,4.2836246454733145,weak_network_transition_concentration,0.13333333333333333,True,True,auditable,,17.0,13.0,0.1,0.9
ZA,B-Root,resolved_entry_only,,,0.0,0.0,,,,,,,,unknown_network_transition_concentration,,False,False,insufficient_no_inter_region_projection_segments,"minimum_mappable_segments,minimum_unique_probes,minimum_unique_probe_asns,maximum_country_fallback_share",0.0,0.0,,
ZM,B-Root,all_publicly_visible,5010,dns-root_b-root_msm5010_20260701T000000Z_010000Z.json,2.0,1.0,6939->6939,1.0,1.0,1.0,-0.0,0.0,1.0,severe_network_transition_concentration,0.0,True,False,"insufficient_minimum_mappable_segments,minimum_unique_probes,minimum_unique_probe_asns","minimum_mappable_segments,minimum_unique_probes,minimum_unique_probe_asns",1.0,1.0,0.0,1.0
ZM,B-Root,resolved_entry_only,,,0.0,0.0,,,,,,,,unknown_network_transition_concentration,,False,False,insufficient_no_inter_region_projection_segments,"minimum_mappable_segments,minimum_unique_probes,minimum_unique_probe_asns,maximum_country_fallback_share",0.0,0.0,,
ZW,B-Root,all_publicly_visible,,,0.0,0.0,,,,,,,,unknown_network_transition_concentration,,False,False,insufficient_no_inter_region_projection_segments,"minimum_mappable_segments,minimum_unique_probes,minimum_unique_probe_asns,maximum_country_fallback_share",0.0,0.0,,
ZW,B-Root,resolved_entry_only,,,0.0,0.0,,,,,,,,unknown_network_transition_concentration,,False,False,insufficient_no_inter_region_projection_segments,"minimum_mappable_segments,minimum_unique_probes,minimum_unique_probe_asns,maximum_country_fallback_share",0.0,0.0,,
