probe_country,service_id,path_scope_stratum,msm_id,file_name,total_mappable_segments,top1_network_transition_share,top2_network_transition_share,top3_network_transition_share,network_transition_entropy,network_transition_normalized_entropy,effective_network_transition_count,network_transition_concentration_tier,top1_corridor_share,top2_corridor_share,top3_corridor_share,corridor_entropy,corridor_normalized_entropy,effective_corridor_count,corridor_minus_network_normalized_entropy,normalized_entropy_reduction,corridor_concentration_tier,cross_layer_distribution_class,country_fallback_share,auditable_cross_layer_case,sufficient_trace_observation,sufficient_corridor_observation,sufficient_network_transition_resolution,auditable_paper_case,observation_sufficiency_reason,failed_thresholds,unique_probes,unique_probe_asns,domestic_segment_share,international_segment_share,analysis_scope
?,G-Root,all_publicly_visible,,,0.0,,,,,,,,,,,,,,,,,unknown_cross_layer_distribution_class,,False,False,False,False,False,insufficient_no_inter_region_projection_segments,"minimum_mappable_segments,minimum_unique_probes,minimum_unique_probe_asns,maximum_country_fallback_share",0.0,0.0,,,probe_country_service
?,G-Root,resolved_entry_only,,,0.0,,,,,,,,,,,,,,,,,unknown_cross_layer_distribution_class,,False,False,False,False,False,insufficient_no_inter_region_projection_segments,"minimum_mappable_segments,minimum_unique_probes,minimum_unique_probe_asns,maximum_country_fallback_share",0.0,0.0,,,probe_country_service
AD,G-Root,all_publicly_visible,,,0.0,,,,,,,,,,,,,,,,,unknown_cross_layer_distribution_class,,False,False,False,False,False,insufficient_no_inter_region_projection_segments,"minimum_mappable_segments,minimum_unique_probes,minimum_unique_probe_asns,maximum_country_fallback_share",0.0,0.0,,,probe_country_service
AD,G-Root,resolved_entry_only,,,0.0,,,,,,,,,,,,,,,,,unknown_cross_layer_distribution_class,,False,False,False,False,False,insufficient_no_inter_region_projection_segments,"minimum_mappable_segments,minimum_unique_probes,minimum_unique_probe_asns,maximum_country_fallback_share",0.0,0.0,,,probe_country_service
AE,G-Root,all_publicly_visible,5014,dns-root_g-root_msm5014_20260701T000000Z_010000Z.json,14.0,0.2857142857142857,0.5714285714285714,0.7142857142857142,1.549826045878202,0.9629610647945147,4.710650674213248,broad_network_transition_distribution,0.2857142857142857,0.42857142857142855,0.5714285714285714,2.0617573228005033,0.89540982831588,7.859769833954857,-0.0675512364786347,0.0675512364786347,broad_corridor_observation_distribution,network_and_physical_both_broad,0.0,False,False,False,True,False,"insufficient_minimum_mappable_segments,minimum_unique_probes","minimum_mappable_segments,minimum_unique_probes",4.0,4.0,0.5714285714285715,0.4285714285714286,probe_country_service
AE,G-Root,resolved_entry_only,,,0.0,,,,,,,,,,,,,,,,,unknown_cross_layer_distribution_class,,False,False,False,False,False,insufficient_no_inter_region_projection_segments,"minimum_mappable_segments,minimum_unique_probes,minimum_unique_probe_asns,maximum_country_fallback_share",0.0,0.0,,,probe_country_service
AF,G-Root,all_publicly_visible,5014,dns-root_g-root_msm5014_20260701T000000Z_010000Z.json,4.0,1.0,1.0,1.0,-0.0,0.0,1.0,severe_network_transition_concentration,1.0,1.0,1.0,-0.0,0.0,1.0,0.0,0.0,severe_corridor_observation_concentration,network_and_physical_both_concentrated,1.0,False,False,False,False,False,"insufficient_minimum_mappable_segments,minimum_unique_probes,minimum_unique_probe_asns,maximum_country_fallback_share","minimum_mappable_segments,minimum_unique_probes,minimum_unique_probe_asns,maximum_country_fallback_share",2.0,1.0,0.0,1.0,probe_country_service
AF,G-Root,resolved_entry_only,,,0.0,,,,,,,,,,,,,,,,,unknown_cross_layer_distribution_class,,False,False,False,False,False,insufficient_no_inter_region_projection_segments,"minimum_mappable_segments,minimum_unique_probes,minimum_unique_probe_asns,maximum_country_fallback_share",0.0,0.0,,,probe_country_service
AL,G-Root,all_publicly_visible,,,0.0,,,,,,,,,,,,,,,,,unknown_cross_layer_distribution_class,,False,False,False,False,False,insufficient_no_inter_region_projection_segments,"minimum_mappable_segments,minimum_unique_probes,minimum_unique_probe_asns,maximum_country_fallback_share",0.0,0.0,,,probe_country_service
AL,G-Root,resolved_entry_only,,,0.0,,,,,,,,,,,,,,,,,unknown_cross_layer_distribution_class,,False,False,False,False,False,insufficient_no_inter_region_projection_segments,"minimum_mappable_segments,minimum_unique_probes,minimum_unique_probe_asns,maximum_country_fallback_share",0.0,0.0,,,probe_country_service
AM,G-Root,all_publicly_visible,,,0.0,,,,,,,,,,,,,,,,,unknown_cross_layer_distribution_class,,False,False,False,False,False,insufficient_no_inter_region_projection_segments,"minimum_mappable_segments,minimum_unique_probes,minimum_unique_probe_asns,maximum_country_fallback_share",0.0,0.0,,,probe_country_service
AM,G-Root,resolved_entry_only,,,0.0,,,,,,,,,,,,,,,,,unknown_cross_layer_distribution_class,,False,False,False,False,False,insufficient_no_inter_region_projection_segments,"minimum_mappable_segments,minimum_unique_probes,minimum_unique_probe_asns,maximum_country_fallback_share",0.0,0.0,,,probe_country_service
AO,G-Root,all_publicly_visible,5014,dns-root_g-root_msm5014_20260701T000000Z_010000Z.json,16.0,0.875,1.0,1.0,0.37677016125643675,0.5435644431995964,1.4575692649810903,severe_network_transition_concentration,1.0,1.0,1.0,-0.0,0.0,1.0,-0.5435644431995964,0.5435644431995964,severe_corridor_observation_concentration,network_and_physical_both_concentrated,0.0,False,False,False,True,False,insufficient_minimum_mappable_segments,minimum_mappable_segments,10.0,4.0,0.0,1.0,probe_country_service
AO,G-Root,resolved_entry_only,,,0.0,,,,,,,,,,,,,,,,,unknown_cross_layer_distribution_class,,False,False,False,False,False,insufficient_no_inter_region_projection_segments,"minimum_mappable_segments,minimum_unique_probes,minimum_unique_probe_asns,maximum_country_fallback_share",0.0,0.0,,,probe_country_service
AR,G-Root,all_publicly_visible,,,0.0,,,,,,,,,,,,,,,,,unknown_cross_layer_distribution_class,,False,False,False,False,False,insufficient_no_inter_region_projection_segments,"minimum_mappable_segments,minimum_unique_probes,minimum_unique_probe_asns,maximum_country_fallback_share",0.0,0.0,,,probe_country_service
AR,G-Root,resolved_entry_only,,,0.0,,,,,,,,,,,,,,,,,unknown_cross_layer_distribution_class,,False,False,False,False,False,insufficient_no_inter_region_projection_segments,"minimum_mappable_segments,minimum_unique_probes,minimum_unique_probe_asns,maximum_country_fallback_share",0.0,0.0,,,probe_country_service
AT,G-Root,all_publicly_visible,,,0.0,,,,,,,,,,,,,,,,,unknown_cross_layer_distribution_class,,False,False,False,False,False,insufficient_no_inter_region_projection_segments,"minimum_mappable_segments,minimum_unique_probes,minimum_unique_probe_asns,maximum_country_fallback_share",0.0,0.0,,,probe_country_service
AT,G-Root,resolved_entry_only,,,0.0,,,,,,,,,,,,,,,,,unknown_cross_layer_distribution_class,,False,False,False,False,False,insufficient_no_inter_region_projection_segments,"minimum_mappable_segments,minimum_unique_probes,minimum_unique_probe_asns,maximum_country_fallback_share",0.0,0.0,,,probe_country_service
AU,G-Root,all_publicly_visible,5014,dns-root_g-root_msm5014_20260701T000000Z_010000Z.json,147.0,0.2653061224489796,0.46938775510204084,0.6054421768707483,2.1156802763642912,0.8016803017586325,8.295226893931092,broad_network_transition_distribution,0.5782312925170068,0.7074829931972789,0.8367346938775511,1.3671638978416412,0.5937517366899658,3.92420545086583,-0.20792856506866664,0.20792856506866664,weak_corridor_observation_concentration,network_and_physical_both_broad,0.2653061224489796,True,True,True,True,True,auditable,,76.0,34.0,0.9251700680272109,0.0748299319727891,probe_country_service
AU,G-Root,resolved_entry_only,,,0.0,,,,,,,,,,,,,,,,,unknown_cross_layer_distribution_class,,False,False,False,False,False,insufficient_no_inter_region_projection_segments,"minimum_mappable_segments,minimum_unique_probes,minimum_unique_probe_asns,maximum_country_fallback_share",0.0,0.0,,,probe_country_service
AX,G-Root,all_publicly_visible,5014,dns-root_g-root_msm5014_20260701T000000Z_010000Z.json,2.0,1.0,1.0,1.0,-0.0,0.0,1.0,severe_network_transition_concentration,1.0,1.0,1.0,-0.0,0.0,1.0,0.0,0.0,severe_corridor_observation_concentration,network_and_physical_both_concentrated,0.0,False,False,False,True,False,"insufficient_minimum_mappable_segments,minimum_unique_probes,minimum_unique_probe_asns","minimum_mappable_segments,minimum_unique_probes,minimum_unique_probe_asns",1.0,1.0,0.0,1.0,probe_country_service
AX,G-Root,resolved_entry_only,,,0.0,,,,,,,,,,,,,,,,,unknown_cross_layer_distribution_class,,False,False,False,False,False,insufficient_no_inter_region_projection_segments,"minimum_mappable_segments,minimum_unique_probes,minimum_unique_probe_asns,maximum_country_fallback_share",0.0,0.0,,,probe_country_service
AZ,G-Root,all_publicly_visible,5014,dns-root_g-root_msm5014_20260701T000000Z_010000Z.json,8.0,1.0,1.0,1.0,-0.0,0.0,1.0,severe_network_transition_concentration,0.5,1.0,1.0,0.6931471805599453,1.0,2.0,1.0,-1.0,moderate_corridor_observation_concentration,network_and_physical_both_concentrated,0.0,False,False,False,True,False,"insufficient_minimum_mappable_segments,minimum_unique_probes","minimum_mappable_segments,minimum_unique_probes",4.0,4.0,0.0,1.0,probe_country_service
AZ,G-Root,resolved_entry_only,,,0.0,,,,,,,,,,,,,,,,,unknown_cross_layer_distribution_class,,False,False,False,False,False,insufficient_no_inter_region_projection_segments,"minimum_mappable_segments,minimum_unique_probes,minimum_unique_probe_asns,maximum_country_fallback_share",0.0,0.0,,,probe_country_service
BA,G-Root,all_publicly_visible,,,0.0,,,,,,,,,,,,,,,,,unknown_cross_layer_distribution_class,,False,False,False,False,False,insufficient_no_inter_region_projection_segments,"minimum_mappable_segments,minimum_unique_probes,minimum_unique_probe_asns,maximum_country_fallback_share",0.0,0.0,,,probe_country_service
BA,G-Root,resolved_entry_only,,,0.0,,,,,,,,,,,,,,,,,unknown_cross_layer_distribution_class,,False,False,False,False,False,insufficient_no_inter_region_projection_segments,"minimum_mappable_segments,minimum_unique_probes,minimum_unique_probe_asns,maximum_country_fallback_share",0.0,0.0,,,probe_country_service
BB,G-Root,all_publicly_visible,5014,dns-root_g-root_msm5014_20260701T000000Z_010000Z.json,1.0,1.0,1.0,1.0,-0.0,0.0,1.0,severe_network_transition_concentration,1.0,1.0,1.0,-0.0,0.0,1.0,0.0,0.0,severe_corridor_observation_concentration,network_and_physical_both_concentrated,0.0,False,False,False,True,False,"insufficient_minimum_mappable_segments,minimum_unique_probes,minimum_unique_probe_asns","minimum_mappable_segments,minimum_unique_probes,minimum_unique_probe_asns",1.0,1.0,0.0,1.0,probe_country_service
BB,G-Root,resolved_entry_only,,,0.0,,,,,,,,,,,,,,,,,unknown_cross_layer_distribution_class,,False,False,False,False,False,insufficient_no_inter_region_projection_segments,"minimum_mappable_segments,minimum_unique_probes,minimum_unique_probe_asns,maximum_country_fallback_share",0.0,0.0,,,probe_country_service
BD,G-Root,all_publicly_visible,5014,dns-root_g-root_msm5014_20260701T000000Z_010000Z.json,19.0,0.631578947368421,0.9473684210526315,1.0,0.8092054732283178,0.7365705641335479,2.246122672934479,moderate_network_transition_concentration,0.3157894736842105,0.631578947368421,0.9473684210526315,1.2834640704535434,0.7974610642248654,3.609120343363948,0.06089050009131747,-0.06089050009131747,weak_corridor_observation_concentration,network_and_physical_both_concentrated,0.05263157894736842,False,False,False,True,False,insufficient_minimum_mappable_segments,minimum_mappable_segments,11.0,7.0,0.9473684210526315,0.05263157894736842,probe_country_service
BD,G-Root,resolved_entry_only,,,0.0,,,,,,,,,,,,,,,,,unknown_cross_layer_distribution_class,,False,False,False,False,False,insufficient_no_inter_region_projection_segments,"minimum_mappable_segments,minimum_unique_probes,minimum_unique_probe_asns,maximum_country_fallback_share",0.0,0.0,,,probe_country_service
BE,G-Root,all_publicly_visible,,,0.0,,,,,,,,,,,,,,,,,unknown_cross_layer_distribution_class,,False,False,False,False,False,insufficient_no_inter_region_projection_segments,"minimum_mappable_segments,minimum_unique_probes,minimum_unique_probe_asns,maximum_country_fallback_share",0.0,0.0,,,probe_country_service
BE,G-Root,resolved_entry_only,,,0.0,,,,,,,,,,,,,,,,,unknown_cross_layer_distribution_class,,False,False,False,False,False,insufficient_no_inter_region_projection_segments,"minimum_mappable_segments,minimum_unique_probes,minimum_unique_probe_asns,maximum_country_fallback_share",0.0,0.0,,,probe_country_service
BF,G-Root,all_publicly_visible,,,0.0,,,,,,,,,,,,,,,,,unknown_cross_layer_distribution_class,,False,False,False,False,False,insufficient_no_inter_region_projection_segments,"minimum_mappable_segments,minimum_unique_probes,minimum_unique_probe_asns,maximum_country_fallback_share",0.0,0.0,,,probe_country_service
BF,G-Root,resolved_entry_only,,,0.0,,,,,,,,,,,,,,,,,unknown_cross_layer_distribution_class,,False,False,False,False,False,insufficient_no_inter_region_projection_segments,"minimum_mappable_segments,minimum_unique_probes,minimum_unique_probe_asns,maximum_country_fallback_share",0.0,0.0,,,probe_country_service
BG,G-Root,all_publicly_visible,,,0.0,,,,,,,,,,,,,,,,,unknown_cross_layer_distribution_class,,False,False,False,False,False,insufficient_no_inter_region_projection_segments,"minimum_mappable_segments,minimum_unique_probes,minimum_unique_probe_asns,maximum_country_fallback_share",0.0,0.0,,,probe_country_service
BG,G-Root,resolved_entry_only,,,0.0,,,,,,,,,,,,,,,,,unknown_cross_layer_distribution_class,,False,False,False,False,False,insufficient_no_inter_region_projection_segments,"minimum_mappable_segments,minimum_unique_probes,minimum_unique_probe_asns,maximum_country_fallback_share",0.0,0.0,,,probe_country_service
BH,G-Root,all_publicly_visible,5014,dns-root_g-root_msm5014_20260701T000000Z_010000Z.json,13.0,0.5384615384615384,0.8461538461538461,1.0,0.9839614460010255,0.895640305638598,2.675032275816638,moderate_network_transition_concentration,0.46153846153846156,0.7307692307692308,1.0,1.0634187732433902,0.9679654817375236,2.8962557243827907,0.07232517609892564,-0.07232517609892564,weak_corridor_observation_concentration,network_and_physical_both_concentrated,0.0,False,False,False,True,False,"insufficient_minimum_mappable_segments,minimum_unique_probes,minimum_unique_probe_asns","minimum_mappable_segments,minimum_unique_probes,minimum_unique_probe_asns",4.0,2.0,0.46153846153846156,0.5384615384615384,probe_country_service
BH,G-Root,resolved_entry_only,,,0.0,,,,,,,,,,,,,,,,,unknown_cross_layer_distribution_class,,False,False,False,False,False,insufficient_no_inter_region_projection_segments,"minimum_mappable_segments,minimum_unique_probes,minimum_unique_probe_asns,maximum_country_fallback_share",0.0,0.0,,,probe_country_service
BI,G-Root,all_publicly_visible,,,0.0,,,,,,,,,,,,,,,,,unknown_cross_layer_distribution_class,,False,False,False,False,False,insufficient_no_inter_region_projection_segments,"minimum_mappable_segments,minimum_unique_probes,minimum_unique_probe_asns,maximum_country_fallback_share",0.0,0.0,,,probe_country_service
BI,G-Root,resolved_entry_only,,,0.0,,,,,,,,,,,,,,,,,unknown_cross_layer_distribution_class,,False,False,False,False,False,insufficient_no_inter_region_projection_segments,"minimum_mappable_segments,minimum_unique_probes,minimum_unique_probe_asns,maximum_country_fallback_share",0.0,0.0,,,probe_country_service
BJ,G-Root,all_publicly_visible,5014,dns-root_g-root_msm5014_20260701T000000Z_010000Z.json,3.0,0.6666666666666666,1.0,1.0,0.6365141682948128,0.9182958340544894,1.8898815748423097,moderate_network_transition_concentration,0.3333333333333333,0.6666666666666666,0.8333333333333333,1.3296613488547582,0.9591479170272448,3.77976314968462,0.04085208297275533,-0.04085208297275533,weak_corridor_observation_concentration,network_and_physical_both_concentrated,0.0,False,False,False,True,False,"insufficient_minimum_mappable_segments,minimum_unique_probes,minimum_unique_probe_asns","minimum_mappable_segments,minimum_unique_probes,minimum_unique_probe_asns",2.0,2.0,0.0,1.0,probe_country_service
BJ,G-Root,resolved_entry_only,,,0.0,,,,,,,,,,,,,,,,,unknown_cross_layer_distribution_class,,False,False,False,False,False,insufficient_no_inter_region_projection_segments,"minimum_mappable_segments,minimum_unique_probes,minimum_unique_probe_asns,maximum_country_fallback_share",0.0,0.0,,,probe_country_service
BL,G-Root,all_publicly_visible,,,0.0,,,,,,,,,,,,,,,,,unknown_cross_layer_distribution_class,,False,False,False,False,False,insufficient_no_inter_region_projection_segments,"minimum_mappable_segments,minimum_unique_probes,minimum_unique_probe_asns,maximum_country_fallback_share",0.0,0.0,,,probe_country_service
BL,G-Root,resolved_entry_only,,,0.0,,,,,,,,,,,,,,,,,unknown_cross_layer_distribution_class,,False,False,False,False,False,insufficient_no_inter_region_projection_segments,"minimum_mappable_segments,minimum_unique_probes,minimum_unique_probe_asns,maximum_country_fallback_share",0.0,0.0,,,probe_country_service
BO,G-Root,all_publicly_visible,,,0.0,,,,,,,,,,,,,,,,,unknown_cross_layer_distribution_class,,False,False,False,False,False,insufficient_no_inter_region_projection_segments,"minimum_mappable_segments,minimum_unique_probes,minimum_unique_probe_asns,maximum_country_fallback_share",0.0,0.0,,,probe_country_service
BO,G-Root,resolved_entry_only,,,0.0,,,,,,,,,,,,,,,,,unknown_cross_layer_distribution_class,,False,False,False,False,False,insufficient_no_inter_region_projection_segments,"minimum_mappable_segments,minimum_unique_probes,minimum_unique_probe_asns,maximum_country_fallback_share",0.0,0.0,,,probe_country_service
BR,G-Root,all_publicly_visible,5014,dns-root_g-root_msm5014_20260701T000000Z_010000Z.json,4.0,0.5,0.75,1.0,1.0397207708399179,0.946394630357186,2.82842712474619,weak_network_transition_concentration,0.5,0.75,1.0,1.0397207708399179,0.946394630357186,2.82842712474619,0.0,0.0,weak_corridor_observation_concentration,network_and_physical_both_concentrated,0.25,False,False,False,True,False,"insufficient_minimum_mappable_segments,minimum_unique_probes","minimum_mappable_segments,minimum_unique_probes",3.0,3.0,0.25,0.75,probe_country_service
BR,G-Root,resolved_entry_only,,,0.0,,,,,,,,,,,,,,,,,unknown_cross_layer_distribution_class,,False,False,False,False,False,insufficient_no_inter_region_projection_segments,"minimum_mappable_segments,minimum_unique_probes,minimum_unique_probe_asns,maximum_country_fallback_share",0.0,0.0,,,probe_country_service
BT,G-Root,all_publicly_visible,5014,dns-root_g-root_msm5014_20260701T000000Z_010000Z.json,8.0,0.5,0.75,1.0,1.0397207708399179,0.946394630357186,2.82842712474619,weak_network_transition_concentration,0.3333333333333333,0.6666666666666666,1.0,1.0986122886681096,0.9999999999999998,2.9999999999999996,0.053605369642813816,-0.053605369642813816,weak_corridor_observation_concentration,network_and_physical_both_concentrated,0.0,False,False,False,True,False,"insufficient_minimum_mappable_segments,minimum_unique_probes,minimum_unique_probe_asns","minimum_mappable_segments,minimum_unique_probes,minimum_unique_probe_asns",1.0,1.0,1.0,0.0,probe_country_service
BT,G-Root,resolved_entry_only,,,0.0,,,,,,,,,,,,,,,,,unknown_cross_layer_distribution_class,,False,False,False,False,False,insufficient_no_inter_region_projection_segments,"minimum_mappable_segments,minimum_unique_probes,minimum_unique_probe_asns,maximum_country_fallback_share",0.0,0.0,,,probe_country_service
BW,G-Root,all_publicly_visible,,,0.0,,,,,,,,,,,,,,,,,unknown_cross_layer_distribution_class,,False,False,False,False,False,insufficient_no_inter_region_projection_segments,"minimum_mappable_segments,minimum_unique_probes,minimum_unique_probe_asns,maximum_country_fallback_share",0.0,0.0,,,probe_country_service
BW,G-Root,resolved_entry_only,,,0.0,,,,,,,,,,,,,,,,,unknown_cross_layer_distribution_class,,False,False,False,False,False,insufficient_no_inter_region_projection_segments,"minimum_mappable_segments,minimum_unique_probes,minimum_unique_probe_asns,maximum_country_fallback_share",0.0,0.0,,,probe_country_service
BY,G-Root,all_publicly_visible,,,0.0,,,,,,,,,,,,,,,,,unknown_cross_layer_distribution_class,,False,False,False,False,False,insufficient_no_inter_region_projection_segments,"minimum_mappable_segments,minimum_unique_probes,minimum_unique_probe_asns,maximum_country_fallback_share",0.0,0.0,,,probe_country_service
BY,G-Root,resolved_entry_only,,,0.0,,,,,,,,,,,,,,,,,unknown_cross_layer_distribution_class,,False,False,False,False,False,insufficient_no_inter_region_projection_segments,"minimum_mappable_segments,minimum_unique_probes,minimum_unique_probe_asns,maximum_country_fallback_share",0.0,0.0,,,probe_country_service
CA,G-Root,all_publicly_visible,5014,dns-root_g-root_msm5014_20260701T000000Z_010000Z.json,374.0,0.13903743315508021,0.2620320855614973,0.3716577540106952,2.8739783915362844,0.8219568643892482,17.70732492487657,broad_network_transition_distribution,0.3609625668449198,0.6417112299465241,0.839572192513369,1.4386514903522043,0.6247984036418516,4.215008003864294,-0.19715846074739662,0.19715846074739662,weak_corridor_observation_concentration,network_and_physical_both_broad,0.09090909090909091,True,True,True,True,True,auditable,,110.0,36.0,0.516042780748663,0.4839572192513369,probe_country_service
CA,G-Root,resolved_entry_only,,,0.0,,,,,,,,,,,,,,,,,unknown_cross_layer_distribution_class,,False,False,False,False,False,insufficient_no_inter_region_projection_segments,"minimum_mappable_segments,minimum_unique_probes,minimum_unique_probe_asns,maximum_country_fallback_share",0.0,0.0,,,probe_country_service
CD,G-Root,all_publicly_visible,,,0.0,,,,,,,,,,,,,,,,,unknown_cross_layer_distribution_class,,False,False,False,False,False,insufficient_no_inter_region_projection_segments,"minimum_mappable_segments,minimum_unique_probes,minimum_unique_probe_asns,maximum_country_fallback_share",0.0,0.0,,,probe_country_service
CD,G-Root,resolved_entry_only,,,0.0,,,,,,,,,,,,,,,,,unknown_cross_layer_distribution_class,,False,False,False,False,False,insufficient_no_inter_region_projection_segments,"minimum_mappable_segments,minimum_unique_probes,minimum_unique_probe_asns,maximum_country_fallback_share",0.0,0.0,,,probe_country_service
CG,G-Root,all_publicly_visible,5014,dns-root_g-root_msm5014_20260701T000000Z_010000Z.json,1.0,1.0,1.0,1.0,-0.0,0.0,1.0,severe_network_transition_concentration,1.0,1.0,1.0,-0.0,0.0,1.0,0.0,0.0,severe_corridor_observation_concentration,network_and_physical_both_concentrated,0.0,False,False,False,True,False,"insufficient_minimum_mappable_segments,minimum_unique_probes,minimum_unique_probe_asns","minimum_mappable_segments,minimum_unique_probes,minimum_unique_probe_asns",1.0,1.0,0.0,1.0,probe_country_service
CG,G-Root,resolved_entry_only,,,0.0,,,,,,,,,,,,,,,,,unknown_cross_layer_distribution_class,,False,False,False,False,False,insufficient_no_inter_region_projection_segments,"minimum_mappable_segments,minimum_unique_probes,minimum_unique_probe_asns,maximum_country_fallback_share",0.0,0.0,,,probe_country_service
CH,G-Root,all_publicly_visible,,,0.0,,,,,,,,,,,,,,,,,unknown_cross_layer_distribution_class,,False,False,False,False,False,insufficient_no_inter_region_projection_segments,"minimum_mappable_segments,minimum_unique_probes,minimum_unique_probe_asns,maximum_country_fallback_share",0.0,0.0,,,probe_country_service
CH,G-Root,resolved_entry_only,,,0.0,,,,,,,,,,,,,,,,,unknown_cross_layer_distribution_class,,False,False,False,False,False,insufficient_no_inter_region_projection_segments,"minimum_mappable_segments,minimum_unique_probes,minimum_unique_probe_asns,maximum_country_fallback_share",0.0,0.0,,,probe_country_service
CI,G-Root,all_publicly_visible,5014,dns-root_g-root_msm5014_20260701T000000Z_010000Z.json,4.0,0.5,1.0,1.0,0.6931471805599453,1.0,2.0,moderate_network_transition_concentration,0.5,1.0,1.0,0.6931471805599453,1.0,2.0,0.0,0.0,moderate_corridor_observation_concentration,network_and_physical_both_concentrated,0.0,False,False,False,True,False,"insufficient_minimum_mappable_segments,minimum_unique_probes,minimum_unique_probe_asns","minimum_mappable_segments,minimum_unique_probes,minimum_unique_probe_asns",2.0,2.0,0.5,0.5,probe_country_service
CI,G-Root,resolved_entry_only,,,0.0,,,,,,,,,,,,,,,,,unknown_cross_layer_distribution_class,,False,False,False,False,False,insufficient_no_inter_region_projection_segments,"minimum_mappable_segments,minimum_unique_probes,minimum_unique_probe_asns,maximum_country_fallback_share",0.0,0.0,,,probe_country_service
CK,G-Root,all_publicly_visible,,,0.0,,,,,,,,,,,,,,,,,unknown_cross_layer_distribution_class,,False,False,False,False,False,insufficient_no_inter_region_projection_segments,"minimum_mappable_segments,minimum_unique_probes,minimum_unique_probe_asns,maximum_country_fallback_share",0.0,0.0,,,probe_country_service
CK,G-Root,resolved_entry_only,,,0.0,,,,,,,,,,,,,,,,,unknown_cross_layer_distribution_class,,False,False,False,False,False,insufficient_no_inter_region_projection_segments,"minimum_mappable_segments,minimum_unique_probes,minimum_unique_probe_asns,maximum_country_fallback_share",0.0,0.0,,,probe_country_service
CL,G-Root,all_publicly_visible,,,0.0,,,,,,,,,,,,,,,,,unknown_cross_layer_distribution_class,,False,False,False,False,False,insufficient_no_inter_region_projection_segments,"minimum_mappable_segments,minimum_unique_probes,minimum_unique_probe_asns,maximum_country_fallback_share",0.0,0.0,,,probe_country_service
CL,G-Root,resolved_entry_only,,,0.0,,,,,,,,,,,,,,,,,unknown_cross_layer_distribution_class,,False,False,False,False,False,insufficient_no_inter_region_projection_segments,"minimum_mappable_segments,minimum_unique_probes,minimum_unique_probe_asns,maximum_country_fallback_share",0.0,0.0,,,probe_country_service
CM,G-Root,all_publicly_visible,5014,dns-root_g-root_msm5014_20260701T000000Z_010000Z.json,3.0,0.6666666666666666,1.0,1.0,0.6365141682948128,0.9182958340544894,1.8898815748423097,moderate_network_transition_concentration,0.6666666666666666,0.8333333333333333,1.0,0.8675632284814613,0.7896900821428475,2.3811015779522995,-0.12860575191164192,0.12860575191164192,moderate_corridor_observation_concentration,network_and_physical_both_concentrated,0.0,False,False,False,True,False,"insufficient_minimum_mappable_segments,minimum_unique_probes,minimum_unique_probe_asns","minimum_mappable_segments,minimum_unique_probes,minimum_unique_probe_asns",2.0,2.0,0.0,1.0,probe_country_service
CM,G-Root,resolved_entry_only,,,0.0,,,,,,,,,,,,,,,,,unknown_cross_layer_distribution_class,,False,False,False,False,False,insufficient_no_inter_region_projection_segments,"minimum_mappable_segments,minimum_unique_probes,minimum_unique_probe_asns,maximum_country_fallback_share",0.0,0.0,,,probe_country_service
CN,G-Root,all_publicly_visible,5014,dns-root_g-root_msm5014_20260701T000000Z_010000Z.json,13.0,0.5384615384615384,0.7692307692307692,0.9230769230769231,1.1569876443452742,0.8345901684333654,3.1803385212361994,weak_network_transition_concentration,0.2692307692307692,0.5384615384615384,0.6666666666666666,1.6939132883617267,0.9453910066910469,5.44073024657517,0.1108008382576815,-0.1108008382576815,broad_corridor_observation_distribution,network_and_physical_both_broad,0.0,False,False,False,True,False,"insufficient_minimum_mappable_segments,minimum_unique_probes","minimum_mappable_segments,minimum_unique_probes",6.0,5.0,0.4615384615384616,0.5384615384615385,probe_country_service
CN,G-Root,resolved_entry_only,,,0.0,,,,,,,,,,,,,,,,,unknown_cross_layer_distribution_class,,False,False,False,False,False,insufficient_no_inter_region_projection_segments,"minimum_mappable_segments,minimum_unique_probes,minimum_unique_probe_asns,maximum_country_fallback_share",0.0,0.0,,,probe_country_service
CO,G-Root,all_publicly_visible,5014,dns-root_g-root_msm5014_20260701T000000Z_010000Z.json,17.0,0.35294117647058826,0.5294117647058824,0.7058823529411765,1.537662651438498,0.9554035229062984,4.653700229497512,broad_network_transition_distribution,0.4117647058823529,0.5882352941176471,0.7058823529411764,1.593443285659087,0.8893176305330711,4.92066304003499,-0.06608589237322726,0.06608589237322726,broad_corridor_observation_distribution,network_and_physical_both_broad,0.0,False,False,False,True,False,"insufficient_minimum_mappable_segments,minimum_unique_probes","minimum_mappable_segments,minimum_unique_probes",7.0,3.0,0.4117647058823529,0.5882352941176471,probe_country_service
CO,G-Root,resolved_entry_only,,,0.0,,,,,,,,,,,,,,,,,unknown_cross_layer_distribution_class,,False,False,False,False,False,insufficient_no_inter_region_projection_segments,"minimum_mappable_segments,minimum_unique_probes,minimum_unique_probe_asns,maximum_country_fallback_share",0.0,0.0,,,probe_country_service
CR,G-Root,all_publicly_visible,5014,dns-root_g-root_msm5014_20260701T000000Z_010000Z.json,1.0,1.0,1.0,1.0,-0.0,0.0,1.0,severe_network_transition_concentration,1.0,1.0,1.0,-0.0,0.0,1.0,0.0,0.0,severe_corridor_observation_concentration,network_and_physical_both_concentrated,0.0,False,False,False,True,False,"insufficient_minimum_mappable_segments,minimum_unique_probes,minimum_unique_probe_asns","minimum_mappable_segments,minimum_unique_probes,minimum_unique_probe_asns",1.0,1.0,1.0,0.0,probe_country_service
CR,G-Root,resolved_entry_only,,,0.0,,,,,,,,,,,,,,,,,unknown_cross_layer_distribution_class,,False,False,False,False,False,insufficient_no_inter_region_projection_segments,"minimum_mappable_segments,minimum_unique_probes,minimum_unique_probe_asns,maximum_country_fallback_share",0.0,0.0,,,probe_country_service
CU,G-Root,all_publicly_visible,5014,dns-root_g-root_msm5014_20260701T000000Z_010000Z.json,1.0,1.0,1.0,1.0,-0.0,0.0,1.0,severe_network_transition_concentration,1.0,1.0,1.0,-0.0,0.0,1.0,0.0,0.0,severe_corridor_observation_concentration,network_and_physical_both_concentrated,0.0,False,False,False,True,False,"insufficient_minimum_mappable_segments,minimum_unique_probes,minimum_unique_probe_asns","minimum_mappable_segments,minimum_unique_probes,minimum_unique_probe_asns",1.0,1.0,0.0,1.0,probe_country_service
CU,G-Root,resolved_entry_only,,,0.0,,,,,,,,,,,,,,,,,unknown_cross_layer_distribution_class,,False,False,False,False,False,insufficient_no_inter_region_projection_segments,"minimum_mappable_segments,minimum_unique_probes,minimum_unique_probe_asns,maximum_country_fallback_share",0.0,0.0,,,probe_country_service
CV,G-Root,all_publicly_visible,5014,dns-root_g-root_msm5014_20260701T000000Z_010000Z.json,9.0,0.4444444444444444,0.7777777777777777,0.8888888888888888,1.2148896539491205,0.8763576394898526,3.369922186199325,weak_network_transition_concentration,0.5555555555555556,0.6666666666666667,0.7777777777777778,1.303092403761719,0.809656833416415,3.680661177206624,-0.06670080607343754,0.06670080607343754,weak_corridor_observation_concentration,network_and_physical_both_concentrated,0.0,False,False,False,True,False,"insufficient_minimum_mappable_segments,minimum_unique_probes,minimum_unique_probe_asns","minimum_mappable_segments,minimum_unique_probes,minimum_unique_probe_asns",3.0,2.0,0.8888888888888888,0.1111111111111111,probe_country_service
CV,G-Root,resolved_entry_only,,,0.0,,,,,,,,,,,,,,,,,unknown_cross_layer_distribution_class,,False,False,False,False,False,insufficient_no_inter_region_projection_segments,"minimum_mappable_segments,minimum_unique_probes,minimum_unique_probe_asns,maximum_country_fallback_share",0.0,0.0,,,probe_country_service
CW,G-Root,all_publicly_visible,5014,dns-root_g-root_msm5014_20260701T000000Z_010000Z.json,1.0,1.0,1.0,1.0,-0.0,0.0,1.0,severe_network_transition_concentration,1.0,1.0,1.0,-0.0,0.0,1.0,0.0,0.0,severe_corridor_observation_concentration,network_and_physical_both_concentrated,0.0,False,False,False,True,False,"insufficient_minimum_mappable_segments,minimum_unique_probes,minimum_unique_probe_asns","minimum_mappable_segments,minimum_unique_probes,minimum_unique_probe_asns",1.0,1.0,0.0,1.0,probe_country_service
CW,G-Root,resolved_entry_only,,,0.0,,,,,,,,,,,,,,,,,unknown_cross_layer_distribution_class,,False,False,False,False,False,insufficient_no_inter_region_projection_segments,"minimum_mappable_segments,minimum_unique_probes,minimum_unique_probe_asns,maximum_country_fallback_share",0.0,0.0,,,probe_country_service
CY,G-Root,all_publicly_visible,5014,dns-root_g-root_msm5014_20260701T000000Z_010000Z.json,18.0,0.6666666666666666,0.8888888888888888,1.0,0.8486855577264172,0.7725068857142601,2.336573541485641,moderate_network_transition_concentration,1.0,1.0,1.0,-0.0,0.0,1.0,-0.7725068857142601,0.7725068857142601,severe_corridor_observation_concentration,network_and_physical_both_concentrated,0.0,False,False,False,True,False,insufficient_minimum_mappable_segments,minimum_mappable_segments,10.0,5.0,0.0,1.0,probe_country_service
CY,G-Root,resolved_entry_only,,,0.0,,,,,,,,,,,,,,,,,unknown_cross_layer_distribution_class,,False,False,False,False,False,insufficient_no_inter_region_projection_segments,"minimum_mappable_segments,minimum_unique_probes,minimum_unique_probe_asns,maximum_country_fallback_share",0.0,0.0,,,probe_country_service
CZ,G-Root,all_publicly_visible,,,0.0,,,,,,,,,,,,,,,,,unknown_cross_layer_distribution_class,,False,False,False,False,False,insufficient_no_inter_region_projection_segments,"minimum_mappable_segments,minimum_unique_probes,minimum_unique_probe_asns,maximum_country_fallback_share",0.0,0.0,,,probe_country_service
CZ,G-Root,resolved_entry_only,,,0.0,,,,,,,,,,,,,,,,,unknown_cross_layer_distribution_class,,False,False,False,False,False,insufficient_no_inter_region_projection_segments,"minimum_mappable_segments,minimum_unique_probes,minimum_unique_probe_asns,maximum_country_fallback_share",0.0,0.0,,,probe_country_service
DE,G-Root,all_publicly_visible,5014,dns-root_g-root_msm5014_20260701T000000Z_010000Z.json,2.0,1.0,1.0,1.0,-0.0,0.0,1.0,severe_network_transition_concentration,1.0,1.0,1.0,-0.0,0.0,1.0,0.0,0.0,severe_corridor_observation_concentration,network_and_physical_both_concentrated,0.0,False,False,False,True,False,"insufficient_minimum_mappable_segments,minimum_unique_probes,minimum_unique_probe_asns","minimum_mappable_segments,minimum_unique_probes,minimum_unique_probe_asns",1.0,1.0,1.0,0.0,probe_country_service
DE,G-Root,resolved_entry_only,,,0.0,,,,,,,,,,,,,,,,,unknown_cross_layer_distribution_class,,False,False,False,False,False,insufficient_no_inter_region_projection_segments,"minimum_mappable_segments,minimum_unique_probes,minimum_unique_probe_asns,maximum_country_fallback_share",0.0,0.0,,,probe_country_service
DJ,G-Root,all_publicly_visible,,,0.0,,,,,,,,,,,,,,,,,unknown_cross_layer_distribution_class,,False,False,False,False,False,insufficient_no_inter_region_projection_segments,"minimum_mappable_segments,minimum_unique_probes,minimum_unique_probe_asns,maximum_country_fallback_share",0.0,0.0,,,probe_country_service
DJ,G-Root,resolved_entry_only,,,0.0,,,,,,,,,,,,,,,,,unknown_cross_layer_distribution_class,,False,False,False,False,False,insufficient_no_inter_region_projection_segments,"minimum_mappable_segments,minimum_unique_probes,minimum_unique_probe_asns,maximum_country_fallback_share",0.0,0.0,,,probe_country_service
DK,G-Root,all_publicly_visible,5014,dns-root_g-root_msm5014_20260701T000000Z_010000Z.json,420.0,0.1595238095238095,0.2523809523809524,0.3119047619047619,3.140544076379038,0.863359364830898,23.11644054715772,broad_network_transition_distribution,1.0,1.0,1.0,-0.0,0.0,1.0,-0.863359364830898,0.863359364830898,severe_corridor_observation_concentration,network_broad_physical_concentrated,0.030952380952380953,True,True,True,True,True,auditable,,91.0,29.0,0.9380952380952381,0.06190476190476191,probe_country_service
DK,G-Root,resolved_entry_only,,,0.0,,,,,,,,,,,,,,,,,unknown_cross_layer_distribution_class,,False,False,False,False,False,insufficient_no_inter_region_projection_segments,"minimum_mappable_segments,minimum_unique_probes,minimum_unique_probe_asns,maximum_country_fallback_share",0.0,0.0,,,probe_country_service
DO,G-Root,all_publicly_visible,5014,dns-root_g-root_msm5014_20260701T000000Z_010000Z.json,7.0,0.2857142857142857,0.5714285714285714,0.8571428571428571,1.351783994289646,0.9751060324573735,3.8643132978583434,weak_network_transition_concentration,0.5714285714285714,1.0,1.0,0.6829081047004717,0.9852281360342515,1.9796263300525183,0.010122103576878039,-0.010122103576878039,moderate_corridor_observation_concentration,network_broad_physical_concentrated,0.0,False,False,False,True,False,"insufficient_minimum_mappable_segments,minimum_unique_probes","minimum_mappable_segments,minimum_unique_probes",4.0,4.0,0.0,1.0,probe_country_service
DO,G-Root,resolved_entry_only,,,0.0,,,,,,,,,,,,,,,,,unknown_cross_layer_distribution_class,,False,False,False,False,False,insufficient_no_inter_region_projection_segments,"minimum_mappable_segments,minimum_unique_probes,minimum_unique_probe_asns,maximum_country_fallback_share",0.0,0.0,,,probe_country_service
DZ,G-Root,all_publicly_visible,,,0.0,,,,,,,,,,,,,,,,,unknown_cross_layer_distribution_class,,False,False,False,False,False,insufficient_no_inter_region_projection_segments,"minimum_mappable_segments,minimum_unique_probes,minimum_unique_probe_asns,maximum_country_fallback_share",0.0,0.0,,,probe_country_service
DZ,G-Root,resolved_entry_only,,,0.0,,,,,,,,,,,,,,,,,unknown_cross_layer_distribution_class,,False,False,False,False,False,insufficient_no_inter_region_projection_segments,"minimum_mappable_segments,minimum_unique_probes,minimum_unique_probe_asns,maximum_country_fallback_share",0.0,0.0,,,probe_country_service
EC,G-Root,all_publicly_visible,5014,dns-root_g-root_msm5014_20260701T000000Z_010000Z.json,5.0,0.6,0.8,1.0,0.9502705392332347,0.8649735207179272,2.586409289858933,moderate_network_transition_concentration,0.8,1.0,1.0,0.5004024235381879,0.7219280948873623,1.6493848884661177,-0.1430454258305649,0.1430454258305649,severe_corridor_observation_concentration,network_and_physical_both_concentrated,0.0,False,False,False,True,False,"insufficient_minimum_mappable_segments,minimum_unique_probes,minimum_unique_probe_asns","minimum_mappable_segments,minimum_unique_probes,minimum_unique_probe_asns",2.0,2.0,0.8,0.2,probe_country_service
EC,G-Root,resolved_entry_only,,,0.0,,,,,,,,,,,,,,,,,unknown_cross_layer_distribution_class,,False,False,False,False,False,insufficient_no_inter_region_projection_segments,"minimum_mappable_segments,minimum_unique_probes,minimum_unique_probe_asns,maximum_country_fallback_share",0.0,0.0,,,probe_country_service
EE,G-Root,all_publicly_visible,5014,dns-root_g-root_msm5014_20260701T000000Z_010000Z.json,55.0,0.6363636363636364,0.7636363636363637,0.8545454545454545,1.149222318929811,0.7140519743266994,3.1557377976187233,weak_network_transition_concentration,0.6909090909090909,0.8090909090909091,0.9272727272727272,1.0012551653858686,0.622114812662502,2.721695863860476,-0.09193716166419741,0.09193716166419741,moderate_corridor_observation_concentration,network_broad_physical_concentrated,0.0,True,True,True,True,True,auditable,,27.0,14.0,0.0,1.0,probe_country_service
EE,G-Root,resolved_entry_only,,,0.0,,,,,,,,,,,,,,,,,unknown_cross_layer_distribution_class,,False,False,False,False,False,insufficient_no_inter_region_projection_segments,"minimum_mappable_segments,minimum_unique_probes,minimum_unique_probe_asns,maximum_country_fallback_share",0.0,0.0,,,probe_country_service
EG,G-Root,all_publicly_visible,,,0.0,,,,,,,,,,,,,,,,,unknown_cross_layer_distribution_class,,False,False,False,False,False,insufficient_no_inter_region_projection_segments,"minimum_mappable_segments,minimum_unique_probes,minimum_unique_probe_asns,maximum_country_fallback_share",0.0,0.0,,,probe_country_service
EG,G-Root,resolved_entry_only,,,0.0,,,,,,,,,,,,,,,,,unknown_cross_layer_distribution_class,,False,False,False,False,False,insufficient_no_inter_region_projection_segments,"minimum_mappable_segments,minimum_unique_probes,minimum_unique_probe_asns,maximum_country_fallback_share",0.0,0.0,,,probe_country_service
ES,G-Root,all_publicly_visible,5014,dns-root_g-root_msm5014_20260701T000000Z_010000Z.json,10.0,0.4,0.8,1.0,1.0549201679861442,0.9602297178607612,2.8717458874925876,moderate_network_transition_concentration,0.6,1.0,1.0,0.6730116670092565,0.9709505944546688,1.9601317042077895,0.010720876593907636,-0.010720876593907636,moderate_corridor_observation_concentration,network_and_physical_both_concentrated,0.0,False,False,False,True,False,"insufficient_minimum_mappable_segments,minimum_unique_probes","minimum_mappable_segments,minimum_unique_probes",5.0,4.0,0.4,0.6,probe_country_service
ES,G-Root,resolved_entry_only,,,0.0,,,,,,,,,,,,,,,,,unknown_cross_layer_distribution_class,,False,False,False,False,False,insufficient_no_inter_region_projection_segments,"minimum_mappable_segments,minimum_unique_probes,minimum_unique_probe_asns,maximum_country_fallback_share",0.0,0.0,,,probe_country_service
ET,G-Root,all_publicly_visible,,,0.0,,,,,,,,,,,,,,,,,unknown_cross_layer_distribution_class,,False,False,False,False,False,insufficient_no_inter_region_projection_segments,"minimum_mappable_segments,minimum_unique_probes,minimum_unique_probe_asns,maximum_country_fallback_share",0.0,0.0,,,probe_country_service
ET,G-Root,resolved_entry_only,,,0.0,,,,,,,,,,,,,,,,,unknown_cross_layer_distribution_class,,False,False,False,False,False,insufficient_no_inter_region_projection_segments,"minimum_mappable_segments,minimum_unique_probes,minimum_unique_probe_asns,maximum_country_fallback_share",0.0,0.0,,,probe_country_service
FI,G-Root,all_publicly_visible,5014,dns-root_g-root_msm5014_20260701T000000Z_010000Z.json,72.0,0.2361111111111111,0.3888888888888889,0.5,2.324062534203768,0.8806411699069028,10.217097415416223,broad_network_transition_distribution,0.2777777777777778,0.45833333333333337,0.6388888888888888,1.9061695020687222,0.8675351266913486,6.7272705857327315,-0.013106043215554197,0.013106043215554197,broad_corridor_observation_distribution,network_and_physical_both_broad,0.0,True,True,True,True,True,auditable,,31.0,14.0,0.4166666666666667,0.5833333333333334,probe_country_service
FI,G-Root,resolved_entry_only,,,0.0,,,,,,,,,,,,,,,,,unknown_cross_layer_distribution_class,,False,False,False,False,False,insufficient_no_inter_region_projection_segments,"minimum_mappable_segments,minimum_unique_probes,minimum_unique_probe_asns,maximum_country_fallback_share",0.0,0.0,,,probe_country_service
FJ,G-Root,all_publicly_visible,,,0.0,,,,,,,,,,,,,,,,,unknown_cross_layer_distribution_class,,False,False,False,False,False,insufficient_no_inter_region_projection_segments,"minimum_mappable_segments,minimum_unique_probes,minimum_unique_probe_asns,maximum_country_fallback_share",0.0,0.0,,,probe_country_service
FJ,G-Root,resolved_entry_only,,,0.0,,,,,,,,,,,,,,,,,unknown_cross_layer_distribution_class,,False,False,False,False,False,insufficient_no_inter_region_projection_segments,"minimum_mappable_segments,minimum_unique_probes,minimum_unique_probe_asns,maximum_country_fallback_share",0.0,0.0,,,probe_country_service
FM,G-Root,all_publicly_visible,,,0.0,,,,,,,,,,,,,,,,,unknown_cross_layer_distribution_class,,False,False,False,False,False,insufficient_no_inter_region_projection_segments,"minimum_mappable_segments,minimum_unique_probes,minimum_unique_probe_asns,maximum_country_fallback_share",0.0,0.0,,,probe_country_service
FM,G-Root,resolved_entry_only,,,0.0,,,,,,,,,,,,,,,,,unknown_cross_layer_distribution_class,,False,False,False,False,False,insufficient_no_inter_region_projection_segments,"minimum_mappable_segments,minimum_unique_probes,minimum_unique_probe_asns,maximum_country_fallback_share",0.0,0.0,,,probe_country_service
FR,G-Root,all_publicly_visible,,,0.0,,,,,,,,,,,,,,,,,unknown_cross_layer_distribution_class,,False,False,False,False,False,insufficient_no_inter_region_projection_segments,"minimum_mappable_segments,minimum_unique_probes,minimum_unique_probe_asns,maximum_country_fallback_share",0.0,0.0,,,probe_country_service
FR,G-Root,resolved_entry_only,,,0.0,,,,,,,,,,,,,,,,,unknown_cross_layer_distribution_class,,False,False,False,False,False,insufficient_no_inter_region_projection_segments,"minimum_mappable_segments,minimum_unique_probes,minimum_unique_probe_asns,maximum_country_fallback_share",0.0,0.0,,,probe_country_service
GB,G-Root,all_publicly_visible,,,0.0,,,,,,,,,,,,,,,,,unknown_cross_layer_distribution_class,,False,False,False,False,False,insufficient_no_inter_region_projection_segments,"minimum_mappable_segments,minimum_unique_probes,minimum_unique_probe_asns,maximum_country_fallback_share",0.0,0.0,,,probe_country_service
GB,G-Root,resolved_entry_only,,,0.0,,,,,,,,,,,,,,,,,unknown_cross_layer_distribution_class,,False,False,False,False,False,insufficient_no_inter_region_projection_segments,"minimum_mappable_segments,minimum_unique_probes,minimum_unique_probe_asns,maximum_country_fallback_share",0.0,0.0,,,probe_country_service
GE,G-Root,all_publicly_visible,,,0.0,,,,,,,,,,,,,,,,,unknown_cross_layer_distribution_class,,False,False,False,False,False,insufficient_no_inter_region_projection_segments,"minimum_mappable_segments,minimum_unique_probes,minimum_unique_probe_asns,maximum_country_fallback_share",0.0,0.0,,,probe_country_service
GE,G-Root,resolved_entry_only,,,0.0,,,,,,,,,,,,,,,,,unknown_cross_layer_distribution_class,,False,False,False,False,False,insufficient_no_inter_region_projection_segments,"minimum_mappable_segments,minimum_unique_probes,minimum_unique_probe_asns,maximum_country_fallback_share",0.0,0.0,,,probe_country_service
GF,G-Root,all_publicly_visible,,,0.0,,,,,,,,,,,,,,,,,unknown_cross_layer_distribution_class,,False,False,False,False,False,insufficient_no_inter_region_projection_segments,"minimum_mappable_segments,minimum_unique_probes,minimum_unique_probe_asns,maximum_country_fallback_share",0.0,0.0,,,probe_country_service
GF,G-Root,resolved_entry_only,,,0.0,,,,,,,,,,,,,,,,,unknown_cross_layer_distribution_class,,False,False,False,False,False,insufficient_no_inter_region_projection_segments,"minimum_mappable_segments,minimum_unique_probes,minimum_unique_probe_asns,maximum_country_fallback_share",0.0,0.0,,,probe_country_service
GG,G-Root,all_publicly_visible,5014,dns-root_g-root_msm5014_20260701T000000Z_010000Z.json,2.0,1.0,1.0,1.0,-0.0,0.0,1.0,severe_network_transition_concentration,1.0,1.0,1.0,-0.0,0.0,1.0,0.0,0.0,severe_corridor_observation_concentration,network_and_physical_both_concentrated,0.0,False,False,False,True,False,"insufficient_minimum_mappable_segments,minimum_unique_probes,minimum_unique_probe_asns","minimum_mappable_segments,minimum_unique_probes,minimum_unique_probe_asns",1.0,1.0,1.0,0.0,probe_country_service
GG,G-Root,resolved_entry_only,,,0.0,,,,,,,,,,,,,,,,,unknown_cross_layer_distribution_class,,False,False,False,False,False,insufficient_no_inter_region_projection_segments,"minimum_mappable_segments,minimum_unique_probes,minimum_unique_probe_asns,maximum_country_fallback_share",0.0,0.0,,,probe_country_service
GH,G-Root,all_publicly_visible,5014,dns-root_g-root_msm5014_20260701T000000Z_010000Z.json,2.0,1.0,1.0,1.0,-0.0,0.0,1.0,severe_network_transition_concentration,1.0,1.0,1.0,-0.0,0.0,1.0,0.0,0.0,severe_corridor_observation_concentration,network_and_physical_both_concentrated,0.0,False,False,False,True,False,"insufficient_minimum_mappable_segments,minimum_unique_probes,minimum_unique_probe_asns","minimum_mappable_segments,minimum_unique_probes,minimum_unique_probe_asns",1.0,1.0,0.0,1.0,probe_country_service
GH,G-Root,resolved_entry_only,,,0.0,,,,,,,,,,,,,,,,,unknown_cross_layer_distribution_class,,False,False,False,False,False,insufficient_no_inter_region_projection_segments,"minimum_mappable_segments,minimum_unique_probes,minimum_unique_probe_asns,maximum_country_fallback_share",0.0,0.0,,,probe_country_service
GP,G-Root,all_publicly_visible,5014,dns-root_g-root_msm5014_20260701T000000Z_010000Z.json,4.0,1.0,1.0,1.0,-0.0,0.0,1.0,severe_network_transition_concentration,0.125,0.25,0.375,2.0794415416798357,1.0,7.999999999999998,1.0,-1.0,broad_corridor_observation_distribution,network_concentrated_physical_broad,0.0,False,False,False,True,False,"insufficient_minimum_mappable_segments,minimum_unique_probes,minimum_unique_probe_asns","minimum_mappable_segments,minimum_unique_probes,minimum_unique_probe_asns",1.0,1.0,0.5,0.5,probe_country_service
GP,G-Root,resolved_entry_only,,,0.0,,,,,,,,,,,,,,,,,unknown_cross_layer_distribution_class,,False,False,False,False,False,insufficient_no_inter_region_projection_segments,"minimum_mappable_segments,minimum_unique_probes,minimum_unique_probe_asns,maximum_country_fallback_share",0.0,0.0,,,probe_country_service
GQ,G-Root,all_publicly_visible,,,0.0,,,,,,,,,,,,,,,,,unknown_cross_layer_distribution_class,,False,False,False,False,False,insufficient_no_inter_region_projection_segments,"minimum_mappable_segments,minimum_unique_probes,minimum_unique_probe_asns,maximum_country_fallback_share",0.0,0.0,,,probe_country_service
GQ,G-Root,resolved_entry_only,,,0.0,,,,,,,,,,,,,,,,,unknown_cross_layer_distribution_class,,False,False,False,False,False,insufficient_no_inter_region_projection_segments,"minimum_mappable_segments,minimum_unique_probes,minimum_unique_probe_asns,maximum_country_fallback_share",0.0,0.0,,,probe_country_service
GR,G-Root,all_publicly_visible,5014,dns-root_g-root_msm5014_20260701T000000Z_010000Z.json,2.0,1.0,1.0,1.0,-0.0,0.0,1.0,severe_network_transition_concentration,1.0,1.0,1.0,-0.0,0.0,1.0,0.0,0.0,severe_corridor_observation_concentration,network_and_physical_both_concentrated,0.0,False,False,False,True,False,"insufficient_minimum_mappable_segments,minimum_unique_probes,minimum_unique_probe_asns","minimum_mappable_segments,minimum_unique_probes,minimum_unique_probe_asns",1.0,1.0,0.0,1.0,probe_country_service
GR,G-Root,resolved_entry_only,,,0.0,,,,,,,,,,,,,,,,,unknown_cross_layer_distribution_class,,False,False,False,False,False,insufficient_no_inter_region_projection_segments,"minimum_mappable_segments,minimum_unique_probes,minimum_unique_probe_asns,maximum_country_fallback_share",0.0,0.0,,,probe_country_service
GT,G-Root,all_publicly_visible,,,0.0,,,,,,,,,,,,,,,,,unknown_cross_layer_distribution_class,,False,False,False,False,False,insufficient_no_inter_region_projection_segments,"minimum_mappable_segments,minimum_unique_probes,minimum_unique_probe_asns,maximum_country_fallback_share",0.0,0.0,,,probe_country_service
GT,G-Root,resolved_entry_only,,,0.0,,,,,,,,,,,,,,,,,unknown_cross_layer_distribution_class,,False,False,False,False,False,insufficient_no_inter_region_projection_segments,"minimum_mappable_segments,minimum_unique_probes,minimum_unique_probe_asns,maximum_country_fallback_share",0.0,0.0,,,probe_country_service
GU,G-Root,all_publicly_visible,5014,dns-root_g-root_msm5014_20260701T000000Z_010000Z.json,22.0,0.4090909090909091,0.5909090909090909,0.7272727272727273,1.6012734265460644,0.8936877153694867,4.959343765029329,broad_network_transition_distribution,0.5909090909090909,0.6818181818181819,0.7727272727272727,1.428564658881637,0.6869943829859239,4.172705635579737,-0.2066933323835628,0.2066933323835628,broad_corridor_observation_distribution,network_and_physical_both_broad,0.0,False,False,False,True,False,"insufficient_minimum_mappable_segments,minimum_unique_probes","minimum_mappable_segments,minimum_unique_probes",9.0,5.0,0.2727272727272727,0.7272727272727273,probe_country_service
GU,G-Root,resolved_entry_only,,,0.0,,,,,,,,,,,,,,,,,unknown_cross_layer_distribution_class,,False,False,False,False,False,insufficient_no_inter_region_projection_segments,"minimum_mappable_segments,minimum_unique_probes,minimum_unique_probe_asns,maximum_country_fallback_share",0.0,0.0,,,probe_country_service
HK,G-Root,all_publicly_visible,5014,dns-root_g-root_msm5014_20260701T000000Z_010000Z.json,38.0,0.13157894736842105,0.23684210526315788,0.3421052631578947,2.6232265411261726,0.9686772202592429,13.780114037422155,broad_network_transition_distribution,0.5,0.6403508771929824,0.7807017543859649,1.483246230148655,0.7132906602175717,4.407229365149285,-0.25538656004167115,0.25538656004167115,broad_corridor_observation_distribution,network_and_physical_both_broad,0.0,True,True,True,True,True,auditable,,12.0,10.0,0.9210526315789473,0.07894736842105263,probe_country_service
HK,G-Root,resolved_entry_only,,,0.0,,,,,,,,,,,,,,,,,unknown_cross_layer_distribution_class,,False,False,False,False,False,insufficient_no_inter_region_projection_segments,"minimum_mappable_segments,minimum_unique_probes,minimum_unique_probe_asns,maximum_country_fallback_share",0.0,0.0,,,probe_country_service
HN,G-Root,all_publicly_visible,5014,dns-root_g-root_msm5014_20260701T000000Z_010000Z.json,10.0,0.8,1.0,1.0,0.5004024235381879,0.7219280948873623,1.6493848884661177,severe_network_transition_concentration,1.0,1.0,1.0,-0.0,0.0,1.0,-0.7219280948873623,0.7219280948873623,severe_corridor_observation_concentration,network_and_physical_both_concentrated,0.0,False,False,False,True,False,"insufficient_minimum_mappable_segments,minimum_unique_probes","minimum_mappable_segments,minimum_unique_probes",6.0,5.0,0.0,1.0,probe_country_service
HN,G-Root,resolved_entry_only,,,0.0,,,,,,,,,,,,,,,,,unknown_cross_layer_distribution_class,,False,False,False,False,False,insufficient_no_inter_region_projection_segments,"minimum_mappable_segments,minimum_unique_probes,minimum_unique_probe_asns,maximum_country_fallback_share",0.0,0.0,,,probe_country_service
HR,G-Root,all_publicly_visible,,,0.0,,,,,,,,,,,,,,,,,unknown_cross_layer_distribution_class,,False,False,False,False,False,insufficient_no_inter_region_projection_segments,"minimum_mappable_segments,minimum_unique_probes,minimum_unique_probe_asns,maximum_country_fallback_share",0.0,0.0,,,probe_country_service
HR,G-Root,resolved_entry_only,,,0.0,,,,,,,,,,,,,,,,,unknown_cross_layer_distribution_class,,False,False,False,False,False,insufficient_no_inter_region_projection_segments,"minimum_mappable_segments,minimum_unique_probes,minimum_unique_probe_asns,maximum_country_fallback_share",0.0,0.0,,,probe_country_service
HT,G-Root,all_publicly_visible,,,0.0,,,,,,,,,,,,,,,,,unknown_cross_layer_distribution_class,,False,False,False,False,False,insufficient_no_inter_region_projection_segments,"minimum_mappable_segments,minimum_unique_probes,minimum_unique_probe_asns,maximum_country_fallback_share",0.0,0.0,,,probe_country_service
HT,G-Root,resolved_entry_only,,,0.0,,,,,,,,,,,,,,,,,unknown_cross_layer_distribution_class,,False,False,False,False,False,insufficient_no_inter_region_projection_segments,"minimum_mappable_segments,minimum_unique_probes,minimum_unique_probe_asns,maximum_country_fallback_share",0.0,0.0,,,probe_country_service
HU,G-Root,all_publicly_visible,,,0.0,,,,,,,,,,,,,,,,,unknown_cross_layer_distribution_class,,False,False,False,False,False,insufficient_no_inter_region_projection_segments,"minimum_mappable_segments,minimum_unique_probes,minimum_unique_probe_asns,maximum_country_fallback_share",0.0,0.0,,,probe_country_service
HU,G-Root,resolved_entry_only,,,0.0,,,,,,,,,,,,,,,,,unknown_cross_layer_distribution_class,,False,False,False,False,False,insufficient_no_inter_region_projection_segments,"minimum_mappable_segments,minimum_unique_probes,minimum_unique_probe_asns,maximum_country_fallback_share",0.0,0.0,,,probe_country_service
ID,G-Root,all_publicly_visible,5014,dns-root_g-root_msm5014_20260701T000000Z_010000Z.json,589.0,0.0865874363327674,0.15280135823429541,0.21222410865874364,4.069931707386051,0.8837744411204209,58.55296372040028,broad_network_transition_distribution,0.38200339558573854,0.4967741935483871,0.6115449915110356,2.2696982703650814,0.6811401471411318,9.676480692564732,-0.20263429397928912,0.20263429397928912,broad_corridor_observation_distribution,network_and_physical_both_broad,0.06112054329371817,True,True,True,True,True,auditable,,88.0,63.0,0.7826825127334465,0.21731748726655348,probe_country_service
ID,G-Root,resolved_entry_only,,,0.0,,,,,,,,,,,,,,,,,unknown_cross_layer_distribution_class,,False,False,False,False,False,insufficient_no_inter_region_projection_segments,"minimum_mappable_segments,minimum_unique_probes,minimum_unique_probe_asns,maximum_country_fallback_share",0.0,0.0,,,probe_country_service
IE,G-Root,all_publicly_visible,,,0.0,,,,,,,,,,,,,,,,,unknown_cross_layer_distribution_class,,False,False,False,False,False,insufficient_no_inter_region_projection_segments,"minimum_mappable_segments,minimum_unique_probes,minimum_unique_probe_asns,maximum_country_fallback_share",0.0,0.0,,,probe_country_service
IE,G-Root,resolved_entry_only,,,0.0,,,,,,,,,,,,,,,,,unknown_cross_layer_distribution_class,,False,False,False,False,False,insufficient_no_inter_region_projection_segments,"minimum_mappable_segments,minimum_unique_probes,minimum_unique_probe_asns,maximum_country_fallback_share",0.0,0.0,,,probe_country_service
IL,G-Root,all_publicly_visible,5014,dns-root_g-root_msm5014_20260701T000000Z_010000Z.json,60.0,0.35,0.6833333333333333,0.7666666666666666,1.7112252103154117,0.7431756661337148,5.535739769828737,broad_network_transition_distribution,0.6027777777777777,0.7427777777777778,0.8494444444444444,1.2758267973163442,0.6135429978405128,3.5816614943496803,-0.12963266829320197,0.12963266829320197,weak_corridor_observation_concentration,network_and_physical_both_broad,0.0,True,True,True,True,True,auditable,,20.0,9.0,1.0,0.0,probe_country_service
IL,G-Root,resolved_entry_only,,,0.0,,,,,,,,,,,,,,,,,unknown_cross_layer_distribution_class,,False,False,False,False,False,insufficient_no_inter_region_projection_segments,"minimum_mappable_segments,minimum_unique_probes,minimum_unique_probe_asns,maximum_country_fallback_share",0.0,0.0,,,probe_country_service
IM,G-Root,all_publicly_visible,,,0.0,,,,,,,,,,,,,,,,,unknown_cross_layer_distribution_class,,False,False,False,False,False,insufficient_no_inter_region_projection_segments,"minimum_mappable_segments,minimum_unique_probes,minimum_unique_probe_asns,maximum_country_fallback_share",0.0,0.0,,,probe_country_service
IM,G-Root,resolved_entry_only,,,0.0,,,,,,,,,,,,,,,,,unknown_cross_layer_distribution_class,,False,False,False,False,False,insufficient_no_inter_region_projection_segments,"minimum_mappable_segments,minimum_unique_probes,minimum_unique_probe_asns,maximum_country_fallback_share",0.0,0.0,,,probe_country_service
IN,G-Root,all_publicly_visible,5014,dns-root_g-root_msm5014_20260701T000000Z_010000Z.json,298.0,0.24496644295302014,0.4563758389261745,0.6040268456375839,2.053829670069763,0.8007291310041242,7.7977066409321605,broad_network_transition_distribution,0.16946308724832215,0.3389261744966443,0.5011185682326622,1.9102284758266537,0.9816632472748127,6.754631892350102,0.18093411627068845,-0.18093411627068845,broad_corridor_observation_distribution,network_and_physical_both_broad,0.09395973154362416,True,True,True,True,True,auditable,,110.0,48.0,0.5604026845637585,0.4395973154362417,probe_country_service
IN,G-Root,resolved_entry_only,,,0.0,,,,,,,,,,,,,,,,,unknown_cross_layer_distribution_class,,False,False,False,False,False,insufficient_no_inter_region_projection_segments,"minimum_mappable_segments,minimum_unique_probes,minimum_unique_probe_asns,maximum_country_fallback_share",0.0,0.0,,,probe_country_service
IQ,G-Root,all_publicly_visible,,,0.0,,,,,,,,,,,,,,,,,unknown_cross_layer_distribution_class,,False,False,False,False,False,insufficient_no_inter_region_projection_segments,"minimum_mappable_segments,minimum_unique_probes,minimum_unique_probe_asns,maximum_country_fallback_share",0.0,0.0,,,probe_country_service
IQ,G-Root,resolved_entry_only,,,0.0,,,,,,,,,,,,,,,,,unknown_cross_layer_distribution_class,,False,False,False,False,False,insufficient_no_inter_region_projection_segments,"minimum_mappable_segments,minimum_unique_probes,minimum_unique_probe_asns,maximum_country_fallback_share",0.0,0.0,,,probe_country_service
IR,G-Root,all_publicly_visible,,,0.0,,,,,,,,,,,,,,,,,unknown_cross_layer_distribution_class,,False,False,False,False,False,insufficient_no_inter_region_projection_segments,"minimum_mappable_segments,minimum_unique_probes,minimum_unique_probe_asns,maximum_country_fallback_share",0.0,0.0,,,probe_country_service
IR,G-Root,resolved_entry_only,,,0.0,,,,,,,,,,,,,,,,,unknown_cross_layer_distribution_class,,False,False,False,False,False,insufficient_no_inter_region_projection_segments,"minimum_mappable_segments,minimum_unique_probes,minimum_unique_probe_asns,maximum_country_fallback_share",0.0,0.0,,,probe_country_service
IS,G-Root,all_publicly_visible,5014,dns-root_g-root_msm5014_20260701T000000Z_010000Z.json,8.0,0.5,0.75,1.0,1.0397207708399179,0.946394630357186,2.82842712474619,weak_network_transition_concentration,1.0,1.0,1.0,-0.0,0.0,1.0,-0.946394630357186,0.946394630357186,severe_corridor_observation_concentration,network_broad_physical_concentrated,0.0,False,False,False,True,False,"insufficient_minimum_mappable_segments,minimum_unique_probes,minimum_unique_probe_asns","minimum_mappable_segments,minimum_unique_probes,minimum_unique_probe_asns",1.0,1.0,0.5,0.5,probe_country_service
IS,G-Root,resolved_entry_only,,,0.0,,,,,,,,,,,,,,,,,unknown_cross_layer_distribution_class,,False,False,False,False,False,insufficient_no_inter_region_projection_segments,"minimum_mappable_segments,minimum_unique_probes,minimum_unique_probe_asns,maximum_country_fallback_share",0.0,0.0,,,probe_country_service
IT,G-Root,all_publicly_visible,5014,dns-root_g-root_msm5014_20260701T000000Z_010000Z.json,2.0,1.0,1.0,1.0,-0.0,0.0,1.0,severe_network_transition_concentration,1.0,1.0,1.0,-0.0,0.0,1.0,0.0,0.0,severe_corridor_observation_concentration,network_and_physical_both_concentrated,0.0,False,False,False,True,False,"insufficient_minimum_mappable_segments,minimum_unique_probes,minimum_unique_probe_asns","minimum_mappable_segments,minimum_unique_probes,minimum_unique_probe_asns",1.0,1.0,1.0,0.0,probe_country_service
IT,G-Root,resolved_entry_only,,,0.0,,,,,,,,,,,,,,,,,unknown_cross_layer_distribution_class,,False,False,False,False,False,insufficient_no_inter_region_projection_segments,"minimum_mappable_segments,minimum_unique_probes,minimum_unique_probe_asns,maximum_country_fallback_share",0.0,0.0,,,probe_country_service
JM,G-Root,all_publicly_visible,5014,dns-root_g-root_msm5014_20260701T000000Z_010000Z.json,9.0,0.4444444444444444,0.7777777777777777,1.0,1.0608569471580214,0.965633607142825,2.8888455168024434,weak_network_transition_concentration,0.7777777777777778,1.0,1.0,0.5297061990576545,0.7642045065086203,1.6984332340231805,-0.20142910063420472,0.20142910063420472,moderate_corridor_observation_concentration,network_broad_physical_concentrated,0.0,False,False,False,True,False,"insufficient_minimum_mappable_segments,minimum_unique_probes,minimum_unique_probe_asns","minimum_mappable_segments,minimum_unique_probes,minimum_unique_probe_asns",4.0,2.0,1.0,0.0,probe_country_service
JM,G-Root,resolved_entry_only,,,0.0,,,,,,,,,,,,,,,,,unknown_cross_layer_distribution_class,,False,False,False,False,False,insufficient_no_inter_region_projection_segments,"minimum_mappable_segments,minimum_unique_probes,minimum_unique_probe_asns,maximum_country_fallback_share",0.0,0.0,,,probe_country_service
JO,G-Root,all_publicly_visible,,,0.0,,,,,,,,,,,,,,,,,unknown_cross_layer_distribution_class,,False,False,False,False,False,insufficient_no_inter_region_projection_segments,"minimum_mappable_segments,minimum_unique_probes,minimum_unique_probe_asns,maximum_country_fallback_share",0.0,0.0,,,probe_country_service
JO,G-Root,resolved_entry_only,,,0.0,,,,,,,,,,,,,,,,,unknown_cross_layer_distribution_class,,False,False,False,False,False,insufficient_no_inter_region_projection_segments,"minimum_mappable_segments,minimum_unique_probes,minimum_unique_probe_asns,maximum_country_fallback_share",0.0,0.0,,,probe_country_service
JP,G-Root,all_publicly_visible,5014,dns-root_g-root_msm5014_20260701T000000Z_010000Z.json,10.0,0.8,1.0,1.0,0.5004024235381879,0.7219280948873623,1.6493848884661177,severe_network_transition_concentration,0.3333333333333333,0.6666666666666666,1.0,1.0986122886681096,0.9999999999999998,2.9999999999999996,0.27807190511263746,-0.27807190511263746,weak_corridor_observation_concentration,network_and_physical_both_concentrated,0.0,False,False,False,True,False,"insufficient_minimum_mappable_segments,minimum_unique_probes,minimum_unique_probe_asns","minimum_mappable_segments,minimum_unique_probes,minimum_unique_probe_asns",1.0,1.0,1.0,0.0,probe_country_service
JP,G-Root,resolved_entry_only,,,0.0,,,,,,,,,,,,,,,,,unknown_cross_layer_distribution_class,,False,False,False,False,False,insufficient_no_inter_region_projection_segments,"minimum_mappable_segments,minimum_unique_probes,minimum_unique_probe_asns,maximum_country_fallback_share",0.0,0.0,,,probe_country_service
KE,G-Root,all_publicly_visible,,,0.0,,,,,,,,,,,,,,,,,unknown_cross_layer_distribution_class,,False,False,False,False,False,insufficient_no_inter_region_projection_segments,"minimum_mappable_segments,minimum_unique_probes,minimum_unique_probe_asns,maximum_country_fallback_share",0.0,0.0,,,probe_country_service
KE,G-Root,resolved_entry_only,,,0.0,,,,,,,,,,,,,,,,,unknown_cross_layer_distribution_class,,False,False,False,False,False,insufficient_no_inter_region_projection_segments,"minimum_mappable_segments,minimum_unique_probes,minimum_unique_probe_asns,maximum_country_fallback_share",0.0,0.0,,,probe_country_service
KG,G-Root,all_publicly_visible,,,0.0,,,,,,,,,,,,,,,,,unknown_cross_layer_distribution_class,,False,False,False,False,False,insufficient_no_inter_region_projection_segments,"minimum_mappable_segments,minimum_unique_probes,minimum_unique_probe_asns,maximum_country_fallback_share",0.0,0.0,,,probe_country_service
KG,G-Root,resolved_entry_only,,,0.0,,,,,,,,,,,,,,,,,unknown_cross_layer_distribution_class,,False,False,False,False,False,insufficient_no_inter_region_projection_segments,"minimum_mappable_segments,minimum_unique_probes,minimum_unique_probe_asns,maximum_country_fallback_share",0.0,0.0,,,probe_country_service
KH,G-Root,all_publicly_visible,5014,dns-root_g-root_msm5014_20260701T000000Z_010000Z.json,6.0,0.3333333333333333,0.6666666666666666,1.0,1.0986122886681096,0.9999999999999998,2.9999999999999996,weak_network_transition_concentration,0.3333333333333333,0.6666666666666666,1.0,1.0986122886681096,0.9999999999999998,2.9999999999999996,0.0,0.0,weak_corridor_observation_concentration,network_and_physical_both_concentrated,0.0,False,False,False,True,False,"insufficient_minimum_mappable_segments,minimum_unique_probes,minimum_unique_probe_asns","minimum_mappable_segments,minimum_unique_probes,minimum_unique_probe_asns",2.0,2.0,1.0,0.0,probe_country_service
KH,G-Root,resolved_entry_only,,,0.0,,,,,,,,,,,,,,,,,unknown_cross_layer_distribution_class,,False,False,False,False,False,insufficient_no_inter_region_projection_segments,"minimum_mappable_segments,minimum_unique_probes,minimum_unique_probe_asns,maximum_country_fallback_share",0.0,0.0,,,probe_country_service
KI,G-Root,all_publicly_visible,,,0.0,,,,,,,,,,,,,,,,,unknown_cross_layer_distribution_class,,False,False,False,False,False,insufficient_no_inter_region_projection_segments,"minimum_mappable_segments,minimum_unique_probes,minimum_unique_probe_asns,maximum_country_fallback_share",0.0,0.0,,,probe_country_service
KI,G-Root,resolved_entry_only,,,0.0,,,,,,,,,,,,,,,,,unknown_cross_layer_distribution_class,,False,False,False,False,False,insufficient_no_inter_region_projection_segments,"minimum_mappable_segments,minimum_unique_probes,minimum_unique_probe_asns,maximum_country_fallback_share",0.0,0.0,,,probe_country_service
KN,G-Root,all_publicly_visible,5014,dns-root_g-root_msm5014_20260701T000000Z_010000Z.json,2.0,1.0,1.0,1.0,-0.0,0.0,1.0,severe_network_transition_concentration,1.0,1.0,1.0,-0.0,0.0,1.0,0.0,0.0,severe_corridor_observation_concentration,network_and_physical_both_concentrated,0.0,False,False,False,True,False,"insufficient_minimum_mappable_segments,minimum_unique_probes,minimum_unique_probe_asns","minimum_mappable_segments,minimum_unique_probes,minimum_unique_probe_asns",1.0,1.0,1.0,0.0,probe_country_service
KN,G-Root,resolved_entry_only,,,0.0,,,,,,,,,,,,,,,,,unknown_cross_layer_distribution_class,,False,False,False,False,False,insufficient_no_inter_region_projection_segments,"minimum_mappable_segments,minimum_unique_probes,minimum_unique_probe_asns,maximum_country_fallback_share",0.0,0.0,,,probe_country_service
KR,G-Root,all_publicly_visible,,,0.0,,,,,,,,,,,,,,,,,unknown_cross_layer_distribution_class,,False,False,False,False,False,insufficient_no_inter_region_projection_segments,"minimum_mappable_segments,minimum_unique_probes,minimum_unique_probe_asns,maximum_country_fallback_share",0.0,0.0,,,probe_country_service
KR,G-Root,resolved_entry_only,,,0.0,,,,,,,,,,,,,,,,,unknown_cross_layer_distribution_class,,False,False,False,False,False,insufficient_no_inter_region_projection_segments,"minimum_mappable_segments,minimum_unique_probes,minimum_unique_probe_asns,maximum_country_fallback_share",0.0,0.0,,,probe_country_service
KW,G-Root,all_publicly_visible,,,0.0,,,,,,,,,,,,,,,,,unknown_cross_layer_distribution_class,,False,False,False,False,False,insufficient_no_inter_region_projection_segments,"minimum_mappable_segments,minimum_unique_probes,minimum_unique_probe_asns,maximum_country_fallback_share",0.0,0.0,,,probe_country_service
KW,G-Root,resolved_entry_only,,,0.0,,,,,,,,,,,,,,,,,unknown_cross_layer_distribution_class,,False,False,False,False,False,insufficient_no_inter_region_projection_segments,"minimum_mappable_segments,minimum_unique_probes,minimum_unique_probe_asns,maximum_country_fallback_share",0.0,0.0,,,probe_country_service
KY,G-Root,all_publicly_visible,5014,dns-root_g-root_msm5014_20260701T000000Z_010000Z.json,1.0,1.0,1.0,1.0,-0.0,0.0,1.0,severe_network_transition_concentration,1.0,1.0,1.0,-0.0,0.0,1.0,0.0,0.0,severe_corridor_observation_concentration,network_and_physical_both_concentrated,0.0,False,False,False,True,False,"insufficient_minimum_mappable_segments,minimum_unique_probes,minimum_unique_probe_asns","minimum_mappable_segments,minimum_unique_probes,minimum_unique_probe_asns",1.0,1.0,0.0,1.0,probe_country_service
KY,G-Root,resolved_entry_only,,,0.0,,,,,,,,,,,,,,,,,unknown_cross_layer_distribution_class,,False,False,False,False,False,insufficient_no_inter_region_projection_segments,"minimum_mappable_segments,minimum_unique_probes,minimum_unique_probe_asns,maximum_country_fallback_share",0.0,0.0,,,probe_country_service
KZ,G-Root,all_publicly_visible,,,0.0,,,,,,,,,,,,,,,,,unknown_cross_layer_distribution_class,,False,False,False,False,False,insufficient_no_inter_region_projection_segments,"minimum_mappable_segments,minimum_unique_probes,minimum_unique_probe_asns,maximum_country_fallback_share",0.0,0.0,,,probe_country_service
KZ,G-Root,resolved_entry_only,,,0.0,,,,,,,,,,,,,,,,,unknown_cross_layer_distribution_class,,False,False,False,False,False,insufficient_no_inter_region_projection_segments,"minimum_mappable_segments,minimum_unique_probes,minimum_unique_probe_asns,maximum_country_fallback_share",0.0,0.0,,,probe_country_service
LA,G-Root,all_publicly_visible,5014,dns-root_g-root_msm5014_20260701T000000Z_010000Z.json,4.0,0.75,1.0,1.0,0.5623351446188083,0.8112781244591328,1.7547653506033232,moderate_network_transition_concentration,0.3333333333333333,0.6666666666666666,1.0,1.0986122886681096,0.9999999999999998,2.9999999999999996,0.18872187554086695,-0.18872187554086695,weak_corridor_observation_concentration,network_and_physical_both_concentrated,0.0,False,False,False,True,False,"insufficient_minimum_mappable_segments,minimum_unique_probes,minimum_unique_probe_asns","minimum_mappable_segments,minimum_unique_probes,minimum_unique_probe_asns",4.0,1.0,1.0,0.0,probe_country_service
LA,G-Root,resolved_entry_only,,,0.0,,,,,,,,,,,,,,,,,unknown_cross_layer_distribution_class,,False,False,False,False,False,insufficient_no_inter_region_projection_segments,"minimum_mappable_segments,minimum_unique_probes,minimum_unique_probe_asns,maximum_country_fallback_share",0.0,0.0,,,probe_country_service
LB,G-Root,all_publicly_visible,,,0.0,,,,,,,,,,,,,,,,,unknown_cross_layer_distribution_class,,False,False,False,False,False,insufficient_no_inter_region_projection_segments,"minimum_mappable_segments,minimum_unique_probes,minimum_unique_probe_asns,maximum_country_fallback_share",0.0,0.0,,,probe_country_service
LB,G-Root,resolved_entry_only,,,0.0,,,,,,,,,,,,,,,,,unknown_cross_layer_distribution_class,,False,False,False,False,False,insufficient_no_inter_region_projection_segments,"minimum_mappable_segments,minimum_unique_probes,minimum_unique_probe_asns,maximum_country_fallback_share",0.0,0.0,,,probe_country_service
LC,G-Root,all_publicly_visible,5014,dns-root_g-root_msm5014_20260701T000000Z_010000Z.json,5.0,0.8,1.0,1.0,0.5004024235381879,0.7219280948873623,1.6493848884661177,severe_network_transition_concentration,0.6,0.8,1.0,0.9502705392332347,0.8649735207179272,2.586409289858933,0.1430454258305649,-0.1430454258305649,moderate_corridor_observation_concentration,network_and_physical_both_concentrated,0.0,False,False,False,True,False,"insufficient_minimum_mappable_segments,minimum_unique_probes,minimum_unique_probe_asns","minimum_mappable_segments,minimum_unique_probes,minimum_unique_probe_asns",2.0,1.0,0.4,0.6,probe_country_service
LC,G-Root,resolved_entry_only,,,0.0,,,,,,,,,,,,,,,,,unknown_cross_layer_distribution_class,,False,False,False,False,False,insufficient_no_inter_region_projection_segments,"minimum_mappable_segments,minimum_unique_probes,minimum_unique_probe_asns,maximum_country_fallback_share",0.0,0.0,,,probe_country_service
LI,G-Root,all_publicly_visible,,,0.0,,,,,,,,,,,,,,,,,unknown_cross_layer_distribution_class,,False,False,False,False,False,insufficient_no_inter_region_projection_segments,"minimum_mappable_segments,minimum_unique_probes,minimum_unique_probe_asns,maximum_country_fallback_share",0.0,0.0,,,probe_country_service
LI,G-Root,resolved_entry_only,,,0.0,,,,,,,,,,,,,,,,,unknown_cross_layer_distribution_class,,False,False,False,False,False,insufficient_no_inter_region_projection_segments,"minimum_mappable_segments,minimum_unique_probes,minimum_unique_probe_asns,maximum_country_fallback_share",0.0,0.0,,,probe_country_service
LK,G-Root,all_publicly_visible,5014,dns-root_g-root_msm5014_20260701T000000Z_010000Z.json,61.0,0.19672131147540983,0.39344262295081966,0.5901639344262295,1.8529169877183527,0.9522109685372132,6.378398121639319,broad_network_transition_distribution,0.39344262295081966,0.5901639344262295,0.7049180327868853,1.7092809837414973,0.8219903995765557,5.524987493279842,-0.13022056896065748,0.13022056896065748,broad_corridor_observation_distribution,network_and_physical_both_broad,0.0,True,True,True,True,True,auditable,,12.0,6.0,0.6557377049180328,0.34426229508196726,probe_country_service
LK,G-Root,resolved_entry_only,,,0.0,,,,,,,,,,,,,,,,,unknown_cross_layer_distribution_class,,False,False,False,False,False,insufficient_no_inter_region_projection_segments,"minimum_mappable_segments,minimum_unique_probes,minimum_unique_probe_asns,maximum_country_fallback_share",0.0,0.0,,,probe_country_service
LR,G-Root,all_publicly_visible,,,0.0,,,,,,,,,,,,,,,,,unknown_cross_layer_distribution_class,,False,False,False,False,False,insufficient_no_inter_region_projection_segments,"minimum_mappable_segments,minimum_unique_probes,minimum_unique_probe_asns,maximum_country_fallback_share",0.0,0.0,,,probe_country_service
LR,G-Root,resolved_entry_only,,,0.0,,,,,,,,,,,,,,,,,unknown_cross_layer_distribution_class,,False,False,False,False,False,insufficient_no_inter_region_projection_segments,"minimum_mappable_segments,minimum_unique_probes,minimum_unique_probe_asns,maximum_country_fallback_share",0.0,0.0,,,probe_country_service
LS,G-Root,all_publicly_visible,,,0.0,,,,,,,,,,,,,,,,,unknown_cross_layer_distribution_class,,False,False,False,False,False,insufficient_no_inter_region_projection_segments,"minimum_mappable_segments,minimum_unique_probes,minimum_unique_probe_asns,maximum_country_fallback_share",0.0,0.0,,,probe_country_service
LS,G-Root,resolved_entry_only,,,0.0,,,,,,,,,,,,,,,,,unknown_cross_layer_distribution_class,,False,False,False,False,False,insufficient_no_inter_region_projection_segments,"minimum_mappable_segments,minimum_unique_probes,minimum_unique_probe_asns,maximum_country_fallback_share",0.0,0.0,,,probe_country_service
LT,G-Root,all_publicly_visible,,,0.0,,,,,,,,,,,,,,,,,unknown_cross_layer_distribution_class,,False,False,False,False,False,insufficient_no_inter_region_projection_segments,"minimum_mappable_segments,minimum_unique_probes,minimum_unique_probe_asns,maximum_country_fallback_share",0.0,0.0,,,probe_country_service
LT,G-Root,resolved_entry_only,,,0.0,,,,,,,,,,,,,,,,,unknown_cross_layer_distribution_class,,False,False,False,False,False,insufficient_no_inter_region_projection_segments,"minimum_mappable_segments,minimum_unique_probes,minimum_unique_probe_asns,maximum_country_fallback_share",0.0,0.0,,,probe_country_service
LU,G-Root,all_publicly_visible,,,0.0,,,,,,,,,,,,,,,,,unknown_cross_layer_distribution_class,,False,False,False,False,False,insufficient_no_inter_region_projection_segments,"minimum_mappable_segments,minimum_unique_probes,minimum_unique_probe_asns,maximum_country_fallback_share",0.0,0.0,,,probe_country_service
LU,G-Root,resolved_entry_only,,,0.0,,,,,,,,,,,,,,,,,unknown_cross_layer_distribution_class,,False,False,False,False,False,insufficient_no_inter_region_projection_segments,"minimum_mappable_segments,minimum_unique_probes,minimum_unique_probe_asns,maximum_country_fallback_share",0.0,0.0,,,probe_country_service
LV,G-Root,all_publicly_visible,5014,dns-root_g-root_msm5014_20260701T000000Z_010000Z.json,9.0,0.8888888888888888,1.0,1.0,0.34883209584303193,0.5032583347756457,1.4174111811317323,severe_network_transition_concentration,0.8888888888888888,0.9444444444444444,1.0,0.42584844923858145,0.3876239630951644,1.530888750196174,-0.11563437168048135,0.11563437168048135,severe_corridor_observation_concentration,network_and_physical_both_concentrated,0.0,False,False,False,True,False,"insufficient_minimum_mappable_segments,minimum_unique_probes","minimum_mappable_segments,minimum_unique_probes",6.0,3.0,0.1111111111111111,0.8888888888888888,probe_country_service
LV,G-Root,resolved_entry_only,,,0.0,,,,,,,,,,,,,,,,,unknown_cross_layer_distribution_class,,False,False,False,False,False,insufficient_no_inter_region_projection_segments,"minimum_mappable_segments,minimum_unique_probes,minimum_unique_probe_asns,maximum_country_fallback_share",0.0,0.0,,,probe_country_service
MA,G-Root,all_publicly_visible,,,0.0,,,,,,,,,,,,,,,,,unknown_cross_layer_distribution_class,,False,False,False,False,False,insufficient_no_inter_region_projection_segments,"minimum_mappable_segments,minimum_unique_probes,minimum_unique_probe_asns,maximum_country_fallback_share",0.0,0.0,,,probe_country_service
MA,G-Root,resolved_entry_only,,,0.0,,,,,,,,,,,,,,,,,unknown_cross_layer_distribution_class,,False,False,False,False,False,insufficient_no_inter_region_projection_segments,"minimum_mappable_segments,minimum_unique_probes,minimum_unique_probe_asns,maximum_country_fallback_share",0.0,0.0,,,probe_country_service
MD,G-Root,all_publicly_visible,,,0.0,,,,,,,,,,,,,,,,,unknown_cross_layer_distribution_class,,False,False,False,False,False,insufficient_no_inter_region_projection_segments,"minimum_mappable_segments,minimum_unique_probes,minimum_unique_probe_asns,maximum_country_fallback_share",0.0,0.0,,,probe_country_service
MD,G-Root,resolved_entry_only,,,0.0,,,,,,,,,,,,,,,,,unknown_cross_layer_distribution_class,,False,False,False,False,False,insufficient_no_inter_region_projection_segments,"minimum_mappable_segments,minimum_unique_probes,minimum_unique_probe_asns,maximum_country_fallback_share",0.0,0.0,,,probe_country_service
ME,G-Root,all_publicly_visible,,,0.0,,,,,,,,,,,,,,,,,unknown_cross_layer_distribution_class,,False,False,False,False,False,insufficient_no_inter_region_projection_segments,"minimum_mappable_segments,minimum_unique_probes,minimum_unique_probe_asns,maximum_country_fallback_share",0.0,0.0,,,probe_country_service
ME,G-Root,resolved_entry_only,,,0.0,,,,,,,,,,,,,,,,,unknown_cross_layer_distribution_class,,False,False,False,False,False,insufficient_no_inter_region_projection_segments,"minimum_mappable_segments,minimum_unique_probes,minimum_unique_probe_asns,maximum_country_fallback_share",0.0,0.0,,,probe_country_service
MG,G-Root,all_publicly_visible,,,0.0,,,,,,,,,,,,,,,,,unknown_cross_layer_distribution_class,,False,False,False,False,False,insufficient_no_inter_region_projection_segments,"minimum_mappable_segments,minimum_unique_probes,minimum_unique_probe_asns,maximum_country_fallback_share",0.0,0.0,,,probe_country_service
MG,G-Root,resolved_entry_only,,,0.0,,,,,,,,,,,,,,,,,unknown_cross_layer_distribution_class,,False,False,False,False,False,insufficient_no_inter_region_projection_segments,"minimum_mappable_segments,minimum_unique_probes,minimum_unique_probe_asns,maximum_country_fallback_share",0.0,0.0,,,probe_country_service
MH,G-Root,all_publicly_visible,,,0.0,,,,,,,,,,,,,,,,,unknown_cross_layer_distribution_class,,False,False,False,False,False,insufficient_no_inter_region_projection_segments,"minimum_mappable_segments,minimum_unique_probes,minimum_unique_probe_asns,maximum_country_fallback_share",0.0,0.0,,,probe_country_service
MH,G-Root,resolved_entry_only,,,0.0,,,,,,,,,,,,,,,,,unknown_cross_layer_distribution_class,,False,False,False,False,False,insufficient_no_inter_region_projection_segments,"minimum_mappable_segments,minimum_unique_probes,minimum_unique_probe_asns,maximum_country_fallback_share",0.0,0.0,,,probe_country_service
MK,G-Root,all_publicly_visible,,,0.0,,,,,,,,,,,,,,,,,unknown_cross_layer_distribution_class,,False,False,False,False,False,insufficient_no_inter_region_projection_segments,"minimum_mappable_segments,minimum_unique_probes,minimum_unique_probe_asns,maximum_country_fallback_share",0.0,0.0,,,probe_country_service
MK,G-Root,resolved_entry_only,,,0.0,,,,,,,,,,,,,,,,,unknown_cross_layer_distribution_class,,False,False,False,False,False,insufficient_no_inter_region_projection_segments,"minimum_mappable_segments,minimum_unique_probes,minimum_unique_probe_asns,maximum_country_fallback_share",0.0,0.0,,,probe_country_service
ML,G-Root,all_publicly_visible,5014,dns-root_g-root_msm5014_20260701T000000Z_010000Z.json,10.0,0.8,1.0,1.0,0.5004024235381879,0.7219280948873623,1.6493848884661177,severe_network_transition_concentration,0.8,0.9,1.0,0.639031859650177,0.5816718657178868,1.8946457081379977,-0.14025622916947555,0.14025622916947555,severe_corridor_observation_concentration,network_and_physical_both_concentrated,0.0,False,False,False,True,False,"insufficient_minimum_mappable_segments,minimum_unique_probes,minimum_unique_probe_asns","minimum_mappable_segments,minimum_unique_probes,minimum_unique_probe_asns",1.0,1.0,0.8,0.2,probe_country_service
ML,G-Root,resolved_entry_only,,,0.0,,,,,,,,,,,,,,,,,unknown_cross_layer_distribution_class,,False,False,False,False,False,insufficient_no_inter_region_projection_segments,"minimum_mappable_segments,minimum_unique_probes,minimum_unique_probe_asns,maximum_country_fallback_share",0.0,0.0,,,probe_country_service
MM,G-Root,all_publicly_visible,5014,dns-root_g-root_msm5014_20260701T000000Z_010000Z.json,11.0,0.36363636363636365,0.7272727272727273,1.0,1.0900596587107838,0.992215060722018,2.9744515192128187,weak_network_transition_concentration,0.2727272727272727,0.5151515151515151,0.7575757575757576,1.3849433736985395,0.9990254685734568,3.994599699005324,0.006810407851438716,-0.006810407851438716,weak_corridor_observation_concentration,network_and_physical_both_concentrated,0.0,False,False,False,True,False,"insufficient_minimum_mappable_segments,minimum_unique_probes","minimum_mappable_segments,minimum_unique_probes",3.0,3.0,0.7272727272727274,0.27272727272727276,probe_country_service
MM,G-Root,resolved_entry_only,,,0.0,,,,,,,,,,,,,,,,,unknown_cross_layer_distribution_class,,False,False,False,False,False,insufficient_no_inter_region_projection_segments,"minimum_mappable_segments,minimum_unique_probes,minimum_unique_probe_asns,maximum_country_fallback_share",0.0,0.0,,,probe_country_service
MN,G-Root,all_publicly_visible,,,0.0,,,,,,,,,,,,,,,,,unknown_cross_layer_distribution_class,,False,False,False,False,False,insufficient_no_inter_region_projection_segments,"minimum_mappable_segments,minimum_unique_probes,minimum_unique_probe_asns,maximum_country_fallback_share",0.0,0.0,,,probe_country_service
MN,G-Root,resolved_entry_only,,,0.0,,,,,,,,,,,,,,,,,unknown_cross_layer_distribution_class,,False,False,False,False,False,insufficient_no_inter_region_projection_segments,"minimum_mappable_segments,minimum_unique_probes,minimum_unique_probe_asns,maximum_country_fallback_share",0.0,0.0,,,probe_country_service
MP,G-Root,all_publicly_visible,5014,dns-root_g-root_msm5014_20260701T000000Z_010000Z.json,4.0,1.0,1.0,1.0,-0.0,0.0,1.0,severe_network_transition_concentration,0.5,1.0,1.0,0.6931471805599453,1.0,2.0,1.0,-1.0,moderate_corridor_observation_concentration,network_and_physical_both_concentrated,0.0,False,False,False,True,False,"insufficient_minimum_mappable_segments,minimum_unique_probes,minimum_unique_probe_asns","minimum_mappable_segments,minimum_unique_probes,minimum_unique_probe_asns",1.0,1.0,0.0,1.0,probe_country_service
MP,G-Root,resolved_entry_only,,,0.0,,,,,,,,,,,,,,,,,unknown_cross_layer_distribution_class,,False,False,False,False,False,insufficient_no_inter_region_projection_segments,"minimum_mappable_segments,minimum_unique_probes,minimum_unique_probe_asns,maximum_country_fallback_share",0.0,0.0,,,probe_country_service
MT,G-Root,all_publicly_visible,5014,dns-root_g-root_msm5014_20260701T000000Z_010000Z.json,4.0,1.0,1.0,1.0,-0.0,0.0,1.0,severe_network_transition_concentration,1.0,1.0,1.0,-0.0,0.0,1.0,0.0,0.0,severe_corridor_observation_concentration,network_and_physical_both_concentrated,0.0,False,False,False,True,False,"insufficient_minimum_mappable_segments,minimum_unique_probes,minimum_unique_probe_asns","minimum_mappable_segments,minimum_unique_probes,minimum_unique_probe_asns",2.0,2.0,0.0,1.0,probe_country_service
MT,G-Root,resolved_entry_only,,,0.0,,,,,,,,,,,,,,,,,unknown_cross_layer_distribution_class,,False,False,False,False,False,insufficient_no_inter_region_projection_segments,"minimum_mappable_segments,minimum_unique_probes,minimum_unique_probe_asns,maximum_country_fallback_share",0.0,0.0,,,probe_country_service
MU,G-Root,all_publicly_visible,5014,dns-root_g-root_msm5014_20260701T000000Z_010000Z.json,11.0,0.5454545454545454,1.0,1.0,0.6890092384766586,0.9940302114769566,1.9917412148051292,moderate_network_transition_concentration,0.3333333333333333,0.6666666666666666,1.0,1.0986122886681096,0.9999999999999998,2.9999999999999996,0.005969788523043196,-0.005969788523043196,weak_corridor_observation_concentration,network_and_physical_both_concentrated,0.0,False,False,False,True,False,"insufficient_minimum_mappable_segments,minimum_unique_probes,minimum_unique_probe_asns","minimum_mappable_segments,minimum_unique_probes,minimum_unique_probe_asns",3.0,1.0,1.0,0.0,probe_country_service
MU,G-Root,resolved_entry_only,,,0.0,,,,,,,,,,,,,,,,,unknown_cross_layer_distribution_class,,False,False,False,False,False,insufficient_no_inter_region_projection_segments,"minimum_mappable_segments,minimum_unique_probes,minimum_unique_probe_asns,maximum_country_fallback_share",0.0,0.0,,,probe_country_service
MV,G-Root,all_publicly_visible,5014,dns-root_g-root_msm5014_20260701T000000Z_010000Z.json,102.0,0.37254901960784315,0.6862745098039216,0.8529411764705882,1.615163888421636,0.6499897646293609,5.028712003611441,weak_network_transition_concentration,0.38235294117647056,0.5490196078431372,0.6928104575163399,1.6003082342797752,0.7695855844964018,4.9545593540911,0.11959581986704093,-0.11959581986704093,broad_corridor_observation_distribution,network_and_physical_both_broad,0.0,True,True,True,True,True,auditable,,12.0,4.0,0.8137254901960784,0.18627450980392157,probe_country_service
MV,G-Root,resolved_entry_only,,,0.0,,,,,,,,,,,,,,,,,unknown_cross_layer_distribution_class,,False,False,False,False,False,insufficient_no_inter_region_projection_segments,"minimum_mappable_segments,minimum_unique_probes,minimum_unique_probe_asns,maximum_country_fallback_share",0.0,0.0,,,probe_country_service
MW,G-Root,all_publicly_visible,,,0.0,,,,,,,,,,,,,,,,,unknown_cross_layer_distribution_class,,False,False,False,False,False,insufficient_no_inter_region_projection_segments,"minimum_mappable_segments,minimum_unique_probes,minimum_unique_probe_asns,maximum_country_fallback_share",0.0,0.0,,,probe_country_service
MW,G-Root,resolved_entry_only,,,0.0,,,,,,,,,,,,,,,,,unknown_cross_layer_distribution_class,,False,False,False,False,False,insufficient_no_inter_region_projection_segments,"minimum_mappable_segments,minimum_unique_probes,minimum_unique_probe_asns,maximum_country_fallback_share",0.0,0.0,,,probe_country_service
MX,G-Root,all_publicly_visible,5014,dns-root_g-root_msm5014_20260701T000000Z_010000Z.json,10.0,0.6,1.0,1.0,0.6730116670092565,0.9709505944546688,1.9601317042077895,moderate_network_transition_concentration,0.4,0.6000000000000001,0.8,1.3321790402101223,0.9609640474436812,3.7892914162759954,-0.009986547010987556,0.009986547010987556,weak_corridor_observation_concentration,network_and_physical_both_concentrated,0.0,False,False,False,True,False,"insufficient_minimum_mappable_segments,minimum_unique_probes","minimum_mappable_segments,minimum_unique_probes",4.0,3.0,0.6,0.4,probe_country_service
MX,G-Root,resolved_entry_only,,,0.0,,,,,,,,,,,,,,,,,unknown_cross_layer_distribution_class,,False,False,False,False,False,insufficient_no_inter_region_projection_segments,"minimum_mappable_segments,minimum_unique_probes,minimum_unique_probe_asns,maximum_country_fallback_share",0.0,0.0,,,probe_country_service
MY,G-Root,all_publicly_visible,5014,dns-root_g-root_msm5014_20260701T000000Z_010000Z.json,48.0,0.20833333333333334,0.39583333333333337,0.5625,2.031471563509743,0.9245625524417603,7.6252992186198245,broad_network_transition_distribution,0.3055555555555555,0.611111111111111,0.9166666666666665,1.409421777761919,0.6777886030993424,4.093587716161223,-0.24677394934241792,0.24677394934241792,weak_corridor_observation_concentration,network_and_physical_both_broad,0.0,True,True,True,True,True,auditable,,13.0,12.0,0.9166666666666666,0.08333333333333333,probe_country_service
MY,G-Root,resolved_entry_only,,,0.0,,,,,,,,,,,,,,,,,unknown_cross_layer_distribution_class,,False,False,False,False,False,insufficient_no_inter_region_projection_segments,"minimum_mappable_segments,minimum_unique_probes,minimum_unique_probe_asns,maximum_country_fallback_share",0.0,0.0,,,probe_country_service
MZ,G-Root,all_publicly_visible,5014,dns-root_g-root_msm5014_20260701T000000Z_010000Z.json,2.0,1.0,1.0,1.0,-0.0,0.0,1.0,severe_network_transition_concentration,1.0,1.0,1.0,-0.0,0.0,1.0,0.0,0.0,severe_corridor_observation_concentration,network_and_physical_both_concentrated,0.0,False,False,False,True,False,"insufficient_minimum_mappable_segments,minimum_unique_probes,minimum_unique_probe_asns","minimum_mappable_segments,minimum_unique_probes,minimum_unique_probe_asns",1.0,1.0,0.0,1.0,probe_country_service
MZ,G-Root,resolved_entry_only,,,0.0,,,,,,,,,,,,,,,,,unknown_cross_layer_distribution_class,,False,False,False,False,False,insufficient_no_inter_region_projection_segments,"minimum_mappable_segments,minimum_unique_probes,minimum_unique_probe_asns,maximum_country_fallback_share",0.0,0.0,,,probe_country_service
NA,G-Root,all_publicly_visible,,,0.0,,,,,,,,,,,,,,,,,unknown_cross_layer_distribution_class,,False,False,False,False,False,insufficient_no_inter_region_projection_segments,"minimum_mappable_segments,minimum_unique_probes,minimum_unique_probe_asns,maximum_country_fallback_share",0.0,0.0,,,probe_country_service
NA,G-Root,resolved_entry_only,,,0.0,,,,,,,,,,,,,,,,,unknown_cross_layer_distribution_class,,False,False,False,False,False,insufficient_no_inter_region_projection_segments,"minimum_mappable_segments,minimum_unique_probes,minimum_unique_probe_asns,maximum_country_fallback_share",0.0,0.0,,,probe_country_service
NC,G-Root,all_publicly_visible,5014,dns-root_g-root_msm5014_20260701T000000Z_010000Z.json,15.0,0.6,1.0,1.0,0.6730116670092565,0.9709505944546688,1.9601317042077895,moderate_network_transition_concentration,0.6,1.0,1.0,0.6730116670092565,0.9709505944546688,1.9601317042077895,0.0,0.0,moderate_corridor_observation_concentration,network_and_physical_both_concentrated,0.4,False,False,False,False,False,"insufficient_minimum_mappable_segments,minimum_unique_probes,minimum_unique_probe_asns,maximum_country_fallback_share","minimum_mappable_segments,minimum_unique_probes,minimum_unique_probe_asns,maximum_country_fallback_share",5.0,2.0,0.4,0.6,probe_country_service
NC,G-Root,resolved_entry_only,,,0.0,,,,,,,,,,,,,,,,,unknown_cross_layer_distribution_class,,False,False,False,False,False,insufficient_no_inter_region_projection_segments,"minimum_mappable_segments,minimum_unique_probes,minimum_unique_probe_asns,maximum_country_fallback_share",0.0,0.0,,,probe_country_service
NG,G-Root,all_publicly_visible,5014,dns-root_g-root_msm5014_20260701T000000Z_010000Z.json,7.0,0.2857142857142857,0.5714285714285714,0.7142857142857142,1.549826045878202,0.9629610647945147,4.710650674213248,broad_network_transition_distribution,0.2857142857142857,0.5714285714285714,0.8571428571428571,1.351783994289646,0.9751060324573735,3.8643132978583434,0.012144967662858774,-0.012144967662858774,weak_corridor_observation_concentration,network_and_physical_both_broad,0.0,False,False,False,True,False,"insufficient_minimum_mappable_segments,minimum_unique_probes","minimum_mappable_segments,minimum_unique_probes",6.0,5.0,0.14285714285714285,0.8571428571428571,probe_country_service
NG,G-Root,resolved_entry_only,,,0.0,,,,,,,,,,,,,,,,,unknown_cross_layer_distribution_class,,False,False,False,False,False,insufficient_no_inter_region_projection_segments,"minimum_mappable_segments,minimum_unique_probes,minimum_unique_probe_asns,maximum_country_fallback_share",0.0,0.0,,,probe_country_service
NI,G-Root,all_publicly_visible,,,0.0,,,,,,,,,,,,,,,,,unknown_cross_layer_distribution_class,,False,False,False,False,False,insufficient_no_inter_region_projection_segments,"minimum_mappable_segments,minimum_unique_probes,minimum_unique_probe_asns,maximum_country_fallback_share",0.0,0.0,,,probe_country_service
NI,G-Root,resolved_entry_only,,,0.0,,,,,,,,,,,,,,,,,unknown_cross_layer_distribution_class,,False,False,False,False,False,insufficient_no_inter_region_projection_segments,"minimum_mappable_segments,minimum_unique_probes,minimum_unique_probe_asns,maximum_country_fallback_share",0.0,0.0,,,probe_country_service
NL,G-Root,all_publicly_visible,,,0.0,,,,,,,,,,,,,,,,,unknown_cross_layer_distribution_class,,False,False,False,False,False,insufficient_no_inter_region_projection_segments,"minimum_mappable_segments,minimum_unique_probes,minimum_unique_probe_asns,maximum_country_fallback_share",0.0,0.0,,,probe_country_service
NL,G-Root,resolved_entry_only,,,0.0,,,,,,,,,,,,,,,,,unknown_cross_layer_distribution_class,,False,False,False,False,False,insufficient_no_inter_region_projection_segments,"minimum_mappable_segments,minimum_unique_probes,minimum_unique_probe_asns,maximum_country_fallback_share",0.0,0.0,,,probe_country_service
NO,G-Root,all_publicly_visible,5014,dns-root_g-root_msm5014_20260701T000000Z_010000Z.json,358.0,0.18435754189944134,0.3296089385474861,0.42178770949720673,2.8003054889308334,0.8154676538320649,16.44967119607112,broad_network_transition_distribution,0.7169459962756053,0.760707635009311,0.7942271880819367,1.3662916827907954,0.42991458160455653,3.9207841920625808,-0.38555307222750834,0.38555307222750834,weak_corridor_observation_concentration,network_and_physical_both_broad,0.0,True,True,True,True,True,auditable,,78.0,29.0,1.0,0.0,probe_country_service
NO,G-Root,resolved_entry_only,,,0.0,,,,,,,,,,,,,,,,,unknown_cross_layer_distribution_class,,False,False,False,False,False,insufficient_no_inter_region_projection_segments,"minimum_mappable_segments,minimum_unique_probes,minimum_unique_probe_asns,maximum_country_fallback_share",0.0,0.0,,,probe_country_service
NP,G-Root,all_publicly_visible,5014,dns-root_g-root_msm5014_20260701T000000Z_010000Z.json,14.0,0.5714285714285714,0.7857142857142857,1.0,0.9799711820833054,0.8920082108960955,2.6643794589577685,weak_network_transition_concentration,0.19047619047619047,0.38095238095238093,0.5714285714285714,1.9916980904425228,0.9578043193431487,7.327966753457462,0.06579610844705319,-0.06579610844705319,broad_corridor_observation_distribution,network_and_physical_both_broad,0.21428571428571427,False,False,False,True,False,insufficient_minimum_mappable_segments,minimum_mappable_segments,10.0,6.0,0.5714285714285714,0.42857142857142855,probe_country_service
NP,G-Root,resolved_entry_only,,,0.0,,,,,,,,,,,,,,,,,unknown_cross_layer_distribution_class,,False,False,False,False,False,insufficient_no_inter_region_projection_segments,"minimum_mappable_segments,minimum_unique_probes,minimum_unique_probe_asns,maximum_country_fallback_share",0.0,0.0,,,probe_country_service
NU,G-Root,all_publicly_visible,5014,dns-root_g-root_msm5014_20260701T000000Z_010000Z.json,2.0,1.0,1.0,1.0,-0.0,0.0,1.0,severe_network_transition_concentration,1.0,1.0,1.0,-0.0,0.0,1.0,0.0,0.0,severe_corridor_observation_concentration,network_and_physical_both_concentrated,0.0,False,False,False,True,False,"insufficient_minimum_mappable_segments,minimum_unique_probes,minimum_unique_probe_asns","minimum_mappable_segments,minimum_unique_probes,minimum_unique_probe_asns",1.0,1.0,0.0,1.0,probe_country_service
NU,G-Root,resolved_entry_only,,,0.0,,,,,,,,,,,,,,,,,unknown_cross_layer_distribution_class,,False,False,False,False,False,insufficient_no_inter_region_projection_segments,"minimum_mappable_segments,minimum_unique_probes,minimum_unique_probe_asns,maximum_country_fallback_share",0.0,0.0,,,probe_country_service
NZ,G-Root,all_publicly_visible,5014,dns-root_g-root_msm5014_20260701T000000Z_010000Z.json,293.0,0.2525597269624573,0.5051194539249146,0.6484641638225256,2.1692190112414713,0.7241030950566272,8.751446589694755,broad_network_transition_distribution,0.33447098976109213,0.45051194539249145,0.5477815699658704,2.06197848638909,0.8298011865214364,7.8615083210947425,0.10569809146480924,-0.10569809146480924,broad_corridor_observation_distribution,network_and_physical_both_broad,0.0,True,True,True,True,True,auditable,,72.0,22.0,0.5494880546075085,0.45051194539249145,probe_country_service
NZ,G-Root,resolved_entry_only,,,0.0,,,,,,,,,,,,,,,,,unknown_cross_layer_distribution_class,,False,False,False,False,False,insufficient_no_inter_region_projection_segments,"minimum_mappable_segments,minimum_unique_probes,minimum_unique_probe_asns,maximum_country_fallback_share",0.0,0.0,,,probe_country_service
OM,G-Root,all_publicly_visible,5014,dns-root_g-root_msm5014_20260701T000000Z_010000Z.json,5.0,0.6,1.0,1.0,0.6730116670092565,0.9709505944546688,1.9601317042077895,moderate_network_transition_concentration,0.25,0.5,0.75,1.3862943611198906,1.0,4.0,0.029049405545331197,-0.029049405545331197,weak_corridor_observation_concentration,network_and_physical_both_concentrated,0.0,False,False,False,True,False,"insufficient_minimum_mappable_segments,minimum_unique_probes,minimum_unique_probe_asns","minimum_mappable_segments,minimum_unique_probes,minimum_unique_probe_asns",2.0,2.0,0.0,1.0,probe_country_service
OM,G-Root,resolved_entry_only,,,0.0,,,,,,,,,,,,,,,,,unknown_cross_layer_distribution_class,,False,False,False,False,False,insufficient_no_inter_region_projection_segments,"minimum_mappable_segments,minimum_unique_probes,minimum_unique_probe_asns,maximum_country_fallback_share",0.0,0.0,,,probe_country_service
PA,G-Root,all_publicly_visible,5014,dns-root_g-root_msm5014_20260701T000000Z_010000Z.json,4.0,0.5,0.75,1.0,1.0397207708399179,0.946394630357186,2.82842712474619,weak_network_transition_concentration,0.5,1.0,1.0,0.6931471805599453,1.0,2.0,0.05360536964281404,-0.05360536964281404,moderate_corridor_observation_concentration,network_broad_physical_concentrated,0.0,False,False,False,True,False,"insufficient_minimum_mappable_segments,minimum_unique_probes,minimum_unique_probe_asns","minimum_mappable_segments,minimum_unique_probes,minimum_unique_probe_asns",2.0,1.0,0.5,0.5,probe_country_service
PA,G-Root,resolved_entry_only,,,0.0,,,,,,,,,,,,,,,,,unknown_cross_layer_distribution_class,,False,False,False,False,False,insufficient_no_inter_region_projection_segments,"minimum_mappable_segments,minimum_unique_probes,minimum_unique_probe_asns,maximum_country_fallback_share",0.0,0.0,,,probe_country_service
PE,G-Root,all_publicly_visible,5014,dns-root_g-root_msm5014_20260701T000000Z_010000Z.json,2.0,0.5,1.0,1.0,0.6931471805599453,1.0,2.0,moderate_network_transition_concentration,0.5,1.0,1.0,0.6931471805599453,1.0,2.0,0.0,0.0,moderate_corridor_observation_concentration,network_and_physical_both_concentrated,0.0,False,False,False,True,False,"insufficient_minimum_mappable_segments,minimum_unique_probes,minimum_unique_probe_asns","minimum_mappable_segments,minimum_unique_probes,minimum_unique_probe_asns",1.0,1.0,0.5,0.5,probe_country_service
PE,G-Root,resolved_entry_only,,,0.0,,,,,,,,,,,,,,,,,unknown_cross_layer_distribution_class,,False,False,False,False,False,insufficient_no_inter_region_projection_segments,"minimum_mappable_segments,minimum_unique_probes,minimum_unique_probe_asns,maximum_country_fallback_share",0.0,0.0,,,probe_country_service
PF,G-Root,all_publicly_visible,,,0.0,,,,,,,,,,,,,,,,,unknown_cross_layer_distribution_class,,False,False,False,False,False,insufficient_no_inter_region_projection_segments,"minimum_mappable_segments,minimum_unique_probes,minimum_unique_probe_asns,maximum_country_fallback_share",0.0,0.0,,,probe_country_service
PF,G-Root,resolved_entry_only,,,0.0,,,,,,,,,,,,,,,,,unknown_cross_layer_distribution_class,,False,False,False,False,False,insufficient_no_inter_region_projection_segments,"minimum_mappable_segments,minimum_unique_probes,minimum_unique_probe_asns,maximum_country_fallback_share",0.0,0.0,,,probe_country_service
PG,G-Root,all_publicly_visible,5014,dns-root_g-root_msm5014_20260701T000000Z_010000Z.json,2.0,1.0,1.0,1.0,-0.0,0.0,1.0,severe_network_transition_concentration,1.0,1.0,1.0,-0.0,0.0,1.0,0.0,0.0,severe_corridor_observation_concentration,network_and_physical_both_concentrated,0.0,False,False,False,True,False,"insufficient_minimum_mappable_segments,minimum_unique_probes,minimum_unique_probe_asns","minimum_mappable_segments,minimum_unique_probes,minimum_unique_probe_asns",1.0,1.0,0.0,1.0,probe_country_service
PG,G-Root,resolved_entry_only,,,0.0,,,,,,,,,,,,,,,,,unknown_cross_layer_distribution_class,,False,False,False,False,False,insufficient_no_inter_region_projection_segments,"minimum_mappable_segments,minimum_unique_probes,minimum_unique_probe_asns,maximum_country_fallback_share",0.0,0.0,,,probe_country_service
PH,G-Root,all_publicly_visible,5014,dns-root_g-root_msm5014_20260701T000000Z_010000Z.json,84.0,0.13095238095238096,0.2261904761904762,0.3214285714285714,2.98533127217766,0.9274453053186346,19.793058039872147,broad_network_transition_distribution,0.2619047619047619,0.4285714285714286,0.5952380952380952,2.0747255512265106,0.7861616070041872,7.962360898953551,-0.14128369831444731,0.14128369831444731,broad_corridor_observation_distribution,network_and_physical_both_broad,0.0,True,True,True,True,True,auditable,,26.0,20.0,0.6190476190476191,0.38095238095238093,probe_country_service
PH,G-Root,resolved_entry_only,,,0.0,,,,,,,,,,,,,,,,,unknown_cross_layer_distribution_class,,False,False,False,False,False,insufficient_no_inter_region_projection_segments,"minimum_mappable_segments,minimum_unique_probes,minimum_unique_probe_asns,maximum_country_fallback_share",0.0,0.0,,,probe_country_service
PK,G-Root,all_publicly_visible,5014,dns-root_g-root_msm5014_20260701T000000Z_010000Z.json,7.0,1.0,1.0,1.0,-0.0,0.0,1.0,severe_network_transition_concentration,1.0,1.0,1.0,-0.0,0.0,1.0,0.0,0.0,severe_corridor_observation_concentration,network_and_physical_both_concentrated,1.0,False,False,False,False,False,"insufficient_minimum_mappable_segments,minimum_unique_probes,maximum_country_fallback_share","minimum_mappable_segments,minimum_unique_probes,maximum_country_fallback_share",5.0,5.0,0.0,1.0,probe_country_service
PK,G-Root,resolved_entry_only,,,0.0,,,,,,,,,,,,,,,,,unknown_cross_layer_distribution_class,,False,False,False,False,False,insufficient_no_inter_region_projection_segments,"minimum_mappable_segments,minimum_unique_probes,minimum_unique_probe_asns,maximum_country_fallback_share",0.0,0.0,,,probe_country_service
PL,G-Root,all_publicly_visible,,,0.0,,,,,,,,,,,,,,,,,unknown_cross_layer_distribution_class,,False,False,False,False,False,insufficient_no_inter_region_projection_segments,"minimum_mappable_segments,minimum_unique_probes,minimum_unique_probe_asns,maximum_country_fallback_share",0.0,0.0,,,probe_country_service
PL,G-Root,resolved_entry_only,,,0.0,,,,,,,,,,,,,,,,,unknown_cross_layer_distribution_class,,False,False,False,False,False,insufficient_no_inter_region_projection_segments,"minimum_mappable_segments,minimum_unique_probes,minimum_unique_probe_asns,maximum_country_fallback_share",0.0,0.0,,,probe_country_service
PR,G-Root,all_publicly_visible,5014,dns-root_g-root_msm5014_20260701T000000Z_010000Z.json,4.0,0.5,1.0,1.0,0.6931471805599453,1.0,2.0,moderate_network_transition_concentration,1.0,1.0,1.0,-0.0,0.0,1.0,-1.0,1.0,severe_corridor_observation_concentration,network_and_physical_both_concentrated,0.0,False,False,False,True,False,"insufficient_minimum_mappable_segments,minimum_unique_probes,minimum_unique_probe_asns","minimum_mappable_segments,minimum_unique_probes,minimum_unique_probe_asns",2.0,2.0,0.0,1.0,probe_country_service
PR,G-Root,resolved_entry_only,,,0.0,,,,,,,,,,,,,,,,,unknown_cross_layer_distribution_class,,False,False,False,False,False,insufficient_no_inter_region_projection_segments,"minimum_mappable_segments,minimum_unique_probes,minimum_unique_probe_asns,maximum_country_fallback_share",0.0,0.0,,,probe_country_service
PS,G-Root,all_publicly_visible,,,0.0,,,,,,,,,,,,,,,,,unknown_cross_layer_distribution_class,,False,False,False,False,False,insufficient_no_inter_region_projection_segments,"minimum_mappable_segments,minimum_unique_probes,minimum_unique_probe_asns,maximum_country_fallback_share",0.0,0.0,,,probe_country_service
PS,G-Root,resolved_entry_only,,,0.0,,,,,,,,,,,,,,,,,unknown_cross_layer_distribution_class,,False,False,False,False,False,insufficient_no_inter_region_projection_segments,"minimum_mappable_segments,minimum_unique_probes,minimum_unique_probe_asns,maximum_country_fallback_share",0.0,0.0,,,probe_country_service
PT,G-Root,all_publicly_visible,5014,dns-root_g-root_msm5014_20260701T000000Z_010000Z.json,166.0,0.2289156626506024,0.4337349397590361,0.5421686746987951,2.5090540243228343,0.8117177496533021,12.293295399884551,broad_network_transition_distribution,1.0,1.0,1.0,-0.0,0.0,1.0,-0.8117177496533021,0.8117177496533021,severe_corridor_observation_concentration,network_broad_physical_concentrated,0.0,True,True,True,True,True,auditable,,49.0,13.0,1.0,0.0,probe_country_service
PT,G-Root,resolved_entry_only,,,0.0,,,,,,,,,,,,,,,,,unknown_cross_layer_distribution_class,,False,False,False,False,False,insufficient_no_inter_region_projection_segments,"minimum_mappable_segments,minimum_unique_probes,minimum_unique_probe_asns,maximum_country_fallback_share",0.0,0.0,,,probe_country_service
PW,G-Root,all_publicly_visible,,,0.0,,,,,,,,,,,,,,,,,unknown_cross_layer_distribution_class,,False,False,False,False,False,insufficient_no_inter_region_projection_segments,"minimum_mappable_segments,minimum_unique_probes,minimum_unique_probe_asns,maximum_country_fallback_share",0.0,0.0,,,probe_country_service
PW,G-Root,resolved_entry_only,,,0.0,,,,,,,,,,,,,,,,,unknown_cross_layer_distribution_class,,False,False,False,False,False,insufficient_no_inter_region_projection_segments,"minimum_mappable_segments,minimum_unique_probes,minimum_unique_probe_asns,maximum_country_fallback_share",0.0,0.0,,,probe_country_service
PY,G-Root,all_publicly_visible,,,0.0,,,,,,,,,,,,,,,,,unknown_cross_layer_distribution_class,,False,False,False,False,False,insufficient_no_inter_region_projection_segments,"minimum_mappable_segments,minimum_unique_probes,minimum_unique_probe_asns,maximum_country_fallback_share",0.0,0.0,,,probe_country_service
PY,G-Root,resolved_entry_only,,,0.0,,,,,,,,,,,,,,,,,unknown_cross_layer_distribution_class,,False,False,False,False,False,insufficient_no_inter_region_projection_segments,"minimum_mappable_segments,minimum_unique_probes,minimum_unique_probe_asns,maximum_country_fallback_share",0.0,0.0,,,probe_country_service
QA,G-Root,all_publicly_visible,5014,dns-root_g-root_msm5014_20260701T000000Z_010000Z.json,2.0,1.0,1.0,1.0,-0.0,0.0,1.0,severe_network_transition_concentration,1.0,1.0,1.0,-0.0,0.0,1.0,0.0,0.0,severe_corridor_observation_concentration,network_and_physical_both_concentrated,0.0,False,False,False,True,False,"insufficient_minimum_mappable_segments,minimum_unique_probes,minimum_unique_probe_asns","minimum_mappable_segments,minimum_unique_probes,minimum_unique_probe_asns",1.0,1.0,0.0,1.0,probe_country_service
QA,G-Root,resolved_entry_only,,,0.0,,,,,,,,,,,,,,,,,unknown_cross_layer_distribution_class,,False,False,False,False,False,insufficient_no_inter_region_projection_segments,"minimum_mappable_segments,minimum_unique_probes,minimum_unique_probe_asns,maximum_country_fallback_share",0.0,0.0,,,probe_country_service
RE,G-Root,all_publicly_visible,5014,dns-root_g-root_msm5014_20260701T000000Z_010000Z.json,3.0,1.0,1.0,1.0,-0.0,0.0,1.0,severe_network_transition_concentration,1.0,1.0,1.0,-0.0,0.0,1.0,0.0,0.0,severe_corridor_observation_concentration,network_and_physical_both_concentrated,0.0,False,False,False,True,False,"insufficient_minimum_mappable_segments,minimum_unique_probes,minimum_unique_probe_asns","minimum_mappable_segments,minimum_unique_probes,minimum_unique_probe_asns",2.0,1.0,1.0,0.0,probe_country_service
RE,G-Root,resolved_entry_only,,,0.0,,,,,,,,,,,,,,,,,unknown_cross_layer_distribution_class,,False,False,False,False,False,insufficient_no_inter_region_projection_segments,"minimum_mappable_segments,minimum_unique_probes,minimum_unique_probe_asns,maximum_country_fallback_share",0.0,0.0,,,probe_country_service
RO,G-Root,all_publicly_visible,,,0.0,,,,,,,,,,,,,,,,,unknown_cross_layer_distribution_class,,False,False,False,False,False,insufficient_no_inter_region_projection_segments,"minimum_mappable_segments,minimum_unique_probes,minimum_unique_probe_asns,maximum_country_fallback_share",0.0,0.0,,,probe_country_service
RO,G-Root,resolved_entry_only,,,0.0,,,,,,,,,,,,,,,,,unknown_cross_layer_distribution_class,,False,False,False,False,False,insufficient_no_inter_region_projection_segments,"minimum_mappable_segments,minimum_unique_probes,minimum_unique_probe_asns,maximum_country_fallback_share",0.0,0.0,,,probe_country_service
RS,G-Root,all_publicly_visible,,,0.0,,,,,,,,,,,,,,,,,unknown_cross_layer_distribution_class,,False,False,False,False,False,insufficient_no_inter_region_projection_segments,"minimum_mappable_segments,minimum_unique_probes,minimum_unique_probe_asns,maximum_country_fallback_share",0.0,0.0,,,probe_country_service
RS,G-Root,resolved_entry_only,,,0.0,,,,,,,,,,,,,,,,,unknown_cross_layer_distribution_class,,False,False,False,False,False,insufficient_no_inter_region_projection_segments,"minimum_mappable_segments,minimum_unique_probes,minimum_unique_probe_asns,maximum_country_fallback_share",0.0,0.0,,,probe_country_service
RU,G-Root,all_publicly_visible,5014,dns-root_g-root_msm5014_20260701T000000Z_010000Z.json,56.0,0.9107142857142857,1.0,1.0,0.30088210446530783,0.43408112000433463,1.3510500493803155,severe_network_transition_concentration,0.45535714285714285,0.9107142857142857,1.0,0.9321411439038295,0.8484714339340772,2.539941740366553,0.41439031392974257,-0.41439031392974257,moderate_corridor_observation_concentration,network_and_physical_both_concentrated,0.0,True,True,True,True,True,auditable,,41.0,32.0,0.0,1.0,probe_country_service
RU,G-Root,resolved_entry_only,,,0.0,,,,,,,,,,,,,,,,,unknown_cross_layer_distribution_class,,False,False,False,False,False,insufficient_no_inter_region_projection_segments,"minimum_mappable_segments,minimum_unique_probes,minimum_unique_probe_asns,maximum_country_fallback_share",0.0,0.0,,,probe_country_service
RW,G-Root,all_publicly_visible,,,0.0,,,,,,,,,,,,,,,,,unknown_cross_layer_distribution_class,,False,False,False,False,False,insufficient_no_inter_region_projection_segments,"minimum_mappable_segments,minimum_unique_probes,minimum_unique_probe_asns,maximum_country_fallback_share",0.0,0.0,,,probe_country_service
RW,G-Root,resolved_entry_only,,,0.0,,,,,,,,,,,,,,,,,unknown_cross_layer_distribution_class,,False,False,False,False,False,insufficient_no_inter_region_projection_segments,"minimum_mappable_segments,minimum_unique_probes,minimum_unique_probe_asns,maximum_country_fallback_share",0.0,0.0,,,probe_country_service
SA,G-Root,all_publicly_visible,5014,dns-root_g-root_msm5014_20260701T000000Z_010000Z.json,1.0,1.0,1.0,1.0,-0.0,0.0,1.0,severe_network_transition_concentration,1.0,1.0,1.0,-0.0,0.0,1.0,0.0,0.0,severe_corridor_observation_concentration,network_and_physical_both_concentrated,0.0,False,False,False,True,False,"insufficient_minimum_mappable_segments,minimum_unique_probes,minimum_unique_probe_asns","minimum_mappable_segments,minimum_unique_probes,minimum_unique_probe_asns",1.0,1.0,0.0,1.0,probe_country_service
SA,G-Root,resolved_entry_only,,,0.0,,,,,,,,,,,,,,,,,unknown_cross_layer_distribution_class,,False,False,False,False,False,insufficient_no_inter_region_projection_segments,"minimum_mappable_segments,minimum_unique_probes,minimum_unique_probe_asns,maximum_country_fallback_share",0.0,0.0,,,probe_country_service
SE,G-Root,all_publicly_visible,5014,dns-root_g-root_msm5014_20260701T000000Z_010000Z.json,302.0,0.17549668874172186,0.3112582781456954,0.4370860927152318,2.4993716246837074,0.8647232377135261,12.174841186866585,broad_network_transition_distribution,0.8708609271523179,0.9304635761589404,0.990066225165563,0.5087177852287309,0.3160841317944042,1.663157302323939,-0.5486391059191219,0.5486391059191219,severe_corridor_observation_concentration,network_broad_physical_concentrated,0.0,True,True,True,True,True,auditable,,54.0,20.0,0.8443708609271523,0.15562913907284767,probe_country_service
SE,G-Root,resolved_entry_only,,,0.0,,,,,,,,,,,,,,,,,unknown_cross_layer_distribution_class,,False,False,False,False,False,insufficient_no_inter_region_projection_segments,"minimum_mappable_segments,minimum_unique_probes,minimum_unique_probe_asns,maximum_country_fallback_share",0.0,0.0,,,probe_country_service
SG,G-Root,all_publicly_visible,5014,dns-root_g-root_msm5014_20260701T000000Z_010000Z.json,700.0,0.09714285714285714,0.16142857142857142,0.22428571428571428,3.62879491855539,0.8404875295842252,37.66739697433343,broad_network_transition_distribution,0.32095238095238093,0.6419047619047619,0.9628571428571429,1.2741647153074303,0.6127437053499092,3.575713423677831,-0.22774382423431605,0.22774382423431605,weak_corridor_observation_concentration,network_and_physical_both_broad,0.0014285714285714286,True,True,True,True,True,auditable,,110.0,58.0,0.9628571428571429,0.037142857142857144,probe_country_service
SG,G-Root,resolved_entry_only,,,0.0,,,,,,,,,,,,,,,,,unknown_cross_layer_distribution_class,,False,False,False,False,False,insufficient_no_inter_region_projection_segments,"minimum_mappable_segments,minimum_unique_probes,minimum_unique_probe_asns,maximum_country_fallback_share",0.0,0.0,,,probe_country_service
SI,G-Root,all_publicly_visible,,,0.0,,,,,,,,,,,,,,,,,unknown_cross_layer_distribution_class,,False,False,False,False,False,insufficient_no_inter_region_projection_segments,"minimum_mappable_segments,minimum_unique_probes,minimum_unique_probe_asns,maximum_country_fallback_share",0.0,0.0,,,probe_country_service
SI,G-Root,resolved_entry_only,,,0.0,,,,,,,,,,,,,,,,,unknown_cross_layer_distribution_class,,False,False,False,False,False,insufficient_no_inter_region_projection_segments,"minimum_mappable_segments,minimum_unique_probes,minimum_unique_probe_asns,maximum_country_fallback_share",0.0,0.0,,,probe_country_service
SK,G-Root,all_publicly_visible,,,0.0,,,,,,,,,,,,,,,,,unknown_cross_layer_distribution_class,,False,False,False,False,False,insufficient_no_inter_region_projection_segments,"minimum_mappable_segments,minimum_unique_probes,minimum_unique_probe_asns,maximum_country_fallback_share",0.0,0.0,,,probe_country_service
SK,G-Root,resolved_entry_only,,,0.0,,,,,,,,,,,,,,,,,unknown_cross_layer_distribution_class,,False,False,False,False,False,insufficient_no_inter_region_projection_segments,"minimum_mappable_segments,minimum_unique_probes,minimum_unique_probe_asns,maximum_country_fallback_share",0.0,0.0,,,probe_country_service
SL,G-Root,all_publicly_visible,5014,dns-root_g-root_msm5014_20260701T000000Z_010000Z.json,2.0,1.0,1.0,1.0,-0.0,0.0,1.0,severe_network_transition_concentration,1.0,1.0,1.0,-0.0,0.0,1.0,0.0,0.0,severe_corridor_observation_concentration,network_and_physical_both_concentrated,0.0,False,False,False,True,False,"insufficient_minimum_mappable_segments,minimum_unique_probes,minimum_unique_probe_asns","minimum_mappable_segments,minimum_unique_probes,minimum_unique_probe_asns",1.0,1.0,0.0,1.0,probe_country_service
SL,G-Root,resolved_entry_only,,,0.0,,,,,,,,,,,,,,,,,unknown_cross_layer_distribution_class,,False,False,False,False,False,insufficient_no_inter_region_projection_segments,"minimum_mappable_segments,minimum_unique_probes,minimum_unique_probe_asns,maximum_country_fallback_share",0.0,0.0,,,probe_country_service
SM,G-Root,all_publicly_visible,,,0.0,,,,,,,,,,,,,,,,,unknown_cross_layer_distribution_class,,False,False,False,False,False,insufficient_no_inter_region_projection_segments,"minimum_mappable_segments,minimum_unique_probes,minimum_unique_probe_asns,maximum_country_fallback_share",0.0,0.0,,,probe_country_service
SM,G-Root,resolved_entry_only,,,0.0,,,,,,,,,,,,,,,,,unknown_cross_layer_distribution_class,,False,False,False,False,False,insufficient_no_inter_region_projection_segments,"minimum_mappable_segments,minimum_unique_probes,minimum_unique_probe_asns,maximum_country_fallback_share",0.0,0.0,,,probe_country_service
SN,G-Root,all_publicly_visible,5014,dns-root_g-root_msm5014_20260701T000000Z_010000Z.json,2.0,1.0,1.0,1.0,-0.0,0.0,1.0,severe_network_transition_concentration,0.5,1.0,1.0,0.6931471805599453,1.0,2.0,1.0,-1.0,moderate_corridor_observation_concentration,network_and_physical_both_concentrated,0.0,False,False,False,True,False,"insufficient_minimum_mappable_segments,minimum_unique_probes,minimum_unique_probe_asns","minimum_mappable_segments,minimum_unique_probes,minimum_unique_probe_asns",1.0,1.0,0.0,1.0,probe_country_service
SN,G-Root,resolved_entry_only,,,0.0,,,,,,,,,,,,,,,,,unknown_cross_layer_distribution_class,,False,False,False,False,False,insufficient_no_inter_region_projection_segments,"minimum_mappable_segments,minimum_unique_probes,minimum_unique_probe_asns,maximum_country_fallback_share",0.0,0.0,,,probe_country_service
SR,G-Root,all_publicly_visible,5014,dns-root_g-root_msm5014_20260701T000000Z_010000Z.json,1.0,1.0,1.0,1.0,-0.0,0.0,1.0,severe_network_transition_concentration,1.0,1.0,1.0,-0.0,0.0,1.0,0.0,0.0,severe_corridor_observation_concentration,network_and_physical_both_concentrated,0.0,False,False,False,True,False,"insufficient_minimum_mappable_segments,minimum_unique_probes,minimum_unique_probe_asns","minimum_mappable_segments,minimum_unique_probes,minimum_unique_probe_asns",1.0,1.0,0.0,1.0,probe_country_service
SR,G-Root,resolved_entry_only,,,0.0,,,,,,,,,,,,,,,,,unknown_cross_layer_distribution_class,,False,False,False,False,False,insufficient_no_inter_region_projection_segments,"minimum_mappable_segments,minimum_unique_probes,minimum_unique_probe_asns,maximum_country_fallback_share",0.0,0.0,,,probe_country_service
SS,G-Root,all_publicly_visible,,,0.0,,,,,,,,,,,,,,,,,unknown_cross_layer_distribution_class,,False,False,False,False,False,insufficient_no_inter_region_projection_segments,"minimum_mappable_segments,minimum_unique_probes,minimum_unique_probe_asns,maximum_country_fallback_share",0.0,0.0,,,probe_country_service
SS,G-Root,resolved_entry_only,,,0.0,,,,,,,,,,,,,,,,,unknown_cross_layer_distribution_class,,False,False,False,False,False,insufficient_no_inter_region_projection_segments,"minimum_mappable_segments,minimum_unique_probes,minimum_unique_probe_asns,maximum_country_fallback_share",0.0,0.0,,,probe_country_service
SV,G-Root,all_publicly_visible,5014,dns-root_g-root_msm5014_20260701T000000Z_010000Z.json,2.0,1.0,1.0,1.0,-0.0,0.0,1.0,severe_network_transition_concentration,1.0,1.0,1.0,-0.0,0.0,1.0,0.0,0.0,severe_corridor_observation_concentration,network_and_physical_both_concentrated,0.0,False,False,False,True,False,"insufficient_minimum_mappable_segments,minimum_unique_probes,minimum_unique_probe_asns","minimum_mappable_segments,minimum_unique_probes,minimum_unique_probe_asns",1.0,1.0,0.0,1.0,probe_country_service
SV,G-Root,resolved_entry_only,,,0.0,,,,,,,,,,,,,,,,,unknown_cross_layer_distribution_class,,False,False,False,False,False,insufficient_no_inter_region_projection_segments,"minimum_mappable_segments,minimum_unique_probes,minimum_unique_probe_asns,maximum_country_fallback_share",0.0,0.0,,,probe_country_service
SY,G-Root,all_publicly_visible,,,0.0,,,,,,,,,,,,,,,,,unknown_cross_layer_distribution_class,,False,False,False,False,False,insufficient_no_inter_region_projection_segments,"minimum_mappable_segments,minimum_unique_probes,minimum_unique_probe_asns,maximum_country_fallback_share",0.0,0.0,,,probe_country_service
SY,G-Root,resolved_entry_only,,,0.0,,,,,,,,,,,,,,,,,unknown_cross_layer_distribution_class,,False,False,False,False,False,insufficient_no_inter_region_projection_segments,"minimum_mappable_segments,minimum_unique_probes,minimum_unique_probe_asns,maximum_country_fallback_share",0.0,0.0,,,probe_country_service
TD,G-Root,all_publicly_visible,5014,dns-root_g-root_msm5014_20260701T000000Z_010000Z.json,2.0,1.0,1.0,1.0,-0.0,0.0,1.0,severe_network_transition_concentration,1.0,1.0,1.0,-0.0,0.0,1.0,0.0,0.0,severe_corridor_observation_concentration,network_and_physical_both_concentrated,0.0,False,False,False,True,False,"insufficient_minimum_mappable_segments,minimum_unique_probes,minimum_unique_probe_asns","minimum_mappable_segments,minimum_unique_probes,minimum_unique_probe_asns",1.0,1.0,0.0,1.0,probe_country_service
TD,G-Root,resolved_entry_only,,,0.0,,,,,,,,,,,,,,,,,unknown_cross_layer_distribution_class,,False,False,False,False,False,insufficient_no_inter_region_projection_segments,"minimum_mappable_segments,minimum_unique_probes,minimum_unique_probe_asns,maximum_country_fallback_share",0.0,0.0,,,probe_country_service
TG,G-Root,all_publicly_visible,,,0.0,,,,,,,,,,,,,,,,,unknown_cross_layer_distribution_class,,False,False,False,False,False,insufficient_no_inter_region_projection_segments,"minimum_mappable_segments,minimum_unique_probes,minimum_unique_probe_asns,maximum_country_fallback_share",0.0,0.0,,,probe_country_service
TG,G-Root,resolved_entry_only,,,0.0,,,,,,,,,,,,,,,,,unknown_cross_layer_distribution_class,,False,False,False,False,False,insufficient_no_inter_region_projection_segments,"minimum_mappable_segments,minimum_unique_probes,minimum_unique_probe_asns,maximum_country_fallback_share",0.0,0.0,,,probe_country_service
TH,G-Root,all_publicly_visible,5014,dns-root_g-root_msm5014_20260701T000000Z_010000Z.json,138.0,0.42028985507246375,0.6304347826086956,0.717391304347826,1.969699360850611,0.6952174515847291,7.168521026290987,broad_network_transition_distribution,0.321256038647343,0.642512077294686,0.9637681159420289,1.2746056156693653,0.5535541854881022,3.5772903046186504,-0.14166326609662694,0.14166326609662694,weak_corridor_observation_concentration,network_and_physical_both_broad,0.0,True,True,True,True,True,auditable,,39.0,21.0,0.9637681159420292,0.03623188405797102,probe_country_service
TH,G-Root,resolved_entry_only,,,0.0,,,,,,,,,,,,,,,,,unknown_cross_layer_distribution_class,,False,False,False,False,False,insufficient_no_inter_region_projection_segments,"minimum_mappable_segments,minimum_unique_probes,minimum_unique_probe_asns,maximum_country_fallback_share",0.0,0.0,,,probe_country_service
TJ,G-Root,all_publicly_visible,5014,dns-root_g-root_msm5014_20260701T000000Z_010000Z.json,11.0,1.0,1.0,1.0,-0.0,0.0,1.0,severe_network_transition_concentration,1.0,1.0,1.0,-0.0,0.0,1.0,0.0,0.0,severe_corridor_observation_concentration,network_and_physical_both_concentrated,0.0,False,False,False,True,False,"insufficient_minimum_mappable_segments,minimum_unique_probes","minimum_mappable_segments,minimum_unique_probes",9.0,7.0,1.0,0.0,probe_country_service
TJ,G-Root,resolved_entry_only,,,0.0,,,,,,,,,,,,,,,,,unknown_cross_layer_distribution_class,,False,False,False,False,False,insufficient_no_inter_region_projection_segments,"minimum_mappable_segments,minimum_unique_probes,minimum_unique_probe_asns,maximum_country_fallback_share",0.0,0.0,,,probe_country_service
TL,G-Root,all_publicly_visible,5014,dns-root_g-root_msm5014_20260701T000000Z_010000Z.json,35.0,0.37142857142857144,0.5428571428571429,0.7142857142857143,1.641567877082989,0.8435990109203787,5.163258524002865,broad_network_transition_distribution,0.34285714285714286,0.5238095238095238,0.7047619047619047,1.68155565870415,0.8086573365970839,5.373909440860341,-0.03494167432329476,0.03494167432329476,broad_corridor_observation_distribution,network_and_physical_both_broad,0.02857142857142857,False,False,False,True,False,"insufficient_minimum_unique_probes,minimum_unique_probe_asns","minimum_unique_probes,minimum_unique_probe_asns",4.0,2.0,0.9714285714285714,0.02857142857142857,probe_country_service
TL,G-Root,resolved_entry_only,,,0.0,,,,,,,,,,,,,,,,,unknown_cross_layer_distribution_class,,False,False,False,False,False,insufficient_no_inter_region_projection_segments,"minimum_mappable_segments,minimum_unique_probes,minimum_unique_probe_asns,maximum_country_fallback_share",0.0,0.0,,,probe_country_service
TN,G-Root,all_publicly_visible,,,0.0,,,,,,,,,,,,,,,,,unknown_cross_layer_distribution_class,,False,False,False,False,False,insufficient_no_inter_region_projection_segments,"minimum_mappable_segments,minimum_unique_probes,minimum_unique_probe_asns,maximum_country_fallback_share",0.0,0.0,,,probe_country_service
TN,G-Root,resolved_entry_only,,,0.0,,,,,,,,,,,,,,,,,unknown_cross_layer_distribution_class,,False,False,False,False,False,insufficient_no_inter_region_projection_segments,"minimum_mappable_segments,minimum_unique_probes,minimum_unique_probe_asns,maximum_country_fallback_share",0.0,0.0,,,probe_country_service
TO,G-Root,all_publicly_visible,5014,dns-root_g-root_msm5014_20260701T000000Z_010000Z.json,8.0,0.5,0.75,1.0,1.0397207708399179,0.946394630357186,2.82842712474619,weak_network_transition_concentration,0.25,0.5,0.75,1.3862943611198906,1.0,4.0,0.05360536964281404,-0.05360536964281404,weak_corridor_observation_concentration,network_and_physical_both_concentrated,0.0,False,False,False,True,False,"insufficient_minimum_mappable_segments,minimum_unique_probes,minimum_unique_probe_asns","minimum_mappable_segments,minimum_unique_probes,minimum_unique_probe_asns",1.0,1.0,0.5,0.5,probe_country_service
TO,G-Root,resolved_entry_only,,,0.0,,,,,,,,,,,,,,,,,unknown_cross_layer_distribution_class,,False,False,False,False,False,insufficient_no_inter_region_projection_segments,"minimum_mappable_segments,minimum_unique_probes,minimum_unique_probe_asns,maximum_country_fallback_share",0.0,0.0,,,probe_country_service
TR,G-Root,all_publicly_visible,,,0.0,,,,,,,,,,,,,,,,,unknown_cross_layer_distribution_class,,False,False,False,False,False,insufficient_no_inter_region_projection_segments,"minimum_mappable_segments,minimum_unique_probes,minimum_unique_probe_asns,maximum_country_fallback_share",0.0,0.0,,,probe_country_service
TR,G-Root,resolved_entry_only,,,0.0,,,,,,,,,,,,,,,,,unknown_cross_layer_distribution_class,,False,False,False,False,False,insufficient_no_inter_region_projection_segments,"minimum_mappable_segments,minimum_unique_probes,minimum_unique_probe_asns,maximum_country_fallback_share",0.0,0.0,,,probe_country_service
TT,G-Root,all_publicly_visible,,,0.0,,,,,,,,,,,,,,,,,unknown_cross_layer_distribution_class,,False,False,False,False,False,insufficient_no_inter_region_projection_segments,"minimum_mappable_segments,minimum_unique_probes,minimum_unique_probe_asns,maximum_country_fallback_share",0.0,0.0,,,probe_country_service
TT,G-Root,resolved_entry_only,,,0.0,,,,,,,,,,,,,,,,,unknown_cross_layer_distribution_class,,False,False,False,False,False,insufficient_no_inter_region_projection_segments,"minimum_mappable_segments,minimum_unique_probes,minimum_unique_probe_asns,maximum_country_fallback_share",0.0,0.0,,,probe_country_service
TV,G-Root,all_publicly_visible,5014,dns-root_g-root_msm5014_20260701T000000Z_010000Z.json,2.0,1.0,1.0,1.0,-0.0,0.0,1.0,severe_network_transition_concentration,1.0,1.0,1.0,-0.0,0.0,1.0,0.0,0.0,severe_corridor_observation_concentration,network_and_physical_both_concentrated,1.0,False,False,False,False,False,"insufficient_minimum_mappable_segments,minimum_unique_probes,minimum_unique_probe_asns,maximum_country_fallback_share","minimum_mappable_segments,minimum_unique_probes,minimum_unique_probe_asns,maximum_country_fallback_share",1.0,1.0,0.0,1.0,probe_country_service
TV,G-Root,resolved_entry_only,,,0.0,,,,,,,,,,,,,,,,,unknown_cross_layer_distribution_class,,False,False,False,False,False,insufficient_no_inter_region_projection_segments,"minimum_mappable_segments,minimum_unique_probes,minimum_unique_probe_asns,maximum_country_fallback_share",0.0,0.0,,,probe_country_service
TW,G-Root,all_publicly_visible,5014,dns-root_g-root_msm5014_20260701T000000Z_010000Z.json,158.0,0.27848101265822783,0.5189873417721519,0.6075949367088608,2.1024104991704813,0.8196693993409608,8.18587820223292,broad_network_transition_distribution,0.3291139240506329,0.4662447257383966,0.5907172995780591,2.0806586469579083,0.7504389779372287,8.009742770010279,-0.06923042140373215,0.06923042140373215,broad_corridor_observation_distribution,network_and_physical_both_broad,0.5189873417721519,False,True,True,False,False,insufficient_maximum_country_fallback_share,maximum_country_fallback_share,63.0,22.0,0.45569620253164556,0.5443037974683544,probe_country_service
TW,G-Root,resolved_entry_only,,,0.0,,,,,,,,,,,,,,,,,unknown_cross_layer_distribution_class,,False,False,False,False,False,insufficient_no_inter_region_projection_segments,"minimum_mappable_segments,minimum_unique_probes,minimum_unique_probe_asns,maximum_country_fallback_share",0.0,0.0,,,probe_country_service
TZ,G-Root,all_publicly_visible,5014,dns-root_g-root_msm5014_20260701T000000Z_010000Z.json,2.0,1.0,1.0,1.0,-0.0,0.0,1.0,severe_network_transition_concentration,1.0,1.0,1.0,-0.0,0.0,1.0,0.0,0.0,severe_corridor_observation_concentration,network_and_physical_both_concentrated,0.0,False,False,False,True,False,"insufficient_minimum_mappable_segments,minimum_unique_probes,minimum_unique_probe_asns","minimum_mappable_segments,minimum_unique_probes,minimum_unique_probe_asns",1.0,1.0,0.0,1.0,probe_country_service
TZ,G-Root,resolved_entry_only,,,0.0,,,,,,,,,,,,,,,,,unknown_cross_layer_distribution_class,,False,False,False,False,False,insufficient_no_inter_region_projection_segments,"minimum_mappable_segments,minimum_unique_probes,minimum_unique_probe_asns,maximum_country_fallback_share",0.0,0.0,,,probe_country_service
UA,G-Root,all_publicly_visible,,,0.0,,,,,,,,,,,,,,,,,unknown_cross_layer_distribution_class,,False,False,False,False,False,insufficient_no_inter_region_projection_segments,"minimum_mappable_segments,minimum_unique_probes,minimum_unique_probe_asns,maximum_country_fallback_share",0.0,0.0,,,probe_country_service
UA,G-Root,resolved_entry_only,,,0.0,,,,,,,,,,,,,,,,,unknown_cross_layer_distribution_class,,False,False,False,False,False,insufficient_no_inter_region_projection_segments,"minimum_mappable_segments,minimum_unique_probes,minimum_unique_probe_asns,maximum_country_fallback_share",0.0,0.0,,,probe_country_service
UG,G-Root,all_publicly_visible,,,0.0,,,,,,,,,,,,,,,,,unknown_cross_layer_distribution_class,,False,False,False,False,False,insufficient_no_inter_region_projection_segments,"minimum_mappable_segments,minimum_unique_probes,minimum_unique_probe_asns,maximum_country_fallback_share",0.0,0.0,,,probe_country_service
UG,G-Root,resolved_entry_only,,,0.0,,,,,,,,,,,,,,,,,unknown_cross_layer_distribution_class,,False,False,False,False,False,insufficient_no_inter_region_projection_segments,"minimum_mappable_segments,minimum_unique_probes,minimum_unique_probe_asns,maximum_country_fallback_share",0.0,0.0,,,probe_country_service
US,G-Root,all_publicly_visible,5014,dns-root_g-root_msm5014_20260701T000000Z_010000Z.json,683.0,0.13323572474377746,0.22840409956076135,0.30014641288433386,3.391327628828127,0.800954729208141,29.70536379996937,broad_network_transition_distribution,0.6200585651537335,0.773792093704246,0.863103953147877,1.4092490214213576,0.4378078242515181,4.092880584010152,-0.36314690495662294,0.36314690495662294,weak_corridor_observation_concentration,network_and_physical_both_broad,0.07027818448023426,True,True,True,True,True,auditable,,172.0,62.0,0.9912152269399708,0.008784773060029283,probe_country_service
US,G-Root,resolved_entry_only,,,0.0,,,,,,,,,,,,,,,,,unknown_cross_layer_distribution_class,,False,False,False,False,False,insufficient_no_inter_region_projection_segments,"minimum_mappable_segments,minimum_unique_probes,minimum_unique_probe_asns,maximum_country_fallback_share",0.0,0.0,,,probe_country_service
UY,G-Root,all_publicly_visible,,,0.0,,,,,,,,,,,,,,,,,unknown_cross_layer_distribution_class,,False,False,False,False,False,insufficient_no_inter_region_projection_segments,"minimum_mappable_segments,minimum_unique_probes,minimum_unique_probe_asns,maximum_country_fallback_share",0.0,0.0,,,probe_country_service
UY,G-Root,resolved_entry_only,,,0.0,,,,,,,,,,,,,,,,,unknown_cross_layer_distribution_class,,False,False,False,False,False,insufficient_no_inter_region_projection_segments,"minimum_mappable_segments,minimum_unique_probes,minimum_unique_probe_asns,maximum_country_fallback_share",0.0,0.0,,,probe_country_service
UZ,G-Root,all_publicly_visible,5014,dns-root_g-root_msm5014_20260701T000000Z_010000Z.json,11.0,1.0,1.0,1.0,-0.0,0.0,1.0,severe_network_transition_concentration,1.0,1.0,1.0,-0.0,0.0,1.0,0.0,0.0,severe_corridor_observation_concentration,network_and_physical_both_concentrated,0.0,False,False,False,True,False,"insufficient_minimum_mappable_segments,minimum_unique_probes","minimum_mappable_segments,minimum_unique_probes",8.0,7.0,1.0,0.0,probe_country_service
UZ,G-Root,resolved_entry_only,,,0.0,,,,,,,,,,,,,,,,,unknown_cross_layer_distribution_class,,False,False,False,False,False,insufficient_no_inter_region_projection_segments,"minimum_mappable_segments,minimum_unique_probes,minimum_unique_probe_asns,maximum_country_fallback_share",0.0,0.0,,,probe_country_service
VA,G-Root,all_publicly_visible,,,0.0,,,,,,,,,,,,,,,,,unknown_cross_layer_distribution_class,,False,False,False,False,False,insufficient_no_inter_region_projection_segments,"minimum_mappable_segments,minimum_unique_probes,minimum_unique_probe_asns,maximum_country_fallback_share",0.0,0.0,,,probe_country_service
VA,G-Root,resolved_entry_only,,,0.0,,,,,,,,,,,,,,,,,unknown_cross_layer_distribution_class,,False,False,False,False,False,insufficient_no_inter_region_projection_segments,"minimum_mappable_segments,minimum_unique_probes,minimum_unique_probe_asns,maximum_country_fallback_share",0.0,0.0,,,probe_country_service
VE,G-Root,all_publicly_visible,5014,dns-root_g-root_msm5014_20260701T000000Z_010000Z.json,18.0,0.3333333333333333,0.6666666666666666,0.7777777777777777,1.5418327382863624,0.8605132356022269,4.673147082971281,broad_network_transition_distribution,0.7777777777777778,0.9444444444444444,1.0,0.6546695645285008,0.5959059181125509,1.9245064870902011,-0.26460731748967603,0.26460731748967603,moderate_corridor_observation_concentration,network_broad_physical_concentrated,0.0,False,False,False,True,False,"insufficient_minimum_mappable_segments,minimum_unique_probes","minimum_mappable_segments,minimum_unique_probes",6.0,4.0,0.9444444444444444,0.05555555555555555,probe_country_service
VE,G-Root,resolved_entry_only,,,0.0,,,,,,,,,,,,,,,,,unknown_cross_layer_distribution_class,,False,False,False,False,False,insufficient_no_inter_region_projection_segments,"minimum_mappable_segments,minimum_unique_probes,minimum_unique_probe_asns,maximum_country_fallback_share",0.0,0.0,,,probe_country_service
VI,G-Root,all_publicly_visible,5014,dns-root_g-root_msm5014_20260701T000000Z_010000Z.json,3.0,1.0,1.0,1.0,-0.0,0.0,1.0,severe_network_transition_concentration,1.0,1.0,1.0,-0.0,0.0,1.0,0.0,0.0,severe_corridor_observation_concentration,network_and_physical_both_concentrated,0.0,False,False,False,True,False,"insufficient_minimum_mappable_segments,minimum_unique_probes,minimum_unique_probe_asns","minimum_mappable_segments,minimum_unique_probes,minimum_unique_probe_asns",2.0,1.0,0.0,1.0,probe_country_service
VI,G-Root,resolved_entry_only,,,0.0,,,,,,,,,,,,,,,,,unknown_cross_layer_distribution_class,,False,False,False,False,False,insufficient_no_inter_region_projection_segments,"minimum_mappable_segments,minimum_unique_probes,minimum_unique_probe_asns,maximum_country_fallback_share",0.0,0.0,,,probe_country_service
VN,G-Root,all_publicly_visible,5014,dns-root_g-root_msm5014_20260701T000000Z_010000Z.json,46.0,0.30434782608695654,0.5652173913043479,0.6956521739130435,1.7778757088575647,0.8549774894952531,5.917273047229373,broad_network_transition_distribution,0.2826086956521739,0.5652173913043478,0.8478260869565217,1.4504394965923912,0.6975139562811092,4.26498855125728,-0.15746353321414386,0.15746353321414386,weak_corridor_observation_concentration,network_and_physical_both_broad,0.0,True,True,True,True,True,auditable,,14.0,11.0,0.9782608695652174,0.021739130434782608,probe_country_service
VN,G-Root,resolved_entry_only,,,0.0,,,,,,,,,,,,,,,,,unknown_cross_layer_distribution_class,,False,False,False,False,False,insufficient_no_inter_region_projection_segments,"minimum_mappable_segments,minimum_unique_probes,minimum_unique_probe_asns,maximum_country_fallback_share",0.0,0.0,,,probe_country_service
VU,G-Root,all_publicly_visible,5014,dns-root_g-root_msm5014_20260701T000000Z_010000Z.json,2.0,1.0,1.0,1.0,-0.0,0.0,1.0,severe_network_transition_concentration,1.0,1.0,1.0,-0.0,0.0,1.0,0.0,0.0,severe_corridor_observation_concentration,network_and_physical_both_concentrated,0.0,False,False,False,True,False,"insufficient_minimum_mappable_segments,minimum_unique_probes,minimum_unique_probe_asns","minimum_mappable_segments,minimum_unique_probes,minimum_unique_probe_asns",1.0,1.0,0.0,1.0,probe_country_service
VU,G-Root,resolved_entry_only,,,0.0,,,,,,,,,,,,,,,,,unknown_cross_layer_distribution_class,,False,False,False,False,False,insufficient_no_inter_region_projection_segments,"minimum_mappable_segments,minimum_unique_probes,minimum_unique_probe_asns,maximum_country_fallback_share",0.0,0.0,,,probe_country_service
YE,G-Root,all_publicly_visible,,,0.0,,,,,,,,,,,,,,,,,unknown_cross_layer_distribution_class,,False,False,False,False,False,insufficient_no_inter_region_projection_segments,"minimum_mappable_segments,minimum_unique_probes,minimum_unique_probe_asns,maximum_country_fallback_share",0.0,0.0,,,probe_country_service
YE,G-Root,resolved_entry_only,,,0.0,,,,,,,,,,,,,,,,,unknown_cross_layer_distribution_class,,False,False,False,False,False,insufficient_no_inter_region_projection_segments,"minimum_mappable_segments,minimum_unique_probes,minimum_unique_probe_asns,maximum_country_fallback_share",0.0,0.0,,,probe_country_service
ZA,G-Root,all_publicly_visible,5014,dns-root_g-root_msm5014_20260701T000000Z_010000Z.json,90.0,0.4,0.6888888888888889,0.8888888888888888,1.3660361406085166,0.8487659760310574,3.9197823943201393,weak_network_transition_concentration,0.4,0.6888888888888889,0.8888888888888888,1.4122459526458462,0.7881894734756363,4.105165064307245,-0.06057650255542113,0.06057650255542113,weak_corridor_observation_concentration,network_and_physical_both_concentrated,0.0,True,True,True,True,True,auditable,,36.0,16.0,0.044444444444444446,0.9555555555555556,probe_country_service
ZA,G-Root,resolved_entry_only,,,0.0,,,,,,,,,,,,,,,,,unknown_cross_layer_distribution_class,,False,False,False,False,False,insufficient_no_inter_region_projection_segments,"minimum_mappable_segments,minimum_unique_probes,minimum_unique_probe_asns,maximum_country_fallback_share",0.0,0.0,,,probe_country_service
ZM,G-Root,all_publicly_visible,5014,dns-root_g-root_msm5014_20260701T000000Z_010000Z.json,2.0,1.0,1.0,1.0,-0.0,0.0,1.0,severe_network_transition_concentration,1.0,1.0,1.0,-0.0,0.0,1.0,0.0,0.0,severe_corridor_observation_concentration,network_and_physical_both_concentrated,0.0,False,False,False,True,False,"insufficient_minimum_mappable_segments,minimum_unique_probes,minimum_unique_probe_asns","minimum_mappable_segments,minimum_unique_probes,minimum_unique_probe_asns",1.0,1.0,1.0,0.0,probe_country_service
ZM,G-Root,resolved_entry_only,,,0.0,,,,,,,,,,,,,,,,,unknown_cross_layer_distribution_class,,False,False,False,False,False,insufficient_no_inter_region_projection_segments,"minimum_mappable_segments,minimum_unique_probes,minimum_unique_probe_asns,maximum_country_fallback_share",0.0,0.0,,,probe_country_service
ZW,G-Root,all_publicly_visible,,,0.0,,,,,,,,,,,,,,,,,unknown_cross_layer_distribution_class,,False,False,False,False,False,insufficient_no_inter_region_projection_segments,"minimum_mappable_segments,minimum_unique_probes,minimum_unique_probe_asns,maximum_country_fallback_share",0.0,0.0,,,probe_country_service
ZW,G-Root,resolved_entry_only,,,0.0,,,,,,,,,,,,,,,,,unknown_cross_layer_distribution_class,,False,False,False,False,False,insufficient_no_inter_region_projection_segments,"minimum_mappable_segments,minimum_unique_probes,minimum_unique_probe_asns,maximum_country_fallback_share",0.0,0.0,,,probe_country_service
