probe_country,service_id,service_class,deployment_type,path_scope_stratum,total_valid_traces,mappable_traces,traces_with_feasible_submarine_corridor_candidates,submarine_candidate_exposure_rate,any_candidate_exposure_rate,inter_region_candidate_exposure_rate,domestic_inter_region_candidate_exposure_rate,international_inter_region_candidate_exposure_rate,intra_region_candidate_rate,submarine_exposed_traces,service_physical_exposure_rate,mappable_trace_rate,unique_probes,unique_probe_asns,unique_target_ips,unique_target_asns,service_entry_resolution_rate,sufficient_trace_observation,country_fallback_share,sufficient_network_transition_resolution,auditable_paper_case,observation_sufficiency_reason,failed_thresholds,country_geography_type,country_geography_classification_source,candidate_dependency_proxy_rate,candidate_dependency_proxy_rate_among_mappable_traces,candidate_dependency_proxy_tier,candidate_dependency_proxy_interpretation,total_mappable_segments,top1_corridor_share,top3_corridor_share,effective_corridor_count,corridor_concentration_tier,effective_network_transition_count,network_transition_concentration_tier,cross_layer_distribution_class
?,G-Root,dns_root,anycast,all_publicly_visible,2,2,0,0.0,0.0,0.0,0.0,0.0,0.0,0,0.0,1.0,1,1,1,1,0.0,False,,False,False,insufficient_no_inter_region_projection_segments,"minimum_mappable_segments,minimum_unique_probes,minimum_unique_probe_asns,maximum_country_fallback_share",unknown,unclassified_or_missing_country_code,0.0,0.0,no_observed_inter_region_candidate_exposure,descriptive inter-region feasible-corridor candidate exposure; not actual cable use or traffic dependency,0.0,,,,unknown_corridor_observation_concentration,,,unknown_cross_layer_distribution_class
?,G-Root,NA,NA,resolved_entry_only,0,0,0,,,,,,,0,,,0,0,0,0,,False,,False,False,insufficient_no_inter_region_projection_segments,"minimum_mappable_segments,minimum_unique_probes,minimum_unique_probe_asns,maximum_country_fallback_share",unknown,unclassified_or_missing_country_code,,,unknown_candidate_dependency_proxy,descriptive inter-region feasible-corridor candidate exposure; not actual cable use or traffic dependency,0.0,,,,unknown_corridor_observation_concentration,,,unknown_cross_layer_distribution_class
AD,G-Root,dns_root,anycast,all_publicly_visible,6,6,0,0.0,0.0,0.0,0.0,0.0,0.0,0,0.0,1.0,3,1,1,1,0.0,False,,False,False,insufficient_no_inter_region_projection_segments,"minimum_mappable_segments,minimum_unique_probes,minimum_unique_probe_asns,maximum_country_fallback_share",landlocked,catalog_landlocked_list,0.0,0.0,no_observed_inter_region_candidate_exposure,descriptive inter-region feasible-corridor candidate exposure; not actual cable use or traffic dependency,0.0,,,,unknown_corridor_observation_concentration,,,unknown_cross_layer_distribution_class
AD,G-Root,NA,NA,resolved_entry_only,0,0,0,,,,,,,0,,,0,0,0,0,,False,,False,False,insufficient_no_inter_region_projection_segments,"minimum_mappable_segments,minimum_unique_probes,minimum_unique_probe_asns,maximum_country_fallback_share",landlocked,catalog_landlocked_list,,,unknown_candidate_dependency_proxy,descriptive inter-region feasible-corridor candidate exposure; not actual cable use or traffic dependency,0.0,,,,unknown_corridor_observation_concentration,,,unknown_cross_layer_distribution_class
AE,G-Root,dns_root,anycast,all_publicly_visible,39,38,8,0.20512820512820512,0.20512820512820512,0.20512820512820512,0.15384615384615385,0.10256410256410256,0.05128205128205128,8,0.20512820512820512,0.9743589743589743,21,13,1,1,0.0,True,0.0,True,False,"insufficient_minimum_mappable_segments,minimum_unique_probes","minimum_mappable_segments,minimum_unique_probes",coastal_mainland_or_mixed,catalog_default_alpha2_rule,0.20512820512820512,0.21052631578947367,high_candidate_dependency_proxy,descriptive inter-region feasible-corridor candidate exposure; not actual cable use or traffic dependency,14.0,0.2857142857142857,0.7142857142857142,4.710650674213248,broad_corridor_observation_distribution,4.710650674213248,broad_network_transition_distribution,network_and_physical_both_broad
AE,G-Root,NA,NA,resolved_entry_only,0,0,0,,,,,,,0,,,0,0,0,0,,False,,False,False,insufficient_no_inter_region_projection_segments,"minimum_mappable_segments,minimum_unique_probes,minimum_unique_probe_asns,maximum_country_fallback_share",coastal_mainland_or_mixed,catalog_default_alpha2_rule,,,unknown_candidate_dependency_proxy,descriptive inter-region feasible-corridor candidate exposure; not actual cable use or traffic dependency,0.0,,,,unknown_corridor_observation_concentration,,,unknown_cross_layer_distribution_class
AF,G-Root,dns_root,anycast,all_publicly_visible,12,12,4,0.3333333333333333,0.3333333333333333,0.3333333333333333,0.0,0.3333333333333333,0.0,4,0.3333333333333333,1.0,6,2,1,1,0.0,False,1.0,False,False,"insufficient_minimum_mappable_segments,minimum_unique_probes,minimum_unique_probe_asns,maximum_country_fallback_share","minimum_mappable_segments,minimum_unique_probes,minimum_unique_probe_asns,maximum_country_fallback_share",landlocked,catalog_landlocked_list,0.3333333333333333,0.3333333333333333,very_high_candidate_dependency_proxy,descriptive inter-region feasible-corridor candidate exposure; not actual cable use or traffic dependency,4.0,1.0,1.0,1.0,severe_corridor_observation_concentration,1.0,severe_network_transition_concentration,network_and_physical_both_concentrated
AF,G-Root,NA,NA,resolved_entry_only,0,0,0,,,,,,,0,,,0,0,0,0,,False,,False,False,insufficient_no_inter_region_projection_segments,"minimum_mappable_segments,minimum_unique_probes,minimum_unique_probe_asns,maximum_country_fallback_share",landlocked,catalog_landlocked_list,,,unknown_candidate_dependency_proxy,descriptive inter-region feasible-corridor candidate exposure; not actual cable use or traffic dependency,0.0,,,,unknown_corridor_observation_concentration,,,unknown_cross_layer_distribution_class
AL,G-Root,dns_root,anycast,all_publicly_visible,56,52,0,0.0,0.0,0.0,0.0,0.0,0.0,0,0.0,0.9285714285714286,29,20,1,1,0.0,True,,False,False,insufficient_no_inter_region_projection_segments,"minimum_mappable_segments,minimum_unique_probes,minimum_unique_probe_asns,maximum_country_fallback_share",coastal_mainland_or_mixed,catalog_default_alpha2_rule,0.0,0.0,no_observed_inter_region_candidate_exposure,descriptive inter-region feasible-corridor candidate exposure; not actual cable use or traffic dependency,0.0,,,,unknown_corridor_observation_concentration,,,unknown_cross_layer_distribution_class
AL,G-Root,NA,NA,resolved_entry_only,0,0,0,,,,,,,0,,,0,0,0,0,,False,,False,False,insufficient_no_inter_region_projection_segments,"minimum_mappable_segments,minimum_unique_probes,minimum_unique_probe_asns,maximum_country_fallback_share",coastal_mainland_or_mixed,catalog_default_alpha2_rule,,,unknown_candidate_dependency_proxy,descriptive inter-region feasible-corridor candidate exposure; not actual cable use or traffic dependency,0.0,,,,unknown_corridor_observation_concentration,,,unknown_cross_layer_distribution_class
AM,G-Root,dns_root,anycast,all_publicly_visible,39,39,0,0.0,0.0,0.0,0.0,0.0,0.0,0,0.0,1.0,21,10,1,1,0.0,True,,False,False,insufficient_no_inter_region_projection_segments,"minimum_mappable_segments,minimum_unique_probes,minimum_unique_probe_asns,maximum_country_fallback_share",landlocked,catalog_landlocked_list,0.0,0.0,no_observed_inter_region_candidate_exposure,descriptive inter-region feasible-corridor candidate exposure; not actual cable use or traffic dependency,0.0,,,,unknown_corridor_observation_concentration,,,unknown_cross_layer_distribution_class
AM,G-Root,NA,NA,resolved_entry_only,0,0,0,,,,,,,0,,,0,0,0,0,,False,,False,False,insufficient_no_inter_region_projection_segments,"minimum_mappable_segments,minimum_unique_probes,minimum_unique_probe_asns,maximum_country_fallback_share",landlocked,catalog_landlocked_list,,,unknown_candidate_dependency_proxy,descriptive inter-region feasible-corridor candidate exposure; not actual cable use or traffic dependency,0.0,,,,unknown_corridor_observation_concentration,,,unknown_cross_layer_distribution_class
AO,G-Root,dns_root,anycast,all_publicly_visible,22,20,16,0.7272727272727273,0.7272727272727273,0.7272727272727273,0.0,0.7272727272727273,0.0,16,0.7272727272727273,0.9090909090909091,12,5,1,1,0.0,False,0.0,True,False,insufficient_minimum_mappable_segments,minimum_mappable_segments,coastal_mainland_or_mixed,catalog_default_alpha2_rule,0.7272727272727273,0.8,very_high_candidate_dependency_proxy,descriptive inter-region feasible-corridor candidate exposure; not actual cable use or traffic dependency,16.0,1.0,1.0,1.0,severe_corridor_observation_concentration,1.4575692649810903,severe_network_transition_concentration,network_and_physical_both_concentrated
AO,G-Root,NA,NA,resolved_entry_only,0,0,0,,,,,,,0,,,0,0,0,0,,False,,False,False,insufficient_no_inter_region_projection_segments,"minimum_mappable_segments,minimum_unique_probes,minimum_unique_probe_asns,maximum_country_fallback_share",coastal_mainland_or_mixed,catalog_default_alpha2_rule,,,unknown_candidate_dependency_proxy,descriptive inter-region feasible-corridor candidate exposure; not actual cable use or traffic dependency,0.0,,,,unknown_corridor_observation_concentration,,,unknown_cross_layer_distribution_class
AR,G-Root,dns_root,anycast,all_publicly_visible,105,101,0,0.0,0.0,0.0,0.0,0.0,0.0,0,0.0,0.9619047619047619,56,41,1,1,0.0,True,,False,False,insufficient_no_inter_region_projection_segments,"minimum_mappable_segments,minimum_unique_probes,minimum_unique_probe_asns,maximum_country_fallback_share",coastal_mainland_or_mixed,catalog_default_alpha2_rule,0.0,0.0,no_observed_inter_region_candidate_exposure,descriptive inter-region feasible-corridor candidate exposure; not actual cable use or traffic dependency,0.0,,,,unknown_corridor_observation_concentration,,,unknown_cross_layer_distribution_class
AR,G-Root,NA,NA,resolved_entry_only,0,0,0,,,,,,,0,,,0,0,0,0,,False,,False,False,insufficient_no_inter_region_projection_segments,"minimum_mappable_segments,minimum_unique_probes,minimum_unique_probe_asns,maximum_country_fallback_share",coastal_mainland_or_mixed,catalog_default_alpha2_rule,,,unknown_candidate_dependency_proxy,descriptive inter-region feasible-corridor candidate exposure; not actual cable use or traffic dependency,0.0,,,,unknown_corridor_observation_concentration,,,unknown_cross_layer_distribution_class
AT,G-Root,dns_root,anycast,all_publicly_visible,422,415,0,0.0,0.014218009478672985,0.0,0.0,0.0,0.014218009478672985,0,0.0,0.9834123222748815,224,85,1,1,0.0,True,,False,False,insufficient_no_inter_region_projection_segments,"minimum_mappable_segments,minimum_unique_probes,minimum_unique_probe_asns,maximum_country_fallback_share",landlocked,catalog_landlocked_list,0.0,0.0,no_observed_inter_region_candidate_exposure,descriptive inter-region feasible-corridor candidate exposure; not actual cable use or traffic dependency,0.0,,,,unknown_corridor_observation_concentration,,,unknown_cross_layer_distribution_class
AT,G-Root,NA,NA,resolved_entry_only,0,0,0,,,,,,,0,,,0,0,0,0,,False,,False,False,insufficient_no_inter_region_projection_segments,"minimum_mappable_segments,minimum_unique_probes,minimum_unique_probe_asns,maximum_country_fallback_share",landlocked,catalog_landlocked_list,,,unknown_candidate_dependency_proxy,descriptive inter-region feasible-corridor candidate exposure; not actual cable use or traffic dependency,0.0,,,,unknown_corridor_observation_concentration,,,unknown_cross_layer_distribution_class
AU,G-Root,dns_root,anycast,all_publicly_visible,532,449,114,0.21428571428571427,0.5921052631578947,0.21428571428571427,0.20488721804511278,0.020676691729323307,0.5676691729323309,114,0.21428571428571427,0.8439849624060151,281,77,1,1,0.0,True,0.2653061224489796,True,True,auditable,,coastal_mainland_or_mixed,catalog_default_alpha2_rule,0.21428571428571427,0.25389755011135856,high_candidate_dependency_proxy,descriptive inter-region feasible-corridor candidate exposure; not actual cable use or traffic dependency,147.0,0.5782312925170068,0.8367346938775511,3.750795869446879,weak_corridor_observation_concentration,8.295226893931092,broad_network_transition_distribution,network_and_physical_both_broad
AU,G-Root,NA,NA,resolved_entry_only,0,0,0,,,,,,,0,,,0,0,0,0,,False,,False,False,insufficient_no_inter_region_projection_segments,"minimum_mappable_segments,minimum_unique_probes,minimum_unique_probe_asns,maximum_country_fallback_share",coastal_mainland_or_mixed,catalog_default_alpha2_rule,,,unknown_candidate_dependency_proxy,descriptive inter-region feasible-corridor candidate exposure; not actual cable use or traffic dependency,0.0,,,,unknown_corridor_observation_concentration,,,unknown_cross_layer_distribution_class
AX,G-Root,dns_root,anycast,all_publicly_visible,4,4,2,0.5,0.5,0.5,0.0,0.5,0.5,2,0.5,1.0,2,2,1,1,0.0,False,0.0,True,False,"insufficient_minimum_mappable_segments,minimum_unique_probes,minimum_unique_probe_asns","minimum_mappable_segments,minimum_unique_probes,minimum_unique_probe_asns",coastal_mainland_or_mixed,catalog_default_alpha2_rule,0.5,0.5,very_high_candidate_dependency_proxy,descriptive inter-region feasible-corridor candidate exposure; not actual cable use or traffic dependency,2.0,1.0,1.0,1.0,severe_corridor_observation_concentration,1.0,severe_network_transition_concentration,network_and_physical_both_concentrated
AX,G-Root,NA,NA,resolved_entry_only,0,0,0,,,,,,,0,,,0,0,0,0,,False,,False,False,insufficient_no_inter_region_projection_segments,"minimum_mappable_segments,minimum_unique_probes,minimum_unique_probe_asns,maximum_country_fallback_share",coastal_mainland_or_mixed,catalog_default_alpha2_rule,,,unknown_candidate_dependency_proxy,descriptive inter-region feasible-corridor candidate exposure; not actual cable use or traffic dependency,0.0,,,,unknown_corridor_observation_concentration,,,unknown_cross_layer_distribution_class
AZ,G-Root,dns_root,anycast,all_publicly_visible,18,14,8,0.4444444444444444,0.4444444444444444,0.4444444444444444,0.0,0.4444444444444444,0.0,8,0.4444444444444444,0.7777777777777778,9,8,1,1,0.0,False,0.0,True,False,"insufficient_minimum_mappable_segments,minimum_unique_probes","minimum_mappable_segments,minimum_unique_probes",landlocked,catalog_landlocked_list,0.4444444444444444,0.5714285714285714,very_high_candidate_dependency_proxy,descriptive inter-region feasible-corridor candidate exposure; not actual cable use or traffic dependency,8.0,1.0,1.0,1.0,severe_corridor_observation_concentration,1.0,severe_network_transition_concentration,network_and_physical_both_concentrated
AZ,G-Root,NA,NA,resolved_entry_only,0,0,0,,,,,,,0,,,0,0,0,0,,False,,False,False,insufficient_no_inter_region_projection_segments,"minimum_mappable_segments,minimum_unique_probes,minimum_unique_probe_asns,maximum_country_fallback_share",landlocked,catalog_landlocked_list,,,unknown_candidate_dependency_proxy,descriptive inter-region feasible-corridor candidate exposure; not actual cable use or traffic dependency,0.0,,,,unknown_corridor_observation_concentration,,,unknown_cross_layer_distribution_class
BA,G-Root,dns_root,anycast,all_publicly_visible,29,27,0,0.0,0.0,0.0,0.0,0.0,0.0,0,0.0,0.9310344827586207,15,7,1,1,0.0,False,,False,False,insufficient_no_inter_region_projection_segments,"minimum_mappable_segments,minimum_unique_probes,minimum_unique_probe_asns,maximum_country_fallback_share",coastal_mainland_or_mixed,catalog_default_alpha2_rule,0.0,0.0,no_observed_inter_region_candidate_exposure,descriptive inter-region feasible-corridor candidate exposure; not actual cable use or traffic dependency,0.0,,,,unknown_corridor_observation_concentration,,,unknown_cross_layer_distribution_class
BA,G-Root,NA,NA,resolved_entry_only,0,0,0,,,,,,,0,,,0,0,0,0,,False,,False,False,insufficient_no_inter_region_projection_segments,"minimum_mappable_segments,minimum_unique_probes,minimum_unique_probe_asns,maximum_country_fallback_share",coastal_mainland_or_mixed,catalog_default_alpha2_rule,,,unknown_candidate_dependency_proxy,descriptive inter-region feasible-corridor candidate exposure; not actual cable use or traffic dependency,0.0,,,,unknown_corridor_observation_concentration,,,unknown_cross_layer_distribution_class
BB,G-Root,dns_root,anycast,all_publicly_visible,2,2,1,0.5,0.5,0.5,0.0,0.5,0.0,1,0.5,1.0,1,1,1,1,0.0,False,0.0,True,False,"insufficient_minimum_mappable_segments,minimum_unique_probes,minimum_unique_probe_asns","minimum_mappable_segments,minimum_unique_probes,minimum_unique_probe_asns",island_or_archipelagic,catalog_island_or_archipelagic_list,0.5,0.5,very_high_candidate_dependency_proxy,descriptive inter-region feasible-corridor candidate exposure; not actual cable use or traffic dependency,1.0,1.0,1.0,1.0,severe_corridor_observation_concentration,1.0,severe_network_transition_concentration,network_and_physical_both_concentrated
BB,G-Root,NA,NA,resolved_entry_only,0,0,0,,,,,,,0,,,0,0,0,0,,False,,False,False,insufficient_no_inter_region_projection_segments,"minimum_mappable_segments,minimum_unique_probes,minimum_unique_probe_asns,maximum_country_fallback_share",island_or_archipelagic,catalog_island_or_archipelagic_list,,,unknown_candidate_dependency_proxy,descriptive inter-region feasible-corridor candidate exposure; not actual cable use or traffic dependency,0.0,,,,unknown_corridor_observation_concentration,,,unknown_cross_layer_distribution_class
BD,G-Root,dns_root,anycast,all_publicly_visible,20,20,19,0.95,0.95,0.95,0.9,0.05,0.9,19,0.95,1.0,11,7,1,1,0.0,False,0.05263157894736842,True,False,insufficient_minimum_mappable_segments,minimum_mappable_segments,coastal_mainland_or_mixed,catalog_default_alpha2_rule,0.95,0.95,very_high_candidate_dependency_proxy,descriptive inter-region feasible-corridor candidate exposure; not actual cable use or traffic dependency,19.0,0.9473684210526315,1.0,1.2289892094880017,severe_corridor_observation_concentration,2.246122672934479,moderate_network_transition_concentration,network_and_physical_both_concentrated
BD,G-Root,NA,NA,resolved_entry_only,0,0,0,,,,,,,0,,,0,0,0,0,,False,,False,False,insufficient_no_inter_region_projection_segments,"minimum_mappable_segments,minimum_unique_probes,minimum_unique_probe_asns,maximum_country_fallback_share",coastal_mainland_or_mixed,catalog_default_alpha2_rule,,,unknown_candidate_dependency_proxy,descriptive inter-region feasible-corridor candidate exposure; not actual cable use or traffic dependency,0.0,,,,unknown_corridor_observation_concentration,,,unknown_cross_layer_distribution_class
BE,G-Root,dns_root,anycast,all_publicly_visible,305,303,0,0.0,0.0,0.0,0.0,0.0,0.0,0,0.0,0.9934426229508196,160,28,1,1,0.0,True,,False,False,insufficient_no_inter_region_projection_segments,"minimum_mappable_segments,minimum_unique_probes,minimum_unique_probe_asns,maximum_country_fallback_share",coastal_mainland_or_mixed,catalog_default_alpha2_rule,0.0,0.0,no_observed_inter_region_candidate_exposure,descriptive inter-region feasible-corridor candidate exposure; not actual cable use or traffic dependency,0.0,,,,unknown_corridor_observation_concentration,,,unknown_cross_layer_distribution_class
BE,G-Root,NA,NA,resolved_entry_only,0,0,0,,,,,,,0,,,0,0,0,0,,False,,False,False,insufficient_no_inter_region_projection_segments,"minimum_mappable_segments,minimum_unique_probes,minimum_unique_probe_asns,maximum_country_fallback_share",coastal_mainland_or_mixed,catalog_default_alpha2_rule,,,unknown_candidate_dependency_proxy,descriptive inter-region feasible-corridor candidate exposure; not actual cable use or traffic dependency,0.0,,,,unknown_corridor_observation_concentration,,,unknown_cross_layer_distribution_class
BF,G-Root,dns_root,anycast,all_publicly_visible,8,6,0,0.0,0.0,0.0,0.0,0.0,0.0,0,0.0,0.75,4,3,1,1,0.0,False,,False,False,insufficient_no_inter_region_projection_segments,"minimum_mappable_segments,minimum_unique_probes,minimum_unique_probe_asns,maximum_country_fallback_share",landlocked,catalog_landlocked_list,0.0,0.0,no_observed_inter_region_candidate_exposure,descriptive inter-region feasible-corridor candidate exposure; not actual cable use or traffic dependency,0.0,,,,unknown_corridor_observation_concentration,,,unknown_cross_layer_distribution_class
BF,G-Root,NA,NA,resolved_entry_only,0,0,0,,,,,,,0,,,0,0,0,0,,False,,False,False,insufficient_no_inter_region_projection_segments,"minimum_mappable_segments,minimum_unique_probes,minimum_unique_probe_asns,maximum_country_fallback_share",landlocked,catalog_landlocked_list,,,unknown_candidate_dependency_proxy,descriptive inter-region feasible-corridor candidate exposure; not actual cable use or traffic dependency,0.0,,,,unknown_corridor_observation_concentration,,,unknown_cross_layer_distribution_class
BG,G-Root,dns_root,anycast,all_publicly_visible,160,158,0,0.0,0.0,0.0,0.0,0.0,0.0,0,0.0,0.9875,90,50,1,1,0.0,True,,False,False,insufficient_no_inter_region_projection_segments,"minimum_mappable_segments,minimum_unique_probes,minimum_unique_probe_asns,maximum_country_fallback_share",coastal_mainland_or_mixed,catalog_default_alpha2_rule,0.0,0.0,no_observed_inter_region_candidate_exposure,descriptive inter-region feasible-corridor candidate exposure; not actual cable use or traffic dependency,0.0,,,,unknown_corridor_observation_concentration,,,unknown_cross_layer_distribution_class
BG,G-Root,NA,NA,resolved_entry_only,0,0,0,,,,,,,0,,,0,0,0,0,,False,,False,False,insufficient_no_inter_region_projection_segments,"minimum_mappable_segments,minimum_unique_probes,minimum_unique_probe_asns,maximum_country_fallback_share",coastal_mainland_or_mixed,catalog_default_alpha2_rule,,,unknown_candidate_dependency_proxy,descriptive inter-region feasible-corridor candidate exposure; not actual cable use or traffic dependency,0.0,,,,unknown_corridor_observation_concentration,,,unknown_cross_layer_distribution_class
BH,G-Root,dns_root,anycast,all_publicly_visible,11,11,7,0.6363636363636364,0.6363636363636364,0.6363636363636364,0.0,0.6363636363636364,0.36363636363636365,7,0.6363636363636364,1.0,6,3,1,1,0.0,False,0.0,True,False,"insufficient_minimum_mappable_segments,minimum_unique_probes,minimum_unique_probe_asns","minimum_mappable_segments,minimum_unique_probes,minimum_unique_probe_asns",island_or_archipelagic,catalog_island_or_archipelagic_list,0.6363636363636364,0.6363636363636364,very_high_candidate_dependency_proxy,descriptive inter-region feasible-corridor candidate exposure; not actual cable use or traffic dependency,7.0,1.0,1.0,1.0,severe_corridor_observation_concentration,1.0,severe_network_transition_concentration,network_and_physical_both_concentrated
BH,G-Root,NA,NA,resolved_entry_only,0,0,0,,,,,,,0,,,0,0,0,0,,False,,False,False,insufficient_no_inter_region_projection_segments,"minimum_mappable_segments,minimum_unique_probes,minimum_unique_probe_asns,maximum_country_fallback_share",island_or_archipelagic,catalog_island_or_archipelagic_list,,,unknown_candidate_dependency_proxy,descriptive inter-region feasible-corridor candidate exposure; not actual cable use or traffic dependency,0.0,,,,unknown_corridor_observation_concentration,,,unknown_cross_layer_distribution_class
BI,G-Root,dns_root,anycast,all_publicly_visible,2,2,0,0.0,0.0,0.0,0.0,0.0,0.0,0,0.0,1.0,1,1,1,1,0.0,False,,False,False,insufficient_no_inter_region_projection_segments,"minimum_mappable_segments,minimum_unique_probes,minimum_unique_probe_asns,maximum_country_fallback_share",landlocked,catalog_landlocked_list,0.0,0.0,no_observed_inter_region_candidate_exposure,descriptive inter-region feasible-corridor candidate exposure; not actual cable use or traffic dependency,0.0,,,,unknown_corridor_observation_concentration,,,unknown_cross_layer_distribution_class
BI,G-Root,NA,NA,resolved_entry_only,0,0,0,,,,,,,0,,,0,0,0,0,,False,,False,False,insufficient_no_inter_region_projection_segments,"minimum_mappable_segments,minimum_unique_probes,minimum_unique_probe_asns,maximum_country_fallback_share",landlocked,catalog_landlocked_list,,,unknown_candidate_dependency_proxy,descriptive inter-region feasible-corridor candidate exposure; not actual cable use or traffic dependency,0.0,,,,unknown_corridor_observation_concentration,,,unknown_cross_layer_distribution_class
BJ,G-Root,dns_root,anycast,all_publicly_visible,19,19,3,0.15789473684210525,0.15789473684210525,0.15789473684210525,0.0,0.15789473684210525,0.0,3,0.15789473684210525,1.0,10,5,1,1,0.0,False,0.0,True,False,"insufficient_minimum_mappable_segments,minimum_unique_probes,minimum_unique_probe_asns","minimum_mappable_segments,minimum_unique_probes,minimum_unique_probe_asns",coastal_mainland_or_mixed,catalog_default_alpha2_rule,0.15789473684210525,0.15789473684210525,high_candidate_dependency_proxy,descriptive inter-region feasible-corridor candidate exposure; not actual cable use or traffic dependency,3.0,0.6666666666666666,1.0,1.8898815748423097,moderate_corridor_observation_concentration,1.8898815748423097,moderate_network_transition_concentration,network_and_physical_both_concentrated
BJ,G-Root,NA,NA,resolved_entry_only,0,0,0,,,,,,,0,,,0,0,0,0,,False,,False,False,insufficient_no_inter_region_projection_segments,"minimum_mappable_segments,minimum_unique_probes,minimum_unique_probe_asns,maximum_country_fallback_share",coastal_mainland_or_mixed,catalog_default_alpha2_rule,,,unknown_candidate_dependency_proxy,descriptive inter-region feasible-corridor candidate exposure; not actual cable use or traffic dependency,0.0,,,,unknown_corridor_observation_concentration,,,unknown_cross_layer_distribution_class
BL,G-Root,dns_root,anycast,all_publicly_visible,2,2,0,0.0,0.0,0.0,0.0,0.0,0.0,0,0.0,1.0,1,1,1,1,0.0,False,,False,False,insufficient_no_inter_region_projection_segments,"minimum_mappable_segments,minimum_unique_probes,minimum_unique_probe_asns,maximum_country_fallback_share",island_or_archipelagic,catalog_island_or_archipelagic_list,0.0,0.0,no_observed_inter_region_candidate_exposure,descriptive inter-region feasible-corridor candidate exposure; not actual cable use or traffic dependency,0.0,,,,unknown_corridor_observation_concentration,,,unknown_cross_layer_distribution_class
BL,G-Root,NA,NA,resolved_entry_only,0,0,0,,,,,,,0,,,0,0,0,0,,False,,False,False,insufficient_no_inter_region_projection_segments,"minimum_mappable_segments,minimum_unique_probes,minimum_unique_probe_asns,maximum_country_fallback_share",island_or_archipelagic,catalog_island_or_archipelagic_list,,,unknown_candidate_dependency_proxy,descriptive inter-region feasible-corridor candidate exposure; not actual cable use or traffic dependency,0.0,,,,unknown_corridor_observation_concentration,,,unknown_cross_layer_distribution_class
BO,G-Root,dns_root,anycast,all_publicly_visible,32,32,0,0.0,0.0,0.0,0.0,0.0,0.0,0,0.0,1.0,18,8,1,1,0.0,True,,False,False,insufficient_no_inter_region_projection_segments,"minimum_mappable_segments,minimum_unique_probes,minimum_unique_probe_asns,maximum_country_fallback_share",landlocked,catalog_landlocked_list,0.0,0.0,no_observed_inter_region_candidate_exposure,descriptive inter-region feasible-corridor candidate exposure; not actual cable use or traffic dependency,0.0,,,,unknown_corridor_observation_concentration,,,unknown_cross_layer_distribution_class
BO,G-Root,NA,NA,resolved_entry_only,0,0,0,,,,,,,0,,,0,0,0,0,,False,,False,False,insufficient_no_inter_region_projection_segments,"minimum_mappable_segments,minimum_unique_probes,minimum_unique_probe_asns,maximum_country_fallback_share",landlocked,catalog_landlocked_list,,,unknown_candidate_dependency_proxy,descriptive inter-region feasible-corridor candidate exposure; not actual cable use or traffic dependency,0.0,,,,unknown_corridor_observation_concentration,,,unknown_cross_layer_distribution_class
BR,G-Root,dns_root,anycast,all_publicly_visible,205,178,4,0.01951219512195122,0.01951219512195122,0.01951219512195122,0.004878048780487805,0.014634146341463415,0.0,4,0.01951219512195122,0.8682926829268293,109,70,1,1,0.0,True,0.25,True,False,"insufficient_minimum_mappable_segments,minimum_unique_probes","minimum_mappable_segments,minimum_unique_probes",coastal_mainland_or_mixed,catalog_default_alpha2_rule,0.01951219512195122,0.02247191011235955,low_candidate_dependency_proxy,descriptive inter-region feasible-corridor candidate exposure; not actual cable use or traffic dependency,4.0,0.5,1.0,2.82842712474619,weak_corridor_observation_concentration,2.82842712474619,weak_network_transition_concentration,network_and_physical_both_concentrated
BR,G-Root,NA,NA,resolved_entry_only,0,0,0,,,,,,,0,,,0,0,0,0,,False,,False,False,insufficient_no_inter_region_projection_segments,"minimum_mappable_segments,minimum_unique_probes,minimum_unique_probe_asns,maximum_country_fallback_share",coastal_mainland_or_mixed,catalog_default_alpha2_rule,,,unknown_candidate_dependency_proxy,descriptive inter-region feasible-corridor candidate exposure; not actual cable use or traffic dependency,0.0,,,,unknown_corridor_observation_concentration,,,unknown_cross_layer_distribution_class
BT,G-Root,dns_root,anycast,all_publicly_visible,4,2,2,0.5,0.5,0.5,0.5,0.0,0.5,2,0.5,0.5,2,2,1,1,0.0,False,0.0,True,False,"insufficient_minimum_mappable_segments,minimum_unique_probes,minimum_unique_probe_asns","minimum_mappable_segments,minimum_unique_probes,minimum_unique_probe_asns",landlocked,catalog_landlocked_list,0.5,1.0,very_high_candidate_dependency_proxy,descriptive inter-region feasible-corridor candidate exposure; not actual cable use or traffic dependency,8.0,1.0,1.0,1.0,severe_corridor_observation_concentration,2.82842712474619,weak_network_transition_concentration,network_broad_physical_concentrated
BT,G-Root,NA,NA,resolved_entry_only,0,0,0,,,,,,,0,,,0,0,0,0,,False,,False,False,insufficient_no_inter_region_projection_segments,"minimum_mappable_segments,minimum_unique_probes,minimum_unique_probe_asns,maximum_country_fallback_share",landlocked,catalog_landlocked_list,,,unknown_candidate_dependency_proxy,descriptive inter-region feasible-corridor candidate exposure; not actual cable use or traffic dependency,0.0,,,,unknown_corridor_observation_concentration,,,unknown_cross_layer_distribution_class
BW,G-Root,dns_root,anycast,all_publicly_visible,1,1,0,0.0,0.0,0.0,0.0,0.0,0.0,0,0.0,1.0,1,1,1,1,0.0,False,,False,False,insufficient_no_inter_region_projection_segments,"minimum_mappable_segments,minimum_unique_probes,minimum_unique_probe_asns,maximum_country_fallback_share",landlocked,catalog_landlocked_list,0.0,0.0,no_observed_inter_region_candidate_exposure,descriptive inter-region feasible-corridor candidate exposure; not actual cable use or traffic dependency,0.0,,,,unknown_corridor_observation_concentration,,,unknown_cross_layer_distribution_class
BW,G-Root,NA,NA,resolved_entry_only,0,0,0,,,,,,,0,,,0,0,0,0,,False,,False,False,insufficient_no_inter_region_projection_segments,"minimum_mappable_segments,minimum_unique_probes,minimum_unique_probe_asns,maximum_country_fallback_share",landlocked,catalog_landlocked_list,,,unknown_candidate_dependency_proxy,descriptive inter-region feasible-corridor candidate exposure; not actual cable use or traffic dependency,0.0,,,,unknown_corridor_observation_concentration,,,unknown_cross_layer_distribution_class
BY,G-Root,dns_root,anycast,all_publicly_visible,51,51,0,0.0,0.0,0.0,0.0,0.0,0.0,0,0.0,1.0,27,14,1,1,0.0,True,,False,False,insufficient_no_inter_region_projection_segments,"minimum_mappable_segments,minimum_unique_probes,minimum_unique_probe_asns,maximum_country_fallback_share",landlocked,catalog_landlocked_list,0.0,0.0,no_observed_inter_region_candidate_exposure,descriptive inter-region feasible-corridor candidate exposure; not actual cable use or traffic dependency,0.0,,,,unknown_corridor_observation_concentration,,,unknown_cross_layer_distribution_class
BY,G-Root,NA,NA,resolved_entry_only,0,0,0,,,,,,,0,,,0,0,0,0,,False,,False,False,insufficient_no_inter_region_projection_segments,"minimum_mappable_segments,minimum_unique_probes,minimum_unique_probe_asns,maximum_country_fallback_share",landlocked,catalog_landlocked_list,,,unknown_candidate_dependency_proxy,descriptive inter-region feasible-corridor candidate exposure; not actual cable use or traffic dependency,0.0,,,,unknown_corridor_observation_concentration,,,unknown_cross_layer_distribution_class
CA,G-Root,dns_root,anycast,all_publicly_visible,573,552,176,0.30715532286212915,0.3263525305410122,0.30715532286212915,0.1273996509598604,0.27225130890052357,0.15706806282722513,176,0.30715532286212915,0.9633507853403142,310,96,1,1,0.0,True,0.10559006211180125,True,True,auditable,,coastal_mainland_or_mixed,catalog_default_alpha2_rule,0.30715532286212915,0.3188405797101449,very_high_candidate_dependency_proxy,descriptive inter-region feasible-corridor candidate exposure; not actual cable use or traffic dependency,322.0,0.4192546583850932,0.9751552795031055,3.3289368273792483,weak_corridor_observation_concentration,15.15771055493066,broad_network_transition_distribution,network_and_physical_both_broad
CA,G-Root,NA,NA,resolved_entry_only,0,0,0,,,,,,,0,,,0,0,0,0,,False,,False,False,insufficient_no_inter_region_projection_segments,"minimum_mappable_segments,minimum_unique_probes,minimum_unique_probe_asns,maximum_country_fallback_share",coastal_mainland_or_mixed,catalog_default_alpha2_rule,,,unknown_candidate_dependency_proxy,descriptive inter-region feasible-corridor candidate exposure; not actual cable use or traffic dependency,0.0,,,,unknown_corridor_observation_concentration,,,unknown_cross_layer_distribution_class
CD,G-Root,dns_root,anycast,all_publicly_visible,6,6,0,0.0,0.0,0.0,0.0,0.0,0.0,0,0.0,1.0,3,3,1,1,0.0,False,,False,False,insufficient_no_inter_region_projection_segments,"minimum_mappable_segments,minimum_unique_probes,minimum_unique_probe_asns,maximum_country_fallback_share",coastal_mainland_or_mixed,catalog_default_alpha2_rule,0.0,0.0,no_observed_inter_region_candidate_exposure,descriptive inter-region feasible-corridor candidate exposure; not actual cable use or traffic dependency,0.0,,,,unknown_corridor_observation_concentration,,,unknown_cross_layer_distribution_class
CD,G-Root,NA,NA,resolved_entry_only,0,0,0,,,,,,,0,,,0,0,0,0,,False,,False,False,insufficient_no_inter_region_projection_segments,"minimum_mappable_segments,minimum_unique_probes,minimum_unique_probe_asns,maximum_country_fallback_share",coastal_mainland_or_mixed,catalog_default_alpha2_rule,,,unknown_candidate_dependency_proxy,descriptive inter-region feasible-corridor candidate exposure; not actual cable use or traffic dependency,0.0,,,,unknown_corridor_observation_concentration,,,unknown_cross_layer_distribution_class
CG,G-Root,dns_root,anycast,all_publicly_visible,4,4,1,0.25,0.25,0.25,0.0,0.25,0.0,1,0.25,1.0,3,2,1,1,0.0,False,0.0,True,False,"insufficient_minimum_mappable_segments,minimum_unique_probes,minimum_unique_probe_asns","minimum_mappable_segments,minimum_unique_probes,minimum_unique_probe_asns",coastal_mainland_or_mixed,catalog_default_alpha2_rule,0.25,0.25,high_candidate_dependency_proxy,descriptive inter-region feasible-corridor candidate exposure; not actual cable use or traffic dependency,1.0,1.0,1.0,1.0,severe_corridor_observation_concentration,1.0,severe_network_transition_concentration,network_and_physical_both_concentrated
CG,G-Root,NA,NA,resolved_entry_only,0,0,0,,,,,,,0,,,0,0,0,0,,False,,False,False,insufficient_no_inter_region_projection_segments,"minimum_mappable_segments,minimum_unique_probes,minimum_unique_probe_asns,maximum_country_fallback_share",coastal_mainland_or_mixed,catalog_default_alpha2_rule,,,unknown_candidate_dependency_proxy,descriptive inter-region feasible-corridor candidate exposure; not actual cable use or traffic dependency,0.0,,,,unknown_corridor_observation_concentration,,,unknown_cross_layer_distribution_class
CH,G-Root,dns_root,anycast,all_publicly_visible,645,616,0,0.0,0.10697674418604651,0.0,0.0,0.0,0.10697674418604651,0,0.0,0.9550387596899225,341,86,1,1,0.0,True,,False,False,insufficient_no_inter_region_projection_segments,"minimum_mappable_segments,minimum_unique_probes,minimum_unique_probe_asns,maximum_country_fallback_share",landlocked,catalog_landlocked_list,0.0,0.0,no_observed_inter_region_candidate_exposure,descriptive inter-region feasible-corridor candidate exposure; not actual cable use or traffic dependency,0.0,,,,unknown_corridor_observation_concentration,,,unknown_cross_layer_distribution_class
CH,G-Root,NA,NA,resolved_entry_only,0,0,0,,,,,,,0,,,0,0,0,0,,False,,False,False,insufficient_no_inter_region_projection_segments,"minimum_mappable_segments,minimum_unique_probes,minimum_unique_probe_asns,maximum_country_fallback_share",landlocked,catalog_landlocked_list,,,unknown_candidate_dependency_proxy,descriptive inter-region feasible-corridor candidate exposure; not actual cable use or traffic dependency,0.0,,,,unknown_corridor_observation_concentration,,,unknown_cross_layer_distribution_class
CI,G-Root,dns_root,anycast,all_publicly_visible,4,4,2,0.5,1.0,0.5,0.0,0.5,0.5,2,0.5,1.0,2,2,1,1,0.0,False,0.0,True,False,"insufficient_minimum_mappable_segments,minimum_unique_probes,minimum_unique_probe_asns","minimum_mappable_segments,minimum_unique_probes,minimum_unique_probe_asns",coastal_mainland_or_mixed,catalog_default_alpha2_rule,0.5,0.5,very_high_candidate_dependency_proxy,descriptive inter-region feasible-corridor candidate exposure; not actual cable use or traffic dependency,2.0,1.0,1.0,1.0,severe_corridor_observation_concentration,1.0,severe_network_transition_concentration,network_and_physical_both_concentrated
CI,G-Root,NA,NA,resolved_entry_only,0,0,0,,,,,,,0,,,0,0,0,0,,False,,False,False,insufficient_no_inter_region_projection_segments,"minimum_mappable_segments,minimum_unique_probes,minimum_unique_probe_asns,maximum_country_fallback_share",coastal_mainland_or_mixed,catalog_default_alpha2_rule,,,unknown_candidate_dependency_proxy,descriptive inter-region feasible-corridor candidate exposure; not actual cable use or traffic dependency,0.0,,,,unknown_corridor_observation_concentration,,,unknown_cross_layer_distribution_class
CK,G-Root,dns_root,anycast,all_publicly_visible,2,2,0,0.0,1.0,0.0,0.0,0.0,1.0,0,0.0,1.0,1,1,1,1,0.0,False,,False,False,insufficient_no_inter_region_projection_segments,"minimum_mappable_segments,minimum_unique_probes,minimum_unique_probe_asns,maximum_country_fallback_share",island_or_archipelagic,catalog_island_or_archipelagic_list,0.0,0.0,no_observed_inter_region_candidate_exposure,descriptive inter-region feasible-corridor candidate exposure; not actual cable use or traffic dependency,0.0,,,,unknown_corridor_observation_concentration,,,unknown_cross_layer_distribution_class
CK,G-Root,NA,NA,resolved_entry_only,0,0,0,,,,,,,0,,,0,0,0,0,,False,,False,False,insufficient_no_inter_region_projection_segments,"minimum_mappable_segments,minimum_unique_probes,minimum_unique_probe_asns,maximum_country_fallback_share",island_or_archipelagic,catalog_island_or_archipelagic_list,,,unknown_candidate_dependency_proxy,descriptive inter-region feasible-corridor candidate exposure; not actual cable use or traffic dependency,0.0,,,,unknown_corridor_observation_concentration,,,unknown_cross_layer_distribution_class
CL,G-Root,dns_root,anycast,all_publicly_visible,162,157,0,0.0,0.0,0.0,0.0,0.0,0.0,0,0.0,0.9691358024691358,86,37,1,1,0.0,True,,False,False,insufficient_no_inter_region_projection_segments,"minimum_mappable_segments,minimum_unique_probes,minimum_unique_probe_asns,maximum_country_fallback_share",coastal_mainland_or_mixed,catalog_default_alpha2_rule,0.0,0.0,no_observed_inter_region_candidate_exposure,descriptive inter-region feasible-corridor candidate exposure; not actual cable use or traffic dependency,0.0,,,,unknown_corridor_observation_concentration,,,unknown_cross_layer_distribution_class
CL,G-Root,NA,NA,resolved_entry_only,0,0,0,,,,,,,0,,,0,0,0,0,,False,,False,False,insufficient_no_inter_region_projection_segments,"minimum_mappable_segments,minimum_unique_probes,minimum_unique_probe_asns,maximum_country_fallback_share",coastal_mainland_or_mixed,catalog_default_alpha2_rule,,,unknown_candidate_dependency_proxy,descriptive inter-region feasible-corridor candidate exposure; not actual cable use or traffic dependency,0.0,,,,unknown_corridor_observation_concentration,,,unknown_cross_layer_distribution_class
CM,G-Root,dns_root,anycast,all_publicly_visible,4,4,3,0.75,0.75,0.75,0.0,0.75,0.0,3,0.75,1.0,2,2,1,1,0.0,False,0.0,True,False,"insufficient_minimum_mappable_segments,minimum_unique_probes,minimum_unique_probe_asns","minimum_mappable_segments,minimum_unique_probes,minimum_unique_probe_asns",coastal_mainland_or_mixed,catalog_default_alpha2_rule,0.75,0.75,very_high_candidate_dependency_proxy,descriptive inter-region feasible-corridor candidate exposure; not actual cable use or traffic dependency,3.0,0.6666666666666666,1.0,1.8898815748423097,moderate_corridor_observation_concentration,1.8898815748423097,moderate_network_transition_concentration,network_and_physical_both_concentrated
CM,G-Root,NA,NA,resolved_entry_only,0,0,0,,,,,,,0,,,0,0,0,0,,False,,False,False,insufficient_no_inter_region_projection_segments,"minimum_mappable_segments,minimum_unique_probes,minimum_unique_probe_asns,maximum_country_fallback_share",coastal_mainland_or_mixed,catalog_default_alpha2_rule,,,unknown_candidate_dependency_proxy,descriptive inter-region feasible-corridor candidate exposure; not actual cable use or traffic dependency,0.0,,,,unknown_corridor_observation_concentration,,,unknown_cross_layer_distribution_class
CN,G-Root,dns_root,anycast,all_publicly_visible,151,146,10,0.06622516556291391,0.2185430463576159,0.06622516556291391,0.019867549668874173,0.046357615894039736,0.2119205298013245,10,0.06622516556291391,0.9668874172185431,78,26,1,1,0.08609271523178808,True,0.0,True,False,"insufficient_minimum_mappable_segments,minimum_unique_probes","minimum_mappable_segments,minimum_unique_probes",coastal_mainland_or_mixed,catalog_default_alpha2_rule,0.06622516556291391,0.0684931506849315,moderate_candidate_dependency_proxy,descriptive inter-region feasible-corridor candidate exposure; not actual cable use or traffic dependency,13.0,0.5384615384615384,1.0,2.4550251440948596,moderate_corridor_observation_concentration,3.1803385212361994,weak_network_transition_concentration,network_broad_physical_concentrated
CN,G-Root,dns_root,anycast,resolved_entry_only,13,13,0,0.0,0.0,0.0,0.0,0.0,0.0,0,0.0,1.0,7,1,1,1,1.0,False,,False,False,insufficient_no_inter_region_projection_segments,"minimum_mappable_segments,minimum_unique_probes,minimum_unique_probe_asns,maximum_country_fallback_share",coastal_mainland_or_mixed,catalog_default_alpha2_rule,0.0,0.0,no_observed_inter_region_candidate_exposure,descriptive inter-region feasible-corridor candidate exposure; not actual cable use or traffic dependency,0.0,,,,unknown_corridor_observation_concentration,,,unknown_cross_layer_distribution_class
CO,G-Root,dns_root,anycast,all_publicly_visible,82,76,11,0.13414634146341464,0.13414634146341464,0.13414634146341464,0.07317073170731707,0.08536585365853659,0.0,11,0.13414634146341464,0.926829268292683,43,29,1,1,0.0,True,0.0,True,False,"insufficient_minimum_mappable_segments,minimum_unique_probes","minimum_mappable_segments,minimum_unique_probes",coastal_mainland_or_mixed,catalog_default_alpha2_rule,0.13414634146341464,0.14473684210526316,moderate_candidate_dependency_proxy,descriptive inter-region feasible-corridor candidate exposure; not actual cable use or traffic dependency,17.0,0.4117647058823529,0.7058823529411764,4.92066304003499,broad_corridor_observation_distribution,4.653700229497512,broad_network_transition_distribution,network_and_physical_both_broad
CO,G-Root,NA,NA,resolved_entry_only,0,0,0,,,,,,,0,,,0,0,0,0,,False,,False,False,insufficient_no_inter_region_projection_segments,"minimum_mappable_segments,minimum_unique_probes,minimum_unique_probe_asns,maximum_country_fallback_share",coastal_mainland_or_mixed,catalog_default_alpha2_rule,,,unknown_candidate_dependency_proxy,descriptive inter-region feasible-corridor candidate exposure; not actual cable use or traffic dependency,0.0,,,,unknown_corridor_observation_concentration,,,unknown_cross_layer_distribution_class
CR,G-Root,dns_root,anycast,all_publicly_visible,34,22,1,0.029411764705882353,0.029411764705882353,0.029411764705882353,0.029411764705882353,0.0,0.0,1,0.029411764705882353,0.6470588235294118,18,9,1,1,0.0,True,0.0,True,False,"insufficient_minimum_mappable_segments,minimum_unique_probes,minimum_unique_probe_asns","minimum_mappable_segments,minimum_unique_probes,minimum_unique_probe_asns",coastal_mainland_or_mixed,catalog_default_alpha2_rule,0.029411764705882353,0.045454545454545456,low_candidate_dependency_proxy,descriptive inter-region feasible-corridor candidate exposure; not actual cable use or traffic dependency,1.0,1.0,1.0,1.0,severe_corridor_observation_concentration,1.0,severe_network_transition_concentration,network_and_physical_both_concentrated
CR,G-Root,NA,NA,resolved_entry_only,0,0,0,,,,,,,0,,,0,0,0,0,,False,,False,False,insufficient_no_inter_region_projection_segments,"minimum_mappable_segments,minimum_unique_probes,minimum_unique_probe_asns,maximum_country_fallback_share",coastal_mainland_or_mixed,catalog_default_alpha2_rule,,,unknown_candidate_dependency_proxy,descriptive inter-region feasible-corridor candidate exposure; not actual cable use or traffic dependency,0.0,,,,unknown_corridor_observation_concentration,,,unknown_cross_layer_distribution_class
CU,G-Root,dns_root,anycast,all_publicly_visible,2,2,1,0.5,0.5,0.5,0.0,0.5,0.0,1,0.5,1.0,1,1,1,1,0.0,False,0.0,True,False,"insufficient_minimum_mappable_segments,minimum_unique_probes,minimum_unique_probe_asns","minimum_mappable_segments,minimum_unique_probes,minimum_unique_probe_asns",island_or_archipelagic,catalog_island_or_archipelagic_list,0.5,0.5,very_high_candidate_dependency_proxy,descriptive inter-region feasible-corridor candidate exposure; not actual cable use or traffic dependency,1.0,1.0,1.0,1.0,severe_corridor_observation_concentration,1.0,severe_network_transition_concentration,network_and_physical_both_concentrated
CU,G-Root,NA,NA,resolved_entry_only,0,0,0,,,,,,,0,,,0,0,0,0,,False,,False,False,insufficient_no_inter_region_projection_segments,"minimum_mappable_segments,minimum_unique_probes,minimum_unique_probe_asns,maximum_country_fallback_share",island_or_archipelagic,catalog_island_or_archipelagic_list,,,unknown_candidate_dependency_proxy,descriptive inter-region feasible-corridor candidate exposure; not actual cable use or traffic dependency,0.0,,,,unknown_corridor_observation_concentration,,,unknown_cross_layer_distribution_class
CV,G-Root,dns_root,anycast,all_publicly_visible,7,7,1,0.14285714285714285,0.7142857142857143,0.14285714285714285,0.14285714285714285,0.14285714285714285,0.7142857142857143,1,0.14285714285714285,1.0,4,2,1,1,0.0,False,0.0,True,False,"insufficient_minimum_mappable_segments,minimum_unique_probes,minimum_unique_probe_asns","minimum_mappable_segments,minimum_unique_probes,minimum_unique_probe_asns",island_or_archipelagic,catalog_island_or_archipelagic_list,0.14285714285714285,0.14285714285714285,moderate_candidate_dependency_proxy,descriptive inter-region feasible-corridor candidate exposure; not actual cable use or traffic dependency,4.0,0.75,1.0,1.7547653506033232,moderate_corridor_observation_concentration,1.7547653506033232,moderate_network_transition_concentration,network_and_physical_both_concentrated
CV,G-Root,NA,NA,resolved_entry_only,0,0,0,,,,,,,0,,,0,0,0,0,,False,,False,False,insufficient_no_inter_region_projection_segments,"minimum_mappable_segments,minimum_unique_probes,minimum_unique_probe_asns,maximum_country_fallback_share",island_or_archipelagic,catalog_island_or_archipelagic_list,,,unknown_candidate_dependency_proxy,descriptive inter-region feasible-corridor candidate exposure; not actual cable use or traffic dependency,0.0,,,,unknown_corridor_observation_concentration,,,unknown_cross_layer_distribution_class
CW,G-Root,dns_root,anycast,all_publicly_visible,4,4,1,0.25,0.25,0.25,0.0,0.25,0.0,1,0.25,1.0,2,2,1,1,0.0,False,0.0,True,False,"insufficient_minimum_mappable_segments,minimum_unique_probes,minimum_unique_probe_asns","minimum_mappable_segments,minimum_unique_probes,minimum_unique_probe_asns",island_or_archipelagic,catalog_island_or_archipelagic_list,0.25,0.25,high_candidate_dependency_proxy,descriptive inter-region feasible-corridor candidate exposure; not actual cable use or traffic dependency,1.0,1.0,1.0,1.0,severe_corridor_observation_concentration,1.0,severe_network_transition_concentration,network_and_physical_both_concentrated
CW,G-Root,NA,NA,resolved_entry_only,0,0,0,,,,,,,0,,,0,0,0,0,,False,,False,False,insufficient_no_inter_region_projection_segments,"minimum_mappable_segments,minimum_unique_probes,minimum_unique_probe_asns,maximum_country_fallback_share",island_or_archipelagic,catalog_island_or_archipelagic_list,,,unknown_candidate_dependency_proxy,descriptive inter-region feasible-corridor candidate exposure; not actual cable use or traffic dependency,0.0,,,,unknown_corridor_observation_concentration,,,unknown_cross_layer_distribution_class
CY,G-Root,dns_root,anycast,all_publicly_visible,27,25,18,0.6666666666666666,0.6666666666666666,0.6666666666666666,0.0,0.6666666666666666,0.0,18,0.6666666666666666,0.9259259259259259,14,7,1,1,0.0,False,0.0,True,False,insufficient_minimum_mappable_segments,minimum_mappable_segments,island_or_archipelagic,catalog_island_or_archipelagic_list,0.6666666666666666,0.72,very_high_candidate_dependency_proxy,descriptive inter-region feasible-corridor candidate exposure; not actual cable use or traffic dependency,18.0,1.0,1.0,1.0,severe_corridor_observation_concentration,2.336573541485641,moderate_network_transition_concentration,network_and_physical_both_concentrated
CY,G-Root,NA,NA,resolved_entry_only,0,0,0,,,,,,,0,,,0,0,0,0,,False,,False,False,insufficient_no_inter_region_projection_segments,"minimum_mappable_segments,minimum_unique_probes,minimum_unique_probe_asns,maximum_country_fallback_share",island_or_archipelagic,catalog_island_or_archipelagic_list,,,unknown_candidate_dependency_proxy,descriptive inter-region feasible-corridor candidate exposure; not actual cable use or traffic dependency,0.0,,,,unknown_corridor_observation_concentration,,,unknown_cross_layer_distribution_class
CZ,G-Root,dns_root,anycast,all_publicly_visible,537,531,0,0.0,0.0,0.0,0.0,0.0,0.0,0,0.0,0.9888268156424581,285,113,1,1,0.0,True,,False,False,insufficient_no_inter_region_projection_segments,"minimum_mappable_segments,minimum_unique_probes,minimum_unique_probe_asns,maximum_country_fallback_share",landlocked,catalog_landlocked_list,0.0,0.0,no_observed_inter_region_candidate_exposure,descriptive inter-region feasible-corridor candidate exposure; not actual cable use or traffic dependency,0.0,,,,unknown_corridor_observation_concentration,,,unknown_cross_layer_distribution_class
CZ,G-Root,NA,NA,resolved_entry_only,0,0,0,,,,,,,0,,,0,0,0,0,,False,,False,False,insufficient_no_inter_region_projection_segments,"minimum_mappable_segments,minimum_unique_probes,minimum_unique_probe_asns,maximum_country_fallback_share",landlocked,catalog_landlocked_list,,,unknown_candidate_dependency_proxy,descriptive inter-region feasible-corridor candidate exposure; not actual cable use or traffic dependency,0.0,,,,unknown_corridor_observation_concentration,,,unknown_cross_layer_distribution_class
DE,G-Root,dns_root,anycast,all_publicly_visible,3402,3287,0,0.0,0.005584950029394474,0.0,0.0,0.0,0.005584950029394474,0,0.0,0.9661963550852439,1812,407,1,1,0.0,True,,False,False,insufficient_no_inter_region_projection_segments,"minimum_mappable_segments,minimum_unique_probes,minimum_unique_probe_asns,maximum_country_fallback_share",coastal_mainland_or_mixed,catalog_default_alpha2_rule,0.0,0.0,no_observed_inter_region_candidate_exposure,descriptive inter-region feasible-corridor candidate exposure; not actual cable use or traffic dependency,0.0,,,,unknown_corridor_observation_concentration,,,unknown_cross_layer_distribution_class
DE,G-Root,NA,NA,resolved_entry_only,0,0,0,,,,,,,0,,,0,0,0,0,,False,,False,False,insufficient_no_inter_region_projection_segments,"minimum_mappable_segments,minimum_unique_probes,minimum_unique_probe_asns,maximum_country_fallback_share",coastal_mainland_or_mixed,catalog_default_alpha2_rule,,,unknown_candidate_dependency_proxy,descriptive inter-region feasible-corridor candidate exposure; not actual cable use or traffic dependency,0.0,,,,unknown_corridor_observation_concentration,,,unknown_cross_layer_distribution_class
DJ,G-Root,dns_root,anycast,all_publicly_visible,6,6,0,0.0,0.0,0.0,0.0,0.0,0.0,0,0.0,1.0,3,2,1,1,0.0,False,,False,False,insufficient_no_inter_region_projection_segments,"minimum_mappable_segments,minimum_unique_probes,minimum_unique_probe_asns,maximum_country_fallback_share",coastal_mainland_or_mixed,catalog_default_alpha2_rule,0.0,0.0,no_observed_inter_region_candidate_exposure,descriptive inter-region feasible-corridor candidate exposure; not actual cable use or traffic dependency,0.0,,,,unknown_corridor_observation_concentration,,,unknown_cross_layer_distribution_class
DJ,G-Root,NA,NA,resolved_entry_only,0,0,0,,,,,,,0,,,0,0,0,0,,False,,False,False,insufficient_no_inter_region_projection_segments,"minimum_mappable_segments,minimum_unique_probes,minimum_unique_probe_asns,maximum_country_fallback_share",coastal_mainland_or_mixed,catalog_default_alpha2_rule,,,unknown_candidate_dependency_proxy,descriptive inter-region feasible-corridor candidate exposure; not actual cable use or traffic dependency,0.0,,,,unknown_corridor_observation_concentration,,,unknown_cross_layer_distribution_class
DK,G-Root,dns_root,anycast,all_publicly_visible,199,190,0,0.0,0.8190954773869347,0.0,0.0,0.0,0.8190954773869347,0,0.0,0.9547738693467337,110,36,1,1,0.0,True,,False,False,insufficient_no_inter_region_projection_segments,"minimum_mappable_segments,minimum_unique_probes,minimum_unique_probe_asns,maximum_country_fallback_share",coastal_mainland_or_mixed,catalog_default_alpha2_rule,0.0,0.0,no_observed_inter_region_candidate_exposure,descriptive inter-region feasible-corridor candidate exposure; not actual cable use or traffic dependency,0.0,,,,unknown_corridor_observation_concentration,,,unknown_cross_layer_distribution_class
DK,G-Root,NA,NA,resolved_entry_only,0,0,0,,,,,,,0,,,0,0,0,0,,False,,False,False,insufficient_no_inter_region_projection_segments,"minimum_mappable_segments,minimum_unique_probes,minimum_unique_probe_asns,maximum_country_fallback_share",coastal_mainland_or_mixed,catalog_default_alpha2_rule,,,unknown_candidate_dependency_proxy,descriptive inter-region feasible-corridor candidate exposure; not actual cable use or traffic dependency,0.0,,,,unknown_corridor_observation_concentration,,,unknown_cross_layer_distribution_class
DO,G-Root,dns_root,anycast,all_publicly_visible,17,17,7,0.4117647058823529,0.4117647058823529,0.4117647058823529,0.0,0.4117647058823529,0.0,7,0.4117647058823529,1.0,9,7,1,1,0.0,False,0.0,True,False,"insufficient_minimum_mappable_segments,minimum_unique_probes","minimum_mappable_segments,minimum_unique_probes",island_or_archipelagic,catalog_island_or_archipelagic_list,0.4117647058823529,0.4117647058823529,very_high_candidate_dependency_proxy,descriptive inter-region feasible-corridor candidate exposure; not actual cable use or traffic dependency,7.0,0.5714285714285714,1.0,1.9796263300525183,moderate_corridor_observation_concentration,3.8643132978583434,weak_network_transition_concentration,network_broad_physical_concentrated
DO,G-Root,NA,NA,resolved_entry_only,0,0,0,,,,,,,0,,,0,0,0,0,,False,,False,False,insufficient_no_inter_region_projection_segments,"minimum_mappable_segments,minimum_unique_probes,minimum_unique_probe_asns,maximum_country_fallback_share",island_or_archipelagic,catalog_island_or_archipelagic_list,,,unknown_candidate_dependency_proxy,descriptive inter-region feasible-corridor candidate exposure; not actual cable use or traffic dependency,0.0,,,,unknown_corridor_observation_concentration,,,unknown_cross_layer_distribution_class
DZ,G-Root,dns_root,anycast,all_publicly_visible,2,2,0,0.0,0.0,0.0,0.0,0.0,0.0,0,0.0,1.0,1,1,1,1,0.0,False,,False,False,insufficient_no_inter_region_projection_segments,"minimum_mappable_segments,minimum_unique_probes,minimum_unique_probe_asns,maximum_country_fallback_share",coastal_mainland_or_mixed,catalog_default_alpha2_rule,0.0,0.0,no_observed_inter_region_candidate_exposure,descriptive inter-region feasible-corridor candidate exposure; not actual cable use or traffic dependency,0.0,,,,unknown_corridor_observation_concentration,,,unknown_cross_layer_distribution_class
DZ,G-Root,NA,NA,resolved_entry_only,0,0,0,,,,,,,0,,,0,0,0,0,,False,,False,False,insufficient_no_inter_region_projection_segments,"minimum_mappable_segments,minimum_unique_probes,minimum_unique_probe_asns,maximum_country_fallback_share",coastal_mainland_or_mixed,catalog_default_alpha2_rule,,,unknown_candidate_dependency_proxy,descriptive inter-region feasible-corridor candidate exposure; not actual cable use or traffic dependency,0.0,,,,unknown_corridor_observation_concentration,,,unknown_cross_layer_distribution_class
EC,G-Root,dns_root,anycast,all_publicly_visible,48,44,3,0.0625,0.0625,0.0625,0.0625,0.020833333333333332,0.0,3,0.0625,0.9166666666666666,26,20,1,1,0.0,True,0.0,True,False,"insufficient_minimum_mappable_segments,minimum_unique_probes,minimum_unique_probe_asns","minimum_mappable_segments,minimum_unique_probes,minimum_unique_probe_asns",coastal_mainland_or_mixed,catalog_default_alpha2_rule,0.0625,0.06818181818181818,moderate_candidate_dependency_proxy,descriptive inter-region feasible-corridor candidate exposure; not actual cable use or traffic dependency,5.0,0.8,1.0,1.6493848884661177,severe_corridor_observation_concentration,2.586409289858933,moderate_network_transition_concentration,network_and_physical_both_concentrated
EC,G-Root,NA,NA,resolved_entry_only,0,0,0,,,,,,,0,,,0,0,0,0,,False,,False,False,insufficient_no_inter_region_projection_segments,"minimum_mappable_segments,minimum_unique_probes,minimum_unique_probe_asns,maximum_country_fallback_share",coastal_mainland_or_mixed,catalog_default_alpha2_rule,,,unknown_candidate_dependency_proxy,descriptive inter-region feasible-corridor candidate exposure; not actual cable use or traffic dependency,0.0,,,,unknown_corridor_observation_concentration,,,unknown_cross_layer_distribution_class
EE,G-Root,dns_root,anycast,all_publicly_visible,81,69,51,0.6296296296296297,0.6296296296296297,0.6296296296296297,0.0,0.6296296296296297,0.0,51,0.6296296296296297,0.8518518518518519,42,22,1,1,0.0,True,0.0,True,True,auditable,,coastal_mainland_or_mixed,catalog_default_alpha2_rule,0.6296296296296297,0.7391304347826086,very_high_candidate_dependency_proxy,descriptive inter-region feasible-corridor candidate exposure; not actual cable use or traffic dependency,55.0,0.6909090909090909,1.0,2.196817392532565,moderate_corridor_observation_concentration,3.1557377976187233,weak_network_transition_concentration,network_broad_physical_concentrated
EE,G-Root,NA,NA,resolved_entry_only,0,0,0,,,,,,,0,,,0,0,0,0,,False,,False,False,insufficient_no_inter_region_projection_segments,"minimum_mappable_segments,minimum_unique_probes,minimum_unique_probe_asns,maximum_country_fallback_share",coastal_mainland_or_mixed,catalog_default_alpha2_rule,,,unknown_candidate_dependency_proxy,descriptive inter-region feasible-corridor candidate exposure; not actual cable use or traffic dependency,0.0,,,,unknown_corridor_observation_concentration,,,unknown_cross_layer_distribution_class
EG,G-Root,dns_root,anycast,all_publicly_visible,6,6,0,0.0,0.0,0.0,0.0,0.0,0.0,0,0.0,1.0,3,2,1,1,0.0,False,,False,False,insufficient_no_inter_region_projection_segments,"minimum_mappable_segments,minimum_unique_probes,minimum_unique_probe_asns,maximum_country_fallback_share",coastal_mainland_or_mixed,catalog_default_alpha2_rule,0.0,0.0,no_observed_inter_region_candidate_exposure,descriptive inter-region feasible-corridor candidate exposure; not actual cable use or traffic dependency,0.0,,,,unknown_corridor_observation_concentration,,,unknown_cross_layer_distribution_class
EG,G-Root,NA,NA,resolved_entry_only,0,0,0,,,,,,,0,,,0,0,0,0,,False,,False,False,insufficient_no_inter_region_projection_segments,"minimum_mappable_segments,minimum_unique_probes,minimum_unique_probe_asns,maximum_country_fallback_share",coastal_mainland_or_mixed,catalog_default_alpha2_rule,,,unknown_candidate_dependency_proxy,descriptive inter-region feasible-corridor candidate exposure; not actual cable use or traffic dependency,0.0,,,,unknown_corridor_observation_concentration,,,unknown_cross_layer_distribution_class
ES,G-Root,dns_root,anycast,all_publicly_visible,463,441,6,0.012958963282937365,0.02159827213822894,0.012958963282937365,0.0,0.012958963282937365,0.008639308855291577,6,0.012958963282937365,0.9524838012958964,250,79,1,1,0.0,True,0.0,True,False,"insufficient_minimum_mappable_segments,minimum_unique_probes","minimum_mappable_segments,minimum_unique_probes",coastal_mainland_or_mixed,catalog_default_alpha2_rule,0.012958963282937365,0.013605442176870748,low_candidate_dependency_proxy,descriptive inter-region feasible-corridor candidate exposure; not actual cable use or traffic dependency,6.0,1.0,1.0,1.0,severe_corridor_observation_concentration,1.8898815748423097,moderate_network_transition_concentration,network_and_physical_both_concentrated
ES,G-Root,NA,NA,resolved_entry_only,0,0,0,,,,,,,0,,,0,0,0,0,,False,,False,False,insufficient_no_inter_region_projection_segments,"minimum_mappable_segments,minimum_unique_probes,minimum_unique_probe_asns,maximum_country_fallback_share",coastal_mainland_or_mixed,catalog_default_alpha2_rule,,,unknown_candidate_dependency_proxy,descriptive inter-region feasible-corridor candidate exposure; not actual cable use or traffic dependency,0.0,,,,unknown_corridor_observation_concentration,,,unknown_cross_layer_distribution_class
ET,G-Root,dns_root,anycast,all_publicly_visible,1,1,0,0.0,0.0,0.0,0.0,0.0,0.0,0,0.0,1.0,1,1,1,1,0.0,False,,False,False,insufficient_no_inter_region_projection_segments,"minimum_mappable_segments,minimum_unique_probes,minimum_unique_probe_asns,maximum_country_fallback_share",landlocked,catalog_landlocked_list,0.0,0.0,no_observed_inter_region_candidate_exposure,descriptive inter-region feasible-corridor candidate exposure; not actual cable use or traffic dependency,0.0,,,,unknown_corridor_observation_concentration,,,unknown_cross_layer_distribution_class
ET,G-Root,NA,NA,resolved_entry_only,0,0,0,,,,,,,0,,,0,0,0,0,,False,,False,False,insufficient_no_inter_region_projection_segments,"minimum_mappable_segments,minimum_unique_probes,minimum_unique_probe_asns,maximum_country_fallback_share",landlocked,catalog_landlocked_list,,,unknown_candidate_dependency_proxy,descriptive inter-region feasible-corridor candidate exposure; not actual cable use or traffic dependency,0.0,,,,unknown_corridor_observation_concentration,,,unknown_cross_layer_distribution_class
FI,G-Root,dns_root,anycast,all_publicly_visible,334,320,55,0.16467065868263472,0.16467065868263472,0.16467065868263472,0.04491017964071856,0.11976047904191617,0.0,55,0.16467065868263472,0.9580838323353293,177,62,1,1,0.0,True,0.0,True,True,auditable,,coastal_mainland_or_mixed,catalog_default_alpha2_rule,0.16467065868263472,0.171875,high_candidate_dependency_proxy,descriptive inter-region feasible-corridor candidate exposure; not actual cable use or traffic dependency,72.0,0.3611111111111111,0.7916666666666667,4.711323505567045,broad_corridor_observation_distribution,10.217097415416223,broad_network_transition_distribution,network_and_physical_both_broad
FI,G-Root,NA,NA,resolved_entry_only,0,0,0,,,,,,,0,,,0,0,0,0,,False,,False,False,insufficient_no_inter_region_projection_segments,"minimum_mappable_segments,minimum_unique_probes,minimum_unique_probe_asns,maximum_country_fallback_share",coastal_mainland_or_mixed,catalog_default_alpha2_rule,,,unknown_candidate_dependency_proxy,descriptive inter-region feasible-corridor candidate exposure; not actual cable use or traffic dependency,0.0,,,,unknown_corridor_observation_concentration,,,unknown_cross_layer_distribution_class
FJ,G-Root,dns_root,anycast,all_publicly_visible,2,1,0,0.0,0.5,0.0,0.0,0.0,0.5,0,0.0,0.5,2,2,1,1,0.0,False,,False,False,insufficient_no_inter_region_projection_segments,"minimum_mappable_segments,minimum_unique_probes,minimum_unique_probe_asns,maximum_country_fallback_share",island_or_archipelagic,catalog_island_or_archipelagic_list,0.0,0.0,no_observed_inter_region_candidate_exposure,descriptive inter-region feasible-corridor candidate exposure; not actual cable use or traffic dependency,0.0,,,,unknown_corridor_observation_concentration,,,unknown_cross_layer_distribution_class
FJ,G-Root,NA,NA,resolved_entry_only,0,0,0,,,,,,,0,,,0,0,0,0,,False,,False,False,insufficient_no_inter_region_projection_segments,"minimum_mappable_segments,minimum_unique_probes,minimum_unique_probe_asns,maximum_country_fallback_share",island_or_archipelagic,catalog_island_or_archipelagic_list,,,unknown_candidate_dependency_proxy,descriptive inter-region feasible-corridor candidate exposure; not actual cable use or traffic dependency,0.0,,,,unknown_corridor_observation_concentration,,,unknown_cross_layer_distribution_class
FM,G-Root,dns_root,anycast,all_publicly_visible,4,2,0,0.0,0.5,0.0,0.0,0.0,0.5,0,0.0,0.5,2,1,1,1,0.0,False,,False,False,insufficient_no_inter_region_projection_segments,"minimum_mappable_segments,minimum_unique_probes,minimum_unique_probe_asns,maximum_country_fallback_share",island_or_archipelagic,catalog_island_or_archipelagic_list,0.0,0.0,no_observed_inter_region_candidate_exposure,descriptive inter-region feasible-corridor candidate exposure; not actual cable use or traffic dependency,0.0,,,,unknown_corridor_observation_concentration,,,unknown_cross_layer_distribution_class
FM,G-Root,NA,NA,resolved_entry_only,0,0,0,,,,,,,0,,,0,0,0,0,,False,,False,False,insufficient_no_inter_region_projection_segments,"minimum_mappable_segments,minimum_unique_probes,minimum_unique_probe_asns,maximum_country_fallback_share",island_or_archipelagic,catalog_island_or_archipelagic_list,,,unknown_candidate_dependency_proxy,descriptive inter-region feasible-corridor candidate exposure; not actual cable use or traffic dependency,0.0,,,,unknown_corridor_observation_concentration,,,unknown_cross_layer_distribution_class
FR,G-Root,dns_root,anycast,all_publicly_visible,2006,1928,0,0.0,0.0,0.0,0.0,0.0,0.0,0,0.0,0.9611166500498505,1072,178,1,1,0.0,True,,False,False,insufficient_no_inter_region_projection_segments,"minimum_mappable_segments,minimum_unique_probes,minimum_unique_probe_asns,maximum_country_fallback_share",coastal_mainland_or_mixed,catalog_default_alpha2_rule,0.0,0.0,no_observed_inter_region_candidate_exposure,descriptive inter-region feasible-corridor candidate exposure; not actual cable use or traffic dependency,0.0,,,,unknown_corridor_observation_concentration,,,unknown_cross_layer_distribution_class
FR,G-Root,NA,NA,resolved_entry_only,0,0,0,,,,,,,0,,,0,0,0,0,,False,,False,False,insufficient_no_inter_region_projection_segments,"minimum_mappable_segments,minimum_unique_probes,minimum_unique_probe_asns,maximum_country_fallback_share",coastal_mainland_or_mixed,catalog_default_alpha2_rule,,,unknown_candidate_dependency_proxy,descriptive inter-region feasible-corridor candidate exposure; not actual cable use or traffic dependency,0.0,,,,unknown_corridor_observation_concentration,,,unknown_cross_layer_distribution_class
GB,G-Root,dns_root,anycast,all_publicly_visible,1140,1075,0,0.0,0.005263157894736842,0.0,0.0,0.0,0.005263157894736842,0,0.0,0.9429824561403509,612,205,1,1,0.0,True,,False,False,insufficient_no_inter_region_projection_segments,"minimum_mappable_segments,minimum_unique_probes,minimum_unique_probe_asns,maximum_country_fallback_share",island_or_archipelagic,catalog_island_or_archipelagic_list,0.0,0.0,no_observed_inter_region_candidate_exposure,descriptive inter-region feasible-corridor candidate exposure; not actual cable use or traffic dependency,0.0,,,,unknown_corridor_observation_concentration,,,unknown_cross_layer_distribution_class
GB,G-Root,NA,NA,resolved_entry_only,0,0,0,,,,,,,0,,,0,0,0,0,,False,,False,False,insufficient_no_inter_region_projection_segments,"minimum_mappable_segments,minimum_unique_probes,minimum_unique_probe_asns,maximum_country_fallback_share",island_or_archipelagic,catalog_island_or_archipelagic_list,,,unknown_candidate_dependency_proxy,descriptive inter-region feasible-corridor candidate exposure; not actual cable use or traffic dependency,0.0,,,,unknown_corridor_observation_concentration,,,unknown_cross_layer_distribution_class
GE,G-Root,dns_root,anycast,all_publicly_visible,31,31,0,0.0,0.0,0.0,0.0,0.0,0.0,0,0.0,1.0,16,11,1,1,0.0,True,,False,False,insufficient_no_inter_region_projection_segments,"minimum_mappable_segments,minimum_unique_probes,minimum_unique_probe_asns,maximum_country_fallback_share",coastal_mainland_or_mixed,catalog_default_alpha2_rule,0.0,0.0,no_observed_inter_region_candidate_exposure,descriptive inter-region feasible-corridor candidate exposure; not actual cable use or traffic dependency,0.0,,,,unknown_corridor_observation_concentration,,,unknown_cross_layer_distribution_class
GE,G-Root,NA,NA,resolved_entry_only,0,0,0,,,,,,,0,,,0,0,0,0,,False,,False,False,insufficient_no_inter_region_projection_segments,"minimum_mappable_segments,minimum_unique_probes,minimum_unique_probe_asns,maximum_country_fallback_share",coastal_mainland_or_mixed,catalog_default_alpha2_rule,,,unknown_candidate_dependency_proxy,descriptive inter-region feasible-corridor candidate exposure; not actual cable use or traffic dependency,0.0,,,,unknown_corridor_observation_concentration,,,unknown_cross_layer_distribution_class
GF,G-Root,dns_root,anycast,all_publicly_visible,2,2,0,0.0,0.0,0.0,0.0,0.0,0.0,0,0.0,1.0,1,1,1,1,0.0,False,,False,False,insufficient_no_inter_region_projection_segments,"minimum_mappable_segments,minimum_unique_probes,minimum_unique_probe_asns,maximum_country_fallback_share",coastal_mainland_or_mixed,catalog_default_alpha2_rule,0.0,0.0,no_observed_inter_region_candidate_exposure,descriptive inter-region feasible-corridor candidate exposure; not actual cable use or traffic dependency,0.0,,,,unknown_corridor_observation_concentration,,,unknown_cross_layer_distribution_class
GF,G-Root,NA,NA,resolved_entry_only,0,0,0,,,,,,,0,,,0,0,0,0,,False,,False,False,insufficient_no_inter_region_projection_segments,"minimum_mappable_segments,minimum_unique_probes,minimum_unique_probe_asns,maximum_country_fallback_share",coastal_mainland_or_mixed,catalog_default_alpha2_rule,,,unknown_candidate_dependency_proxy,descriptive inter-region feasible-corridor candidate exposure; not actual cable use or traffic dependency,0.0,,,,unknown_corridor_observation_concentration,,,unknown_cross_layer_distribution_class
GG,G-Root,dns_root,anycast,all_publicly_visible,1,1,1,1.0,1.0,1.0,1.0,0.0,1.0,1,1.0,1.0,1,1,1,1,0.0,False,0.0,True,False,"insufficient_minimum_mappable_segments,minimum_unique_probes,minimum_unique_probe_asns","minimum_mappable_segments,minimum_unique_probes,minimum_unique_probe_asns",island_or_archipelagic,catalog_island_or_archipelagic_list,1.0,1.0,very_high_candidate_dependency_proxy,descriptive inter-region feasible-corridor candidate exposure; not actual cable use or traffic dependency,2.0,1.0,1.0,1.0,severe_corridor_observation_concentration,1.0,severe_network_transition_concentration,network_and_physical_both_concentrated
GG,G-Root,NA,NA,resolved_entry_only,0,0,0,,,,,,,0,,,0,0,0,0,,False,,False,False,insufficient_no_inter_region_projection_segments,"minimum_mappable_segments,minimum_unique_probes,minimum_unique_probe_asns,maximum_country_fallback_share",island_or_archipelagic,catalog_island_or_archipelagic_list,,,unknown_candidate_dependency_proxy,descriptive inter-region feasible-corridor candidate exposure; not actual cable use or traffic dependency,0.0,,,,unknown_corridor_observation_concentration,,,unknown_cross_layer_distribution_class
GH,G-Root,dns_root,anycast,all_publicly_visible,6,6,2,0.3333333333333333,0.3333333333333333,0.3333333333333333,0.0,0.3333333333333333,0.0,2,0.3333333333333333,1.0,3,3,1,1,0.0,False,0.0,True,False,"insufficient_minimum_mappable_segments,minimum_unique_probes,minimum_unique_probe_asns","minimum_mappable_segments,minimum_unique_probes,minimum_unique_probe_asns",coastal_mainland_or_mixed,catalog_default_alpha2_rule,0.3333333333333333,0.3333333333333333,very_high_candidate_dependency_proxy,descriptive inter-region feasible-corridor candidate exposure; not actual cable use or traffic dependency,2.0,1.0,1.0,1.0,severe_corridor_observation_concentration,1.0,severe_network_transition_concentration,network_and_physical_both_concentrated
GH,G-Root,NA,NA,resolved_entry_only,0,0,0,,,,,,,0,,,0,0,0,0,,False,,False,False,insufficient_no_inter_region_projection_segments,"minimum_mappable_segments,minimum_unique_probes,minimum_unique_probe_asns,maximum_country_fallback_share",coastal_mainland_or_mixed,catalog_default_alpha2_rule,,,unknown_candidate_dependency_proxy,descriptive inter-region feasible-corridor candidate exposure; not actual cable use or traffic dependency,0.0,,,,unknown_corridor_observation_concentration,,,unknown_cross_layer_distribution_class
GP,G-Root,dns_root,anycast,all_publicly_visible,3,3,2,0.6666666666666666,0.6666666666666666,0.6666666666666666,0.6666666666666666,0.6666666666666666,0.6666666666666666,2,0.6666666666666666,1.0,2,2,1,1,0.0,False,0.0,True,False,"insufficient_minimum_mappable_segments,minimum_unique_probes,minimum_unique_probe_asns","minimum_mappable_segments,minimum_unique_probes,minimum_unique_probe_asns",island_or_archipelagic,catalog_island_or_archipelagic_list,0.6666666666666666,0.6666666666666666,very_high_candidate_dependency_proxy,descriptive inter-region feasible-corridor candidate exposure; not actual cable use or traffic dependency,4.0,0.5,1.0,2.0,moderate_corridor_observation_concentration,1.0,severe_network_transition_concentration,network_and_physical_both_concentrated
GP,G-Root,NA,NA,resolved_entry_only,0,0,0,,,,,,,0,,,0,0,0,0,,False,,False,False,insufficient_no_inter_region_projection_segments,"minimum_mappable_segments,minimum_unique_probes,minimum_unique_probe_asns,maximum_country_fallback_share",island_or_archipelagic,catalog_island_or_archipelagic_list,,,unknown_candidate_dependency_proxy,descriptive inter-region feasible-corridor candidate exposure; not actual cable use or traffic dependency,0.0,,,,unknown_corridor_observation_concentration,,,unknown_cross_layer_distribution_class
GQ,G-Root,dns_root,anycast,all_publicly_visible,1,1,0,0.0,0.0,0.0,0.0,0.0,0.0,0,0.0,1.0,1,1,1,1,0.0,False,,False,False,insufficient_no_inter_region_projection_segments,"minimum_mappable_segments,minimum_unique_probes,minimum_unique_probe_asns,maximum_country_fallback_share",coastal_mainland_or_mixed,catalog_default_alpha2_rule,0.0,0.0,no_observed_inter_region_candidate_exposure,descriptive inter-region feasible-corridor candidate exposure; not actual cable use or traffic dependency,0.0,,,,unknown_corridor_observation_concentration,,,unknown_cross_layer_distribution_class
GQ,G-Root,NA,NA,resolved_entry_only,0,0,0,,,,,,,0,,,0,0,0,0,,False,,False,False,insufficient_no_inter_region_projection_segments,"minimum_mappable_segments,minimum_unique_probes,minimum_unique_probe_asns,maximum_country_fallback_share",coastal_mainland_or_mixed,catalog_default_alpha2_rule,,,unknown_candidate_dependency_proxy,descriptive inter-region feasible-corridor candidate exposure; not actual cable use or traffic dependency,0.0,,,,unknown_corridor_observation_concentration,,,unknown_cross_layer_distribution_class
GR,G-Root,dns_root,anycast,all_publicly_visible,144,134,2,0.013888888888888888,0.013888888888888888,0.013888888888888888,0.0,0.013888888888888888,0.0,2,0.013888888888888888,0.9305555555555556,76,25,1,1,0.0,True,0.0,True,False,"insufficient_minimum_mappable_segments,minimum_unique_probes,minimum_unique_probe_asns","minimum_mappable_segments,minimum_unique_probes,minimum_unique_probe_asns",coastal_mainland_or_mixed,catalog_default_alpha2_rule,0.013888888888888888,0.014925373134328358,low_candidate_dependency_proxy,descriptive inter-region feasible-corridor candidate exposure; not actual cable use or traffic dependency,2.0,1.0,1.0,1.0,severe_corridor_observation_concentration,1.0,severe_network_transition_concentration,network_and_physical_both_concentrated
GR,G-Root,NA,NA,resolved_entry_only,0,0,0,,,,,,,0,,,0,0,0,0,,False,,False,False,insufficient_no_inter_region_projection_segments,"minimum_mappable_segments,minimum_unique_probes,minimum_unique_probe_asns,maximum_country_fallback_share",coastal_mainland_or_mixed,catalog_default_alpha2_rule,,,unknown_candidate_dependency_proxy,descriptive inter-region feasible-corridor candidate exposure; not actual cable use or traffic dependency,0.0,,,,unknown_corridor_observation_concentration,,,unknown_cross_layer_distribution_class
GT,G-Root,dns_root,anycast,all_publicly_visible,8,4,0,0.0,0.0,0.0,0.0,0.0,0.0,0,0.0,0.5,4,3,1,1,0.0,False,,False,False,insufficient_no_inter_region_projection_segments,"minimum_mappable_segments,minimum_unique_probes,minimum_unique_probe_asns,maximum_country_fallback_share",coastal_mainland_or_mixed,catalog_default_alpha2_rule,0.0,0.0,no_observed_inter_region_candidate_exposure,descriptive inter-region feasible-corridor candidate exposure; not actual cable use or traffic dependency,0.0,,,,unknown_corridor_observation_concentration,,,unknown_cross_layer_distribution_class
GT,G-Root,NA,NA,resolved_entry_only,0,0,0,,,,,,,0,,,0,0,0,0,,False,,False,False,insufficient_no_inter_region_projection_segments,"minimum_mappable_segments,minimum_unique_probes,minimum_unique_probe_asns,maximum_country_fallback_share",coastal_mainland_or_mixed,catalog_default_alpha2_rule,,,unknown_candidate_dependency_proxy,descriptive inter-region feasible-corridor candidate exposure; not actual cable use or traffic dependency,0.0,,,,unknown_corridor_observation_concentration,,,unknown_cross_layer_distribution_class
GU,G-Root,dns_root,anycast,all_publicly_visible,17,17,17,1.0,1.0,1.0,0.23529411764705882,0.9411764705882353,0.8823529411764706,17,1.0,1.0,9,5,1,1,0.0,False,0.0,True,False,"insufficient_minimum_mappable_segments,minimum_unique_probes","minimum_mappable_segments,minimum_unique_probes",island_or_archipelagic,catalog_island_or_archipelagic_list,1.0,1.0,very_high_candidate_dependency_proxy,descriptive inter-region feasible-corridor candidate exposure; not actual cable use or traffic dependency,22.0,0.5909090909090909,0.8636363636363636,3.6394419158909743,weak_corridor_observation_concentration,4.959343765029329,broad_network_transition_distribution,network_and_physical_both_broad
GU,G-Root,NA,NA,resolved_entry_only,0,0,0,,,,,,,0,,,0,0,0,0,,False,,False,False,insufficient_no_inter_region_projection_segments,"minimum_mappable_segments,minimum_unique_probes,minimum_unique_probe_asns,maximum_country_fallback_share",island_or_archipelagic,catalog_island_or_archipelagic_list,,,unknown_candidate_dependency_proxy,descriptive inter-region feasible-corridor candidate exposure; not actual cable use or traffic dependency,0.0,,,,unknown_corridor_observation_concentration,,,unknown_cross_layer_distribution_class
HK,G-Root,dns_root,anycast,all_publicly_visible,126,124,23,0.18253968253968253,0.9126984126984127,0.18253968253968253,0.18253968253968253,0.015873015873015872,0.9126984126984127,23,0.18253968253968253,0.9841269841269841,66,40,1,1,0.0,True,0.0,True,True,auditable,,coastal_mainland_or_mixed,catalog_default_alpha2_rule,0.18253968253968253,0.18548387096774194,high_candidate_dependency_proxy,descriptive inter-region feasible-corridor candidate exposure; not actual cable use or traffic dependency,38.0,0.5,1.0,2.4873760091802897,moderate_corridor_observation_concentration,13.780114037422155,broad_network_transition_distribution,network_broad_physical_concentrated
HK,G-Root,NA,NA,resolved_entry_only,0,0,0,,,,,,,0,,,0,0,0,0,,False,,False,False,insufficient_no_inter_region_projection_segments,"minimum_mappable_segments,minimum_unique_probes,minimum_unique_probe_asns,maximum_country_fallback_share",coastal_mainland_or_mixed,catalog_default_alpha2_rule,,,unknown_candidate_dependency_proxy,descriptive inter-region feasible-corridor candidate exposure; not actual cable use or traffic dependency,0.0,,,,unknown_corridor_observation_concentration,,,unknown_cross_layer_distribution_class
HN,G-Root,dns_root,anycast,all_publicly_visible,19,15,10,0.5263157894736842,0.5263157894736842,0.5263157894736842,0.0,0.5263157894736842,0.0,10,0.5263157894736842,0.7894736842105263,11,8,1,1,0.0,False,0.0,True,False,"insufficient_minimum_mappable_segments,minimum_unique_probes","minimum_mappable_segments,minimum_unique_probes",coastal_mainland_or_mixed,catalog_default_alpha2_rule,0.5263157894736842,0.6666666666666666,very_high_candidate_dependency_proxy,descriptive inter-region feasible-corridor candidate exposure; not actual cable use or traffic dependency,10.0,1.0,1.0,1.0,severe_corridor_observation_concentration,1.6493848884661177,severe_network_transition_concentration,network_and_physical_both_concentrated
HN,G-Root,NA,NA,resolved_entry_only,0,0,0,,,,,,,0,,,0,0,0,0,,False,,False,False,insufficient_no_inter_region_projection_segments,"minimum_mappable_segments,minimum_unique_probes,minimum_unique_probe_asns,maximum_country_fallback_share",coastal_mainland_or_mixed,catalog_default_alpha2_rule,,,unknown_candidate_dependency_proxy,descriptive inter-region feasible-corridor candidate exposure; not actual cable use or traffic dependency,0.0,,,,unknown_corridor_observation_concentration,,,unknown_cross_layer_distribution_class
HR,G-Root,dns_root,anycast,all_publicly_visible,81,67,0,0.0,0.0,0.0,0.0,0.0,0.0,0,0.0,0.8271604938271605,47,22,1,1,0.0,True,,False,False,insufficient_no_inter_region_projection_segments,"minimum_mappable_segments,minimum_unique_probes,minimum_unique_probe_asns,maximum_country_fallback_share",coastal_mainland_or_mixed,catalog_default_alpha2_rule,0.0,0.0,no_observed_inter_region_candidate_exposure,descriptive inter-region feasible-corridor candidate exposure; not actual cable use or traffic dependency,0.0,,,,unknown_corridor_observation_concentration,,,unknown_cross_layer_distribution_class
HR,G-Root,NA,NA,resolved_entry_only,0,0,0,,,,,,,0,,,0,0,0,0,,False,,False,False,insufficient_no_inter_region_projection_segments,"minimum_mappable_segments,minimum_unique_probes,minimum_unique_probe_asns,maximum_country_fallback_share",coastal_mainland_or_mixed,catalog_default_alpha2_rule,,,unknown_candidate_dependency_proxy,descriptive inter-region feasible-corridor candidate exposure; not actual cable use or traffic dependency,0.0,,,,unknown_corridor_observation_concentration,,,unknown_cross_layer_distribution_class
HT,G-Root,dns_root,anycast,all_publicly_visible,1,1,0,0.0,0.0,0.0,0.0,0.0,0.0,0,0.0,1.0,1,1,1,1,0.0,False,,False,False,insufficient_no_inter_region_projection_segments,"minimum_mappable_segments,minimum_unique_probes,minimum_unique_probe_asns,maximum_country_fallback_share",island_or_archipelagic,catalog_island_or_archipelagic_list,0.0,0.0,no_observed_inter_region_candidate_exposure,descriptive inter-region feasible-corridor candidate exposure; not actual cable use or traffic dependency,0.0,,,,unknown_corridor_observation_concentration,,,unknown_cross_layer_distribution_class
HT,G-Root,NA,NA,resolved_entry_only,0,0,0,,,,,,,0,,,0,0,0,0,,False,,False,False,insufficient_no_inter_region_projection_segments,"minimum_mappable_segments,minimum_unique_probes,minimum_unique_probe_asns,maximum_country_fallback_share",island_or_archipelagic,catalog_island_or_archipelagic_list,,,unknown_candidate_dependency_proxy,descriptive inter-region feasible-corridor candidate exposure; not actual cable use or traffic dependency,0.0,,,,unknown_corridor_observation_concentration,,,unknown_cross_layer_distribution_class
HU,G-Root,dns_root,anycast,all_publicly_visible,97,89,0,0.0,0.0,0.0,0.0,0.0,0.0,0,0.0,0.9175257731958762,55,21,1,1,0.0,True,,False,False,insufficient_no_inter_region_projection_segments,"minimum_mappable_segments,minimum_unique_probes,minimum_unique_probe_asns,maximum_country_fallback_share",landlocked,catalog_landlocked_list,0.0,0.0,no_observed_inter_region_candidate_exposure,descriptive inter-region feasible-corridor candidate exposure; not actual cable use or traffic dependency,0.0,,,,unknown_corridor_observation_concentration,,,unknown_cross_layer_distribution_class
HU,G-Root,NA,NA,resolved_entry_only,0,0,0,,,,,,,0,,,0,0,0,0,,False,,False,False,insufficient_no_inter_region_projection_segments,"minimum_mappable_segments,minimum_unique_probes,minimum_unique_probe_asns,maximum_country_fallback_share",landlocked,catalog_landlocked_list,,,unknown_candidate_dependency_proxy,descriptive inter-region feasible-corridor candidate exposure; not actual cable use or traffic dependency,0.0,,,,unknown_corridor_observation_concentration,,,unknown_cross_layer_distribution_class
ID,G-Root,dns_root,anycast,all_publicly_visible,185,180,153,0.827027027027027,0.9135135135135135,0.827027027027027,0.7189189189189189,0.6378378378378379,0.9027027027027027,153,0.827027027027027,0.972972972972973,96,66,1,1,0.0,True,0.06424581005586592,True,True,auditable,,island_or_archipelagic,catalog_island_or_archipelagic_list,0.827027027027027,0.85,very_high_candidate_dependency_proxy,descriptive inter-region feasible-corridor candidate exposure; not actual cable use or traffic dependency,358.0,0.6480446927374302,0.88268156424581,3.5438582857742804,weak_corridor_observation_concentration,27.84875697872851,broad_network_transition_distribution,network_and_physical_both_broad
ID,G-Root,NA,NA,resolved_entry_only,0,0,0,,,,,,,0,,,0,0,0,0,,False,,False,False,insufficient_no_inter_region_projection_segments,"minimum_mappable_segments,minimum_unique_probes,minimum_unique_probe_asns,maximum_country_fallback_share",island_or_archipelagic,catalog_island_or_archipelagic_list,,,unknown_candidate_dependency_proxy,descriptive inter-region feasible-corridor candidate exposure; not actual cable use or traffic dependency,0.0,,,,unknown_corridor_observation_concentration,,,unknown_cross_layer_distribution_class
IE,G-Root,dns_root,anycast,all_publicly_visible,191,183,0,0.0,0.0,0.0,0.0,0.0,0.0,0,0.0,0.9581151832460733,100,27,1,1,0.0,True,,False,False,insufficient_no_inter_region_projection_segments,"minimum_mappable_segments,minimum_unique_probes,minimum_unique_probe_asns,maximum_country_fallback_share",island_or_archipelagic,catalog_island_or_archipelagic_list,0.0,0.0,no_observed_inter_region_candidate_exposure,descriptive inter-region feasible-corridor candidate exposure; not actual cable use or traffic dependency,0.0,,,,unknown_corridor_observation_concentration,,,unknown_cross_layer_distribution_class
IE,G-Root,NA,NA,resolved_entry_only,0,0,0,,,,,,,0,,,0,0,0,0,,False,,False,False,insufficient_no_inter_region_projection_segments,"minimum_mappable_segments,minimum_unique_probes,minimum_unique_probe_asns,maximum_country_fallback_share",island_or_archipelagic,catalog_island_or_archipelagic_list,,,unknown_candidate_dependency_proxy,descriptive inter-region feasible-corridor candidate exposure; not actual cable use or traffic dependency,0.0,,,,unknown_corridor_observation_concentration,,,unknown_cross_layer_distribution_class
IL,G-Root,dns_root,anycast,all_publicly_visible,60,58,33,0.55,0.55,0.55,0.55,0.0,0.55,33,0.55,0.9666666666666667,35,13,1,1,0.0,True,0.0,True,True,auditable,,coastal_mainland_or_mixed,catalog_default_alpha2_rule,0.55,0.5689655172413793,very_high_candidate_dependency_proxy,descriptive inter-region feasible-corridor candidate exposure; not actual cable use or traffic dependency,58.0,0.7241379310344828,1.0,2.17723299026765,moderate_corridor_observation_concentration,5.048285881082859,broad_network_transition_distribution,network_broad_physical_concentrated
IL,G-Root,NA,NA,resolved_entry_only,0,0,0,,,,,,,0,,,0,0,0,0,,False,,False,False,insufficient_no_inter_region_projection_segments,"minimum_mappable_segments,minimum_unique_probes,minimum_unique_probe_asns,maximum_country_fallback_share",coastal_mainland_or_mixed,catalog_default_alpha2_rule,,,unknown_candidate_dependency_proxy,descriptive inter-region feasible-corridor candidate exposure; not actual cable use or traffic dependency,0.0,,,,unknown_corridor_observation_concentration,,,unknown_cross_layer_distribution_class
IM,G-Root,dns_root,anycast,all_publicly_visible,6,6,0,0.0,0.6666666666666666,0.0,0.0,0.0,0.6666666666666666,0,0.0,1.0,3,3,1,1,0.0,False,,False,False,insufficient_no_inter_region_projection_segments,"minimum_mappable_segments,minimum_unique_probes,minimum_unique_probe_asns,maximum_country_fallback_share",island_or_archipelagic,catalog_island_or_archipelagic_list,0.0,0.0,no_observed_inter_region_candidate_exposure,descriptive inter-region feasible-corridor candidate exposure; not actual cable use or traffic dependency,0.0,,,,unknown_corridor_observation_concentration,,,unknown_cross_layer_distribution_class
IM,G-Root,NA,NA,resolved_entry_only,0,0,0,,,,,,,0,,,0,0,0,0,,False,,False,False,insufficient_no_inter_region_projection_segments,"minimum_mappable_segments,minimum_unique_probes,minimum_unique_probe_asns,maximum_country_fallback_share",island_or_archipelagic,catalog_island_or_archipelagic_list,,,unknown_candidate_dependency_proxy,descriptive inter-region feasible-corridor candidate exposure; not actual cable use or traffic dependency,0.0,,,,unknown_corridor_observation_concentration,,,unknown_cross_layer_distribution_class
IN,G-Root,dns_root,anycast,all_publicly_visible,284,247,191,0.6725352112676056,0.6725352112676056,0.6725352112676056,0.49295774647887325,0.4612676056338028,0.43309859154929575,191,0.6725352112676056,0.8697183098591549,152,63,1,1,0.0,True,0.09395973154362416,True,True,auditable,,coastal_mainland_or_mixed,catalog_default_alpha2_rule,0.6725352112676056,0.7732793522267206,very_high_candidate_dependency_proxy,descriptive inter-region feasible-corridor candidate exposure; not actual cable use or traffic dependency,298.0,0.4865771812080537,0.9261744966442953,3.129092676748208,moderate_corridor_observation_concentration,7.7977066409321605,broad_network_transition_distribution,network_broad_physical_concentrated
IN,G-Root,NA,NA,resolved_entry_only,0,0,0,,,,,,,0,,,0,0,0,0,,False,,False,False,insufficient_no_inter_region_projection_segments,"minimum_mappable_segments,minimum_unique_probes,minimum_unique_probe_asns,maximum_country_fallback_share",coastal_mainland_or_mixed,catalog_default_alpha2_rule,,,unknown_candidate_dependency_proxy,descriptive inter-region feasible-corridor candidate exposure; not actual cable use or traffic dependency,0.0,,,,unknown_corridor_observation_concentration,,,unknown_cross_layer_distribution_class
IQ,G-Root,dns_root,anycast,all_publicly_visible,20,18,0,0.0,0.0,0.0,0.0,0.0,0.0,0,0.0,0.9,10,8,1,1,0.0,False,,False,False,insufficient_no_inter_region_projection_segments,"minimum_mappable_segments,minimum_unique_probes,minimum_unique_probe_asns,maximum_country_fallback_share",coastal_mainland_or_mixed,catalog_default_alpha2_rule,0.0,0.0,no_observed_inter_region_candidate_exposure,descriptive inter-region feasible-corridor candidate exposure; not actual cable use or traffic dependency,0.0,,,,unknown_corridor_observation_concentration,,,unknown_cross_layer_distribution_class
IQ,G-Root,NA,NA,resolved_entry_only,0,0,0,,,,,,,0,,,0,0,0,0,,False,,False,False,insufficient_no_inter_region_projection_segments,"minimum_mappable_segments,minimum_unique_probes,minimum_unique_probe_asns,maximum_country_fallback_share",coastal_mainland_or_mixed,catalog_default_alpha2_rule,,,unknown_candidate_dependency_proxy,descriptive inter-region feasible-corridor candidate exposure; not actual cable use or traffic dependency,0.0,,,,unknown_corridor_observation_concentration,,,unknown_cross_layer_distribution_class
IR,G-Root,dns_root,anycast,all_publicly_visible,92,36,0,0.0,0.0,0.0,0.0,0.0,0.0,0,0.0,0.391304347826087,47,24,1,1,0.0,True,,False,False,insufficient_no_inter_region_projection_segments,"minimum_mappable_segments,minimum_unique_probes,minimum_unique_probe_asns,maximum_country_fallback_share",coastal_mainland_or_mixed,catalog_default_alpha2_rule,0.0,0.0,no_observed_inter_region_candidate_exposure,descriptive inter-region feasible-corridor candidate exposure; not actual cable use or traffic dependency,0.0,,,,unknown_corridor_observation_concentration,,,unknown_cross_layer_distribution_class
IR,G-Root,NA,NA,resolved_entry_only,0,0,0,,,,,,,0,,,0,0,0,0,,False,,False,False,insufficient_no_inter_region_projection_segments,"minimum_mappable_segments,minimum_unique_probes,minimum_unique_probe_asns,maximum_country_fallback_share",coastal_mainland_or_mixed,catalog_default_alpha2_rule,,,unknown_candidate_dependency_proxy,descriptive inter-region feasible-corridor candidate exposure; not actual cable use or traffic dependency,0.0,,,,unknown_corridor_observation_concentration,,,unknown_cross_layer_distribution_class
IS,G-Root,dns_root,anycast,all_publicly_visible,22,22,0,0.0,0.09090909090909091,0.0,0.0,0.0,0.09090909090909091,0,0.0,1.0,12,9,1,1,0.0,False,,False,False,insufficient_no_inter_region_projection_segments,"minimum_mappable_segments,minimum_unique_probes,minimum_unique_probe_asns,maximum_country_fallback_share",island_or_archipelagic,catalog_island_or_archipelagic_list,0.0,0.0,no_observed_inter_region_candidate_exposure,descriptive inter-region feasible-corridor candidate exposure; not actual cable use or traffic dependency,0.0,,,,unknown_corridor_observation_concentration,,,unknown_cross_layer_distribution_class
IS,G-Root,NA,NA,resolved_entry_only,0,0,0,,,,,,,0,,,0,0,0,0,,False,,False,False,insufficient_no_inter_region_projection_segments,"minimum_mappable_segments,minimum_unique_probes,minimum_unique_probe_asns,maximum_country_fallback_share",island_or_archipelagic,catalog_island_or_archipelagic_list,,,unknown_candidate_dependency_proxy,descriptive inter-region feasible-corridor candidate exposure; not actual cable use or traffic dependency,0.0,,,,unknown_corridor_observation_concentration,,,unknown_cross_layer_distribution_class
IT,G-Root,dns_root,anycast,all_publicly_visible,653,621,2,0.0030627871362940277,0.0030627871362940277,0.0030627871362940277,0.0030627871362940277,0.0,0.0,2,0.0030627871362940277,0.9509954058192955,344,117,1,1,0.0,True,0.0,True,False,"insufficient_minimum_mappable_segments,minimum_unique_probes,minimum_unique_probe_asns","minimum_mappable_segments,minimum_unique_probes,minimum_unique_probe_asns",coastal_mainland_or_mixed,catalog_default_alpha2_rule,0.0030627871362940277,0.00322061191626409,low_candidate_dependency_proxy,descriptive inter-region feasible-corridor candidate exposure; not actual cable use or traffic dependency,2.0,1.0,1.0,1.0,severe_corridor_observation_concentration,1.0,severe_network_transition_concentration,network_and_physical_both_concentrated
IT,G-Root,NA,NA,resolved_entry_only,0,0,0,,,,,,,0,,,0,0,0,0,,False,,False,False,insufficient_no_inter_region_projection_segments,"minimum_mappable_segments,minimum_unique_probes,minimum_unique_probe_asns,maximum_country_fallback_share",coastal_mainland_or_mixed,catalog_default_alpha2_rule,,,unknown_candidate_dependency_proxy,descriptive inter-region feasible-corridor candidate exposure; not actual cable use or traffic dependency,0.0,,,,unknown_corridor_observation_concentration,,,unknown_cross_layer_distribution_class
JM,G-Root,dns_root,anycast,all_publicly_visible,11,11,2,0.18181818181818182,0.6363636363636364,0.18181818181818182,0.18181818181818182,0.0,0.6363636363636364,2,0.18181818181818182,1.0,6,3,1,1,0.0,False,0.0,True,False,"insufficient_minimum_mappable_segments,minimum_unique_probes,minimum_unique_probe_asns","minimum_mappable_segments,minimum_unique_probes,minimum_unique_probe_asns",island_or_archipelagic,catalog_island_or_archipelagic_list,0.18181818181818182,0.18181818181818182,high_candidate_dependency_proxy,descriptive inter-region feasible-corridor candidate exposure; not actual cable use or traffic dependency,2.0,1.0,1.0,1.0,severe_corridor_observation_concentration,1.0,severe_network_transition_concentration,network_and_physical_both_concentrated
JM,G-Root,NA,NA,resolved_entry_only,0,0,0,,,,,,,0,,,0,0,0,0,,False,,False,False,insufficient_no_inter_region_projection_segments,"minimum_mappable_segments,minimum_unique_probes,minimum_unique_probe_asns,maximum_country_fallback_share",island_or_archipelagic,catalog_island_or_archipelagic_list,,,unknown_candidate_dependency_proxy,descriptive inter-region feasible-corridor candidate exposure; not actual cable use or traffic dependency,0.0,,,,unknown_corridor_observation_concentration,,,unknown_cross_layer_distribution_class
JO,G-Root,dns_root,anycast,all_publicly_visible,7,5,0,0.0,0.0,0.0,0.0,0.0,0.0,0,0.0,0.7142857142857143,4,4,1,1,0.0,False,,False,False,insufficient_no_inter_region_projection_segments,"minimum_mappable_segments,minimum_unique_probes,minimum_unique_probe_asns,maximum_country_fallback_share",coastal_mainland_or_mixed,catalog_default_alpha2_rule,0.0,0.0,no_observed_inter_region_candidate_exposure,descriptive inter-region feasible-corridor candidate exposure; not actual cable use or traffic dependency,0.0,,,,unknown_corridor_observation_concentration,,,unknown_cross_layer_distribution_class
JO,G-Root,NA,NA,resolved_entry_only,0,0,0,,,,,,,0,,,0,0,0,0,,False,,False,False,insufficient_no_inter_region_projection_segments,"minimum_mappable_segments,minimum_unique_probes,minimum_unique_probe_asns,maximum_country_fallback_share",coastal_mainland_or_mixed,catalog_default_alpha2_rule,,,unknown_candidate_dependency_proxy,descriptive inter-region feasible-corridor candidate exposure; not actual cable use or traffic dependency,0.0,,,,unknown_corridor_observation_concentration,,,unknown_cross_layer_distribution_class
JP,G-Root,dns_root,anycast,all_publicly_visible,558,525,0,0.0,0.007168458781362007,0.0,0.0,0.0,0.007168458781362007,0,0.0,0.9408602150537635,291,118,1,1,0.0,True,,False,False,insufficient_no_inter_region_projection_segments,"minimum_mappable_segments,minimum_unique_probes,minimum_unique_probe_asns,maximum_country_fallback_share",island_or_archipelagic,catalog_island_or_archipelagic_list,0.0,0.0,no_observed_inter_region_candidate_exposure,descriptive inter-region feasible-corridor candidate exposure; not actual cable use or traffic dependency,0.0,,,,unknown_corridor_observation_concentration,,,unknown_cross_layer_distribution_class
JP,G-Root,NA,NA,resolved_entry_only,0,0,0,,,,,,,0,,,0,0,0,0,,False,,False,False,insufficient_no_inter_region_projection_segments,"minimum_mappable_segments,minimum_unique_probes,minimum_unique_probe_asns,maximum_country_fallback_share",island_or_archipelagic,catalog_island_or_archipelagic_list,,,unknown_candidate_dependency_proxy,descriptive inter-region feasible-corridor candidate exposure; not actual cable use or traffic dependency,0.0,,,,unknown_corridor_observation_concentration,,,unknown_cross_layer_distribution_class
KE,G-Root,dns_root,anycast,all_publicly_visible,31,29,0,0.0,0.1935483870967742,0.0,0.0,0.0,0.1935483870967742,0,0.0,0.9354838709677419,17,11,1,1,0.0,True,,False,False,insufficient_no_inter_region_projection_segments,"minimum_mappable_segments,minimum_unique_probes,minimum_unique_probe_asns,maximum_country_fallback_share",coastal_mainland_or_mixed,catalog_default_alpha2_rule,0.0,0.0,no_observed_inter_region_candidate_exposure,descriptive inter-region feasible-corridor candidate exposure; not actual cable use or traffic dependency,0.0,,,,unknown_corridor_observation_concentration,,,unknown_cross_layer_distribution_class
KE,G-Root,NA,NA,resolved_entry_only,0,0,0,,,,,,,0,,,0,0,0,0,,False,,False,False,insufficient_no_inter_region_projection_segments,"minimum_mappable_segments,minimum_unique_probes,minimum_unique_probe_asns,maximum_country_fallback_share",coastal_mainland_or_mixed,catalog_default_alpha2_rule,,,unknown_candidate_dependency_proxy,descriptive inter-region feasible-corridor candidate exposure; not actual cable use or traffic dependency,0.0,,,,unknown_corridor_observation_concentration,,,unknown_cross_layer_distribution_class
KG,G-Root,dns_root,anycast,all_publicly_visible,45,39,0,0.0,0.0,0.0,0.0,0.0,0.0,0,0.0,0.8666666666666667,23,12,1,1,0.0,True,,False,False,insufficient_no_inter_region_projection_segments,"minimum_mappable_segments,minimum_unique_probes,minimum_unique_probe_asns,maximum_country_fallback_share",landlocked,catalog_landlocked_list,0.0,0.0,no_observed_inter_region_candidate_exposure,descriptive inter-region feasible-corridor candidate exposure; not actual cable use or traffic dependency,0.0,,,,unknown_corridor_observation_concentration,,,unknown_cross_layer_distribution_class
KG,G-Root,NA,NA,resolved_entry_only,0,0,0,,,,,,,0,,,0,0,0,0,,False,,False,False,insufficient_no_inter_region_projection_segments,"minimum_mappable_segments,minimum_unique_probes,minimum_unique_probe_asns,maximum_country_fallback_share",landlocked,catalog_landlocked_list,,,unknown_candidate_dependency_proxy,descriptive inter-region feasible-corridor candidate exposure; not actual cable use or traffic dependency,0.0,,,,unknown_corridor_observation_concentration,,,unknown_cross_layer_distribution_class
KH,G-Root,dns_root,anycast,all_publicly_visible,14,12,4,0.2857142857142857,0.2857142857142857,0.2857142857142857,0.2857142857142857,0.0,0.2857142857142857,4,0.2857142857142857,0.8571428571428571,7,7,1,1,0.0,False,0.0,True,False,"insufficient_minimum_mappable_segments,minimum_unique_probes,minimum_unique_probe_asns","minimum_mappable_segments,minimum_unique_probes,minimum_unique_probe_asns",coastal_mainland_or_mixed,catalog_default_alpha2_rule,0.2857142857142857,0.3333333333333333,high_candidate_dependency_proxy,descriptive inter-region feasible-corridor candidate exposure; not actual cable use or traffic dependency,6.0,1.0,1.0,1.0,severe_corridor_observation_concentration,2.9999999999999996,weak_network_transition_concentration,network_broad_physical_concentrated
KH,G-Root,NA,NA,resolved_entry_only,0,0,0,,,,,,,0,,,0,0,0,0,,False,,False,False,insufficient_no_inter_region_projection_segments,"minimum_mappable_segments,minimum_unique_probes,minimum_unique_probe_asns,maximum_country_fallback_share",coastal_mainland_or_mixed,catalog_default_alpha2_rule,,,unknown_candidate_dependency_proxy,descriptive inter-region feasible-corridor candidate exposure; not actual cable use or traffic dependency,0.0,,,,unknown_corridor_observation_concentration,,,unknown_cross_layer_distribution_class
KI,G-Root,dns_root,anycast,all_publicly_visible,4,4,0,0.0,1.0,0.0,0.0,0.0,1.0,0,0.0,1.0,2,1,1,1,0.0,False,,False,False,insufficient_no_inter_region_projection_segments,"minimum_mappable_segments,minimum_unique_probes,minimum_unique_probe_asns,maximum_country_fallback_share",island_or_archipelagic,catalog_island_or_archipelagic_list,0.0,0.0,no_observed_inter_region_candidate_exposure,descriptive inter-region feasible-corridor candidate exposure; not actual cable use or traffic dependency,0.0,,,,unknown_corridor_observation_concentration,,,unknown_cross_layer_distribution_class
KI,G-Root,NA,NA,resolved_entry_only,0,0,0,,,,,,,0,,,0,0,0,0,,False,,False,False,insufficient_no_inter_region_projection_segments,"minimum_mappable_segments,minimum_unique_probes,minimum_unique_probe_asns,maximum_country_fallback_share",island_or_archipelagic,catalog_island_or_archipelagic_list,,,unknown_candidate_dependency_proxy,descriptive inter-region feasible-corridor candidate exposure; not actual cable use or traffic dependency,0.0,,,,unknown_corridor_observation_concentration,,,unknown_cross_layer_distribution_class
KN,G-Root,dns_root,anycast,all_publicly_visible,2,2,0,0.0,1.0,0.0,0.0,0.0,1.0,0,0.0,1.0,1,1,1,1,0.0,False,,False,False,insufficient_no_inter_region_projection_segments,"minimum_mappable_segments,minimum_unique_probes,minimum_unique_probe_asns,maximum_country_fallback_share",island_or_archipelagic,catalog_island_or_archipelagic_list,0.0,0.0,no_observed_inter_region_candidate_exposure,descriptive inter-region feasible-corridor candidate exposure; not actual cable use or traffic dependency,0.0,,,,unknown_corridor_observation_concentration,,,unknown_cross_layer_distribution_class
KN,G-Root,NA,NA,resolved_entry_only,0,0,0,,,,,,,0,,,0,0,0,0,,False,,False,False,insufficient_no_inter_region_projection_segments,"minimum_mappable_segments,minimum_unique_probes,minimum_unique_probe_asns,maximum_country_fallback_share",island_or_archipelagic,catalog_island_or_archipelagic_list,,,unknown_candidate_dependency_proxy,descriptive inter-region feasible-corridor candidate exposure; not actual cable use or traffic dependency,0.0,,,,unknown_corridor_observation_concentration,,,unknown_cross_layer_distribution_class
KR,G-Root,dns_root,anycast,all_publicly_visible,67,60,0,0.0,0.0,0.0,0.0,0.0,0.0,0,0.0,0.8955223880597015,35,14,1,1,0.0,True,,False,False,insufficient_no_inter_region_projection_segments,"minimum_mappable_segments,minimum_unique_probes,minimum_unique_probe_asns,maximum_country_fallback_share",coastal_mainland_or_mixed,catalog_default_alpha2_rule,0.0,0.0,no_observed_inter_region_candidate_exposure,descriptive inter-region feasible-corridor candidate exposure; not actual cable use or traffic dependency,0.0,,,,unknown_corridor_observation_concentration,,,unknown_cross_layer_distribution_class
KR,G-Root,NA,NA,resolved_entry_only,0,0,0,,,,,,,0,,,0,0,0,0,,False,,False,False,insufficient_no_inter_region_projection_segments,"minimum_mappable_segments,minimum_unique_probes,minimum_unique_probe_asns,maximum_country_fallback_share",coastal_mainland_or_mixed,catalog_default_alpha2_rule,,,unknown_candidate_dependency_proxy,descriptive inter-region feasible-corridor candidate exposure; not actual cable use or traffic dependency,0.0,,,,unknown_corridor_observation_concentration,,,unknown_cross_layer_distribution_class
KW,G-Root,dns_root,anycast,all_publicly_visible,4,2,0,0.0,0.0,0.0,0.0,0.0,0.0,0,0.0,0.5,2,2,1,1,0.0,False,,False,False,insufficient_no_inter_region_projection_segments,"minimum_mappable_segments,minimum_unique_probes,minimum_unique_probe_asns,maximum_country_fallback_share",coastal_mainland_or_mixed,catalog_default_alpha2_rule,0.0,0.0,no_observed_inter_region_candidate_exposure,descriptive inter-region feasible-corridor candidate exposure; not actual cable use or traffic dependency,0.0,,,,unknown_corridor_observation_concentration,,,unknown_cross_layer_distribution_class
KW,G-Root,NA,NA,resolved_entry_only,0,0,0,,,,,,,0,,,0,0,0,0,,False,,False,False,insufficient_no_inter_region_projection_segments,"minimum_mappable_segments,minimum_unique_probes,minimum_unique_probe_asns,maximum_country_fallback_share",coastal_mainland_or_mixed,catalog_default_alpha2_rule,,,unknown_candidate_dependency_proxy,descriptive inter-region feasible-corridor candidate exposure; not actual cable use or traffic dependency,0.0,,,,unknown_corridor_observation_concentration,,,unknown_cross_layer_distribution_class
KY,G-Root,dns_root,anycast,all_publicly_visible,1,1,1,1.0,1.0,1.0,0.0,1.0,0.0,1,1.0,1.0,1,1,1,1,0.0,False,0.0,True,False,"insufficient_minimum_mappable_segments,minimum_unique_probes,minimum_unique_probe_asns","minimum_mappable_segments,minimum_unique_probes,minimum_unique_probe_asns",island_or_archipelagic,catalog_island_or_archipelagic_list,1.0,1.0,very_high_candidate_dependency_proxy,descriptive inter-region feasible-corridor candidate exposure; not actual cable use or traffic dependency,1.0,1.0,1.0,1.0,severe_corridor_observation_concentration,1.0,severe_network_transition_concentration,network_and_physical_both_concentrated
KY,G-Root,NA,NA,resolved_entry_only,0,0,0,,,,,,,0,,,0,0,0,0,,False,,False,False,insufficient_no_inter_region_projection_segments,"minimum_mappable_segments,minimum_unique_probes,minimum_unique_probe_asns,maximum_country_fallback_share",island_or_archipelagic,catalog_island_or_archipelagic_list,,,unknown_candidate_dependency_proxy,descriptive inter-region feasible-corridor candidate exposure; not actual cable use or traffic dependency,0.0,,,,unknown_corridor_observation_concentration,,,unknown_cross_layer_distribution_class
KZ,G-Root,dns_root,anycast,all_publicly_visible,134,133,0,0.0,0.0,0.0,0.0,0.0,0.0,0,0.0,0.9925373134328358,73,23,1,1,0.0,True,,False,False,insufficient_no_inter_region_projection_segments,"minimum_mappable_segments,minimum_unique_probes,minimum_unique_probe_asns,maximum_country_fallback_share",landlocked,catalog_landlocked_list,0.0,0.0,no_observed_inter_region_candidate_exposure,descriptive inter-region feasible-corridor candidate exposure; not actual cable use or traffic dependency,0.0,,,,unknown_corridor_observation_concentration,,,unknown_cross_layer_distribution_class
KZ,G-Root,NA,NA,resolved_entry_only,0,0,0,,,,,,,0,,,0,0,0,0,,False,,False,False,insufficient_no_inter_region_projection_segments,"minimum_mappable_segments,minimum_unique_probes,minimum_unique_probe_asns,maximum_country_fallback_share",landlocked,catalog_landlocked_list,,,unknown_candidate_dependency_proxy,descriptive inter-region feasible-corridor candidate exposure; not actual cable use or traffic dependency,0.0,,,,unknown_corridor_observation_concentration,,,unknown_cross_layer_distribution_class
LA,G-Root,dns_root,anycast,all_publicly_visible,7,7,4,0.5714285714285714,0.5714285714285714,0.5714285714285714,0.5714285714285714,0.0,0.5714285714285714,4,0.5714285714285714,1.0,4,1,1,1,0.0,False,0.0,True,False,"insufficient_minimum_mappable_segments,minimum_unique_probes,minimum_unique_probe_asns","minimum_mappable_segments,minimum_unique_probes,minimum_unique_probe_asns",landlocked,catalog_landlocked_list,0.5714285714285714,0.5714285714285714,very_high_candidate_dependency_proxy,descriptive inter-region feasible-corridor candidate exposure; not actual cable use or traffic dependency,4.0,1.0,1.0,1.0,severe_corridor_observation_concentration,1.7547653506033232,moderate_network_transition_concentration,network_and_physical_both_concentrated
LA,G-Root,NA,NA,resolved_entry_only,0,0,0,,,,,,,0,,,0,0,0,0,,False,,False,False,insufficient_no_inter_region_projection_segments,"minimum_mappable_segments,minimum_unique_probes,minimum_unique_probe_asns,maximum_country_fallback_share",landlocked,catalog_landlocked_list,,,unknown_candidate_dependency_proxy,descriptive inter-region feasible-corridor candidate exposure; not actual cable use or traffic dependency,0.0,,,,unknown_corridor_observation_concentration,,,unknown_cross_layer_distribution_class
LB,G-Root,dns_root,anycast,all_publicly_visible,7,5,0,0.0,0.14285714285714285,0.0,0.0,0.0,0.14285714285714285,0,0.0,0.7142857142857143,4,4,1,1,0.0,False,,False,False,insufficient_no_inter_region_projection_segments,"minimum_mappable_segments,minimum_unique_probes,minimum_unique_probe_asns,maximum_country_fallback_share",coastal_mainland_or_mixed,catalog_default_alpha2_rule,0.0,0.0,no_observed_inter_region_candidate_exposure,descriptive inter-region feasible-corridor candidate exposure; not actual cable use or traffic dependency,0.0,,,,unknown_corridor_observation_concentration,,,unknown_cross_layer_distribution_class
LB,G-Root,NA,NA,resolved_entry_only,0,0,0,,,,,,,0,,,0,0,0,0,,False,,False,False,insufficient_no_inter_region_projection_segments,"minimum_mappable_segments,minimum_unique_probes,minimum_unique_probe_asns,maximum_country_fallback_share",coastal_mainland_or_mixed,catalog_default_alpha2_rule,,,unknown_candidate_dependency_proxy,descriptive inter-region feasible-corridor candidate exposure; not actual cable use or traffic dependency,0.0,,,,unknown_corridor_observation_concentration,,,unknown_cross_layer_distribution_class
LC,G-Root,dns_root,anycast,all_publicly_visible,4,4,3,0.75,0.75,0.75,0.25,0.75,0.25,3,0.75,1.0,2,1,1,1,0.0,False,0.0,True,False,"insufficient_minimum_mappable_segments,minimum_unique_probes,minimum_unique_probe_asns","minimum_mappable_segments,minimum_unique_probes,minimum_unique_probe_asns",island_or_archipelagic,catalog_island_or_archipelagic_list,0.75,0.75,very_high_candidate_dependency_proxy,descriptive inter-region feasible-corridor candidate exposure; not actual cable use or traffic dependency,4.0,0.75,1.0,1.7547653506033232,moderate_corridor_observation_concentration,1.7547653506033232,moderate_network_transition_concentration,network_and_physical_both_concentrated
LC,G-Root,NA,NA,resolved_entry_only,0,0,0,,,,,,,0,,,0,0,0,0,,False,,False,False,insufficient_no_inter_region_projection_segments,"minimum_mappable_segments,minimum_unique_probes,minimum_unique_probe_asns,maximum_country_fallback_share",island_or_archipelagic,catalog_island_or_archipelagic_list,,,unknown_candidate_dependency_proxy,descriptive inter-region feasible-corridor candidate exposure; not actual cable use or traffic dependency,0.0,,,,unknown_corridor_observation_concentration,,,unknown_cross_layer_distribution_class
LI,G-Root,dns_root,anycast,all_publicly_visible,4,4,0,0.0,0.0,0.0,0.0,0.0,0.0,0,0.0,1.0,3,3,1,1,0.0,False,,False,False,insufficient_no_inter_region_projection_segments,"minimum_mappable_segments,minimum_unique_probes,minimum_unique_probe_asns,maximum_country_fallback_share",landlocked,catalog_landlocked_list,0.0,0.0,no_observed_inter_region_candidate_exposure,descriptive inter-region feasible-corridor candidate exposure; not actual cable use or traffic dependency,0.0,,,,unknown_corridor_observation_concentration,,,unknown_cross_layer_distribution_class
LI,G-Root,NA,NA,resolved_entry_only,0,0,0,,,,,,,0,,,0,0,0,0,,False,,False,False,insufficient_no_inter_region_projection_segments,"minimum_mappable_segments,minimum_unique_probes,minimum_unique_probe_asns,maximum_country_fallback_share",landlocked,catalog_landlocked_list,,,unknown_candidate_dependency_proxy,descriptive inter-region feasible-corridor candidate exposure; not actual cable use or traffic dependency,0.0,,,,unknown_corridor_observation_concentration,,,unknown_cross_layer_distribution_class
LK,G-Root,dns_root,anycast,all_publicly_visible,26,24,22,0.8461538461538461,0.8461538461538461,0.8461538461538461,0.7692307692307693,0.8076923076923077,0.3076923076923077,22,0.8461538461538461,0.9230769230769231,13,6,1,1,0.0,False,0.0,True,True,auditable,,island_or_archipelagic,catalog_island_or_archipelagic_list,0.8461538461538461,0.9166666666666666,very_high_candidate_dependency_proxy,descriptive inter-region feasible-corridor candidate exposure; not actual cable use or traffic dependency,61.0,0.39344262295081966,0.8524590163934427,4.048693540024967,weak_corridor_observation_concentration,6.378398121639319,broad_network_transition_distribution,network_and_physical_both_broad
LK,G-Root,NA,NA,resolved_entry_only,0,0,0,,,,,,,0,,,0,0,0,0,,False,,False,False,insufficient_no_inter_region_projection_segments,"minimum_mappable_segments,minimum_unique_probes,minimum_unique_probe_asns,maximum_country_fallback_share",island_or_archipelagic,catalog_island_or_archipelagic_list,,,unknown_candidate_dependency_proxy,descriptive inter-region feasible-corridor candidate exposure; not actual cable use or traffic dependency,0.0,,,,unknown_corridor_observation_concentration,,,unknown_cross_layer_distribution_class
LR,G-Root,dns_root,anycast,all_publicly_visible,1,1,0,0.0,0.0,0.0,0.0,0.0,0.0,0,0.0,1.0,1,1,1,1,0.0,False,,False,False,insufficient_no_inter_region_projection_segments,"minimum_mappable_segments,minimum_unique_probes,minimum_unique_probe_asns,maximum_country_fallback_share",coastal_mainland_or_mixed,catalog_default_alpha2_rule,0.0,0.0,no_observed_inter_region_candidate_exposure,descriptive inter-region feasible-corridor candidate exposure; not actual cable use or traffic dependency,0.0,,,,unknown_corridor_observation_concentration,,,unknown_cross_layer_distribution_class
LR,G-Root,NA,NA,resolved_entry_only,0,0,0,,,,,,,0,,,0,0,0,0,,False,,False,False,insufficient_no_inter_region_projection_segments,"minimum_mappable_segments,minimum_unique_probes,minimum_unique_probe_asns,maximum_country_fallback_share",coastal_mainland_or_mixed,catalog_default_alpha2_rule,,,unknown_candidate_dependency_proxy,descriptive inter-region feasible-corridor candidate exposure; not actual cable use or traffic dependency,0.0,,,,unknown_corridor_observation_concentration,,,unknown_cross_layer_distribution_class
LS,G-Root,dns_root,anycast,all_publicly_visible,2,2,0,0.0,0.0,0.0,0.0,0.0,0.0,0,0.0,1.0,1,1,1,1,0.0,False,,False,False,insufficient_no_inter_region_projection_segments,"minimum_mappable_segments,minimum_unique_probes,minimum_unique_probe_asns,maximum_country_fallback_share",landlocked,catalog_landlocked_list,0.0,0.0,no_observed_inter_region_candidate_exposure,descriptive inter-region feasible-corridor candidate exposure; not actual cable use or traffic dependency,0.0,,,,unknown_corridor_observation_concentration,,,unknown_cross_layer_distribution_class
LS,G-Root,NA,NA,resolved_entry_only,0,0,0,,,,,,,0,,,0,0,0,0,,False,,False,False,insufficient_no_inter_region_projection_segments,"minimum_mappable_segments,minimum_unique_probes,minimum_unique_probe_asns,maximum_country_fallback_share",landlocked,catalog_landlocked_list,,,unknown_candidate_dependency_proxy,descriptive inter-region feasible-corridor candidate exposure; not actual cable use or traffic dependency,0.0,,,,unknown_corridor_observation_concentration,,,unknown_cross_layer_distribution_class
LT,G-Root,dns_root,anycast,all_publicly_visible,78,74,0,0.0,0.0,0.0,0.0,0.0,0.0,0,0.0,0.9487179487179487,43,25,1,1,0.0,True,,False,False,insufficient_no_inter_region_projection_segments,"minimum_mappable_segments,minimum_unique_probes,minimum_unique_probe_asns,maximum_country_fallback_share",coastal_mainland_or_mixed,catalog_default_alpha2_rule,0.0,0.0,no_observed_inter_region_candidate_exposure,descriptive inter-region feasible-corridor candidate exposure; not actual cable use or traffic dependency,0.0,,,,unknown_corridor_observation_concentration,,,unknown_cross_layer_distribution_class
LT,G-Root,NA,NA,resolved_entry_only,0,0,0,,,,,,,0,,,0,0,0,0,,False,,False,False,insufficient_no_inter_region_projection_segments,"minimum_mappable_segments,minimum_unique_probes,minimum_unique_probe_asns,maximum_country_fallback_share",coastal_mainland_or_mixed,catalog_default_alpha2_rule,,,unknown_candidate_dependency_proxy,descriptive inter-region feasible-corridor candidate exposure; not actual cable use or traffic dependency,0.0,,,,unknown_corridor_observation_concentration,,,unknown_cross_layer_distribution_class
LU,G-Root,dns_root,anycast,all_publicly_visible,91,87,0,0.0,0.0,0.0,0.0,0.0,0.0,0,0.0,0.9560439560439561,48,22,1,1,0.0,True,,False,False,insufficient_no_inter_region_projection_segments,"minimum_mappable_segments,minimum_unique_probes,minimum_unique_probe_asns,maximum_country_fallback_share",landlocked,catalog_landlocked_list,0.0,0.0,no_observed_inter_region_candidate_exposure,descriptive inter-region feasible-corridor candidate exposure; not actual cable use or traffic dependency,0.0,,,,unknown_corridor_observation_concentration,,,unknown_cross_layer_distribution_class
LU,G-Root,NA,NA,resolved_entry_only,0,0,0,,,,,,,0,,,0,0,0,0,,False,,False,False,insufficient_no_inter_region_projection_segments,"minimum_mappable_segments,minimum_unique_probes,minimum_unique_probe_asns,maximum_country_fallback_share",landlocked,catalog_landlocked_list,,,unknown_candidate_dependency_proxy,descriptive inter-region feasible-corridor candidate exposure; not actual cable use or traffic dependency,0.0,,,,unknown_corridor_observation_concentration,,,unknown_cross_layer_distribution_class
LV,G-Root,dns_root,anycast,all_publicly_visible,60,59,9,0.15,0.15,0.15,0.016666666666666666,0.13333333333333333,0.0,9,0.15,0.9833333333333333,31,21,1,1,0.0,True,0.0,True,False,"insufficient_minimum_mappable_segments,minimum_unique_probes","minimum_mappable_segments,minimum_unique_probes",coastal_mainland_or_mixed,catalog_default_alpha2_rule,0.15,0.15254237288135594,high_candidate_dependency_proxy,descriptive inter-region feasible-corridor candidate exposure; not actual cable use or traffic dependency,9.0,0.8888888888888888,1.0,1.4174111811317323,severe_corridor_observation_concentration,1.4174111811317323,severe_network_transition_concentration,network_and_physical_both_concentrated
LV,G-Root,NA,NA,resolved_entry_only,0,0,0,,,,,,,0,,,0,0,0,0,,False,,False,False,insufficient_no_inter_region_projection_segments,"minimum_mappable_segments,minimum_unique_probes,minimum_unique_probe_asns,maximum_country_fallback_share",coastal_mainland_or_mixed,catalog_default_alpha2_rule,,,unknown_candidate_dependency_proxy,descriptive inter-region feasible-corridor candidate exposure; not actual cable use or traffic dependency,0.0,,,,unknown_corridor_observation_concentration,,,unknown_cross_layer_distribution_class
MA,G-Root,dns_root,anycast,all_publicly_visible,2,2,0,0.0,0.0,0.0,0.0,0.0,0.0,0,0.0,1.0,1,1,1,1,0.0,False,,False,False,insufficient_no_inter_region_projection_segments,"minimum_mappable_segments,minimum_unique_probes,minimum_unique_probe_asns,maximum_country_fallback_share",coastal_mainland_or_mixed,catalog_default_alpha2_rule,0.0,0.0,no_observed_inter_region_candidate_exposure,descriptive inter-region feasible-corridor candidate exposure; not actual cable use or traffic dependency,0.0,,,,unknown_corridor_observation_concentration,,,unknown_cross_layer_distribution_class
MA,G-Root,NA,NA,resolved_entry_only,0,0,0,,,,,,,0,,,0,0,0,0,,False,,False,False,insufficient_no_inter_region_projection_segments,"minimum_mappable_segments,minimum_unique_probes,minimum_unique_probe_asns,maximum_country_fallback_share",coastal_mainland_or_mixed,catalog_default_alpha2_rule,,,unknown_candidate_dependency_proxy,descriptive inter-region feasible-corridor candidate exposure; not actual cable use or traffic dependency,0.0,,,,unknown_corridor_observation_concentration,,,unknown_cross_layer_distribution_class
MD,G-Root,dns_root,anycast,all_publicly_visible,48,48,0,0.0,0.0,0.0,0.0,0.0,0.0,0,0.0,1.0,26,14,1,1,0.0,True,,False,False,insufficient_no_inter_region_projection_segments,"minimum_mappable_segments,minimum_unique_probes,minimum_unique_probe_asns,maximum_country_fallback_share",landlocked,catalog_landlocked_list,0.0,0.0,no_observed_inter_region_candidate_exposure,descriptive inter-region feasible-corridor candidate exposure; not actual cable use or traffic dependency,0.0,,,,unknown_corridor_observation_concentration,,,unknown_cross_layer_distribution_class
MD,G-Root,NA,NA,resolved_entry_only,0,0,0,,,,,,,0,,,0,0,0,0,,False,,False,False,insufficient_no_inter_region_projection_segments,"minimum_mappable_segments,minimum_unique_probes,minimum_unique_probe_asns,maximum_country_fallback_share",landlocked,catalog_landlocked_list,,,unknown_candidate_dependency_proxy,descriptive inter-region feasible-corridor candidate exposure; not actual cable use or traffic dependency,0.0,,,,unknown_corridor_observation_concentration,,,unknown_cross_layer_distribution_class
ME,G-Root,dns_root,anycast,all_publicly_visible,12,12,0,0.0,0.0,0.0,0.0,0.0,0.0,0,0.0,1.0,6,5,1,1,0.0,False,,False,False,insufficient_no_inter_region_projection_segments,"minimum_mappable_segments,minimum_unique_probes,minimum_unique_probe_asns,maximum_country_fallback_share",coastal_mainland_or_mixed,catalog_default_alpha2_rule,0.0,0.0,no_observed_inter_region_candidate_exposure,descriptive inter-region feasible-corridor candidate exposure; not actual cable use or traffic dependency,0.0,,,,unknown_corridor_observation_concentration,,,unknown_cross_layer_distribution_class
ME,G-Root,NA,NA,resolved_entry_only,0,0,0,,,,,,,0,,,0,0,0,0,,False,,False,False,insufficient_no_inter_region_projection_segments,"minimum_mappable_segments,minimum_unique_probes,minimum_unique_probe_asns,maximum_country_fallback_share",coastal_mainland_or_mixed,catalog_default_alpha2_rule,,,unknown_candidate_dependency_proxy,descriptive inter-region feasible-corridor candidate exposure; not actual cable use or traffic dependency,0.0,,,,unknown_corridor_observation_concentration,,,unknown_cross_layer_distribution_class
MG,G-Root,dns_root,anycast,all_publicly_visible,4,4,0,0.0,0.0,0.0,0.0,0.0,0.0,0,0.0,1.0,2,1,1,1,0.0,False,,False,False,insufficient_no_inter_region_projection_segments,"minimum_mappable_segments,minimum_unique_probes,minimum_unique_probe_asns,maximum_country_fallback_share",island_or_archipelagic,catalog_island_or_archipelagic_list,0.0,0.0,no_observed_inter_region_candidate_exposure,descriptive inter-region feasible-corridor candidate exposure; not actual cable use or traffic dependency,0.0,,,,unknown_corridor_observation_concentration,,,unknown_cross_layer_distribution_class
MG,G-Root,NA,NA,resolved_entry_only,0,0,0,,,,,,,0,,,0,0,0,0,,False,,False,False,insufficient_no_inter_region_projection_segments,"minimum_mappable_segments,minimum_unique_probes,minimum_unique_probe_asns,maximum_country_fallback_share",island_or_archipelagic,catalog_island_or_archipelagic_list,,,unknown_candidate_dependency_proxy,descriptive inter-region feasible-corridor candidate exposure; not actual cable use or traffic dependency,0.0,,,,unknown_corridor_observation_concentration,,,unknown_cross_layer_distribution_class
MH,G-Root,dns_root,anycast,all_publicly_visible,2,2,0,0.0,0.0,0.0,0.0,0.0,0.0,0,0.0,1.0,1,1,1,1,0.0,False,,False,False,insufficient_no_inter_region_projection_segments,"minimum_mappable_segments,minimum_unique_probes,minimum_unique_probe_asns,maximum_country_fallback_share",island_or_archipelagic,catalog_island_or_archipelagic_list,0.0,0.0,no_observed_inter_region_candidate_exposure,descriptive inter-region feasible-corridor candidate exposure; not actual cable use or traffic dependency,0.0,,,,unknown_corridor_observation_concentration,,,unknown_cross_layer_distribution_class
MH,G-Root,NA,NA,resolved_entry_only,0,0,0,,,,,,,0,,,0,0,0,0,,False,,False,False,insufficient_no_inter_region_projection_segments,"minimum_mappable_segments,minimum_unique_probes,minimum_unique_probe_asns,maximum_country_fallback_share",island_or_archipelagic,catalog_island_or_archipelagic_list,,,unknown_candidate_dependency_proxy,descriptive inter-region feasible-corridor candidate exposure; not actual cable use or traffic dependency,0.0,,,,unknown_corridor_observation_concentration,,,unknown_cross_layer_distribution_class
MK,G-Root,dns_root,anycast,all_publicly_visible,25,23,0,0.0,0.0,0.0,0.0,0.0,0.0,0,0.0,0.92,13,10,1,1,0.0,False,,False,False,insufficient_no_inter_region_projection_segments,"minimum_mappable_segments,minimum_unique_probes,minimum_unique_probe_asns,maximum_country_fallback_share",landlocked,catalog_landlocked_list,0.0,0.0,no_observed_inter_region_candidate_exposure,descriptive inter-region feasible-corridor candidate exposure; not actual cable use or traffic dependency,0.0,,,,unknown_corridor_observation_concentration,,,unknown_cross_layer_distribution_class
MK,G-Root,NA,NA,resolved_entry_only,0,0,0,,,,,,,0,,,0,0,0,0,,False,,False,False,insufficient_no_inter_region_projection_segments,"minimum_mappable_segments,minimum_unique_probes,minimum_unique_probe_asns,maximum_country_fallback_share",landlocked,catalog_landlocked_list,,,unknown_candidate_dependency_proxy,descriptive inter-region feasible-corridor candidate exposure; not actual cable use or traffic dependency,0.0,,,,unknown_corridor_observation_concentration,,,unknown_cross_layer_distribution_class
ML,G-Root,dns_root,anycast,all_publicly_visible,2,2,2,1.0,1.0,1.0,0.0,1.0,1.0,2,1.0,1.0,1,1,1,1,0.0,False,0.0,True,False,"insufficient_minimum_mappable_segments,minimum_unique_probes,minimum_unique_probe_asns","minimum_mappable_segments,minimum_unique_probes,minimum_unique_probe_asns",landlocked,catalog_landlocked_list,1.0,1.0,very_high_candidate_dependency_proxy,descriptive inter-region feasible-corridor candidate exposure; not actual cable use or traffic dependency,2.0,1.0,1.0,1.0,severe_corridor_observation_concentration,1.0,severe_network_transition_concentration,network_and_physical_both_concentrated
ML,G-Root,NA,NA,resolved_entry_only,0,0,0,,,,,,,0,,,0,0,0,0,,False,,False,False,insufficient_no_inter_region_projection_segments,"minimum_mappable_segments,minimum_unique_probes,minimum_unique_probe_asns,maximum_country_fallback_share",landlocked,catalog_landlocked_list,,,unknown_candidate_dependency_proxy,descriptive inter-region feasible-corridor candidate exposure; not actual cable use or traffic dependency,0.0,,,,unknown_corridor_observation_concentration,,,unknown_cross_layer_distribution_class
MM,G-Root,dns_root,anycast,all_publicly_visible,4,4,4,1.0,1.0,1.0,1.0,0.75,1.0,4,1.0,1.0,3,3,1,1,0.0,False,0.0,True,False,"insufficient_minimum_mappable_segments,minimum_unique_probes","minimum_mappable_segments,minimum_unique_probes",coastal_mainland_or_mixed,catalog_default_alpha2_rule,1.0,1.0,very_high_candidate_dependency_proxy,descriptive inter-region feasible-corridor candidate exposure; not actual cable use or traffic dependency,11.0,0.7272727272727273,1.0,1.7967017416268891,moderate_corridor_observation_concentration,2.9744515192128187,weak_network_transition_concentration,network_broad_physical_concentrated
MM,G-Root,NA,NA,resolved_entry_only,0,0,0,,,,,,,0,,,0,0,0,0,,False,,False,False,insufficient_no_inter_region_projection_segments,"minimum_mappable_segments,minimum_unique_probes,minimum_unique_probe_asns,maximum_country_fallback_share",coastal_mainland_or_mixed,catalog_default_alpha2_rule,,,unknown_candidate_dependency_proxy,descriptive inter-region feasible-corridor candidate exposure; not actual cable use or traffic dependency,0.0,,,,unknown_corridor_observation_concentration,,,unknown_cross_layer_distribution_class
MN,G-Root,dns_root,anycast,all_publicly_visible,15,15,0,0.0,0.3333333333333333,0.0,0.0,0.0,0.3333333333333333,0,0.0,1.0,8,8,1,1,0.0,False,,False,False,insufficient_no_inter_region_projection_segments,"minimum_mappable_segments,minimum_unique_probes,minimum_unique_probe_asns,maximum_country_fallback_share",landlocked,catalog_landlocked_list,0.0,0.0,no_observed_inter_region_candidate_exposure,descriptive inter-region feasible-corridor candidate exposure; not actual cable use or traffic dependency,0.0,,,,unknown_corridor_observation_concentration,,,unknown_cross_layer_distribution_class
MN,G-Root,NA,NA,resolved_entry_only,0,0,0,,,,,,,0,,,0,0,0,0,,False,,False,False,insufficient_no_inter_region_projection_segments,"minimum_mappable_segments,minimum_unique_probes,minimum_unique_probe_asns,maximum_country_fallback_share",landlocked,catalog_landlocked_list,,,unknown_candidate_dependency_proxy,descriptive inter-region feasible-corridor candidate exposure; not actual cable use or traffic dependency,0.0,,,,unknown_corridor_observation_concentration,,,unknown_cross_layer_distribution_class
MP,G-Root,dns_root,anycast,all_publicly_visible,2,2,2,1.0,1.0,1.0,0.0,1.0,0.0,2,1.0,1.0,1,1,1,1,0.0,False,0.0,True,False,"insufficient_minimum_mappable_segments,minimum_unique_probes,minimum_unique_probe_asns","minimum_mappable_segments,minimum_unique_probes,minimum_unique_probe_asns",island_or_archipelagic,catalog_island_or_archipelagic_list,1.0,1.0,very_high_candidate_dependency_proxy,descriptive inter-region feasible-corridor candidate exposure; not actual cable use or traffic dependency,4.0,0.5,1.0,2.0,moderate_corridor_observation_concentration,1.0,severe_network_transition_concentration,network_and_physical_both_concentrated
MP,G-Root,NA,NA,resolved_entry_only,0,0,0,,,,,,,0,,,0,0,0,0,,False,,False,False,insufficient_no_inter_region_projection_segments,"minimum_mappable_segments,minimum_unique_probes,minimum_unique_probe_asns,maximum_country_fallback_share",island_or_archipelagic,catalog_island_or_archipelagic_list,,,unknown_candidate_dependency_proxy,descriptive inter-region feasible-corridor candidate exposure; not actual cable use or traffic dependency,0.0,,,,unknown_corridor_observation_concentration,,,unknown_cross_layer_distribution_class
MT,G-Root,dns_root,anycast,all_publicly_visible,17,17,4,0.23529411764705882,1.0,0.23529411764705882,0.0,0.23529411764705882,1.0,4,0.23529411764705882,1.0,9,3,1,1,0.0,False,0.0,True,False,"insufficient_minimum_mappable_segments,minimum_unique_probes,minimum_unique_probe_asns","minimum_mappable_segments,minimum_unique_probes,minimum_unique_probe_asns",island_or_archipelagic,catalog_island_or_archipelagic_list,0.23529411764705882,0.23529411764705882,high_candidate_dependency_proxy,descriptive inter-region feasible-corridor candidate exposure; not actual cable use or traffic dependency,4.0,1.0,1.0,1.0,severe_corridor_observation_concentration,1.0,severe_network_transition_concentration,network_and_physical_both_concentrated
MT,G-Root,NA,NA,resolved_entry_only,0,0,0,,,,,,,0,,,0,0,0,0,,False,,False,False,insufficient_no_inter_region_projection_segments,"minimum_mappable_segments,minimum_unique_probes,minimum_unique_probe_asns,maximum_country_fallback_share",island_or_archipelagic,catalog_island_or_archipelagic_list,,,unknown_candidate_dependency_proxy,descriptive inter-region feasible-corridor candidate exposure; not actual cable use or traffic dependency,0.0,,,,unknown_corridor_observation_concentration,,,unknown_cross_layer_distribution_class
MU,G-Root,dns_root,anycast,all_publicly_visible,15,14,6,0.4,0.6666666666666666,0.4,0.4,0.0,0.6666666666666666,6,0.4,0.9333333333333333,8,4,1,1,0.0,False,0.0,True,False,"insufficient_minimum_mappable_segments,minimum_unique_probes,minimum_unique_probe_asns","minimum_mappable_segments,minimum_unique_probes,minimum_unique_probe_asns",island_or_archipelagic,catalog_island_or_archipelagic_list,0.4,0.42857142857142855,very_high_candidate_dependency_proxy,descriptive inter-region feasible-corridor candidate exposure; not actual cable use or traffic dependency,11.0,1.0,1.0,1.0,severe_corridor_observation_concentration,1.9917412148051292,moderate_network_transition_concentration,network_and_physical_both_concentrated
MU,G-Root,NA,NA,resolved_entry_only,0,0,0,,,,,,,0,,,0,0,0,0,,False,,False,False,insufficient_no_inter_region_projection_segments,"minimum_mappable_segments,minimum_unique_probes,minimum_unique_probe_asns,maximum_country_fallback_share",island_or_archipelagic,catalog_island_or_archipelagic_list,,,unknown_candidate_dependency_proxy,descriptive inter-region feasible-corridor candidate exposure; not actual cable use or traffic dependency,0.0,,,,unknown_corridor_observation_concentration,,,unknown_cross_layer_distribution_class
MV,G-Root,dns_root,anycast,all_publicly_visible,22,22,22,1.0,1.0,1.0,1.0,0.8181818181818182,1.0,22,1.0,1.0,12,4,1,1,0.0,False,0.0,True,True,auditable,,island_or_archipelagic,catalog_island_or_archipelagic_list,1.0,1.0,very_high_candidate_dependency_proxy,descriptive inter-region feasible-corridor candidate exposure; not actual cable use or traffic dependency,63.0,0.6984126984126984,0.9841269841269841,2.0869230292591214,moderate_corridor_observation_concentration,3.1283568751499646,moderate_network_transition_concentration,network_and_physical_both_concentrated
MV,G-Root,NA,NA,resolved_entry_only,0,0,0,,,,,,,0,,,0,0,0,0,,False,,False,False,insufficient_no_inter_region_projection_segments,"minimum_mappable_segments,minimum_unique_probes,minimum_unique_probe_asns,maximum_country_fallback_share",island_or_archipelagic,catalog_island_or_archipelagic_list,,,unknown_candidate_dependency_proxy,descriptive inter-region feasible-corridor candidate exposure; not actual cable use or traffic dependency,0.0,,,,unknown_corridor_observation_concentration,,,unknown_cross_layer_distribution_class
MW,G-Root,dns_root,anycast,all_publicly_visible,2,2,0,0.0,0.0,0.0,0.0,0.0,0.0,0,0.0,1.0,1,1,1,1,0.0,False,,False,False,insufficient_no_inter_region_projection_segments,"minimum_mappable_segments,minimum_unique_probes,minimum_unique_probe_asns,maximum_country_fallback_share",landlocked,catalog_landlocked_list,0.0,0.0,no_observed_inter_region_candidate_exposure,descriptive inter-region feasible-corridor candidate exposure; not actual cable use or traffic dependency,0.0,,,,unknown_corridor_observation_concentration,,,unknown_cross_layer_distribution_class
MW,G-Root,NA,NA,resolved_entry_only,0,0,0,,,,,,,0,,,0,0,0,0,,False,,False,False,insufficient_no_inter_region_projection_segments,"minimum_mappable_segments,minimum_unique_probes,minimum_unique_probe_asns,maximum_country_fallback_share",landlocked,catalog_landlocked_list,,,unknown_candidate_dependency_proxy,descriptive inter-region feasible-corridor candidate exposure; not actual cable use or traffic dependency,0.0,,,,unknown_corridor_observation_concentration,,,unknown_cross_layer_distribution_class
MX,G-Root,dns_root,anycast,all_publicly_visible,107,101,8,0.07476635514018691,0.07476635514018691,0.07476635514018691,0.037383177570093455,0.037383177570093455,0.037383177570093455,8,0.07476635514018691,0.9439252336448598,58,27,1,1,0.0,True,0.0,True,False,"insufficient_minimum_mappable_segments,minimum_unique_probes","minimum_mappable_segments,minimum_unique_probes",coastal_mainland_or_mixed,catalog_default_alpha2_rule,0.07476635514018691,0.07920792079207921,moderate_candidate_dependency_proxy,descriptive inter-region feasible-corridor candidate exposure; not actual cable use or traffic dependency,10.0,0.6,1.0,1.9601317042077895,moderate_corridor_observation_concentration,1.9601317042077895,moderate_network_transition_concentration,network_and_physical_both_concentrated
MX,G-Root,NA,NA,resolved_entry_only,0,0,0,,,,,,,0,,,0,0,0,0,,False,,False,False,insufficient_no_inter_region_projection_segments,"minimum_mappable_segments,minimum_unique_probes,minimum_unique_probe_asns,maximum_country_fallback_share",coastal_mainland_or_mixed,catalog_default_alpha2_rule,,,unknown_candidate_dependency_proxy,descriptive inter-region feasible-corridor candidate exposure; not actual cable use or traffic dependency,0.0,,,,unknown_corridor_observation_concentration,,,unknown_cross_layer_distribution_class
MY,G-Root,dns_root,anycast,all_publicly_visible,70,68,25,0.35714285714285715,0.35714285714285715,0.35714285714285715,0.32857142857142857,0.05714285714285714,0.35714285714285715,25,0.35714285714285715,0.9714285714285714,36,20,1,1,0.0,True,0.0,True,True,auditable,,coastal_mainland_or_mixed,catalog_default_alpha2_rule,0.35714285714285715,0.36764705882352944,very_high_candidate_dependency_proxy,descriptive inter-region feasible-corridor candidate exposure; not actual cable use or traffic dependency,48.0,0.9166666666666666,1.0,1.4114227639742036,severe_corridor_observation_concentration,7.6252992186198245,broad_network_transition_distribution,network_broad_physical_concentrated
MY,G-Root,NA,NA,resolved_entry_only,0,0,0,,,,,,,0,,,0,0,0,0,,False,,False,False,insufficient_no_inter_region_projection_segments,"minimum_mappable_segments,minimum_unique_probes,minimum_unique_probe_asns,maximum_country_fallback_share",coastal_mainland_or_mixed,catalog_default_alpha2_rule,,,unknown_candidate_dependency_proxy,descriptive inter-region feasible-corridor candidate exposure; not actual cable use or traffic dependency,0.0,,,,unknown_corridor_observation_concentration,,,unknown_cross_layer_distribution_class
MZ,G-Root,dns_root,anycast,all_publicly_visible,6,6,2,0.3333333333333333,0.3333333333333333,0.3333333333333333,0.0,0.3333333333333333,0.0,2,0.3333333333333333,1.0,3,3,1,1,0.0,False,0.0,True,False,"insufficient_minimum_mappable_segments,minimum_unique_probes,minimum_unique_probe_asns","minimum_mappable_segments,minimum_unique_probes,minimum_unique_probe_asns",coastal_mainland_or_mixed,catalog_default_alpha2_rule,0.3333333333333333,0.3333333333333333,very_high_candidate_dependency_proxy,descriptive inter-region feasible-corridor candidate exposure; not actual cable use or traffic dependency,2.0,1.0,1.0,1.0,severe_corridor_observation_concentration,1.0,severe_network_transition_concentration,network_and_physical_both_concentrated
MZ,G-Root,NA,NA,resolved_entry_only,0,0,0,,,,,,,0,,,0,0,0,0,,False,,False,False,insufficient_no_inter_region_projection_segments,"minimum_mappable_segments,minimum_unique_probes,minimum_unique_probe_asns,maximum_country_fallback_share",coastal_mainland_or_mixed,catalog_default_alpha2_rule,,,unknown_candidate_dependency_proxy,descriptive inter-region feasible-corridor candidate exposure; not actual cable use or traffic dependency,0.0,,,,unknown_corridor_observation_concentration,,,unknown_cross_layer_distribution_class
NA,G-Root,dns_root,anycast,all_publicly_visible,8,8,0,0.0,0.0,0.0,0.0,0.0,0.0,0,0.0,1.0,4,3,1,1,0.0,False,,False,False,insufficient_no_inter_region_projection_segments,"minimum_mappable_segments,minimum_unique_probes,minimum_unique_probe_asns,maximum_country_fallback_share",unknown,unclassified_or_missing_country_code,0.0,0.0,no_observed_inter_region_candidate_exposure,descriptive inter-region feasible-corridor candidate exposure; not actual cable use or traffic dependency,0.0,,,,unknown_corridor_observation_concentration,,,unknown_cross_layer_distribution_class
NA,G-Root,NA,NA,resolved_entry_only,0,0,0,,,,,,,0,,,0,0,0,0,,False,,False,False,insufficient_no_inter_region_projection_segments,"minimum_mappable_segments,minimum_unique_probes,minimum_unique_probe_asns,maximum_country_fallback_share",unknown,unclassified_or_missing_country_code,,,unknown_candidate_dependency_proxy,descriptive inter-region feasible-corridor candidate exposure; not actual cable use or traffic dependency,0.0,,,,unknown_corridor_observation_concentration,,,unknown_cross_layer_distribution_class
NC,G-Root,dns_root,anycast,all_publicly_visible,9,9,9,1.0,1.0,1.0,0.6666666666666666,1.0,1.0,9,1.0,1.0,5,2,1,1,0.0,False,0.4,False,False,"insufficient_minimum_mappable_segments,minimum_unique_probes,minimum_unique_probe_asns,maximum_country_fallback_share","minimum_mappable_segments,minimum_unique_probes,minimum_unique_probe_asns,maximum_country_fallback_share",island_or_archipelagic,catalog_island_or_archipelagic_list,1.0,1.0,very_high_candidate_dependency_proxy,descriptive inter-region feasible-corridor candidate exposure; not actual cable use or traffic dependency,15.0,0.6,1.0,1.9601317042077895,moderate_corridor_observation_concentration,1.9601317042077895,moderate_network_transition_concentration,network_and_physical_both_concentrated
NC,G-Root,NA,NA,resolved_entry_only,0,0,0,,,,,,,0,,,0,0,0,0,,False,,False,False,insufficient_no_inter_region_projection_segments,"minimum_mappable_segments,minimum_unique_probes,minimum_unique_probe_asns,maximum_country_fallback_share",island_or_archipelagic,catalog_island_or_archipelagic_list,,,unknown_candidate_dependency_proxy,descriptive inter-region feasible-corridor candidate exposure; not actual cable use or traffic dependency,0.0,,,,unknown_corridor_observation_concentration,,,unknown_cross_layer_distribution_class
NG,G-Root,dns_root,anycast,all_publicly_visible,18,18,6,0.3333333333333333,0.3888888888888889,0.3333333333333333,0.0,0.3333333333333333,0.05555555555555555,6,0.3333333333333333,1.0,10,6,1,1,0.0,False,0.0,True,False,"insufficient_minimum_mappable_segments,minimum_unique_probes","minimum_mappable_segments,minimum_unique_probes",coastal_mainland_or_mixed,catalog_default_alpha2_rule,0.3333333333333333,0.3333333333333333,very_high_candidate_dependency_proxy,descriptive inter-region feasible-corridor candidate exposure; not actual cable use or traffic dependency,6.0,0.6666666666666666,1.0,1.8898815748423097,moderate_corridor_observation_concentration,3.77976314968462,weak_network_transition_concentration,network_broad_physical_concentrated
NG,G-Root,NA,NA,resolved_entry_only,0,0,0,,,,,,,0,,,0,0,0,0,,False,,False,False,insufficient_no_inter_region_projection_segments,"minimum_mappable_segments,minimum_unique_probes,minimum_unique_probe_asns,maximum_country_fallback_share",coastal_mainland_or_mixed,catalog_default_alpha2_rule,,,unknown_candidate_dependency_proxy,descriptive inter-region feasible-corridor candidate exposure; not actual cable use or traffic dependency,0.0,,,,unknown_corridor_observation_concentration,,,unknown_cross_layer_distribution_class
NI,G-Root,dns_root,anycast,all_publicly_visible,13,9,0,0.0,0.0,0.0,0.0,0.0,0.0,0,0.0,0.6923076923076923,7,5,1,1,0.0,False,,False,False,insufficient_no_inter_region_projection_segments,"minimum_mappable_segments,minimum_unique_probes,minimum_unique_probe_asns,maximum_country_fallback_share",coastal_mainland_or_mixed,catalog_default_alpha2_rule,0.0,0.0,no_observed_inter_region_candidate_exposure,descriptive inter-region feasible-corridor candidate exposure; not actual cable use or traffic dependency,0.0,,,,unknown_corridor_observation_concentration,,,unknown_cross_layer_distribution_class
NI,G-Root,NA,NA,resolved_entry_only,0,0,0,,,,,,,0,,,0,0,0,0,,False,,False,False,insufficient_no_inter_region_projection_segments,"minimum_mappable_segments,minimum_unique_probes,minimum_unique_probe_asns,maximum_country_fallback_share",coastal_mainland_or_mixed,catalog_default_alpha2_rule,,,unknown_candidate_dependency_proxy,descriptive inter-region feasible-corridor candidate exposure; not actual cable use or traffic dependency,0.0,,,,unknown_corridor_observation_concentration,,,unknown_cross_layer_distribution_class
NL,G-Root,dns_root,anycast,all_publicly_visible,1272,1189,0,0.0,0.0,0.0,0.0,0.0,0.0,0,0.0,0.934748427672956,669,185,1,1,0.0,True,,False,False,insufficient_no_inter_region_projection_segments,"minimum_mappable_segments,minimum_unique_probes,minimum_unique_probe_asns,maximum_country_fallback_share",coastal_mainland_or_mixed,catalog_default_alpha2_rule,0.0,0.0,no_observed_inter_region_candidate_exposure,descriptive inter-region feasible-corridor candidate exposure; not actual cable use or traffic dependency,0.0,,,,unknown_corridor_observation_concentration,,,unknown_cross_layer_distribution_class
NL,G-Root,NA,NA,resolved_entry_only,0,0,0,,,,,,,0,,,0,0,0,0,,False,,False,False,insufficient_no_inter_region_projection_segments,"minimum_mappable_segments,minimum_unique_probes,minimum_unique_probe_asns,maximum_country_fallback_share",coastal_mainland_or_mixed,catalog_default_alpha2_rule,,,unknown_candidate_dependency_proxy,descriptive inter-region feasible-corridor candidate exposure; not actual cable use or traffic dependency,0.0,,,,unknown_corridor_observation_concentration,,,unknown_cross_layer_distribution_class
NO,G-Root,dns_root,anycast,all_publicly_visible,177,166,138,0.7796610169491526,0.8361581920903954,0.7796610169491526,0.7796610169491526,0.0,0.2542372881355932,138,0.7796610169491526,0.9378531073446328,93,35,1,1,0.0,True,0.0,True,True,auditable,,coastal_mainland_or_mixed,catalog_default_alpha2_rule,0.7796610169491526,0.8313253012048193,very_high_candidate_dependency_proxy,descriptive inter-region feasible-corridor candidate exposure; not actual cable use or traffic dependency,334.0,0.7684630738522955,0.8512974051896208,2.9261970535040907,moderate_corridor_observation_concentration,14.724607123209944,broad_network_transition_distribution,network_broad_physical_concentrated
NO,G-Root,NA,NA,resolved_entry_only,0,0,0,,,,,,,0,,,0,0,0,0,,False,,False,False,insufficient_no_inter_region_projection_segments,"minimum_mappable_segments,minimum_unique_probes,minimum_unique_probe_asns,maximum_country_fallback_share",coastal_mainland_or_mixed,catalog_default_alpha2_rule,,,unknown_candidate_dependency_proxy,descriptive inter-region feasible-corridor candidate exposure; not actual cable use or traffic dependency,0.0,,,,unknown_corridor_observation_concentration,,,unknown_cross_layer_distribution_class
NP,G-Root,dns_root,anycast,all_publicly_visible,30,30,14,0.4666666666666667,0.4666666666666667,0.4666666666666667,0.26666666666666666,0.2,0.26666666666666666,14,0.4666666666666667,1.0,16,10,1,1,0.0,True,0.21428571428571427,True,False,insufficient_minimum_mappable_segments,minimum_mappable_segments,landlocked,catalog_landlocked_list,0.4666666666666667,0.4666666666666667,very_high_candidate_dependency_proxy,descriptive inter-region feasible-corridor candidate exposure; not actual cable use or traffic dependency,14.0,0.5714285714285714,0.8214285714285714,3.542733534249978,weak_corridor_observation_concentration,2.6643794589577685,weak_network_transition_concentration,network_and_physical_both_concentrated
NP,G-Root,NA,NA,resolved_entry_only,0,0,0,,,,,,,0,,,0,0,0,0,,False,,False,False,insufficient_no_inter_region_projection_segments,"minimum_mappable_segments,minimum_unique_probes,minimum_unique_probe_asns,maximum_country_fallback_share",landlocked,catalog_landlocked_list,,,unknown_candidate_dependency_proxy,descriptive inter-region feasible-corridor candidate exposure; not actual cable use or traffic dependency,0.0,,,,unknown_corridor_observation_concentration,,,unknown_cross_layer_distribution_class
NU,G-Root,dns_root,anycast,all_publicly_visible,2,2,2,1.0,1.0,1.0,0.0,1.0,1.0,2,1.0,1.0,1,1,1,1,0.0,False,0.0,True,False,"insufficient_minimum_mappable_segments,minimum_unique_probes,minimum_unique_probe_asns","minimum_mappable_segments,minimum_unique_probes,minimum_unique_probe_asns",island_or_archipelagic,catalog_island_or_archipelagic_list,1.0,1.0,very_high_candidate_dependency_proxy,descriptive inter-region feasible-corridor candidate exposure; not actual cable use or traffic dependency,2.0,1.0,1.0,1.0,severe_corridor_observation_concentration,1.0,severe_network_transition_concentration,network_and_physical_both_concentrated
NU,G-Root,NA,NA,resolved_entry_only,0,0,0,,,,,,,0,,,0,0,0,0,,False,,False,False,insufficient_no_inter_region_projection_segments,"minimum_mappable_segments,minimum_unique_probes,minimum_unique_probe_asns,maximum_country_fallback_share",island_or_archipelagic,catalog_island_or_archipelagic_list,,,unknown_candidate_dependency_proxy,descriptive inter-region feasible-corridor candidate exposure; not actual cable use or traffic dependency,0.0,,,,unknown_corridor_observation_concentration,,,unknown_cross_layer_distribution_class
NZ,G-Root,dns_root,anycast,all_publicly_visible,220,215,135,0.6136363636363636,0.9090909090909091,0.6136363636363636,0.29545454545454547,0.4863636363636364,0.8545454545454545,135,0.6136363636363636,0.9772727272727273,115,35,1,1,0.0,True,0.0,True,True,auditable,,island_or_archipelagic,catalog_island_or_archipelagic_list,0.6136363636363636,0.627906976744186,very_high_candidate_dependency_proxy,descriptive inter-region feasible-corridor candidate exposure; not actual cable use or traffic dependency,288.0,0.3402777777777778,0.65625,6.5058823088951705,broad_corridor_observation_distribution,8.32276438339704,broad_network_transition_distribution,network_and_physical_both_broad
NZ,G-Root,NA,NA,resolved_entry_only,0,0,0,,,,,,,0,,,0,0,0,0,,False,,False,False,insufficient_no_inter_region_projection_segments,"minimum_mappable_segments,minimum_unique_probes,minimum_unique_probe_asns,maximum_country_fallback_share",island_or_archipelagic,catalog_island_or_archipelagic_list,,,unknown_candidate_dependency_proxy,descriptive inter-region feasible-corridor candidate exposure; not actual cable use or traffic dependency,0.0,,,,unknown_corridor_observation_concentration,,,unknown_cross_layer_distribution_class
OM,G-Root,dns_root,anycast,all_publicly_visible,3,3,3,1.0,1.0,1.0,0.0,1.0,0.0,3,1.0,1.0,2,2,1,1,0.0,False,0.0,True,False,"insufficient_minimum_mappable_segments,minimum_unique_probes,minimum_unique_probe_asns","minimum_mappable_segments,minimum_unique_probes,minimum_unique_probe_asns",coastal_mainland_or_mixed,catalog_default_alpha2_rule,1.0,1.0,very_high_candidate_dependency_proxy,descriptive inter-region feasible-corridor candidate exposure; not actual cable use or traffic dependency,5.0,1.0,1.0,1.0,severe_corridor_observation_concentration,1.9601317042077895,moderate_network_transition_concentration,network_and_physical_both_concentrated
OM,G-Root,NA,NA,resolved_entry_only,0,0,0,,,,,,,0,,,0,0,0,0,,False,,False,False,insufficient_no_inter_region_projection_segments,"minimum_mappable_segments,minimum_unique_probes,minimum_unique_probe_asns,maximum_country_fallback_share",coastal_mainland_or_mixed,catalog_default_alpha2_rule,,,unknown_candidate_dependency_proxy,descriptive inter-region feasible-corridor candidate exposure; not actual cable use or traffic dependency,0.0,,,,unknown_corridor_observation_concentration,,,unknown_cross_layer_distribution_class
PA,G-Root,dns_root,anycast,all_publicly_visible,41,39,4,0.0975609756097561,0.0975609756097561,0.0975609756097561,0.04878048780487805,0.04878048780487805,0.0,4,0.0975609756097561,0.9512195121951219,22,10,1,1,0.0,True,0.0,True,False,"insufficient_minimum_mappable_segments,minimum_unique_probes,minimum_unique_probe_asns","minimum_mappable_segments,minimum_unique_probes,minimum_unique_probe_asns",coastal_mainland_or_mixed,catalog_default_alpha2_rule,0.0975609756097561,0.10256410256410256,moderate_candidate_dependency_proxy,descriptive inter-region feasible-corridor candidate exposure; not actual cable use or traffic dependency,4.0,0.5,1.0,2.0,moderate_corridor_observation_concentration,2.82842712474619,weak_network_transition_concentration,network_broad_physical_concentrated
PA,G-Root,NA,NA,resolved_entry_only,0,0,0,,,,,,,0,,,0,0,0,0,,False,,False,False,insufficient_no_inter_region_projection_segments,"minimum_mappable_segments,minimum_unique_probes,minimum_unique_probe_asns,maximum_country_fallback_share",coastal_mainland_or_mixed,catalog_default_alpha2_rule,,,unknown_candidate_dependency_proxy,descriptive inter-region feasible-corridor candidate exposure; not actual cable use or traffic dependency,0.0,,,,unknown_corridor_observation_concentration,,,unknown_cross_layer_distribution_class
PE,G-Root,dns_root,anycast,all_publicly_visible,42,41,2,0.047619047619047616,0.047619047619047616,0.047619047619047616,0.023809523809523808,0.023809523809523808,0.0,2,0.047619047619047616,0.9761904761904762,23,18,1,1,0.0,True,0.0,True,False,"insufficient_minimum_mappable_segments,minimum_unique_probes,minimum_unique_probe_asns","minimum_mappable_segments,minimum_unique_probes,minimum_unique_probe_asns",coastal_mainland_or_mixed,catalog_default_alpha2_rule,0.047619047619047616,0.04878048780487805,low_candidate_dependency_proxy,descriptive inter-region feasible-corridor candidate exposure; not actual cable use or traffic dependency,2.0,0.5,1.0,2.0,moderate_corridor_observation_concentration,2.0,moderate_network_transition_concentration,network_and_physical_both_concentrated
PE,G-Root,NA,NA,resolved_entry_only,0,0,0,,,,,,,0,,,0,0,0,0,,False,,False,False,insufficient_no_inter_region_projection_segments,"minimum_mappable_segments,minimum_unique_probes,minimum_unique_probe_asns,maximum_country_fallback_share",coastal_mainland_or_mixed,catalog_default_alpha2_rule,,,unknown_candidate_dependency_proxy,descriptive inter-region feasible-corridor candidate exposure; not actual cable use or traffic dependency,0.0,,,,unknown_corridor_observation_concentration,,,unknown_cross_layer_distribution_class
PF,G-Root,dns_root,anycast,all_publicly_visible,12,12,0,0.0,0.0,0.0,0.0,0.0,0.0,0,0.0,1.0,6,1,1,1,0.0,False,,False,False,insufficient_no_inter_region_projection_segments,"minimum_mappable_segments,minimum_unique_probes,minimum_unique_probe_asns,maximum_country_fallback_share",island_or_archipelagic,catalog_island_or_archipelagic_list,0.0,0.0,no_observed_inter_region_candidate_exposure,descriptive inter-region feasible-corridor candidate exposure; not actual cable use or traffic dependency,0.0,,,,unknown_corridor_observation_concentration,,,unknown_cross_layer_distribution_class
PF,G-Root,NA,NA,resolved_entry_only,0,0,0,,,,,,,0,,,0,0,0,0,,False,,False,False,insufficient_no_inter_region_projection_segments,"minimum_mappable_segments,minimum_unique_probes,minimum_unique_probe_asns,maximum_country_fallback_share",island_or_archipelagic,catalog_island_or_archipelagic_list,,,unknown_candidate_dependency_proxy,descriptive inter-region feasible-corridor candidate exposure; not actual cable use or traffic dependency,0.0,,,,unknown_corridor_observation_concentration,,,unknown_cross_layer_distribution_class
PG,G-Root,dns_root,anycast,all_publicly_visible,2,2,2,1.0,1.0,1.0,0.0,1.0,1.0,2,1.0,1.0,1,1,1,1,0.0,False,0.0,True,False,"insufficient_minimum_mappable_segments,minimum_unique_probes,minimum_unique_probe_asns","minimum_mappable_segments,minimum_unique_probes,minimum_unique_probe_asns",island_or_archipelagic,catalog_island_or_archipelagic_list,1.0,1.0,very_high_candidate_dependency_proxy,descriptive inter-region feasible-corridor candidate exposure; not actual cable use or traffic dependency,2.0,1.0,1.0,1.0,severe_corridor_observation_concentration,1.0,severe_network_transition_concentration,network_and_physical_both_concentrated
PG,G-Root,NA,NA,resolved_entry_only,0,0,0,,,,,,,0,,,0,0,0,0,,False,,False,False,insufficient_no_inter_region_projection_segments,"minimum_mappable_segments,minimum_unique_probes,minimum_unique_probe_asns,maximum_country_fallback_share",island_or_archipelagic,catalog_island_or_archipelagic_list,,,unknown_candidate_dependency_proxy,descriptive inter-region feasible-corridor candidate exposure; not actual cable use or traffic dependency,0.0,,,,unknown_corridor_observation_concentration,,,unknown_cross_layer_distribution_class
PH,G-Root,dns_root,anycast,all_publicly_visible,124,119,42,0.3387096774193548,0.4274193548387097,0.3387096774193548,0.21774193548387097,0.25,0.27419354838709675,42,0.3387096774193548,0.9596774193548387,66,35,1,1,0.0,True,0.0,True,True,auditable,,island_or_archipelagic,catalog_island_or_archipelagic_list,0.3387096774193548,0.35294117647058826,very_high_candidate_dependency_proxy,descriptive inter-region feasible-corridor candidate exposure; not actual cable use or traffic dependency,84.0,0.5,0.8333333333333334,4.232961580867114,weak_corridor_observation_concentration,19.793058039872147,broad_network_transition_distribution,network_and_physical_both_broad
PH,G-Root,NA,NA,resolved_entry_only,0,0,0,,,,,,,0,,,0,0,0,0,,False,,False,False,insufficient_no_inter_region_projection_segments,"minimum_mappable_segments,minimum_unique_probes,minimum_unique_probe_asns,maximum_country_fallback_share",island_or_archipelagic,catalog_island_or_archipelagic_list,,,unknown_candidate_dependency_proxy,descriptive inter-region feasible-corridor candidate exposure; not actual cable use or traffic dependency,0.0,,,,unknown_corridor_observation_concentration,,,unknown_cross_layer_distribution_class
PK,G-Root,dns_root,anycast,all_publicly_visible,24,16,7,0.2916666666666667,0.2916666666666667,0.2916666666666667,0.0,0.2916666666666667,0.0,7,0.2916666666666667,0.6666666666666666,13,9,1,1,0.0,False,1.0,False,False,"insufficient_minimum_mappable_segments,minimum_unique_probes,maximum_country_fallback_share","minimum_mappable_segments,minimum_unique_probes,maximum_country_fallback_share",coastal_mainland_or_mixed,catalog_default_alpha2_rule,0.2916666666666667,0.4375,high_candidate_dependency_proxy,descriptive inter-region feasible-corridor candidate exposure; not actual cable use or traffic dependency,7.0,1.0,1.0,1.0,severe_corridor_observation_concentration,1.0,severe_network_transition_concentration,network_and_physical_both_concentrated
PK,G-Root,NA,NA,resolved_entry_only,0,0,0,,,,,,,0,,,0,0,0,0,,False,,False,False,insufficient_no_inter_region_projection_segments,"minimum_mappable_segments,minimum_unique_probes,minimum_unique_probe_asns,maximum_country_fallback_share",coastal_mainland_or_mixed,catalog_default_alpha2_rule,,,unknown_candidate_dependency_proxy,descriptive inter-region feasible-corridor candidate exposure; not actual cable use or traffic dependency,0.0,,,,unknown_corridor_observation_concentration,,,unknown_cross_layer_distribution_class
PL,G-Root,dns_root,anycast,all_publicly_visible,434,415,0,0.0,0.0,0.0,0.0,0.0,0.0,0,0.0,0.956221198156682,233,132,1,1,0.0,True,,False,False,insufficient_no_inter_region_projection_segments,"minimum_mappable_segments,minimum_unique_probes,minimum_unique_probe_asns,maximum_country_fallback_share",coastal_mainland_or_mixed,catalog_default_alpha2_rule,0.0,0.0,no_observed_inter_region_candidate_exposure,descriptive inter-region feasible-corridor candidate exposure; not actual cable use or traffic dependency,0.0,,,,unknown_corridor_observation_concentration,,,unknown_cross_layer_distribution_class
PL,G-Root,NA,NA,resolved_entry_only,0,0,0,,,,,,,0,,,0,0,0,0,,False,,False,False,insufficient_no_inter_region_projection_segments,"minimum_mappable_segments,minimum_unique_probes,minimum_unique_probe_asns,maximum_country_fallback_share",coastal_mainland_or_mixed,catalog_default_alpha2_rule,,,unknown_candidate_dependency_proxy,descriptive inter-region feasible-corridor candidate exposure; not actual cable use or traffic dependency,0.0,,,,unknown_corridor_observation_concentration,,,unknown_cross_layer_distribution_class
PR,G-Root,dns_root,anycast,all_publicly_visible,4,4,4,1.0,1.0,1.0,0.0,1.0,1.0,4,1.0,1.0,2,2,1,1,0.0,False,0.0,True,False,"insufficient_minimum_mappable_segments,minimum_unique_probes,minimum_unique_probe_asns","minimum_mappable_segments,minimum_unique_probes,minimum_unique_probe_asns",island_or_archipelagic,catalog_island_or_archipelagic_list,1.0,1.0,very_high_candidate_dependency_proxy,descriptive inter-region feasible-corridor candidate exposure; not actual cable use or traffic dependency,4.0,1.0,1.0,1.0,severe_corridor_observation_concentration,2.0,moderate_network_transition_concentration,network_and_physical_both_concentrated
PR,G-Root,NA,NA,resolved_entry_only,0,0,0,,,,,,,0,,,0,0,0,0,,False,,False,False,insufficient_no_inter_region_projection_segments,"minimum_mappable_segments,minimum_unique_probes,minimum_unique_probe_asns,maximum_country_fallback_share",island_or_archipelagic,catalog_island_or_archipelagic_list,,,unknown_candidate_dependency_proxy,descriptive inter-region feasible-corridor candidate exposure; not actual cable use or traffic dependency,0.0,,,,unknown_corridor_observation_concentration,,,unknown_cross_layer_distribution_class
PS,G-Root,dns_root,anycast,all_publicly_visible,2,2,0,0.0,0.0,0.0,0.0,0.0,0.0,0,0.0,1.0,1,1,1,1,0.0,False,,False,False,insufficient_no_inter_region_projection_segments,"minimum_mappable_segments,minimum_unique_probes,minimum_unique_probe_asns,maximum_country_fallback_share",coastal_mainland_or_mixed,catalog_default_alpha2_rule,0.0,0.0,no_observed_inter_region_candidate_exposure,descriptive inter-region feasible-corridor candidate exposure; not actual cable use or traffic dependency,0.0,,,,unknown_corridor_observation_concentration,,,unknown_cross_layer_distribution_class
PS,G-Root,NA,NA,resolved_entry_only,0,0,0,,,,,,,0,,,0,0,0,0,,False,,False,False,insufficient_no_inter_region_projection_segments,"minimum_mappable_segments,minimum_unique_probes,minimum_unique_probe_asns,maximum_country_fallback_share",coastal_mainland_or_mixed,catalog_default_alpha2_rule,,,unknown_candidate_dependency_proxy,descriptive inter-region feasible-corridor candidate exposure; not actual cable use or traffic dependency,0.0,,,,unknown_corridor_observation_concentration,,,unknown_cross_layer_distribution_class
PT,G-Root,dns_root,anycast,all_publicly_visible,195,184,0,0.0,0.4461538461538462,0.0,0.0,0.0,0.4461538461538462,0,0.0,0.9435897435897436,105,23,1,1,0.0,True,,False,False,insufficient_no_inter_region_projection_segments,"minimum_mappable_segments,minimum_unique_probes,minimum_unique_probe_asns,maximum_country_fallback_share",coastal_mainland_or_mixed,catalog_default_alpha2_rule,0.0,0.0,no_observed_inter_region_candidate_exposure,descriptive inter-region feasible-corridor candidate exposure; not actual cable use or traffic dependency,0.0,,,,unknown_corridor_observation_concentration,,,unknown_cross_layer_distribution_class
PT,G-Root,NA,NA,resolved_entry_only,0,0,0,,,,,,,0,,,0,0,0,0,,False,,False,False,insufficient_no_inter_region_projection_segments,"minimum_mappable_segments,minimum_unique_probes,minimum_unique_probe_asns,maximum_country_fallback_share",coastal_mainland_or_mixed,catalog_default_alpha2_rule,,,unknown_candidate_dependency_proxy,descriptive inter-region feasible-corridor candidate exposure; not actual cable use or traffic dependency,0.0,,,,unknown_corridor_observation_concentration,,,unknown_cross_layer_distribution_class
PW,G-Root,dns_root,anycast,all_publicly_visible,2,2,0,0.0,0.0,0.0,0.0,0.0,0.0,0,0.0,1.0,1,1,1,1,0.0,False,,False,False,insufficient_no_inter_region_projection_segments,"minimum_mappable_segments,minimum_unique_probes,minimum_unique_probe_asns,maximum_country_fallback_share",island_or_archipelagic,catalog_island_or_archipelagic_list,0.0,0.0,no_observed_inter_region_candidate_exposure,descriptive inter-region feasible-corridor candidate exposure; not actual cable use or traffic dependency,0.0,,,,unknown_corridor_observation_concentration,,,unknown_cross_layer_distribution_class
PW,G-Root,NA,NA,resolved_entry_only,0,0,0,,,,,,,0,,,0,0,0,0,,False,,False,False,insufficient_no_inter_region_projection_segments,"minimum_mappable_segments,minimum_unique_probes,minimum_unique_probe_asns,maximum_country_fallback_share",island_or_archipelagic,catalog_island_or_archipelagic_list,,,unknown_candidate_dependency_proxy,descriptive inter-region feasible-corridor candidate exposure; not actual cable use or traffic dependency,0.0,,,,unknown_corridor_observation_concentration,,,unknown_cross_layer_distribution_class
PY,G-Root,dns_root,anycast,all_publicly_visible,21,19,0,0.0,0.0,0.0,0.0,0.0,0.0,0,0.0,0.9047619047619048,11,8,1,1,0.0,False,,False,False,insufficient_no_inter_region_projection_segments,"minimum_mappable_segments,minimum_unique_probes,minimum_unique_probe_asns,maximum_country_fallback_share",landlocked,catalog_landlocked_list,0.0,0.0,no_observed_inter_region_candidate_exposure,descriptive inter-region feasible-corridor candidate exposure; not actual cable use or traffic dependency,0.0,,,,unknown_corridor_observation_concentration,,,unknown_cross_layer_distribution_class
PY,G-Root,NA,NA,resolved_entry_only,0,0,0,,,,,,,0,,,0,0,0,0,,False,,False,False,insufficient_no_inter_region_projection_segments,"minimum_mappable_segments,minimum_unique_probes,minimum_unique_probe_asns,maximum_country_fallback_share",landlocked,catalog_landlocked_list,,,unknown_candidate_dependency_proxy,descriptive inter-region feasible-corridor candidate exposure; not actual cable use or traffic dependency,0.0,,,,unknown_corridor_observation_concentration,,,unknown_cross_layer_distribution_class
QA,G-Root,dns_root,anycast,all_publicly_visible,2,2,2,1.0,1.0,1.0,0.0,1.0,0.0,2,1.0,1.0,1,1,1,1,0.0,False,0.0,True,False,"insufficient_minimum_mappable_segments,minimum_unique_probes,minimum_unique_probe_asns","minimum_mappable_segments,minimum_unique_probes,minimum_unique_probe_asns",coastal_mainland_or_mixed,catalog_default_alpha2_rule,1.0,1.0,very_high_candidate_dependency_proxy,descriptive inter-region feasible-corridor candidate exposure; not actual cable use or traffic dependency,2.0,1.0,1.0,1.0,severe_corridor_observation_concentration,1.0,severe_network_transition_concentration,network_and_physical_both_concentrated
QA,G-Root,NA,NA,resolved_entry_only,0,0,0,,,,,,,0,,,0,0,0,0,,False,,False,False,insufficient_no_inter_region_projection_segments,"minimum_mappable_segments,minimum_unique_probes,minimum_unique_probe_asns,maximum_country_fallback_share",coastal_mainland_or_mixed,catalog_default_alpha2_rule,,,unknown_candidate_dependency_proxy,descriptive inter-region feasible-corridor candidate exposure; not actual cable use or traffic dependency,0.0,,,,unknown_corridor_observation_concentration,,,unknown_cross_layer_distribution_class
RE,G-Root,dns_root,anycast,all_publicly_visible,103,103,0,0.0,0.02912621359223301,0.0,0.0,0.0,0.02912621359223301,0,0.0,1.0,52,5,1,1,0.0,True,,False,False,insufficient_no_inter_region_projection_segments,"minimum_mappable_segments,minimum_unique_probes,minimum_unique_probe_asns,maximum_country_fallback_share",island_or_archipelagic,catalog_island_or_archipelagic_list,0.0,0.0,no_observed_inter_region_candidate_exposure,descriptive inter-region feasible-corridor candidate exposure; not actual cable use or traffic dependency,0.0,,,,unknown_corridor_observation_concentration,,,unknown_cross_layer_distribution_class
RE,G-Root,NA,NA,resolved_entry_only,0,0,0,,,,,,,0,,,0,0,0,0,,False,,False,False,insufficient_no_inter_region_projection_segments,"minimum_mappable_segments,minimum_unique_probes,minimum_unique_probe_asns,maximum_country_fallback_share",island_or_archipelagic,catalog_island_or_archipelagic_list,,,unknown_candidate_dependency_proxy,descriptive inter-region feasible-corridor candidate exposure; not actual cable use or traffic dependency,0.0,,,,unknown_corridor_observation_concentration,,,unknown_cross_layer_distribution_class
RO,G-Root,dns_root,anycast,all_publicly_visible,164,158,0,0.0,0.0,0.0,0.0,0.0,0.0,0,0.0,0.9634146341463414,89,47,1,1,0.0,True,,False,False,insufficient_no_inter_region_projection_segments,"minimum_mappable_segments,minimum_unique_probes,minimum_unique_probe_asns,maximum_country_fallback_share",coastal_mainland_or_mixed,catalog_default_alpha2_rule,0.0,0.0,no_observed_inter_region_candidate_exposure,descriptive inter-region feasible-corridor candidate exposure; not actual cable use or traffic dependency,0.0,,,,unknown_corridor_observation_concentration,,,unknown_cross_layer_distribution_class
RO,G-Root,NA,NA,resolved_entry_only,0,0,0,,,,,,,0,,,0,0,0,0,,False,,False,False,insufficient_no_inter_region_projection_segments,"minimum_mappable_segments,minimum_unique_probes,minimum_unique_probe_asns,maximum_country_fallback_share",coastal_mainland_or_mixed,catalog_default_alpha2_rule,,,unknown_candidate_dependency_proxy,descriptive inter-region feasible-corridor candidate exposure; not actual cable use or traffic dependency,0.0,,,,unknown_corridor_observation_concentration,,,unknown_cross_layer_distribution_class
RS,G-Root,dns_root,anycast,all_publicly_visible,97,93,0,0.0,0.0,0.0,0.0,0.0,0.0,0,0.0,0.9587628865979382,51,21,1,1,0.0,True,,False,False,insufficient_no_inter_region_projection_segments,"minimum_mappable_segments,minimum_unique_probes,minimum_unique_probe_asns,maximum_country_fallback_share",landlocked,catalog_landlocked_list,0.0,0.0,no_observed_inter_region_candidate_exposure,descriptive inter-region feasible-corridor candidate exposure; not actual cable use or traffic dependency,0.0,,,,unknown_corridor_observation_concentration,,,unknown_cross_layer_distribution_class
RS,G-Root,NA,NA,resolved_entry_only,0,0,0,,,,,,,0,,,0,0,0,0,,False,,False,False,insufficient_no_inter_region_projection_segments,"minimum_mappable_segments,minimum_unique_probes,minimum_unique_probe_asns,maximum_country_fallback_share",landlocked,catalog_landlocked_list,,,unknown_candidate_dependency_proxy,descriptive inter-region feasible-corridor candidate exposure; not actual cable use or traffic dependency,0.0,,,,unknown_corridor_observation_concentration,,,unknown_cross_layer_distribution_class
RU,G-Root,dns_root,anycast,all_publicly_visible,975,903,56,0.057435897435897436,0.06256410256410257,0.057435897435897436,0.0,0.057435897435897436,0.005128205128205128,56,0.057435897435897436,0.9261538461538461,520,309,1,1,0.0,True,0.0,True,True,auditable,,coastal_mainland_or_mixed,catalog_default_alpha2_rule,0.057435897435897436,0.06201550387596899,moderate_candidate_dependency_proxy,descriptive inter-region feasible-corridor candidate exposure; not actual cable use or traffic dependency,56.0,0.9107142857142857,1.0,1.3510500493803155,severe_corridor_observation_concentration,1.3510500493803155,severe_network_transition_concentration,network_and_physical_both_concentrated
RU,G-Root,NA,NA,resolved_entry_only,0,0,0,,,,,,,0,,,0,0,0,0,,False,,False,False,insufficient_no_inter_region_projection_segments,"minimum_mappable_segments,minimum_unique_probes,minimum_unique_probe_asns,maximum_country_fallback_share",coastal_mainland_or_mixed,catalog_default_alpha2_rule,,,unknown_candidate_dependency_proxy,descriptive inter-region feasible-corridor candidate exposure; not actual cable use or traffic dependency,0.0,,,,unknown_corridor_observation_concentration,,,unknown_cross_layer_distribution_class
RW,G-Root,dns_root,anycast,all_publicly_visible,2,2,0,0.0,0.0,0.0,0.0,0.0,0.0,0,0.0,1.0,1,1,1,1,0.0,False,,False,False,insufficient_no_inter_region_projection_segments,"minimum_mappable_segments,minimum_unique_probes,minimum_unique_probe_asns,maximum_country_fallback_share",landlocked,catalog_landlocked_list,0.0,0.0,no_observed_inter_region_candidate_exposure,descriptive inter-region feasible-corridor candidate exposure; not actual cable use or traffic dependency,0.0,,,,unknown_corridor_observation_concentration,,,unknown_cross_layer_distribution_class
RW,G-Root,NA,NA,resolved_entry_only,0,0,0,,,,,,,0,,,0,0,0,0,,False,,False,False,insufficient_no_inter_region_projection_segments,"minimum_mappable_segments,minimum_unique_probes,minimum_unique_probe_asns,maximum_country_fallback_share",landlocked,catalog_landlocked_list,,,unknown_candidate_dependency_proxy,descriptive inter-region feasible-corridor candidate exposure; not actual cable use or traffic dependency,0.0,,,,unknown_corridor_observation_concentration,,,unknown_cross_layer_distribution_class
SA,G-Root,dns_root,anycast,all_publicly_visible,46,38,1,0.021739130434782608,0.021739130434782608,0.021739130434782608,0.0,0.021739130434782608,0.0,1,0.021739130434782608,0.8260869565217391,24,12,1,1,0.0,True,0.0,True,False,"insufficient_minimum_mappable_segments,minimum_unique_probes,minimum_unique_probe_asns","minimum_mappable_segments,minimum_unique_probes,minimum_unique_probe_asns",coastal_mainland_or_mixed,catalog_default_alpha2_rule,0.021739130434782608,0.02631578947368421,low_candidate_dependency_proxy,descriptive inter-region feasible-corridor candidate exposure; not actual cable use or traffic dependency,1.0,1.0,1.0,1.0,severe_corridor_observation_concentration,1.0,severe_network_transition_concentration,network_and_physical_both_concentrated
SA,G-Root,NA,NA,resolved_entry_only,0,0,0,,,,,,,0,,,0,0,0,0,,False,,False,False,insufficient_no_inter_region_projection_segments,"minimum_mappable_segments,minimum_unique_probes,minimum_unique_probe_asns,maximum_country_fallback_share",coastal_mainland_or_mixed,catalog_default_alpha2_rule,,,unknown_candidate_dependency_proxy,descriptive inter-region feasible-corridor candidate exposure; not actual cable use or traffic dependency,0.0,,,,unknown_corridor_observation_concentration,,,unknown_cross_layer_distribution_class
SE,G-Root,dns_root,anycast,all_publicly_visible,437,409,33,0.07551487414187644,0.2379862700228833,0.07551487414187644,0.07551487414187644,0.0,0.19679633867276888,33,0.07551487414187644,0.9359267734553776,233,78,1,1,0.0,True,0.0,True,True,auditable,,coastal_mainland_or_mixed,catalog_default_alpha2_rule,0.07551487414187644,0.08068459657701711,moderate_candidate_dependency_proxy,descriptive inter-region feasible-corridor candidate exposure; not actual cable use or traffic dependency,39.0,0.9230769230769231,1.0,1.377337105555524,severe_corridor_observation_concentration,5.786242025471523,broad_network_transition_distribution,network_broad_physical_concentrated
SE,G-Root,NA,NA,resolved_entry_only,0,0,0,,,,,,,0,,,0,0,0,0,,False,,False,False,insufficient_no_inter_region_projection_segments,"minimum_mappable_segments,minimum_unique_probes,minimum_unique_probe_asns,maximum_country_fallback_share",coastal_mainland_or_mixed,catalog_default_alpha2_rule,,,unknown_candidate_dependency_proxy,descriptive inter-region feasible-corridor candidate exposure; not actual cable use or traffic dependency,0.0,,,,unknown_corridor_observation_concentration,,,unknown_cross_layer_distribution_class
SG,G-Root,dns_root,anycast,all_publicly_visible,283,266,202,0.7137809187279152,0.7137809187279152,0.7137809187279152,0.7067137809187279,0.08833922261484099,0.7137809187279152,202,0.7137809187279152,0.9399293286219081,150,67,1,1,0.0,True,0.0014285714285714286,True,True,auditable,,island_or_archipelagic,catalog_island_or_archipelagic_list,0.7137809187279152,0.7593984962406015,very_high_candidate_dependency_proxy,descriptive inter-region feasible-corridor candidate exposure; not actual cable use or traffic dependency,700.0,0.9628571428571429,1.0,1.1839164091050487,severe_corridor_observation_concentration,37.66739697433343,broad_network_transition_distribution,network_broad_physical_concentrated
SG,G-Root,NA,NA,resolved_entry_only,0,0,0,,,,,,,0,,,0,0,0,0,,False,,False,False,insufficient_no_inter_region_projection_segments,"minimum_mappable_segments,minimum_unique_probes,minimum_unique_probe_asns,maximum_country_fallback_share",island_or_archipelagic,catalog_island_or_archipelagic_list,,,unknown_candidate_dependency_proxy,descriptive inter-region feasible-corridor candidate exposure; not actual cable use or traffic dependency,0.0,,,,unknown_corridor_observation_concentration,,,unknown_cross_layer_distribution_class
SI,G-Root,dns_root,anycast,all_publicly_visible,90,78,0,0.0,0.0,0.0,0.0,0.0,0.0,0,0.0,0.8666666666666667,49,22,1,1,0.0,True,,False,False,insufficient_no_inter_region_projection_segments,"minimum_mappable_segments,minimum_unique_probes,minimum_unique_probe_asns,maximum_country_fallback_share",coastal_mainland_or_mixed,catalog_default_alpha2_rule,0.0,0.0,no_observed_inter_region_candidate_exposure,descriptive inter-region feasible-corridor candidate exposure; not actual cable use or traffic dependency,0.0,,,,unknown_corridor_observation_concentration,,,unknown_cross_layer_distribution_class
SI,G-Root,NA,NA,resolved_entry_only,0,0,0,,,,,,,0,,,0,0,0,0,,False,,False,False,insufficient_no_inter_region_projection_segments,"minimum_mappable_segments,minimum_unique_probes,minimum_unique_probe_asns,maximum_country_fallback_share",coastal_mainland_or_mixed,catalog_default_alpha2_rule,,,unknown_candidate_dependency_proxy,descriptive inter-region feasible-corridor candidate exposure; not actual cable use or traffic dependency,0.0,,,,unknown_corridor_observation_concentration,,,unknown_cross_layer_distribution_class
SK,G-Root,dns_root,anycast,all_publicly_visible,107,99,0,0.0,0.0,0.0,0.0,0.0,0.0,0,0.0,0.9252336448598131,56,22,1,1,0.0,True,,False,False,insufficient_no_inter_region_projection_segments,"minimum_mappable_segments,minimum_unique_probes,minimum_unique_probe_asns,maximum_country_fallback_share",landlocked,catalog_landlocked_list,0.0,0.0,no_observed_inter_region_candidate_exposure,descriptive inter-region feasible-corridor candidate exposure; not actual cable use or traffic dependency,0.0,,,,unknown_corridor_observation_concentration,,,unknown_cross_layer_distribution_class
SK,G-Root,NA,NA,resolved_entry_only,0,0,0,,,,,,,0,,,0,0,0,0,,False,,False,False,insufficient_no_inter_region_projection_segments,"minimum_mappable_segments,minimum_unique_probes,minimum_unique_probe_asns,maximum_country_fallback_share",landlocked,catalog_landlocked_list,,,unknown_candidate_dependency_proxy,descriptive inter-region feasible-corridor candidate exposure; not actual cable use or traffic dependency,0.0,,,,unknown_corridor_observation_concentration,,,unknown_cross_layer_distribution_class
SL,G-Root,dns_root,anycast,all_publicly_visible,4,2,2,0.5,0.5,0.5,0.0,0.5,0.0,2,0.5,0.5,2,2,1,1,0.0,False,0.0,True,False,"insufficient_minimum_mappable_segments,minimum_unique_probes,minimum_unique_probe_asns","minimum_mappable_segments,minimum_unique_probes,minimum_unique_probe_asns",coastal_mainland_or_mixed,catalog_default_alpha2_rule,0.5,1.0,very_high_candidate_dependency_proxy,descriptive inter-region feasible-corridor candidate exposure; not actual cable use or traffic dependency,2.0,1.0,1.0,1.0,severe_corridor_observation_concentration,1.0,severe_network_transition_concentration,network_and_physical_both_concentrated
SL,G-Root,NA,NA,resolved_entry_only,0,0,0,,,,,,,0,,,0,0,0,0,,False,,False,False,insufficient_no_inter_region_projection_segments,"minimum_mappable_segments,minimum_unique_probes,minimum_unique_probe_asns,maximum_country_fallback_share",coastal_mainland_or_mixed,catalog_default_alpha2_rule,,,unknown_candidate_dependency_proxy,descriptive inter-region feasible-corridor candidate exposure; not actual cable use or traffic dependency,0.0,,,,unknown_corridor_observation_concentration,,,unknown_cross_layer_distribution_class
SM,G-Root,dns_root,anycast,all_publicly_visible,2,2,0,0.0,0.0,0.0,0.0,0.0,0.0,0,0.0,1.0,1,1,1,1,0.0,False,,False,False,insufficient_no_inter_region_projection_segments,"minimum_mappable_segments,minimum_unique_probes,minimum_unique_probe_asns,maximum_country_fallback_share",landlocked,catalog_landlocked_list,0.0,0.0,no_observed_inter_region_candidate_exposure,descriptive inter-region feasible-corridor candidate exposure; not actual cable use or traffic dependency,0.0,,,,unknown_corridor_observation_concentration,,,unknown_cross_layer_distribution_class
SM,G-Root,NA,NA,resolved_entry_only,0,0,0,,,,,,,0,,,0,0,0,0,,False,,False,False,insufficient_no_inter_region_projection_segments,"minimum_mappable_segments,minimum_unique_probes,minimum_unique_probe_asns,maximum_country_fallback_share",landlocked,catalog_landlocked_list,,,unknown_candidate_dependency_proxy,descriptive inter-region feasible-corridor candidate exposure; not actual cable use or traffic dependency,0.0,,,,unknown_corridor_observation_concentration,,,unknown_cross_layer_distribution_class
SN,G-Root,dns_root,anycast,all_publicly_visible,4,4,2,0.5,0.5,0.5,0.0,0.5,0.0,2,0.5,1.0,2,2,1,1,0.0,False,0.0,True,False,"insufficient_minimum_mappable_segments,minimum_unique_probes,minimum_unique_probe_asns","minimum_mappable_segments,minimum_unique_probes,minimum_unique_probe_asns",coastal_mainland_or_mixed,catalog_default_alpha2_rule,0.5,0.5,very_high_candidate_dependency_proxy,descriptive inter-region feasible-corridor candidate exposure; not actual cable use or traffic dependency,2.0,1.0,1.0,1.0,severe_corridor_observation_concentration,1.0,severe_network_transition_concentration,network_and_physical_both_concentrated
SN,G-Root,NA,NA,resolved_entry_only,0,0,0,,,,,,,0,,,0,0,0,0,,False,,False,False,insufficient_no_inter_region_projection_segments,"minimum_mappable_segments,minimum_unique_probes,minimum_unique_probe_asns,maximum_country_fallback_share",coastal_mainland_or_mixed,catalog_default_alpha2_rule,,,unknown_candidate_dependency_proxy,descriptive inter-region feasible-corridor candidate exposure; not actual cable use or traffic dependency,0.0,,,,unknown_corridor_observation_concentration,,,unknown_cross_layer_distribution_class
SR,G-Root,dns_root,anycast,all_publicly_visible,1,1,1,1.0,1.0,1.0,0.0,1.0,0.0,1,1.0,1.0,1,1,1,1,0.0,False,0.0,True,False,"insufficient_minimum_mappable_segments,minimum_unique_probes,minimum_unique_probe_asns","minimum_mappable_segments,minimum_unique_probes,minimum_unique_probe_asns",coastal_mainland_or_mixed,catalog_default_alpha2_rule,1.0,1.0,very_high_candidate_dependency_proxy,descriptive inter-region feasible-corridor candidate exposure; not actual cable use or traffic dependency,1.0,1.0,1.0,1.0,severe_corridor_observation_concentration,1.0,severe_network_transition_concentration,network_and_physical_both_concentrated
SR,G-Root,NA,NA,resolved_entry_only,0,0,0,,,,,,,0,,,0,0,0,0,,False,,False,False,insufficient_no_inter_region_projection_segments,"minimum_mappable_segments,minimum_unique_probes,minimum_unique_probe_asns,maximum_country_fallback_share",coastal_mainland_or_mixed,catalog_default_alpha2_rule,,,unknown_candidate_dependency_proxy,descriptive inter-region feasible-corridor candidate exposure; not actual cable use or traffic dependency,0.0,,,,unknown_corridor_observation_concentration,,,unknown_cross_layer_distribution_class
SS,G-Root,dns_root,anycast,all_publicly_visible,2,2,0,0.0,1.0,0.0,0.0,0.0,1.0,0,0.0,1.0,1,1,1,1,0.0,False,,False,False,insufficient_no_inter_region_projection_segments,"minimum_mappable_segments,minimum_unique_probes,minimum_unique_probe_asns,maximum_country_fallback_share",landlocked,catalog_landlocked_list,0.0,0.0,no_observed_inter_region_candidate_exposure,descriptive inter-region feasible-corridor candidate exposure; not actual cable use or traffic dependency,0.0,,,,unknown_corridor_observation_concentration,,,unknown_cross_layer_distribution_class
SS,G-Root,NA,NA,resolved_entry_only,0,0,0,,,,,,,0,,,0,0,0,0,,False,,False,False,insufficient_no_inter_region_projection_segments,"minimum_mappable_segments,minimum_unique_probes,minimum_unique_probe_asns,maximum_country_fallback_share",landlocked,catalog_landlocked_list,,,unknown_candidate_dependency_proxy,descriptive inter-region feasible-corridor candidate exposure; not actual cable use or traffic dependency,0.0,,,,unknown_corridor_observation_concentration,,,unknown_cross_layer_distribution_class
SV,G-Root,dns_root,anycast,all_publicly_visible,27,21,2,0.07407407407407407,0.07407407407407407,0.07407407407407407,0.0,0.07407407407407407,0.0,2,0.07407407407407407,0.7777777777777778,15,10,1,1,0.0,False,0.0,True,False,"insufficient_minimum_mappable_segments,minimum_unique_probes,minimum_unique_probe_asns","minimum_mappable_segments,minimum_unique_probes,minimum_unique_probe_asns",coastal_mainland_or_mixed,catalog_default_alpha2_rule,0.07407407407407407,0.09523809523809523,moderate_candidate_dependency_proxy,descriptive inter-region feasible-corridor candidate exposure; not actual cable use or traffic dependency,2.0,1.0,1.0,1.0,severe_corridor_observation_concentration,1.0,severe_network_transition_concentration,network_and_physical_both_concentrated
SV,G-Root,NA,NA,resolved_entry_only,0,0,0,,,,,,,0,,,0,0,0,0,,False,,False,False,insufficient_no_inter_region_projection_segments,"minimum_mappable_segments,minimum_unique_probes,minimum_unique_probe_asns,maximum_country_fallback_share",coastal_mainland_or_mixed,catalog_default_alpha2_rule,,,unknown_candidate_dependency_proxy,descriptive inter-region feasible-corridor candidate exposure; not actual cable use or traffic dependency,0.0,,,,unknown_corridor_observation_concentration,,,unknown_cross_layer_distribution_class
SY,G-Root,dns_root,anycast,all_publicly_visible,6,0,0,0.0,0.0,0.0,0.0,0.0,0.0,0,0.0,0.0,3,2,1,1,0.0,False,,False,False,insufficient_no_inter_region_projection_segments,"minimum_mappable_segments,minimum_unique_probes,minimum_unique_probe_asns,maximum_country_fallback_share",coastal_mainland_or_mixed,catalog_default_alpha2_rule,0.0,,no_observed_inter_region_candidate_exposure,descriptive inter-region feasible-corridor candidate exposure; not actual cable use or traffic dependency,0.0,,,,unknown_corridor_observation_concentration,,,unknown_cross_layer_distribution_class
SY,G-Root,NA,NA,resolved_entry_only,0,0,0,,,,,,,0,,,0,0,0,0,,False,,False,False,insufficient_no_inter_region_projection_segments,"minimum_mappable_segments,minimum_unique_probes,minimum_unique_probe_asns,maximum_country_fallback_share",coastal_mainland_or_mixed,catalog_default_alpha2_rule,,,unknown_candidate_dependency_proxy,descriptive inter-region feasible-corridor candidate exposure; not actual cable use or traffic dependency,0.0,,,,unknown_corridor_observation_concentration,,,unknown_cross_layer_distribution_class
TD,G-Root,dns_root,anycast,all_publicly_visible,2,2,2,1.0,1.0,1.0,0.0,1.0,0.0,2,1.0,1.0,1,1,1,1,0.0,False,0.0,True,False,"insufficient_minimum_mappable_segments,minimum_unique_probes,minimum_unique_probe_asns","minimum_mappable_segments,minimum_unique_probes,minimum_unique_probe_asns",landlocked,catalog_landlocked_list,1.0,1.0,very_high_candidate_dependency_proxy,descriptive inter-region feasible-corridor candidate exposure; not actual cable use or traffic dependency,2.0,1.0,1.0,1.0,severe_corridor_observation_concentration,1.0,severe_network_transition_concentration,network_and_physical_both_concentrated
TD,G-Root,NA,NA,resolved_entry_only,0,0,0,,,,,,,0,,,0,0,0,0,,False,,False,False,insufficient_no_inter_region_projection_segments,"minimum_mappable_segments,minimum_unique_probes,minimum_unique_probe_asns,maximum_country_fallback_share",landlocked,catalog_landlocked_list,,,unknown_candidate_dependency_proxy,descriptive inter-region feasible-corridor candidate exposure; not actual cable use or traffic dependency,0.0,,,,unknown_corridor_observation_concentration,,,unknown_cross_layer_distribution_class
TG,G-Root,dns_root,anycast,all_publicly_visible,1,1,0,0.0,0.0,0.0,0.0,0.0,0.0,0,0.0,1.0,1,1,1,1,0.0,False,,False,False,insufficient_no_inter_region_projection_segments,"minimum_mappable_segments,minimum_unique_probes,minimum_unique_probe_asns,maximum_country_fallback_share",coastal_mainland_or_mixed,catalog_default_alpha2_rule,0.0,0.0,no_observed_inter_region_candidate_exposure,descriptive inter-region feasible-corridor candidate exposure; not actual cable use or traffic dependency,0.0,,,,unknown_corridor_observation_concentration,,,unknown_cross_layer_distribution_class
TG,G-Root,NA,NA,resolved_entry_only,0,0,0,,,,,,,0,,,0,0,0,0,,False,,False,False,insufficient_no_inter_region_projection_segments,"minimum_mappable_segments,minimum_unique_probes,minimum_unique_probe_asns,maximum_country_fallback_share",coastal_mainland_or_mixed,catalog_default_alpha2_rule,,,unknown_candidate_dependency_proxy,descriptive inter-region feasible-corridor candidate exposure; not actual cable use or traffic dependency,0.0,,,,unknown_corridor_observation_concentration,,,unknown_cross_layer_distribution_class
TH,G-Root,dns_root,anycast,all_publicly_visible,92,92,70,0.7608695652173914,0.8152173913043478,0.7608695652173914,0.717391304347826,0.05434782608695652,0.7717391304347826,70,0.7608695652173914,1.0,49,29,1,1,0.0,True,0.0,True,True,auditable,,coastal_mainland_or_mixed,catalog_default_alpha2_rule,0.7608695652173914,0.7608695652173914,very_high_candidate_dependency_proxy,descriptive inter-region feasible-corridor candidate exposure; not actual cable use or traffic dependency,138.0,0.9637681159420289,0.9927536231884058,1.2140961578160032,severe_corridor_observation_concentration,7.168521026290987,broad_network_transition_distribution,network_broad_physical_concentrated
TH,G-Root,NA,NA,resolved_entry_only,0,0,0,,,,,,,0,,,0,0,0,0,,False,,False,False,insufficient_no_inter_region_projection_segments,"minimum_mappable_segments,minimum_unique_probes,minimum_unique_probe_asns,maximum_country_fallback_share",coastal_mainland_or_mixed,catalog_default_alpha2_rule,,,unknown_candidate_dependency_proxy,descriptive inter-region feasible-corridor candidate exposure; not actual cable use or traffic dependency,0.0,,,,unknown_corridor_observation_concentration,,,unknown_cross_layer_distribution_class
TJ,G-Root,dns_root,anycast,all_publicly_visible,24,22,11,0.4583333333333333,0.8333333333333334,0.4583333333333333,0.4583333333333333,0.0,0.8333333333333334,11,0.4583333333333333,0.9166666666666666,14,11,1,1,0.0,False,0.0,True,False,"insufficient_minimum_mappable_segments,minimum_unique_probes","minimum_mappable_segments,minimum_unique_probes",landlocked,catalog_landlocked_list,0.4583333333333333,0.5,very_high_candidate_dependency_proxy,descriptive inter-region feasible-corridor candidate exposure; not actual cable use or traffic dependency,11.0,1.0,1.0,1.0,severe_corridor_observation_concentration,1.0,severe_network_transition_concentration,network_and_physical_both_concentrated
TJ,G-Root,NA,NA,resolved_entry_only,0,0,0,,,,,,,0,,,0,0,0,0,,False,,False,False,insufficient_no_inter_region_projection_segments,"minimum_mappable_segments,minimum_unique_probes,minimum_unique_probe_asns,maximum_country_fallback_share",landlocked,catalog_landlocked_list,,,unknown_candidate_dependency_proxy,descriptive inter-region feasible-corridor candidate exposure; not actual cable use or traffic dependency,0.0,,,,unknown_corridor_observation_concentration,,,unknown_cross_layer_distribution_class
TL,G-Root,dns_root,anycast,all_publicly_visible,8,8,8,1.0,1.0,1.0,1.0,0.125,1.0,8,1.0,1.0,4,2,1,1,0.0,False,0.043478260869565216,True,False,"insufficient_minimum_mappable_segments,minimum_unique_probes,minimum_unique_probe_asns","minimum_mappable_segments,minimum_unique_probes,minimum_unique_probe_asns",island_or_archipelagic,catalog_island_or_archipelagic_list,1.0,1.0,very_high_candidate_dependency_proxy,descriptive inter-region feasible-corridor candidate exposure; not actual cable use or traffic dependency,23.0,0.8260869565217391,0.9565217391304348,1.9019086091320903,severe_corridor_observation_concentration,3.183722309069572,moderate_network_transition_concentration,network_and_physical_both_concentrated
TL,G-Root,NA,NA,resolved_entry_only,0,0,0,,,,,,,0,,,0,0,0,0,,False,,False,False,insufficient_no_inter_region_projection_segments,"minimum_mappable_segments,minimum_unique_probes,minimum_unique_probe_asns,maximum_country_fallback_share",island_or_archipelagic,catalog_island_or_archipelagic_list,,,unknown_candidate_dependency_proxy,descriptive inter-region feasible-corridor candidate exposure; not actual cable use or traffic dependency,0.0,,,,unknown_corridor_observation_concentration,,,unknown_cross_layer_distribution_class
TN,G-Root,dns_root,anycast,all_publicly_visible,16,14,0,0.0,0.0,0.0,0.0,0.0,0.0,0,0.0,0.875,8,5,1,1,0.0,False,,False,False,insufficient_no_inter_region_projection_segments,"minimum_mappable_segments,minimum_unique_probes,minimum_unique_probe_asns,maximum_country_fallback_share",coastal_mainland_or_mixed,catalog_default_alpha2_rule,0.0,0.0,no_observed_inter_region_candidate_exposure,descriptive inter-region feasible-corridor candidate exposure; not actual cable use or traffic dependency,0.0,,,,unknown_corridor_observation_concentration,,,unknown_cross_layer_distribution_class
TN,G-Root,NA,NA,resolved_entry_only,0,0,0,,,,,,,0,,,0,0,0,0,,False,,False,False,insufficient_no_inter_region_projection_segments,"minimum_mappable_segments,minimum_unique_probes,minimum_unique_probe_asns,maximum_country_fallback_share",coastal_mainland_or_mixed,catalog_default_alpha2_rule,,,unknown_candidate_dependency_proxy,descriptive inter-region feasible-corridor candidate exposure; not actual cable use or traffic dependency,0.0,,,,unknown_corridor_observation_concentration,,,unknown_cross_layer_distribution_class
TO,G-Root,dns_root,anycast,all_publicly_visible,2,2,2,1.0,1.0,1.0,1.0,1.0,1.0,2,1.0,1.0,1,1,1,1,0.0,False,0.0,True,False,"insufficient_minimum_mappable_segments,minimum_unique_probes,minimum_unique_probe_asns","minimum_mappable_segments,minimum_unique_probes,minimum_unique_probe_asns",island_or_archipelagic,catalog_island_or_archipelagic_list,1.0,1.0,very_high_candidate_dependency_proxy,descriptive inter-region feasible-corridor candidate exposure; not actual cable use or traffic dependency,8.0,0.25,0.75,4.0,weak_corridor_observation_concentration,2.82842712474619,weak_network_transition_concentration,network_and_physical_both_concentrated
TO,G-Root,NA,NA,resolved_entry_only,0,0,0,,,,,,,0,,,0,0,0,0,,False,,False,False,insufficient_no_inter_region_projection_segments,"minimum_mappable_segments,minimum_unique_probes,minimum_unique_probe_asns,maximum_country_fallback_share",island_or_archipelagic,catalog_island_or_archipelagic_list,,,unknown_candidate_dependency_proxy,descriptive inter-region feasible-corridor candidate exposure; not actual cable use or traffic dependency,0.0,,,,unknown_corridor_observation_concentration,,,unknown_cross_layer_distribution_class
TR,G-Root,dns_root,anycast,all_publicly_visible,127,117,0,0.0,0.0,0.0,0.0,0.0,0.0,0,0.0,0.9212598425196851,69,30,1,1,0.0,True,,False,False,insufficient_no_inter_region_projection_segments,"minimum_mappable_segments,minimum_unique_probes,minimum_unique_probe_asns,maximum_country_fallback_share",coastal_mainland_or_mixed,catalog_default_alpha2_rule,0.0,0.0,no_observed_inter_region_candidate_exposure,descriptive inter-region feasible-corridor candidate exposure; not actual cable use or traffic dependency,0.0,,,,unknown_corridor_observation_concentration,,,unknown_cross_layer_distribution_class
TR,G-Root,NA,NA,resolved_entry_only,0,0,0,,,,,,,0,,,0,0,0,0,,False,,False,False,insufficient_no_inter_region_projection_segments,"minimum_mappable_segments,minimum_unique_probes,minimum_unique_probe_asns,maximum_country_fallback_share",coastal_mainland_or_mixed,catalog_default_alpha2_rule,,,unknown_candidate_dependency_proxy,descriptive inter-region feasible-corridor candidate exposure; not actual cable use or traffic dependency,0.0,,,,unknown_corridor_observation_concentration,,,unknown_cross_layer_distribution_class
TT,G-Root,dns_root,anycast,all_publicly_visible,1,1,0,0.0,0.0,0.0,0.0,0.0,0.0,0,0.0,1.0,1,1,1,1,0.0,False,,False,False,insufficient_no_inter_region_projection_segments,"minimum_mappable_segments,minimum_unique_probes,minimum_unique_probe_asns,maximum_country_fallback_share",island_or_archipelagic,catalog_island_or_archipelagic_list,0.0,0.0,no_observed_inter_region_candidate_exposure,descriptive inter-region feasible-corridor candidate exposure; not actual cable use or traffic dependency,0.0,,,,unknown_corridor_observation_concentration,,,unknown_cross_layer_distribution_class
TT,G-Root,NA,NA,resolved_entry_only,0,0,0,,,,,,,0,,,0,0,0,0,,False,,False,False,insufficient_no_inter_region_projection_segments,"minimum_mappable_segments,minimum_unique_probes,minimum_unique_probe_asns,maximum_country_fallback_share",island_or_archipelagic,catalog_island_or_archipelagic_list,,,unknown_candidate_dependency_proxy,descriptive inter-region feasible-corridor candidate exposure; not actual cable use or traffic dependency,0.0,,,,unknown_corridor_observation_concentration,,,unknown_cross_layer_distribution_class
TV,G-Root,dns_root,anycast,all_publicly_visible,2,2,2,1.0,1.0,1.0,0.0,1.0,1.0,2,1.0,1.0,1,1,1,1,0.0,False,1.0,False,False,"insufficient_minimum_mappable_segments,minimum_unique_probes,minimum_unique_probe_asns,maximum_country_fallback_share","minimum_mappable_segments,minimum_unique_probes,minimum_unique_probe_asns,maximum_country_fallback_share",island_or_archipelagic,catalog_island_or_archipelagic_list,1.0,1.0,very_high_candidate_dependency_proxy,descriptive inter-region feasible-corridor candidate exposure; not actual cable use or traffic dependency,2.0,1.0,1.0,1.0,severe_corridor_observation_concentration,1.0,severe_network_transition_concentration,network_and_physical_both_concentrated
TV,G-Root,NA,NA,resolved_entry_only,0,0,0,,,,,,,0,,,0,0,0,0,,False,,False,False,insufficient_no_inter_region_projection_segments,"minimum_mappable_segments,minimum_unique_probes,minimum_unique_probe_asns,maximum_country_fallback_share",island_or_archipelagic,catalog_island_or_archipelagic_list,,,unknown_candidate_dependency_proxy,descriptive inter-region feasible-corridor candidate exposure; not actual cable use or traffic dependency,0.0,,,,unknown_corridor_observation_concentration,,,unknown_cross_layer_distribution_class
TW,G-Root,dns_root,anycast,all_publicly_visible,155,149,112,0.7225806451612903,0.9096774193548387,0.7225806451612903,0.3935483870967742,0.5548387096774193,0.6903225806451613,112,0.7225806451612903,0.9612903225806452,81,34,1,1,0.0,True,0.5189873417721519,False,False,insufficient_maximum_country_fallback_share,maximum_country_fallback_share,island_or_archipelagic,catalog_island_or_archipelagic_list,0.7225806451612903,0.7516778523489933,very_high_candidate_dependency_proxy,descriptive inter-region feasible-corridor candidate exposure; not actual cable use or traffic dependency,158.0,0.3291139240506329,0.8354430379746836,5.027629688462509,weak_corridor_observation_concentration,8.18587820223292,broad_network_transition_distribution,network_and_physical_both_broad
TW,G-Root,NA,NA,resolved_entry_only,0,0,0,,,,,,,0,,,0,0,0,0,,False,,False,False,insufficient_no_inter_region_projection_segments,"minimum_mappable_segments,minimum_unique_probes,minimum_unique_probe_asns,maximum_country_fallback_share",island_or_archipelagic,catalog_island_or_archipelagic_list,,,unknown_candidate_dependency_proxy,descriptive inter-region feasible-corridor candidate exposure; not actual cable use or traffic dependency,0.0,,,,unknown_corridor_observation_concentration,,,unknown_cross_layer_distribution_class
TZ,G-Root,dns_root,anycast,all_publicly_visible,11,9,2,0.18181818181818182,0.18181818181818182,0.18181818181818182,0.0,0.18181818181818182,0.0,2,0.18181818181818182,0.8181818181818182,6,5,1,1,0.0,False,0.0,True,False,"insufficient_minimum_mappable_segments,minimum_unique_probes,minimum_unique_probe_asns","minimum_mappable_segments,minimum_unique_probes,minimum_unique_probe_asns",coastal_mainland_or_mixed,catalog_default_alpha2_rule,0.18181818181818182,0.2222222222222222,high_candidate_dependency_proxy,descriptive inter-region feasible-corridor candidate exposure; not actual cable use or traffic dependency,2.0,1.0,1.0,1.0,severe_corridor_observation_concentration,1.0,severe_network_transition_concentration,network_and_physical_both_concentrated
TZ,G-Root,NA,NA,resolved_entry_only,0,0,0,,,,,,,0,,,0,0,0,0,,False,,False,False,insufficient_no_inter_region_projection_segments,"minimum_mappable_segments,minimum_unique_probes,minimum_unique_probe_asns,maximum_country_fallback_share",coastal_mainland_or_mixed,catalog_default_alpha2_rule,,,unknown_candidate_dependency_proxy,descriptive inter-region feasible-corridor candidate exposure; not actual cable use or traffic dependency,0.0,,,,unknown_corridor_observation_concentration,,,unknown_cross_layer_distribution_class
UA,G-Root,dns_root,anycast,all_publicly_visible,309,300,0,0.0,0.0,0.0,0.0,0.0,0.0,0,0.0,0.970873786407767,165,115,1,1,0.0,True,,False,False,insufficient_no_inter_region_projection_segments,"minimum_mappable_segments,minimum_unique_probes,minimum_unique_probe_asns,maximum_country_fallback_share",coastal_mainland_or_mixed,catalog_default_alpha2_rule,0.0,0.0,no_observed_inter_region_candidate_exposure,descriptive inter-region feasible-corridor candidate exposure; not actual cable use or traffic dependency,0.0,,,,unknown_corridor_observation_concentration,,,unknown_cross_layer_distribution_class
UA,G-Root,NA,NA,resolved_entry_only,0,0,0,,,,,,,0,,,0,0,0,0,,False,,False,False,insufficient_no_inter_region_projection_segments,"minimum_mappable_segments,minimum_unique_probes,minimum_unique_probe_asns,maximum_country_fallback_share",coastal_mainland_or_mixed,catalog_default_alpha2_rule,,,unknown_candidate_dependency_proxy,descriptive inter-region feasible-corridor candidate exposure; not actual cable use or traffic dependency,0.0,,,,unknown_corridor_observation_concentration,,,unknown_cross_layer_distribution_class
UG,G-Root,dns_root,anycast,all_publicly_visible,11,11,0,0.0,0.0,0.0,0.0,0.0,0.0,0,0.0,1.0,6,4,1,1,0.0,False,,False,False,insufficient_no_inter_region_projection_segments,"minimum_mappable_segments,minimum_unique_probes,minimum_unique_probe_asns,maximum_country_fallback_share",landlocked,catalog_landlocked_list,0.0,0.0,no_observed_inter_region_candidate_exposure,descriptive inter-region feasible-corridor candidate exposure; not actual cable use or traffic dependency,0.0,,,,unknown_corridor_observation_concentration,,,unknown_cross_layer_distribution_class
UG,G-Root,NA,NA,resolved_entry_only,0,0,0,,,,,,,0,,,0,0,0,0,,False,,False,False,insufficient_no_inter_region_projection_segments,"minimum_mappable_segments,minimum_unique_probes,minimum_unique_probe_asns,maximum_country_fallback_share",landlocked,catalog_landlocked_list,,,unknown_candidate_dependency_proxy,descriptive inter-region feasible-corridor candidate exposure; not actual cable use or traffic dependency,0.0,,,,unknown_corridor_observation_concentration,,,unknown_cross_layer_distribution_class
US,G-Root,dns_root,anycast,all_publicly_visible,3571,3413,152,0.042565107812937555,0.08821058527023243,0.042565107812937555,0.04144497339680762,0.0016802016241949033,0.05712685522262671,152,0.042565107812937555,0.9557546905628675,1889,513,1,1,0.0,True,0.15498154981549817,True,True,auditable,,coastal_mainland_or_mixed,catalog_default_alpha2_rule,0.042565107812937555,0.04453559917960739,low_candidate_dependency_proxy,descriptive inter-region feasible-corridor candidate exposure; not actual cable use or traffic dependency,271.0,0.3874538745387454,0.7146371463714638,6.89432857380789,broad_corridor_observation_distribution,16.12095960033181,broad_network_transition_distribution,network_and_physical_both_broad
US,G-Root,NA,NA,resolved_entry_only,0,0,0,,,,,,,0,,,0,0,0,0,,False,,False,False,insufficient_no_inter_region_projection_segments,"minimum_mappable_segments,minimum_unique_probes,minimum_unique_probe_asns,maximum_country_fallback_share",coastal_mainland_or_mixed,catalog_default_alpha2_rule,,,unknown_candidate_dependency_proxy,descriptive inter-region feasible-corridor candidate exposure; not actual cable use or traffic dependency,0.0,,,,unknown_corridor_observation_concentration,,,unknown_cross_layer_distribution_class
UY,G-Root,dns_root,anycast,all_publicly_visible,39,39,0,0.0,0.0,0.0,0.0,0.0,0.0,0,0.0,1.0,21,5,1,1,0.0,True,,False,False,insufficient_no_inter_region_projection_segments,"minimum_mappable_segments,minimum_unique_probes,minimum_unique_probe_asns,maximum_country_fallback_share",coastal_mainland_or_mixed,catalog_default_alpha2_rule,0.0,0.0,no_observed_inter_region_candidate_exposure,descriptive inter-region feasible-corridor candidate exposure; not actual cable use or traffic dependency,0.0,,,,unknown_corridor_observation_concentration,,,unknown_cross_layer_distribution_class
UY,G-Root,NA,NA,resolved_entry_only,0,0,0,,,,,,,0,,,0,0,0,0,,False,,False,False,insufficient_no_inter_region_projection_segments,"minimum_mappable_segments,minimum_unique_probes,minimum_unique_probe_asns,maximum_country_fallback_share",coastal_mainland_or_mixed,catalog_default_alpha2_rule,,,unknown_candidate_dependency_proxy,descriptive inter-region feasible-corridor candidate exposure; not actual cable use or traffic dependency,0.0,,,,unknown_corridor_observation_concentration,,,unknown_cross_layer_distribution_class
UZ,G-Root,dns_root,anycast,all_publicly_visible,18,16,11,0.6111111111111112,0.8888888888888888,0.6111111111111112,0.6111111111111112,0.0,0.8888888888888888,11,0.6111111111111112,0.8888888888888888,10,8,1,1,0.0,False,0.0,True,False,"insufficient_minimum_mappable_segments,minimum_unique_probes","minimum_mappable_segments,minimum_unique_probes",landlocked,catalog_landlocked_list,0.6111111111111112,0.6875,very_high_candidate_dependency_proxy,descriptive inter-region feasible-corridor candidate exposure; not actual cable use or traffic dependency,11.0,1.0,1.0,1.0,severe_corridor_observation_concentration,1.0,severe_network_transition_concentration,network_and_physical_both_concentrated
UZ,G-Root,NA,NA,resolved_entry_only,0,0,0,,,,,,,0,,,0,0,0,0,,False,,False,False,insufficient_no_inter_region_projection_segments,"minimum_mappable_segments,minimum_unique_probes,minimum_unique_probe_asns,maximum_country_fallback_share",landlocked,catalog_landlocked_list,,,unknown_candidate_dependency_proxy,descriptive inter-region feasible-corridor candidate exposure; not actual cable use or traffic dependency,0.0,,,,unknown_corridor_observation_concentration,,,unknown_cross_layer_distribution_class
VA,G-Root,dns_root,anycast,all_publicly_visible,2,2,0,0.0,0.0,0.0,0.0,0.0,0.0,0,0.0,1.0,1,1,1,1,0.0,False,,False,False,insufficient_no_inter_region_projection_segments,"minimum_mappable_segments,minimum_unique_probes,minimum_unique_probe_asns,maximum_country_fallback_share",landlocked,catalog_landlocked_list,0.0,0.0,no_observed_inter_region_candidate_exposure,descriptive inter-region feasible-corridor candidate exposure; not actual cable use or traffic dependency,0.0,,,,unknown_corridor_observation_concentration,,,unknown_cross_layer_distribution_class
VA,G-Root,NA,NA,resolved_entry_only,0,0,0,,,,,,,0,,,0,0,0,0,,False,,False,False,insufficient_no_inter_region_projection_segments,"minimum_mappable_segments,minimum_unique_probes,minimum_unique_probe_asns,maximum_country_fallback_share",landlocked,catalog_landlocked_list,,,unknown_candidate_dependency_proxy,descriptive inter-region feasible-corridor candidate exposure; not actual cable use or traffic dependency,0.0,,,,unknown_corridor_observation_concentration,,,unknown_cross_layer_distribution_class
VE,G-Root,dns_root,anycast,all_publicly_visible,72,62,3,0.041666666666666664,0.1527777777777778,0.041666666666666664,0.041666666666666664,0.013888888888888888,0.1111111111111111,3,0.041666666666666664,0.8611111111111112,39,25,1,1,0.0,True,0.0,True,False,"insufficient_minimum_mappable_segments,minimum_unique_probes,minimum_unique_probe_asns","minimum_mappable_segments,minimum_unique_probes,minimum_unique_probe_asns",coastal_mainland_or_mixed,catalog_default_alpha2_rule,0.041666666666666664,0.04838709677419355,low_candidate_dependency_proxy,descriptive inter-region feasible-corridor candidate exposure; not actual cable use or traffic dependency,4.0,0.75,1.0,1.7547653506033232,moderate_corridor_observation_concentration,2.82842712474619,weak_network_transition_concentration,network_broad_physical_concentrated
VE,G-Root,NA,NA,resolved_entry_only,0,0,0,,,,,,,0,,,0,0,0,0,,False,,False,False,insufficient_no_inter_region_projection_segments,"minimum_mappable_segments,minimum_unique_probes,minimum_unique_probe_asns,maximum_country_fallback_share",coastal_mainland_or_mixed,catalog_default_alpha2_rule,,,unknown_candidate_dependency_proxy,descriptive inter-region feasible-corridor candidate exposure; not actual cable use or traffic dependency,0.0,,,,unknown_corridor_observation_concentration,,,unknown_cross_layer_distribution_class
VI,G-Root,dns_root,anycast,all_publicly_visible,5,5,3,0.6,0.6,0.6,0.0,0.6,0.6,3,0.6,1.0,3,2,1,1,0.0,False,0.0,True,False,"insufficient_minimum_mappable_segments,minimum_unique_probes,minimum_unique_probe_asns","minimum_mappable_segments,minimum_unique_probes,minimum_unique_probe_asns",island_or_archipelagic,catalog_island_or_archipelagic_list,0.6,0.6,very_high_candidate_dependency_proxy,descriptive inter-region feasible-corridor candidate exposure; not actual cable use or traffic dependency,3.0,1.0,1.0,1.0,severe_corridor_observation_concentration,1.0,severe_network_transition_concentration,network_and_physical_both_concentrated
VI,G-Root,NA,NA,resolved_entry_only,0,0,0,,,,,,,0,,,0,0,0,0,,False,,False,False,insufficient_no_inter_region_projection_segments,"minimum_mappable_segments,minimum_unique_probes,minimum_unique_probe_asns,maximum_country_fallback_share",island_or_archipelagic,catalog_island_or_archipelagic_list,,,unknown_candidate_dependency_proxy,descriptive inter-region feasible-corridor candidate exposure; not actual cable use or traffic dependency,0.0,,,,unknown_corridor_observation_concentration,,,unknown_cross_layer_distribution_class
VN,G-Root,dns_root,anycast,all_publicly_visible,52,52,25,0.4807692307692308,0.8653846153846154,0.4807692307692308,0.4807692307692308,0.019230769230769232,0.8653846153846154,25,0.4807692307692308,1.0,28,16,1,1,0.0,True,0.0,True,True,auditable,,coastal_mainland_or_mixed,catalog_default_alpha2_rule,0.4807692307692308,0.4807692307692308,very_high_candidate_dependency_proxy,descriptive inter-region feasible-corridor candidate exposure; not actual cable use or traffic dependency,46.0,0.8478260869565217,1.0,1.630473567565577,severe_corridor_observation_concentration,5.917273047229373,broad_network_transition_distribution,network_broad_physical_concentrated
VN,G-Root,NA,NA,resolved_entry_only,0,0,0,,,,,,,0,,,0,0,0,0,,False,,False,False,insufficient_no_inter_region_projection_segments,"minimum_mappable_segments,minimum_unique_probes,minimum_unique_probe_asns,maximum_country_fallback_share",coastal_mainland_or_mixed,catalog_default_alpha2_rule,,,unknown_candidate_dependency_proxy,descriptive inter-region feasible-corridor candidate exposure; not actual cable use or traffic dependency,0.0,,,,unknown_corridor_observation_concentration,,,unknown_cross_layer_distribution_class
VU,G-Root,dns_root,anycast,all_publicly_visible,3,2,2,0.6666666666666666,0.6666666666666666,0.6666666666666666,0.0,0.6666666666666666,0.6666666666666666,2,0.6666666666666666,0.6666666666666666,2,1,1,1,0.0,False,0.0,True,False,"insufficient_minimum_mappable_segments,minimum_unique_probes,minimum_unique_probe_asns","minimum_mappable_segments,minimum_unique_probes,minimum_unique_probe_asns",island_or_archipelagic,catalog_island_or_archipelagic_list,0.6666666666666666,1.0,very_high_candidate_dependency_proxy,descriptive inter-region feasible-corridor candidate exposure; not actual cable use or traffic dependency,2.0,1.0,1.0,1.0,severe_corridor_observation_concentration,1.0,severe_network_transition_concentration,network_and_physical_both_concentrated
VU,G-Root,NA,NA,resolved_entry_only,0,0,0,,,,,,,0,,,0,0,0,0,,False,,False,False,insufficient_no_inter_region_projection_segments,"minimum_mappable_segments,minimum_unique_probes,minimum_unique_probe_asns,maximum_country_fallback_share",island_or_archipelagic,catalog_island_or_archipelagic_list,,,unknown_candidate_dependency_proxy,descriptive inter-region feasible-corridor candidate exposure; not actual cable use or traffic dependency,0.0,,,,unknown_corridor_observation_concentration,,,unknown_cross_layer_distribution_class
YE,G-Root,dns_root,anycast,all_publicly_visible,2,2,0,0.0,0.0,0.0,0.0,0.0,0.0,0,0.0,1.0,1,1,1,1,0.0,False,,False,False,insufficient_no_inter_region_projection_segments,"minimum_mappable_segments,minimum_unique_probes,minimum_unique_probe_asns,maximum_country_fallback_share",coastal_mainland_or_mixed,catalog_default_alpha2_rule,0.0,0.0,no_observed_inter_region_candidate_exposure,descriptive inter-region feasible-corridor candidate exposure; not actual cable use or traffic dependency,0.0,,,,unknown_corridor_observation_concentration,,,unknown_cross_layer_distribution_class
YE,G-Root,NA,NA,resolved_entry_only,0,0,0,,,,,,,0,,,0,0,0,0,,False,,False,False,insufficient_no_inter_region_projection_segments,"minimum_mappable_segments,minimum_unique_probes,minimum_unique_probe_asns,maximum_country_fallback_share",coastal_mainland_or_mixed,catalog_default_alpha2_rule,,,unknown_candidate_dependency_proxy,descriptive inter-region feasible-corridor candidate exposure; not actual cable use or traffic dependency,0.0,,,,unknown_corridor_observation_concentration,,,unknown_cross_layer_distribution_class
ZA,G-Root,dns_root,anycast,all_publicly_visible,256,249,60,0.234375,0.2578125,0.234375,0.0,0.234375,0.0234375,60,0.234375,0.97265625,133,70,1,1,0.0,True,0.0,True,True,auditable,,coastal_mainland_or_mixed,catalog_default_alpha2_rule,0.234375,0.24096385542168675,high_candidate_dependency_proxy,descriptive inter-region feasible-corridor candidate exposure; not actual cable use or traffic dependency,86.0,0.4186046511627907,0.9302325581395349,3.453180414497336,weak_corridor_observation_concentration,3.453180414497336,weak_network_transition_concentration,network_and_physical_both_concentrated
ZA,G-Root,NA,NA,resolved_entry_only,0,0,0,,,,,,,0,,,0,0,0,0,,False,,False,False,insufficient_no_inter_region_projection_segments,"minimum_mappable_segments,minimum_unique_probes,minimum_unique_probe_asns,maximum_country_fallback_share",coastal_mainland_or_mixed,catalog_default_alpha2_rule,,,unknown_candidate_dependency_proxy,descriptive inter-region feasible-corridor candidate exposure; not actual cable use or traffic dependency,0.0,,,,unknown_corridor_observation_concentration,,,unknown_cross_layer_distribution_class
ZM,G-Root,dns_root,anycast,all_publicly_visible,8,8,0,0.0,0.25,0.0,0.0,0.0,0.25,0,0.0,1.0,4,4,1,1,0.0,False,,False,False,insufficient_no_inter_region_projection_segments,"minimum_mappable_segments,minimum_unique_probes,minimum_unique_probe_asns,maximum_country_fallback_share",landlocked,catalog_landlocked_list,0.0,0.0,no_observed_inter_region_candidate_exposure,descriptive inter-region feasible-corridor candidate exposure; not actual cable use or traffic dependency,0.0,,,,unknown_corridor_observation_concentration,,,unknown_cross_layer_distribution_class
ZM,G-Root,NA,NA,resolved_entry_only,0,0,0,,,,,,,0,,,0,0,0,0,,False,,False,False,insufficient_no_inter_region_projection_segments,"minimum_mappable_segments,minimum_unique_probes,minimum_unique_probe_asns,maximum_country_fallback_share",landlocked,catalog_landlocked_list,,,unknown_candidate_dependency_proxy,descriptive inter-region feasible-corridor candidate exposure; not actual cable use or traffic dependency,0.0,,,,unknown_corridor_observation_concentration,,,unknown_cross_layer_distribution_class
ZW,G-Root,dns_root,anycast,all_publicly_visible,4,4,0,0.0,0.0,0.0,0.0,0.0,0.0,0,0.0,1.0,3,2,1,1,0.0,False,,False,False,insufficient_no_inter_region_projection_segments,"minimum_mappable_segments,minimum_unique_probes,minimum_unique_probe_asns,maximum_country_fallback_share",landlocked,catalog_landlocked_list,0.0,0.0,no_observed_inter_region_candidate_exposure,descriptive inter-region feasible-corridor candidate exposure; not actual cable use or traffic dependency,0.0,,,,unknown_corridor_observation_concentration,,,unknown_cross_layer_distribution_class
ZW,G-Root,NA,NA,resolved_entry_only,0,0,0,,,,,,,0,,,0,0,0,0,,False,,False,False,insufficient_no_inter_region_projection_segments,"minimum_mappable_segments,minimum_unique_probes,minimum_unique_probe_asns,maximum_country_fallback_share",landlocked,catalog_landlocked_list,,,unknown_candidate_dependency_proxy,descriptive inter-region feasible-corridor candidate exposure; not actual cable use or traffic dependency,0.0,,,,unknown_corridor_observation_concentration,,,unknown_cross_layer_distribution_class
