probe_country,service_id,path_scope_stratum,msm_id,file_name,total_mappable_segments,total_observation_mass,unique_corridors_observed,top1_corridor_id,top1_corridor_share,top2_corridor_share,top3_corridor_share,corridor_entropy,corridor_normalized_entropy,effective_corridor_count,corridor_concentration_tier,is_corridor_concentrated,auditable_corridor_concentration,sufficient_corridor_observation,unique_probes,unique_probe_asns,unique_measurements_or_targets,domestic_segment_share,international_segment_share,country_fallback_share,sufficient_network_transition_resolution,auditable_paper_case,observation_sufficiency_reason,failed_thresholds,analysis_scope
?,G-Root,all_publicly_visible,,,0.0,0.0,0.0,,,,,,,,unknown_corridor_observation_concentration,False,False,False,0.0,0.0,,,,,False,False,insufficient_no_inter_region_projection_segments,"minimum_mappable_segments,minimum_unique_probes,minimum_unique_probe_asns,maximum_country_fallback_share",probe_country_service
?,G-Root,resolved_entry_only,,,0.0,0.0,0.0,,,,,,,,unknown_corridor_observation_concentration,False,False,False,0.0,0.0,,,,,False,False,insufficient_no_inter_region_projection_segments,"minimum_mappable_segments,minimum_unique_probes,minimum_unique_probe_asns,maximum_country_fallback_share",probe_country_service
AD,G-Root,all_publicly_visible,,,0.0,0.0,0.0,,,,,,,,unknown_corridor_observation_concentration,False,False,False,0.0,0.0,,,,,False,False,insufficient_no_inter_region_projection_segments,"minimum_mappable_segments,minimum_unique_probes,minimum_unique_probe_asns,maximum_country_fallback_share",probe_country_service
AD,G-Root,resolved_entry_only,,,0.0,0.0,0.0,,,,,,,,unknown_corridor_observation_concentration,False,False,False,0.0,0.0,,,,,False,False,insufficient_no_inter_region_projection_segments,"minimum_mappable_segments,minimum_unique_probes,minimum_unique_probe_asns,maximum_country_fallback_share",probe_country_service
AE,G-Root,all_publicly_visible,5014,dns-root_g-root_msm5014_20260701T000000Z_010000Z.json,14.0,14.0,5.0,landing_region_1392e3aea9b8::landing_region_8dc97f28b4d0,0.2857142857142857,0.5714285714285714,0.7142857142857142,1.549826045878202,0.9629610647945147,4.710650674213248,broad_corridor_observation_distribution,False,False,False,4.0,4.0,1.0,0.5714285714285714,0.42857142857142855,0.0,True,False,"insufficient_minimum_mappable_segments,minimum_unique_probes","minimum_mappable_segments,minimum_unique_probes",probe_country_service
AE,G-Root,resolved_entry_only,,,0.0,0.0,0.0,,,,,,,,unknown_corridor_observation_concentration,False,False,False,0.0,0.0,,,,,False,False,insufficient_no_inter_region_projection_segments,"minimum_mappable_segments,minimum_unique_probes,minimum_unique_probe_asns,maximum_country_fallback_share",probe_country_service
AF,G-Root,all_publicly_visible,5014,dns-root_g-root_msm5014_20260701T000000Z_010000Z.json,4.0,4.0,1.0,landing_region_1b3a8d836a7d::landing_region_ea98b74befe5,1.0,1.0,1.0,-0.0,0.0,1.0,severe_corridor_observation_concentration,True,False,False,2.0,1.0,1.0,0.0,1.0,1.0,False,False,"insufficient_minimum_mappable_segments,minimum_unique_probes,minimum_unique_probe_asns,maximum_country_fallback_share","minimum_mappable_segments,minimum_unique_probes,minimum_unique_probe_asns,maximum_country_fallback_share",probe_country_service
AF,G-Root,resolved_entry_only,,,0.0,0.0,0.0,,,,,,,,unknown_corridor_observation_concentration,False,False,False,0.0,0.0,,,,,False,False,insufficient_no_inter_region_projection_segments,"minimum_mappable_segments,minimum_unique_probes,minimum_unique_probe_asns,maximum_country_fallback_share",probe_country_service
AL,G-Root,all_publicly_visible,,,0.0,0.0,0.0,,,,,,,,unknown_corridor_observation_concentration,False,False,False,0.0,0.0,,,,,False,False,insufficient_no_inter_region_projection_segments,"minimum_mappable_segments,minimum_unique_probes,minimum_unique_probe_asns,maximum_country_fallback_share",probe_country_service
AL,G-Root,resolved_entry_only,,,0.0,0.0,0.0,,,,,,,,unknown_corridor_observation_concentration,False,False,False,0.0,0.0,,,,,False,False,insufficient_no_inter_region_projection_segments,"minimum_mappable_segments,minimum_unique_probes,minimum_unique_probe_asns,maximum_country_fallback_share",probe_country_service
AM,G-Root,all_publicly_visible,,,0.0,0.0,0.0,,,,,,,,unknown_corridor_observation_concentration,False,False,False,0.0,0.0,,,,,False,False,insufficient_no_inter_region_projection_segments,"minimum_mappable_segments,minimum_unique_probes,minimum_unique_probe_asns,maximum_country_fallback_share",probe_country_service
AM,G-Root,resolved_entry_only,,,0.0,0.0,0.0,,,,,,,,unknown_corridor_observation_concentration,False,False,False,0.0,0.0,,,,,False,False,insufficient_no_inter_region_projection_segments,"minimum_mappable_segments,minimum_unique_probes,minimum_unique_probe_asns,maximum_country_fallback_share",probe_country_service
AO,G-Root,all_publicly_visible,5014,dns-root_g-root_msm5014_20260701T000000Z_010000Z.json,16.0,16.0,1.0,landing_region_0c894d5ef6d3::landing_region_a33078e57a08,1.0,1.0,1.0,-0.0,0.0,1.0,severe_corridor_observation_concentration,True,False,False,10.0,4.0,1.0,0.0,1.0,0.0,True,False,insufficient_minimum_mappable_segments,minimum_mappable_segments,probe_country_service
AO,G-Root,resolved_entry_only,,,0.0,0.0,0.0,,,,,,,,unknown_corridor_observation_concentration,False,False,False,0.0,0.0,,,,,False,False,insufficient_no_inter_region_projection_segments,"minimum_mappable_segments,minimum_unique_probes,minimum_unique_probe_asns,maximum_country_fallback_share",probe_country_service
AR,G-Root,all_publicly_visible,,,0.0,0.0,0.0,,,,,,,,unknown_corridor_observation_concentration,False,False,False,0.0,0.0,,,,,False,False,insufficient_no_inter_region_projection_segments,"minimum_mappable_segments,minimum_unique_probes,minimum_unique_probe_asns,maximum_country_fallback_share",probe_country_service
AR,G-Root,resolved_entry_only,,,0.0,0.0,0.0,,,,,,,,unknown_corridor_observation_concentration,False,False,False,0.0,0.0,,,,,False,False,insufficient_no_inter_region_projection_segments,"minimum_mappable_segments,minimum_unique_probes,minimum_unique_probe_asns,maximum_country_fallback_share",probe_country_service
AT,G-Root,all_publicly_visible,,,0.0,0.0,0.0,,,,,,,,unknown_corridor_observation_concentration,False,False,False,0.0,0.0,,,,,False,False,insufficient_no_inter_region_projection_segments,"minimum_mappable_segments,minimum_unique_probes,minimum_unique_probe_asns,maximum_country_fallback_share",probe_country_service
AT,G-Root,resolved_entry_only,,,0.0,0.0,0.0,,,,,,,,unknown_corridor_observation_concentration,False,False,False,0.0,0.0,,,,,False,False,insufficient_no_inter_region_projection_segments,"minimum_mappable_segments,minimum_unique_probes,minimum_unique_probe_asns,maximum_country_fallback_share",probe_country_service
AU,G-Root,all_publicly_visible,5014,dns-root_g-root_msm5014_20260701T000000Z_010000Z.json,147.0,147.0,7.0,landing_region_149acfcae34c::landing_region_58084817cbe7,0.5782312925170068,0.7074829931972789,0.8367346938775511,1.3219680493168269,0.6793571892096902,3.750795869446879,weak_corridor_observation_concentration,True,True,True,76.0,34.0,1.0,0.9251700680272109,0.07482993197278912,0.2653061224489796,True,True,auditable,,probe_country_service
AU,G-Root,resolved_entry_only,,,0.0,0.0,0.0,,,,,,,,unknown_corridor_observation_concentration,False,False,False,0.0,0.0,,,,,False,False,insufficient_no_inter_region_projection_segments,"minimum_mappable_segments,minimum_unique_probes,minimum_unique_probe_asns,maximum_country_fallback_share",probe_country_service
AX,G-Root,all_publicly_visible,5014,dns-root_g-root_msm5014_20260701T000000Z_010000Z.json,2.0,2.0,1.0,landing_region_3eb4f4d89687::landing_region_71db3ba08a92,1.0,1.0,1.0,-0.0,0.0,1.0,severe_corridor_observation_concentration,True,False,False,1.0,1.0,1.0,0.0,1.0,0.0,True,False,"insufficient_minimum_mappable_segments,minimum_unique_probes,minimum_unique_probe_asns","minimum_mappable_segments,minimum_unique_probes,minimum_unique_probe_asns",probe_country_service
AX,G-Root,resolved_entry_only,,,0.0,0.0,0.0,,,,,,,,unknown_corridor_observation_concentration,False,False,False,0.0,0.0,,,,,False,False,insufficient_no_inter_region_projection_segments,"minimum_mappable_segments,minimum_unique_probes,minimum_unique_probe_asns,maximum_country_fallback_share",probe_country_service
AZ,G-Root,all_publicly_visible,5014,dns-root_g-root_msm5014_20260701T000000Z_010000Z.json,8.0,8.0,1.0,landing_region_65aa8d7cf62e::landing_region_71db3ba08a92,1.0,1.0,1.0,-0.0,0.0,1.0,severe_corridor_observation_concentration,True,False,False,4.0,4.0,1.0,0.0,1.0,0.0,True,False,"insufficient_minimum_mappable_segments,minimum_unique_probes","minimum_mappable_segments,minimum_unique_probes",probe_country_service
AZ,G-Root,resolved_entry_only,,,0.0,0.0,0.0,,,,,,,,unknown_corridor_observation_concentration,False,False,False,0.0,0.0,,,,,False,False,insufficient_no_inter_region_projection_segments,"minimum_mappable_segments,minimum_unique_probes,minimum_unique_probe_asns,maximum_country_fallback_share",probe_country_service
BA,G-Root,all_publicly_visible,,,0.0,0.0,0.0,,,,,,,,unknown_corridor_observation_concentration,False,False,False,0.0,0.0,,,,,False,False,insufficient_no_inter_region_projection_segments,"minimum_mappable_segments,minimum_unique_probes,minimum_unique_probe_asns,maximum_country_fallback_share",probe_country_service
BA,G-Root,resolved_entry_only,,,0.0,0.0,0.0,,,,,,,,unknown_corridor_observation_concentration,False,False,False,0.0,0.0,,,,,False,False,insufficient_no_inter_region_projection_segments,"minimum_mappable_segments,minimum_unique_probes,minimum_unique_probe_asns,maximum_country_fallback_share",probe_country_service
BB,G-Root,all_publicly_visible,5014,dns-root_g-root_msm5014_20260701T000000Z_010000Z.json,1.0,1.0,1.0,landing_region_0c894d5ef6d3::landing_region_83c1ffe3b901,1.0,1.0,1.0,-0.0,0.0,1.0,severe_corridor_observation_concentration,True,False,False,1.0,1.0,1.0,0.0,1.0,0.0,True,False,"insufficient_minimum_mappable_segments,minimum_unique_probes,minimum_unique_probe_asns","minimum_mappable_segments,minimum_unique_probes,minimum_unique_probe_asns",probe_country_service
BB,G-Root,resolved_entry_only,,,0.0,0.0,0.0,,,,,,,,unknown_corridor_observation_concentration,False,False,False,0.0,0.0,,,,,False,False,insufficient_no_inter_region_projection_segments,"minimum_mappable_segments,minimum_unique_probes,minimum_unique_probe_asns,maximum_country_fallback_share",probe_country_service
BD,G-Root,all_publicly_visible,5014,dns-root_g-root_msm5014_20260701T000000Z_010000Z.json,19.0,19.0,2.0,landing_region_149ad599e1a3::landing_region_d0ecf913edd7,0.9473684210526315,1.0,1.0,0.20619205063323187,0.2974722489192897,1.2289892094880017,severe_corridor_observation_concentration,True,False,False,11.0,7.0,1.0,0.9473684210526315,0.05263157894736842,0.05263157894736842,True,False,insufficient_minimum_mappable_segments,minimum_mappable_segments,probe_country_service
BD,G-Root,resolved_entry_only,,,0.0,0.0,0.0,,,,,,,,unknown_corridor_observation_concentration,False,False,False,0.0,0.0,,,,,False,False,insufficient_no_inter_region_projection_segments,"minimum_mappable_segments,minimum_unique_probes,minimum_unique_probe_asns,maximum_country_fallback_share",probe_country_service
BE,G-Root,all_publicly_visible,,,0.0,0.0,0.0,,,,,,,,unknown_corridor_observation_concentration,False,False,False,0.0,0.0,,,,,False,False,insufficient_no_inter_region_projection_segments,"minimum_mappable_segments,minimum_unique_probes,minimum_unique_probe_asns,maximum_country_fallback_share",probe_country_service
BE,G-Root,resolved_entry_only,,,0.0,0.0,0.0,,,,,,,,unknown_corridor_observation_concentration,False,False,False,0.0,0.0,,,,,False,False,insufficient_no_inter_region_projection_segments,"minimum_mappable_segments,minimum_unique_probes,minimum_unique_probe_asns,maximum_country_fallback_share",probe_country_service
BF,G-Root,all_publicly_visible,,,0.0,0.0,0.0,,,,,,,,unknown_corridor_observation_concentration,False,False,False,0.0,0.0,,,,,False,False,insufficient_no_inter_region_projection_segments,"minimum_mappable_segments,minimum_unique_probes,minimum_unique_probe_asns,maximum_country_fallback_share",probe_country_service
BF,G-Root,resolved_entry_only,,,0.0,0.0,0.0,,,,,,,,unknown_corridor_observation_concentration,False,False,False,0.0,0.0,,,,,False,False,insufficient_no_inter_region_projection_segments,"minimum_mappable_segments,minimum_unique_probes,minimum_unique_probe_asns,maximum_country_fallback_share",probe_country_service
BG,G-Root,all_publicly_visible,,,0.0,0.0,0.0,,,,,,,,unknown_corridor_observation_concentration,False,False,False,0.0,0.0,,,,,False,False,insufficient_no_inter_region_projection_segments,"minimum_mappable_segments,minimum_unique_probes,minimum_unique_probe_asns,maximum_country_fallback_share",probe_country_service
BG,G-Root,resolved_entry_only,,,0.0,0.0,0.0,,,,,,,,unknown_corridor_observation_concentration,False,False,False,0.0,0.0,,,,,False,False,insufficient_no_inter_region_projection_segments,"minimum_mappable_segments,minimum_unique_probes,minimum_unique_probe_asns,maximum_country_fallback_share",probe_country_service
BH,G-Root,all_publicly_visible,5014,dns-root_g-root_msm5014_20260701T000000Z_010000Z.json,7.0,7.0,1.0,landing_region_08ea81d123b5::landing_region_445416594174,1.0,1.0,1.0,-0.0,0.0,1.0,severe_corridor_observation_concentration,True,False,False,4.0,2.0,1.0,0.0,1.0,0.0,True,False,"insufficient_minimum_mappable_segments,minimum_unique_probes,minimum_unique_probe_asns","minimum_mappable_segments,minimum_unique_probes,minimum_unique_probe_asns",probe_country_service
BH,G-Root,resolved_entry_only,,,0.0,0.0,0.0,,,,,,,,unknown_corridor_observation_concentration,False,False,False,0.0,0.0,,,,,False,False,insufficient_no_inter_region_projection_segments,"minimum_mappable_segments,minimum_unique_probes,minimum_unique_probe_asns,maximum_country_fallback_share",probe_country_service
BI,G-Root,all_publicly_visible,,,0.0,0.0,0.0,,,,,,,,unknown_corridor_observation_concentration,False,False,False,0.0,0.0,,,,,False,False,insufficient_no_inter_region_projection_segments,"minimum_mappable_segments,minimum_unique_probes,minimum_unique_probe_asns,maximum_country_fallback_share",probe_country_service
BI,G-Root,resolved_entry_only,,,0.0,0.0,0.0,,,,,,,,unknown_corridor_observation_concentration,False,False,False,0.0,0.0,,,,,False,False,insufficient_no_inter_region_projection_segments,"minimum_mappable_segments,minimum_unique_probes,minimum_unique_probe_asns,maximum_country_fallback_share",probe_country_service
BJ,G-Root,all_publicly_visible,5014,dns-root_g-root_msm5014_20260701T000000Z_010000Z.json,3.0,3.0,2.0,landing_region_8afa8229a8fd::landing_region_c88b92706e9c,0.6666666666666666,1.0,1.0,0.6365141682948128,0.9182958340544894,1.8898815748423097,moderate_corridor_observation_concentration,True,False,False,2.0,2.0,1.0,0.0,1.0,0.0,True,False,"insufficient_minimum_mappable_segments,minimum_unique_probes,minimum_unique_probe_asns","minimum_mappable_segments,minimum_unique_probes,minimum_unique_probe_asns",probe_country_service
BJ,G-Root,resolved_entry_only,,,0.0,0.0,0.0,,,,,,,,unknown_corridor_observation_concentration,False,False,False,0.0,0.0,,,,,False,False,insufficient_no_inter_region_projection_segments,"minimum_mappable_segments,minimum_unique_probes,minimum_unique_probe_asns,maximum_country_fallback_share",probe_country_service
BL,G-Root,all_publicly_visible,,,0.0,0.0,0.0,,,,,,,,unknown_corridor_observation_concentration,False,False,False,0.0,0.0,,,,,False,False,insufficient_no_inter_region_projection_segments,"minimum_mappable_segments,minimum_unique_probes,minimum_unique_probe_asns,maximum_country_fallback_share",probe_country_service
BL,G-Root,resolved_entry_only,,,0.0,0.0,0.0,,,,,,,,unknown_corridor_observation_concentration,False,False,False,0.0,0.0,,,,,False,False,insufficient_no_inter_region_projection_segments,"minimum_mappable_segments,minimum_unique_probes,minimum_unique_probe_asns,maximum_country_fallback_share",probe_country_service
BO,G-Root,all_publicly_visible,,,0.0,0.0,0.0,,,,,,,,unknown_corridor_observation_concentration,False,False,False,0.0,0.0,,,,,False,False,insufficient_no_inter_region_projection_segments,"minimum_mappable_segments,minimum_unique_probes,minimum_unique_probe_asns,maximum_country_fallback_share",probe_country_service
BO,G-Root,resolved_entry_only,,,0.0,0.0,0.0,,,,,,,,unknown_corridor_observation_concentration,False,False,False,0.0,0.0,,,,,False,False,insufficient_no_inter_region_projection_segments,"minimum_mappable_segments,minimum_unique_probes,minimum_unique_probe_asns,maximum_country_fallback_share",probe_country_service
BR,G-Root,all_publicly_visible,5014,dns-root_g-root_msm5014_20260701T000000Z_010000Z.json,4.0,4.0,3.0,landing_region_0c894d5ef6d3::landing_region_a33078e57a08,0.5,0.75,1.0,1.0397207708399179,0.946394630357186,2.82842712474619,weak_corridor_observation_concentration,True,False,False,3.0,3.0,1.0,0.25,0.75,0.25,True,False,"insufficient_minimum_mappable_segments,minimum_unique_probes","minimum_mappable_segments,minimum_unique_probes",probe_country_service
BR,G-Root,resolved_entry_only,,,0.0,0.0,0.0,,,,,,,,unknown_corridor_observation_concentration,False,False,False,0.0,0.0,,,,,False,False,insufficient_no_inter_region_projection_segments,"minimum_mappable_segments,minimum_unique_probes,minimum_unique_probe_asns,maximum_country_fallback_share",probe_country_service
BT,G-Root,all_publicly_visible,5014,dns-root_g-root_msm5014_20260701T000000Z_010000Z.json,8.0,8.0,1.0,landing_region_149ad599e1a3::landing_region_d0ecf913edd7,1.0,1.0,1.0,-0.0,0.0,1.0,severe_corridor_observation_concentration,True,False,False,1.0,1.0,1.0,1.0,0.0,0.0,True,False,"insufficient_minimum_mappable_segments,minimum_unique_probes,minimum_unique_probe_asns","minimum_mappable_segments,minimum_unique_probes,minimum_unique_probe_asns",probe_country_service
BT,G-Root,resolved_entry_only,,,0.0,0.0,0.0,,,,,,,,unknown_corridor_observation_concentration,False,False,False,0.0,0.0,,,,,False,False,insufficient_no_inter_region_projection_segments,"minimum_mappable_segments,minimum_unique_probes,minimum_unique_probe_asns,maximum_country_fallback_share",probe_country_service
BW,G-Root,all_publicly_visible,,,0.0,0.0,0.0,,,,,,,,unknown_corridor_observation_concentration,False,False,False,0.0,0.0,,,,,False,False,insufficient_no_inter_region_projection_segments,"minimum_mappable_segments,minimum_unique_probes,minimum_unique_probe_asns,maximum_country_fallback_share",probe_country_service
BW,G-Root,resolved_entry_only,,,0.0,0.0,0.0,,,,,,,,unknown_corridor_observation_concentration,False,False,False,0.0,0.0,,,,,False,False,insufficient_no_inter_region_projection_segments,"minimum_mappable_segments,minimum_unique_probes,minimum_unique_probe_asns,maximum_country_fallback_share",probe_country_service
BY,G-Root,all_publicly_visible,,,0.0,0.0,0.0,,,,,,,,unknown_corridor_observation_concentration,False,False,False,0.0,0.0,,,,,False,False,insufficient_no_inter_region_projection_segments,"minimum_mappable_segments,minimum_unique_probes,minimum_unique_probe_asns,maximum_country_fallback_share",probe_country_service
BY,G-Root,resolved_entry_only,,,0.0,0.0,0.0,,,,,,,,unknown_corridor_observation_concentration,False,False,False,0.0,0.0,,,,,False,False,insufficient_no_inter_region_projection_segments,"minimum_mappable_segments,minimum_unique_probes,minimum_unique_probe_asns,maximum_country_fallback_share",probe_country_service
CA,G-Root,all_publicly_visible,5014,dns-root_g-root_msm5014_20260701T000000Z_010000Z.json,322.0,322.0,9.0,landing_region_19da5dac2df8::landing_region_94c53aa4a6d7,0.4192546583850932,0.7453416149068324,0.9751552795031055,1.202652981957215,0.5473509600985975,3.3289368273792483,weak_corridor_observation_concentration,True,True,True,104.0,32.0,1.0,0.43788819875776397,0.562111801242236,0.10559006211180125,True,True,auditable,,probe_country_service
CA,G-Root,resolved_entry_only,,,0.0,0.0,0.0,,,,,,,,unknown_corridor_observation_concentration,False,False,False,0.0,0.0,,,,,False,False,insufficient_no_inter_region_projection_segments,"minimum_mappable_segments,minimum_unique_probes,minimum_unique_probe_asns,maximum_country_fallback_share",probe_country_service
CD,G-Root,all_publicly_visible,,,0.0,0.0,0.0,,,,,,,,unknown_corridor_observation_concentration,False,False,False,0.0,0.0,,,,,False,False,insufficient_no_inter_region_projection_segments,"minimum_mappable_segments,minimum_unique_probes,minimum_unique_probe_asns,maximum_country_fallback_share",probe_country_service
CD,G-Root,resolved_entry_only,,,0.0,0.0,0.0,,,,,,,,unknown_corridor_observation_concentration,False,False,False,0.0,0.0,,,,,False,False,insufficient_no_inter_region_projection_segments,"minimum_mappable_segments,minimum_unique_probes,minimum_unique_probe_asns,maximum_country_fallback_share",probe_country_service
CG,G-Root,all_publicly_visible,5014,dns-root_g-root_msm5014_20260701T000000Z_010000Z.json,1.0,1.0,1.0,landing_region_0c894d5ef6d3::landing_region_a33078e57a08,1.0,1.0,1.0,-0.0,0.0,1.0,severe_corridor_observation_concentration,True,False,False,1.0,1.0,1.0,0.0,1.0,0.0,True,False,"insufficient_minimum_mappable_segments,minimum_unique_probes,minimum_unique_probe_asns","minimum_mappable_segments,minimum_unique_probes,minimum_unique_probe_asns",probe_country_service
CG,G-Root,resolved_entry_only,,,0.0,0.0,0.0,,,,,,,,unknown_corridor_observation_concentration,False,False,False,0.0,0.0,,,,,False,False,insufficient_no_inter_region_projection_segments,"minimum_mappable_segments,minimum_unique_probes,minimum_unique_probe_asns,maximum_country_fallback_share",probe_country_service
CH,G-Root,all_publicly_visible,,,0.0,0.0,0.0,,,,,,,,unknown_corridor_observation_concentration,False,False,False,0.0,0.0,,,,,False,False,insufficient_no_inter_region_projection_segments,"minimum_mappable_segments,minimum_unique_probes,minimum_unique_probe_asns,maximum_country_fallback_share",probe_country_service
CH,G-Root,resolved_entry_only,,,0.0,0.0,0.0,,,,,,,,unknown_corridor_observation_concentration,False,False,False,0.0,0.0,,,,,False,False,insufficient_no_inter_region_projection_segments,"minimum_mappable_segments,minimum_unique_probes,minimum_unique_probe_asns,maximum_country_fallback_share",probe_country_service
CI,G-Root,all_publicly_visible,5014,dns-root_g-root_msm5014_20260701T000000Z_010000Z.json,2.0,2.0,1.0,landing_region_2e263771884f::landing_region_30beda532e6f,1.0,1.0,1.0,-0.0,0.0,1.0,severe_corridor_observation_concentration,True,False,False,1.0,1.0,1.0,0.0,1.0,0.0,True,False,"insufficient_minimum_mappable_segments,minimum_unique_probes,minimum_unique_probe_asns","minimum_mappable_segments,minimum_unique_probes,minimum_unique_probe_asns",probe_country_service
CI,G-Root,resolved_entry_only,,,0.0,0.0,0.0,,,,,,,,unknown_corridor_observation_concentration,False,False,False,0.0,0.0,,,,,False,False,insufficient_no_inter_region_projection_segments,"minimum_mappable_segments,minimum_unique_probes,minimum_unique_probe_asns,maximum_country_fallback_share",probe_country_service
CK,G-Root,all_publicly_visible,,,0.0,0.0,0.0,,,,,,,,unknown_corridor_observation_concentration,False,False,False,0.0,0.0,,,,,False,False,insufficient_no_inter_region_projection_segments,"minimum_mappable_segments,minimum_unique_probes,minimum_unique_probe_asns,maximum_country_fallback_share",probe_country_service
CK,G-Root,resolved_entry_only,,,0.0,0.0,0.0,,,,,,,,unknown_corridor_observation_concentration,False,False,False,0.0,0.0,,,,,False,False,insufficient_no_inter_region_projection_segments,"minimum_mappable_segments,minimum_unique_probes,minimum_unique_probe_asns,maximum_country_fallback_share",probe_country_service
CL,G-Root,all_publicly_visible,,,0.0,0.0,0.0,,,,,,,,unknown_corridor_observation_concentration,False,False,False,0.0,0.0,,,,,False,False,insufficient_no_inter_region_projection_segments,"minimum_mappable_segments,minimum_unique_probes,minimum_unique_probe_asns,maximum_country_fallback_share",probe_country_service
CL,G-Root,resolved_entry_only,,,0.0,0.0,0.0,,,,,,,,unknown_corridor_observation_concentration,False,False,False,0.0,0.0,,,,,False,False,insufficient_no_inter_region_projection_segments,"minimum_mappable_segments,minimum_unique_probes,minimum_unique_probe_asns,maximum_country_fallback_share",probe_country_service
CM,G-Root,all_publicly_visible,5014,dns-root_g-root_msm5014_20260701T000000Z_010000Z.json,3.0,3.0,2.0,landing_region_30beda532e6f::landing_region_99a747248ab4,0.6666666666666666,1.0,1.0,0.6365141682948128,0.9182958340544894,1.8898815748423097,moderate_corridor_observation_concentration,True,False,False,2.0,2.0,1.0,0.0,1.0,0.0,True,False,"insufficient_minimum_mappable_segments,minimum_unique_probes,minimum_unique_probe_asns","minimum_mappable_segments,minimum_unique_probes,minimum_unique_probe_asns",probe_country_service
CM,G-Root,resolved_entry_only,,,0.0,0.0,0.0,,,,,,,,unknown_corridor_observation_concentration,False,False,False,0.0,0.0,,,,,False,False,insufficient_no_inter_region_projection_segments,"minimum_mappable_segments,minimum_unique_probes,minimum_unique_probe_asns,maximum_country_fallback_share",probe_country_service
CN,G-Root,all_publicly_visible,5014,dns-root_g-root_msm5014_20260701T000000Z_010000Z.json,13.0,13.0,3.0,landing_region_271ad44782a4::landing_region_319252418c1f,0.5384615384615384,0.9230769230769231,1.0,0.8981370031878679,0.8175195311866702,2.4550251440948596,moderate_corridor_observation_concentration,True,False,False,6.0,5.0,1.0,0.46153846153846156,0.5384615384615384,0.0,True,False,"insufficient_minimum_mappable_segments,minimum_unique_probes","minimum_mappable_segments,minimum_unique_probes",probe_country_service
CN,G-Root,resolved_entry_only,,,0.0,0.0,0.0,,,,,,,,unknown_corridor_observation_concentration,False,False,False,0.0,0.0,,,,,False,False,insufficient_no_inter_region_projection_segments,"minimum_mappable_segments,minimum_unique_probes,minimum_unique_probe_asns,maximum_country_fallback_share",probe_country_service
CO,G-Root,all_publicly_visible,5014,dns-root_g-root_msm5014_20260701T000000Z_010000Z.json,17.0,17.0,6.0,landing_region_0c894d5ef6d3::landing_region_af7df63397a0,0.4117647058823529,0.5882352941176471,0.7058823529411764,1.593443285659087,0.8893176305330711,4.92066304003499,broad_corridor_observation_distribution,False,False,False,7.0,3.0,1.0,0.4117647058823529,0.5882352941176471,0.0,True,False,"insufficient_minimum_mappable_segments,minimum_unique_probes","minimum_mappable_segments,minimum_unique_probes",probe_country_service
CO,G-Root,resolved_entry_only,,,0.0,0.0,0.0,,,,,,,,unknown_corridor_observation_concentration,False,False,False,0.0,0.0,,,,,False,False,insufficient_no_inter_region_projection_segments,"minimum_mappable_segments,minimum_unique_probes,minimum_unique_probe_asns,maximum_country_fallback_share",probe_country_service
CR,G-Root,all_publicly_visible,5014,dns-root_g-root_msm5014_20260701T000000Z_010000Z.json,1.0,1.0,1.0,landing_region_0c894d5ef6d3::landing_region_af7df63397a0,1.0,1.0,1.0,-0.0,0.0,1.0,severe_corridor_observation_concentration,True,False,False,1.0,1.0,1.0,1.0,0.0,0.0,True,False,"insufficient_minimum_mappable_segments,minimum_unique_probes,minimum_unique_probe_asns","minimum_mappable_segments,minimum_unique_probes,minimum_unique_probe_asns",probe_country_service
CR,G-Root,resolved_entry_only,,,0.0,0.0,0.0,,,,,,,,unknown_corridor_observation_concentration,False,False,False,0.0,0.0,,,,,False,False,insufficient_no_inter_region_projection_segments,"minimum_mappable_segments,minimum_unique_probes,minimum_unique_probe_asns,maximum_country_fallback_share",probe_country_service
CU,G-Root,all_publicly_visible,5014,dns-root_g-root_msm5014_20260701T000000Z_010000Z.json,1.0,1.0,1.0,landing_region_0c894d5ef6d3::landing_region_bf457e1b83fe,1.0,1.0,1.0,-0.0,0.0,1.0,severe_corridor_observation_concentration,True,False,False,1.0,1.0,1.0,0.0,1.0,0.0,True,False,"insufficient_minimum_mappable_segments,minimum_unique_probes,minimum_unique_probe_asns","minimum_mappable_segments,minimum_unique_probes,minimum_unique_probe_asns",probe_country_service
CU,G-Root,resolved_entry_only,,,0.0,0.0,0.0,,,,,,,,unknown_corridor_observation_concentration,False,False,False,0.0,0.0,,,,,False,False,insufficient_no_inter_region_projection_segments,"minimum_mappable_segments,minimum_unique_probes,minimum_unique_probe_asns,maximum_country_fallback_share",probe_country_service
CV,G-Root,all_publicly_visible,5014,dns-root_g-root_msm5014_20260701T000000Z_010000Z.json,4.0,4.0,2.0,landing_region_0e3c71b8e5bb::landing_region_dffdb65405f5,0.75,1.0,1.0,0.5623351446188083,0.8112781244591328,1.7547653506033232,moderate_corridor_observation_concentration,True,False,False,1.0,1.0,1.0,0.75,0.25,0.0,True,False,"insufficient_minimum_mappable_segments,minimum_unique_probes,minimum_unique_probe_asns","minimum_mappable_segments,minimum_unique_probes,minimum_unique_probe_asns",probe_country_service
CV,G-Root,resolved_entry_only,,,0.0,0.0,0.0,,,,,,,,unknown_corridor_observation_concentration,False,False,False,0.0,0.0,,,,,False,False,insufficient_no_inter_region_projection_segments,"minimum_mappable_segments,minimum_unique_probes,minimum_unique_probe_asns,maximum_country_fallback_share",probe_country_service
CW,G-Root,all_publicly_visible,5014,dns-root_g-root_msm5014_20260701T000000Z_010000Z.json,1.0,1.0,1.0,landing_region_0c894d5ef6d3::landing_region_83c1ffe3b901,1.0,1.0,1.0,-0.0,0.0,1.0,severe_corridor_observation_concentration,True,False,False,1.0,1.0,1.0,0.0,1.0,0.0,True,False,"insufficient_minimum_mappable_segments,minimum_unique_probes,minimum_unique_probe_asns","minimum_mappable_segments,minimum_unique_probes,minimum_unique_probe_asns",probe_country_service
CW,G-Root,resolved_entry_only,,,0.0,0.0,0.0,,,,,,,,unknown_corridor_observation_concentration,False,False,False,0.0,0.0,,,,,False,False,insufficient_no_inter_region_projection_segments,"minimum_mappable_segments,minimum_unique_probes,minimum_unique_probe_asns,maximum_country_fallback_share",probe_country_service
CY,G-Root,all_publicly_visible,5014,dns-root_g-root_msm5014_20260701T000000Z_010000Z.json,18.0,18.0,1.0,landing_region_08ea81d123b5::landing_region_3e7b4a85e943,1.0,1.0,1.0,-0.0,0.0,1.0,severe_corridor_observation_concentration,True,False,False,10.0,5.0,1.0,0.0,1.0,0.0,True,False,insufficient_minimum_mappable_segments,minimum_mappable_segments,probe_country_service
CY,G-Root,resolved_entry_only,,,0.0,0.0,0.0,,,,,,,,unknown_corridor_observation_concentration,False,False,False,0.0,0.0,,,,,False,False,insufficient_no_inter_region_projection_segments,"minimum_mappable_segments,minimum_unique_probes,minimum_unique_probe_asns,maximum_country_fallback_share",probe_country_service
CZ,G-Root,all_publicly_visible,,,0.0,0.0,0.0,,,,,,,,unknown_corridor_observation_concentration,False,False,False,0.0,0.0,,,,,False,False,insufficient_no_inter_region_projection_segments,"minimum_mappable_segments,minimum_unique_probes,minimum_unique_probe_asns,maximum_country_fallback_share",probe_country_service
CZ,G-Root,resolved_entry_only,,,0.0,0.0,0.0,,,,,,,,unknown_corridor_observation_concentration,False,False,False,0.0,0.0,,,,,False,False,insufficient_no_inter_region_projection_segments,"minimum_mappable_segments,minimum_unique_probes,minimum_unique_probe_asns,maximum_country_fallback_share",probe_country_service
DE,G-Root,all_publicly_visible,,,0.0,0.0,0.0,,,,,,,,unknown_corridor_observation_concentration,False,False,False,0.0,0.0,,,,,False,False,insufficient_no_inter_region_projection_segments,"minimum_mappable_segments,minimum_unique_probes,minimum_unique_probe_asns,maximum_country_fallback_share",probe_country_service
DE,G-Root,resolved_entry_only,,,0.0,0.0,0.0,,,,,,,,unknown_corridor_observation_concentration,False,False,False,0.0,0.0,,,,,False,False,insufficient_no_inter_region_projection_segments,"minimum_mappable_segments,minimum_unique_probes,minimum_unique_probe_asns,maximum_country_fallback_share",probe_country_service
DJ,G-Root,all_publicly_visible,,,0.0,0.0,0.0,,,,,,,,unknown_corridor_observation_concentration,False,False,False,0.0,0.0,,,,,False,False,insufficient_no_inter_region_projection_segments,"minimum_mappable_segments,minimum_unique_probes,minimum_unique_probe_asns,maximum_country_fallback_share",probe_country_service
DJ,G-Root,resolved_entry_only,,,0.0,0.0,0.0,,,,,,,,unknown_corridor_observation_concentration,False,False,False,0.0,0.0,,,,,False,False,insufficient_no_inter_region_projection_segments,"minimum_mappable_segments,minimum_unique_probes,minimum_unique_probe_asns,maximum_country_fallback_share",probe_country_service
DK,G-Root,all_publicly_visible,,,0.0,0.0,0.0,,,,,,,,unknown_corridor_observation_concentration,False,False,False,0.0,0.0,,,,,False,False,insufficient_no_inter_region_projection_segments,"minimum_mappable_segments,minimum_unique_probes,minimum_unique_probe_asns,maximum_country_fallback_share",probe_country_service
DK,G-Root,resolved_entry_only,,,0.0,0.0,0.0,,,,,,,,unknown_corridor_observation_concentration,False,False,False,0.0,0.0,,,,,False,False,insufficient_no_inter_region_projection_segments,"minimum_mappable_segments,minimum_unique_probes,minimum_unique_probe_asns,maximum_country_fallback_share",probe_country_service
DO,G-Root,all_publicly_visible,5014,dns-root_g-root_msm5014_20260701T000000Z_010000Z.json,7.0,7.0,2.0,landing_region_0c894d5ef6d3::landing_region_508245093782,0.5714285714285714,1.0,1.0,0.6829081047004717,0.9852281360342515,1.9796263300525183,moderate_corridor_observation_concentration,True,False,False,4.0,4.0,1.0,0.0,1.0,0.0,True,False,"insufficient_minimum_mappable_segments,minimum_unique_probes","minimum_mappable_segments,minimum_unique_probes",probe_country_service
DO,G-Root,resolved_entry_only,,,0.0,0.0,0.0,,,,,,,,unknown_corridor_observation_concentration,False,False,False,0.0,0.0,,,,,False,False,insufficient_no_inter_region_projection_segments,"minimum_mappable_segments,minimum_unique_probes,minimum_unique_probe_asns,maximum_country_fallback_share",probe_country_service
DZ,G-Root,all_publicly_visible,,,0.0,0.0,0.0,,,,,,,,unknown_corridor_observation_concentration,False,False,False,0.0,0.0,,,,,False,False,insufficient_no_inter_region_projection_segments,"minimum_mappable_segments,minimum_unique_probes,minimum_unique_probe_asns,maximum_country_fallback_share",probe_country_service
DZ,G-Root,resolved_entry_only,,,0.0,0.0,0.0,,,,,,,,unknown_corridor_observation_concentration,False,False,False,0.0,0.0,,,,,False,False,insufficient_no_inter_region_projection_segments,"minimum_mappable_segments,minimum_unique_probes,minimum_unique_probe_asns,maximum_country_fallback_share",probe_country_service
EC,G-Root,all_publicly_visible,5014,dns-root_g-root_msm5014_20260701T000000Z_010000Z.json,5.0,5.0,2.0,landing_region_0c894d5ef6d3::landing_region_af7df63397a0,0.8,1.0,1.0,0.5004024235381879,0.7219280948873623,1.6493848884661177,severe_corridor_observation_concentration,True,False,False,2.0,2.0,1.0,0.8,0.2,0.0,True,False,"insufficient_minimum_mappable_segments,minimum_unique_probes,minimum_unique_probe_asns","minimum_mappable_segments,minimum_unique_probes,minimum_unique_probe_asns",probe_country_service
EC,G-Root,resolved_entry_only,,,0.0,0.0,0.0,,,,,,,,unknown_corridor_observation_concentration,False,False,False,0.0,0.0,,,,,False,False,insufficient_no_inter_region_projection_segments,"minimum_mappable_segments,minimum_unique_probes,minimum_unique_probe_asns,maximum_country_fallback_share",probe_country_service
EE,G-Root,all_publicly_visible,5014,dns-root_g-root_msm5014_20260701T000000Z_010000Z.json,55.0,55.0,3.0,landing_region_5631d1801aee::landing_region_65aa8d7cf62e,0.6909090909090909,0.9272727272727272,1.0,0.7870096732127946,0.7163670762930541,2.196817392532565,moderate_corridor_observation_concentration,True,True,True,27.0,14.0,1.0,0.0,1.0,0.0,True,True,auditable,,probe_country_service
EE,G-Root,resolved_entry_only,,,0.0,0.0,0.0,,,,,,,,unknown_corridor_observation_concentration,False,False,False,0.0,0.0,,,,,False,False,insufficient_no_inter_region_projection_segments,"minimum_mappable_segments,minimum_unique_probes,minimum_unique_probe_asns,maximum_country_fallback_share",probe_country_service
EG,G-Root,all_publicly_visible,,,0.0,0.0,0.0,,,,,,,,unknown_corridor_observation_concentration,False,False,False,0.0,0.0,,,,,False,False,insufficient_no_inter_region_projection_segments,"minimum_mappable_segments,minimum_unique_probes,minimum_unique_probe_asns,maximum_country_fallback_share",probe_country_service
EG,G-Root,resolved_entry_only,,,0.0,0.0,0.0,,,,,,,,unknown_corridor_observation_concentration,False,False,False,0.0,0.0,,,,,False,False,insufficient_no_inter_region_projection_segments,"minimum_mappable_segments,minimum_unique_probes,minimum_unique_probe_asns,maximum_country_fallback_share",probe_country_service
ES,G-Root,all_publicly_visible,5014,dns-root_g-root_msm5014_20260701T000000Z_010000Z.json,6.0,6.0,1.0,landing_region_08ea81d123b5::landing_region_8eb611963dd1,1.0,1.0,1.0,-0.0,0.0,1.0,severe_corridor_observation_concentration,True,False,False,3.0,3.0,1.0,0.0,1.0,0.0,True,False,"insufficient_minimum_mappable_segments,minimum_unique_probes","minimum_mappable_segments,minimum_unique_probes",probe_country_service
ES,G-Root,resolved_entry_only,,,0.0,0.0,0.0,,,,,,,,unknown_corridor_observation_concentration,False,False,False,0.0,0.0,,,,,False,False,insufficient_no_inter_region_projection_segments,"minimum_mappable_segments,minimum_unique_probes,minimum_unique_probe_asns,maximum_country_fallback_share",probe_country_service
ET,G-Root,all_publicly_visible,,,0.0,0.0,0.0,,,,,,,,unknown_corridor_observation_concentration,False,False,False,0.0,0.0,,,,,False,False,insufficient_no_inter_region_projection_segments,"minimum_mappable_segments,minimum_unique_probes,minimum_unique_probe_asns,maximum_country_fallback_share",probe_country_service
ET,G-Root,resolved_entry_only,,,0.0,0.0,0.0,,,,,,,,unknown_corridor_observation_concentration,False,False,False,0.0,0.0,,,,,False,False,insufficient_no_inter_region_projection_segments,"minimum_mappable_segments,minimum_unique_probes,minimum_unique_probe_asns,maximum_country_fallback_share",probe_country_service
FI,G-Root,all_publicly_visible,5014,dns-root_g-root_msm5014_20260701T000000Z_010000Z.json,72.0,72.0,7.0,landing_region_65aa8d7cf62e::landing_region_71db3ba08a92,0.3611111111111111,0.6388888888888888,0.7916666666666667,1.549968867614306,0.7965264317917115,4.711323505567045,broad_corridor_observation_distribution,False,False,True,31.0,14.0,1.0,0.4166666666666667,0.5833333333333334,0.0,True,True,auditable,,probe_country_service
FI,G-Root,resolved_entry_only,,,0.0,0.0,0.0,,,,,,,,unknown_corridor_observation_concentration,False,False,False,0.0,0.0,,,,,False,False,insufficient_no_inter_region_projection_segments,"minimum_mappable_segments,minimum_unique_probes,minimum_unique_probe_asns,maximum_country_fallback_share",probe_country_service
FJ,G-Root,all_publicly_visible,,,0.0,0.0,0.0,,,,,,,,unknown_corridor_observation_concentration,False,False,False,0.0,0.0,,,,,False,False,insufficient_no_inter_region_projection_segments,"minimum_mappable_segments,minimum_unique_probes,minimum_unique_probe_asns,maximum_country_fallback_share",probe_country_service
FJ,G-Root,resolved_entry_only,,,0.0,0.0,0.0,,,,,,,,unknown_corridor_observation_concentration,False,False,False,0.0,0.0,,,,,False,False,insufficient_no_inter_region_projection_segments,"minimum_mappable_segments,minimum_unique_probes,minimum_unique_probe_asns,maximum_country_fallback_share",probe_country_service
FM,G-Root,all_publicly_visible,,,0.0,0.0,0.0,,,,,,,,unknown_corridor_observation_concentration,False,False,False,0.0,0.0,,,,,False,False,insufficient_no_inter_region_projection_segments,"minimum_mappable_segments,minimum_unique_probes,minimum_unique_probe_asns,maximum_country_fallback_share",probe_country_service
FM,G-Root,resolved_entry_only,,,0.0,0.0,0.0,,,,,,,,unknown_corridor_observation_concentration,False,False,False,0.0,0.0,,,,,False,False,insufficient_no_inter_region_projection_segments,"minimum_mappable_segments,minimum_unique_probes,minimum_unique_probe_asns,maximum_country_fallback_share",probe_country_service
FR,G-Root,all_publicly_visible,,,0.0,0.0,0.0,,,,,,,,unknown_corridor_observation_concentration,False,False,False,0.0,0.0,,,,,False,False,insufficient_no_inter_region_projection_segments,"minimum_mappable_segments,minimum_unique_probes,minimum_unique_probe_asns,maximum_country_fallback_share",probe_country_service
FR,G-Root,resolved_entry_only,,,0.0,0.0,0.0,,,,,,,,unknown_corridor_observation_concentration,False,False,False,0.0,0.0,,,,,False,False,insufficient_no_inter_region_projection_segments,"minimum_mappable_segments,minimum_unique_probes,minimum_unique_probe_asns,maximum_country_fallback_share",probe_country_service
GB,G-Root,all_publicly_visible,,,0.0,0.0,0.0,,,,,,,,unknown_corridor_observation_concentration,False,False,False,0.0,0.0,,,,,False,False,insufficient_no_inter_region_projection_segments,"minimum_mappable_segments,minimum_unique_probes,minimum_unique_probe_asns,maximum_country_fallback_share",probe_country_service
GB,G-Root,resolved_entry_only,,,0.0,0.0,0.0,,,,,,,,unknown_corridor_observation_concentration,False,False,False,0.0,0.0,,,,,False,False,insufficient_no_inter_region_projection_segments,"minimum_mappable_segments,minimum_unique_probes,minimum_unique_probe_asns,maximum_country_fallback_share",probe_country_service
GE,G-Root,all_publicly_visible,,,0.0,0.0,0.0,,,,,,,,unknown_corridor_observation_concentration,False,False,False,0.0,0.0,,,,,False,False,insufficient_no_inter_region_projection_segments,"minimum_mappable_segments,minimum_unique_probes,minimum_unique_probe_asns,maximum_country_fallback_share",probe_country_service
GE,G-Root,resolved_entry_only,,,0.0,0.0,0.0,,,,,,,,unknown_corridor_observation_concentration,False,False,False,0.0,0.0,,,,,False,False,insufficient_no_inter_region_projection_segments,"minimum_mappable_segments,minimum_unique_probes,minimum_unique_probe_asns,maximum_country_fallback_share",probe_country_service
GF,G-Root,all_publicly_visible,,,0.0,0.0,0.0,,,,,,,,unknown_corridor_observation_concentration,False,False,False,0.0,0.0,,,,,False,False,insufficient_no_inter_region_projection_segments,"minimum_mappable_segments,minimum_unique_probes,minimum_unique_probe_asns,maximum_country_fallback_share",probe_country_service
GF,G-Root,resolved_entry_only,,,0.0,0.0,0.0,,,,,,,,unknown_corridor_observation_concentration,False,False,False,0.0,0.0,,,,,False,False,insufficient_no_inter_region_projection_segments,"minimum_mappable_segments,minimum_unique_probes,minimum_unique_probe_asns,maximum_country_fallback_share",probe_country_service
GG,G-Root,all_publicly_visible,5014,dns-root_g-root_msm5014_20260701T000000Z_010000Z.json,2.0,2.0,1.0,landing_region_0389fb1be871::landing_region_6f4e74811068,1.0,1.0,1.0,-0.0,0.0,1.0,severe_corridor_observation_concentration,True,False,False,1.0,1.0,1.0,1.0,0.0,0.0,True,False,"insufficient_minimum_mappable_segments,minimum_unique_probes,minimum_unique_probe_asns","minimum_mappable_segments,minimum_unique_probes,minimum_unique_probe_asns",probe_country_service
GG,G-Root,resolved_entry_only,,,0.0,0.0,0.0,,,,,,,,unknown_corridor_observation_concentration,False,False,False,0.0,0.0,,,,,False,False,insufficient_no_inter_region_projection_segments,"minimum_mappable_segments,minimum_unique_probes,minimum_unique_probe_asns,maximum_country_fallback_share",probe_country_service
GH,G-Root,all_publicly_visible,5014,dns-root_g-root_msm5014_20260701T000000Z_010000Z.json,2.0,2.0,1.0,landing_region_2e263771884f::landing_region_30beda532e6f,1.0,1.0,1.0,-0.0,0.0,1.0,severe_corridor_observation_concentration,True,False,False,1.0,1.0,1.0,0.0,1.0,0.0,True,False,"insufficient_minimum_mappable_segments,minimum_unique_probes,minimum_unique_probe_asns","minimum_mappable_segments,minimum_unique_probes,minimum_unique_probe_asns",probe_country_service
GH,G-Root,resolved_entry_only,,,0.0,0.0,0.0,,,,,,,,unknown_corridor_observation_concentration,False,False,False,0.0,0.0,,,,,False,False,insufficient_no_inter_region_projection_segments,"minimum_mappable_segments,minimum_unique_probes,minimum_unique_probe_asns,maximum_country_fallback_share",probe_country_service
GP,G-Root,all_publicly_visible,5014,dns-root_g-root_msm5014_20260701T000000Z_010000Z.json,4.0,4.0,2.0,landing_region_24728f09c1b8::landing_region_89faef27b517,0.5,1.0,1.0,0.6931471805599453,1.0,2.0,moderate_corridor_observation_concentration,True,False,False,1.0,1.0,1.0,0.5,0.5,0.0,True,False,"insufficient_minimum_mappable_segments,minimum_unique_probes,minimum_unique_probe_asns","minimum_mappable_segments,minimum_unique_probes,minimum_unique_probe_asns",probe_country_service
GP,G-Root,resolved_entry_only,,,0.0,0.0,0.0,,,,,,,,unknown_corridor_observation_concentration,False,False,False,0.0,0.0,,,,,False,False,insufficient_no_inter_region_projection_segments,"minimum_mappable_segments,minimum_unique_probes,minimum_unique_probe_asns,maximum_country_fallback_share",probe_country_service
GQ,G-Root,all_publicly_visible,,,0.0,0.0,0.0,,,,,,,,unknown_corridor_observation_concentration,False,False,False,0.0,0.0,,,,,False,False,insufficient_no_inter_region_projection_segments,"minimum_mappable_segments,minimum_unique_probes,minimum_unique_probe_asns,maximum_country_fallback_share",probe_country_service
GQ,G-Root,resolved_entry_only,,,0.0,0.0,0.0,,,,,,,,unknown_corridor_observation_concentration,False,False,False,0.0,0.0,,,,,False,False,insufficient_no_inter_region_projection_segments,"minimum_mappable_segments,minimum_unique_probes,minimum_unique_probe_asns,maximum_country_fallback_share",probe_country_service
GR,G-Root,all_publicly_visible,5014,dns-root_g-root_msm5014_20260701T000000Z_010000Z.json,2.0,2.0,1.0,landing_region_08ea81d123b5::landing_region_8935cd2c0a21,1.0,1.0,1.0,-0.0,0.0,1.0,severe_corridor_observation_concentration,True,False,False,1.0,1.0,1.0,0.0,1.0,0.0,True,False,"insufficient_minimum_mappable_segments,minimum_unique_probes,minimum_unique_probe_asns","minimum_mappable_segments,minimum_unique_probes,minimum_unique_probe_asns",probe_country_service
GR,G-Root,resolved_entry_only,,,0.0,0.0,0.0,,,,,,,,unknown_corridor_observation_concentration,False,False,False,0.0,0.0,,,,,False,False,insufficient_no_inter_region_projection_segments,"minimum_mappable_segments,minimum_unique_probes,minimum_unique_probe_asns,maximum_country_fallback_share",probe_country_service
GT,G-Root,all_publicly_visible,,,0.0,0.0,0.0,,,,,,,,unknown_corridor_observation_concentration,False,False,False,0.0,0.0,,,,,False,False,insufficient_no_inter_region_projection_segments,"minimum_mappable_segments,minimum_unique_probes,minimum_unique_probe_asns,maximum_country_fallback_share",probe_country_service
GT,G-Root,resolved_entry_only,,,0.0,0.0,0.0,,,,,,,,unknown_corridor_observation_concentration,False,False,False,0.0,0.0,,,,,False,False,insufficient_no_inter_region_projection_segments,"minimum_mappable_segments,minimum_unique_probes,minimum_unique_probe_asns,maximum_country_fallback_share",probe_country_service
GU,G-Root,all_publicly_visible,5014,dns-root_g-root_msm5014_20260701T000000Z_010000Z.json,22.0,22.0,7.0,landing_region_bc6c664daa8f::landing_region_df61fea74887,0.5909090909090909,0.7727272727272727,0.8636363636363636,1.2918303500837938,0.6638694755309964,3.6394419158909743,weak_corridor_observation_concentration,True,False,False,9.0,5.0,1.0,0.2727272727272727,0.7272727272727273,0.0,True,False,"insufficient_minimum_mappable_segments,minimum_unique_probes","minimum_mappable_segments,minimum_unique_probes",probe_country_service
GU,G-Root,resolved_entry_only,,,0.0,0.0,0.0,,,,,,,,unknown_corridor_observation_concentration,False,False,False,0.0,0.0,,,,,False,False,insufficient_no_inter_region_projection_segments,"minimum_mappable_segments,minimum_unique_probes,minimum_unique_probe_asns,maximum_country_fallback_share",probe_country_service
HK,G-Root,all_publicly_visible,5014,dns-root_g-root_msm5014_20260701T000000Z_010000Z.json,38.0,38.0,3.0,landing_region_319252418c1f::landing_region_6d0b3b188139,0.5,0.9210526315789473,1.0,0.9112283432526174,0.8294357824427167,2.4873760091802897,moderate_corridor_observation_concentration,True,True,True,12.0,10.0,1.0,0.9210526315789473,0.07894736842105263,0.0,True,True,auditable,,probe_country_service
HK,G-Root,resolved_entry_only,,,0.0,0.0,0.0,,,,,,,,unknown_corridor_observation_concentration,False,False,False,0.0,0.0,,,,,False,False,insufficient_no_inter_region_projection_segments,"minimum_mappable_segments,minimum_unique_probes,minimum_unique_probe_asns,maximum_country_fallback_share",probe_country_service
HN,G-Root,all_publicly_visible,5014,dns-root_g-root_msm5014_20260701T000000Z_010000Z.json,10.0,10.0,1.0,landing_region_0c894d5ef6d3::landing_region_620bdff3a2d2,1.0,1.0,1.0,-0.0,0.0,1.0,severe_corridor_observation_concentration,True,False,False,6.0,5.0,1.0,0.0,1.0,0.0,True,False,"insufficient_minimum_mappable_segments,minimum_unique_probes","minimum_mappable_segments,minimum_unique_probes",probe_country_service
HN,G-Root,resolved_entry_only,,,0.0,0.0,0.0,,,,,,,,unknown_corridor_observation_concentration,False,False,False,0.0,0.0,,,,,False,False,insufficient_no_inter_region_projection_segments,"minimum_mappable_segments,minimum_unique_probes,minimum_unique_probe_asns,maximum_country_fallback_share",probe_country_service
HR,G-Root,all_publicly_visible,,,0.0,0.0,0.0,,,,,,,,unknown_corridor_observation_concentration,False,False,False,0.0,0.0,,,,,False,False,insufficient_no_inter_region_projection_segments,"minimum_mappable_segments,minimum_unique_probes,minimum_unique_probe_asns,maximum_country_fallback_share",probe_country_service
HR,G-Root,resolved_entry_only,,,0.0,0.0,0.0,,,,,,,,unknown_corridor_observation_concentration,False,False,False,0.0,0.0,,,,,False,False,insufficient_no_inter_region_projection_segments,"minimum_mappable_segments,minimum_unique_probes,minimum_unique_probe_asns,maximum_country_fallback_share",probe_country_service
HT,G-Root,all_publicly_visible,,,0.0,0.0,0.0,,,,,,,,unknown_corridor_observation_concentration,False,False,False,0.0,0.0,,,,,False,False,insufficient_no_inter_region_projection_segments,"minimum_mappable_segments,minimum_unique_probes,minimum_unique_probe_asns,maximum_country_fallback_share",probe_country_service
HT,G-Root,resolved_entry_only,,,0.0,0.0,0.0,,,,,,,,unknown_corridor_observation_concentration,False,False,False,0.0,0.0,,,,,False,False,insufficient_no_inter_region_projection_segments,"minimum_mappable_segments,minimum_unique_probes,minimum_unique_probe_asns,maximum_country_fallback_share",probe_country_service
HU,G-Root,all_publicly_visible,,,0.0,0.0,0.0,,,,,,,,unknown_corridor_observation_concentration,False,False,False,0.0,0.0,,,,,False,False,insufficient_no_inter_region_projection_segments,"minimum_mappable_segments,minimum_unique_probes,minimum_unique_probe_asns,maximum_country_fallback_share",probe_country_service
HU,G-Root,resolved_entry_only,,,0.0,0.0,0.0,,,,,,,,unknown_corridor_observation_concentration,False,False,False,0.0,0.0,,,,,False,False,insufficient_no_inter_region_projection_segments,"minimum_mappable_segments,minimum_unique_probes,minimum_unique_probe_asns,maximum_country_fallback_share",probe_country_service
ID,G-Root,all_publicly_visible,5014,dns-root_g-root_msm5014_20260701T000000Z_010000Z.json,358.0,358.0,13.0,landing_region_149ad599e1a3::landing_region_d0ecf913edd7,0.6480446927374302,0.7653631284916201,0.88268156424581,1.265216044859323,0.49327135492120366,3.5438582857742804,weak_corridor_observation_concentration,True,True,True,81.0,57.0,1.0,0.6424581005586593,0.3575418994413408,0.06424581005586592,True,True,auditable,,probe_country_service
ID,G-Root,resolved_entry_only,,,0.0,0.0,0.0,,,,,,,,unknown_corridor_observation_concentration,False,False,False,0.0,0.0,,,,,False,False,insufficient_no_inter_region_projection_segments,"minimum_mappable_segments,minimum_unique_probes,minimum_unique_probe_asns,maximum_country_fallback_share",probe_country_service
IE,G-Root,all_publicly_visible,,,0.0,0.0,0.0,,,,,,,,unknown_corridor_observation_concentration,False,False,False,0.0,0.0,,,,,False,False,insufficient_no_inter_region_projection_segments,"minimum_mappable_segments,minimum_unique_probes,minimum_unique_probe_asns,maximum_country_fallback_share",probe_country_service
IE,G-Root,resolved_entry_only,,,0.0,0.0,0.0,,,,,,,,unknown_corridor_observation_concentration,False,False,False,0.0,0.0,,,,,False,False,insufficient_no_inter_region_projection_segments,"minimum_mappable_segments,minimum_unique_probes,minimum_unique_probe_asns,maximum_country_fallback_share",probe_country_service
IL,G-Root,all_publicly_visible,5014,dns-root_g-root_msm5014_20260701T000000Z_010000Z.json,58.0,58.0,3.0,landing_region_7559ef31b258::landing_region_c6ca70161fbc,0.7241379310344828,0.8793103448275862,1.0,0.7780548000754773,0.708215999494001,2.17723299026765,moderate_corridor_observation_concentration,True,True,True,20.0,9.0,1.0,1.0,0.0,0.0,True,True,auditable,,probe_country_service
IL,G-Root,resolved_entry_only,,,0.0,0.0,0.0,,,,,,,,unknown_corridor_observation_concentration,False,False,False,0.0,0.0,,,,,False,False,insufficient_no_inter_region_projection_segments,"minimum_mappable_segments,minimum_unique_probes,minimum_unique_probe_asns,maximum_country_fallback_share",probe_country_service
IM,G-Root,all_publicly_visible,,,0.0,0.0,0.0,,,,,,,,unknown_corridor_observation_concentration,False,False,False,0.0,0.0,,,,,False,False,insufficient_no_inter_region_projection_segments,"minimum_mappable_segments,minimum_unique_probes,minimum_unique_probe_asns,maximum_country_fallback_share",probe_country_service
IM,G-Root,resolved_entry_only,,,0.0,0.0,0.0,,,,,,,,unknown_corridor_observation_concentration,False,False,False,0.0,0.0,,,,,False,False,insufficient_no_inter_region_projection_segments,"minimum_mappable_segments,minimum_unique_probes,minimum_unique_probe_asns,maximum_country_fallback_share",probe_country_service
IN,G-Root,all_publicly_visible,5014,dns-root_g-root_msm5014_20260701T000000Z_010000Z.json,298.0,298.0,4.0,landing_region_149ad599e1a3::landing_region_d0ecf913edd7,0.4865771812080537,0.825503355704698,0.9261744966442953,1.1407430828956793,0.8228721943109921,3.129092676748208,moderate_corridor_observation_concentration,True,True,True,110.0,48.0,1.0,0.5604026845637584,0.4395973154362416,0.09395973154362416,True,True,auditable,,probe_country_service
IN,G-Root,resolved_entry_only,,,0.0,0.0,0.0,,,,,,,,unknown_corridor_observation_concentration,False,False,False,0.0,0.0,,,,,False,False,insufficient_no_inter_region_projection_segments,"minimum_mappable_segments,minimum_unique_probes,minimum_unique_probe_asns,maximum_country_fallback_share",probe_country_service
IQ,G-Root,all_publicly_visible,,,0.0,0.0,0.0,,,,,,,,unknown_corridor_observation_concentration,False,False,False,0.0,0.0,,,,,False,False,insufficient_no_inter_region_projection_segments,"minimum_mappable_segments,minimum_unique_probes,minimum_unique_probe_asns,maximum_country_fallback_share",probe_country_service
IQ,G-Root,resolved_entry_only,,,0.0,0.0,0.0,,,,,,,,unknown_corridor_observation_concentration,False,False,False,0.0,0.0,,,,,False,False,insufficient_no_inter_region_projection_segments,"minimum_mappable_segments,minimum_unique_probes,minimum_unique_probe_asns,maximum_country_fallback_share",probe_country_service
IR,G-Root,all_publicly_visible,,,0.0,0.0,0.0,,,,,,,,unknown_corridor_observation_concentration,False,False,False,0.0,0.0,,,,,False,False,insufficient_no_inter_region_projection_segments,"minimum_mappable_segments,minimum_unique_probes,minimum_unique_probe_asns,maximum_country_fallback_share",probe_country_service
IR,G-Root,resolved_entry_only,,,0.0,0.0,0.0,,,,,,,,unknown_corridor_observation_concentration,False,False,False,0.0,0.0,,,,,False,False,insufficient_no_inter_region_projection_segments,"minimum_mappable_segments,minimum_unique_probes,minimum_unique_probe_asns,maximum_country_fallback_share",probe_country_service
IS,G-Root,all_publicly_visible,,,0.0,0.0,0.0,,,,,,,,unknown_corridor_observation_concentration,False,False,False,0.0,0.0,,,,,False,False,insufficient_no_inter_region_projection_segments,"minimum_mappable_segments,minimum_unique_probes,minimum_unique_probe_asns,maximum_country_fallback_share",probe_country_service
IS,G-Root,resolved_entry_only,,,0.0,0.0,0.0,,,,,,,,unknown_corridor_observation_concentration,False,False,False,0.0,0.0,,,,,False,False,insufficient_no_inter_region_projection_segments,"minimum_mappable_segments,minimum_unique_probes,minimum_unique_probe_asns,maximum_country_fallback_share",probe_country_service
IT,G-Root,all_publicly_visible,5014,dns-root_g-root_msm5014_20260701T000000Z_010000Z.json,2.0,2.0,1.0,landing_region_1d5c9bdda1cc::landing_region_ea98b74befe5,1.0,1.0,1.0,-0.0,0.0,1.0,severe_corridor_observation_concentration,True,False,False,1.0,1.0,1.0,1.0,0.0,0.0,True,False,"insufficient_minimum_mappable_segments,minimum_unique_probes,minimum_unique_probe_asns","minimum_mappable_segments,minimum_unique_probes,minimum_unique_probe_asns",probe_country_service
IT,G-Root,resolved_entry_only,,,0.0,0.0,0.0,,,,,,,,unknown_corridor_observation_concentration,False,False,False,0.0,0.0,,,,,False,False,insufficient_no_inter_region_projection_segments,"minimum_mappable_segments,minimum_unique_probes,minimum_unique_probe_asns,maximum_country_fallback_share",probe_country_service
JM,G-Root,all_publicly_visible,5014,dns-root_g-root_msm5014_20260701T000000Z_010000Z.json,2.0,2.0,1.0,landing_region_0c894d5ef6d3::landing_region_af7df63397a0,1.0,1.0,1.0,-0.0,0.0,1.0,severe_corridor_observation_concentration,True,False,False,1.0,1.0,1.0,1.0,0.0,0.0,True,False,"insufficient_minimum_mappable_segments,minimum_unique_probes,minimum_unique_probe_asns","minimum_mappable_segments,minimum_unique_probes,minimum_unique_probe_asns",probe_country_service
JM,G-Root,resolved_entry_only,,,0.0,0.0,0.0,,,,,,,,unknown_corridor_observation_concentration,False,False,False,0.0,0.0,,,,,False,False,insufficient_no_inter_region_projection_segments,"minimum_mappable_segments,minimum_unique_probes,minimum_unique_probe_asns,maximum_country_fallback_share",probe_country_service
JO,G-Root,all_publicly_visible,,,0.0,0.0,0.0,,,,,,,,unknown_corridor_observation_concentration,False,False,False,0.0,0.0,,,,,False,False,insufficient_no_inter_region_projection_segments,"minimum_mappable_segments,minimum_unique_probes,minimum_unique_probe_asns,maximum_country_fallback_share",probe_country_service
JO,G-Root,resolved_entry_only,,,0.0,0.0,0.0,,,,,,,,unknown_corridor_observation_concentration,False,False,False,0.0,0.0,,,,,False,False,insufficient_no_inter_region_projection_segments,"minimum_mappable_segments,minimum_unique_probes,minimum_unique_probe_asns,maximum_country_fallback_share",probe_country_service
JP,G-Root,all_publicly_visible,,,0.0,0.0,0.0,,,,,,,,unknown_corridor_observation_concentration,False,False,False,0.0,0.0,,,,,False,False,insufficient_no_inter_region_projection_segments,"minimum_mappable_segments,minimum_unique_probes,minimum_unique_probe_asns,maximum_country_fallback_share",probe_country_service
JP,G-Root,resolved_entry_only,,,0.0,0.0,0.0,,,,,,,,unknown_corridor_observation_concentration,False,False,False,0.0,0.0,,,,,False,False,insufficient_no_inter_region_projection_segments,"minimum_mappable_segments,minimum_unique_probes,minimum_unique_probe_asns,maximum_country_fallback_share",probe_country_service
KE,G-Root,all_publicly_visible,,,0.0,0.0,0.0,,,,,,,,unknown_corridor_observation_concentration,False,False,False,0.0,0.0,,,,,False,False,insufficient_no_inter_region_projection_segments,"minimum_mappable_segments,minimum_unique_probes,minimum_unique_probe_asns,maximum_country_fallback_share",probe_country_service
KE,G-Root,resolved_entry_only,,,0.0,0.0,0.0,,,,,,,,unknown_corridor_observation_concentration,False,False,False,0.0,0.0,,,,,False,False,insufficient_no_inter_region_projection_segments,"minimum_mappable_segments,minimum_unique_probes,minimum_unique_probe_asns,maximum_country_fallback_share",probe_country_service
KG,G-Root,all_publicly_visible,,,0.0,0.0,0.0,,,,,,,,unknown_corridor_observation_concentration,False,False,False,0.0,0.0,,,,,False,False,insufficient_no_inter_region_projection_segments,"minimum_mappable_segments,minimum_unique_probes,minimum_unique_probe_asns,maximum_country_fallback_share",probe_country_service
KG,G-Root,resolved_entry_only,,,0.0,0.0,0.0,,,,,,,,unknown_corridor_observation_concentration,False,False,False,0.0,0.0,,,,,False,False,insufficient_no_inter_region_projection_segments,"minimum_mappable_segments,minimum_unique_probes,minimum_unique_probe_asns,maximum_country_fallback_share",probe_country_service
KH,G-Root,all_publicly_visible,5014,dns-root_g-root_msm5014_20260701T000000Z_010000Z.json,6.0,6.0,1.0,landing_region_149ad599e1a3::landing_region_d0ecf913edd7,1.0,1.0,1.0,-0.0,0.0,1.0,severe_corridor_observation_concentration,True,False,False,2.0,2.0,1.0,1.0,0.0,0.0,True,False,"insufficient_minimum_mappable_segments,minimum_unique_probes,minimum_unique_probe_asns","minimum_mappable_segments,minimum_unique_probes,minimum_unique_probe_asns",probe_country_service
KH,G-Root,resolved_entry_only,,,0.0,0.0,0.0,,,,,,,,unknown_corridor_observation_concentration,False,False,False,0.0,0.0,,,,,False,False,insufficient_no_inter_region_projection_segments,"minimum_mappable_segments,minimum_unique_probes,minimum_unique_probe_asns,maximum_country_fallback_share",probe_country_service
KI,G-Root,all_publicly_visible,,,0.0,0.0,0.0,,,,,,,,unknown_corridor_observation_concentration,False,False,False,0.0,0.0,,,,,False,False,insufficient_no_inter_region_projection_segments,"minimum_mappable_segments,minimum_unique_probes,minimum_unique_probe_asns,maximum_country_fallback_share",probe_country_service
KI,G-Root,resolved_entry_only,,,0.0,0.0,0.0,,,,,,,,unknown_corridor_observation_concentration,False,False,False,0.0,0.0,,,,,False,False,insufficient_no_inter_region_projection_segments,"minimum_mappable_segments,minimum_unique_probes,minimum_unique_probe_asns,maximum_country_fallback_share",probe_country_service
KN,G-Root,all_publicly_visible,,,0.0,0.0,0.0,,,,,,,,unknown_corridor_observation_concentration,False,False,False,0.0,0.0,,,,,False,False,insufficient_no_inter_region_projection_segments,"minimum_mappable_segments,minimum_unique_probes,minimum_unique_probe_asns,maximum_country_fallback_share",probe_country_service
KN,G-Root,resolved_entry_only,,,0.0,0.0,0.0,,,,,,,,unknown_corridor_observation_concentration,False,False,False,0.0,0.0,,,,,False,False,insufficient_no_inter_region_projection_segments,"minimum_mappable_segments,minimum_unique_probes,minimum_unique_probe_asns,maximum_country_fallback_share",probe_country_service
KR,G-Root,all_publicly_visible,,,0.0,0.0,0.0,,,,,,,,unknown_corridor_observation_concentration,False,False,False,0.0,0.0,,,,,False,False,insufficient_no_inter_region_projection_segments,"minimum_mappable_segments,minimum_unique_probes,minimum_unique_probe_asns,maximum_country_fallback_share",probe_country_service
KR,G-Root,resolved_entry_only,,,0.0,0.0,0.0,,,,,,,,unknown_corridor_observation_concentration,False,False,False,0.0,0.0,,,,,False,False,insufficient_no_inter_region_projection_segments,"minimum_mappable_segments,minimum_unique_probes,minimum_unique_probe_asns,maximum_country_fallback_share",probe_country_service
KW,G-Root,all_publicly_visible,,,0.0,0.0,0.0,,,,,,,,unknown_corridor_observation_concentration,False,False,False,0.0,0.0,,,,,False,False,insufficient_no_inter_region_projection_segments,"minimum_mappable_segments,minimum_unique_probes,minimum_unique_probe_asns,maximum_country_fallback_share",probe_country_service
KW,G-Root,resolved_entry_only,,,0.0,0.0,0.0,,,,,,,,unknown_corridor_observation_concentration,False,False,False,0.0,0.0,,,,,False,False,insufficient_no_inter_region_projection_segments,"minimum_mappable_segments,minimum_unique_probes,minimum_unique_probe_asns,maximum_country_fallback_share",probe_country_service
KY,G-Root,all_publicly_visible,5014,dns-root_g-root_msm5014_20260701T000000Z_010000Z.json,1.0,1.0,1.0,landing_region_0c894d5ef6d3::landing_region_6a990cca53f4,1.0,1.0,1.0,-0.0,0.0,1.0,severe_corridor_observation_concentration,True,False,False,1.0,1.0,1.0,0.0,1.0,0.0,True,False,"insufficient_minimum_mappable_segments,minimum_unique_probes,minimum_unique_probe_asns","minimum_mappable_segments,minimum_unique_probes,minimum_unique_probe_asns",probe_country_service
KY,G-Root,resolved_entry_only,,,0.0,0.0,0.0,,,,,,,,unknown_corridor_observation_concentration,False,False,False,0.0,0.0,,,,,False,False,insufficient_no_inter_region_projection_segments,"minimum_mappable_segments,minimum_unique_probes,minimum_unique_probe_asns,maximum_country_fallback_share",probe_country_service
KZ,G-Root,all_publicly_visible,,,0.0,0.0,0.0,,,,,,,,unknown_corridor_observation_concentration,False,False,False,0.0,0.0,,,,,False,False,insufficient_no_inter_region_projection_segments,"minimum_mappable_segments,minimum_unique_probes,minimum_unique_probe_asns,maximum_country_fallback_share",probe_country_service
KZ,G-Root,resolved_entry_only,,,0.0,0.0,0.0,,,,,,,,unknown_corridor_observation_concentration,False,False,False,0.0,0.0,,,,,False,False,insufficient_no_inter_region_projection_segments,"minimum_mappable_segments,minimum_unique_probes,minimum_unique_probe_asns,maximum_country_fallback_share",probe_country_service
LA,G-Root,all_publicly_visible,5014,dns-root_g-root_msm5014_20260701T000000Z_010000Z.json,4.0,4.0,1.0,landing_region_149ad599e1a3::landing_region_d0ecf913edd7,1.0,1.0,1.0,-0.0,0.0,1.0,severe_corridor_observation_concentration,True,False,False,4.0,1.0,1.0,1.0,0.0,0.0,True,False,"insufficient_minimum_mappable_segments,minimum_unique_probes,minimum_unique_probe_asns","minimum_mappable_segments,minimum_unique_probes,minimum_unique_probe_asns",probe_country_service
LA,G-Root,resolved_entry_only,,,0.0,0.0,0.0,,,,,,,,unknown_corridor_observation_concentration,False,False,False,0.0,0.0,,,,,False,False,insufficient_no_inter_region_projection_segments,"minimum_mappable_segments,minimum_unique_probes,minimum_unique_probe_asns,maximum_country_fallback_share",probe_country_service
LB,G-Root,all_publicly_visible,,,0.0,0.0,0.0,,,,,,,,unknown_corridor_observation_concentration,False,False,False,0.0,0.0,,,,,False,False,insufficient_no_inter_region_projection_segments,"minimum_mappable_segments,minimum_unique_probes,minimum_unique_probe_asns,maximum_country_fallback_share",probe_country_service
LB,G-Root,resolved_entry_only,,,0.0,0.0,0.0,,,,,,,,unknown_corridor_observation_concentration,False,False,False,0.0,0.0,,,,,False,False,insufficient_no_inter_region_projection_segments,"minimum_mappable_segments,minimum_unique_probes,minimum_unique_probe_asns,maximum_country_fallback_share",probe_country_service
LC,G-Root,all_publicly_visible,5014,dns-root_g-root_msm5014_20260701T000000Z_010000Z.json,4.0,4.0,2.0,landing_region_b69228a09b14::landing_region_c92fc361db9a,0.75,1.0,1.0,0.5623351446188083,0.8112781244591328,1.7547653506033232,moderate_corridor_observation_concentration,True,False,False,2.0,1.0,1.0,0.25,0.75,0.0,True,False,"insufficient_minimum_mappable_segments,minimum_unique_probes,minimum_unique_probe_asns","minimum_mappable_segments,minimum_unique_probes,minimum_unique_probe_asns",probe_country_service
LC,G-Root,resolved_entry_only,,,0.0,0.0,0.0,,,,,,,,unknown_corridor_observation_concentration,False,False,False,0.0,0.0,,,,,False,False,insufficient_no_inter_region_projection_segments,"minimum_mappable_segments,minimum_unique_probes,minimum_unique_probe_asns,maximum_country_fallback_share",probe_country_service
LI,G-Root,all_publicly_visible,,,0.0,0.0,0.0,,,,,,,,unknown_corridor_observation_concentration,False,False,False,0.0,0.0,,,,,False,False,insufficient_no_inter_region_projection_segments,"minimum_mappable_segments,minimum_unique_probes,minimum_unique_probe_asns,maximum_country_fallback_share",probe_country_service
LI,G-Root,resolved_entry_only,,,0.0,0.0,0.0,,,,,,,,unknown_corridor_observation_concentration,False,False,False,0.0,0.0,,,,,False,False,insufficient_no_inter_region_projection_segments,"minimum_mappable_segments,minimum_unique_probes,minimum_unique_probe_asns,maximum_country_fallback_share",probe_country_service
LK,G-Root,all_publicly_visible,5014,dns-root_g-root_msm5014_20260701T000000Z_010000Z.json,61.0,61.0,5.0,landing_region_1392e3aea9b8::landing_region_8dc97f28b4d0,0.39344262295081966,0.6557377049180328,0.8524590163934427,1.3983942463675687,0.868871197555331,4.048693540024967,weak_corridor_observation_concentration,True,True,True,12.0,6.0,1.0,0.6557377049180327,0.3442622950819672,0.0,True,True,auditable,,probe_country_service
LK,G-Root,resolved_entry_only,,,0.0,0.0,0.0,,,,,,,,unknown_corridor_observation_concentration,False,False,False,0.0,0.0,,,,,False,False,insufficient_no_inter_region_projection_segments,"minimum_mappable_segments,minimum_unique_probes,minimum_unique_probe_asns,maximum_country_fallback_share",probe_country_service
LR,G-Root,all_publicly_visible,,,0.0,0.0,0.0,,,,,,,,unknown_corridor_observation_concentration,False,False,False,0.0,0.0,,,,,False,False,insufficient_no_inter_region_projection_segments,"minimum_mappable_segments,minimum_unique_probes,minimum_unique_probe_asns,maximum_country_fallback_share",probe_country_service
LR,G-Root,resolved_entry_only,,,0.0,0.0,0.0,,,,,,,,unknown_corridor_observation_concentration,False,False,False,0.0,0.0,,,,,False,False,insufficient_no_inter_region_projection_segments,"minimum_mappable_segments,minimum_unique_probes,minimum_unique_probe_asns,maximum_country_fallback_share",probe_country_service
LS,G-Root,all_publicly_visible,,,0.0,0.0,0.0,,,,,,,,unknown_corridor_observation_concentration,False,False,False,0.0,0.0,,,,,False,False,insufficient_no_inter_region_projection_segments,"minimum_mappable_segments,minimum_unique_probes,minimum_unique_probe_asns,maximum_country_fallback_share",probe_country_service
LS,G-Root,resolved_entry_only,,,0.0,0.0,0.0,,,,,,,,unknown_corridor_observation_concentration,False,False,False,0.0,0.0,,,,,False,False,insufficient_no_inter_region_projection_segments,"minimum_mappable_segments,minimum_unique_probes,minimum_unique_probe_asns,maximum_country_fallback_share",probe_country_service
LT,G-Root,all_publicly_visible,,,0.0,0.0,0.0,,,,,,,,unknown_corridor_observation_concentration,False,False,False,0.0,0.0,,,,,False,False,insufficient_no_inter_region_projection_segments,"minimum_mappable_segments,minimum_unique_probes,minimum_unique_probe_asns,maximum_country_fallback_share",probe_country_service
LT,G-Root,resolved_entry_only,,,0.0,0.0,0.0,,,,,,,,unknown_corridor_observation_concentration,False,False,False,0.0,0.0,,,,,False,False,insufficient_no_inter_region_projection_segments,"minimum_mappable_segments,minimum_unique_probes,minimum_unique_probe_asns,maximum_country_fallback_share",probe_country_service
LU,G-Root,all_publicly_visible,,,0.0,0.0,0.0,,,,,,,,unknown_corridor_observation_concentration,False,False,False,0.0,0.0,,,,,False,False,insufficient_no_inter_region_projection_segments,"minimum_mappable_segments,minimum_unique_probes,minimum_unique_probe_asns,maximum_country_fallback_share",probe_country_service
LU,G-Root,resolved_entry_only,,,0.0,0.0,0.0,,,,,,,,unknown_corridor_observation_concentration,False,False,False,0.0,0.0,,,,,False,False,insufficient_no_inter_region_projection_segments,"minimum_mappable_segments,minimum_unique_probes,minimum_unique_probe_asns,maximum_country_fallback_share",probe_country_service
LV,G-Root,all_publicly_visible,5014,dns-root_g-root_msm5014_20260701T000000Z_010000Z.json,9.0,9.0,2.0,landing_region_5631d1801aee::landing_region_65aa8d7cf62e,0.8888888888888888,1.0,1.0,0.34883209584303193,0.5032583347756457,1.4174111811317323,severe_corridor_observation_concentration,True,False,False,6.0,3.0,1.0,0.1111111111111111,0.8888888888888888,0.0,True,False,"insufficient_minimum_mappable_segments,minimum_unique_probes","minimum_mappable_segments,minimum_unique_probes",probe_country_service
LV,G-Root,resolved_entry_only,,,0.0,0.0,0.0,,,,,,,,unknown_corridor_observation_concentration,False,False,False,0.0,0.0,,,,,False,False,insufficient_no_inter_region_projection_segments,"minimum_mappable_segments,minimum_unique_probes,minimum_unique_probe_asns,maximum_country_fallback_share",probe_country_service
MA,G-Root,all_publicly_visible,,,0.0,0.0,0.0,,,,,,,,unknown_corridor_observation_concentration,False,False,False,0.0,0.0,,,,,False,False,insufficient_no_inter_region_projection_segments,"minimum_mappable_segments,minimum_unique_probes,minimum_unique_probe_asns,maximum_country_fallback_share",probe_country_service
MA,G-Root,resolved_entry_only,,,0.0,0.0,0.0,,,,,,,,unknown_corridor_observation_concentration,False,False,False,0.0,0.0,,,,,False,False,insufficient_no_inter_region_projection_segments,"minimum_mappable_segments,minimum_unique_probes,minimum_unique_probe_asns,maximum_country_fallback_share",probe_country_service
MD,G-Root,all_publicly_visible,,,0.0,0.0,0.0,,,,,,,,unknown_corridor_observation_concentration,False,False,False,0.0,0.0,,,,,False,False,insufficient_no_inter_region_projection_segments,"minimum_mappable_segments,minimum_unique_probes,minimum_unique_probe_asns,maximum_country_fallback_share",probe_country_service
MD,G-Root,resolved_entry_only,,,0.0,0.0,0.0,,,,,,,,unknown_corridor_observation_concentration,False,False,False,0.0,0.0,,,,,False,False,insufficient_no_inter_region_projection_segments,"minimum_mappable_segments,minimum_unique_probes,minimum_unique_probe_asns,maximum_country_fallback_share",probe_country_service
ME,G-Root,all_publicly_visible,,,0.0,0.0,0.0,,,,,,,,unknown_corridor_observation_concentration,False,False,False,0.0,0.0,,,,,False,False,insufficient_no_inter_region_projection_segments,"minimum_mappable_segments,minimum_unique_probes,minimum_unique_probe_asns,maximum_country_fallback_share",probe_country_service
ME,G-Root,resolved_entry_only,,,0.0,0.0,0.0,,,,,,,,unknown_corridor_observation_concentration,False,False,False,0.0,0.0,,,,,False,False,insufficient_no_inter_region_projection_segments,"minimum_mappable_segments,minimum_unique_probes,minimum_unique_probe_asns,maximum_country_fallback_share",probe_country_service
MG,G-Root,all_publicly_visible,,,0.0,0.0,0.0,,,,,,,,unknown_corridor_observation_concentration,False,False,False,0.0,0.0,,,,,False,False,insufficient_no_inter_region_projection_segments,"minimum_mappable_segments,minimum_unique_probes,minimum_unique_probe_asns,maximum_country_fallback_share",probe_country_service
MG,G-Root,resolved_entry_only,,,0.0,0.0,0.0,,,,,,,,unknown_corridor_observation_concentration,False,False,False,0.0,0.0,,,,,False,False,insufficient_no_inter_region_projection_segments,"minimum_mappable_segments,minimum_unique_probes,minimum_unique_probe_asns,maximum_country_fallback_share",probe_country_service
MH,G-Root,all_publicly_visible,,,0.0,0.0,0.0,,,,,,,,unknown_corridor_observation_concentration,False,False,False,0.0,0.0,,,,,False,False,insufficient_no_inter_region_projection_segments,"minimum_mappable_segments,minimum_unique_probes,minimum_unique_probe_asns,maximum_country_fallback_share",probe_country_service
MH,G-Root,resolved_entry_only,,,0.0,0.0,0.0,,,,,,,,unknown_corridor_observation_concentration,False,False,False,0.0,0.0,,,,,False,False,insufficient_no_inter_region_projection_segments,"minimum_mappable_segments,minimum_unique_probes,minimum_unique_probe_asns,maximum_country_fallback_share",probe_country_service
MK,G-Root,all_publicly_visible,,,0.0,0.0,0.0,,,,,,,,unknown_corridor_observation_concentration,False,False,False,0.0,0.0,,,,,False,False,insufficient_no_inter_region_projection_segments,"minimum_mappable_segments,minimum_unique_probes,minimum_unique_probe_asns,maximum_country_fallback_share",probe_country_service
MK,G-Root,resolved_entry_only,,,0.0,0.0,0.0,,,,,,,,unknown_corridor_observation_concentration,False,False,False,0.0,0.0,,,,,False,False,insufficient_no_inter_region_projection_segments,"minimum_mappable_segments,minimum_unique_probes,minimum_unique_probe_asns,maximum_country_fallback_share",probe_country_service
ML,G-Root,all_publicly_visible,5014,dns-root_g-root_msm5014_20260701T000000Z_010000Z.json,2.0,2.0,1.0,landing_region_9d5009d65552::landing_region_c88b92706e9c,1.0,1.0,1.0,-0.0,0.0,1.0,severe_corridor_observation_concentration,True,False,False,1.0,1.0,1.0,0.0,1.0,0.0,True,False,"insufficient_minimum_mappable_segments,minimum_unique_probes,minimum_unique_probe_asns","minimum_mappable_segments,minimum_unique_probes,minimum_unique_probe_asns",probe_country_service
ML,G-Root,resolved_entry_only,,,0.0,0.0,0.0,,,,,,,,unknown_corridor_observation_concentration,False,False,False,0.0,0.0,,,,,False,False,insufficient_no_inter_region_projection_segments,"minimum_mappable_segments,minimum_unique_probes,minimum_unique_probe_asns,maximum_country_fallback_share",probe_country_service
MM,G-Root,all_publicly_visible,5014,dns-root_g-root_msm5014_20260701T000000Z_010000Z.json,11.0,11.0,2.0,landing_region_149ad599e1a3::landing_region_d0ecf913edd7,0.7272727272727273,1.0,1.0,0.5859526183035508,0.8453509366224364,1.7967017416268891,moderate_corridor_observation_concentration,True,False,False,3.0,3.0,1.0,0.7272727272727273,0.2727272727272727,0.0,True,False,"insufficient_minimum_mappable_segments,minimum_unique_probes","minimum_mappable_segments,minimum_unique_probes",probe_country_service
MM,G-Root,resolved_entry_only,,,0.0,0.0,0.0,,,,,,,,unknown_corridor_observation_concentration,False,False,False,0.0,0.0,,,,,False,False,insufficient_no_inter_region_projection_segments,"minimum_mappable_segments,minimum_unique_probes,minimum_unique_probe_asns,maximum_country_fallback_share",probe_country_service
MN,G-Root,all_publicly_visible,,,0.0,0.0,0.0,,,,,,,,unknown_corridor_observation_concentration,False,False,False,0.0,0.0,,,,,False,False,insufficient_no_inter_region_projection_segments,"minimum_mappable_segments,minimum_unique_probes,minimum_unique_probe_asns,maximum_country_fallback_share",probe_country_service
MN,G-Root,resolved_entry_only,,,0.0,0.0,0.0,,,,,,,,unknown_corridor_observation_concentration,False,False,False,0.0,0.0,,,,,False,False,insufficient_no_inter_region_projection_segments,"minimum_mappable_segments,minimum_unique_probes,minimum_unique_probe_asns,maximum_country_fallback_share",probe_country_service
MP,G-Root,all_publicly_visible,5014,dns-root_g-root_msm5014_20260701T000000Z_010000Z.json,4.0,4.0,2.0,landing_region_3602b9b9f277::landing_region_bc6c664daa8f,0.5,1.0,1.0,0.6931471805599453,1.0,2.0,moderate_corridor_observation_concentration,True,False,False,1.0,1.0,1.0,0.0,1.0,0.0,True,False,"insufficient_minimum_mappable_segments,minimum_unique_probes,minimum_unique_probe_asns","minimum_mappable_segments,minimum_unique_probes,minimum_unique_probe_asns",probe_country_service
MP,G-Root,resolved_entry_only,,,0.0,0.0,0.0,,,,,,,,unknown_corridor_observation_concentration,False,False,False,0.0,0.0,,,,,False,False,insufficient_no_inter_region_projection_segments,"minimum_mappable_segments,minimum_unique_probes,minimum_unique_probe_asns,maximum_country_fallback_share",probe_country_service
MT,G-Root,all_publicly_visible,5014,dns-root_g-root_msm5014_20260701T000000Z_010000Z.json,4.0,4.0,1.0,landing_region_08ea81d123b5::landing_region_9e3a5ff856b9,1.0,1.0,1.0,-0.0,0.0,1.0,severe_corridor_observation_concentration,True,False,False,2.0,2.0,1.0,0.0,1.0,0.0,True,False,"insufficient_minimum_mappable_segments,minimum_unique_probes,minimum_unique_probe_asns","minimum_mappable_segments,minimum_unique_probes,minimum_unique_probe_asns",probe_country_service
MT,G-Root,resolved_entry_only,,,0.0,0.0,0.0,,,,,,,,unknown_corridor_observation_concentration,False,False,False,0.0,0.0,,,,,False,False,insufficient_no_inter_region_projection_segments,"minimum_mappable_segments,minimum_unique_probes,minimum_unique_probe_asns,maximum_country_fallback_share",probe_country_service
MU,G-Root,all_publicly_visible,5014,dns-root_g-root_msm5014_20260701T000000Z_010000Z.json,11.0,11.0,1.0,landing_region_149ad599e1a3::landing_region_d0ecf913edd7,1.0,1.0,1.0,-0.0,0.0,1.0,severe_corridor_observation_concentration,True,False,False,3.0,1.0,1.0,1.0,0.0,0.0,True,False,"insufficient_minimum_mappable_segments,minimum_unique_probes,minimum_unique_probe_asns","minimum_mappable_segments,minimum_unique_probes,minimum_unique_probe_asns",probe_country_service
MU,G-Root,resolved_entry_only,,,0.0,0.0,0.0,,,,,,,,unknown_corridor_observation_concentration,False,False,False,0.0,0.0,,,,,False,False,insufficient_no_inter_region_projection_segments,"minimum_mappable_segments,minimum_unique_probes,minimum_unique_probe_asns,maximum_country_fallback_share",probe_country_service
MV,G-Root,all_publicly_visible,5014,dns-root_g-root_msm5014_20260701T000000Z_010000Z.json,63.0,63.0,4.0,landing_region_149ad599e1a3::landing_region_d0ecf913edd7,0.6984126984126984,0.9682539682539681,0.9841269841269841,0.7356907463699587,0.5306886957079198,2.0869230292591214,moderate_corridor_observation_concentration,True,True,True,12.0,4.0,1.0,0.6984126984126984,0.30158730158730157,0.0,True,True,auditable,,probe_country_service
MV,G-Root,resolved_entry_only,,,0.0,0.0,0.0,,,,,,,,unknown_corridor_observation_concentration,False,False,False,0.0,0.0,,,,,False,False,insufficient_no_inter_region_projection_segments,"minimum_mappable_segments,minimum_unique_probes,minimum_unique_probe_asns,maximum_country_fallback_share",probe_country_service
MW,G-Root,all_publicly_visible,,,0.0,0.0,0.0,,,,,,,,unknown_corridor_observation_concentration,False,False,False,0.0,0.0,,,,,False,False,insufficient_no_inter_region_projection_segments,"minimum_mappable_segments,minimum_unique_probes,minimum_unique_probe_asns,maximum_country_fallback_share",probe_country_service
MW,G-Root,resolved_entry_only,,,0.0,0.0,0.0,,,,,,,,unknown_corridor_observation_concentration,False,False,False,0.0,0.0,,,,,False,False,insufficient_no_inter_region_projection_segments,"minimum_mappable_segments,minimum_unique_probes,minimum_unique_probe_asns,maximum_country_fallback_share",probe_country_service
MX,G-Root,all_publicly_visible,5014,dns-root_g-root_msm5014_20260701T000000Z_010000Z.json,10.0,10.0,2.0,landing_region_149ad599e1a3::landing_region_d0ecf913edd7,0.6,1.0,1.0,0.6730116670092565,0.9709505944546688,1.9601317042077895,moderate_corridor_observation_concentration,True,False,False,4.0,3.0,1.0,0.6,0.4,0.0,True,False,"insufficient_minimum_mappable_segments,minimum_unique_probes","minimum_mappable_segments,minimum_unique_probes",probe_country_service
MX,G-Root,resolved_entry_only,,,0.0,0.0,0.0,,,,,,,,unknown_corridor_observation_concentration,False,False,False,0.0,0.0,,,,,False,False,insufficient_no_inter_region_projection_segments,"minimum_mappable_segments,minimum_unique_probes,minimum_unique_probe_asns,maximum_country_fallback_share",probe_country_service
MY,G-Root,all_publicly_visible,5014,dns-root_g-root_msm5014_20260701T000000Z_010000Z.json,48.0,48.0,3.0,landing_region_149ad599e1a3::landing_region_d0ecf913edd7,0.9166666666666666,0.9583333333333333,1.0,0.3445982481028227,0.31366684285007634,1.4114227639742036,severe_corridor_observation_concentration,True,True,True,13.0,12.0,1.0,0.9166666666666666,0.08333333333333333,0.0,True,True,auditable,,probe_country_service
MY,G-Root,resolved_entry_only,,,0.0,0.0,0.0,,,,,,,,unknown_corridor_observation_concentration,False,False,False,0.0,0.0,,,,,False,False,insufficient_no_inter_region_projection_segments,"minimum_mappable_segments,minimum_unique_probes,minimum_unique_probe_asns,maximum_country_fallback_share",probe_country_service
MZ,G-Root,all_publicly_visible,5014,dns-root_g-root_msm5014_20260701T000000Z_010000Z.json,2.0,2.0,1.0,landing_region_08ea81d123b5::landing_region_dc3abce92257,1.0,1.0,1.0,-0.0,0.0,1.0,severe_corridor_observation_concentration,True,False,False,1.0,1.0,1.0,0.0,1.0,0.0,True,False,"insufficient_minimum_mappable_segments,minimum_unique_probes,minimum_unique_probe_asns","minimum_mappable_segments,minimum_unique_probes,minimum_unique_probe_asns",probe_country_service
MZ,G-Root,resolved_entry_only,,,0.0,0.0,0.0,,,,,,,,unknown_corridor_observation_concentration,False,False,False,0.0,0.0,,,,,False,False,insufficient_no_inter_region_projection_segments,"minimum_mappable_segments,minimum_unique_probes,minimum_unique_probe_asns,maximum_country_fallback_share",probe_country_service
NA,G-Root,all_publicly_visible,,,0.0,0.0,0.0,,,,,,,,unknown_corridor_observation_concentration,False,False,False,0.0,0.0,,,,,False,False,insufficient_no_inter_region_projection_segments,"minimum_mappable_segments,minimum_unique_probes,minimum_unique_probe_asns,maximum_country_fallback_share",probe_country_service
NA,G-Root,resolved_entry_only,,,0.0,0.0,0.0,,,,,,,,unknown_corridor_observation_concentration,False,False,False,0.0,0.0,,,,,False,False,insufficient_no_inter_region_projection_segments,"minimum_mappable_segments,minimum_unique_probes,minimum_unique_probe_asns,maximum_country_fallback_share",probe_country_service
NC,G-Root,all_publicly_visible,5014,dns-root_g-root_msm5014_20260701T000000Z_010000Z.json,15.0,15.0,2.0,landing_region_3563aa191965::landing_region_58084817cbe7,0.6,1.0,1.0,0.6730116670092565,0.9709505944546688,1.9601317042077895,moderate_corridor_observation_concentration,True,False,False,5.0,2.0,1.0,0.4,0.6,0.4,False,False,"insufficient_minimum_mappable_segments,minimum_unique_probes,minimum_unique_probe_asns,maximum_country_fallback_share","minimum_mappable_segments,minimum_unique_probes,minimum_unique_probe_asns,maximum_country_fallback_share",probe_country_service
NC,G-Root,resolved_entry_only,,,0.0,0.0,0.0,,,,,,,,unknown_corridor_observation_concentration,False,False,False,0.0,0.0,,,,,False,False,insufficient_no_inter_region_projection_segments,"minimum_mappable_segments,minimum_unique_probes,minimum_unique_probe_asns,maximum_country_fallback_share",probe_country_service
NG,G-Root,all_publicly_visible,5014,dns-root_g-root_msm5014_20260701T000000Z_010000Z.json,6.0,6.0,2.0,landing_region_30beda532e6f::landing_region_c88b92706e9c,0.6666666666666666,1.0,1.0,0.6365141682948128,0.9182958340544894,1.8898815748423097,moderate_corridor_observation_concentration,True,False,False,5.0,4.0,1.0,0.0,1.0,0.0,True,False,"insufficient_minimum_mappable_segments,minimum_unique_probes","minimum_mappable_segments,minimum_unique_probes",probe_country_service
NG,G-Root,resolved_entry_only,,,0.0,0.0,0.0,,,,,,,,unknown_corridor_observation_concentration,False,False,False,0.0,0.0,,,,,False,False,insufficient_no_inter_region_projection_segments,"minimum_mappable_segments,minimum_unique_probes,minimum_unique_probe_asns,maximum_country_fallback_share",probe_country_service
NI,G-Root,all_publicly_visible,,,0.0,0.0,0.0,,,,,,,,unknown_corridor_observation_concentration,False,False,False,0.0,0.0,,,,,False,False,insufficient_no_inter_region_projection_segments,"minimum_mappable_segments,minimum_unique_probes,minimum_unique_probe_asns,maximum_country_fallback_share",probe_country_service
NI,G-Root,resolved_entry_only,,,0.0,0.0,0.0,,,,,,,,unknown_corridor_observation_concentration,False,False,False,0.0,0.0,,,,,False,False,insufficient_no_inter_region_projection_segments,"minimum_mappable_segments,minimum_unique_probes,minimum_unique_probe_asns,maximum_country_fallback_share",probe_country_service
NL,G-Root,all_publicly_visible,,,0.0,0.0,0.0,,,,,,,,unknown_corridor_observation_concentration,False,False,False,0.0,0.0,,,,,False,False,insufficient_no_inter_region_projection_segments,"minimum_mappable_segments,minimum_unique_probes,minimum_unique_probe_asns,maximum_country_fallback_share",probe_country_service
NL,G-Root,resolved_entry_only,,,0.0,0.0,0.0,,,,,,,,unknown_corridor_observation_concentration,False,False,False,0.0,0.0,,,,,False,False,insufficient_no_inter_region_projection_segments,"minimum_mappable_segments,minimum_unique_probes,minimum_unique_probe_asns,maximum_country_fallback_share",probe_country_service
NO,G-Root,all_publicly_visible,5014,dns-root_g-root_msm5014_20260701T000000Z_010000Z.json,334.0,334.00000000000006,15.0,landing_region_2f1f6d8f7ce5::landing_region_d514e04d4eb8,0.7684630738522955,0.815369261477046,0.8512974051896208,1.073703646025491,0.39648587222957693,2.9261970535040907,moderate_corridor_observation_concentration,True,True,True,72.0,27.0,1.0,1.0,0.0,0.0,True,True,auditable,,probe_country_service
NO,G-Root,resolved_entry_only,,,0.0,0.0,0.0,,,,,,,,unknown_corridor_observation_concentration,False,False,False,0.0,0.0,,,,,False,False,insufficient_no_inter_region_projection_segments,"minimum_mappable_segments,minimum_unique_probes,minimum_unique_probe_asns,maximum_country_fallback_share",probe_country_service
NP,G-Root,all_publicly_visible,5014,dns-root_g-root_msm5014_20260701T000000Z_010000Z.json,14.0,14.0,5.0,landing_region_149ad599e1a3::landing_region_d0ecf913edd7,0.5714285714285714,0.7142857142857142,0.8214285714285714,1.2648986139807536,0.7859256975422753,3.542733534249978,weak_corridor_observation_concentration,True,False,False,10.0,6.0,1.0,0.5714285714285714,0.42857142857142855,0.21428571428571427,True,False,insufficient_minimum_mappable_segments,minimum_mappable_segments,probe_country_service
NP,G-Root,resolved_entry_only,,,0.0,0.0,0.0,,,,,,,,unknown_corridor_observation_concentration,False,False,False,0.0,0.0,,,,,False,False,insufficient_no_inter_region_projection_segments,"minimum_mappable_segments,minimum_unique_probes,minimum_unique_probe_asns,maximum_country_fallback_share",probe_country_service
NU,G-Root,all_publicly_visible,5014,dns-root_g-root_msm5014_20260701T000000Z_010000Z.json,2.0,2.0,1.0,landing_region_0601a73acabb::landing_region_3b96281acedd,1.0,1.0,1.0,-0.0,0.0,1.0,severe_corridor_observation_concentration,True,False,False,1.0,1.0,1.0,0.0,1.0,0.0,True,False,"insufficient_minimum_mappable_segments,minimum_unique_probes,minimum_unique_probe_asns","minimum_mappable_segments,minimum_unique_probes,minimum_unique_probe_asns",probe_country_service
NU,G-Root,resolved_entry_only,,,0.0,0.0,0.0,,,,,,,,unknown_corridor_observation_concentration,False,False,False,0.0,0.0,,,,,False,False,insufficient_no_inter_region_projection_segments,"minimum_mappable_segments,minimum_unique_probes,minimum_unique_probe_asns,maximum_country_fallback_share",probe_country_service
NZ,G-Root,all_publicly_visible,5014,dns-root_g-root_msm5014_20260701T000000Z_010000Z.json,288.0,288.0,10.0,landing_region_58084817cbe7::landing_region_64abd2b76b5b,0.3402777777777778,0.5381944444444444,0.65625,1.8727067382618365,0.8133062026501529,6.5058823088951705,broad_corridor_observation_distribution,False,False,True,71.0,21.0,1.0,0.5416666666666666,0.4583333333333333,0.0,True,True,auditable,,probe_country_service
NZ,G-Root,resolved_entry_only,,,0.0,0.0,0.0,,,,,,,,unknown_corridor_observation_concentration,False,False,False,0.0,0.0,,,,,False,False,insufficient_no_inter_region_projection_segments,"minimum_mappable_segments,minimum_unique_probes,minimum_unique_probe_asns,maximum_country_fallback_share",probe_country_service
OM,G-Root,all_publicly_visible,5014,dns-root_g-root_msm5014_20260701T000000Z_010000Z.json,5.0,5.0,1.0,landing_region_319252418c1f::landing_region_d0ecf913edd7,1.0,1.0,1.0,-0.0,0.0,1.0,severe_corridor_observation_concentration,True,False,False,2.0,2.0,1.0,0.0,1.0,0.0,True,False,"insufficient_minimum_mappable_segments,minimum_unique_probes,minimum_unique_probe_asns","minimum_mappable_segments,minimum_unique_probes,minimum_unique_probe_asns",probe_country_service
OM,G-Root,resolved_entry_only,,,0.0,0.0,0.0,,,,,,,,unknown_corridor_observation_concentration,False,False,False,0.0,0.0,,,,,False,False,insufficient_no_inter_region_projection_segments,"minimum_mappable_segments,minimum_unique_probes,minimum_unique_probe_asns,maximum_country_fallback_share",probe_country_service
PA,G-Root,all_publicly_visible,5014,dns-root_g-root_msm5014_20260701T000000Z_010000Z.json,4.0,4.0,2.0,landing_region_0c894d5ef6d3::landing_region_af7df63397a0,0.5,1.0,1.0,0.6931471805599453,1.0,2.0,moderate_corridor_observation_concentration,True,False,False,2.0,1.0,1.0,0.5,0.5,0.0,True,False,"insufficient_minimum_mappable_segments,minimum_unique_probes,minimum_unique_probe_asns","minimum_mappable_segments,minimum_unique_probes,minimum_unique_probe_asns",probe_country_service
PA,G-Root,resolved_entry_only,,,0.0,0.0,0.0,,,,,,,,unknown_corridor_observation_concentration,False,False,False,0.0,0.0,,,,,False,False,insufficient_no_inter_region_projection_segments,"minimum_mappable_segments,minimum_unique_probes,minimum_unique_probe_asns,maximum_country_fallback_share",probe_country_service
PE,G-Root,all_publicly_visible,5014,dns-root_g-root_msm5014_20260701T000000Z_010000Z.json,2.0,2.0,2.0,landing_region_0c894d5ef6d3::landing_region_83c1ffe3b901,0.5,1.0,1.0,0.6931471805599453,1.0,2.0,moderate_corridor_observation_concentration,True,False,False,1.0,1.0,1.0,0.5,0.5,0.0,True,False,"insufficient_minimum_mappable_segments,minimum_unique_probes,minimum_unique_probe_asns","minimum_mappable_segments,minimum_unique_probes,minimum_unique_probe_asns",probe_country_service
PE,G-Root,resolved_entry_only,,,0.0,0.0,0.0,,,,,,,,unknown_corridor_observation_concentration,False,False,False,0.0,0.0,,,,,False,False,insufficient_no_inter_region_projection_segments,"minimum_mappable_segments,minimum_unique_probes,minimum_unique_probe_asns,maximum_country_fallback_share",probe_country_service
PF,G-Root,all_publicly_visible,,,0.0,0.0,0.0,,,,,,,,unknown_corridor_observation_concentration,False,False,False,0.0,0.0,,,,,False,False,insufficient_no_inter_region_projection_segments,"minimum_mappable_segments,minimum_unique_probes,minimum_unique_probe_asns,maximum_country_fallback_share",probe_country_service
PF,G-Root,resolved_entry_only,,,0.0,0.0,0.0,,,,,,,,unknown_corridor_observation_concentration,False,False,False,0.0,0.0,,,,,False,False,insufficient_no_inter_region_projection_segments,"minimum_mappable_segments,minimum_unique_probes,minimum_unique_probe_asns,maximum_country_fallback_share",probe_country_service
PG,G-Root,all_publicly_visible,5014,dns-root_g-root_msm5014_20260701T000000Z_010000Z.json,2.0,2.0,1.0,landing_region_58084817cbe7::landing_region_a4275bfd77b7,1.0,1.0,1.0,-0.0,0.0,1.0,severe_corridor_observation_concentration,True,False,False,1.0,1.0,1.0,0.0,1.0,0.0,True,False,"insufficient_minimum_mappable_segments,minimum_unique_probes,minimum_unique_probe_asns","minimum_mappable_segments,minimum_unique_probes,minimum_unique_probe_asns",probe_country_service
PG,G-Root,resolved_entry_only,,,0.0,0.0,0.0,,,,,,,,unknown_corridor_observation_concentration,False,False,False,0.0,0.0,,,,,False,False,insufficient_no_inter_region_projection_segments,"minimum_mappable_segments,minimum_unique_probes,minimum_unique_probe_asns,maximum_country_fallback_share",probe_country_service
PH,G-Root,all_publicly_visible,5014,dns-root_g-root_msm5014_20260701T000000Z_010000Z.json,84.0,84.0,8.0,landing_region_149ad599e1a3::landing_region_d0ecf913edd7,0.5,0.7619047619047619,0.8333333333333334,1.442901885397224,0.6938891315173036,4.232961580867114,weak_corridor_observation_concentration,True,True,True,26.0,20.0,1.0,0.6190476190476191,0.38095238095238093,0.0,True,True,auditable,,probe_country_service
PH,G-Root,resolved_entry_only,,,0.0,0.0,0.0,,,,,,,,unknown_corridor_observation_concentration,False,False,False,0.0,0.0,,,,,False,False,insufficient_no_inter_region_projection_segments,"minimum_mappable_segments,minimum_unique_probes,minimum_unique_probe_asns,maximum_country_fallback_share",probe_country_service
PK,G-Root,all_publicly_visible,5014,dns-root_g-root_msm5014_20260701T000000Z_010000Z.json,7.0,7.0,1.0,landing_region_1b3a8d836a7d::landing_region_ea98b74befe5,1.0,1.0,1.0,-0.0,0.0,1.0,severe_corridor_observation_concentration,True,False,False,5.0,5.0,1.0,0.0,1.0,1.0,False,False,"insufficient_minimum_mappable_segments,minimum_unique_probes,maximum_country_fallback_share","minimum_mappable_segments,minimum_unique_probes,maximum_country_fallback_share",probe_country_service
PK,G-Root,resolved_entry_only,,,0.0,0.0,0.0,,,,,,,,unknown_corridor_observation_concentration,False,False,False,0.0,0.0,,,,,False,False,insufficient_no_inter_region_projection_segments,"minimum_mappable_segments,minimum_unique_probes,minimum_unique_probe_asns,maximum_country_fallback_share",probe_country_service
PL,G-Root,all_publicly_visible,,,0.0,0.0,0.0,,,,,,,,unknown_corridor_observation_concentration,False,False,False,0.0,0.0,,,,,False,False,insufficient_no_inter_region_projection_segments,"minimum_mappable_segments,minimum_unique_probes,minimum_unique_probe_asns,maximum_country_fallback_share",probe_country_service
PL,G-Root,resolved_entry_only,,,0.0,0.0,0.0,,,,,,,,unknown_corridor_observation_concentration,False,False,False,0.0,0.0,,,,,False,False,insufficient_no_inter_region_projection_segments,"minimum_mappable_segments,minimum_unique_probes,minimum_unique_probe_asns,maximum_country_fallback_share",probe_country_service
PR,G-Root,all_publicly_visible,5014,dns-root_g-root_msm5014_20260701T000000Z_010000Z.json,4.0,4.0,1.0,landing_region_0c894d5ef6d3::landing_region_822747b0ce7e,1.0,1.0,1.0,-0.0,0.0,1.0,severe_corridor_observation_concentration,True,False,False,2.0,2.0,1.0,0.0,1.0,0.0,True,False,"insufficient_minimum_mappable_segments,minimum_unique_probes,minimum_unique_probe_asns","minimum_mappable_segments,minimum_unique_probes,minimum_unique_probe_asns",probe_country_service
PR,G-Root,resolved_entry_only,,,0.0,0.0,0.0,,,,,,,,unknown_corridor_observation_concentration,False,False,False,0.0,0.0,,,,,False,False,insufficient_no_inter_region_projection_segments,"minimum_mappable_segments,minimum_unique_probes,minimum_unique_probe_asns,maximum_country_fallback_share",probe_country_service
PS,G-Root,all_publicly_visible,,,0.0,0.0,0.0,,,,,,,,unknown_corridor_observation_concentration,False,False,False,0.0,0.0,,,,,False,False,insufficient_no_inter_region_projection_segments,"minimum_mappable_segments,minimum_unique_probes,minimum_unique_probe_asns,maximum_country_fallback_share",probe_country_service
PS,G-Root,resolved_entry_only,,,0.0,0.0,0.0,,,,,,,,unknown_corridor_observation_concentration,False,False,False,0.0,0.0,,,,,False,False,insufficient_no_inter_region_projection_segments,"minimum_mappable_segments,minimum_unique_probes,minimum_unique_probe_asns,maximum_country_fallback_share",probe_country_service
PT,G-Root,all_publicly_visible,,,0.0,0.0,0.0,,,,,,,,unknown_corridor_observation_concentration,False,False,False,0.0,0.0,,,,,False,False,insufficient_no_inter_region_projection_segments,"minimum_mappable_segments,minimum_unique_probes,minimum_unique_probe_asns,maximum_country_fallback_share",probe_country_service
PT,G-Root,resolved_entry_only,,,0.0,0.0,0.0,,,,,,,,unknown_corridor_observation_concentration,False,False,False,0.0,0.0,,,,,False,False,insufficient_no_inter_region_projection_segments,"minimum_mappable_segments,minimum_unique_probes,minimum_unique_probe_asns,maximum_country_fallback_share",probe_country_service
PW,G-Root,all_publicly_visible,,,0.0,0.0,0.0,,,,,,,,unknown_corridor_observation_concentration,False,False,False,0.0,0.0,,,,,False,False,insufficient_no_inter_region_projection_segments,"minimum_mappable_segments,minimum_unique_probes,minimum_unique_probe_asns,maximum_country_fallback_share",probe_country_service
PW,G-Root,resolved_entry_only,,,0.0,0.0,0.0,,,,,,,,unknown_corridor_observation_concentration,False,False,False,0.0,0.0,,,,,False,False,insufficient_no_inter_region_projection_segments,"minimum_mappable_segments,minimum_unique_probes,minimum_unique_probe_asns,maximum_country_fallback_share",probe_country_service
PY,G-Root,all_publicly_visible,,,0.0,0.0,0.0,,,,,,,,unknown_corridor_observation_concentration,False,False,False,0.0,0.0,,,,,False,False,insufficient_no_inter_region_projection_segments,"minimum_mappable_segments,minimum_unique_probes,minimum_unique_probe_asns,maximum_country_fallback_share",probe_country_service
PY,G-Root,resolved_entry_only,,,0.0,0.0,0.0,,,,,,,,unknown_corridor_observation_concentration,False,False,False,0.0,0.0,,,,,False,False,insufficient_no_inter_region_projection_segments,"minimum_mappable_segments,minimum_unique_probes,minimum_unique_probe_asns,maximum_country_fallback_share",probe_country_service
QA,G-Root,all_publicly_visible,5014,dns-root_g-root_msm5014_20260701T000000Z_010000Z.json,2.0,2.0,1.0,landing_region_08ea81d123b5::landing_region_f0ff9789c5ea,1.0,1.0,1.0,-0.0,0.0,1.0,severe_corridor_observation_concentration,True,False,False,1.0,1.0,1.0,0.0,1.0,0.0,True,False,"insufficient_minimum_mappable_segments,minimum_unique_probes,minimum_unique_probe_asns","minimum_mappable_segments,minimum_unique_probes,minimum_unique_probe_asns",probe_country_service
QA,G-Root,resolved_entry_only,,,0.0,0.0,0.0,,,,,,,,unknown_corridor_observation_concentration,False,False,False,0.0,0.0,,,,,False,False,insufficient_no_inter_region_projection_segments,"minimum_mappable_segments,minimum_unique_probes,minimum_unique_probe_asns,maximum_country_fallback_share",probe_country_service
RE,G-Root,all_publicly_visible,,,0.0,0.0,0.0,,,,,,,,unknown_corridor_observation_concentration,False,False,False,0.0,0.0,,,,,False,False,insufficient_no_inter_region_projection_segments,"minimum_mappable_segments,minimum_unique_probes,minimum_unique_probe_asns,maximum_country_fallback_share",probe_country_service
RE,G-Root,resolved_entry_only,,,0.0,0.0,0.0,,,,,,,,unknown_corridor_observation_concentration,False,False,False,0.0,0.0,,,,,False,False,insufficient_no_inter_region_projection_segments,"minimum_mappable_segments,minimum_unique_probes,minimum_unique_probe_asns,maximum_country_fallback_share",probe_country_service
RO,G-Root,all_publicly_visible,,,0.0,0.0,0.0,,,,,,,,unknown_corridor_observation_concentration,False,False,False,0.0,0.0,,,,,False,False,insufficient_no_inter_region_projection_segments,"minimum_mappable_segments,minimum_unique_probes,minimum_unique_probe_asns,maximum_country_fallback_share",probe_country_service
RO,G-Root,resolved_entry_only,,,0.0,0.0,0.0,,,,,,,,unknown_corridor_observation_concentration,False,False,False,0.0,0.0,,,,,False,False,insufficient_no_inter_region_projection_segments,"minimum_mappable_segments,minimum_unique_probes,minimum_unique_probe_asns,maximum_country_fallback_share",probe_country_service
RS,G-Root,all_publicly_visible,,,0.0,0.0,0.0,,,,,,,,unknown_corridor_observation_concentration,False,False,False,0.0,0.0,,,,,False,False,insufficient_no_inter_region_projection_segments,"minimum_mappable_segments,minimum_unique_probes,minimum_unique_probe_asns,maximum_country_fallback_share",probe_country_service
RS,G-Root,resolved_entry_only,,,0.0,0.0,0.0,,,,,,,,unknown_corridor_observation_concentration,False,False,False,0.0,0.0,,,,,False,False,insufficient_no_inter_region_projection_segments,"minimum_mappable_segments,minimum_unique_probes,minimum_unique_probe_asns,maximum_country_fallback_share",probe_country_service
RU,G-Root,all_publicly_visible,5014,dns-root_g-root_msm5014_20260701T000000Z_010000Z.json,56.0,56.0,2.0,landing_region_65aa8d7cf62e::landing_region_71db3ba08a92,0.9107142857142857,1.0,1.0,0.30088210446530783,0.43408112000433463,1.3510500493803155,severe_corridor_observation_concentration,True,True,True,41.0,32.0,1.0,0.0,1.0,0.0,True,True,auditable,,probe_country_service
RU,G-Root,resolved_entry_only,,,0.0,0.0,0.0,,,,,,,,unknown_corridor_observation_concentration,False,False,False,0.0,0.0,,,,,False,False,insufficient_no_inter_region_projection_segments,"minimum_mappable_segments,minimum_unique_probes,minimum_unique_probe_asns,maximum_country_fallback_share",probe_country_service
RW,G-Root,all_publicly_visible,,,0.0,0.0,0.0,,,,,,,,unknown_corridor_observation_concentration,False,False,False,0.0,0.0,,,,,False,False,insufficient_no_inter_region_projection_segments,"minimum_mappable_segments,minimum_unique_probes,minimum_unique_probe_asns,maximum_country_fallback_share",probe_country_service
RW,G-Root,resolved_entry_only,,,0.0,0.0,0.0,,,,,,,,unknown_corridor_observation_concentration,False,False,False,0.0,0.0,,,,,False,False,insufficient_no_inter_region_projection_segments,"minimum_mappable_segments,minimum_unique_probes,minimum_unique_probe_asns,maximum_country_fallback_share",probe_country_service
SA,G-Root,all_publicly_visible,5014,dns-root_g-root_msm5014_20260701T000000Z_010000Z.json,1.0,1.0,1.0,landing_region_08ea81d123b5::landing_region_a096883e3a96,1.0,1.0,1.0,-0.0,0.0,1.0,severe_corridor_observation_concentration,True,False,False,1.0,1.0,1.0,0.0,1.0,0.0,True,False,"insufficient_minimum_mappable_segments,minimum_unique_probes,minimum_unique_probe_asns","minimum_mappable_segments,minimum_unique_probes,minimum_unique_probe_asns",probe_country_service
SA,G-Root,resolved_entry_only,,,0.0,0.0,0.0,,,,,,,,unknown_corridor_observation_concentration,False,False,False,0.0,0.0,,,,,False,False,insufficient_no_inter_region_projection_segments,"minimum_mappable_segments,minimum_unique_probes,minimum_unique_probe_asns,maximum_country_fallback_share",probe_country_service
SE,G-Root,all_publicly_visible,5014,dns-root_g-root_msm5014_20260701T000000Z_010000Z.json,39.0,39.0,3.0,landing_region_1ce0b85cd8b9::landing_region_e1a72a298b9d,0.9230769230769231,0.9743589743589745,1.0,0.32015200137221433,0.29141491013207854,1.377337105555524,severe_corridor_observation_concentration,True,True,True,18.0,11.0,1.0,1.0,0.0,0.0,True,True,auditable,,probe_country_service
SE,G-Root,resolved_entry_only,,,0.0,0.0,0.0,,,,,,,,unknown_corridor_observation_concentration,False,False,False,0.0,0.0,,,,,False,False,insufficient_no_inter_region_projection_segments,"minimum_mappable_segments,minimum_unique_probes,minimum_unique_probe_asns,maximum_country_fallback_share",probe_country_service
SG,G-Root,all_publicly_visible,5014,dns-root_g-root_msm5014_20260701T000000Z_010000Z.json,700.0,700.0,3.0,landing_region_149ad599e1a3::landing_region_d0ecf913edd7,0.9628571428571429,0.9971428571428571,1.0,0.16882793355145395,0.15367380766888253,1.1839164091050487,severe_corridor_observation_concentration,True,True,True,110.0,58.0,1.0,0.9628571428571429,0.037142857142857144,0.0014285714285714286,True,True,auditable,,probe_country_service
SG,G-Root,resolved_entry_only,,,0.0,0.0,0.0,,,,,,,,unknown_corridor_observation_concentration,False,False,False,0.0,0.0,,,,,False,False,insufficient_no_inter_region_projection_segments,"minimum_mappable_segments,minimum_unique_probes,minimum_unique_probe_asns,maximum_country_fallback_share",probe_country_service
SI,G-Root,all_publicly_visible,,,0.0,0.0,0.0,,,,,,,,unknown_corridor_observation_concentration,False,False,False,0.0,0.0,,,,,False,False,insufficient_no_inter_region_projection_segments,"minimum_mappable_segments,minimum_unique_probes,minimum_unique_probe_asns,maximum_country_fallback_share",probe_country_service
SI,G-Root,resolved_entry_only,,,0.0,0.0,0.0,,,,,,,,unknown_corridor_observation_concentration,False,False,False,0.0,0.0,,,,,False,False,insufficient_no_inter_region_projection_segments,"minimum_mappable_segments,minimum_unique_probes,minimum_unique_probe_asns,maximum_country_fallback_share",probe_country_service
SK,G-Root,all_publicly_visible,,,0.0,0.0,0.0,,,,,,,,unknown_corridor_observation_concentration,False,False,False,0.0,0.0,,,,,False,False,insufficient_no_inter_region_projection_segments,"minimum_mappable_segments,minimum_unique_probes,minimum_unique_probe_asns,maximum_country_fallback_share",probe_country_service
SK,G-Root,resolved_entry_only,,,0.0,0.0,0.0,,,,,,,,unknown_corridor_observation_concentration,False,False,False,0.0,0.0,,,,,False,False,insufficient_no_inter_region_projection_segments,"minimum_mappable_segments,minimum_unique_probes,minimum_unique_probe_asns,maximum_country_fallback_share",probe_country_service
SL,G-Root,all_publicly_visible,5014,dns-root_g-root_msm5014_20260701T000000Z_010000Z.json,2.0,2.0,1.0,landing_region_c88b92706e9c::landing_region_dbe3261635ed,1.0,1.0,1.0,-0.0,0.0,1.0,severe_corridor_observation_concentration,True,False,False,1.0,1.0,1.0,0.0,1.0,0.0,True,False,"insufficient_minimum_mappable_segments,minimum_unique_probes,minimum_unique_probe_asns","minimum_mappable_segments,minimum_unique_probes,minimum_unique_probe_asns",probe_country_service
SL,G-Root,resolved_entry_only,,,0.0,0.0,0.0,,,,,,,,unknown_corridor_observation_concentration,False,False,False,0.0,0.0,,,,,False,False,insufficient_no_inter_region_projection_segments,"minimum_mappable_segments,minimum_unique_probes,minimum_unique_probe_asns,maximum_country_fallback_share",probe_country_service
SM,G-Root,all_publicly_visible,,,0.0,0.0,0.0,,,,,,,,unknown_corridor_observation_concentration,False,False,False,0.0,0.0,,,,,False,False,insufficient_no_inter_region_projection_segments,"minimum_mappable_segments,minimum_unique_probes,minimum_unique_probe_asns,maximum_country_fallback_share",probe_country_service
SM,G-Root,resolved_entry_only,,,0.0,0.0,0.0,,,,,,,,unknown_corridor_observation_concentration,False,False,False,0.0,0.0,,,,,False,False,insufficient_no_inter_region_projection_segments,"minimum_mappable_segments,minimum_unique_probes,minimum_unique_probe_asns,maximum_country_fallback_share",probe_country_service
SN,G-Root,all_publicly_visible,5014,dns-root_g-root_msm5014_20260701T000000Z_010000Z.json,2.0,2.0,1.0,landing_region_9d5009d65552::landing_region_c88b92706e9c,1.0,1.0,1.0,-0.0,0.0,1.0,severe_corridor_observation_concentration,True,False,False,1.0,1.0,1.0,0.0,1.0,0.0,True,False,"insufficient_minimum_mappable_segments,minimum_unique_probes,minimum_unique_probe_asns","minimum_mappable_segments,minimum_unique_probes,minimum_unique_probe_asns",probe_country_service
SN,G-Root,resolved_entry_only,,,0.0,0.0,0.0,,,,,,,,unknown_corridor_observation_concentration,False,False,False,0.0,0.0,,,,,False,False,insufficient_no_inter_region_projection_segments,"minimum_mappable_segments,minimum_unique_probes,minimum_unique_probe_asns,maximum_country_fallback_share",probe_country_service
SR,G-Root,all_publicly_visible,5014,dns-root_g-root_msm5014_20260701T000000Z_010000Z.json,1.0,1.0,1.0,landing_region_0c894d5ef6d3::landing_region_83c1ffe3b901,1.0,1.0,1.0,-0.0,0.0,1.0,severe_corridor_observation_concentration,True,False,False,1.0,1.0,1.0,0.0,1.0,0.0,True,False,"insufficient_minimum_mappable_segments,minimum_unique_probes,minimum_unique_probe_asns","minimum_mappable_segments,minimum_unique_probes,minimum_unique_probe_asns",probe_country_service
SR,G-Root,resolved_entry_only,,,0.0,0.0,0.0,,,,,,,,unknown_corridor_observation_concentration,False,False,False,0.0,0.0,,,,,False,False,insufficient_no_inter_region_projection_segments,"minimum_mappable_segments,minimum_unique_probes,minimum_unique_probe_asns,maximum_country_fallback_share",probe_country_service
SS,G-Root,all_publicly_visible,,,0.0,0.0,0.0,,,,,,,,unknown_corridor_observation_concentration,False,False,False,0.0,0.0,,,,,False,False,insufficient_no_inter_region_projection_segments,"minimum_mappable_segments,minimum_unique_probes,minimum_unique_probe_asns,maximum_country_fallback_share",probe_country_service
SS,G-Root,resolved_entry_only,,,0.0,0.0,0.0,,,,,,,,unknown_corridor_observation_concentration,False,False,False,0.0,0.0,,,,,False,False,insufficient_no_inter_region_projection_segments,"minimum_mappable_segments,minimum_unique_probes,minimum_unique_probe_asns,maximum_country_fallback_share",probe_country_service
SV,G-Root,all_publicly_visible,5014,dns-root_g-root_msm5014_20260701T000000Z_010000Z.json,2.0,2.0,1.0,landing_region_0c894d5ef6d3::landing_region_620bdff3a2d2,1.0,1.0,1.0,-0.0,0.0,1.0,severe_corridor_observation_concentration,True,False,False,1.0,1.0,1.0,0.0,1.0,0.0,True,False,"insufficient_minimum_mappable_segments,minimum_unique_probes,minimum_unique_probe_asns","minimum_mappable_segments,minimum_unique_probes,minimum_unique_probe_asns",probe_country_service
SV,G-Root,resolved_entry_only,,,0.0,0.0,0.0,,,,,,,,unknown_corridor_observation_concentration,False,False,False,0.0,0.0,,,,,False,False,insufficient_no_inter_region_projection_segments,"minimum_mappable_segments,minimum_unique_probes,minimum_unique_probe_asns,maximum_country_fallback_share",probe_country_service
SY,G-Root,all_publicly_visible,,,0.0,0.0,0.0,,,,,,,,unknown_corridor_observation_concentration,False,False,False,0.0,0.0,,,,,False,False,insufficient_no_inter_region_projection_segments,"minimum_mappable_segments,minimum_unique_probes,minimum_unique_probe_asns,maximum_country_fallback_share",probe_country_service
SY,G-Root,resolved_entry_only,,,0.0,0.0,0.0,,,,,,,,unknown_corridor_observation_concentration,False,False,False,0.0,0.0,,,,,False,False,insufficient_no_inter_region_projection_segments,"minimum_mappable_segments,minimum_unique_probes,minimum_unique_probe_asns,maximum_country_fallback_share",probe_country_service
TD,G-Root,all_publicly_visible,5014,dns-root_g-root_msm5014_20260701T000000Z_010000Z.json,2.0,2.0,1.0,landing_region_0c894d5ef6d3::landing_region_a33078e57a08,1.0,1.0,1.0,-0.0,0.0,1.0,severe_corridor_observation_concentration,True,False,False,1.0,1.0,1.0,0.0,1.0,0.0,True,False,"insufficient_minimum_mappable_segments,minimum_unique_probes,minimum_unique_probe_asns","minimum_mappable_segments,minimum_unique_probes,minimum_unique_probe_asns",probe_country_service
TD,G-Root,resolved_entry_only,,,0.0,0.0,0.0,,,,,,,,unknown_corridor_observation_concentration,False,False,False,0.0,0.0,,,,,False,False,insufficient_no_inter_region_projection_segments,"minimum_mappable_segments,minimum_unique_probes,minimum_unique_probe_asns,maximum_country_fallback_share",probe_country_service
TG,G-Root,all_publicly_visible,,,0.0,0.0,0.0,,,,,,,,unknown_corridor_observation_concentration,False,False,False,0.0,0.0,,,,,False,False,insufficient_no_inter_region_projection_segments,"minimum_mappable_segments,minimum_unique_probes,minimum_unique_probe_asns,maximum_country_fallback_share",probe_country_service
TG,G-Root,resolved_entry_only,,,0.0,0.0,0.0,,,,,,,,unknown_corridor_observation_concentration,False,False,False,0.0,0.0,,,,,False,False,insufficient_no_inter_region_projection_segments,"minimum_mappable_segments,minimum_unique_probes,minimum_unique_probe_asns,maximum_country_fallback_share",probe_country_service
TH,G-Root,all_publicly_visible,5014,dns-root_g-root_msm5014_20260701T000000Z_010000Z.json,138.0,138.0,4.0,landing_region_149ad599e1a3::landing_region_d0ecf913edd7,0.9637681159420289,0.9782608695652173,0.9927536231884058,0.19399989692725514,0.13994134461496052,1.2140961578160032,severe_corridor_observation_concentration,True,True,True,39.0,21.0,1.0,0.9637681159420289,0.036231884057971016,0.0,True,True,auditable,,probe_country_service
TH,G-Root,resolved_entry_only,,,0.0,0.0,0.0,,,,,,,,unknown_corridor_observation_concentration,False,False,False,0.0,0.0,,,,,False,False,insufficient_no_inter_region_projection_segments,"minimum_mappable_segments,minimum_unique_probes,minimum_unique_probe_asns,maximum_country_fallback_share",probe_country_service
TJ,G-Root,all_publicly_visible,5014,dns-root_g-root_msm5014_20260701T000000Z_010000Z.json,11.0,11.0,1.0,landing_region_319252418c1f::landing_region_6d0b3b188139,1.0,1.0,1.0,-0.0,0.0,1.0,severe_corridor_observation_concentration,True,False,False,9.0,7.0,1.0,1.0,0.0,0.0,True,False,"insufficient_minimum_mappable_segments,minimum_unique_probes","minimum_mappable_segments,minimum_unique_probes",probe_country_service
TJ,G-Root,resolved_entry_only,,,0.0,0.0,0.0,,,,,,,,unknown_corridor_observation_concentration,False,False,False,0.0,0.0,,,,,False,False,insufficient_no_inter_region_projection_segments,"minimum_mappable_segments,minimum_unique_probes,minimum_unique_probe_asns,maximum_country_fallback_share",probe_country_service
TL,G-Root,all_publicly_visible,5014,dns-root_g-root_msm5014_20260701T000000Z_010000Z.json,23.0,23.0,4.0,landing_region_149ad599e1a3::landing_region_d0ecf913edd7,0.8260869565217391,0.9130434782608696,0.9565217391304348,0.6428579130907905,0.46372396160615587,1.9019086091320903,severe_corridor_observation_concentration,True,False,False,4.0,2.0,1.0,0.9565217391304348,0.043478260869565216,0.043478260869565216,True,False,"insufficient_minimum_mappable_segments,minimum_unique_probes,minimum_unique_probe_asns","minimum_mappable_segments,minimum_unique_probes,minimum_unique_probe_asns",probe_country_service
TL,G-Root,resolved_entry_only,,,0.0,0.0,0.0,,,,,,,,unknown_corridor_observation_concentration,False,False,False,0.0,0.0,,,,,False,False,insufficient_no_inter_region_projection_segments,"minimum_mappable_segments,minimum_unique_probes,minimum_unique_probe_asns,maximum_country_fallback_share",probe_country_service
TN,G-Root,all_publicly_visible,,,0.0,0.0,0.0,,,,,,,,unknown_corridor_observation_concentration,False,False,False,0.0,0.0,,,,,False,False,insufficient_no_inter_region_projection_segments,"minimum_mappable_segments,minimum_unique_probes,minimum_unique_probe_asns,maximum_country_fallback_share",probe_country_service
TN,G-Root,resolved_entry_only,,,0.0,0.0,0.0,,,,,,,,unknown_corridor_observation_concentration,False,False,False,0.0,0.0,,,,,False,False,insufficient_no_inter_region_projection_segments,"minimum_mappable_segments,minimum_unique_probes,minimum_unique_probe_asns,maximum_country_fallback_share",probe_country_service
TO,G-Root,all_publicly_visible,5014,dns-root_g-root_msm5014_20260701T000000Z_010000Z.json,8.0,8.0,4.0,landing_region_1cece50a3587::landing_region_58084817cbe7,0.25,0.5,0.75,1.3862943611198906,1.0,4.0,weak_corridor_observation_concentration,True,False,False,1.0,1.0,1.0,0.5,0.5,0.0,True,False,"insufficient_minimum_mappable_segments,minimum_unique_probes,minimum_unique_probe_asns","minimum_mappable_segments,minimum_unique_probes,minimum_unique_probe_asns",probe_country_service
TO,G-Root,resolved_entry_only,,,0.0,0.0,0.0,,,,,,,,unknown_corridor_observation_concentration,False,False,False,0.0,0.0,,,,,False,False,insufficient_no_inter_region_projection_segments,"minimum_mappable_segments,minimum_unique_probes,minimum_unique_probe_asns,maximum_country_fallback_share",probe_country_service
TR,G-Root,all_publicly_visible,,,0.0,0.0,0.0,,,,,,,,unknown_corridor_observation_concentration,False,False,False,0.0,0.0,,,,,False,False,insufficient_no_inter_region_projection_segments,"minimum_mappable_segments,minimum_unique_probes,minimum_unique_probe_asns,maximum_country_fallback_share",probe_country_service
TR,G-Root,resolved_entry_only,,,0.0,0.0,0.0,,,,,,,,unknown_corridor_observation_concentration,False,False,False,0.0,0.0,,,,,False,False,insufficient_no_inter_region_projection_segments,"minimum_mappable_segments,minimum_unique_probes,minimum_unique_probe_asns,maximum_country_fallback_share",probe_country_service
TT,G-Root,all_publicly_visible,,,0.0,0.0,0.0,,,,,,,,unknown_corridor_observation_concentration,False,False,False,0.0,0.0,,,,,False,False,insufficient_no_inter_region_projection_segments,"minimum_mappable_segments,minimum_unique_probes,minimum_unique_probe_asns,maximum_country_fallback_share",probe_country_service
TT,G-Root,resolved_entry_only,,,0.0,0.0,0.0,,,,,,,,unknown_corridor_observation_concentration,False,False,False,0.0,0.0,,,,,False,False,insufficient_no_inter_region_projection_segments,"minimum_mappable_segments,minimum_unique_probes,minimum_unique_probe_asns,maximum_country_fallback_share",probe_country_service
TV,G-Root,all_publicly_visible,5014,dns-root_g-root_msm5014_20260701T000000Z_010000Z.json,2.0,2.0,1.0,landing_region_1cece50a3587::landing_region_58084817cbe7,1.0,1.0,1.0,-0.0,0.0,1.0,severe_corridor_observation_concentration,True,False,False,1.0,1.0,1.0,0.0,1.0,1.0,False,False,"insufficient_minimum_mappable_segments,minimum_unique_probes,minimum_unique_probe_asns,maximum_country_fallback_share","minimum_mappable_segments,minimum_unique_probes,minimum_unique_probe_asns,maximum_country_fallback_share",probe_country_service
TV,G-Root,resolved_entry_only,,,0.0,0.0,0.0,,,,,,,,unknown_corridor_observation_concentration,False,False,False,0.0,0.0,,,,,False,False,insufficient_no_inter_region_projection_segments,"minimum_mappable_segments,minimum_unique_probes,minimum_unique_probe_asns,maximum_country_fallback_share",probe_country_service
TW,G-Root,all_publicly_visible,5014,dns-root_g-root_msm5014_20260701T000000Z_010000Z.json,158.0,158.0,9.0,landing_region_3362110f86da::landing_region_7a95dbddaa36,0.3291139240506329,0.5886075949367089,0.8354430379746836,1.6149486381474802,0.7349947997147133,5.027629688462509,weak_corridor_observation_concentration,True,True,True,63.0,22.0,1.0,0.45569620253164556,0.5443037974683544,0.5189873417721519,False,False,insufficient_maximum_country_fallback_share,maximum_country_fallback_share,probe_country_service
TW,G-Root,resolved_entry_only,,,0.0,0.0,0.0,,,,,,,,unknown_corridor_observation_concentration,False,False,False,0.0,0.0,,,,,False,False,insufficient_no_inter_region_projection_segments,"minimum_mappable_segments,minimum_unique_probes,minimum_unique_probe_asns,maximum_country_fallback_share",probe_country_service
TZ,G-Root,all_publicly_visible,5014,dns-root_g-root_msm5014_20260701T000000Z_010000Z.json,2.0,2.0,1.0,landing_region_173727a59ebb::landing_region_5524694c9ae5,1.0,1.0,1.0,-0.0,0.0,1.0,severe_corridor_observation_concentration,True,False,False,1.0,1.0,1.0,0.0,1.0,0.0,True,False,"insufficient_minimum_mappable_segments,minimum_unique_probes,minimum_unique_probe_asns","minimum_mappable_segments,minimum_unique_probes,minimum_unique_probe_asns",probe_country_service
TZ,G-Root,resolved_entry_only,,,0.0,0.0,0.0,,,,,,,,unknown_corridor_observation_concentration,False,False,False,0.0,0.0,,,,,False,False,insufficient_no_inter_region_projection_segments,"minimum_mappable_segments,minimum_unique_probes,minimum_unique_probe_asns,maximum_country_fallback_share",probe_country_service
UA,G-Root,all_publicly_visible,,,0.0,0.0,0.0,,,,,,,,unknown_corridor_observation_concentration,False,False,False,0.0,0.0,,,,,False,False,insufficient_no_inter_region_projection_segments,"minimum_mappable_segments,minimum_unique_probes,minimum_unique_probe_asns,maximum_country_fallback_share",probe_country_service
UA,G-Root,resolved_entry_only,,,0.0,0.0,0.0,,,,,,,,unknown_corridor_observation_concentration,False,False,False,0.0,0.0,,,,,False,False,insufficient_no_inter_region_projection_segments,"minimum_mappable_segments,minimum_unique_probes,minimum_unique_probe_asns,maximum_country_fallback_share",probe_country_service
UG,G-Root,all_publicly_visible,,,0.0,0.0,0.0,,,,,,,,unknown_corridor_observation_concentration,False,False,False,0.0,0.0,,,,,False,False,insufficient_no_inter_region_projection_segments,"minimum_mappable_segments,minimum_unique_probes,minimum_unique_probe_asns,maximum_country_fallback_share",probe_country_service
UG,G-Root,resolved_entry_only,,,0.0,0.0,0.0,,,,,,,,unknown_corridor_observation_concentration,False,False,False,0.0,0.0,,,,,False,False,insufficient_no_inter_region_projection_segments,"minimum_mappable_segments,minimum_unique_probes,minimum_unique_probe_asns,maximum_country_fallback_share",probe_country_service
US,G-Root,all_publicly_visible,5014,dns-root_g-root_msm5014_20260701T000000Z_010000Z.json,271.0,271.00000000000006,20.0,landing_region_35391ab448ed::landing_region_a4e660c6c620,0.3874538745387454,0.6125461254612546,0.7146371463714638,1.9306991277955856,0.6444832019334953,6.89432857380789,broad_corridor_observation_distribution,False,False,True,84.0,32.0,1.0,0.977859778597786,0.022140221402214017,0.15498154981549817,True,True,auditable,,probe_country_service
US,G-Root,resolved_entry_only,,,0.0,0.0,0.0,,,,,,,,unknown_corridor_observation_concentration,False,False,False,0.0,0.0,,,,,False,False,insufficient_no_inter_region_projection_segments,"minimum_mappable_segments,minimum_unique_probes,minimum_unique_probe_asns,maximum_country_fallback_share",probe_country_service
UY,G-Root,all_publicly_visible,,,0.0,0.0,0.0,,,,,,,,unknown_corridor_observation_concentration,False,False,False,0.0,0.0,,,,,False,False,insufficient_no_inter_region_projection_segments,"minimum_mappable_segments,minimum_unique_probes,minimum_unique_probe_asns,maximum_country_fallback_share",probe_country_service
UY,G-Root,resolved_entry_only,,,0.0,0.0,0.0,,,,,,,,unknown_corridor_observation_concentration,False,False,False,0.0,0.0,,,,,False,False,insufficient_no_inter_region_projection_segments,"minimum_mappable_segments,minimum_unique_probes,minimum_unique_probe_asns,maximum_country_fallback_share",probe_country_service
UZ,G-Root,all_publicly_visible,5014,dns-root_g-root_msm5014_20260701T000000Z_010000Z.json,11.0,11.0,1.0,landing_region_319252418c1f::landing_region_6d0b3b188139,1.0,1.0,1.0,-0.0,0.0,1.0,severe_corridor_observation_concentration,True,False,False,8.0,7.0,1.0,1.0,0.0,0.0,True,False,"insufficient_minimum_mappable_segments,minimum_unique_probes","minimum_mappable_segments,minimum_unique_probes",probe_country_service
UZ,G-Root,resolved_entry_only,,,0.0,0.0,0.0,,,,,,,,unknown_corridor_observation_concentration,False,False,False,0.0,0.0,,,,,False,False,insufficient_no_inter_region_projection_segments,"minimum_mappable_segments,minimum_unique_probes,minimum_unique_probe_asns,maximum_country_fallback_share",probe_country_service
VA,G-Root,all_publicly_visible,,,0.0,0.0,0.0,,,,,,,,unknown_corridor_observation_concentration,False,False,False,0.0,0.0,,,,,False,False,insufficient_no_inter_region_projection_segments,"minimum_mappable_segments,minimum_unique_probes,minimum_unique_probe_asns,maximum_country_fallback_share",probe_country_service
VA,G-Root,resolved_entry_only,,,0.0,0.0,0.0,,,,,,,,unknown_corridor_observation_concentration,False,False,False,0.0,0.0,,,,,False,False,insufficient_no_inter_region_projection_segments,"minimum_mappable_segments,minimum_unique_probes,minimum_unique_probe_asns,maximum_country_fallback_share",probe_country_service
VE,G-Root,all_publicly_visible,5014,dns-root_g-root_msm5014_20260701T000000Z_010000Z.json,4.0,4.0,2.0,landing_region_0c894d5ef6d3::landing_region_af7df63397a0,0.75,1.0,1.0,0.5623351446188083,0.8112781244591328,1.7547653506033232,moderate_corridor_observation_concentration,True,False,False,2.0,2.0,1.0,0.75,0.25,0.0,True,False,"insufficient_minimum_mappable_segments,minimum_unique_probes,minimum_unique_probe_asns","minimum_mappable_segments,minimum_unique_probes,minimum_unique_probe_asns",probe_country_service
VE,G-Root,resolved_entry_only,,,0.0,0.0,0.0,,,,,,,,unknown_corridor_observation_concentration,False,False,False,0.0,0.0,,,,,False,False,insufficient_no_inter_region_projection_segments,"minimum_mappable_segments,minimum_unique_probes,minimum_unique_probe_asns,maximum_country_fallback_share",probe_country_service
VI,G-Root,all_publicly_visible,5014,dns-root_g-root_msm5014_20260701T000000Z_010000Z.json,3.0,3.0,1.0,landing_region_0c894d5ef6d3::landing_region_fd5565d28cce,1.0,1.0,1.0,-0.0,0.0,1.0,severe_corridor_observation_concentration,True,False,False,2.0,1.0,1.0,0.0,1.0,0.0,True,False,"insufficient_minimum_mappable_segments,minimum_unique_probes,minimum_unique_probe_asns","minimum_mappable_segments,minimum_unique_probes,minimum_unique_probe_asns",probe_country_service
VI,G-Root,resolved_entry_only,,,0.0,0.0,0.0,,,,,,,,unknown_corridor_observation_concentration,False,False,False,0.0,0.0,,,,,False,False,insufficient_no_inter_region_projection_segments,"minimum_mappable_segments,minimum_unique_probes,minimum_unique_probe_asns,maximum_country_fallback_share",probe_country_service
VN,G-Root,all_publicly_visible,5014,dns-root_g-root_msm5014_20260701T000000Z_010000Z.json,46.0,46.0,3.0,landing_region_149ad599e1a3::landing_region_d0ecf913edd7,0.8478260869565217,0.9782608695652174,1.0,0.48887050487117023,0.44498911027460547,1.630473567565577,severe_corridor_observation_concentration,True,True,True,14.0,11.0,1.0,0.9782608695652174,0.021739130434782608,0.0,True,True,auditable,,probe_country_service
VN,G-Root,resolved_entry_only,,,0.0,0.0,0.0,,,,,,,,unknown_corridor_observation_concentration,False,False,False,0.0,0.0,,,,,False,False,insufficient_no_inter_region_projection_segments,"minimum_mappable_segments,minimum_unique_probes,minimum_unique_probe_asns,maximum_country_fallback_share",probe_country_service
VU,G-Root,all_publicly_visible,5014,dns-root_g-root_msm5014_20260701T000000Z_010000Z.json,2.0,2.0,1.0,landing_region_1cece50a3587::landing_region_58084817cbe7,1.0,1.0,1.0,-0.0,0.0,1.0,severe_corridor_observation_concentration,True,False,False,1.0,1.0,1.0,0.0,1.0,0.0,True,False,"insufficient_minimum_mappable_segments,minimum_unique_probes,minimum_unique_probe_asns","minimum_mappable_segments,minimum_unique_probes,minimum_unique_probe_asns",probe_country_service
VU,G-Root,resolved_entry_only,,,0.0,0.0,0.0,,,,,,,,unknown_corridor_observation_concentration,False,False,False,0.0,0.0,,,,,False,False,insufficient_no_inter_region_projection_segments,"minimum_mappable_segments,minimum_unique_probes,minimum_unique_probe_asns,maximum_country_fallback_share",probe_country_service
YE,G-Root,all_publicly_visible,,,0.0,0.0,0.0,,,,,,,,unknown_corridor_observation_concentration,False,False,False,0.0,0.0,,,,,False,False,insufficient_no_inter_region_projection_segments,"minimum_mappable_segments,minimum_unique_probes,minimum_unique_probe_asns,maximum_country_fallback_share",probe_country_service
YE,G-Root,resolved_entry_only,,,0.0,0.0,0.0,,,,,,,,unknown_corridor_observation_concentration,False,False,False,0.0,0.0,,,,,False,False,insufficient_no_inter_region_projection_segments,"minimum_mappable_segments,minimum_unique_probes,minimum_unique_probe_asns,maximum_country_fallback_share",probe_country_service
ZA,G-Root,all_publicly_visible,5014,dns-root_g-root_msm5014_20260701T000000Z_010000Z.json,86.0,86.0,4.0,landing_region_0c894d5ef6d3::landing_region_a33078e57a08,0.4186046511627907,0.7209302325581395,0.9302325581395349,1.2392956656665566,0.8939628555261641,3.453180414497336,weak_corridor_observation_concentration,True,True,True,34.0,14.0,1.0,0.0,1.0,0.0,True,True,auditable,,probe_country_service
ZA,G-Root,resolved_entry_only,,,0.0,0.0,0.0,,,,,,,,unknown_corridor_observation_concentration,False,False,False,0.0,0.0,,,,,False,False,insufficient_no_inter_region_projection_segments,"minimum_mappable_segments,minimum_unique_probes,minimum_unique_probe_asns,maximum_country_fallback_share",probe_country_service
ZM,G-Root,all_publicly_visible,,,0.0,0.0,0.0,,,,,,,,unknown_corridor_observation_concentration,False,False,False,0.0,0.0,,,,,False,False,insufficient_no_inter_region_projection_segments,"minimum_mappable_segments,minimum_unique_probes,minimum_unique_probe_asns,maximum_country_fallback_share",probe_country_service
ZM,G-Root,resolved_entry_only,,,0.0,0.0,0.0,,,,,,,,unknown_corridor_observation_concentration,False,False,False,0.0,0.0,,,,,False,False,insufficient_no_inter_region_projection_segments,"minimum_mappable_segments,minimum_unique_probes,minimum_unique_probe_asns,maximum_country_fallback_share",probe_country_service
ZW,G-Root,all_publicly_visible,,,0.0,0.0,0.0,,,,,,,,unknown_corridor_observation_concentration,False,False,False,0.0,0.0,,,,,False,False,insufficient_no_inter_region_projection_segments,"minimum_mappable_segments,minimum_unique_probes,minimum_unique_probe_asns,maximum_country_fallback_share",probe_country_service
ZW,G-Root,resolved_entry_only,,,0.0,0.0,0.0,,,,,,,,unknown_corridor_observation_concentration,False,False,False,0.0,0.0,,,,,False,False,insufficient_no_inter_region_projection_segments,"minimum_mappable_segments,minimum_unique_probes,minimum_unique_probe_asns,maximum_country_fallback_share",probe_country_service
