probe_country,service_id,path_scope_stratum,msm_id,file_name,total_mappable_segments,top1_network_transition_share,top2_network_transition_share,top3_network_transition_share,network_transition_entropy,network_transition_normalized_entropy,effective_network_transition_count,network_transition_concentration_tier,top1_corridor_share,top2_corridor_share,top3_corridor_share,corridor_entropy,corridor_normalized_entropy,effective_corridor_count,corridor_minus_network_normalized_entropy,normalized_entropy_reduction,corridor_concentration_tier,cross_layer_distribution_class,country_fallback_share,auditable_cross_layer_case,sufficient_trace_observation,sufficient_corridor_observation,sufficient_network_transition_resolution,auditable_paper_case,observation_sufficiency_reason,failed_thresholds,unique_probes,unique_probe_asns,domestic_segment_share,international_segment_share,analysis_scope
?,M-Root,all_publicly_visible,,,0.0,,,,,,,,,,,,,,,,,unknown_cross_layer_distribution_class,,False,False,False,False,False,insufficient_no_inter_region_projection_segments,"minimum_mappable_segments,minimum_unique_probes,minimum_unique_probe_asns,maximum_country_fallback_share",0.0,0.0,,,probe_country_service
?,M-Root,resolved_entry_only,,,0.0,,,,,,,,,,,,,,,,,unknown_cross_layer_distribution_class,,False,False,False,False,False,insufficient_no_inter_region_projection_segments,"minimum_mappable_segments,minimum_unique_probes,minimum_unique_probe_asns,maximum_country_fallback_share",0.0,0.0,,,probe_country_service
AD,M-Root,all_publicly_visible,5006,dns-root_m-root_msm5006_20260701T000000Z_010000Z.json,6.0,0.6666666666666666,1.0,1.0,0.6365141682948128,0.9182958340544894,1.8898815748423097,moderate_network_transition_concentration,1.0,1.0,1.0,-0.0,0.0,1.0,-0.9182958340544894,0.9182958340544894,severe_corridor_observation_concentration,network_and_physical_both_concentrated,0.3333333333333333,False,False,False,False,False,"insufficient_minimum_mappable_segments,minimum_unique_probes,minimum_unique_probe_asns,maximum_country_fallback_share","minimum_mappable_segments,minimum_unique_probes,minimum_unique_probe_asns,maximum_country_fallback_share",3.0,1.0,0.0,1.0,probe_country_service
AD,M-Root,resolved_entry_only,5006,dns-root_m-root_msm5006_20260701T000000Z_010000Z.json,6.0,0.6666666666666666,1.0,1.0,0.6365141682948128,0.9182958340544894,1.8898815748423097,moderate_network_transition_concentration,1.0,1.0,1.0,-0.0,0.0,1.0,-0.9182958340544894,0.9182958340544894,severe_corridor_observation_concentration,network_and_physical_both_concentrated,0.3333333333333333,False,False,False,False,False,"insufficient_minimum_mappable_segments,minimum_unique_probes,minimum_unique_probe_asns,maximum_country_fallback_share","minimum_mappable_segments,minimum_unique_probes,minimum_unique_probe_asns,maximum_country_fallback_share",3.0,1.0,0.0,1.0,probe_country_service
AE,M-Root,all_publicly_visible,5006,dns-root_m-root_msm5006_20260701T000000Z_010000Z.json,46.0,0.717391304347826,0.9130434782608695,0.9565217391304348,0.8602486772382318,0.5345025555768095,2.3637484310560253,moderate_network_transition_concentration,0.30434782608695654,0.6086956521739131,0.9130434782608696,1.4039988959586427,0.7215127053221065,4.071448756560252,0.18701014974529706,-0.18701014974529706,weak_corridor_observation_concentration,network_and_physical_both_concentrated,0.7391304347826086,False,True,True,False,False,insufficient_maximum_country_fallback_share,maximum_country_fallback_share,14.0,9.0,0.9782608695652174,0.021739130434782608,probe_country_service
AE,M-Root,resolved_entry_only,5006,dns-root_m-root_msm5006_20260701T000000Z_010000Z.json,46.0,0.717391304347826,0.9130434782608695,0.9565217391304348,0.8602486772382318,0.5345025555768095,2.3637484310560253,moderate_network_transition_concentration,0.30434782608695654,0.6086956521739131,0.9130434782608696,1.4039988959586427,0.7215127053221065,4.071448756560252,0.18701014974529706,-0.18701014974529706,weak_corridor_observation_concentration,network_and_physical_both_concentrated,0.7391304347826086,False,True,True,False,False,insufficient_maximum_country_fallback_share,maximum_country_fallback_share,14.0,9.0,0.9782608695652174,0.021739130434782608,probe_country_service
AF,M-Root,all_publicly_visible,5006,dns-root_m-root_msm5006_20260701T000000Z_010000Z.json,6.0,0.6666666666666666,1.0,1.0,0.6365141682948128,0.9182958340544894,1.8898815748423097,moderate_network_transition_concentration,0.6666666666666666,0.7777777777777777,0.8888888888888888,1.0027182645175161,0.7233083338141042,2.72568088924821,-0.19498750024038525,0.19498750024038525,weak_corridor_observation_concentration,network_and_physical_both_concentrated,1.0,False,False,False,False,False,"insufficient_minimum_mappable_segments,minimum_unique_probes,minimum_unique_probe_asns,maximum_country_fallback_share","minimum_mappable_segments,minimum_unique_probes,minimum_unique_probe_asns,maximum_country_fallback_share",2.0,1.0,0.33333333333333326,0.6666666666666665,probe_country_service
AF,M-Root,resolved_entry_only,5006,dns-root_m-root_msm5006_20260701T000000Z_010000Z.json,6.0,0.6666666666666666,1.0,1.0,0.6365141682948128,0.9182958340544894,1.8898815748423097,moderate_network_transition_concentration,0.6666666666666666,0.7777777777777777,0.8888888888888888,1.0027182645175161,0.7233083338141042,2.72568088924821,-0.19498750024038525,0.19498750024038525,weak_corridor_observation_concentration,network_and_physical_both_concentrated,1.0,False,False,False,False,False,"insufficient_minimum_mappable_segments,minimum_unique_probes,minimum_unique_probe_asns,maximum_country_fallback_share","minimum_mappable_segments,minimum_unique_probes,minimum_unique_probe_asns,maximum_country_fallback_share",2.0,1.0,0.33333333333333326,0.6666666666666665,probe_country_service
AL,M-Root,all_publicly_visible,5006,dns-root_m-root_msm5006_20260701T000000Z_010000Z.json,34.0,0.35294117647058826,0.5882352941176471,0.7352941176470589,1.5971853310272106,0.8914061058180578,4.939110879170607,broad_network_transition_distribution,0.5588235294117647,0.6764705882352942,0.7941176470588236,1.3916583793926007,0.7151709343148311,4.021513721504523,-0.17623517150322665,0.17623517150322665,broad_corridor_observation_distribution,network_and_physical_both_broad,0.35294117647058826,False,True,True,False,False,insufficient_maximum_country_fallback_share,maximum_country_fallback_share,13.0,10.0,0.35294117647058826,0.6470588235294118,probe_country_service
AL,M-Root,resolved_entry_only,5006,dns-root_m-root_msm5006_20260701T000000Z_010000Z.json,34.0,0.35294117647058826,0.5882352941176471,0.7352941176470589,1.5971853310272106,0.8914061058180578,4.939110879170607,broad_network_transition_distribution,0.5588235294117647,0.6764705882352942,0.7941176470588236,1.3916583793926007,0.7151709343148311,4.021513721504523,-0.17623517150322665,0.17623517150322665,broad_corridor_observation_distribution,network_and_physical_both_broad,0.35294117647058826,False,True,True,False,False,insufficient_maximum_country_fallback_share,maximum_country_fallback_share,13.0,10.0,0.35294117647058826,0.6470588235294118,probe_country_service
AM,M-Root,all_publicly_visible,,,0.0,,,,,,,,,,,,,,,,,unknown_cross_layer_distribution_class,,False,False,False,False,False,insufficient_no_inter_region_projection_segments,"minimum_mappable_segments,minimum_unique_probes,minimum_unique_probe_asns,maximum_country_fallback_share",0.0,0.0,,,probe_country_service
AM,M-Root,resolved_entry_only,,,0.0,,,,,,,,,,,,,,,,,unknown_cross_layer_distribution_class,,False,False,False,False,False,insufficient_no_inter_region_projection_segments,"minimum_mappable_segments,minimum_unique_probes,minimum_unique_probe_asns,maximum_country_fallback_share",0.0,0.0,,,probe_country_service
AO,M-Root,all_publicly_visible,5006,dns-root_m-root_msm5006_20260701T000000Z_010000Z.json,3.0,0.6666666666666666,1.0,1.0,0.6365141682948128,0.9182958340544894,1.8898815748423097,moderate_network_transition_concentration,0.3333333333333333,0.6666666666666666,1.0,1.0986122886681096,0.9999999999999998,2.9999999999999996,0.08170416594551033,-0.08170416594551033,weak_corridor_observation_concentration,network_and_physical_both_concentrated,0.0,False,False,False,True,False,"insufficient_minimum_mappable_segments,minimum_unique_probes,minimum_unique_probe_asns","minimum_mappable_segments,minimum_unique_probes,minimum_unique_probe_asns",1.0,1.0,0.3333333333333333,0.6666666666666666,probe_country_service
AO,M-Root,resolved_entry_only,5006,dns-root_m-root_msm5006_20260701T000000Z_010000Z.json,3.0,0.6666666666666666,1.0,1.0,0.6365141682948128,0.9182958340544894,1.8898815748423097,moderate_network_transition_concentration,0.3333333333333333,0.6666666666666666,1.0,1.0986122886681096,0.9999999999999998,2.9999999999999996,0.08170416594551033,-0.08170416594551033,weak_corridor_observation_concentration,network_and_physical_both_concentrated,0.0,False,False,False,True,False,"insufficient_minimum_mappable_segments,minimum_unique_probes,minimum_unique_probe_asns","minimum_mappable_segments,minimum_unique_probes,minimum_unique_probe_asns",1.0,1.0,0.3333333333333333,0.6666666666666666,probe_country_service
AR,M-Root,all_publicly_visible,,,0.0,,,,,,,,,,,,,,,,,unknown_cross_layer_distribution_class,,False,False,False,False,False,insufficient_no_inter_region_projection_segments,"minimum_mappable_segments,minimum_unique_probes,minimum_unique_probe_asns,maximum_country_fallback_share",0.0,0.0,,,probe_country_service
AR,M-Root,resolved_entry_only,,,0.0,,,,,,,,,,,,,,,,,unknown_cross_layer_distribution_class,,False,False,False,False,False,insufficient_no_inter_region_projection_segments,"minimum_mappable_segments,minimum_unique_probes,minimum_unique_probe_asns,maximum_country_fallback_share",0.0,0.0,,,probe_country_service
AT,M-Root,all_publicly_visible,,,0.0,,,,,,,,,,,,,,,,,unknown_cross_layer_distribution_class,,False,False,False,False,False,insufficient_no_inter_region_projection_segments,"minimum_mappable_segments,minimum_unique_probes,minimum_unique_probe_asns,maximum_country_fallback_share",0.0,0.0,,,probe_country_service
AT,M-Root,resolved_entry_only,,,0.0,,,,,,,,,,,,,,,,,unknown_cross_layer_distribution_class,,False,False,False,False,False,insufficient_no_inter_region_projection_segments,"minimum_mappable_segments,minimum_unique_probes,minimum_unique_probe_asns,maximum_country_fallback_share",0.0,0.0,,,probe_country_service
AU,M-Root,all_publicly_visible,5006,dns-root_m-root_msm5006_20260701T000000Z_010000Z.json,248.0,0.22580645161290322,0.41129032258064513,0.5483870967741935,2.077592707280356,0.8360848112574393,7.985222989136382,broad_network_transition_distribution,0.43951612903225806,0.5564516129032258,0.6370967741935484,1.8279921150531453,0.8319550645429657,6.221382289211178,-0.004129746714473526,0.004129746714473526,broad_corridor_observation_distribution,network_and_physical_both_broad,0.31048387096774194,False,True,True,False,False,insufficient_maximum_country_fallback_share,maximum_country_fallback_share,80.0,37.0,0.8588709677419355,0.14112903225806453,probe_country_service
AU,M-Root,resolved_entry_only,5006,dns-root_m-root_msm5006_20260701T000000Z_010000Z.json,248.0,0.22580645161290322,0.41129032258064513,0.5483870967741935,2.077592707280356,0.8360848112574393,7.985222989136382,broad_network_transition_distribution,0.43951612903225806,0.5564516129032258,0.6370967741935484,1.8279921150531453,0.8319550645429657,6.221382289211178,-0.004129746714473526,0.004129746714473526,broad_corridor_observation_distribution,network_and_physical_both_broad,0.31048387096774194,False,True,True,False,False,insufficient_maximum_country_fallback_share,maximum_country_fallback_share,80.0,37.0,0.8588709677419355,0.14112903225806453,probe_country_service
AX,M-Root,all_publicly_visible,5006,dns-root_m-root_msm5006_20260701T000000Z_010000Z.json,11.0,0.45454545454545453,0.6363636363636364,0.8181818181818181,1.2882523050229002,0.9292776059351572,3.6264430977659163,weak_network_transition_concentration,0.18181818181818182,0.36363636363636365,0.5454545454545454,1.956801612442042,0.9410226607578872,7.076656939051877,0.011745054822730028,-0.011745054822730028,broad_corridor_observation_distribution,network_and_physical_both_broad,0.0,False,False,False,True,False,"insufficient_minimum_mappable_segments,minimum_unique_probes,minimum_unique_probe_asns","minimum_mappable_segments,minimum_unique_probes,minimum_unique_probe_asns",2.0,2.0,0.5454545454545454,0.45454545454545453,probe_country_service
AX,M-Root,resolved_entry_only,5006,dns-root_m-root_msm5006_20260701T000000Z_010000Z.json,11.0,0.45454545454545453,0.6363636363636364,0.8181818181818181,1.2882523050229002,0.9292776059351572,3.6264430977659163,weak_network_transition_concentration,0.18181818181818182,0.36363636363636365,0.5454545454545454,1.956801612442042,0.9410226607578872,7.076656939051877,0.011745054822730028,-0.011745054822730028,broad_corridor_observation_distribution,network_and_physical_both_broad,0.0,False,False,False,True,False,"insufficient_minimum_mappable_segments,minimum_unique_probes,minimum_unique_probe_asns","minimum_mappable_segments,minimum_unique_probes,minimum_unique_probe_asns",2.0,2.0,0.5454545454545454,0.45454545454545453,probe_country_service
AZ,M-Root,all_publicly_visible,,,0.0,,,,,,,,,,,,,,,,,unknown_cross_layer_distribution_class,,False,False,False,False,False,insufficient_no_inter_region_projection_segments,"minimum_mappable_segments,minimum_unique_probes,minimum_unique_probe_asns,maximum_country_fallback_share",0.0,0.0,,,probe_country_service
AZ,M-Root,resolved_entry_only,,,0.0,,,,,,,,,,,,,,,,,unknown_cross_layer_distribution_class,,False,False,False,False,False,insufficient_no_inter_region_projection_segments,"minimum_mappable_segments,minimum_unique_probes,minimum_unique_probe_asns,maximum_country_fallback_share",0.0,0.0,,,probe_country_service
BA,M-Root,all_publicly_visible,,,0.0,,,,,,,,,,,,,,,,,unknown_cross_layer_distribution_class,,False,False,False,False,False,insufficient_no_inter_region_projection_segments,"minimum_mappable_segments,minimum_unique_probes,minimum_unique_probe_asns,maximum_country_fallback_share",0.0,0.0,,,probe_country_service
BA,M-Root,resolved_entry_only,,,0.0,,,,,,,,,,,,,,,,,unknown_cross_layer_distribution_class,,False,False,False,False,False,insufficient_no_inter_region_projection_segments,"minimum_mappable_segments,minimum_unique_probes,minimum_unique_probe_asns,maximum_country_fallback_share",0.0,0.0,,,probe_country_service
BB,M-Root,all_publicly_visible,,,0.0,,,,,,,,,,,,,,,,,unknown_cross_layer_distribution_class,,False,False,False,False,False,insufficient_no_inter_region_projection_segments,"minimum_mappable_segments,minimum_unique_probes,minimum_unique_probe_asns,maximum_country_fallback_share",0.0,0.0,,,probe_country_service
BB,M-Root,resolved_entry_only,,,0.0,,,,,,,,,,,,,,,,,unknown_cross_layer_distribution_class,,False,False,False,False,False,insufficient_no_inter_region_projection_segments,"minimum_mappable_segments,minimum_unique_probes,minimum_unique_probe_asns,maximum_country_fallback_share",0.0,0.0,,,probe_country_service
BD,M-Root,all_publicly_visible,,,0.0,,,,,,,,,,,,,,,,,unknown_cross_layer_distribution_class,,False,False,False,False,False,insufficient_no_inter_region_projection_segments,"minimum_mappable_segments,minimum_unique_probes,minimum_unique_probe_asns,maximum_country_fallback_share",0.0,0.0,,,probe_country_service
BD,M-Root,resolved_entry_only,,,0.0,,,,,,,,,,,,,,,,,unknown_cross_layer_distribution_class,,False,False,False,False,False,insufficient_no_inter_region_projection_segments,"minimum_mappable_segments,minimum_unique_probes,minimum_unique_probe_asns,maximum_country_fallback_share",0.0,0.0,,,probe_country_service
BE,M-Root,all_publicly_visible,5006,dns-root_m-root_msm5006_20260701T000000Z_010000Z.json,69.0,0.34782608695652173,0.6666666666666666,0.9710144927536232,1.1964617008937026,0.8630646812464595,3.308390114707748,weak_network_transition_concentration,0.2801932367149758,0.5603864734299516,0.8405797101449275,1.4726802599079167,0.9150276929171176,4.36090785761066,0.05196301167065809,-0.05196301167065809,weak_corridor_observation_concentration,network_and_physical_both_concentrated,0.0,False,False,False,True,False,insufficient_minimum_unique_probe_asns,minimum_unique_probe_asns,12.0,2.0,0.8405797101449275,0.15942028985507245,probe_country_service
BE,M-Root,resolved_entry_only,5006,dns-root_m-root_msm5006_20260701T000000Z_010000Z.json,69.0,0.34782608695652173,0.6666666666666666,0.9710144927536232,1.1964617008937026,0.8630646812464595,3.308390114707748,weak_network_transition_concentration,0.2801932367149758,0.5603864734299516,0.8405797101449275,1.4726802599079167,0.9150276929171176,4.36090785761066,0.05196301167065809,-0.05196301167065809,weak_corridor_observation_concentration,network_and_physical_both_concentrated,0.0,False,False,False,True,False,insufficient_minimum_unique_probe_asns,minimum_unique_probe_asns,12.0,2.0,0.8405797101449275,0.15942028985507245,probe_country_service
BF,M-Root,all_publicly_visible,,,0.0,,,,,,,,,,,,,,,,,unknown_cross_layer_distribution_class,,False,False,False,False,False,insufficient_no_inter_region_projection_segments,"minimum_mappable_segments,minimum_unique_probes,minimum_unique_probe_asns,maximum_country_fallback_share",0.0,0.0,,,probe_country_service
BF,M-Root,resolved_entry_only,,,0.0,,,,,,,,,,,,,,,,,unknown_cross_layer_distribution_class,,False,False,False,False,False,insufficient_no_inter_region_projection_segments,"minimum_mappable_segments,minimum_unique_probes,minimum_unique_probe_asns,maximum_country_fallback_share",0.0,0.0,,,probe_country_service
BG,M-Root,all_publicly_visible,5006,dns-root_m-root_msm5006_20260701T000000Z_010000Z.json,2.0,1.0,1.0,1.0,-0.0,0.0,1.0,severe_network_transition_concentration,0.5,1.0,1.0,0.6931471805599453,1.0,2.0,1.0,-1.0,moderate_corridor_observation_concentration,network_and_physical_both_concentrated,0.0,False,False,False,True,False,"insufficient_minimum_mappable_segments,minimum_unique_probes,minimum_unique_probe_asns","minimum_mappable_segments,minimum_unique_probes,minimum_unique_probe_asns",1.0,1.0,0.0,1.0,probe_country_service
BG,M-Root,resolved_entry_only,5006,dns-root_m-root_msm5006_20260701T000000Z_010000Z.json,2.0,1.0,1.0,1.0,-0.0,0.0,1.0,severe_network_transition_concentration,0.5,1.0,1.0,0.6931471805599453,1.0,2.0,1.0,-1.0,moderate_corridor_observation_concentration,network_and_physical_both_concentrated,0.0,False,False,False,True,False,"insufficient_minimum_mappable_segments,minimum_unique_probes,minimum_unique_probe_asns","minimum_mappable_segments,minimum_unique_probes,minimum_unique_probe_asns",1.0,1.0,0.0,1.0,probe_country_service
BH,M-Root,all_publicly_visible,5006,dns-root_m-root_msm5006_20260701T000000Z_010000Z.json,12.0,0.4166666666666667,0.75,0.9166666666666666,1.236684869140504,0.8920795639257109,3.444176621717137,weak_network_transition_concentration,0.3333333333333333,0.5833333333333333,0.8333333333333333,1.3579778549873245,0.9795739585136225,3.8883225944793316,0.08749439458791164,-0.08749439458791164,weak_corridor_observation_concentration,network_and_physical_both_concentrated,0.0,False,False,False,True,False,"insufficient_minimum_mappable_segments,minimum_unique_probes","minimum_mappable_segments,minimum_unique_probes",4.0,3.0,0.5,0.5,probe_country_service
BH,M-Root,resolved_entry_only,5006,dns-root_m-root_msm5006_20260701T000000Z_010000Z.json,12.0,0.4166666666666667,0.75,0.9166666666666666,1.236684869140504,0.8920795639257109,3.444176621717137,weak_network_transition_concentration,0.3333333333333333,0.5833333333333333,0.8333333333333333,1.3579778549873245,0.9795739585136225,3.8883225944793316,0.08749439458791164,-0.08749439458791164,weak_corridor_observation_concentration,network_and_physical_both_concentrated,0.0,False,False,False,True,False,"insufficient_minimum_mappable_segments,minimum_unique_probes","minimum_mappable_segments,minimum_unique_probes",4.0,3.0,0.5,0.5,probe_country_service
BI,M-Root,all_publicly_visible,,,0.0,,,,,,,,,,,,,,,,,unknown_cross_layer_distribution_class,,False,False,False,False,False,insufficient_no_inter_region_projection_segments,"minimum_mappable_segments,minimum_unique_probes,minimum_unique_probe_asns,maximum_country_fallback_share",0.0,0.0,,,probe_country_service
BI,M-Root,resolved_entry_only,,,0.0,,,,,,,,,,,,,,,,,unknown_cross_layer_distribution_class,,False,False,False,False,False,insufficient_no_inter_region_projection_segments,"minimum_mappable_segments,minimum_unique_probes,minimum_unique_probe_asns,maximum_country_fallback_share",0.0,0.0,,,probe_country_service
BJ,M-Root,all_publicly_visible,5006,dns-root_m-root_msm5006_20260701T000000Z_010000Z.json,15.0,0.6,1.0,1.0,0.6730116670092565,0.9709505944546688,1.9601317042077895,moderate_network_transition_concentration,0.3,0.6,0.8,1.366158847569202,0.9854752972273345,3.9202634084155794,0.01452470277266571,-0.01452470277266571,weak_corridor_observation_concentration,network_and_physical_both_concentrated,0.0,False,False,False,True,False,"insufficient_minimum_mappable_segments,minimum_unique_probes,minimum_unique_probe_asns","minimum_mappable_segments,minimum_unique_probes,minimum_unique_probe_asns",5.0,1.0,0.0,1.0,probe_country_service
BJ,M-Root,resolved_entry_only,5006,dns-root_m-root_msm5006_20260701T000000Z_010000Z.json,15.0,0.6,1.0,1.0,0.6730116670092565,0.9709505944546688,1.9601317042077895,moderate_network_transition_concentration,0.3,0.6,0.8,1.366158847569202,0.9854752972273345,3.9202634084155794,0.01452470277266571,-0.01452470277266571,weak_corridor_observation_concentration,network_and_physical_both_concentrated,0.0,False,False,False,True,False,"insufficient_minimum_mappable_segments,minimum_unique_probes,minimum_unique_probe_asns","minimum_mappable_segments,minimum_unique_probes,minimum_unique_probe_asns",5.0,1.0,0.0,1.0,probe_country_service
BL,M-Root,all_publicly_visible,,,0.0,,,,,,,,,,,,,,,,,unknown_cross_layer_distribution_class,,False,False,False,False,False,insufficient_no_inter_region_projection_segments,"minimum_mappable_segments,minimum_unique_probes,minimum_unique_probe_asns,maximum_country_fallback_share",0.0,0.0,,,probe_country_service
BL,M-Root,resolved_entry_only,,,0.0,,,,,,,,,,,,,,,,,unknown_cross_layer_distribution_class,,False,False,False,False,False,insufficient_no_inter_region_projection_segments,"minimum_mappable_segments,minimum_unique_probes,minimum_unique_probe_asns,maximum_country_fallback_share",0.0,0.0,,,probe_country_service
BO,M-Root,all_publicly_visible,,,0.0,,,,,,,,,,,,,,,,,unknown_cross_layer_distribution_class,,False,False,False,False,False,insufficient_no_inter_region_projection_segments,"minimum_mappable_segments,minimum_unique_probes,minimum_unique_probe_asns,maximum_country_fallback_share",0.0,0.0,,,probe_country_service
BO,M-Root,resolved_entry_only,,,0.0,,,,,,,,,,,,,,,,,unknown_cross_layer_distribution_class,,False,False,False,False,False,insufficient_no_inter_region_projection_segments,"minimum_mappable_segments,minimum_unique_probes,minimum_unique_probe_asns,maximum_country_fallback_share",0.0,0.0,,,probe_country_service
BR,M-Root,all_publicly_visible,,,0.0,,,,,,,,,,,,,,,,,unknown_cross_layer_distribution_class,,False,False,False,False,False,insufficient_no_inter_region_projection_segments,"minimum_mappable_segments,minimum_unique_probes,minimum_unique_probe_asns,maximum_country_fallback_share",0.0,0.0,,,probe_country_service
BR,M-Root,resolved_entry_only,,,0.0,,,,,,,,,,,,,,,,,unknown_cross_layer_distribution_class,,False,False,False,False,False,insufficient_no_inter_region_projection_segments,"minimum_mappable_segments,minimum_unique_probes,minimum_unique_probe_asns,maximum_country_fallback_share",0.0,0.0,,,probe_country_service
BT,M-Root,all_publicly_visible,5006,dns-root_m-root_msm5006_20260701T000000Z_010000Z.json,3.0,1.0,1.0,1.0,-0.0,0.0,1.0,severe_network_transition_concentration,0.3333333333333333,0.6666666666666666,1.0,1.0986122886681096,0.9999999999999998,2.9999999999999996,0.9999999999999998,-0.9999999999999998,weak_corridor_observation_concentration,network_and_physical_both_concentrated,1.0,False,False,False,False,False,"insufficient_minimum_mappable_segments,minimum_unique_probes,minimum_unique_probe_asns,maximum_country_fallback_share","minimum_mappable_segments,minimum_unique_probes,minimum_unique_probe_asns,maximum_country_fallback_share",1.0,1.0,1.0,0.0,probe_country_service
BT,M-Root,resolved_entry_only,5006,dns-root_m-root_msm5006_20260701T000000Z_010000Z.json,3.0,1.0,1.0,1.0,-0.0,0.0,1.0,severe_network_transition_concentration,0.3333333333333333,0.6666666666666666,1.0,1.0986122886681096,0.9999999999999998,2.9999999999999996,0.9999999999999998,-0.9999999999999998,weak_corridor_observation_concentration,network_and_physical_both_concentrated,1.0,False,False,False,False,False,"insufficient_minimum_mappable_segments,minimum_unique_probes,minimum_unique_probe_asns,maximum_country_fallback_share","minimum_mappable_segments,minimum_unique_probes,minimum_unique_probe_asns,maximum_country_fallback_share",1.0,1.0,1.0,0.0,probe_country_service
BW,M-Root,all_publicly_visible,5006,dns-root_m-root_msm5006_20260701T000000Z_010000Z.json,2.0,1.0,1.0,1.0,-0.0,0.0,1.0,severe_network_transition_concentration,0.5,1.0,1.0,0.6931471805599453,1.0,2.0,1.0,-1.0,moderate_corridor_observation_concentration,network_and_physical_both_concentrated,0.0,False,False,False,True,False,"insufficient_minimum_mappable_segments,minimum_unique_probes,minimum_unique_probe_asns","minimum_mappable_segments,minimum_unique_probes,minimum_unique_probe_asns",1.0,1.0,0.0,1.0,probe_country_service
BW,M-Root,resolved_entry_only,5006,dns-root_m-root_msm5006_20260701T000000Z_010000Z.json,2.0,1.0,1.0,1.0,-0.0,0.0,1.0,severe_network_transition_concentration,0.5,1.0,1.0,0.6931471805599453,1.0,2.0,1.0,-1.0,moderate_corridor_observation_concentration,network_and_physical_both_concentrated,0.0,False,False,False,True,False,"insufficient_minimum_mappable_segments,minimum_unique_probes,minimum_unique_probe_asns","minimum_mappable_segments,minimum_unique_probes,minimum_unique_probe_asns",1.0,1.0,0.0,1.0,probe_country_service
BY,M-Root,all_publicly_visible,,,0.0,,,,,,,,,,,,,,,,,unknown_cross_layer_distribution_class,,False,False,False,False,False,insufficient_no_inter_region_projection_segments,"minimum_mappable_segments,minimum_unique_probes,minimum_unique_probe_asns,maximum_country_fallback_share",0.0,0.0,,,probe_country_service
BY,M-Root,resolved_entry_only,,,0.0,,,,,,,,,,,,,,,,,unknown_cross_layer_distribution_class,,False,False,False,False,False,insufficient_no_inter_region_projection_segments,"minimum_mappable_segments,minimum_unique_probes,minimum_unique_probe_asns,maximum_country_fallback_share",0.0,0.0,,,probe_country_service
CA,M-Root,all_publicly_visible,5006,dns-root_m-root_msm5006_20260701T000000Z_010000Z.json,513.0,0.2553606237816764,0.391812865497076,0.5224171539961013,2.326505510606408,0.7320535254595398,10.242088056650013,broad_network_transition_distribution,0.6417153996101365,0.916569200779727,0.9477582846003898,0.9859656182920659,0.4111795996584258,2.680398877382207,-0.320873925801114,0.320873925801114,moderate_corridor_observation_concentration,network_broad_physical_concentrated,0.20272904483430798,True,True,True,True,True,auditable,,83.0,31.0,0.7836257309941519,0.21637426900584794,probe_country_service
CA,M-Root,resolved_entry_only,5006,dns-root_m-root_msm5006_20260701T000000Z_010000Z.json,510.0,0.2568627450980392,0.3941176470588235,0.5235294117647059,2.3278512532348477,0.7324769741172023,10.255880549643424,broad_network_transition_distribution,0.6396078431372548,0.916078431372549,0.9474509803921568,0.9891462919971428,0.41250604361999427,2.688937924372826,-0.319970930497208,0.319970930497208,moderate_corridor_observation_concentration,network_broad_physical_concentrated,0.2,True,True,True,True,True,auditable,,82.0,30.0,0.7823529411764706,0.21764705882352944,probe_country_service
CD,M-Root,all_publicly_visible,5006,dns-root_m-root_msm5006_20260701T000000Z_010000Z.json,7.0,0.5714285714285714,0.8571428571428571,1.0,0.9556998911125343,0.8699155297736259,2.6004900059896596,moderate_network_transition_concentration,0.2857142857142857,0.5714285714285714,0.7142857142857142,1.64884707167248,0.920239072258317,5.200980011979321,0.050323542484691175,-0.050323542484691175,broad_corridor_observation_distribution,network_concentrated_physical_broad,0.0,False,False,False,True,False,"insufficient_minimum_mappable_segments,minimum_unique_probes,minimum_unique_probe_asns","minimum_mappable_segments,minimum_unique_probes,minimum_unique_probe_asns",2.0,2.0,0.5714285714285714,0.42857142857142855,probe_country_service
CD,M-Root,resolved_entry_only,5006,dns-root_m-root_msm5006_20260701T000000Z_010000Z.json,7.0,0.5714285714285714,0.8571428571428571,1.0,0.9556998911125343,0.8699155297736259,2.6004900059896596,moderate_network_transition_concentration,0.2857142857142857,0.5714285714285714,0.7142857142857142,1.64884707167248,0.920239072258317,5.200980011979321,0.050323542484691175,-0.050323542484691175,broad_corridor_observation_distribution,network_concentrated_physical_broad,0.0,False,False,False,True,False,"insufficient_minimum_mappable_segments,minimum_unique_probes,minimum_unique_probe_asns","minimum_mappable_segments,minimum_unique_probes,minimum_unique_probe_asns",2.0,2.0,0.5714285714285714,0.42857142857142855,probe_country_service
CG,M-Root,all_publicly_visible,,,0.0,,,,,,,,,,,,,,,,,unknown_cross_layer_distribution_class,,False,False,False,False,False,insufficient_no_inter_region_projection_segments,"minimum_mappable_segments,minimum_unique_probes,minimum_unique_probe_asns,maximum_country_fallback_share",0.0,0.0,,,probe_country_service
CG,M-Root,resolved_entry_only,,,0.0,,,,,,,,,,,,,,,,,unknown_cross_layer_distribution_class,,False,False,False,False,False,insufficient_no_inter_region_projection_segments,"minimum_mappable_segments,minimum_unique_probes,minimum_unique_probe_asns,maximum_country_fallback_share",0.0,0.0,,,probe_country_service
CH,M-Root,all_publicly_visible,5006,dns-root_m-root_msm5006_20260701T000000Z_010000Z.json,4.0,1.0,1.0,1.0,-0.0,0.0,1.0,severe_network_transition_concentration,0.5,1.0,1.0,0.6931471805599453,1.0,2.0,1.0,-1.0,moderate_corridor_observation_concentration,network_and_physical_both_concentrated,0.0,False,False,False,True,False,"insufficient_minimum_mappable_segments,minimum_unique_probes,minimum_unique_probe_asns","minimum_mappable_segments,minimum_unique_probes,minimum_unique_probe_asns",2.0,2.0,0.0,1.0,probe_country_service
CH,M-Root,resolved_entry_only,5006,dns-root_m-root_msm5006_20260701T000000Z_010000Z.json,4.0,1.0,1.0,1.0,-0.0,0.0,1.0,severe_network_transition_concentration,0.5,1.0,1.0,0.6931471805599453,1.0,2.0,1.0,-1.0,moderate_corridor_observation_concentration,network_and_physical_both_concentrated,0.0,False,False,False,True,False,"insufficient_minimum_mappable_segments,minimum_unique_probes,minimum_unique_probe_asns","minimum_mappable_segments,minimum_unique_probes,minimum_unique_probe_asns",2.0,2.0,0.0,1.0,probe_country_service
CI,M-Root,all_publicly_visible,5006,dns-root_m-root_msm5006_20260701T000000Z_010000Z.json,4.0,0.5,1.0,1.0,0.6931471805599453,1.0,2.0,moderate_network_transition_concentration,0.5,1.0,1.0,0.6931471805599453,1.0,2.0,0.0,0.0,moderate_corridor_observation_concentration,network_and_physical_both_concentrated,0.0,False,False,False,True,False,"insufficient_minimum_mappable_segments,minimum_unique_probes,minimum_unique_probe_asns","minimum_mappable_segments,minimum_unique_probes,minimum_unique_probe_asns",2.0,2.0,0.5,0.5,probe_country_service
CI,M-Root,resolved_entry_only,5006,dns-root_m-root_msm5006_20260701T000000Z_010000Z.json,4.0,0.5,1.0,1.0,0.6931471805599453,1.0,2.0,moderate_network_transition_concentration,0.5,1.0,1.0,0.6931471805599453,1.0,2.0,0.0,0.0,moderate_corridor_observation_concentration,network_and_physical_both_concentrated,0.0,False,False,False,True,False,"insufficient_minimum_mappable_segments,minimum_unique_probes,minimum_unique_probe_asns","minimum_mappable_segments,minimum_unique_probes,minimum_unique_probe_asns",2.0,2.0,0.5,0.5,probe_country_service
CK,M-Root,all_publicly_visible,,,0.0,,,,,,,,,,,,,,,,,unknown_cross_layer_distribution_class,,False,False,False,False,False,insufficient_no_inter_region_projection_segments,"minimum_mappable_segments,minimum_unique_probes,minimum_unique_probe_asns,maximum_country_fallback_share",0.0,0.0,,,probe_country_service
CK,M-Root,resolved_entry_only,,,0.0,,,,,,,,,,,,,,,,,unknown_cross_layer_distribution_class,,False,False,False,False,False,insufficient_no_inter_region_projection_segments,"minimum_mappable_segments,minimum_unique_probes,minimum_unique_probe_asns,maximum_country_fallback_share",0.0,0.0,,,probe_country_service
CL,M-Root,all_publicly_visible,5006,dns-root_m-root_msm5006_20260701T000000Z_010000Z.json,1.0,1.0,1.0,1.0,-0.0,0.0,1.0,severe_network_transition_concentration,1.0,1.0,1.0,-0.0,0.0,1.0,0.0,0.0,severe_corridor_observation_concentration,network_and_physical_both_concentrated,0.0,False,False,False,True,False,"insufficient_minimum_mappable_segments,minimum_unique_probes,minimum_unique_probe_asns","minimum_mappable_segments,minimum_unique_probes,minimum_unique_probe_asns",1.0,1.0,0.0,1.0,probe_country_service
CL,M-Root,resolved_entry_only,5006,dns-root_m-root_msm5006_20260701T000000Z_010000Z.json,1.0,1.0,1.0,1.0,-0.0,0.0,1.0,severe_network_transition_concentration,1.0,1.0,1.0,-0.0,0.0,1.0,0.0,0.0,severe_corridor_observation_concentration,network_and_physical_both_concentrated,0.0,False,False,False,True,False,"insufficient_minimum_mappable_segments,minimum_unique_probes,minimum_unique_probe_asns","minimum_mappable_segments,minimum_unique_probes,minimum_unique_probe_asns",1.0,1.0,0.0,1.0,probe_country_service
CM,M-Root,all_publicly_visible,5006,dns-root_m-root_msm5006_20260701T000000Z_010000Z.json,2.0,1.0,1.0,1.0,-0.0,0.0,1.0,severe_network_transition_concentration,1.0,1.0,1.0,-0.0,0.0,1.0,0.0,0.0,severe_corridor_observation_concentration,network_and_physical_both_concentrated,0.0,False,False,False,True,False,"insufficient_minimum_mappable_segments,minimum_unique_probes,minimum_unique_probe_asns","minimum_mappable_segments,minimum_unique_probes,minimum_unique_probe_asns",1.0,1.0,0.0,1.0,probe_country_service
CM,M-Root,resolved_entry_only,5006,dns-root_m-root_msm5006_20260701T000000Z_010000Z.json,2.0,1.0,1.0,1.0,-0.0,0.0,1.0,severe_network_transition_concentration,1.0,1.0,1.0,-0.0,0.0,1.0,0.0,0.0,severe_corridor_observation_concentration,network_and_physical_both_concentrated,0.0,False,False,False,True,False,"insufficient_minimum_mappable_segments,minimum_unique_probes,minimum_unique_probe_asns","minimum_mappable_segments,minimum_unique_probes,minimum_unique_probe_asns",1.0,1.0,0.0,1.0,probe_country_service
CN,M-Root,all_publicly_visible,5006,dns-root_m-root_msm5006_20260701T000000Z_010000Z.json,9.0,0.4444444444444444,0.5555555555555556,0.6666666666666666,1.5810937501718234,0.8824252235446576,4.860268825015377,broad_network_transition_distribution,0.2222222222222222,0.4444444444444444,0.5925925925925926,1.7613004648865633,0.9830005060028429,5.820001182293642,0.10057528245818537,-0.10057528245818537,broad_corridor_observation_distribution,network_and_physical_both_broad,0.5555555555555556,False,False,False,False,False,"insufficient_minimum_mappable_segments,minimum_unique_probes,maximum_country_fallback_share","minimum_mappable_segments,minimum_unique_probes,maximum_country_fallback_share",5.0,4.0,1.0,0.0,probe_country_service
CN,M-Root,resolved_entry_only,5006,dns-root_m-root_msm5006_20260701T000000Z_010000Z.json,9.0,0.4444444444444444,0.5555555555555556,0.6666666666666666,1.5810937501718234,0.8824252235446576,4.860268825015377,broad_network_transition_distribution,0.2222222222222222,0.4444444444444444,0.5925925925925926,1.7613004648865633,0.9830005060028429,5.820001182293642,0.10057528245818537,-0.10057528245818537,broad_corridor_observation_distribution,network_and_physical_both_broad,0.5555555555555556,False,False,False,False,False,"insufficient_minimum_mappable_segments,minimum_unique_probes,maximum_country_fallback_share","minimum_mappable_segments,minimum_unique_probes,maximum_country_fallback_share",5.0,4.0,1.0,0.0,probe_country_service
CO,M-Root,all_publicly_visible,5006,dns-root_m-root_msm5006_20260701T000000Z_010000Z.json,14.0,0.5714285714285714,0.8571428571428571,1.0,0.9556998911125343,0.8699155297736259,2.6004900059896596,moderate_network_transition_concentration,0.2857142857142857,0.5714285714285714,0.7857142857142857,1.376055285260417,0.9926140680171258,3.959252660105037,0.12269853824349997,-0.12269853824349997,weak_corridor_observation_concentration,network_and_physical_both_concentrated,0.14285714285714285,False,False,False,True,False,"insufficient_minimum_mappable_segments,minimum_unique_probes","minimum_mappable_segments,minimum_unique_probes",7.0,4.0,0.0,1.0,probe_country_service
CO,M-Root,resolved_entry_only,5006,dns-root_m-root_msm5006_20260701T000000Z_010000Z.json,12.0,0.5,0.8333333333333333,1.0,1.0114042647073518,0.920619835714305,2.7494592739972052,moderate_network_transition_concentration,0.3333333333333333,0.6666666666666666,0.9166666666666666,1.286057336874379,0.9276942711037669,3.618491900178948,0.007074435389461953,-0.007074435389461953,weak_corridor_observation_concentration,network_and_physical_both_concentrated,0.16666666666666666,False,False,False,True,False,"insufficient_minimum_mappable_segments,minimum_unique_probes","minimum_mappable_segments,minimum_unique_probes",6.0,4.0,0.0,1.0,probe_country_service
CR,M-Root,all_publicly_visible,,,0.0,,,,,,,,,,,,,,,,,unknown_cross_layer_distribution_class,,False,False,False,False,False,insufficient_no_inter_region_projection_segments,"minimum_mappable_segments,minimum_unique_probes,minimum_unique_probe_asns,maximum_country_fallback_share",0.0,0.0,,,probe_country_service
CR,M-Root,resolved_entry_only,,,0.0,,,,,,,,,,,,,,,,,unknown_cross_layer_distribution_class,,False,False,False,False,False,insufficient_no_inter_region_projection_segments,"minimum_mappable_segments,minimum_unique_probes,minimum_unique_probe_asns,maximum_country_fallback_share",0.0,0.0,,,probe_country_service
CU,M-Root,all_publicly_visible,5006,dns-root_m-root_msm5006_20260701T000000Z_010000Z.json,1.0,1.0,1.0,1.0,-0.0,0.0,1.0,severe_network_transition_concentration,1.0,1.0,1.0,-0.0,0.0,1.0,0.0,0.0,severe_corridor_observation_concentration,network_and_physical_both_concentrated,0.0,False,False,False,True,False,"insufficient_minimum_mappable_segments,minimum_unique_probes,minimum_unique_probe_asns","minimum_mappable_segments,minimum_unique_probes,minimum_unique_probe_asns",1.0,1.0,0.0,1.0,probe_country_service
CU,M-Root,resolved_entry_only,5006,dns-root_m-root_msm5006_20260701T000000Z_010000Z.json,1.0,1.0,1.0,1.0,-0.0,0.0,1.0,severe_network_transition_concentration,1.0,1.0,1.0,-0.0,0.0,1.0,0.0,0.0,severe_corridor_observation_concentration,network_and_physical_both_concentrated,0.0,False,False,False,True,False,"insufficient_minimum_mappable_segments,minimum_unique_probes,minimum_unique_probe_asns","minimum_mappable_segments,minimum_unique_probes,minimum_unique_probe_asns",1.0,1.0,0.0,1.0,probe_country_service
CV,M-Root,all_publicly_visible,5006,dns-root_m-root_msm5006_20260701T000000Z_010000Z.json,6.0,1.0,1.0,1.0,-0.0,0.0,1.0,severe_network_transition_concentration,0.3333333333333333,0.6666666666666666,1.0,1.0986122886681096,0.9999999999999998,2.9999999999999996,0.9999999999999998,-0.9999999999999998,weak_corridor_observation_concentration,network_and_physical_both_concentrated,0.0,False,False,False,True,False,"insufficient_minimum_mappable_segments,minimum_unique_probes,minimum_unique_probe_asns","minimum_mappable_segments,minimum_unique_probes,minimum_unique_probe_asns",1.0,1.0,1.0,0.0,probe_country_service
CV,M-Root,resolved_entry_only,5006,dns-root_m-root_msm5006_20260701T000000Z_010000Z.json,6.0,1.0,1.0,1.0,-0.0,0.0,1.0,severe_network_transition_concentration,0.3333333333333333,0.6666666666666666,1.0,1.0986122886681096,0.9999999999999998,2.9999999999999996,0.9999999999999998,-0.9999999999999998,weak_corridor_observation_concentration,network_and_physical_both_concentrated,0.0,False,False,False,True,False,"insufficient_minimum_mappable_segments,minimum_unique_probes,minimum_unique_probe_asns","minimum_mappable_segments,minimum_unique_probes,minimum_unique_probe_asns",1.0,1.0,1.0,0.0,probe_country_service
CW,M-Root,all_publicly_visible,,,0.0,,,,,,,,,,,,,,,,,unknown_cross_layer_distribution_class,,False,False,False,False,False,insufficient_no_inter_region_projection_segments,"minimum_mappable_segments,minimum_unique_probes,minimum_unique_probe_asns,maximum_country_fallback_share",0.0,0.0,,,probe_country_service
CW,M-Root,resolved_entry_only,,,0.0,,,,,,,,,,,,,,,,,unknown_cross_layer_distribution_class,,False,False,False,False,False,insufficient_no_inter_region_projection_segments,"minimum_mappable_segments,minimum_unique_probes,minimum_unique_probe_asns,maximum_country_fallback_share",0.0,0.0,,,probe_country_service
CY,M-Root,all_publicly_visible,5006,dns-root_m-root_msm5006_20260701T000000Z_010000Z.json,14.0,0.2857142857142857,0.5714285714285714,0.8571428571428571,1.351783994289646,0.9751060324573735,3.8643132978583434,weak_network_transition_concentration,0.23809523809523808,0.47619047619047616,0.7142857142857142,1.6613682955965785,0.9272273003877842,5.266512061889922,-0.04787873206958926,0.04787873206958926,broad_corridor_observation_distribution,network_and_physical_both_broad,0.0,False,False,False,True,False,"insufficient_minimum_mappable_segments,minimum_unique_probes,minimum_unique_probe_asns","minimum_mappable_segments,minimum_unique_probes,minimum_unique_probe_asns",4.0,2.0,0.7142857142857143,0.2857142857142857,probe_country_service
CY,M-Root,resolved_entry_only,5006,dns-root_m-root_msm5006_20260701T000000Z_010000Z.json,14.0,0.2857142857142857,0.5714285714285714,0.8571428571428571,1.351783994289646,0.9751060324573735,3.8643132978583434,weak_network_transition_concentration,0.23809523809523808,0.47619047619047616,0.7142857142857142,1.6613682955965785,0.9272273003877842,5.266512061889922,-0.04787873206958926,0.04787873206958926,broad_corridor_observation_distribution,network_and_physical_both_broad,0.0,False,False,False,True,False,"insufficient_minimum_mappable_segments,minimum_unique_probes,minimum_unique_probe_asns","minimum_mappable_segments,minimum_unique_probes,minimum_unique_probe_asns",4.0,2.0,0.7142857142857143,0.2857142857142857,probe_country_service
CZ,M-Root,all_publicly_visible,5006,dns-root_m-root_msm5006_20260701T000000Z_010000Z.json,5.0,0.4,0.8,1.0,1.0549201679861442,0.9602297178607612,2.8717458874925876,moderate_network_transition_concentration,0.26666666666666666,0.5333333333333333,0.8,1.5179216905846646,0.943137774286038,4.562732564199043,-0.017091943574723212,0.017091943574723212,weak_corridor_observation_concentration,network_and_physical_both_concentrated,0.0,False,False,False,True,False,"insufficient_minimum_mappable_segments,minimum_unique_probes,minimum_unique_probe_asns","minimum_mappable_segments,minimum_unique_probes,minimum_unique_probe_asns",1.0,1.0,0.8,0.2,probe_country_service
CZ,M-Root,resolved_entry_only,5006,dns-root_m-root_msm5006_20260701T000000Z_010000Z.json,5.0,0.4,0.8,1.0,1.0549201679861442,0.9602297178607612,2.8717458874925876,moderate_network_transition_concentration,0.26666666666666666,0.5333333333333333,0.8,1.5179216905846646,0.943137774286038,4.562732564199043,-0.017091943574723212,0.017091943574723212,weak_corridor_observation_concentration,network_and_physical_both_concentrated,0.0,False,False,False,True,False,"insufficient_minimum_mappable_segments,minimum_unique_probes,minimum_unique_probe_asns","minimum_mappable_segments,minimum_unique_probes,minimum_unique_probe_asns",1.0,1.0,0.8,0.2,probe_country_service
DE,M-Root,all_publicly_visible,5006,dns-root_m-root_msm5006_20260701T000000Z_010000Z.json,219.0,0.3789954337899543,0.6894977168949772,0.9908675799086757,1.13521875386236,0.8188872332606878,3.111854198579424,weak_network_transition_concentration,0.289193302891933,0.578386605783866,0.867579908675799,1.4358820051730263,0.8921636517195065,4.203350751412397,0.07327641845881872,-0.07327641845881872,weak_corridor_observation_concentration,network_and_physical_both_concentrated,0.0,True,True,True,True,True,auditable,,38.0,13.0,0.867579908675799,0.1324200913242009,probe_country_service
DE,M-Root,resolved_entry_only,5006,dns-root_m-root_msm5006_20260701T000000Z_010000Z.json,219.0,0.3789954337899543,0.6894977168949772,0.9908675799086757,1.13521875386236,0.8188872332606878,3.111854198579424,weak_network_transition_concentration,0.289193302891933,0.578386605783866,0.867579908675799,1.4358820051730263,0.8921636517195065,4.203350751412397,0.07327641845881872,-0.07327641845881872,weak_corridor_observation_concentration,network_and_physical_both_concentrated,0.0,True,True,True,True,True,auditable,,38.0,13.0,0.867579908675799,0.1324200913242009,probe_country_service
DJ,M-Root,all_publicly_visible,5006,dns-root_m-root_msm5006_20260701T000000Z_010000Z.json,4.0,0.75,1.0,1.0,0.5623351446188083,0.8112781244591328,1.7547653506033232,moderate_network_transition_concentration,0.375,0.75,1.0,1.0821955300387673,0.9850568223215079,2.9511517858675242,0.1737786978623751,-0.1737786978623751,weak_corridor_observation_concentration,network_and_physical_both_concentrated,0.75,False,False,False,False,False,"insufficient_minimum_mappable_segments,minimum_unique_probes,minimum_unique_probe_asns,maximum_country_fallback_share","minimum_mappable_segments,minimum_unique_probes,minimum_unique_probe_asns,maximum_country_fallback_share",3.0,2.0,0.0,1.0,probe_country_service
DJ,M-Root,resolved_entry_only,5006,dns-root_m-root_msm5006_20260701T000000Z_010000Z.json,4.0,0.75,1.0,1.0,0.5623351446188083,0.8112781244591328,1.7547653506033232,moderate_network_transition_concentration,0.375,0.75,1.0,1.0821955300387673,0.9850568223215079,2.9511517858675242,0.1737786978623751,-0.1737786978623751,weak_corridor_observation_concentration,network_and_physical_both_concentrated,0.75,False,False,False,False,False,"insufficient_minimum_mappable_segments,minimum_unique_probes,minimum_unique_probe_asns,maximum_country_fallback_share","minimum_mappable_segments,minimum_unique_probes,minimum_unique_probe_asns,maximum_country_fallback_share",3.0,2.0,0.0,1.0,probe_country_service
DK,M-Root,all_publicly_visible,5006,dns-root_m-root_msm5006_20260701T000000Z_010000Z.json,425.0,0.29411764705882354,0.4258823529411765,0.5294117647058824,2.671733064380782,0.7708992085122456,14.46501628691474,broad_network_transition_distribution,0.8564705882352941,0.9011764705882352,0.9458823529411764,0.6490397927601665,0.3121221634515643,1.9137023956214596,-0.4587770450606813,0.4587770450606813,severe_corridor_observation_concentration,network_broad_physical_concentrated,0.33647058823529413,False,True,True,False,False,insufficient_maximum_country_fallback_share,maximum_country_fallback_share,92.0,27.0,0.6823529411764706,0.3176470588235294,probe_country_service
DK,M-Root,resolved_entry_only,5006,dns-root_m-root_msm5006_20260701T000000Z_010000Z.json,423.0,0.29314420803782504,0.42553191489361697,0.5295508274231678,2.6724875178893814,0.7711168977793331,14.475933586984175,broad_network_transition_distribution,0.8581560283687943,0.9018912529550828,0.9456264775413712,0.6443720803064027,0.3098774682484507,1.9047905981511444,-0.4612394295308824,0.4612394295308824,severe_corridor_observation_concentration,network_broad_physical_concentrated,0.33569739952718675,False,True,True,False,False,insufficient_maximum_country_fallback_share,maximum_country_fallback_share,92.0,27.0,0.6832151300236406,0.31678486997635935,probe_country_service
DO,M-Root,all_publicly_visible,5006,dns-root_m-root_msm5006_20260701T000000Z_010000Z.json,17.0,0.4117647058823529,0.7647058823529411,0.8823529411764706,1.236477074585904,0.8919296718389883,3.443461014922236,weak_network_transition_concentration,0.47058823529411764,0.8823529411764706,1.0,0.9718487712358765,0.8846148739279864,2.64282592615977,-0.007314797911001869,0.007314797911001869,moderate_corridor_observation_concentration,network_broad_physical_concentrated,0.0,False,False,False,True,False,"insufficient_minimum_mappable_segments,minimum_unique_probes","minimum_mappable_segments,minimum_unique_probes",5.0,5.0,0.0,1.0,probe_country_service
DO,M-Root,resolved_entry_only,5006,dns-root_m-root_msm5006_20260701T000000Z_010000Z.json,17.0,0.4117647058823529,0.7647058823529411,0.8823529411764706,1.236477074585904,0.8919296718389883,3.443461014922236,weak_network_transition_concentration,0.47058823529411764,0.8823529411764706,1.0,0.9718487712358765,0.8846148739279864,2.64282592615977,-0.007314797911001869,0.007314797911001869,moderate_corridor_observation_concentration,network_broad_physical_concentrated,0.0,False,False,False,True,False,"insufficient_minimum_mappable_segments,minimum_unique_probes","minimum_mappable_segments,minimum_unique_probes",5.0,5.0,0.0,1.0,probe_country_service
DZ,M-Root,all_publicly_visible,,,0.0,,,,,,,,,,,,,,,,,unknown_cross_layer_distribution_class,,False,False,False,False,False,insufficient_no_inter_region_projection_segments,"minimum_mappable_segments,minimum_unique_probes,minimum_unique_probe_asns,maximum_country_fallback_share",0.0,0.0,,,probe_country_service
DZ,M-Root,resolved_entry_only,,,0.0,,,,,,,,,,,,,,,,,unknown_cross_layer_distribution_class,,False,False,False,False,False,insufficient_no_inter_region_projection_segments,"minimum_mappable_segments,minimum_unique_probes,minimum_unique_probe_asns,maximum_country_fallback_share",0.0,0.0,,,probe_country_service
EC,M-Root,all_publicly_visible,,,0.0,,,,,,,,,,,,,,,,,unknown_cross_layer_distribution_class,,False,False,False,False,False,insufficient_no_inter_region_projection_segments,"minimum_mappable_segments,minimum_unique_probes,minimum_unique_probe_asns,maximum_country_fallback_share",0.0,0.0,,,probe_country_service
EC,M-Root,resolved_entry_only,,,0.0,,,,,,,,,,,,,,,,,unknown_cross_layer_distribution_class,,False,False,False,False,False,insufficient_no_inter_region_projection_segments,"minimum_mappable_segments,minimum_unique_probes,minimum_unique_probe_asns,maximum_country_fallback_share",0.0,0.0,,,probe_country_service
EE,M-Root,all_publicly_visible,5006,dns-root_m-root_msm5006_20260701T000000Z_010000Z.json,65.0,0.27692307692307694,0.46153846153846156,0.6461538461538462,1.7094332850380478,0.9540528817601417,5.525829020119682,broad_network_transition_distribution,0.18461538461538463,0.36410256410256414,0.5435897435897437,1.9605808205272224,0.9428400756788796,7.103451697765229,-0.011212806081262072,0.011212806081262072,broad_corridor_observation_distribution,network_and_physical_both_broad,0.0,True,True,True,True,True,auditable,,13.0,5.0,0.5384615384615384,0.46153846153846156,probe_country_service
EE,M-Root,resolved_entry_only,5006,dns-root_m-root_msm5006_20260701T000000Z_010000Z.json,65.0,0.27692307692307694,0.46153846153846156,0.6461538461538462,1.7094332850380478,0.9540528817601417,5.525829020119682,broad_network_transition_distribution,0.18461538461538463,0.36410256410256414,0.5435897435897437,1.9605808205272224,0.9428400756788796,7.103451697765229,-0.011212806081262072,0.011212806081262072,broad_corridor_observation_distribution,network_and_physical_both_broad,0.0,True,True,True,True,True,auditable,,13.0,5.0,0.5384615384615384,0.46153846153846156,probe_country_service
EG,M-Root,all_publicly_visible,,,0.0,,,,,,,,,,,,,,,,,unknown_cross_layer_distribution_class,,False,False,False,False,False,insufficient_no_inter_region_projection_segments,"minimum_mappable_segments,minimum_unique_probes,minimum_unique_probe_asns,maximum_country_fallback_share",0.0,0.0,,,probe_country_service
EG,M-Root,resolved_entry_only,,,0.0,,,,,,,,,,,,,,,,,unknown_cross_layer_distribution_class,,False,False,False,False,False,insufficient_no_inter_region_projection_segments,"minimum_mappable_segments,minimum_unique_probes,minimum_unique_probe_asns,maximum_country_fallback_share",0.0,0.0,,,probe_country_service
ES,M-Root,all_publicly_visible,5006,dns-root_m-root_msm5006_20260701T000000Z_010000Z.json,62.0,0.24193548387096775,0.4838709677419355,0.6290322580645161,1.9318116775212368,0.879205383667812,6.902003125539832,broad_network_transition_distribution,0.3548387096774194,0.467741935483871,0.5725806451612904,1.966525488618284,0.8540511682290167,7.145805124213192,-0.025154215438795258,0.025154215438795258,broad_corridor_observation_distribution,network_and_physical_both_broad,0.24193548387096775,True,True,True,True,True,auditable,,25.0,14.0,0.43548387096774194,0.5645161290322581,probe_country_service
ES,M-Root,resolved_entry_only,5006,dns-root_m-root_msm5006_20260701T000000Z_010000Z.json,62.0,0.24193548387096775,0.4838709677419355,0.6290322580645161,1.9318116775212368,0.879205383667812,6.902003125539832,broad_network_transition_distribution,0.3548387096774194,0.467741935483871,0.5725806451612904,1.966525488618284,0.8540511682290167,7.145805124213192,-0.025154215438795258,0.025154215438795258,broad_corridor_observation_distribution,network_and_physical_both_broad,0.24193548387096775,True,True,True,True,True,auditable,,25.0,14.0,0.43548387096774194,0.5645161290322581,probe_country_service
ET,M-Root,all_publicly_visible,5006,dns-root_m-root_msm5006_20260701T000000Z_010000Z.json,1.0,1.0,1.0,1.0,-0.0,0.0,1.0,severe_network_transition_concentration,0.5,1.0,1.0,0.6931471805599453,1.0,2.0,1.0,-1.0,moderate_corridor_observation_concentration,network_and_physical_both_concentrated,1.0,False,False,False,False,False,"insufficient_minimum_mappable_segments,minimum_unique_probes,minimum_unique_probe_asns,maximum_country_fallback_share","minimum_mappable_segments,minimum_unique_probes,minimum_unique_probe_asns,maximum_country_fallback_share",1.0,1.0,0.0,1.0,probe_country_service
ET,M-Root,resolved_entry_only,,,0.0,,,,,,,,,,,,,,,,,unknown_cross_layer_distribution_class,,False,False,False,False,False,insufficient_no_inter_region_projection_segments,"minimum_mappable_segments,minimum_unique_probes,minimum_unique_probe_asns,maximum_country_fallback_share",0.0,0.0,,,probe_country_service
FI,M-Root,all_publicly_visible,5006,dns-root_m-root_msm5006_20260701T000000Z_010000Z.json,284.0,0.31690140845070425,0.5880281690140845,0.7183098591549296,1.884309590386665,0.6958178211097148,6.581808728974026,broad_network_transition_distribution,0.33098591549295775,0.4460093896713615,0.5610328638497653,2.0844970421423583,0.8388633200044746,8.040546408536391,0.14304549889475981,-0.14304549889475981,broad_corridor_observation_distribution,network_and_physical_both_broad,0.36619718309859156,False,True,True,False,False,insufficient_maximum_country_fallback_share,maximum_country_fallback_share,108.0,43.0,0.4295774647887324,0.5704225352112676,probe_country_service
FI,M-Root,resolved_entry_only,5006,dns-root_m-root_msm5006_20260701T000000Z_010000Z.json,283.0,0.31448763250883394,0.5865724381625441,0.7173144876325088,1.8868938003131794,0.6967720906891571,6.598839500492444,broad_network_transition_distribution,0.3286219081272085,0.44405182567726736,0.5594817432273262,2.087943127327954,0.8402501267023801,8.06830261405503,0.14347803601322295,-0.14347803601322295,broad_corridor_observation_distribution,network_and_physical_both_broad,0.36395759717314485,False,True,True,False,False,insufficient_maximum_country_fallback_share,maximum_country_fallback_share,107.0,43.0,0.43109540636042404,0.568904593639576,probe_country_service
FJ,M-Root,all_publicly_visible,5006,dns-root_m-root_msm5006_20260701T000000Z_010000Z.json,1.0,1.0,1.0,1.0,-0.0,0.0,1.0,severe_network_transition_concentration,0.3333333333333333,0.6666666666666666,1.0,1.0986122886681096,0.9999999999999998,2.9999999999999996,0.9999999999999998,-0.9999999999999998,weak_corridor_observation_concentration,network_and_physical_both_concentrated,1.0,False,False,False,False,False,"insufficient_minimum_mappable_segments,minimum_unique_probes,minimum_unique_probe_asns,maximum_country_fallback_share","minimum_mappable_segments,minimum_unique_probes,minimum_unique_probe_asns,maximum_country_fallback_share",1.0,1.0,1.0,0.0,probe_country_service
FJ,M-Root,resolved_entry_only,5006,dns-root_m-root_msm5006_20260701T000000Z_010000Z.json,1.0,1.0,1.0,1.0,-0.0,0.0,1.0,severe_network_transition_concentration,0.3333333333333333,0.6666666666666666,1.0,1.0986122886681096,0.9999999999999998,2.9999999999999996,0.9999999999999998,-0.9999999999999998,weak_corridor_observation_concentration,network_and_physical_both_concentrated,1.0,False,False,False,False,False,"insufficient_minimum_mappable_segments,minimum_unique_probes,minimum_unique_probe_asns,maximum_country_fallback_share","minimum_mappable_segments,minimum_unique_probes,minimum_unique_probe_asns,maximum_country_fallback_share",1.0,1.0,1.0,0.0,probe_country_service
FM,M-Root,all_publicly_visible,,,0.0,,,,,,,,,,,,,,,,,unknown_cross_layer_distribution_class,,False,False,False,False,False,insufficient_no_inter_region_projection_segments,"minimum_mappable_segments,minimum_unique_probes,minimum_unique_probe_asns,maximum_country_fallback_share",0.0,0.0,,,probe_country_service
FM,M-Root,resolved_entry_only,,,0.0,,,,,,,,,,,,,,,,,unknown_cross_layer_distribution_class,,False,False,False,False,False,insufficient_no_inter_region_projection_segments,"minimum_mappable_segments,minimum_unique_probes,minimum_unique_probe_asns,maximum_country_fallback_share",0.0,0.0,,,probe_country_service
FR,M-Root,all_publicly_visible,5006,dns-root_m-root_msm5006_20260701T000000Z_010000Z.json,88.0,0.3522727272727273,0.6022727272727273,0.8522727272727273,1.343202576594054,0.9689158480807599,3.8312938906363616,weak_network_transition_concentration,0.22348484848484845,0.4469696969696969,0.6704545454545454,1.697502584718045,0.9473942311293497,5.460293728388805,-0.021521616951410194,0.021521616951410194,broad_corridor_observation_distribution,network_and_physical_both_broad,0.0,True,True,True,True,True,auditable,,21.0,11.0,0.6704545454545454,0.32954545454545453,probe_country_service
FR,M-Root,resolved_entry_only,5006,dns-root_m-root_msm5006_20260701T000000Z_010000Z.json,88.0,0.3522727272727273,0.6022727272727273,0.8522727272727273,1.343202576594054,0.9689158480807599,3.8312938906363616,weak_network_transition_concentration,0.22348484848484845,0.4469696969696969,0.6704545454545454,1.697502584718045,0.9473942311293497,5.460293728388805,-0.021521616951410194,0.021521616951410194,broad_corridor_observation_distribution,network_and_physical_both_broad,0.0,True,True,True,True,True,auditable,,21.0,11.0,0.6704545454545454,0.32954545454545453,probe_country_service
GB,M-Root,all_publicly_visible,5006,dns-root_m-root_msm5006_20260701T000000Z_010000Z.json,74.0,0.28378378378378377,0.5405405405405406,0.7972972972972973,1.647064176753967,0.7920704399429372,5.191715472449012,broad_network_transition_distribution,0.2252252252252252,0.4504504504504504,0.6756756756756757,1.8863220587555403,0.7866573991591306,6.595067748054373,-0.005413040783806666,0.005413040783806666,broad_corridor_observation_distribution,network_and_physical_both_broad,0.05405405405405406,True,True,True,True,True,auditable,,18.0,12.0,0.7027027027027026,0.2972972972972973,probe_country_service
GB,M-Root,resolved_entry_only,5006,dns-root_m-root_msm5006_20260701T000000Z_010000Z.json,74.0,0.28378378378378377,0.5405405405405406,0.7972972972972973,1.647064176753967,0.7920704399429372,5.191715472449012,broad_network_transition_distribution,0.2252252252252252,0.4504504504504504,0.6756756756756757,1.8863220587555403,0.7866573991591306,6.595067748054373,-0.005413040783806666,0.005413040783806666,broad_corridor_observation_distribution,network_and_physical_both_broad,0.05405405405405406,True,True,True,True,True,auditable,,18.0,12.0,0.7027027027027026,0.2972972972972973,probe_country_service
GE,M-Root,all_publicly_visible,,,0.0,,,,,,,,,,,,,,,,,unknown_cross_layer_distribution_class,,False,False,False,False,False,insufficient_no_inter_region_projection_segments,"minimum_mappable_segments,minimum_unique_probes,minimum_unique_probe_asns,maximum_country_fallback_share",0.0,0.0,,,probe_country_service
GE,M-Root,resolved_entry_only,,,0.0,,,,,,,,,,,,,,,,,unknown_cross_layer_distribution_class,,False,False,False,False,False,insufficient_no_inter_region_projection_segments,"minimum_mappable_segments,minimum_unique_probes,minimum_unique_probe_asns,maximum_country_fallback_share",0.0,0.0,,,probe_country_service
GF,M-Root,all_publicly_visible,,,0.0,,,,,,,,,,,,,,,,,unknown_cross_layer_distribution_class,,False,False,False,False,False,insufficient_no_inter_region_projection_segments,"minimum_mappable_segments,minimum_unique_probes,minimum_unique_probe_asns,maximum_country_fallback_share",0.0,0.0,,,probe_country_service
GF,M-Root,resolved_entry_only,,,0.0,,,,,,,,,,,,,,,,,unknown_cross_layer_distribution_class,,False,False,False,False,False,insufficient_no_inter_region_projection_segments,"minimum_mappable_segments,minimum_unique_probes,minimum_unique_probe_asns,maximum_country_fallback_share",0.0,0.0,,,probe_country_service
GG,M-Root,all_publicly_visible,5006,dns-root_m-root_msm5006_20260701T000000Z_010000Z.json,4.0,1.0,1.0,1.0,-0.0,0.0,1.0,severe_network_transition_concentration,1.0,1.0,1.0,-0.0,0.0,1.0,0.0,0.0,severe_corridor_observation_concentration,network_and_physical_both_concentrated,0.0,False,False,False,True,False,"insufficient_minimum_mappable_segments,minimum_unique_probes,minimum_unique_probe_asns","minimum_mappable_segments,minimum_unique_probes,minimum_unique_probe_asns",1.0,1.0,1.0,0.0,probe_country_service
GG,M-Root,resolved_entry_only,5006,dns-root_m-root_msm5006_20260701T000000Z_010000Z.json,4.0,1.0,1.0,1.0,-0.0,0.0,1.0,severe_network_transition_concentration,1.0,1.0,1.0,-0.0,0.0,1.0,0.0,0.0,severe_corridor_observation_concentration,network_and_physical_both_concentrated,0.0,False,False,False,True,False,"insufficient_minimum_mappable_segments,minimum_unique_probes,minimum_unique_probe_asns","minimum_mappable_segments,minimum_unique_probes,minimum_unique_probe_asns",1.0,1.0,1.0,0.0,probe_country_service
GH,M-Root,all_publicly_visible,5006,dns-root_m-root_msm5006_20260701T000000Z_010000Z.json,3.0,0.6666666666666666,1.0,1.0,0.6365141682948128,0.9182958340544894,1.8898815748423097,moderate_network_transition_concentration,0.6666666666666666,0.8333333333333333,1.0,0.8675632284814613,0.7896900821428475,2.3811015779522995,-0.12860575191164192,0.12860575191164192,moderate_corridor_observation_concentration,network_and_physical_both_concentrated,0.0,False,False,False,True,False,"insufficient_minimum_mappable_segments,minimum_unique_probes,minimum_unique_probe_asns","minimum_mappable_segments,minimum_unique_probes,minimum_unique_probe_asns",1.0,1.0,0.0,1.0,probe_country_service
GH,M-Root,resolved_entry_only,5006,dns-root_m-root_msm5006_20260701T000000Z_010000Z.json,3.0,0.6666666666666666,1.0,1.0,0.6365141682948128,0.9182958340544894,1.8898815748423097,moderate_network_transition_concentration,0.6666666666666666,0.8333333333333333,1.0,0.8675632284814613,0.7896900821428475,2.3811015779522995,-0.12860575191164192,0.12860575191164192,moderate_corridor_observation_concentration,network_and_physical_both_concentrated,0.0,False,False,False,True,False,"insufficient_minimum_mappable_segments,minimum_unique_probes,minimum_unique_probe_asns","minimum_mappable_segments,minimum_unique_probes,minimum_unique_probe_asns",1.0,1.0,0.0,1.0,probe_country_service
GP,M-Root,all_publicly_visible,5006,dns-root_m-root_msm5006_20260701T000000Z_010000Z.json,4.0,1.0,1.0,1.0,-0.0,0.0,1.0,severe_network_transition_concentration,0.125,0.25,0.375,2.0794415416798357,1.0,7.999999999999998,1.0,-1.0,broad_corridor_observation_distribution,network_concentrated_physical_broad,0.0,False,False,False,True,False,"insufficient_minimum_mappable_segments,minimum_unique_probes,minimum_unique_probe_asns","minimum_mappable_segments,minimum_unique_probes,minimum_unique_probe_asns",1.0,1.0,0.5,0.5,probe_country_service
GP,M-Root,resolved_entry_only,5006,dns-root_m-root_msm5006_20260701T000000Z_010000Z.json,4.0,1.0,1.0,1.0,-0.0,0.0,1.0,severe_network_transition_concentration,0.125,0.25,0.375,2.0794415416798357,1.0,7.999999999999998,1.0,-1.0,broad_corridor_observation_distribution,network_concentrated_physical_broad,0.0,False,False,False,True,False,"insufficient_minimum_mappable_segments,minimum_unique_probes,minimum_unique_probe_asns","minimum_mappable_segments,minimum_unique_probes,minimum_unique_probe_asns",1.0,1.0,0.5,0.5,probe_country_service
GQ,M-Root,all_publicly_visible,5006,dns-root_m-root_msm5006_20260701T000000Z_010000Z.json,2.0,1.0,1.0,1.0,-0.0,0.0,1.0,severe_network_transition_concentration,1.0,1.0,1.0,-0.0,0.0,1.0,0.0,0.0,severe_corridor_observation_concentration,network_and_physical_both_concentrated,0.0,False,False,False,True,False,"insufficient_minimum_mappable_segments,minimum_unique_probes,minimum_unique_probe_asns","minimum_mappable_segments,minimum_unique_probes,minimum_unique_probe_asns",1.0,1.0,1.0,0.0,probe_country_service
GQ,M-Root,resolved_entry_only,,,0.0,,,,,,,,,,,,,,,,,unknown_cross_layer_distribution_class,,False,False,False,False,False,insufficient_no_inter_region_projection_segments,"minimum_mappable_segments,minimum_unique_probes,minimum_unique_probe_asns,maximum_country_fallback_share",0.0,0.0,,,probe_country_service
GR,M-Root,all_publicly_visible,,,0.0,,,,,,,,,,,,,,,,,unknown_cross_layer_distribution_class,,False,False,False,False,False,insufficient_no_inter_region_projection_segments,"minimum_mappable_segments,minimum_unique_probes,minimum_unique_probe_asns,maximum_country_fallback_share",0.0,0.0,,,probe_country_service
GR,M-Root,resolved_entry_only,,,0.0,,,,,,,,,,,,,,,,,unknown_cross_layer_distribution_class,,False,False,False,False,False,insufficient_no_inter_region_projection_segments,"minimum_mappable_segments,minimum_unique_probes,minimum_unique_probe_asns,maximum_country_fallback_share",0.0,0.0,,,probe_country_service
GT,M-Root,all_publicly_visible,,,0.0,,,,,,,,,,,,,,,,,unknown_cross_layer_distribution_class,,False,False,False,False,False,insufficient_no_inter_region_projection_segments,"minimum_mappable_segments,minimum_unique_probes,minimum_unique_probe_asns,maximum_country_fallback_share",0.0,0.0,,,probe_country_service
GT,M-Root,resolved_entry_only,,,0.0,,,,,,,,,,,,,,,,,unknown_cross_layer_distribution_class,,False,False,False,False,False,insufficient_no_inter_region_projection_segments,"minimum_mappable_segments,minimum_unique_probes,minimum_unique_probe_asns,maximum_country_fallback_share",0.0,0.0,,,probe_country_service
GU,M-Root,all_publicly_visible,5006,dns-root_m-root_msm5006_20260701T000000Z_010000Z.json,7.0,0.2857142857142857,0.5714285714285714,0.8571428571428571,1.351783994289646,0.9751060324573735,3.8643132978583434,weak_network_transition_concentration,0.2857142857142857,0.5714285714285714,0.7142857142857142,1.6656732196233914,0.9296299242336443,5.2892328667829105,-0.04547610822372916,0.04547610822372916,broad_corridor_observation_distribution,network_and_physical_both_broad,0.7142857142857143,False,False,False,False,False,"insufficient_minimum_mappable_segments,minimum_unique_probes,minimum_unique_probe_asns,maximum_country_fallback_share","minimum_mappable_segments,minimum_unique_probes,minimum_unique_probe_asns,maximum_country_fallback_share",2.0,2.0,0.5714285714285713,0.4285714285714285,probe_country_service
GU,M-Root,resolved_entry_only,,,0.0,,,,,,,,,,,,,,,,,unknown_cross_layer_distribution_class,,False,False,False,False,False,insufficient_no_inter_region_projection_segments,"minimum_mappable_segments,minimum_unique_probes,minimum_unique_probe_asns,maximum_country_fallback_share",0.0,0.0,,,probe_country_service
HK,M-Root,all_publicly_visible,5006,dns-root_m-root_msm5006_20260701T000000Z_010000Z.json,26.0,0.23076923076923078,0.38461538461538464,0.46153846153846156,2.311423444691973,0.9301852224063113,10.088775252531287,broad_network_transition_distribution,0.3076923076923077,0.5128205128205128,0.717948717948718,1.6414480415035766,0.7893696497847038,5.162639818998162,-0.1408155726216075,0.1408155726216075,broad_corridor_observation_distribution,network_and_physical_both_broad,0.15384615384615385,False,False,False,True,False,"insufficient_minimum_mappable_segments,minimum_unique_probes","minimum_mappable_segments,minimum_unique_probes",7.0,7.0,0.9230769230769231,0.07692307692307693,probe_country_service
HK,M-Root,resolved_entry_only,5006,dns-root_m-root_msm5006_20260701T000000Z_010000Z.json,26.0,0.23076923076923078,0.38461538461538464,0.46153846153846156,2.311423444691973,0.9301852224063113,10.088775252531287,broad_network_transition_distribution,0.3076923076923077,0.5128205128205128,0.717948717948718,1.6414480415035766,0.7893696497847038,5.162639818998162,-0.1408155726216075,0.1408155726216075,broad_corridor_observation_distribution,network_and_physical_both_broad,0.15384615384615385,False,False,False,True,False,"insufficient_minimum_mappable_segments,minimum_unique_probes","minimum_mappable_segments,minimum_unique_probes",7.0,7.0,0.9230769230769231,0.07692307692307693,probe_country_service
HN,M-Root,all_publicly_visible,5006,dns-root_m-root_msm5006_20260701T000000Z_010000Z.json,8.0,0.875,1.0,1.0,0.37677016125643675,0.5435644431995964,1.4575692649810903,severe_network_transition_concentration,1.0,1.0,1.0,-0.0,0.0,1.0,-0.5435644431995964,0.5435644431995964,severe_corridor_observation_concentration,network_and_physical_both_concentrated,0.0,False,False,False,True,False,"insufficient_minimum_mappable_segments,minimum_unique_probes","minimum_mappable_segments,minimum_unique_probes",5.0,4.0,0.0,1.0,probe_country_service
HN,M-Root,resolved_entry_only,5006,dns-root_m-root_msm5006_20260701T000000Z_010000Z.json,8.0,0.875,1.0,1.0,0.37677016125643675,0.5435644431995964,1.4575692649810903,severe_network_transition_concentration,1.0,1.0,1.0,-0.0,0.0,1.0,-0.5435644431995964,0.5435644431995964,severe_corridor_observation_concentration,network_and_physical_both_concentrated,0.0,False,False,False,True,False,"insufficient_minimum_mappable_segments,minimum_unique_probes","minimum_mappable_segments,minimum_unique_probes",5.0,4.0,0.0,1.0,probe_country_service
HR,M-Root,all_publicly_visible,5006,dns-root_m-root_msm5006_20260701T000000Z_010000Z.json,4.0,1.0,1.0,1.0,-0.0,0.0,1.0,severe_network_transition_concentration,0.5,1.0,1.0,0.6931471805599453,1.0,2.0,1.0,-1.0,moderate_corridor_observation_concentration,network_and_physical_both_concentrated,0.0,False,False,False,True,False,"insufficient_minimum_mappable_segments,minimum_unique_probes","minimum_mappable_segments,minimum_unique_probes",3.0,3.0,0.0,1.0,probe_country_service
HR,M-Root,resolved_entry_only,5006,dns-root_m-root_msm5006_20260701T000000Z_010000Z.json,4.0,1.0,1.0,1.0,-0.0,0.0,1.0,severe_network_transition_concentration,0.5,1.0,1.0,0.6931471805599453,1.0,2.0,1.0,-1.0,moderate_corridor_observation_concentration,network_and_physical_both_concentrated,0.0,False,False,False,True,False,"insufficient_minimum_mappable_segments,minimum_unique_probes","minimum_mappable_segments,minimum_unique_probes",3.0,3.0,0.0,1.0,probe_country_service
HT,M-Root,all_publicly_visible,,,0.0,,,,,,,,,,,,,,,,,unknown_cross_layer_distribution_class,,False,False,False,False,False,insufficient_no_inter_region_projection_segments,"minimum_mappable_segments,minimum_unique_probes,minimum_unique_probe_asns,maximum_country_fallback_share",0.0,0.0,,,probe_country_service
HT,M-Root,resolved_entry_only,,,0.0,,,,,,,,,,,,,,,,,unknown_cross_layer_distribution_class,,False,False,False,False,False,insufficient_no_inter_region_projection_segments,"minimum_mappable_segments,minimum_unique_probes,minimum_unique_probe_asns,maximum_country_fallback_share",0.0,0.0,,,probe_country_service
HU,M-Root,all_publicly_visible,5006,dns-root_m-root_msm5006_20260701T000000Z_010000Z.json,3.0,0.6666666666666666,1.0,1.0,0.6365141682948128,0.9182958340544894,1.8898815748423097,moderate_network_transition_concentration,0.3333333333333333,0.6666666666666666,1.0,1.0986122886681096,0.9999999999999998,2.9999999999999996,0.08170416594551033,-0.08170416594551033,weak_corridor_observation_concentration,network_and_physical_both_concentrated,0.0,False,False,False,True,False,"insufficient_minimum_mappable_segments,minimum_unique_probes,minimum_unique_probe_asns","minimum_mappable_segments,minimum_unique_probes,minimum_unique_probe_asns",1.0,1.0,1.0,0.0,probe_country_service
HU,M-Root,resolved_entry_only,5006,dns-root_m-root_msm5006_20260701T000000Z_010000Z.json,3.0,0.6666666666666666,1.0,1.0,0.6365141682948128,0.9182958340544894,1.8898815748423097,moderate_network_transition_concentration,0.3333333333333333,0.6666666666666666,1.0,1.0986122886681096,0.9999999999999998,2.9999999999999996,0.08170416594551033,-0.08170416594551033,weak_corridor_observation_concentration,network_and_physical_both_concentrated,0.0,False,False,False,True,False,"insufficient_minimum_mappable_segments,minimum_unique_probes,minimum_unique_probe_asns","minimum_mappable_segments,minimum_unique_probes,minimum_unique_probe_asns",1.0,1.0,1.0,0.0,probe_country_service
ID,M-Root,all_publicly_visible,5006,dns-root_m-root_msm5006_20260701T000000Z_010000Z.json,307.0,0.3257328990228013,0.4071661237785016,0.4495114006514658,3.008743347298093,0.7772118623704506,20.261921721290005,broad_network_transition_distribution,0.6905537459283387,0.7335504885993485,0.7765472312703583,1.4361797182889822,0.47172577889191125,4.2046023303585445,-0.30548608347853934,0.30548608347853934,broad_corridor_observation_distribution,network_and_physical_both_broad,0.41368078175895767,False,True,True,False,False,insufficient_maximum_country_fallback_share,maximum_country_fallback_share,68.0,50.0,0.9413680781758961,0.05863192182410427,probe_country_service
ID,M-Root,resolved_entry_only,5006,dns-root_m-root_msm5006_20260701T000000Z_010000Z.json,307.0,0.3257328990228013,0.4071661237785016,0.4495114006514658,3.008743347298093,0.7772118623704506,20.261921721290005,broad_network_transition_distribution,0.6905537459283387,0.7335504885993485,0.7765472312703583,1.4361797182889822,0.47172577889191125,4.2046023303585445,-0.30548608347853934,0.30548608347853934,broad_corridor_observation_distribution,network_and_physical_both_broad,0.41368078175895767,False,True,True,False,False,insufficient_maximum_country_fallback_share,maximum_country_fallback_share,68.0,50.0,0.9413680781758961,0.05863192182410427,probe_country_service
IE,M-Root,all_publicly_visible,,,0.0,,,,,,,,,,,,,,,,,unknown_cross_layer_distribution_class,,False,False,False,False,False,insufficient_no_inter_region_projection_segments,"minimum_mappable_segments,minimum_unique_probes,minimum_unique_probe_asns,maximum_country_fallback_share",0.0,0.0,,,probe_country_service
IE,M-Root,resolved_entry_only,,,0.0,,,,,,,,,,,,,,,,,unknown_cross_layer_distribution_class,,False,False,False,False,False,insufficient_no_inter_region_projection_segments,"minimum_mappable_segments,minimum_unique_probes,minimum_unique_probe_asns,maximum_country_fallback_share",0.0,0.0,,,probe_country_service
IL,M-Root,all_publicly_visible,5006,dns-root_m-root_msm5006_20260701T000000Z_010000Z.json,87.0,0.28735632183908044,0.5632183908045977,0.7931034482758621,1.7365489412070676,0.7903374826219872,5.677715443691996,broad_network_transition_distribution,0.5306513409961685,0.7720306513409961,0.8436781609195402,1.4070860875413913,0.6110897233820621,4.084037520856318,-0.1792477592399251,0.1792477592399251,weak_corridor_observation_concentration,network_and_physical_both_broad,0.0,True,True,True,True,True,auditable,,25.0,10.0,0.7586206896551726,0.2413793103448276,probe_country_service
IL,M-Root,resolved_entry_only,5006,dns-root_m-root_msm5006_20260701T000000Z_010000Z.json,87.0,0.28735632183908044,0.5632183908045977,0.7931034482758621,1.7365489412070676,0.7903374826219872,5.677715443691996,broad_network_transition_distribution,0.5306513409961685,0.7720306513409961,0.8436781609195402,1.4070860875413913,0.6110897233820621,4.084037520856318,-0.1792477592399251,0.1792477592399251,weak_corridor_observation_concentration,network_and_physical_both_broad,0.0,True,True,True,True,True,auditable,,25.0,10.0,0.7586206896551726,0.2413793103448276,probe_country_service
IM,M-Root,all_publicly_visible,5006,dns-root_m-root_msm5006_20260701T000000Z_010000Z.json,2.0,1.0,1.0,1.0,-0.0,0.0,1.0,severe_network_transition_concentration,0.5,1.0,1.0,0.6931471805599453,1.0,2.0,1.0,-1.0,moderate_corridor_observation_concentration,network_and_physical_both_concentrated,0.0,False,False,False,True,False,"insufficient_minimum_mappable_segments,minimum_unique_probes,minimum_unique_probe_asns","minimum_mappable_segments,minimum_unique_probes,minimum_unique_probe_asns",1.0,1.0,0.0,1.0,probe_country_service
IM,M-Root,resolved_entry_only,5006,dns-root_m-root_msm5006_20260701T000000Z_010000Z.json,2.0,1.0,1.0,1.0,-0.0,0.0,1.0,severe_network_transition_concentration,0.5,1.0,1.0,0.6931471805599453,1.0,2.0,1.0,-1.0,moderate_corridor_observation_concentration,network_and_physical_both_concentrated,0.0,False,False,False,True,False,"insufficient_minimum_mappable_segments,minimum_unique_probes,minimum_unique_probe_asns","minimum_mappable_segments,minimum_unique_probes,minimum_unique_probe_asns",1.0,1.0,0.0,1.0,probe_country_service
IN,M-Root,all_publicly_visible,5006,dns-root_m-root_msm5006_20260701T000000Z_010000Z.json,100.0,0.6,0.74,0.87,1.214943425418392,0.6780728363845773,3.3701033967385423,weak_network_transition_concentration,0.2033333333333333,0.4066666666666666,0.6099999999999999,1.952125228152808,0.8884504789762752,7.043641029429861,0.2103776425916979,-0.2103776425916979,broad_corridor_observation_distribution,network_and_physical_both_broad,0.82,False,True,True,False,False,insufficient_maximum_country_fallback_share,maximum_country_fallback_share,56.0,23.0,0.72,0.28,probe_country_service
IN,M-Root,resolved_entry_only,5006,dns-root_m-root_msm5006_20260701T000000Z_010000Z.json,100.0,0.6,0.74,0.87,1.214943425418392,0.6780728363845773,3.3701033967385423,weak_network_transition_concentration,0.2033333333333333,0.4066666666666666,0.6099999999999999,1.952125228152808,0.8884504789762752,7.043641029429861,0.2103776425916979,-0.2103776425916979,broad_corridor_observation_distribution,network_and_physical_both_broad,0.82,False,True,True,False,False,insufficient_maximum_country_fallback_share,maximum_country_fallback_share,56.0,23.0,0.72,0.28,probe_country_service
IQ,M-Root,all_publicly_visible,,,0.0,,,,,,,,,,,,,,,,,unknown_cross_layer_distribution_class,,False,False,False,False,False,insufficient_no_inter_region_projection_segments,"minimum_mappable_segments,minimum_unique_probes,minimum_unique_probe_asns,maximum_country_fallback_share",0.0,0.0,,,probe_country_service
IQ,M-Root,resolved_entry_only,,,0.0,,,,,,,,,,,,,,,,,unknown_cross_layer_distribution_class,,False,False,False,False,False,insufficient_no_inter_region_projection_segments,"minimum_mappable_segments,minimum_unique_probes,minimum_unique_probe_asns,maximum_country_fallback_share",0.0,0.0,,,probe_country_service
IR,M-Root,all_publicly_visible,5006,dns-root_m-root_msm5006_20260701T000000Z_010000Z.json,3.0,0.6666666666666666,1.0,1.0,0.6365141682948128,0.9182958340544894,1.8898815748423097,moderate_network_transition_concentration,0.6666666666666666,1.0,1.0,0.6365141682948128,0.9182958340544894,1.8898815748423097,0.0,0.0,moderate_corridor_observation_concentration,network_and_physical_both_concentrated,0.0,False,False,False,True,False,"insufficient_minimum_mappable_segments,minimum_unique_probes,minimum_unique_probe_asns","minimum_mappable_segments,minimum_unique_probes,minimum_unique_probe_asns",2.0,2.0,0.0,1.0,probe_country_service
IR,M-Root,resolved_entry_only,5006,dns-root_m-root_msm5006_20260701T000000Z_010000Z.json,1.0,1.0,1.0,1.0,-0.0,0.0,1.0,severe_network_transition_concentration,1.0,1.0,1.0,-0.0,0.0,1.0,0.0,0.0,severe_corridor_observation_concentration,network_and_physical_both_concentrated,0.0,False,False,False,True,False,"insufficient_minimum_mappable_segments,minimum_unique_probes,minimum_unique_probe_asns","minimum_mappable_segments,minimum_unique_probes,minimum_unique_probe_asns",1.0,1.0,0.0,1.0,probe_country_service
IS,M-Root,all_publicly_visible,,,0.0,,,,,,,,,,,,,,,,,unknown_cross_layer_distribution_class,,False,False,False,False,False,insufficient_no_inter_region_projection_segments,"minimum_mappable_segments,minimum_unique_probes,minimum_unique_probe_asns,maximum_country_fallback_share",0.0,0.0,,,probe_country_service
IS,M-Root,resolved_entry_only,,,0.0,,,,,,,,,,,,,,,,,unknown_cross_layer_distribution_class,,False,False,False,False,False,insufficient_no_inter_region_projection_segments,"minimum_mappable_segments,minimum_unique_probes,minimum_unique_probe_asns,maximum_country_fallback_share",0.0,0.0,,,probe_country_service
IT,M-Root,all_publicly_visible,5006,dns-root_m-root_msm5006_20260701T000000Z_010000Z.json,89.0,0.29213483146067415,0.47191011235955055,0.651685393258427,1.8411707830294062,0.8379529348163076,6.3039144582873945,broad_network_transition_distribution,0.25842696629213485,0.44194756554307113,0.6254681647940075,1.7853397506500313,0.9174831384258751,5.961605062741308,0.07953020360956753,-0.07953020360956753,broad_corridor_observation_distribution,network_and_physical_both_broad,0.16853932584269662,True,True,True,True,True,auditable,,31.0,13.0,0.5730337078651686,0.4269662921348315,probe_country_service
IT,M-Root,resolved_entry_only,5006,dns-root_m-root_msm5006_20260701T000000Z_010000Z.json,89.0,0.29213483146067415,0.47191011235955055,0.651685393258427,1.8411707830294062,0.8379529348163076,6.3039144582873945,broad_network_transition_distribution,0.25842696629213485,0.44194756554307113,0.6254681647940075,1.7853397506500313,0.9174831384258751,5.961605062741308,0.07953020360956753,-0.07953020360956753,broad_corridor_observation_distribution,network_and_physical_both_broad,0.16853932584269662,True,True,True,True,True,auditable,,31.0,13.0,0.5730337078651686,0.4269662921348315,probe_country_service
JM,M-Root,all_publicly_visible,5006,dns-root_m-root_msm5006_20260701T000000Z_010000Z.json,8.0,0.5,1.0,1.0,0.6931471805599453,1.0,2.0,moderate_network_transition_concentration,1.0,1.0,1.0,-0.0,0.0,1.0,-1.0,1.0,severe_corridor_observation_concentration,network_and_physical_both_concentrated,0.0,False,False,False,True,False,"insufficient_minimum_mappable_segments,minimum_unique_probes,minimum_unique_probe_asns","minimum_mappable_segments,minimum_unique_probes,minimum_unique_probe_asns",4.0,2.0,1.0,0.0,probe_country_service
JM,M-Root,resolved_entry_only,5006,dns-root_m-root_msm5006_20260701T000000Z_010000Z.json,8.0,0.5,1.0,1.0,0.6931471805599453,1.0,2.0,moderate_network_transition_concentration,1.0,1.0,1.0,-0.0,0.0,1.0,-1.0,1.0,severe_corridor_observation_concentration,network_and_physical_both_concentrated,0.0,False,False,False,True,False,"insufficient_minimum_mappable_segments,minimum_unique_probes,minimum_unique_probe_asns","minimum_mappable_segments,minimum_unique_probes,minimum_unique_probe_asns",4.0,2.0,1.0,0.0,probe_country_service
JO,M-Root,all_publicly_visible,,,0.0,,,,,,,,,,,,,,,,,unknown_cross_layer_distribution_class,,False,False,False,False,False,insufficient_no_inter_region_projection_segments,"minimum_mappable_segments,minimum_unique_probes,minimum_unique_probe_asns,maximum_country_fallback_share",0.0,0.0,,,probe_country_service
JO,M-Root,resolved_entry_only,,,0.0,,,,,,,,,,,,,,,,,unknown_cross_layer_distribution_class,,False,False,False,False,False,insufficient_no_inter_region_projection_segments,"minimum_mappable_segments,minimum_unique_probes,minimum_unique_probe_asns,maximum_country_fallback_share",0.0,0.0,,,probe_country_service
JP,M-Root,all_publicly_visible,5006,dns-root_m-root_msm5006_20260701T000000Z_010000Z.json,26.0,0.6153846153846154,0.9230769230769231,1.0,0.8587409130062867,0.7816596645276667,2.360187141185778,moderate_network_transition_concentration,0.20512820512820512,0.41025641025641024,0.6153846153846154,1.7648907310827857,0.9850042717191024,5.840934090671627,0.20334460719143577,-0.20334460719143577,broad_corridor_observation_distribution,network_concentrated_physical_broad,0.0,False,False,False,True,False,"insufficient_minimum_mappable_segments,minimum_unique_probes","minimum_mappable_segments,minimum_unique_probes",5.0,4.0,1.0,0.0,probe_country_service
JP,M-Root,resolved_entry_only,5006,dns-root_m-root_msm5006_20260701T000000Z_010000Z.json,26.0,0.6153846153846154,0.9230769230769231,1.0,0.8587409130062867,0.7816596645276667,2.360187141185778,moderate_network_transition_concentration,0.20512820512820512,0.41025641025641024,0.6153846153846154,1.7648907310827857,0.9850042717191024,5.840934090671627,0.20334460719143577,-0.20334460719143577,broad_corridor_observation_distribution,network_concentrated_physical_broad,0.0,False,False,False,True,False,"insufficient_minimum_mappable_segments,minimum_unique_probes","minimum_mappable_segments,minimum_unique_probes",5.0,4.0,1.0,0.0,probe_country_service
KE,M-Root,all_publicly_visible,5006,dns-root_m-root_msm5006_20260701T000000Z_010000Z.json,14.0,0.9285714285714286,1.0,1.0,0.25731864054383163,0.3712323266408757,1.2934572090113128,severe_network_transition_concentration,0.35714285714285715,0.6071428571428572,0.8571428571428572,1.3388555651325464,0.9657801421416576,3.8146753588248346,0.594547815500782,-0.594547815500782,weak_corridor_observation_concentration,network_and_physical_both_concentrated,0.0,False,False,False,True,False,"insufficient_minimum_mappable_segments,minimum_unique_probes","minimum_mappable_segments,minimum_unique_probes",5.0,5.0,0.0,1.0,probe_country_service
KE,M-Root,resolved_entry_only,5006,dns-root_m-root_msm5006_20260701T000000Z_010000Z.json,14.0,0.9285714285714286,1.0,1.0,0.25731864054383163,0.3712323266408757,1.2934572090113128,severe_network_transition_concentration,0.35714285714285715,0.6071428571428572,0.8571428571428572,1.3388555651325464,0.9657801421416576,3.8146753588248346,0.594547815500782,-0.594547815500782,weak_corridor_observation_concentration,network_and_physical_both_concentrated,0.0,False,False,False,True,False,"insufficient_minimum_mappable_segments,minimum_unique_probes","minimum_mappable_segments,minimum_unique_probes",5.0,5.0,0.0,1.0,probe_country_service
KG,M-Root,all_publicly_visible,,,0.0,,,,,,,,,,,,,,,,,unknown_cross_layer_distribution_class,,False,False,False,False,False,insufficient_no_inter_region_projection_segments,"minimum_mappable_segments,minimum_unique_probes,minimum_unique_probe_asns,maximum_country_fallback_share",0.0,0.0,,,probe_country_service
KG,M-Root,resolved_entry_only,,,0.0,,,,,,,,,,,,,,,,,unknown_cross_layer_distribution_class,,False,False,False,False,False,insufficient_no_inter_region_projection_segments,"minimum_mappable_segments,minimum_unique_probes,minimum_unique_probe_asns,maximum_country_fallback_share",0.0,0.0,,,probe_country_service
KH,M-Root,all_publicly_visible,,,0.0,,,,,,,,,,,,,,,,,unknown_cross_layer_distribution_class,,False,False,False,False,False,insufficient_no_inter_region_projection_segments,"minimum_mappable_segments,minimum_unique_probes,minimum_unique_probe_asns,maximum_country_fallback_share",0.0,0.0,,,probe_country_service
KH,M-Root,resolved_entry_only,,,0.0,,,,,,,,,,,,,,,,,unknown_cross_layer_distribution_class,,False,False,False,False,False,insufficient_no_inter_region_projection_segments,"minimum_mappable_segments,minimum_unique_probes,minimum_unique_probe_asns,maximum_country_fallback_share",0.0,0.0,,,probe_country_service
KI,M-Root,all_publicly_visible,,,0.0,,,,,,,,,,,,,,,,,unknown_cross_layer_distribution_class,,False,False,False,False,False,insufficient_no_inter_region_projection_segments,"minimum_mappable_segments,minimum_unique_probes,minimum_unique_probe_asns,maximum_country_fallback_share",0.0,0.0,,,probe_country_service
KI,M-Root,resolved_entry_only,,,0.0,,,,,,,,,,,,,,,,,unknown_cross_layer_distribution_class,,False,False,False,False,False,insufficient_no_inter_region_projection_segments,"minimum_mappable_segments,minimum_unique_probes,minimum_unique_probe_asns,maximum_country_fallback_share",0.0,0.0,,,probe_country_service
KN,M-Root,all_publicly_visible,5006,dns-root_m-root_msm5006_20260701T000000Z_010000Z.json,2.0,1.0,1.0,1.0,-0.0,0.0,1.0,severe_network_transition_concentration,1.0,1.0,1.0,-0.0,0.0,1.0,0.0,0.0,severe_corridor_observation_concentration,network_and_physical_both_concentrated,0.0,False,False,False,True,False,"insufficient_minimum_mappable_segments,minimum_unique_probes,minimum_unique_probe_asns","minimum_mappable_segments,minimum_unique_probes,minimum_unique_probe_asns",1.0,1.0,1.0,0.0,probe_country_service
KN,M-Root,resolved_entry_only,5006,dns-root_m-root_msm5006_20260701T000000Z_010000Z.json,2.0,1.0,1.0,1.0,-0.0,0.0,1.0,severe_network_transition_concentration,1.0,1.0,1.0,-0.0,0.0,1.0,0.0,0.0,severe_corridor_observation_concentration,network_and_physical_both_concentrated,0.0,False,False,False,True,False,"insufficient_minimum_mappable_segments,minimum_unique_probes,minimum_unique_probe_asns","minimum_mappable_segments,minimum_unique_probes,minimum_unique_probe_asns",1.0,1.0,1.0,0.0,probe_country_service
KR,M-Root,all_publicly_visible,,,0.0,,,,,,,,,,,,,,,,,unknown_cross_layer_distribution_class,,False,False,False,False,False,insufficient_no_inter_region_projection_segments,"minimum_mappable_segments,minimum_unique_probes,minimum_unique_probe_asns,maximum_country_fallback_share",0.0,0.0,,,probe_country_service
KR,M-Root,resolved_entry_only,,,0.0,,,,,,,,,,,,,,,,,unknown_cross_layer_distribution_class,,False,False,False,False,False,insufficient_no_inter_region_projection_segments,"minimum_mappable_segments,minimum_unique_probes,minimum_unique_probe_asns,maximum_country_fallback_share",0.0,0.0,,,probe_country_service
KW,M-Root,all_publicly_visible,,,0.0,,,,,,,,,,,,,,,,,unknown_cross_layer_distribution_class,,False,False,False,False,False,insufficient_no_inter_region_projection_segments,"minimum_mappable_segments,minimum_unique_probes,minimum_unique_probe_asns,maximum_country_fallback_share",0.0,0.0,,,probe_country_service
KW,M-Root,resolved_entry_only,,,0.0,,,,,,,,,,,,,,,,,unknown_cross_layer_distribution_class,,False,False,False,False,False,insufficient_no_inter_region_projection_segments,"minimum_mappable_segments,minimum_unique_probes,minimum_unique_probe_asns,maximum_country_fallback_share",0.0,0.0,,,probe_country_service
KY,M-Root,all_publicly_visible,5006,dns-root_m-root_msm5006_20260701T000000Z_010000Z.json,3.0,0.6666666666666666,1.0,1.0,0.6365141682948128,0.9182958340544894,1.8898815748423097,moderate_network_transition_concentration,0.6666666666666666,1.0,1.0,0.6365141682948128,0.9182958340544894,1.8898815748423097,0.0,0.0,moderate_corridor_observation_concentration,network_and_physical_both_concentrated,0.0,False,False,False,True,False,"insufficient_minimum_mappable_segments,minimum_unique_probes,minimum_unique_probe_asns","minimum_mappable_segments,minimum_unique_probes,minimum_unique_probe_asns",1.0,1.0,0.0,1.0,probe_country_service
KY,M-Root,resolved_entry_only,5006,dns-root_m-root_msm5006_20260701T000000Z_010000Z.json,3.0,0.6666666666666666,1.0,1.0,0.6365141682948128,0.9182958340544894,1.8898815748423097,moderate_network_transition_concentration,0.6666666666666666,1.0,1.0,0.6365141682948128,0.9182958340544894,1.8898815748423097,0.0,0.0,moderate_corridor_observation_concentration,network_and_physical_both_concentrated,0.0,False,False,False,True,False,"insufficient_minimum_mappable_segments,minimum_unique_probes,minimum_unique_probe_asns","minimum_mappable_segments,minimum_unique_probes,minimum_unique_probe_asns",1.0,1.0,0.0,1.0,probe_country_service
KZ,M-Root,all_publicly_visible,,,0.0,,,,,,,,,,,,,,,,,unknown_cross_layer_distribution_class,,False,False,False,False,False,insufficient_no_inter_region_projection_segments,"minimum_mappable_segments,minimum_unique_probes,minimum_unique_probe_asns,maximum_country_fallback_share",0.0,0.0,,,probe_country_service
KZ,M-Root,resolved_entry_only,,,0.0,,,,,,,,,,,,,,,,,unknown_cross_layer_distribution_class,,False,False,False,False,False,insufficient_no_inter_region_projection_segments,"minimum_mappable_segments,minimum_unique_probes,minimum_unique_probe_asns,maximum_country_fallback_share",0.0,0.0,,,probe_country_service
LA,M-Root,all_publicly_visible,5006,dns-root_m-root_msm5006_20260701T000000Z_010000Z.json,8.0,1.0,1.0,1.0,-0.0,0.0,1.0,severe_network_transition_concentration,0.3333333333333333,0.6666666666666666,1.0,1.0986122886681096,0.9999999999999998,2.9999999999999996,0.9999999999999998,-0.9999999999999998,weak_corridor_observation_concentration,network_and_physical_both_concentrated,1.0,False,False,False,False,False,"insufficient_minimum_mappable_segments,minimum_unique_probes,minimum_unique_probe_asns,maximum_country_fallback_share","minimum_mappable_segments,minimum_unique_probes,minimum_unique_probe_asns,maximum_country_fallback_share",4.0,1.0,1.0,0.0,probe_country_service
LA,M-Root,resolved_entry_only,5006,dns-root_m-root_msm5006_20260701T000000Z_010000Z.json,8.0,1.0,1.0,1.0,-0.0,0.0,1.0,severe_network_transition_concentration,0.3333333333333333,0.6666666666666666,1.0,1.0986122886681096,0.9999999999999998,2.9999999999999996,0.9999999999999998,-0.9999999999999998,weak_corridor_observation_concentration,network_and_physical_both_concentrated,1.0,False,False,False,False,False,"insufficient_minimum_mappable_segments,minimum_unique_probes,minimum_unique_probe_asns,maximum_country_fallback_share","minimum_mappable_segments,minimum_unique_probes,minimum_unique_probe_asns,maximum_country_fallback_share",4.0,1.0,1.0,0.0,probe_country_service
LB,M-Root,all_publicly_visible,,,0.0,,,,,,,,,,,,,,,,,unknown_cross_layer_distribution_class,,False,False,False,False,False,insufficient_no_inter_region_projection_segments,"minimum_mappable_segments,minimum_unique_probes,minimum_unique_probe_asns,maximum_country_fallback_share",0.0,0.0,,,probe_country_service
LB,M-Root,resolved_entry_only,,,0.0,,,,,,,,,,,,,,,,,unknown_cross_layer_distribution_class,,False,False,False,False,False,insufficient_no_inter_region_projection_segments,"minimum_mappable_segments,minimum_unique_probes,minimum_unique_probe_asns,maximum_country_fallback_share",0.0,0.0,,,probe_country_service
LC,M-Root,all_publicly_visible,5006,dns-root_m-root_msm5006_20260701T000000Z_010000Z.json,2.0,1.0,1.0,1.0,-0.0,0.0,1.0,severe_network_transition_concentration,1.0,1.0,1.0,-0.0,0.0,1.0,0.0,0.0,severe_corridor_observation_concentration,network_and_physical_both_concentrated,0.0,False,False,False,True,False,"insufficient_minimum_mappable_segments,minimum_unique_probes,minimum_unique_probe_asns","minimum_mappable_segments,minimum_unique_probes,minimum_unique_probe_asns",2.0,1.0,0.0,1.0,probe_country_service
LC,M-Root,resolved_entry_only,5006,dns-root_m-root_msm5006_20260701T000000Z_010000Z.json,2.0,1.0,1.0,1.0,-0.0,0.0,1.0,severe_network_transition_concentration,1.0,1.0,1.0,-0.0,0.0,1.0,0.0,0.0,severe_corridor_observation_concentration,network_and_physical_both_concentrated,0.0,False,False,False,True,False,"insufficient_minimum_mappable_segments,minimum_unique_probes,minimum_unique_probe_asns","minimum_mappable_segments,minimum_unique_probes,minimum_unique_probe_asns",2.0,1.0,0.0,1.0,probe_country_service
LI,M-Root,all_publicly_visible,,,0.0,,,,,,,,,,,,,,,,,unknown_cross_layer_distribution_class,,False,False,False,False,False,insufficient_no_inter_region_projection_segments,"minimum_mappable_segments,minimum_unique_probes,minimum_unique_probe_asns,maximum_country_fallback_share",0.0,0.0,,,probe_country_service
LI,M-Root,resolved_entry_only,,,0.0,,,,,,,,,,,,,,,,,unknown_cross_layer_distribution_class,,False,False,False,False,False,insufficient_no_inter_region_projection_segments,"minimum_mappable_segments,minimum_unique_probes,minimum_unique_probe_asns,maximum_country_fallback_share",0.0,0.0,,,probe_country_service
LK,M-Root,all_publicly_visible,,,0.0,,,,,,,,,,,,,,,,,unknown_cross_layer_distribution_class,,False,False,False,False,False,insufficient_no_inter_region_projection_segments,"minimum_mappable_segments,minimum_unique_probes,minimum_unique_probe_asns,maximum_country_fallback_share",0.0,0.0,,,probe_country_service
LK,M-Root,resolved_entry_only,,,0.0,,,,,,,,,,,,,,,,,unknown_cross_layer_distribution_class,,False,False,False,False,False,insufficient_no_inter_region_projection_segments,"minimum_mappable_segments,minimum_unique_probes,minimum_unique_probe_asns,maximum_country_fallback_share",0.0,0.0,,,probe_country_service
LR,M-Root,all_publicly_visible,,,0.0,,,,,,,,,,,,,,,,,unknown_cross_layer_distribution_class,,False,False,False,False,False,insufficient_no_inter_region_projection_segments,"minimum_mappable_segments,minimum_unique_probes,minimum_unique_probe_asns,maximum_country_fallback_share",0.0,0.0,,,probe_country_service
LR,M-Root,resolved_entry_only,,,0.0,,,,,,,,,,,,,,,,,unknown_cross_layer_distribution_class,,False,False,False,False,False,insufficient_no_inter_region_projection_segments,"minimum_mappable_segments,minimum_unique_probes,minimum_unique_probe_asns,maximum_country_fallback_share",0.0,0.0,,,probe_country_service
LS,M-Root,all_publicly_visible,5006,dns-root_m-root_msm5006_20260701T000000Z_010000Z.json,1.0,1.0,1.0,1.0,-0.0,0.0,1.0,severe_network_transition_concentration,0.5,1.0,1.0,0.6931471805599453,1.0,2.0,1.0,-1.0,moderate_corridor_observation_concentration,network_and_physical_both_concentrated,0.0,False,False,False,True,False,"insufficient_minimum_mappable_segments,minimum_unique_probes,minimum_unique_probe_asns","minimum_mappable_segments,minimum_unique_probes,minimum_unique_probe_asns",1.0,1.0,0.0,1.0,probe_country_service
LS,M-Root,resolved_entry_only,5006,dns-root_m-root_msm5006_20260701T000000Z_010000Z.json,1.0,1.0,1.0,1.0,-0.0,0.0,1.0,severe_network_transition_concentration,0.5,1.0,1.0,0.6931471805599453,1.0,2.0,1.0,-1.0,moderate_corridor_observation_concentration,network_and_physical_both_concentrated,0.0,False,False,False,True,False,"insufficient_minimum_mappable_segments,minimum_unique_probes,minimum_unique_probe_asns","minimum_mappable_segments,minimum_unique_probes,minimum_unique_probe_asns",1.0,1.0,0.0,1.0,probe_country_service
LT,M-Root,all_publicly_visible,5006,dns-root_m-root_msm5006_20260701T000000Z_010000Z.json,20.0,0.45,0.75,1.0,1.0670938948757507,0.9713107216099229,2.906919399597624,weak_network_transition_concentration,0.26666666666666666,0.5333333333333333,0.8,1.5179216905846646,0.943137774286038,4.562732564199043,-0.028172947323884978,0.028172947323884978,weak_corridor_observation_concentration,network_and_physical_both_concentrated,0.0,False,False,False,True,False,"insufficient_minimum_mappable_segments,minimum_unique_probes,minimum_unique_probe_asns","minimum_mappable_segments,minimum_unique_probes,minimum_unique_probe_asns",3.0,1.0,0.8,0.2,probe_country_service
LT,M-Root,resolved_entry_only,5006,dns-root_m-root_msm5006_20260701T000000Z_010000Z.json,20.0,0.45,0.75,1.0,1.0670938948757507,0.9713107216099229,2.906919399597624,weak_network_transition_concentration,0.26666666666666666,0.5333333333333333,0.8,1.5179216905846646,0.943137774286038,4.562732564199043,-0.028172947323884978,0.028172947323884978,weak_corridor_observation_concentration,network_and_physical_both_concentrated,0.0,False,False,False,True,False,"insufficient_minimum_mappable_segments,minimum_unique_probes,minimum_unique_probe_asns","minimum_mappable_segments,minimum_unique_probes,minimum_unique_probe_asns",3.0,1.0,0.8,0.2,probe_country_service
LU,M-Root,all_publicly_visible,,,0.0,,,,,,,,,,,,,,,,,unknown_cross_layer_distribution_class,,False,False,False,False,False,insufficient_no_inter_region_projection_segments,"minimum_mappable_segments,minimum_unique_probes,minimum_unique_probe_asns,maximum_country_fallback_share",0.0,0.0,,,probe_country_service
LU,M-Root,resolved_entry_only,,,0.0,,,,,,,,,,,,,,,,,unknown_cross_layer_distribution_class,,False,False,False,False,False,insufficient_no_inter_region_projection_segments,"minimum_mappable_segments,minimum_unique_probes,minimum_unique_probe_asns,maximum_country_fallback_share",0.0,0.0,,,probe_country_service
LV,M-Root,all_publicly_visible,,,0.0,,,,,,,,,,,,,,,,,unknown_cross_layer_distribution_class,,False,False,False,False,False,insufficient_no_inter_region_projection_segments,"minimum_mappable_segments,minimum_unique_probes,minimum_unique_probe_asns,maximum_country_fallback_share",0.0,0.0,,,probe_country_service
LV,M-Root,resolved_entry_only,,,0.0,,,,,,,,,,,,,,,,,unknown_cross_layer_distribution_class,,False,False,False,False,False,insufficient_no_inter_region_projection_segments,"minimum_mappable_segments,minimum_unique_probes,minimum_unique_probe_asns,maximum_country_fallback_share",0.0,0.0,,,probe_country_service
MA,M-Root,all_publicly_visible,,,0.0,,,,,,,,,,,,,,,,,unknown_cross_layer_distribution_class,,False,False,False,False,False,insufficient_no_inter_region_projection_segments,"minimum_mappable_segments,minimum_unique_probes,minimum_unique_probe_asns,maximum_country_fallback_share",0.0,0.0,,,probe_country_service
MA,M-Root,resolved_entry_only,,,0.0,,,,,,,,,,,,,,,,,unknown_cross_layer_distribution_class,,False,False,False,False,False,insufficient_no_inter_region_projection_segments,"minimum_mappable_segments,minimum_unique_probes,minimum_unique_probe_asns,maximum_country_fallback_share",0.0,0.0,,,probe_country_service
MD,M-Root,all_publicly_visible,5006,dns-root_m-root_msm5006_20260701T000000Z_010000Z.json,13.0,0.38461538461538464,0.6923076923076923,1.0,1.0928305535284886,0.99473723787795,2.9827048407752406,weak_network_transition_concentration,0.28205128205128205,0.5641025641025641,0.8461538461538461,1.46555606319747,0.9106011806202424,4.329950297007966,-0.08413605725770756,0.08413605725770756,weak_corridor_observation_concentration,network_and_physical_both_concentrated,0.0,False,False,False,True,False,"insufficient_minimum_mappable_segments,minimum_unique_probes,minimum_unique_probe_asns","minimum_mappable_segments,minimum_unique_probes,minimum_unique_probe_asns",2.0,1.0,0.8461538461538461,0.15384615384615385,probe_country_service
MD,M-Root,resolved_entry_only,5006,dns-root_m-root_msm5006_20260701T000000Z_010000Z.json,13.0,0.38461538461538464,0.6923076923076923,1.0,1.0928305535284886,0.99473723787795,2.9827048407752406,weak_network_transition_concentration,0.28205128205128205,0.5641025641025641,0.8461538461538461,1.46555606319747,0.9106011806202424,4.329950297007966,-0.08413605725770756,0.08413605725770756,weak_corridor_observation_concentration,network_and_physical_both_concentrated,0.0,False,False,False,True,False,"insufficient_minimum_mappable_segments,minimum_unique_probes,minimum_unique_probe_asns","minimum_mappable_segments,minimum_unique_probes,minimum_unique_probe_asns",2.0,1.0,0.8461538461538461,0.15384615384615385,probe_country_service
ME,M-Root,all_publicly_visible,,,0.0,,,,,,,,,,,,,,,,,unknown_cross_layer_distribution_class,,False,False,False,False,False,insufficient_no_inter_region_projection_segments,"minimum_mappable_segments,minimum_unique_probes,minimum_unique_probe_asns,maximum_country_fallback_share",0.0,0.0,,,probe_country_service
ME,M-Root,resolved_entry_only,,,0.0,,,,,,,,,,,,,,,,,unknown_cross_layer_distribution_class,,False,False,False,False,False,insufficient_no_inter_region_projection_segments,"minimum_mappable_segments,minimum_unique_probes,minimum_unique_probe_asns,maximum_country_fallback_share",0.0,0.0,,,probe_country_service
MG,M-Root,all_publicly_visible,5006,dns-root_m-root_msm5006_20260701T000000Z_010000Z.json,2.0,1.0,1.0,1.0,-0.0,0.0,1.0,severe_network_transition_concentration,0.5,1.0,1.0,0.6931471805599453,1.0,2.0,1.0,-1.0,moderate_corridor_observation_concentration,network_and_physical_both_concentrated,0.0,False,False,False,True,False,"insufficient_minimum_mappable_segments,minimum_unique_probes,minimum_unique_probe_asns","minimum_mappable_segments,minimum_unique_probes,minimum_unique_probe_asns",1.0,1.0,0.0,1.0,probe_country_service
MG,M-Root,resolved_entry_only,5006,dns-root_m-root_msm5006_20260701T000000Z_010000Z.json,2.0,1.0,1.0,1.0,-0.0,0.0,1.0,severe_network_transition_concentration,0.5,1.0,1.0,0.6931471805599453,1.0,2.0,1.0,-1.0,moderate_corridor_observation_concentration,network_and_physical_both_concentrated,0.0,False,False,False,True,False,"insufficient_minimum_mappable_segments,minimum_unique_probes,minimum_unique_probe_asns","minimum_mappable_segments,minimum_unique_probes,minimum_unique_probe_asns",1.0,1.0,0.0,1.0,probe_country_service
MH,M-Root,all_publicly_visible,,,0.0,,,,,,,,,,,,,,,,,unknown_cross_layer_distribution_class,,False,False,False,False,False,insufficient_no_inter_region_projection_segments,"minimum_mappable_segments,minimum_unique_probes,minimum_unique_probe_asns,maximum_country_fallback_share",0.0,0.0,,,probe_country_service
MH,M-Root,resolved_entry_only,,,0.0,,,,,,,,,,,,,,,,,unknown_cross_layer_distribution_class,,False,False,False,False,False,insufficient_no_inter_region_projection_segments,"minimum_mappable_segments,minimum_unique_probes,minimum_unique_probe_asns,maximum_country_fallback_share",0.0,0.0,,,probe_country_service
MK,M-Root,all_publicly_visible,5006,dns-root_m-root_msm5006_20260701T000000Z_010000Z.json,7.0,0.42857142857142855,0.7142857142857142,1.0,1.0789922078775833,0.9821410328348751,2.941713421083178,weak_network_transition_concentration,0.2857142857142857,0.5714285714285714,0.8571428571428571,1.450805020083924,0.9014358422126012,4.2665477897156645,-0.08070519062227388,0.08070519062227388,weak_corridor_observation_concentration,network_and_physical_both_concentrated,0.0,False,False,False,True,False,"insufficient_minimum_mappable_segments,minimum_unique_probes,minimum_unique_probe_asns","minimum_mappable_segments,minimum_unique_probes,minimum_unique_probe_asns",1.0,1.0,0.8571428571428571,0.14285714285714285,probe_country_service
MK,M-Root,resolved_entry_only,5006,dns-root_m-root_msm5006_20260701T000000Z_010000Z.json,7.0,0.42857142857142855,0.7142857142857142,1.0,1.0789922078775833,0.9821410328348751,2.941713421083178,weak_network_transition_concentration,0.2857142857142857,0.5714285714285714,0.8571428571428571,1.450805020083924,0.9014358422126012,4.2665477897156645,-0.08070519062227388,0.08070519062227388,weak_corridor_observation_concentration,network_and_physical_both_concentrated,0.0,False,False,False,True,False,"insufficient_minimum_mappable_segments,minimum_unique_probes,minimum_unique_probe_asns","minimum_mappable_segments,minimum_unique_probes,minimum_unique_probe_asns",1.0,1.0,0.8571428571428571,0.14285714285714285,probe_country_service
ML,M-Root,all_publicly_visible,5006,dns-root_m-root_msm5006_20260701T000000Z_010000Z.json,5.0,0.6,1.0,1.0,0.6730116670092565,0.9709505944546688,1.9601317042077895,moderate_network_transition_concentration,0.4,0.6000000000000001,0.8,1.3321790402101223,0.9609640474436812,3.7892914162759954,-0.009986547010987556,0.009986547010987556,weak_corridor_observation_concentration,network_and_physical_both_concentrated,0.0,False,False,False,True,False,"insufficient_minimum_mappable_segments,minimum_unique_probes,minimum_unique_probe_asns","minimum_mappable_segments,minimum_unique_probes,minimum_unique_probe_asns",1.0,1.0,0.4,0.6,probe_country_service
ML,M-Root,resolved_entry_only,5006,dns-root_m-root_msm5006_20260701T000000Z_010000Z.json,5.0,0.6,1.0,1.0,0.6730116670092565,0.9709505944546688,1.9601317042077895,moderate_network_transition_concentration,0.4,0.6000000000000001,0.8,1.3321790402101223,0.9609640474436812,3.7892914162759954,-0.009986547010987556,0.009986547010987556,weak_corridor_observation_concentration,network_and_physical_both_concentrated,0.0,False,False,False,True,False,"insufficient_minimum_mappable_segments,minimum_unique_probes,minimum_unique_probe_asns","minimum_mappable_segments,minimum_unique_probes,minimum_unique_probe_asns",1.0,1.0,0.4,0.6,probe_country_service
MM,M-Root,all_publicly_visible,5006,dns-root_m-root_msm5006_20260701T000000Z_010000Z.json,10.0,0.6,1.0,1.0,0.6730116670092565,0.9709505944546688,1.9601317042077895,moderate_network_transition_concentration,0.4,0.6000000000000001,0.8,1.3321790402101223,0.9609640474436812,3.7892914162759954,-0.009986547010987556,0.009986547010987556,weak_corridor_observation_concentration,network_and_physical_both_concentrated,0.0,False,False,False,True,False,"insufficient_minimum_mappable_segments,minimum_unique_probes","minimum_mappable_segments,minimum_unique_probes",3.0,3.0,0.6,0.4,probe_country_service
MM,M-Root,resolved_entry_only,5006,dns-root_m-root_msm5006_20260701T000000Z_010000Z.json,10.0,0.6,1.0,1.0,0.6730116670092565,0.9709505944546688,1.9601317042077895,moderate_network_transition_concentration,0.4,0.6000000000000001,0.8,1.3321790402101223,0.9609640474436812,3.7892914162759954,-0.009986547010987556,0.009986547010987556,weak_corridor_observation_concentration,network_and_physical_both_concentrated,0.0,False,False,False,True,False,"insufficient_minimum_mappable_segments,minimum_unique_probes","minimum_mappable_segments,minimum_unique_probes",3.0,3.0,0.6,0.4,probe_country_service
MN,M-Root,all_publicly_visible,,,0.0,,,,,,,,,,,,,,,,,unknown_cross_layer_distribution_class,,False,False,False,False,False,insufficient_no_inter_region_projection_segments,"minimum_mappable_segments,minimum_unique_probes,minimum_unique_probe_asns,maximum_country_fallback_share",0.0,0.0,,,probe_country_service
MN,M-Root,resolved_entry_only,,,0.0,,,,,,,,,,,,,,,,,unknown_cross_layer_distribution_class,,False,False,False,False,False,insufficient_no_inter_region_projection_segments,"minimum_mappable_segments,minimum_unique_probes,minimum_unique_probe_asns,maximum_country_fallback_share",0.0,0.0,,,probe_country_service
MP,M-Root,all_publicly_visible,5006,dns-root_m-root_msm5006_20260701T000000Z_010000Z.json,2.0,1.0,1.0,1.0,-0.0,0.0,1.0,severe_network_transition_concentration,1.0,1.0,1.0,-0.0,0.0,1.0,0.0,0.0,severe_corridor_observation_concentration,network_and_physical_both_concentrated,0.0,False,False,False,True,False,"insufficient_minimum_mappable_segments,minimum_unique_probes,minimum_unique_probe_asns","minimum_mappable_segments,minimum_unique_probes,minimum_unique_probe_asns",1.0,1.0,0.0,1.0,probe_country_service
MP,M-Root,resolved_entry_only,,,0.0,,,,,,,,,,,,,,,,,unknown_cross_layer_distribution_class,,False,False,False,False,False,insufficient_no_inter_region_projection_segments,"minimum_mappable_segments,minimum_unique_probes,minimum_unique_probe_asns,maximum_country_fallback_share",0.0,0.0,,,probe_country_service
MT,M-Root,all_publicly_visible,5006,dns-root_m-root_msm5006_20260701T000000Z_010000Z.json,50.0,0.36,0.64,0.92,1.282713519111391,0.9252822164516172,3.606412529550008,weak_network_transition_concentration,0.24666666666666665,0.4933333333333333,0.74,1.6712793633765004,0.9327587726362283,5.3189683393654335,0.007476556184611072,-0.007476556184611072,broad_corridor_observation_distribution,network_and_physical_both_broad,0.0,False,False,False,True,False,insufficient_minimum_unique_probes,minimum_unique_probes,7.0,3.0,0.74,0.26,probe_country_service
MT,M-Root,resolved_entry_only,5006,dns-root_m-root_msm5006_20260701T000000Z_010000Z.json,50.0,0.36,0.64,0.92,1.282713519111391,0.9252822164516172,3.606412529550008,weak_network_transition_concentration,0.24666666666666665,0.4933333333333333,0.74,1.6712793633765004,0.9327587726362283,5.3189683393654335,0.007476556184611072,-0.007476556184611072,broad_corridor_observation_distribution,network_and_physical_both_broad,0.0,False,False,False,True,False,insufficient_minimum_unique_probes,minimum_unique_probes,7.0,3.0,0.74,0.26,probe_country_service
MU,M-Root,all_publicly_visible,5006,dns-root_m-root_msm5006_20260701T000000Z_010000Z.json,2.0,1.0,1.0,1.0,-0.0,0.0,1.0,severe_network_transition_concentration,0.5,1.0,1.0,0.6931471805599453,1.0,2.0,1.0,-1.0,moderate_corridor_observation_concentration,network_and_physical_both_concentrated,0.0,False,False,False,True,False,"insufficient_minimum_mappable_segments,minimum_unique_probes,minimum_unique_probe_asns","minimum_mappable_segments,minimum_unique_probes,minimum_unique_probe_asns",1.0,1.0,0.0,1.0,probe_country_service
MU,M-Root,resolved_entry_only,5006,dns-root_m-root_msm5006_20260701T000000Z_010000Z.json,2.0,1.0,1.0,1.0,-0.0,0.0,1.0,severe_network_transition_concentration,0.5,1.0,1.0,0.6931471805599453,1.0,2.0,1.0,-1.0,moderate_corridor_observation_concentration,network_and_physical_both_concentrated,0.0,False,False,False,True,False,"insufficient_minimum_mappable_segments,minimum_unique_probes,minimum_unique_probe_asns","minimum_mappable_segments,minimum_unique_probes,minimum_unique_probe_asns",1.0,1.0,0.0,1.0,probe_country_service
MV,M-Root,all_publicly_visible,5006,dns-root_m-root_msm5006_20260701T000000Z_010000Z.json,75.0,0.4533333333333333,0.6133333333333333,0.7466666666666666,1.6630803611946592,0.7569004908960539,5.275536398937142,broad_network_transition_distribution,0.56,0.8,0.8533333333333334,1.3088968076233622,0.6294463111312069,3.7020873440639237,-0.12745417976484708,0.12745417976484708,moderate_corridor_observation_concentration,network_broad_physical_concentrated,0.26666666666666666,True,True,True,True,True,auditable,,11.0,4.0,0.72,0.28,probe_country_service
MV,M-Root,resolved_entry_only,5006,dns-root_m-root_msm5006_20260701T000000Z_010000Z.json,75.0,0.4533333333333333,0.6133333333333333,0.7466666666666666,1.6630803611946592,0.7569004908960539,5.275536398937142,broad_network_transition_distribution,0.56,0.8,0.8533333333333334,1.3088968076233622,0.6294463111312069,3.7020873440639237,-0.12745417976484708,0.12745417976484708,moderate_corridor_observation_concentration,network_broad_physical_concentrated,0.26666666666666666,True,True,True,True,True,auditable,,11.0,4.0,0.72,0.28,probe_country_service
MW,M-Root,all_publicly_visible,,,0.0,,,,,,,,,,,,,,,,,unknown_cross_layer_distribution_class,,False,False,False,False,False,insufficient_no_inter_region_projection_segments,"minimum_mappable_segments,minimum_unique_probes,minimum_unique_probe_asns,maximum_country_fallback_share",0.0,0.0,,,probe_country_service
MW,M-Root,resolved_entry_only,,,0.0,,,,,,,,,,,,,,,,,unknown_cross_layer_distribution_class,,False,False,False,False,False,insufficient_no_inter_region_projection_segments,"minimum_mappable_segments,minimum_unique_probes,minimum_unique_probe_asns,maximum_country_fallback_share",0.0,0.0,,,probe_country_service
MX,M-Root,all_publicly_visible,5006,dns-root_m-root_msm5006_20260701T000000Z_010000Z.json,5.0,0.8,1.0,1.0,0.5004024235381879,0.7219280948873623,1.6493848884661177,severe_network_transition_concentration,0.8,1.0,1.0,0.5004024235381879,0.7219280948873623,1.6493848884661177,0.0,0.0,severe_corridor_observation_concentration,network_and_physical_both_concentrated,0.0,False,False,False,True,False,"insufficient_minimum_mappable_segments,minimum_unique_probes","minimum_mappable_segments,minimum_unique_probes",3.0,3.0,0.0,1.0,probe_country_service
MX,M-Root,resolved_entry_only,5006,dns-root_m-root_msm5006_20260701T000000Z_010000Z.json,5.0,0.8,1.0,1.0,0.5004024235381879,0.7219280948873623,1.6493848884661177,severe_network_transition_concentration,0.8,1.0,1.0,0.5004024235381879,0.7219280948873623,1.6493848884661177,0.0,0.0,severe_corridor_observation_concentration,network_and_physical_both_concentrated,0.0,False,False,False,True,False,"insufficient_minimum_mappable_segments,minimum_unique_probes","minimum_mappable_segments,minimum_unique_probes",3.0,3.0,0.0,1.0,probe_country_service
MY,M-Root,all_publicly_visible,5006,dns-root_m-root_msm5006_20260701T000000Z_010000Z.json,10.0,0.6,0.8,1.0,0.9502705392332347,0.8649735207179272,2.586409289858933,moderate_network_transition_concentration,0.26666666666666666,0.5333333333333333,0.8,1.3792922544726758,0.9949490477321438,3.9720894039330465,0.12997552701421655,-0.12997552701421655,weak_corridor_observation_concentration,network_and_physical_both_concentrated,0.0,False,False,False,True,False,"insufficient_minimum_mappable_segments,minimum_unique_probes,minimum_unique_probe_asns","minimum_mappable_segments,minimum_unique_probes,minimum_unique_probe_asns",1.0,1.0,0.8,0.2,probe_country_service
MY,M-Root,resolved_entry_only,5006,dns-root_m-root_msm5006_20260701T000000Z_010000Z.json,10.0,0.6,0.8,1.0,0.9502705392332347,0.8649735207179272,2.586409289858933,moderate_network_transition_concentration,0.26666666666666666,0.5333333333333333,0.8,1.3792922544726758,0.9949490477321438,3.9720894039330465,0.12997552701421655,-0.12997552701421655,weak_corridor_observation_concentration,network_and_physical_both_concentrated,0.0,False,False,False,True,False,"insufficient_minimum_mappable_segments,minimum_unique_probes,minimum_unique_probe_asns","minimum_mappable_segments,minimum_unique_probes,minimum_unique_probe_asns",1.0,1.0,0.8,0.2,probe_country_service
MZ,M-Root,all_publicly_visible,5006,dns-root_m-root_msm5006_20260701T000000Z_010000Z.json,4.0,0.75,1.0,1.0,0.5623351446188083,0.8112781244591328,1.7547653506033232,moderate_network_transition_concentration,0.5,1.0,1.0,0.6931471805599453,1.0,2.0,0.18872187554086717,-0.18872187554086717,moderate_corridor_observation_concentration,network_and_physical_both_concentrated,0.0,False,False,False,True,False,"insufficient_minimum_mappable_segments,minimum_unique_probes,minimum_unique_probe_asns","minimum_mappable_segments,minimum_unique_probes,minimum_unique_probe_asns",2.0,2.0,0.0,1.0,probe_country_service
MZ,M-Root,resolved_entry_only,5006,dns-root_m-root_msm5006_20260701T000000Z_010000Z.json,4.0,0.75,1.0,1.0,0.5623351446188083,0.8112781244591328,1.7547653506033232,moderate_network_transition_concentration,0.5,1.0,1.0,0.6931471805599453,1.0,2.0,0.18872187554086717,-0.18872187554086717,moderate_corridor_observation_concentration,network_and_physical_both_concentrated,0.0,False,False,False,True,False,"insufficient_minimum_mappable_segments,minimum_unique_probes,minimum_unique_probe_asns","minimum_mappable_segments,minimum_unique_probes,minimum_unique_probe_asns",2.0,2.0,0.0,1.0,probe_country_service
NA,M-Root,all_publicly_visible,5006,dns-root_m-root_msm5006_20260701T000000Z_010000Z.json,6.0,0.6666666666666666,1.0,1.0,0.6365141682948128,0.9182958340544894,1.8898815748423097,moderate_network_transition_concentration,0.6666666666666666,0.8333333333333333,1.0,0.8675632284814613,0.7896900821428475,2.3811015779522995,-0.12860575191164192,0.12860575191164192,moderate_corridor_observation_concentration,network_and_physical_both_concentrated,0.6666666666666666,False,False,False,False,False,"insufficient_minimum_mappable_segments,minimum_unique_probes,minimum_unique_probe_asns,maximum_country_fallback_share","minimum_mappable_segments,minimum_unique_probes,minimum_unique_probe_asns,maximum_country_fallback_share",3.0,2.0,0.6666666666666666,0.3333333333333333,probe_country_service
NA,M-Root,resolved_entry_only,5006,dns-root_m-root_msm5006_20260701T000000Z_010000Z.json,6.0,0.6666666666666666,1.0,1.0,0.6365141682948128,0.9182958340544894,1.8898815748423097,moderate_network_transition_concentration,0.6666666666666666,0.8333333333333333,1.0,0.8675632284814613,0.7896900821428475,2.3811015779522995,-0.12860575191164192,0.12860575191164192,moderate_corridor_observation_concentration,network_and_physical_both_concentrated,0.6666666666666666,False,False,False,False,False,"insufficient_minimum_mappable_segments,minimum_unique_probes,minimum_unique_probe_asns,maximum_country_fallback_share","minimum_mappable_segments,minimum_unique_probes,minimum_unique_probe_asns,maximum_country_fallback_share",3.0,2.0,0.6666666666666666,0.3333333333333333,probe_country_service
NC,M-Root,all_publicly_visible,5006,dns-root_m-root_msm5006_20260701T000000Z_010000Z.json,10.0,1.0,1.0,1.0,-0.0,0.0,1.0,severe_network_transition_concentration,1.0,1.0,1.0,-0.0,0.0,1.0,0.0,0.0,severe_corridor_observation_concentration,network_and_physical_both_concentrated,1.0,False,False,False,False,False,"insufficient_minimum_mappable_segments,minimum_unique_probes,minimum_unique_probe_asns,maximum_country_fallback_share","minimum_mappable_segments,minimum_unique_probes,minimum_unique_probe_asns,maximum_country_fallback_share",5.0,2.0,0.0,1.0,probe_country_service
NC,M-Root,resolved_entry_only,5006,dns-root_m-root_msm5006_20260701T000000Z_010000Z.json,10.0,1.0,1.0,1.0,-0.0,0.0,1.0,severe_network_transition_concentration,1.0,1.0,1.0,-0.0,0.0,1.0,0.0,0.0,severe_corridor_observation_concentration,network_and_physical_both_concentrated,1.0,False,False,False,False,False,"insufficient_minimum_mappable_segments,minimum_unique_probes,minimum_unique_probe_asns,maximum_country_fallback_share","minimum_mappable_segments,minimum_unique_probes,minimum_unique_probe_asns,maximum_country_fallback_share",5.0,2.0,0.0,1.0,probe_country_service
NG,M-Root,all_publicly_visible,5006,dns-root_m-root_msm5006_20260701T000000Z_010000Z.json,7.0,0.42857142857142855,0.7142857142857142,1.0,1.0789922078775833,0.9821410328348751,2.941713421083178,weak_network_transition_concentration,0.42857142857142855,0.7142857142857142,1.0,1.0789922078775833,0.9821410328348751,2.941713421083178,0.0,0.0,weak_corridor_observation_concentration,network_and_physical_both_concentrated,0.0,False,False,False,True,False,"insufficient_minimum_mappable_segments,minimum_unique_probes","minimum_mappable_segments,minimum_unique_probes",5.0,4.0,0.0,1.0,probe_country_service
NG,M-Root,resolved_entry_only,5006,dns-root_m-root_msm5006_20260701T000000Z_010000Z.json,7.0,0.42857142857142855,0.7142857142857142,1.0,1.0789922078775833,0.9821410328348751,2.941713421083178,weak_network_transition_concentration,0.42857142857142855,0.7142857142857142,1.0,1.0789922078775833,0.9821410328348751,2.941713421083178,0.0,0.0,weak_corridor_observation_concentration,network_and_physical_both_concentrated,0.0,False,False,False,True,False,"insufficient_minimum_mappable_segments,minimum_unique_probes","minimum_mappable_segments,minimum_unique_probes",5.0,4.0,0.0,1.0,probe_country_service
NI,M-Root,all_publicly_visible,,,0.0,,,,,,,,,,,,,,,,,unknown_cross_layer_distribution_class,,False,False,False,False,False,insufficient_no_inter_region_projection_segments,"minimum_mappable_segments,minimum_unique_probes,minimum_unique_probe_asns,maximum_country_fallback_share",0.0,0.0,,,probe_country_service
NI,M-Root,resolved_entry_only,,,0.0,,,,,,,,,,,,,,,,,unknown_cross_layer_distribution_class,,False,False,False,False,False,insufficient_no_inter_region_projection_segments,"minimum_mappable_segments,minimum_unique_probes,minimum_unique_probe_asns,maximum_country_fallback_share",0.0,0.0,,,probe_country_service
NL,M-Root,all_publicly_visible,5006,dns-root_m-root_msm5006_20260701T000000Z_010000Z.json,22.0,0.45454545454545453,0.7272727272727273,1.0,1.0670895187820832,0.9713067383178074,2.9069066786738817,weak_network_transition_concentration,0.28787878787878785,0.5757575757575757,0.8636363636363635,1.4085488006822384,0.8751805768959183,4.090015667296598,-0.09612616142188912,0.09612616142188912,weak_corridor_observation_concentration,network_and_physical_both_concentrated,0.0,False,False,False,True,False,"insufficient_minimum_mappable_segments,minimum_unique_probes","minimum_mappable_segments,minimum_unique_probes",3.0,3.0,0.8636363636363636,0.13636363636363635,probe_country_service
NL,M-Root,resolved_entry_only,5006,dns-root_m-root_msm5006_20260701T000000Z_010000Z.json,22.0,0.45454545454545453,0.7272727272727273,1.0,1.0670895187820832,0.9713067383178074,2.9069066786738817,weak_network_transition_concentration,0.28787878787878785,0.5757575757575757,0.8636363636363635,1.4085488006822384,0.8751805768959183,4.090015667296598,-0.09612616142188912,0.09612616142188912,weak_corridor_observation_concentration,network_and_physical_both_concentrated,0.0,False,False,False,True,False,"insufficient_minimum_mappable_segments,minimum_unique_probes","minimum_mappable_segments,minimum_unique_probes",3.0,3.0,0.8636363636363636,0.13636363636363635,probe_country_service
NO,M-Root,all_publicly_visible,5006,dns-root_m-root_msm5006_20260701T000000Z_010000Z.json,350.0,0.26857142857142857,0.41714285714285715,0.5314285714285715,2.5383456178723596,0.7790885224701782,12.658711292234724,broad_network_transition_distribution,0.7638095238095237,0.8219047619047618,0.8533333333333333,1.1389030677452876,0.37408266519359784,3.1233403925839553,-0.4050058572765804,0.4050058572765804,moderate_corridor_observation_concentration,network_broad_physical_concentrated,0.26857142857142857,True,True,True,True,True,auditable,,76.0,28.0,0.9914285714285714,0.008571428571428574,probe_country_service
NO,M-Root,resolved_entry_only,5006,dns-root_m-root_msm5006_20260701T000000Z_010000Z.json,344.0,0.27325581395348836,0.42441860465116277,0.5232558139534883,2.5435581763086397,0.780688400919282,12.724867837208208,broad_network_transition_distribution,0.7596899224806201,0.818798449612403,0.8507751937984496,1.1540213272213815,0.379048389633257,3.170918606754877,-0.40164001128602506,0.40164001128602506,moderate_corridor_observation_concentration,network_broad_physical_concentrated,0.27325581395348836,True,True,True,True,True,auditable,,75.0,28.0,0.9912790697674418,0.008720930232558141,probe_country_service
NP,M-Root,all_publicly_visible,5006,dns-root_m-root_msm5006_20260701T000000Z_010000Z.json,1.0,1.0,1.0,1.0,-0.0,0.0,1.0,severe_network_transition_concentration,1.0,1.0,1.0,-0.0,0.0,1.0,0.0,0.0,severe_corridor_observation_concentration,network_and_physical_both_concentrated,1.0,False,False,False,False,False,"insufficient_minimum_mappable_segments,minimum_unique_probes,minimum_unique_probe_asns,maximum_country_fallback_share","minimum_mappable_segments,minimum_unique_probes,minimum_unique_probe_asns,maximum_country_fallback_share",1.0,1.0,0.0,1.0,probe_country_service
NP,M-Root,resolved_entry_only,5006,dns-root_m-root_msm5006_20260701T000000Z_010000Z.json,1.0,1.0,1.0,1.0,-0.0,0.0,1.0,severe_network_transition_concentration,1.0,1.0,1.0,-0.0,0.0,1.0,0.0,0.0,severe_corridor_observation_concentration,network_and_physical_both_concentrated,1.0,False,False,False,False,False,"insufficient_minimum_mappable_segments,minimum_unique_probes,minimum_unique_probe_asns,maximum_country_fallback_share","minimum_mappable_segments,minimum_unique_probes,minimum_unique_probe_asns,maximum_country_fallback_share",1.0,1.0,0.0,1.0,probe_country_service
NU,M-Root,all_publicly_visible,,,0.0,,,,,,,,,,,,,,,,,unknown_cross_layer_distribution_class,,False,False,False,False,False,insufficient_no_inter_region_projection_segments,"minimum_mappable_segments,minimum_unique_probes,minimum_unique_probe_asns,maximum_country_fallback_share",0.0,0.0,,,probe_country_service
NU,M-Root,resolved_entry_only,,,0.0,,,,,,,,,,,,,,,,,unknown_cross_layer_distribution_class,,False,False,False,False,False,insufficient_no_inter_region_projection_segments,"minimum_mappable_segments,minimum_unique_probes,minimum_unique_probe_asns,maximum_country_fallback_share",0.0,0.0,,,probe_country_service
NZ,M-Root,all_publicly_visible,5006,dns-root_m-root_msm5006_20260701T000000Z_010000Z.json,321.0,0.7289719626168224,0.7912772585669782,0.8286604361370716,1.254969416154587,0.43418962032345987,3.5077310927965573,weak_network_transition_concentration,0.32398753894080995,0.47663551401869153,0.6292834890965732,2.039743341001482,0.7356819006872809,7.688635588107335,0.30149228036382103,-0.30149228036382103,broad_corridor_observation_distribution,network_and_physical_both_broad,0.7663551401869159,False,True,True,False,False,insufficient_maximum_country_fallback_share,maximum_country_fallback_share,99.0,31.0,0.9657320872274143,0.03426791277258567,probe_country_service
NZ,M-Root,resolved_entry_only,5006,dns-root_m-root_msm5006_20260701T000000Z_010000Z.json,321.0,0.7289719626168224,0.7912772585669782,0.8286604361370716,1.254969416154587,0.43418962032345987,3.5077310927965573,weak_network_transition_concentration,0.32398753894080995,0.47663551401869153,0.6292834890965732,2.039743341001482,0.7356819006872809,7.688635588107335,0.30149228036382103,-0.30149228036382103,broad_corridor_observation_distribution,network_and_physical_both_broad,0.7663551401869159,False,True,True,False,False,insufficient_maximum_country_fallback_share,maximum_country_fallback_share,99.0,31.0,0.9657320872274143,0.03426791277258567,probe_country_service
OM,M-Root,all_publicly_visible,5006,dns-root_m-root_msm5006_20260701T000000Z_010000Z.json,8.0,0.5,1.0,1.0,0.6931471805599453,1.0,2.0,moderate_network_transition_concentration,0.3333333333333333,0.6666666666666666,1.0,1.0986122886681096,0.9999999999999998,2.9999999999999996,-2.220446049250313e-16,2.220446049250313e-16,weak_corridor_observation_concentration,network_and_physical_both_concentrated,0.0,False,False,False,True,False,"insufficient_minimum_mappable_segments,minimum_unique_probes,minimum_unique_probe_asns","minimum_mappable_segments,minimum_unique_probes,minimum_unique_probe_asns",2.0,2.0,1.0,0.0,probe_country_service
OM,M-Root,resolved_entry_only,5006,dns-root_m-root_msm5006_20260701T000000Z_010000Z.json,8.0,0.5,1.0,1.0,0.6931471805599453,1.0,2.0,moderate_network_transition_concentration,0.3333333333333333,0.6666666666666666,1.0,1.0986122886681096,0.9999999999999998,2.9999999999999996,-2.220446049250313e-16,2.220446049250313e-16,weak_corridor_observation_concentration,network_and_physical_both_concentrated,0.0,False,False,False,True,False,"insufficient_minimum_mappable_segments,minimum_unique_probes,minimum_unique_probe_asns","minimum_mappable_segments,minimum_unique_probes,minimum_unique_probe_asns",2.0,2.0,1.0,0.0,probe_country_service
PA,M-Root,all_publicly_visible,5006,dns-root_m-root_msm5006_20260701T000000Z_010000Z.json,3.0,0.6666666666666666,1.0,1.0,0.6365141682948128,0.9182958340544894,1.8898815748423097,moderate_network_transition_concentration,0.6666666666666666,1.0,1.0,0.6365141682948128,0.9182958340544894,1.8898815748423097,0.0,0.0,moderate_corridor_observation_concentration,network_and_physical_both_concentrated,0.0,False,False,False,True,False,"insufficient_minimum_mappable_segments,minimum_unique_probes,minimum_unique_probe_asns","minimum_mappable_segments,minimum_unique_probes,minimum_unique_probe_asns",2.0,2.0,0.0,1.0,probe_country_service
PA,M-Root,resolved_entry_only,5006,dns-root_m-root_msm5006_20260701T000000Z_010000Z.json,3.0,0.6666666666666666,1.0,1.0,0.6365141682948128,0.9182958340544894,1.8898815748423097,moderate_network_transition_concentration,0.6666666666666666,1.0,1.0,0.6365141682948128,0.9182958340544894,1.8898815748423097,0.0,0.0,moderate_corridor_observation_concentration,network_and_physical_both_concentrated,0.0,False,False,False,True,False,"insufficient_minimum_mappable_segments,minimum_unique_probes,minimum_unique_probe_asns","minimum_mappable_segments,minimum_unique_probes,minimum_unique_probe_asns",2.0,2.0,0.0,1.0,probe_country_service
PE,M-Root,all_publicly_visible,5006,dns-root_m-root_msm5006_20260701T000000Z_010000Z.json,11.0,0.45454545454545453,0.8181818181818181,1.0,1.0361987848192837,0.9431887805255734,2.818482965826066,moderate_network_transition_concentration,0.8181818181818182,1.0,1.0,0.47413931305783735,0.6840384356390417,1.6066307960863546,-0.25915034488653177,0.25915034488653177,severe_corridor_observation_concentration,network_and_physical_both_concentrated,0.0,False,False,False,True,False,"insufficient_minimum_mappable_segments,minimum_unique_probes","minimum_mappable_segments,minimum_unique_probes",5.0,4.0,0.0,1.0,probe_country_service
PE,M-Root,resolved_entry_only,5006,dns-root_m-root_msm5006_20260701T000000Z_010000Z.json,11.0,0.45454545454545453,0.8181818181818181,1.0,1.0361987848192837,0.9431887805255734,2.818482965826066,moderate_network_transition_concentration,0.8181818181818182,1.0,1.0,0.47413931305783735,0.6840384356390417,1.6066307960863546,-0.25915034488653177,0.25915034488653177,severe_corridor_observation_concentration,network_and_physical_both_concentrated,0.0,False,False,False,True,False,"insufficient_minimum_mappable_segments,minimum_unique_probes","minimum_mappable_segments,minimum_unique_probes",5.0,4.0,0.0,1.0,probe_country_service
PF,M-Root,all_publicly_visible,,,0.0,,,,,,,,,,,,,,,,,unknown_cross_layer_distribution_class,,False,False,False,False,False,insufficient_no_inter_region_projection_segments,"minimum_mappable_segments,minimum_unique_probes,minimum_unique_probe_asns,maximum_country_fallback_share",0.0,0.0,,,probe_country_service
PF,M-Root,resolved_entry_only,,,0.0,,,,,,,,,,,,,,,,,unknown_cross_layer_distribution_class,,False,False,False,False,False,insufficient_no_inter_region_projection_segments,"minimum_mappable_segments,minimum_unique_probes,minimum_unique_probe_asns,maximum_country_fallback_share",0.0,0.0,,,probe_country_service
PG,M-Root,all_publicly_visible,5006,dns-root_m-root_msm5006_20260701T000000Z_010000Z.json,7.0,0.42857142857142855,0.7142857142857142,0.8571428571428571,1.2770342594661392,0.9211854965885544,3.5859888270569544,weak_network_transition_concentration,0.2857142857142857,0.5714285714285714,0.7142857142857142,1.7067706585450746,0.8771066122316417,5.51113537190456,-0.04407888435691276,0.04407888435691276,broad_corridor_observation_distribution,network_and_physical_both_broad,0.2857142857142857,False,False,False,True,False,"insufficient_minimum_mappable_segments,minimum_unique_probes,minimum_unique_probe_asns","minimum_mappable_segments,minimum_unique_probes,minimum_unique_probe_asns",1.0,1.0,0.4285714285714287,0.5714285714285715,probe_country_service
PG,M-Root,resolved_entry_only,5006,dns-root_m-root_msm5006_20260701T000000Z_010000Z.json,7.0,0.42857142857142855,0.7142857142857142,0.8571428571428571,1.2770342594661392,0.9211854965885544,3.5859888270569544,weak_network_transition_concentration,0.2857142857142857,0.5714285714285714,0.7142857142857142,1.7067706585450746,0.8771066122316417,5.51113537190456,-0.04407888435691276,0.04407888435691276,broad_corridor_observation_distribution,network_and_physical_both_broad,0.2857142857142857,False,False,False,True,False,"insufficient_minimum_mappable_segments,minimum_unique_probes,minimum_unique_probe_asns","minimum_mappable_segments,minimum_unique_probes,minimum_unique_probe_asns",1.0,1.0,0.4285714285714287,0.5714285714285715,probe_country_service
PH,M-Root,all_publicly_visible,5006,dns-root_m-root_msm5006_20260701T000000Z_010000Z.json,105.0,0.2857142857142857,0.45714285714285713,0.5809523809523809,2.3461739123033,0.7968152605313943,10.445527666471909,broad_network_transition_distribution,0.3619047619047619,0.6499999999999999,0.7833333333333333,1.7952996144719378,0.6336619930999152,6.021278513754959,-0.16315326743147907,0.16315326743147907,broad_corridor_observation_distribution,network_and_physical_both_broad,0.19047619047619047,True,True,True,True,True,auditable,,44.0,21.0,0.19047619047619047,0.8095238095238095,probe_country_service
PH,M-Root,resolved_entry_only,5006,dns-root_m-root_msm5006_20260701T000000Z_010000Z.json,105.0,0.2857142857142857,0.45714285714285713,0.5809523809523809,2.3461739123033,0.7968152605313943,10.445527666471909,broad_network_transition_distribution,0.3619047619047619,0.6499999999999999,0.7833333333333333,1.7952996144719378,0.6336619930999152,6.021278513754959,-0.16315326743147907,0.16315326743147907,broad_corridor_observation_distribution,network_and_physical_both_broad,0.19047619047619047,True,True,True,True,True,auditable,,44.0,21.0,0.19047619047619047,0.8095238095238095,probe_country_service
PK,M-Root,all_publicly_visible,5006,dns-root_m-root_msm5006_20260701T000000Z_010000Z.json,20.0,0.45,0.8500000000000001,1.0,1.0104127537805414,0.9197173235750931,2.746734506126001,moderate_network_transition_concentration,0.4,0.6000000000000001,0.8,1.3321790402101223,0.9609640474436812,3.7892914162759954,0.041246723868588187,-0.041246723868588187,weak_corridor_observation_concentration,network_and_physical_both_concentrated,0.85,False,False,False,False,False,"insufficient_minimum_mappable_segments,minimum_unique_probes,maximum_country_fallback_share","minimum_mappable_segments,minimum_unique_probes,maximum_country_fallback_share",7.0,5.0,0.6,0.4,probe_country_service
PK,M-Root,resolved_entry_only,5006,dns-root_m-root_msm5006_20260701T000000Z_010000Z.json,20.0,0.45,0.8500000000000001,1.0,1.0104127537805414,0.9197173235750931,2.746734506126001,moderate_network_transition_concentration,0.4,0.6000000000000001,0.8,1.3321790402101223,0.9609640474436812,3.7892914162759954,0.041246723868588187,-0.041246723868588187,weak_corridor_observation_concentration,network_and_physical_both_concentrated,0.85,False,False,False,False,False,"insufficient_minimum_mappable_segments,minimum_unique_probes,maximum_country_fallback_share","minimum_mappable_segments,minimum_unique_probes,maximum_country_fallback_share",7.0,5.0,0.6,0.4,probe_country_service
PL,M-Root,all_publicly_visible,5006,dns-root_m-root_msm5006_20260701T000000Z_010000Z.json,171.0,0.3684210526315789,0.6842105263157894,0.9883040935672514,1.15401852934844,0.7170320274132924,3.1709097349399182,weak_network_transition_concentration,0.2884990253411306,0.5769980506822612,0.8654970760233918,1.4589355226092506,0.8142474186213202,4.301378370483865,0.0972153912080278,-0.0972153912080278,weak_corridor_observation_concentration,network_and_physical_both_concentrated,0.0,True,True,True,True,True,auditable,,29.0,3.0,0.8654970760233918,0.13450292397660818,probe_country_service
PL,M-Root,resolved_entry_only,5006,dns-root_m-root_msm5006_20260701T000000Z_010000Z.json,171.0,0.3684210526315789,0.6842105263157894,0.9883040935672514,1.15401852934844,0.7170320274132924,3.1709097349399182,weak_network_transition_concentration,0.2884990253411306,0.5769980506822612,0.8654970760233918,1.4589355226092506,0.8142474186213202,4.301378370483865,0.0972153912080278,-0.0972153912080278,weak_corridor_observation_concentration,network_and_physical_both_concentrated,0.0,True,True,True,True,True,auditable,,29.0,3.0,0.8654970760233918,0.13450292397660818,probe_country_service
PR,M-Root,all_publicly_visible,5006,dns-root_m-root_msm5006_20260701T000000Z_010000Z.json,4.0,0.5,0.75,1.0,1.0397207708399179,0.946394630357186,2.82842712474619,weak_network_transition_concentration,1.0,1.0,1.0,-0.0,0.0,1.0,-0.946394630357186,0.946394630357186,severe_corridor_observation_concentration,network_broad_physical_concentrated,0.25,False,False,False,True,False,"insufficient_minimum_mappable_segments,minimum_unique_probes,minimum_unique_probe_asns","minimum_mappable_segments,minimum_unique_probes,minimum_unique_probe_asns",2.0,2.0,0.0,1.0,probe_country_service
PR,M-Root,resolved_entry_only,5006,dns-root_m-root_msm5006_20260701T000000Z_010000Z.json,2.0,0.5,1.0,1.0,0.6931471805599453,1.0,2.0,moderate_network_transition_concentration,1.0,1.0,1.0,-0.0,0.0,1.0,-1.0,1.0,severe_corridor_observation_concentration,network_and_physical_both_concentrated,0.5,False,False,False,False,False,"insufficient_minimum_mappable_segments,minimum_unique_probes,minimum_unique_probe_asns,maximum_country_fallback_share","minimum_mappable_segments,minimum_unique_probes,minimum_unique_probe_asns,maximum_country_fallback_share",1.0,1.0,0.0,1.0,probe_country_service
PS,M-Root,all_publicly_visible,,,0.0,,,,,,,,,,,,,,,,,unknown_cross_layer_distribution_class,,False,False,False,False,False,insufficient_no_inter_region_projection_segments,"minimum_mappable_segments,minimum_unique_probes,minimum_unique_probe_asns,maximum_country_fallback_share",0.0,0.0,,,probe_country_service
PS,M-Root,resolved_entry_only,,,0.0,,,,,,,,,,,,,,,,,unknown_cross_layer_distribution_class,,False,False,False,False,False,insufficient_no_inter_region_projection_segments,"minimum_mappable_segments,minimum_unique_probes,minimum_unique_probe_asns,maximum_country_fallback_share",0.0,0.0,,,probe_country_service
PT,M-Root,all_publicly_visible,5006,dns-root_m-root_msm5006_20260701T000000Z_010000Z.json,149.0,0.436241610738255,0.5302013422818792,0.610738255033557,2.0362929197274697,0.7344374242720322,7.662152271879412,broad_network_transition_distribution,0.9798657718120806,0.9899328859060403,1.0,0.11251703014853554,0.10241741450475153,1.1190913150418187,-0.6320200097672807,0.6320200097672807,severe_corridor_observation_concentration,network_broad_physical_concentrated,0.06711409395973154,True,True,True,True,True,auditable,,46.0,16.0,0.9798657718120806,0.020134228187919462,probe_country_service
PT,M-Root,resolved_entry_only,5006,dns-root_m-root_msm5006_20260701T000000Z_010000Z.json,149.0,0.436241610738255,0.5302013422818792,0.610738255033557,2.0362929197274697,0.7344374242720322,7.662152271879412,broad_network_transition_distribution,0.9798657718120806,0.9899328859060403,1.0,0.11251703014853554,0.10241741450475153,1.1190913150418187,-0.6320200097672807,0.6320200097672807,severe_corridor_observation_concentration,network_broad_physical_concentrated,0.06711409395973154,True,True,True,True,True,auditable,,46.0,16.0,0.9798657718120806,0.020134228187919462,probe_country_service
PW,M-Root,all_publicly_visible,,,0.0,,,,,,,,,,,,,,,,,unknown_cross_layer_distribution_class,,False,False,False,False,False,insufficient_no_inter_region_projection_segments,"minimum_mappable_segments,minimum_unique_probes,minimum_unique_probe_asns,maximum_country_fallback_share",0.0,0.0,,,probe_country_service
PW,M-Root,resolved_entry_only,,,0.0,,,,,,,,,,,,,,,,,unknown_cross_layer_distribution_class,,False,False,False,False,False,insufficient_no_inter_region_projection_segments,"minimum_mappable_segments,minimum_unique_probes,minimum_unique_probe_asns,maximum_country_fallback_share",0.0,0.0,,,probe_country_service
PY,M-Root,all_publicly_visible,,,0.0,,,,,,,,,,,,,,,,,unknown_cross_layer_distribution_class,,False,False,False,False,False,insufficient_no_inter_region_projection_segments,"minimum_mappable_segments,minimum_unique_probes,minimum_unique_probe_asns,maximum_country_fallback_share",0.0,0.0,,,probe_country_service
PY,M-Root,resolved_entry_only,,,0.0,,,,,,,,,,,,,,,,,unknown_cross_layer_distribution_class,,False,False,False,False,False,insufficient_no_inter_region_projection_segments,"minimum_mappable_segments,minimum_unique_probes,minimum_unique_probe_asns,maximum_country_fallback_share",0.0,0.0,,,probe_country_service
QA,M-Root,all_publicly_visible,5006,dns-root_m-root_msm5006_20260701T000000Z_010000Z.json,5.0,0.4,0.8,1.0,1.0549201679861442,0.9602297178607612,2.8717458874925876,moderate_network_transition_concentration,0.4,0.6000000000000001,0.8,1.3321790402101223,0.9609640474436812,3.7892914162759954,0.0007343295829200791,-0.0007343295829200791,weak_corridor_observation_concentration,network_and_physical_both_concentrated,0.4,False,False,False,False,False,"insufficient_minimum_mappable_segments,minimum_unique_probes,minimum_unique_probe_asns,maximum_country_fallback_share","minimum_mappable_segments,minimum_unique_probes,minimum_unique_probe_asns,maximum_country_fallback_share",1.0,1.0,0.6,0.4,probe_country_service
QA,M-Root,resolved_entry_only,5006,dns-root_m-root_msm5006_20260701T000000Z_010000Z.json,5.0,0.4,0.8,1.0,1.0549201679861442,0.9602297178607612,2.8717458874925876,moderate_network_transition_concentration,0.4,0.6000000000000001,0.8,1.3321790402101223,0.9609640474436812,3.7892914162759954,0.0007343295829200791,-0.0007343295829200791,weak_corridor_observation_concentration,network_and_physical_both_concentrated,0.4,False,False,False,False,False,"insufficient_minimum_mappable_segments,minimum_unique_probes,minimum_unique_probe_asns,maximum_country_fallback_share","minimum_mappable_segments,minimum_unique_probes,minimum_unique_probe_asns,maximum_country_fallback_share",1.0,1.0,0.6,0.4,probe_country_service
RE,M-Root,all_publicly_visible,5006,dns-root_m-root_msm5006_20260701T000000Z_010000Z.json,152.0,0.3355263157894737,0.6710526315789473,0.9868421052631579,1.1538136956977245,0.8323006484464374,3.1702602924389316,weak_network_transition_concentration,0.3355263157894737,0.6710526315789473,0.8289473684210527,1.3871577038833403,0.712858044631078,4.003454862204347,-0.11944260381535932,0.11944260381535932,weak_corridor_observation_concentration,network_and_physical_both_concentrated,1.0,False,False,False,False,False,"insufficient_minimum_unique_probe_asns,maximum_country_fallback_share","minimum_unique_probe_asns,maximum_country_fallback_share",27.0,2.0,0.3486842105263158,0.6513157894736843,probe_country_service
RE,M-Root,resolved_entry_only,5006,dns-root_m-root_msm5006_20260701T000000Z_010000Z.json,152.0,0.3355263157894737,0.6710526315789473,0.9868421052631579,1.1538136956977245,0.8323006484464374,3.1702602924389316,weak_network_transition_concentration,0.3355263157894737,0.6710526315789473,0.8289473684210527,1.3871577038833403,0.712858044631078,4.003454862204347,-0.11944260381535932,0.11944260381535932,weak_corridor_observation_concentration,network_and_physical_both_concentrated,1.0,False,False,False,False,False,"insufficient_minimum_unique_probe_asns,maximum_country_fallback_share","minimum_unique_probe_asns,maximum_country_fallback_share",27.0,2.0,0.3486842105263158,0.6513157894736843,probe_country_service
RO,M-Root,all_publicly_visible,,,0.0,,,,,,,,,,,,,,,,,unknown_cross_layer_distribution_class,,False,False,False,False,False,insufficient_no_inter_region_projection_segments,"minimum_mappable_segments,minimum_unique_probes,minimum_unique_probe_asns,maximum_country_fallback_share",0.0,0.0,,,probe_country_service
RO,M-Root,resolved_entry_only,,,0.0,,,,,,,,,,,,,,,,,unknown_cross_layer_distribution_class,,False,False,False,False,False,insufficient_no_inter_region_projection_segments,"minimum_mappable_segments,minimum_unique_probes,minimum_unique_probe_asns,maximum_country_fallback_share",0.0,0.0,,,probe_country_service
RS,M-Root,all_publicly_visible,5006,dns-root_m-root_msm5006_20260701T000000Z_010000Z.json,7.0,0.42857142857142855,0.7142857142857142,1.0,1.0789922078775833,0.9821410328348751,2.941713421083178,weak_network_transition_concentration,0.3333333333333333,0.6666666666666666,1.0,1.0986122886681096,0.9999999999999998,2.9999999999999996,0.017858967165124695,-0.017858967165124695,weak_corridor_observation_concentration,network_and_physical_both_concentrated,0.0,False,False,False,True,False,"insufficient_minimum_mappable_segments,minimum_unique_probes,minimum_unique_probe_asns","minimum_mappable_segments,minimum_unique_probes,minimum_unique_probe_asns",1.0,1.0,1.0,0.0,probe_country_service
RS,M-Root,resolved_entry_only,5006,dns-root_m-root_msm5006_20260701T000000Z_010000Z.json,7.0,0.42857142857142855,0.7142857142857142,1.0,1.0789922078775833,0.9821410328348751,2.941713421083178,weak_network_transition_concentration,0.3333333333333333,0.6666666666666666,1.0,1.0986122886681096,0.9999999999999998,2.9999999999999996,0.017858967165124695,-0.017858967165124695,weak_corridor_observation_concentration,network_and_physical_both_concentrated,0.0,False,False,False,True,False,"insufficient_minimum_mappable_segments,minimum_unique_probes,minimum_unique_probe_asns","minimum_mappable_segments,minimum_unique_probes,minimum_unique_probe_asns",1.0,1.0,1.0,0.0,probe_country_service
RU,M-Root,all_publicly_visible,5006,dns-root_m-root_msm5006_20260701T000000Z_010000Z.json,35.0,0.4,0.7142857142857143,0.8285714285714286,1.4292336185078474,0.797670470313521,4.17549794104768,weak_network_transition_concentration,0.7142857142857143,0.7904761904761904,0.8666666666666667,1.0319615001808757,0.5759486794427137,2.806565517891947,-0.22172179087080734,0.22172179087080734,weak_corridor_observation_concentration,network_and_physical_both_concentrated,0.3142857142857143,False,True,True,False,False,insufficient_maximum_country_fallback_share,maximum_country_fallback_share,25.0,20.0,0.22857142857142856,0.7714285714285715,probe_country_service
RU,M-Root,resolved_entry_only,5006,dns-root_m-root_msm5006_20260701T000000Z_010000Z.json,34.0,0.4117647058823529,0.7058823529411764,0.8235294117647058,1.4362720412775376,0.8015986888554454,4.204990529730957,weak_network_transition_concentration,0.7058823529411765,0.7843137254901962,0.8627450980392157,1.0522450554266172,0.5872691471696012,2.8640739102776887,-0.21432954168584417,0.21432954168584417,weak_corridor_observation_concentration,network_and_physical_both_concentrated,0.29411764705882354,True,True,True,True,True,auditable,,24.0,19.0,0.23529411764705882,0.7647058823529411,probe_country_service
RW,M-Root,all_publicly_visible,,,0.0,,,,,,,,,,,,,,,,,unknown_cross_layer_distribution_class,,False,False,False,False,False,insufficient_no_inter_region_projection_segments,"minimum_mappable_segments,minimum_unique_probes,minimum_unique_probe_asns,maximum_country_fallback_share",0.0,0.0,,,probe_country_service
RW,M-Root,resolved_entry_only,,,0.0,,,,,,,,,,,,,,,,,unknown_cross_layer_distribution_class,,False,False,False,False,False,insufficient_no_inter_region_projection_segments,"minimum_mappable_segments,minimum_unique_probes,minimum_unique_probe_asns,maximum_country_fallback_share",0.0,0.0,,,probe_country_service
SA,M-Root,all_publicly_visible,5006,dns-root_m-root_msm5006_20260701T000000Z_010000Z.json,4.0,1.0,1.0,1.0,-0.0,0.0,1.0,severe_network_transition_concentration,1.0,1.0,1.0,-0.0,0.0,1.0,0.0,0.0,severe_corridor_observation_concentration,network_and_physical_both_concentrated,0.0,False,False,False,True,False,"insufficient_minimum_mappable_segments,minimum_unique_probes,minimum_unique_probe_asns","minimum_mappable_segments,minimum_unique_probes,minimum_unique_probe_asns",2.0,2.0,0.0,1.0,probe_country_service
SA,M-Root,resolved_entry_only,5006,dns-root_m-root_msm5006_20260701T000000Z_010000Z.json,4.0,1.0,1.0,1.0,-0.0,0.0,1.0,severe_network_transition_concentration,1.0,1.0,1.0,-0.0,0.0,1.0,0.0,0.0,severe_corridor_observation_concentration,network_and_physical_both_concentrated,0.0,False,False,False,True,False,"insufficient_minimum_mappable_segments,minimum_unique_probes,minimum_unique_probe_asns","minimum_mappable_segments,minimum_unique_probes,minimum_unique_probe_asns",2.0,2.0,0.0,1.0,probe_country_service
SE,M-Root,all_publicly_visible,5006,dns-root_m-root_msm5006_20260701T000000Z_010000Z.json,507.0,0.22682445759368836,0.36291913214990135,0.4970414201183432,2.504483627126151,0.8102391555331476,12.237238356107857,broad_network_transition_distribution,0.4714003944773176,0.6002629848783695,0.7291255752794215,1.6982847972768316,0.6834400790958166,5.4645665096115215,-0.12679907643733102,0.12679907643733102,broad_corridor_observation_distribution,network_and_physical_both_broad,0.08284023668639054,True,True,True,True,True,auditable,,78.0,26.0,0.8422090729783037,0.15779092702169625,probe_country_service
SE,M-Root,resolved_entry_only,5006,dns-root_m-root_msm5006_20260701T000000Z_010000Z.json,507.0,0.22682445759368836,0.36291913214990135,0.4970414201183432,2.504483627126151,0.8102391555331476,12.237238356107857,broad_network_transition_distribution,0.4714003944773176,0.6002629848783695,0.7291255752794215,1.6982847972768316,0.6834400790958166,5.4645665096115215,-0.12679907643733102,0.12679907643733102,broad_corridor_observation_distribution,network_and_physical_both_broad,0.08284023668639054,True,True,True,True,True,auditable,,78.0,26.0,0.8422090729783037,0.15779092702169625,probe_country_service
SG,M-Root,all_publicly_visible,5006,dns-root_m-root_msm5006_20260701T000000Z_010000Z.json,510.0,0.2647058823529412,0.3392156862745098,0.40980392156862744,3.0108264651780976,0.7820028675889794,20.30417368534283,broad_network_transition_distribution,0.3183006535947712,0.6366013071895424,0.9549019607843137,1.267315648065638,0.5503881927845501,3.5513067987183535,-0.23161467480442932,0.23161467480442932,weak_corridor_observation_concentration,network_and_physical_both_broad,0.2647058823529412,True,True,True,True,True,auditable,,93.0,45.0,0.9549019607843138,0.04509803921568628,probe_country_service
SG,M-Root,resolved_entry_only,5006,dns-root_m-root_msm5006_20260701T000000Z_010000Z.json,510.0,0.2647058823529412,0.3392156862745098,0.40980392156862744,3.0108264651780976,0.7820028675889794,20.30417368534283,broad_network_transition_distribution,0.3183006535947712,0.6366013071895424,0.9549019607843137,1.267315648065638,0.5503881927845501,3.5513067987183535,-0.23161467480442932,0.23161467480442932,weak_corridor_observation_concentration,network_and_physical_both_broad,0.2647058823529412,True,True,True,True,True,auditable,,93.0,45.0,0.9549019607843138,0.04509803921568628,probe_country_service
SI,M-Root,all_publicly_visible,,,0.0,,,,,,,,,,,,,,,,,unknown_cross_layer_distribution_class,,False,False,False,False,False,insufficient_no_inter_region_projection_segments,"minimum_mappable_segments,minimum_unique_probes,minimum_unique_probe_asns,maximum_country_fallback_share",0.0,0.0,,,probe_country_service
SI,M-Root,resolved_entry_only,,,0.0,,,,,,,,,,,,,,,,,unknown_cross_layer_distribution_class,,False,False,False,False,False,insufficient_no_inter_region_projection_segments,"minimum_mappable_segments,minimum_unique_probes,minimum_unique_probe_asns,maximum_country_fallback_share",0.0,0.0,,,probe_country_service
SK,M-Root,all_publicly_visible,,,0.0,,,,,,,,,,,,,,,,,unknown_cross_layer_distribution_class,,False,False,False,False,False,insufficient_no_inter_region_projection_segments,"minimum_mappable_segments,minimum_unique_probes,minimum_unique_probe_asns,maximum_country_fallback_share",0.0,0.0,,,probe_country_service
SK,M-Root,resolved_entry_only,,,0.0,,,,,,,,,,,,,,,,,unknown_cross_layer_distribution_class,,False,False,False,False,False,insufficient_no_inter_region_projection_segments,"minimum_mappable_segments,minimum_unique_probes,minimum_unique_probe_asns,maximum_country_fallback_share",0.0,0.0,,,probe_country_service
SL,M-Root,all_publicly_visible,5006,dns-root_m-root_msm5006_20260701T000000Z_010000Z.json,2.0,1.0,1.0,1.0,-0.0,0.0,1.0,severe_network_transition_concentration,1.0,1.0,1.0,-0.0,0.0,1.0,0.0,0.0,severe_corridor_observation_concentration,network_and_physical_both_concentrated,0.0,False,False,False,True,False,"insufficient_minimum_mappable_segments,minimum_unique_probes,minimum_unique_probe_asns","minimum_mappable_segments,minimum_unique_probes,minimum_unique_probe_asns",1.0,1.0,0.0,1.0,probe_country_service
SL,M-Root,resolved_entry_only,5006,dns-root_m-root_msm5006_20260701T000000Z_010000Z.json,2.0,1.0,1.0,1.0,-0.0,0.0,1.0,severe_network_transition_concentration,1.0,1.0,1.0,-0.0,0.0,1.0,0.0,0.0,severe_corridor_observation_concentration,network_and_physical_both_concentrated,0.0,False,False,False,True,False,"insufficient_minimum_mappable_segments,minimum_unique_probes,minimum_unique_probe_asns","minimum_mappable_segments,minimum_unique_probes,minimum_unique_probe_asns",1.0,1.0,0.0,1.0,probe_country_service
SM,M-Root,all_publicly_visible,,,0.0,,,,,,,,,,,,,,,,,unknown_cross_layer_distribution_class,,False,False,False,False,False,insufficient_no_inter_region_projection_segments,"minimum_mappable_segments,minimum_unique_probes,minimum_unique_probe_asns,maximum_country_fallback_share",0.0,0.0,,,probe_country_service
SM,M-Root,resolved_entry_only,,,0.0,,,,,,,,,,,,,,,,,unknown_cross_layer_distribution_class,,False,False,False,False,False,insufficient_no_inter_region_projection_segments,"minimum_mappable_segments,minimum_unique_probes,minimum_unique_probe_asns,maximum_country_fallback_share",0.0,0.0,,,probe_country_service
SN,M-Root,all_publicly_visible,5006,dns-root_m-root_msm5006_20260701T000000Z_010000Z.json,4.0,1.0,1.0,1.0,-0.0,0.0,1.0,severe_network_transition_concentration,0.5,1.0,1.0,0.6931471805599453,1.0,2.0,1.0,-1.0,moderate_corridor_observation_concentration,network_and_physical_both_concentrated,0.0,False,False,False,True,False,"insufficient_minimum_mappable_segments,minimum_unique_probes,minimum_unique_probe_asns","minimum_mappable_segments,minimum_unique_probes,minimum_unique_probe_asns",2.0,2.0,0.0,1.0,probe_country_service
SN,M-Root,resolved_entry_only,5006,dns-root_m-root_msm5006_20260701T000000Z_010000Z.json,4.0,1.0,1.0,1.0,-0.0,0.0,1.0,severe_network_transition_concentration,0.5,1.0,1.0,0.6931471805599453,1.0,2.0,1.0,-1.0,moderate_corridor_observation_concentration,network_and_physical_both_concentrated,0.0,False,False,False,True,False,"insufficient_minimum_mappable_segments,minimum_unique_probes,minimum_unique_probe_asns","minimum_mappable_segments,minimum_unique_probes,minimum_unique_probe_asns",2.0,2.0,0.0,1.0,probe_country_service
SR,M-Root,all_publicly_visible,,,0.0,,,,,,,,,,,,,,,,,unknown_cross_layer_distribution_class,,False,False,False,False,False,insufficient_no_inter_region_projection_segments,"minimum_mappable_segments,minimum_unique_probes,minimum_unique_probe_asns,maximum_country_fallback_share",0.0,0.0,,,probe_country_service
SR,M-Root,resolved_entry_only,,,0.0,,,,,,,,,,,,,,,,,unknown_cross_layer_distribution_class,,False,False,False,False,False,insufficient_no_inter_region_projection_segments,"minimum_mappable_segments,minimum_unique_probes,minimum_unique_probe_asns,maximum_country_fallback_share",0.0,0.0,,,probe_country_service
SS,M-Root,all_publicly_visible,5006,dns-root_m-root_msm5006_20260701T000000Z_010000Z.json,4.0,1.0,1.0,1.0,-0.0,0.0,1.0,severe_network_transition_concentration,0.5,0.75,1.0,1.0397207708399179,0.946394630357186,2.82842712474619,0.946394630357186,-0.946394630357186,weak_corridor_observation_concentration,network_and_physical_both_concentrated,0.0,False,False,False,True,False,"insufficient_minimum_mappable_segments,minimum_unique_probes,minimum_unique_probe_asns","minimum_mappable_segments,minimum_unique_probes,minimum_unique_probe_asns",1.0,1.0,0.0,1.0,probe_country_service
SS,M-Root,resolved_entry_only,5006,dns-root_m-root_msm5006_20260701T000000Z_010000Z.json,4.0,1.0,1.0,1.0,-0.0,0.0,1.0,severe_network_transition_concentration,0.5,0.75,1.0,1.0397207708399179,0.946394630357186,2.82842712474619,0.946394630357186,-0.946394630357186,weak_corridor_observation_concentration,network_and_physical_both_concentrated,0.0,False,False,False,True,False,"insufficient_minimum_mappable_segments,minimum_unique_probes,minimum_unique_probe_asns","minimum_mappable_segments,minimum_unique_probes,minimum_unique_probe_asns",1.0,1.0,0.0,1.0,probe_country_service
SV,M-Root,all_publicly_visible,,,0.0,,,,,,,,,,,,,,,,,unknown_cross_layer_distribution_class,,False,False,False,False,False,insufficient_no_inter_region_projection_segments,"minimum_mappable_segments,minimum_unique_probes,minimum_unique_probe_asns,maximum_country_fallback_share",0.0,0.0,,,probe_country_service
SV,M-Root,resolved_entry_only,,,0.0,,,,,,,,,,,,,,,,,unknown_cross_layer_distribution_class,,False,False,False,False,False,insufficient_no_inter_region_projection_segments,"minimum_mappable_segments,minimum_unique_probes,minimum_unique_probe_asns,maximum_country_fallback_share",0.0,0.0,,,probe_country_service
SY,M-Root,all_publicly_visible,,,0.0,,,,,,,,,,,,,,,,,unknown_cross_layer_distribution_class,,False,False,False,False,False,insufficient_no_inter_region_projection_segments,"minimum_mappable_segments,minimum_unique_probes,minimum_unique_probe_asns,maximum_country_fallback_share",0.0,0.0,,,probe_country_service
SY,M-Root,resolved_entry_only,,,0.0,,,,,,,,,,,,,,,,,unknown_cross_layer_distribution_class,,False,False,False,False,False,insufficient_no_inter_region_projection_segments,"minimum_mappable_segments,minimum_unique_probes,minimum_unique_probe_asns,maximum_country_fallback_share",0.0,0.0,,,probe_country_service
TD,M-Root,all_publicly_visible,,,0.0,,,,,,,,,,,,,,,,,unknown_cross_layer_distribution_class,,False,False,False,False,False,insufficient_no_inter_region_projection_segments,"minimum_mappable_segments,minimum_unique_probes,minimum_unique_probe_asns,maximum_country_fallback_share",0.0,0.0,,,probe_country_service
TD,M-Root,resolved_entry_only,,,0.0,,,,,,,,,,,,,,,,,unknown_cross_layer_distribution_class,,False,False,False,False,False,insufficient_no_inter_region_projection_segments,"minimum_mappable_segments,minimum_unique_probes,minimum_unique_probe_asns,maximum_country_fallback_share",0.0,0.0,,,probe_country_service
TG,M-Root,all_publicly_visible,,,0.0,,,,,,,,,,,,,,,,,unknown_cross_layer_distribution_class,,False,False,False,False,False,insufficient_no_inter_region_projection_segments,"minimum_mappable_segments,minimum_unique_probes,minimum_unique_probe_asns,maximum_country_fallback_share",0.0,0.0,,,probe_country_service
TG,M-Root,resolved_entry_only,,,0.0,,,,,,,,,,,,,,,,,unknown_cross_layer_distribution_class,,False,False,False,False,False,insufficient_no_inter_region_projection_segments,"minimum_mappable_segments,minimum_unique_probes,minimum_unique_probe_asns,maximum_country_fallback_share",0.0,0.0,,,probe_country_service
TH,M-Root,all_publicly_visible,5006,dns-root_m-root_msm5006_20260701T000000Z_010000Z.json,12.0,0.4166666666666667,0.6666666666666667,0.8333333333333334,1.308605387253449,0.9439592513355664,3.7010086375868205,weak_network_transition_concentration,0.4166666666666667,0.5555555555555556,0.6944444444444444,1.6305328510248815,0.8379281293211103,5.106595048112201,-0.10603112201445608,0.10603112201445608,broad_corridor_observation_distribution,network_and_physical_both_broad,0.4166666666666667,False,False,False,False,False,"insufficient_minimum_mappable_segments,minimum_unique_probes,maximum_country_fallback_share","minimum_mappable_segments,minimum_unique_probes,maximum_country_fallback_share",6.0,6.0,0.4166666666666667,0.5833333333333333,probe_country_service
TH,M-Root,resolved_entry_only,5006,dns-root_m-root_msm5006_20260701T000000Z_010000Z.json,12.0,0.4166666666666667,0.6666666666666667,0.8333333333333334,1.308605387253449,0.9439592513355664,3.7010086375868205,weak_network_transition_concentration,0.4166666666666667,0.5555555555555556,0.6944444444444444,1.6305328510248815,0.8379281293211103,5.106595048112201,-0.10603112201445608,0.10603112201445608,broad_corridor_observation_distribution,network_and_physical_both_broad,0.4166666666666667,False,False,False,False,False,"insufficient_minimum_mappable_segments,minimum_unique_probes,maximum_country_fallback_share","minimum_mappable_segments,minimum_unique_probes,maximum_country_fallback_share",6.0,6.0,0.4166666666666667,0.5833333333333333,probe_country_service
TJ,M-Root,all_publicly_visible,,,0.0,,,,,,,,,,,,,,,,,unknown_cross_layer_distribution_class,,False,False,False,False,False,insufficient_no_inter_region_projection_segments,"minimum_mappable_segments,minimum_unique_probes,minimum_unique_probe_asns,maximum_country_fallback_share",0.0,0.0,,,probe_country_service
TJ,M-Root,resolved_entry_only,,,0.0,,,,,,,,,,,,,,,,,unknown_cross_layer_distribution_class,,False,False,False,False,False,insufficient_no_inter_region_projection_segments,"minimum_mappable_segments,minimum_unique_probes,minimum_unique_probe_asns,maximum_country_fallback_share",0.0,0.0,,,probe_country_service
TL,M-Root,all_publicly_visible,5006,dns-root_m-root_msm5006_20260701T000000Z_010000Z.json,18.0,0.3333333333333333,0.6666666666666666,0.8888888888888888,1.310783678099714,0.9455305560363264,3.709079297755367,weak_network_transition_concentration,0.2962962962962963,0.5925925925925926,0.8888888888888888,1.3253763524369073,0.9560569454861146,3.7636015290999327,0.010526389449788232,-0.010526389449788232,weak_corridor_observation_concentration,network_and_physical_both_concentrated,0.0,False,False,False,True,False,"insufficient_minimum_mappable_segments,minimum_unique_probes,minimum_unique_probe_asns","minimum_mappable_segments,minimum_unique_probes,minimum_unique_probe_asns",4.0,2.0,1.0,0.0,probe_country_service
TL,M-Root,resolved_entry_only,5006,dns-root_m-root_msm5006_20260701T000000Z_010000Z.json,18.0,0.3333333333333333,0.6666666666666666,0.8888888888888888,1.310783678099714,0.9455305560363264,3.709079297755367,weak_network_transition_concentration,0.2962962962962963,0.5925925925925926,0.8888888888888888,1.3253763524369073,0.9560569454861146,3.7636015290999327,0.010526389449788232,-0.010526389449788232,weak_corridor_observation_concentration,network_and_physical_both_concentrated,0.0,False,False,False,True,False,"insufficient_minimum_mappable_segments,minimum_unique_probes,minimum_unique_probe_asns","minimum_mappable_segments,minimum_unique_probes,minimum_unique_probe_asns",4.0,2.0,1.0,0.0,probe_country_service
TN,M-Root,all_publicly_visible,,,0.0,,,,,,,,,,,,,,,,,unknown_cross_layer_distribution_class,,False,False,False,False,False,insufficient_no_inter_region_projection_segments,"minimum_mappable_segments,minimum_unique_probes,minimum_unique_probe_asns,maximum_country_fallback_share",0.0,0.0,,,probe_country_service
TN,M-Root,resolved_entry_only,,,0.0,,,,,,,,,,,,,,,,,unknown_cross_layer_distribution_class,,False,False,False,False,False,insufficient_no_inter_region_projection_segments,"minimum_mappable_segments,minimum_unique_probes,minimum_unique_probe_asns,maximum_country_fallback_share",0.0,0.0,,,probe_country_service
TO,M-Root,all_publicly_visible,5006,dns-root_m-root_msm5006_20260701T000000Z_010000Z.json,4.0,0.5,1.0,1.0,0.6931471805599453,1.0,2.0,moderate_network_transition_concentration,0.5,1.0,1.0,0.6931471805599453,1.0,2.0,0.0,0.0,moderate_corridor_observation_concentration,network_and_physical_both_concentrated,0.0,False,False,False,True,False,"insufficient_minimum_mappable_segments,minimum_unique_probes,minimum_unique_probe_asns","minimum_mappable_segments,minimum_unique_probes,minimum_unique_probe_asns",1.0,1.0,0.0,1.0,probe_country_service
TO,M-Root,resolved_entry_only,5006,dns-root_m-root_msm5006_20260701T000000Z_010000Z.json,4.0,0.5,1.0,1.0,0.6931471805599453,1.0,2.0,moderate_network_transition_concentration,0.5,1.0,1.0,0.6931471805599453,1.0,2.0,0.0,0.0,moderate_corridor_observation_concentration,network_and_physical_both_concentrated,0.0,False,False,False,True,False,"insufficient_minimum_mappable_segments,minimum_unique_probes,minimum_unique_probe_asns","minimum_mappable_segments,minimum_unique_probes,minimum_unique_probe_asns",1.0,1.0,0.0,1.0,probe_country_service
TR,M-Root,all_publicly_visible,,,0.0,,,,,,,,,,,,,,,,,unknown_cross_layer_distribution_class,,False,False,False,False,False,insufficient_no_inter_region_projection_segments,"minimum_mappable_segments,minimum_unique_probes,minimum_unique_probe_asns,maximum_country_fallback_share",0.0,0.0,,,probe_country_service
TR,M-Root,resolved_entry_only,,,0.0,,,,,,,,,,,,,,,,,unknown_cross_layer_distribution_class,,False,False,False,False,False,insufficient_no_inter_region_projection_segments,"minimum_mappable_segments,minimum_unique_probes,minimum_unique_probe_asns,maximum_country_fallback_share",0.0,0.0,,,probe_country_service
TT,M-Root,all_publicly_visible,,,0.0,,,,,,,,,,,,,,,,,unknown_cross_layer_distribution_class,,False,False,False,False,False,insufficient_no_inter_region_projection_segments,"minimum_mappable_segments,minimum_unique_probes,minimum_unique_probe_asns,maximum_country_fallback_share",0.0,0.0,,,probe_country_service
TT,M-Root,resolved_entry_only,,,0.0,,,,,,,,,,,,,,,,,unknown_cross_layer_distribution_class,,False,False,False,False,False,insufficient_no_inter_region_projection_segments,"minimum_mappable_segments,minimum_unique_probes,minimum_unique_probe_asns,maximum_country_fallback_share",0.0,0.0,,,probe_country_service
TV,M-Root,all_publicly_visible,5006,dns-root_m-root_msm5006_20260701T000000Z_010000Z.json,8.0,0.25,0.5,0.75,1.559581156259877,0.9690222556651344,4.756828460010884,broad_network_transition_distribution,0.25,0.5,0.625,1.8342342284269044,0.9426099295064448,6.260338320293149,-0.026412326158689603,0.026412326158689603,broad_corridor_observation_distribution,network_and_physical_both_broad,0.875,False,False,False,False,False,"insufficient_minimum_mappable_segments,minimum_unique_probes,minimum_unique_probe_asns,maximum_country_fallback_share","minimum_mappable_segments,minimum_unique_probes,minimum_unique_probe_asns,maximum_country_fallback_share",1.0,1.0,0.49999999999999994,0.5,probe_country_service
TV,M-Root,resolved_entry_only,5006,dns-root_m-root_msm5006_20260701T000000Z_010000Z.json,8.0,0.25,0.5,0.75,1.559581156259877,0.9690222556651344,4.756828460010884,broad_network_transition_distribution,0.25,0.5,0.625,1.8342342284269044,0.9426099295064448,6.260338320293149,-0.026412326158689603,0.026412326158689603,broad_corridor_observation_distribution,network_and_physical_both_broad,0.875,False,False,False,False,False,"insufficient_minimum_mappable_segments,minimum_unique_probes,minimum_unique_probe_asns,maximum_country_fallback_share","minimum_mappable_segments,minimum_unique_probes,minimum_unique_probe_asns,maximum_country_fallback_share",1.0,1.0,0.49999999999999994,0.5,probe_country_service
TW,M-Root,all_publicly_visible,5006,dns-root_m-root_msm5006_20260701T000000Z_010000Z.json,175.0,0.5542857142857143,0.6571428571428571,0.7314285714285714,1.6748710456876146,0.6529840602175438,5.338106732803838,broad_network_transition_distribution,0.34285714285714286,0.5457142857142857,0.7371428571428571,1.9765329433284944,0.7489541516010371,7.217675465140872,0.09597009138349322,-0.09597009138349322,broad_corridor_observation_distribution,network_and_physical_both_broad,0.6285714285714286,False,True,True,False,False,insufficient_maximum_country_fallback_share,maximum_country_fallback_share,57.0,20.0,0.7485714285714286,0.25142857142857145,probe_country_service
TW,M-Root,resolved_entry_only,5006,dns-root_m-root_msm5006_20260701T000000Z_010000Z.json,175.0,0.5542857142857143,0.6571428571428571,0.7314285714285714,1.6748710456876146,0.6529840602175438,5.338106732803838,broad_network_transition_distribution,0.34285714285714286,0.5457142857142857,0.7371428571428571,1.9765329433284944,0.7489541516010371,7.217675465140872,0.09597009138349322,-0.09597009138349322,broad_corridor_observation_distribution,network_and_physical_both_broad,0.6285714285714286,False,True,True,False,False,insufficient_maximum_country_fallback_share,maximum_country_fallback_share,57.0,20.0,0.7485714285714286,0.25142857142857145,probe_country_service
TZ,M-Root,all_publicly_visible,,,0.0,,,,,,,,,,,,,,,,,unknown_cross_layer_distribution_class,,False,False,False,False,False,insufficient_no_inter_region_projection_segments,"minimum_mappable_segments,minimum_unique_probes,minimum_unique_probe_asns,maximum_country_fallback_share",0.0,0.0,,,probe_country_service
TZ,M-Root,resolved_entry_only,,,0.0,,,,,,,,,,,,,,,,,unknown_cross_layer_distribution_class,,False,False,False,False,False,insufficient_no_inter_region_projection_segments,"minimum_mappable_segments,minimum_unique_probes,minimum_unique_probe_asns,maximum_country_fallback_share",0.0,0.0,,,probe_country_service
UA,M-Root,all_publicly_visible,5006,dns-root_m-root_msm5006_20260701T000000Z_010000Z.json,2.0,1.0,1.0,1.0,-0.0,0.0,1.0,severe_network_transition_concentration,1.0,1.0,1.0,-0.0,0.0,1.0,0.0,0.0,severe_corridor_observation_concentration,network_and_physical_both_concentrated,1.0,False,False,False,False,False,"insufficient_minimum_mappable_segments,minimum_unique_probes,minimum_unique_probe_asns,maximum_country_fallback_share","minimum_mappable_segments,minimum_unique_probes,minimum_unique_probe_asns,maximum_country_fallback_share",2.0,2.0,0.0,1.0,probe_country_service
UA,M-Root,resolved_entry_only,5006,dns-root_m-root_msm5006_20260701T000000Z_010000Z.json,2.0,1.0,1.0,1.0,-0.0,0.0,1.0,severe_network_transition_concentration,1.0,1.0,1.0,-0.0,0.0,1.0,0.0,0.0,severe_corridor_observation_concentration,network_and_physical_both_concentrated,1.0,False,False,False,False,False,"insufficient_minimum_mappable_segments,minimum_unique_probes,minimum_unique_probe_asns,maximum_country_fallback_share","minimum_mappable_segments,minimum_unique_probes,minimum_unique_probe_asns,maximum_country_fallback_share",2.0,2.0,0.0,1.0,probe_country_service
UG,M-Root,all_publicly_visible,5006,dns-root_m-root_msm5006_20260701T000000Z_010000Z.json,2.0,1.0,1.0,1.0,-0.0,0.0,1.0,severe_network_transition_concentration,0.5,1.0,1.0,0.6931471805599453,1.0,2.0,1.0,-1.0,moderate_corridor_observation_concentration,network_and_physical_both_concentrated,0.0,False,False,False,True,False,"insufficient_minimum_mappable_segments,minimum_unique_probes,minimum_unique_probe_asns","minimum_mappable_segments,minimum_unique_probes,minimum_unique_probe_asns",1.0,1.0,0.0,1.0,probe_country_service
UG,M-Root,resolved_entry_only,5006,dns-root_m-root_msm5006_20260701T000000Z_010000Z.json,2.0,1.0,1.0,1.0,-0.0,0.0,1.0,severe_network_transition_concentration,0.5,1.0,1.0,0.6931471805599453,1.0,2.0,1.0,-1.0,moderate_corridor_observation_concentration,network_and_physical_both_concentrated,0.0,False,False,False,True,False,"insufficient_minimum_mappable_segments,minimum_unique_probes,minimum_unique_probe_asns","minimum_mappable_segments,minimum_unique_probes,minimum_unique_probe_asns",1.0,1.0,0.0,1.0,probe_country_service
US,M-Root,all_publicly_visible,5006,dns-root_m-root_msm5006_20260701T000000Z_010000Z.json,526.0,0.2262357414448669,0.40304182509505704,0.5057034220532319,2.768142259127454,0.7271835279766222,15.929014524307002,broad_network_transition_distribution,0.6226235741444867,0.8222433460076045,0.8567807351077312,1.3775786160219599,0.44566797021026544,3.9652885076037783,-0.2815155577663568,0.2815155577663568,moderate_corridor_observation_concentration,network_broad_physical_concentrated,0.2300380228136882,True,True,True,True,True,auditable,,144.0,67.0,0.9486692015209125,0.051330798479087454,probe_country_service
US,M-Root,resolved_entry_only,5006,dns-root_m-root_msm5006_20260701T000000Z_010000Z.json,520.0,0.22884615384615384,0.4076923076923077,0.5115384615384615,2.729647777357406,0.7257385125476263,15.327487380915828,broad_network_transition_distribution,0.6298076923076923,0.8317307692307692,0.8666666666666667,1.333392940270843,0.4379645634235835,3.793894030347869,-0.28777394912404286,0.28777394912404286,moderate_corridor_observation_concentration,network_broad_physical_concentrated,0.2326923076923077,True,True,True,True,True,auditable,,142.0,65.0,0.951923076923077,0.04807692307692308,probe_country_service
UY,M-Root,all_publicly_visible,,,0.0,,,,,,,,,,,,,,,,,unknown_cross_layer_distribution_class,,False,False,False,False,False,insufficient_no_inter_region_projection_segments,"minimum_mappable_segments,minimum_unique_probes,minimum_unique_probe_asns,maximum_country_fallback_share",0.0,0.0,,,probe_country_service
UY,M-Root,resolved_entry_only,,,0.0,,,,,,,,,,,,,,,,,unknown_cross_layer_distribution_class,,False,False,False,False,False,insufficient_no_inter_region_projection_segments,"minimum_mappable_segments,minimum_unique_probes,minimum_unique_probe_asns,maximum_country_fallback_share",0.0,0.0,,,probe_country_service
UZ,M-Root,all_publicly_visible,,,0.0,,,,,,,,,,,,,,,,,unknown_cross_layer_distribution_class,,False,False,False,False,False,insufficient_no_inter_region_projection_segments,"minimum_mappable_segments,minimum_unique_probes,minimum_unique_probe_asns,maximum_country_fallback_share",0.0,0.0,,,probe_country_service
UZ,M-Root,resolved_entry_only,,,0.0,,,,,,,,,,,,,,,,,unknown_cross_layer_distribution_class,,False,False,False,False,False,insufficient_no_inter_region_projection_segments,"minimum_mappable_segments,minimum_unique_probes,minimum_unique_probe_asns,maximum_country_fallback_share",0.0,0.0,,,probe_country_service
VA,M-Root,all_publicly_visible,5006,dns-root_m-root_msm5006_20260701T000000Z_010000Z.json,1.0,1.0,1.0,1.0,-0.0,0.0,1.0,severe_network_transition_concentration,1.0,1.0,1.0,-0.0,0.0,1.0,0.0,0.0,severe_corridor_observation_concentration,network_and_physical_both_concentrated,0.0,False,False,False,True,False,"insufficient_minimum_mappable_segments,minimum_unique_probes,minimum_unique_probe_asns","minimum_mappable_segments,minimum_unique_probes,minimum_unique_probe_asns",1.0,1.0,0.0,1.0,probe_country_service
VA,M-Root,resolved_entry_only,5006,dns-root_m-root_msm5006_20260701T000000Z_010000Z.json,1.0,1.0,1.0,1.0,-0.0,0.0,1.0,severe_network_transition_concentration,1.0,1.0,1.0,-0.0,0.0,1.0,0.0,0.0,severe_corridor_observation_concentration,network_and_physical_both_concentrated,0.0,False,False,False,True,False,"insufficient_minimum_mappable_segments,minimum_unique_probes,minimum_unique_probe_asns","minimum_mappable_segments,minimum_unique_probes,minimum_unique_probe_asns",1.0,1.0,0.0,1.0,probe_country_service
VE,M-Root,all_publicly_visible,5006,dns-root_m-root_msm5006_20260701T000000Z_010000Z.json,18.0,0.3333333333333333,0.6666666666666666,1.0,1.0986122886681096,0.9999999999999998,2.9999999999999996,weak_network_transition_concentration,0.6666666666666666,1.0,1.0,0.6365141682948128,0.9182958340544894,1.8898815748423097,-0.08170416594551033,0.08170416594551033,moderate_corridor_observation_concentration,network_broad_physical_concentrated,0.0,False,False,False,True,False,"insufficient_minimum_mappable_segments,minimum_unique_probes","minimum_mappable_segments,minimum_unique_probes",8.0,5.0,0.6666666666666666,0.3333333333333333,probe_country_service
VE,M-Root,resolved_entry_only,5006,dns-root_m-root_msm5006_20260701T000000Z_010000Z.json,16.0,0.375,0.75,1.0,1.0821955300387673,0.9850568223215079,2.9511517858675242,weak_network_transition_concentration,0.75,1.0,1.0,0.5623351446188083,0.8112781244591328,1.7547653506033232,-0.1737786978623751,0.1737786978623751,moderate_corridor_observation_concentration,network_broad_physical_concentrated,0.0,False,False,False,True,False,"insufficient_minimum_mappable_segments,minimum_unique_probes","minimum_mappable_segments,minimum_unique_probes",7.0,5.0,0.75,0.25,probe_country_service
VI,M-Root,all_publicly_visible,5006,dns-root_m-root_msm5006_20260701T000000Z_010000Z.json,7.0,0.5714285714285714,1.0,1.0,0.6829081047004717,0.9852281360342515,1.9796263300525183,moderate_network_transition_concentration,0.5714285714285714,1.0,1.0,0.6829081047004717,0.9852281360342515,1.9796263300525183,0.0,0.0,moderate_corridor_observation_concentration,network_and_physical_both_concentrated,0.0,False,False,False,True,False,"insufficient_minimum_mappable_segments,minimum_unique_probes,minimum_unique_probe_asns","minimum_mappable_segments,minimum_unique_probes,minimum_unique_probe_asns",2.0,1.0,0.0,1.0,probe_country_service
VI,M-Root,resolved_entry_only,5006,dns-root_m-root_msm5006_20260701T000000Z_010000Z.json,7.0,0.5714285714285714,1.0,1.0,0.6829081047004717,0.9852281360342515,1.9796263300525183,moderate_network_transition_concentration,0.5714285714285714,1.0,1.0,0.6829081047004717,0.9852281360342515,1.9796263300525183,0.0,0.0,moderate_corridor_observation_concentration,network_and_physical_both_concentrated,0.0,False,False,False,True,False,"insufficient_minimum_mappable_segments,minimum_unique_probes,minimum_unique_probe_asns","minimum_mappable_segments,minimum_unique_probes,minimum_unique_probe_asns",2.0,1.0,0.0,1.0,probe_country_service
VN,M-Root,all_publicly_visible,5006,dns-root_m-root_msm5006_20260701T000000Z_010000Z.json,3.0,1.0,1.0,1.0,-0.0,0.0,1.0,severe_network_transition_concentration,0.3333333333333333,0.6666666666666666,0.7777777777777777,1.4648163848908131,0.9101415926479806,4.326748710922226,0.9101415926479806,-0.9101415926479806,broad_corridor_observation_distribution,network_concentrated_physical_broad,0.0,False,False,False,True,False,"insufficient_minimum_mappable_segments,minimum_unique_probes,minimum_unique_probe_asns","minimum_mappable_segments,minimum_unique_probes,minimum_unique_probe_asns",2.0,1.0,0.33333333333333326,0.6666666666666665,probe_country_service
VN,M-Root,resolved_entry_only,5006,dns-root_m-root_msm5006_20260701T000000Z_010000Z.json,3.0,1.0,1.0,1.0,-0.0,0.0,1.0,severe_network_transition_concentration,0.3333333333333333,0.6666666666666666,0.7777777777777777,1.4648163848908131,0.9101415926479806,4.326748710922226,0.9101415926479806,-0.9101415926479806,broad_corridor_observation_distribution,network_concentrated_physical_broad,0.0,False,False,False,True,False,"insufficient_minimum_mappable_segments,minimum_unique_probes,minimum_unique_probe_asns","minimum_mappable_segments,minimum_unique_probes,minimum_unique_probe_asns",2.0,1.0,0.33333333333333326,0.6666666666666665,probe_country_service
VU,M-Root,all_publicly_visible,5006,dns-root_m-root_msm5006_20260701T000000Z_010000Z.json,9.0,0.3333333333333333,0.5555555555555556,0.7777777777777777,1.3689223607402192,0.9874687506009635,3.9311120913133446,weak_network_transition_concentration,0.2222222222222222,0.4444444444444444,0.5555555555555556,1.8891591637540213,0.970835762725816,6.613805215240194,-0.016632987875147554,0.016632987875147554,broad_corridor_observation_distribution,network_and_physical_both_broad,0.4444444444444444,False,False,False,False,False,"insufficient_minimum_mappable_segments,minimum_unique_probes,minimum_unique_probe_asns,maximum_country_fallback_share","minimum_mappable_segments,minimum_unique_probes,minimum_unique_probe_asns,maximum_country_fallback_share",1.0,1.0,0.5555555555555556,0.4444444444444444,probe_country_service
VU,M-Root,resolved_entry_only,5006,dns-root_m-root_msm5006_20260701T000000Z_010000Z.json,9.0,0.3333333333333333,0.5555555555555556,0.7777777777777777,1.3689223607402192,0.9874687506009635,3.9311120913133446,weak_network_transition_concentration,0.2222222222222222,0.4444444444444444,0.5555555555555556,1.8891591637540213,0.970835762725816,6.613805215240194,-0.016632987875147554,0.016632987875147554,broad_corridor_observation_distribution,network_and_physical_both_broad,0.4444444444444444,False,False,False,False,False,"insufficient_minimum_mappable_segments,minimum_unique_probes,minimum_unique_probe_asns,maximum_country_fallback_share","minimum_mappable_segments,minimum_unique_probes,minimum_unique_probe_asns,maximum_country_fallback_share",1.0,1.0,0.5555555555555556,0.4444444444444444,probe_country_service
YE,M-Root,all_publicly_visible,,,0.0,,,,,,,,,,,,,,,,,unknown_cross_layer_distribution_class,,False,False,False,False,False,insufficient_no_inter_region_projection_segments,"minimum_mappable_segments,minimum_unique_probes,minimum_unique_probe_asns,maximum_country_fallback_share",0.0,0.0,,,probe_country_service
YE,M-Root,resolved_entry_only,,,0.0,,,,,,,,,,,,,,,,,unknown_cross_layer_distribution_class,,False,False,False,False,False,insufficient_no_inter_region_projection_segments,"minimum_mappable_segments,minimum_unique_probes,minimum_unique_probe_asns,maximum_country_fallback_share",0.0,0.0,,,probe_country_service
ZA,M-Root,all_publicly_visible,5006,dns-root_m-root_msm5006_20260701T000000Z_010000Z.json,133.0,0.45864661654135336,0.6917293233082706,0.7593984962406015,1.6961187767807606,0.707336469620448,5.45274295620173,broad_network_transition_distribution,0.3458646616541353,0.6917293233082706,0.744360902255639,1.7822660383182924,0.6753419178575119,5.943308936661881,-0.031994551762936196,0.031994551762936196,broad_corridor_observation_distribution,network_and_physical_both_broad,0.24812030075187969,True,True,True,True,True,auditable,,60.0,42.0,0.15037593984962405,0.849624060150376,probe_country_service
ZA,M-Root,resolved_entry_only,5006,dns-root_m-root_msm5006_20260701T000000Z_010000Z.json,133.0,0.45864661654135336,0.6917293233082706,0.7593984962406015,1.6961187767807606,0.707336469620448,5.45274295620173,broad_network_transition_distribution,0.3458646616541353,0.6917293233082706,0.744360902255639,1.7822660383182924,0.6753419178575119,5.943308936661881,-0.031994551762936196,0.031994551762936196,broad_corridor_observation_distribution,network_and_physical_both_broad,0.24812030075187969,True,True,True,True,True,auditable,,60.0,42.0,0.15037593984962405,0.849624060150376,probe_country_service
ZM,M-Root,all_publicly_visible,5006,dns-root_m-root_msm5006_20260701T000000Z_010000Z.json,2.0,1.0,1.0,1.0,-0.0,0.0,1.0,severe_network_transition_concentration,1.0,1.0,1.0,-0.0,0.0,1.0,0.0,0.0,severe_corridor_observation_concentration,network_and_physical_both_concentrated,1.0,False,False,False,False,False,"insufficient_minimum_mappable_segments,minimum_unique_probes,minimum_unique_probe_asns,maximum_country_fallback_share","minimum_mappable_segments,minimum_unique_probes,minimum_unique_probe_asns,maximum_country_fallback_share",1.0,1.0,1.0,0.0,probe_country_service
ZM,M-Root,resolved_entry_only,5006,dns-root_m-root_msm5006_20260701T000000Z_010000Z.json,2.0,1.0,1.0,1.0,-0.0,0.0,1.0,severe_network_transition_concentration,1.0,1.0,1.0,-0.0,0.0,1.0,0.0,0.0,severe_corridor_observation_concentration,network_and_physical_both_concentrated,1.0,False,False,False,False,False,"insufficient_minimum_mappable_segments,minimum_unique_probes,minimum_unique_probe_asns,maximum_country_fallback_share","minimum_mappable_segments,minimum_unique_probes,minimum_unique_probe_asns,maximum_country_fallback_share",1.0,1.0,1.0,0.0,probe_country_service
ZW,M-Root,all_publicly_visible,,,0.0,,,,,,,,,,,,,,,,,unknown_cross_layer_distribution_class,,False,False,False,False,False,insufficient_no_inter_region_projection_segments,"minimum_mappable_segments,minimum_unique_probes,minimum_unique_probe_asns,maximum_country_fallback_share",0.0,0.0,,,probe_country_service
ZW,M-Root,resolved_entry_only,,,0.0,,,,,,,,,,,,,,,,,unknown_cross_layer_distribution_class,,False,False,False,False,False,insufficient_no_inter_region_projection_segments,"minimum_mappable_segments,minimum_unique_probes,minimum_unique_probe_asns,maximum_country_fallback_share",0.0,0.0,,,probe_country_service
