probe_country,service_id,service_class,deployment_type,path_scope_stratum,total_valid_traces,mappable_traces,traces_with_feasible_submarine_corridor_candidates,submarine_candidate_exposure_rate,any_candidate_exposure_rate,inter_region_candidate_exposure_rate,domestic_inter_region_candidate_exposure_rate,international_inter_region_candidate_exposure_rate,intra_region_candidate_rate,submarine_exposed_traces,service_physical_exposure_rate,mappable_trace_rate,unique_probes,unique_probe_asns,unique_target_ips,unique_target_asns,service_entry_resolution_rate,sufficient_trace_observation,country_fallback_share,sufficient_network_transition_resolution,auditable_paper_case,observation_sufficiency_reason,failed_thresholds,country_geography_type,country_geography_classification_source,candidate_dependency_proxy_rate,candidate_dependency_proxy_rate_among_mappable_traces,candidate_dependency_proxy_tier,candidate_dependency_proxy_interpretation,total_mappable_segments,top1_corridor_share,top3_corridor_share,effective_corridor_count,corridor_concentration_tier,effective_network_transition_count,network_transition_concentration_tier,cross_layer_distribution_class
?,M-Root,dns_root,anycast,all_publicly_visible,2,2,0,0.0,0.0,0.0,0.0,0.0,0.0,0,0.0,1.0,1,1,1,1,1.0,False,,False,False,insufficient_no_inter_region_projection_segments,"minimum_mappable_segments,minimum_unique_probes,minimum_unique_probe_asns,maximum_country_fallback_share",unknown,unclassified_or_missing_country_code,0.0,0.0,no_observed_inter_region_candidate_exposure,descriptive inter-region feasible-corridor candidate exposure; not actual cable use or traffic dependency,0.0,,,,unknown_corridor_observation_concentration,,,unknown_cross_layer_distribution_class
?,M-Root,dns_root,anycast,resolved_entry_only,2,2,0,0.0,0.0,0.0,0.0,0.0,0.0,0,0.0,1.0,1,1,1,1,1.0,False,,False,False,insufficient_no_inter_region_projection_segments,"minimum_mappable_segments,minimum_unique_probes,minimum_unique_probe_asns,maximum_country_fallback_share",unknown,unclassified_or_missing_country_code,0.0,0.0,no_observed_inter_region_candidate_exposure,descriptive inter-region feasible-corridor candidate exposure; not actual cable use or traffic dependency,0.0,,,,unknown_corridor_observation_concentration,,,unknown_cross_layer_distribution_class
AD,M-Root,dns_root,anycast,all_publicly_visible,6,6,6,1.0,1.0,1.0,0.0,1.0,0.0,6,1.0,1.0,3,1,1,1,1.0,False,0.3333333333333333,False,False,"insufficient_minimum_mappable_segments,minimum_unique_probes,minimum_unique_probe_asns,maximum_country_fallback_share","minimum_mappable_segments,minimum_unique_probes,minimum_unique_probe_asns,maximum_country_fallback_share",landlocked,catalog_landlocked_list,1.0,1.0,very_high_candidate_dependency_proxy,descriptive inter-region feasible-corridor candidate exposure; not actual cable use or traffic dependency,6.0,1.0,1.0,1.0,severe_corridor_observation_concentration,1.8898815748423097,moderate_network_transition_concentration,network_and_physical_both_concentrated
AD,M-Root,dns_root,anycast,resolved_entry_only,6,6,6,1.0,1.0,1.0,0.0,1.0,0.0,6,1.0,1.0,3,1,1,1,1.0,False,0.3333333333333333,False,False,"insufficient_minimum_mappable_segments,minimum_unique_probes,minimum_unique_probe_asns,maximum_country_fallback_share","minimum_mappable_segments,minimum_unique_probes,minimum_unique_probe_asns,maximum_country_fallback_share",landlocked,catalog_landlocked_list,1.0,1.0,very_high_candidate_dependency_proxy,descriptive inter-region feasible-corridor candidate exposure; not actual cable use or traffic dependency,6.0,1.0,1.0,1.0,severe_corridor_observation_concentration,1.8898815748423097,moderate_network_transition_concentration,network_and_physical_both_concentrated
AE,M-Root,dns_root,anycast,all_publicly_visible,44,44,28,0.6363636363636364,0.6363636363636364,0.6363636363636364,0.6136363636363636,0.022727272727272728,0.5681818181818182,28,0.6363636363636364,1.0,22,14,1,1,1.0,True,0.7391304347826086,False,False,insufficient_maximum_country_fallback_share,maximum_country_fallback_share,coastal_mainland_or_mixed,catalog_default_alpha2_rule,0.6363636363636364,0.6363636363636364,very_high_candidate_dependency_proxy,descriptive inter-region feasible-corridor candidate exposure; not actual cable use or traffic dependency,46.0,0.9130434782608695,0.9782608695652173,1.4708635741142966,severe_corridor_observation_concentration,2.3637484310560253,moderate_network_transition_concentration,network_and_physical_both_concentrated
AE,M-Root,dns_root,anycast,resolved_entry_only,44,44,28,0.6363636363636364,0.6363636363636364,0.6363636363636364,0.6136363636363636,0.022727272727272728,0.5681818181818182,28,0.6363636363636364,1.0,22,14,1,1,1.0,True,0.7391304347826086,False,False,insufficient_maximum_country_fallback_share,maximum_country_fallback_share,coastal_mainland_or_mixed,catalog_default_alpha2_rule,0.6363636363636364,0.6363636363636364,very_high_candidate_dependency_proxy,descriptive inter-region feasible-corridor candidate exposure; not actual cable use or traffic dependency,46.0,0.9130434782608695,0.9782608695652173,1.4708635741142966,severe_corridor_observation_concentration,2.3637484310560253,moderate_network_transition_concentration,network_and_physical_both_concentrated
AF,M-Root,dns_root,anycast,all_publicly_visible,12,12,4,0.3333333333333333,0.3333333333333333,0.3333333333333333,0.16666666666666666,0.3333333333333333,0.16666666666666666,4,0.3333333333333333,1.0,6,2,1,1,1.0,False,1.0,False,False,"insufficient_minimum_mappable_segments,minimum_unique_probes,minimum_unique_probe_asns,maximum_country_fallback_share","minimum_mappable_segments,minimum_unique_probes,minimum_unique_probe_asns,maximum_country_fallback_share",landlocked,catalog_landlocked_list,0.3333333333333333,0.3333333333333333,very_high_candidate_dependency_proxy,descriptive inter-region feasible-corridor candidate exposure; not actual cable use or traffic dependency,6.0,0.6666666666666666,1.0,1.8898815748423097,moderate_corridor_observation_concentration,1.8898815748423097,moderate_network_transition_concentration,network_and_physical_both_concentrated
AF,M-Root,dns_root,anycast,resolved_entry_only,12,12,4,0.3333333333333333,0.3333333333333333,0.3333333333333333,0.16666666666666666,0.3333333333333333,0.16666666666666666,4,0.3333333333333333,1.0,6,2,1,1,1.0,False,1.0,False,False,"insufficient_minimum_mappable_segments,minimum_unique_probes,minimum_unique_probe_asns,maximum_country_fallback_share","minimum_mappable_segments,minimum_unique_probes,minimum_unique_probe_asns,maximum_country_fallback_share",landlocked,catalog_landlocked_list,0.3333333333333333,0.3333333333333333,very_high_candidate_dependency_proxy,descriptive inter-region feasible-corridor candidate exposure; not actual cable use or traffic dependency,6.0,0.6666666666666666,1.0,1.8898815748423097,moderate_corridor_observation_concentration,1.8898815748423097,moderate_network_transition_concentration,network_and_physical_both_concentrated
AL,M-Root,dns_root,anycast,all_publicly_visible,58,54,24,0.41379310344827586,0.41379310344827586,0.41379310344827586,0.06896551724137931,0.3620689655172414,0.06896551724137931,24,0.41379310344827586,0.9310344827586207,29,20,1,1,0.896551724137931,True,0.35294117647058826,False,False,insufficient_maximum_country_fallback_share,maximum_country_fallback_share,coastal_mainland_or_mixed,catalog_default_alpha2_rule,0.41379310344827586,0.4444444444444444,very_high_candidate_dependency_proxy,descriptive inter-region feasible-corridor candidate exposure; not actual cable use or traffic dependency,34.0,0.5588235294117647,0.9411764705882353,2.7289389366305694,moderate_corridor_observation_concentration,4.939110879170607,broad_network_transition_distribution,network_broad_physical_concentrated
AL,M-Root,dns_root,anycast,resolved_entry_only,52,52,24,0.46153846153846156,0.46153846153846156,0.46153846153846156,0.07692307692307693,0.40384615384615385,0.07692307692307693,24,0.46153846153846156,1.0,26,17,1,1,1.0,True,0.35294117647058826,False,False,insufficient_maximum_country_fallback_share,maximum_country_fallback_share,coastal_mainland_or_mixed,catalog_default_alpha2_rule,0.46153846153846156,0.46153846153846156,very_high_candidate_dependency_proxy,descriptive inter-region feasible-corridor candidate exposure; not actual cable use or traffic dependency,34.0,0.5588235294117647,0.9411764705882353,2.7289389366305694,moderate_corridor_observation_concentration,4.939110879170607,broad_network_transition_distribution,network_broad_physical_concentrated
AM,M-Root,dns_root,anycast,all_publicly_visible,42,41,0,0.0,0.0,0.0,0.0,0.0,0.0,0,0.0,0.9761904761904762,21,10,1,1,0.9761904761904762,True,,False,False,insufficient_no_inter_region_projection_segments,"minimum_mappable_segments,minimum_unique_probes,minimum_unique_probe_asns,maximum_country_fallback_share",landlocked,catalog_landlocked_list,0.0,0.0,no_observed_inter_region_candidate_exposure,descriptive inter-region feasible-corridor candidate exposure; not actual cable use or traffic dependency,0.0,,,,unknown_corridor_observation_concentration,,,unknown_cross_layer_distribution_class
AM,M-Root,dns_root,anycast,resolved_entry_only,41,41,0,0.0,0.0,0.0,0.0,0.0,0.0,0,0.0,1.0,21,10,1,1,1.0,True,,False,False,insufficient_no_inter_region_projection_segments,"minimum_mappable_segments,minimum_unique_probes,minimum_unique_probe_asns,maximum_country_fallback_share",landlocked,catalog_landlocked_list,0.0,0.0,no_observed_inter_region_candidate_exposure,descriptive inter-region feasible-corridor candidate exposure; not actual cable use or traffic dependency,0.0,,,,unknown_corridor_observation_concentration,,,unknown_cross_layer_distribution_class
AO,M-Root,dns_root,anycast,all_publicly_visible,24,24,2,0.08333333333333333,0.08333333333333333,0.08333333333333333,0.0,0.08333333333333333,0.041666666666666664,2,0.08333333333333333,1.0,12,5,1,1,1.0,False,0.0,True,False,"insufficient_minimum_mappable_segments,minimum_unique_probes,minimum_unique_probe_asns","minimum_mappable_segments,minimum_unique_probes,minimum_unique_probe_asns",coastal_mainland_or_mixed,catalog_default_alpha2_rule,0.08333333333333333,0.08333333333333333,moderate_candidate_dependency_proxy,descriptive inter-region feasible-corridor candidate exposure; not actual cable use or traffic dependency,2.0,1.0,1.0,1.0,severe_corridor_observation_concentration,1.0,severe_network_transition_concentration,network_and_physical_both_concentrated
AO,M-Root,dns_root,anycast,resolved_entry_only,24,24,2,0.08333333333333333,0.08333333333333333,0.08333333333333333,0.0,0.08333333333333333,0.041666666666666664,2,0.08333333333333333,1.0,12,5,1,1,1.0,False,0.0,True,False,"insufficient_minimum_mappable_segments,minimum_unique_probes,minimum_unique_probe_asns","minimum_mappable_segments,minimum_unique_probes,minimum_unique_probe_asns",coastal_mainland_or_mixed,catalog_default_alpha2_rule,0.08333333333333333,0.08333333333333333,moderate_candidate_dependency_proxy,descriptive inter-region feasible-corridor candidate exposure; not actual cable use or traffic dependency,2.0,1.0,1.0,1.0,severe_corridor_observation_concentration,1.0,severe_network_transition_concentration,network_and_physical_both_concentrated
AR,M-Root,dns_root,anycast,all_publicly_visible,113,109,0,0.0,0.0,0.0,0.0,0.0,0.0,0,0.0,0.9646017699115044,57,42,1,1,0.9646017699115044,True,,False,False,insufficient_no_inter_region_projection_segments,"minimum_mappable_segments,minimum_unique_probes,minimum_unique_probe_asns,maximum_country_fallback_share",coastal_mainland_or_mixed,catalog_default_alpha2_rule,0.0,0.0,no_observed_inter_region_candidate_exposure,descriptive inter-region feasible-corridor candidate exposure; not actual cable use or traffic dependency,0.0,,,,unknown_corridor_observation_concentration,,,unknown_cross_layer_distribution_class
AR,M-Root,dns_root,anycast,resolved_entry_only,109,109,0,0.0,0.0,0.0,0.0,0.0,0.0,0,0.0,1.0,55,41,1,1,1.0,True,,False,False,insufficient_no_inter_region_projection_segments,"minimum_mappable_segments,minimum_unique_probes,minimum_unique_probe_asns,maximum_country_fallback_share",coastal_mainland_or_mixed,catalog_default_alpha2_rule,0.0,0.0,no_observed_inter_region_candidate_exposure,descriptive inter-region feasible-corridor candidate exposure; not actual cable use or traffic dependency,0.0,,,,unknown_corridor_observation_concentration,,,unknown_cross_layer_distribution_class
AT,M-Root,dns_root,anycast,all_publicly_visible,448,438,0,0.0,0.013392857142857142,0.0,0.0,0.0,0.013392857142857142,0,0.0,0.9776785714285714,225,85,1,1,0.9598214285714286,True,,False,False,insufficient_no_inter_region_projection_segments,"minimum_mappable_segments,minimum_unique_probes,minimum_unique_probe_asns,maximum_country_fallback_share",landlocked,catalog_landlocked_list,0.0,0.0,no_observed_inter_region_candidate_exposure,descriptive inter-region feasible-corridor candidate exposure; not actual cable use or traffic dependency,0.0,,,,unknown_corridor_observation_concentration,,,unknown_cross_layer_distribution_class
AT,M-Root,dns_root,anycast,resolved_entry_only,430,430,0,0.0,0.013953488372093023,0.0,0.0,0.0,0.013953488372093023,0,0.0,1.0,216,81,1,1,1.0,True,,False,False,insufficient_no_inter_region_projection_segments,"minimum_mappable_segments,minimum_unique_probes,minimum_unique_probe_asns,maximum_country_fallback_share",landlocked,catalog_landlocked_list,0.0,0.0,no_observed_inter_region_candidate_exposure,descriptive inter-region feasible-corridor candidate exposure; not actual cable use or traffic dependency,0.0,,,,unknown_corridor_observation_concentration,,,unknown_cross_layer_distribution_class
AU,M-Root,dns_root,anycast,all_publicly_visible,560,513,150,0.26785714285714285,0.475,0.26785714285714285,0.2625,0.0625,0.34464285714285714,150,0.26785714285714285,0.9160714285714285,280,77,1,1,0.9160714285714285,True,0.31048387096774194,False,False,insufficient_maximum_country_fallback_share,maximum_country_fallback_share,coastal_mainland_or_mixed,catalog_default_alpha2_rule,0.26785714285714285,0.29239766081871343,high_candidate_dependency_proxy,descriptive inter-region feasible-corridor candidate exposure; not actual cable use or traffic dependency,248.0,0.43951612903225806,0.7620967741935484,4.621983548769007,broad_corridor_observation_distribution,7.985222989136382,broad_network_transition_distribution,network_and_physical_both_broad
AU,M-Root,dns_root,anycast,resolved_entry_only,513,513,150,0.29239766081871343,0.5185185185185185,0.29239766081871343,0.28654970760233917,0.0682261208576998,0.3762183235867446,150,0.29239766081871343,1.0,257,73,1,1,1.0,True,0.31048387096774194,False,False,insufficient_maximum_country_fallback_share,maximum_country_fallback_share,coastal_mainland_or_mixed,catalog_default_alpha2_rule,0.29239766081871343,0.29239766081871343,high_candidate_dependency_proxy,descriptive inter-region feasible-corridor candidate exposure; not actual cable use or traffic dependency,248.0,0.43951612903225806,0.7620967741935484,4.621983548769007,broad_corridor_observation_distribution,7.985222989136382,broad_network_transition_distribution,network_and_physical_both_broad
AX,M-Root,dns_root,anycast,all_publicly_visible,4,4,4,1.0,1.0,1.0,0.5,1.0,1.0,4,1.0,1.0,2,2,1,1,1.0,False,0.0,True,False,"insufficient_minimum_mappable_segments,minimum_unique_probes,minimum_unique_probe_asns","minimum_mappable_segments,minimum_unique_probes,minimum_unique_probe_asns",coastal_mainland_or_mixed,catalog_default_alpha2_rule,1.0,1.0,very_high_candidate_dependency_proxy,descriptive inter-region feasible-corridor candidate exposure; not actual cable use or traffic dependency,11.0,0.5454545454545454,0.9090909090909091,3.4264741428727947,weak_corridor_observation_concentration,3.6264430977659163,weak_network_transition_concentration,network_and_physical_both_concentrated
AX,M-Root,dns_root,anycast,resolved_entry_only,4,4,4,1.0,1.0,1.0,0.5,1.0,1.0,4,1.0,1.0,2,2,1,1,1.0,False,0.0,True,False,"insufficient_minimum_mappable_segments,minimum_unique_probes,minimum_unique_probe_asns","minimum_mappable_segments,minimum_unique_probes,minimum_unique_probe_asns",coastal_mainland_or_mixed,catalog_default_alpha2_rule,1.0,1.0,very_high_candidate_dependency_proxy,descriptive inter-region feasible-corridor candidate exposure; not actual cable use or traffic dependency,11.0,0.5454545454545454,0.9090909090909091,3.4264741428727947,weak_corridor_observation_concentration,3.6264430977659163,weak_network_transition_concentration,network_and_physical_both_concentrated
AZ,M-Root,dns_root,anycast,all_publicly_visible,18,14,0,0.0,0.0,0.0,0.0,0.0,0.0,0,0.0,0.7777777777777778,9,8,1,1,0.7777777777777778,False,,False,False,insufficient_no_inter_region_projection_segments,"minimum_mappable_segments,minimum_unique_probes,minimum_unique_probe_asns,maximum_country_fallback_share",landlocked,catalog_landlocked_list,0.0,0.0,no_observed_inter_region_candidate_exposure,descriptive inter-region feasible-corridor candidate exposure; not actual cable use or traffic dependency,0.0,,,,unknown_corridor_observation_concentration,,,unknown_cross_layer_distribution_class
AZ,M-Root,dns_root,anycast,resolved_entry_only,14,14,0,0.0,0.0,0.0,0.0,0.0,0.0,0,0.0,1.0,7,7,1,1,1.0,False,,False,False,insufficient_no_inter_region_projection_segments,"minimum_mappable_segments,minimum_unique_probes,minimum_unique_probe_asns,maximum_country_fallback_share",landlocked,catalog_landlocked_list,0.0,0.0,no_observed_inter_region_candidate_exposure,descriptive inter-region feasible-corridor candidate exposure; not actual cable use or traffic dependency,0.0,,,,unknown_corridor_observation_concentration,,,unknown_cross_layer_distribution_class
BA,M-Root,dns_root,anycast,all_publicly_visible,30,28,0,0.0,0.0,0.0,0.0,0.0,0.0,0,0.0,0.9333333333333333,15,7,1,1,0.9333333333333333,True,,False,False,insufficient_no_inter_region_projection_segments,"minimum_mappable_segments,minimum_unique_probes,minimum_unique_probe_asns,maximum_country_fallback_share",coastal_mainland_or_mixed,catalog_default_alpha2_rule,0.0,0.0,no_observed_inter_region_candidate_exposure,descriptive inter-region feasible-corridor candidate exposure; not actual cable use or traffic dependency,0.0,,,,unknown_corridor_observation_concentration,,,unknown_cross_layer_distribution_class
BA,M-Root,dns_root,anycast,resolved_entry_only,28,28,0,0.0,0.0,0.0,0.0,0.0,0.0,0,0.0,1.0,14,7,1,1,1.0,False,,False,False,insufficient_no_inter_region_projection_segments,"minimum_mappable_segments,minimum_unique_probes,minimum_unique_probe_asns,maximum_country_fallback_share",coastal_mainland_or_mixed,catalog_default_alpha2_rule,0.0,0.0,no_observed_inter_region_candidate_exposure,descriptive inter-region feasible-corridor candidate exposure; not actual cable use or traffic dependency,0.0,,,,unknown_corridor_observation_concentration,,,unknown_cross_layer_distribution_class
BB,M-Root,dns_root,anycast,all_publicly_visible,2,2,0,0.0,0.0,0.0,0.0,0.0,0.0,0,0.0,1.0,1,1,1,1,1.0,False,,False,False,insufficient_no_inter_region_projection_segments,"minimum_mappable_segments,minimum_unique_probes,minimum_unique_probe_asns,maximum_country_fallback_share",island_or_archipelagic,catalog_island_or_archipelagic_list,0.0,0.0,no_observed_inter_region_candidate_exposure,descriptive inter-region feasible-corridor candidate exposure; not actual cable use or traffic dependency,0.0,,,,unknown_corridor_observation_concentration,,,unknown_cross_layer_distribution_class
BB,M-Root,dns_root,anycast,resolved_entry_only,2,2,0,0.0,0.0,0.0,0.0,0.0,0.0,0,0.0,1.0,1,1,1,1,1.0,False,,False,False,insufficient_no_inter_region_projection_segments,"minimum_mappable_segments,minimum_unique_probes,minimum_unique_probe_asns,maximum_country_fallback_share",island_or_archipelagic,catalog_island_or_archipelagic_list,0.0,0.0,no_observed_inter_region_candidate_exposure,descriptive inter-region feasible-corridor candidate exposure; not actual cable use or traffic dependency,0.0,,,,unknown_corridor_observation_concentration,,,unknown_cross_layer_distribution_class
BD,M-Root,dns_root,anycast,all_publicly_visible,22,22,0,0.0,0.0,0.0,0.0,0.0,0.0,0,0.0,1.0,11,7,1,1,1.0,False,,False,False,insufficient_no_inter_region_projection_segments,"minimum_mappable_segments,minimum_unique_probes,minimum_unique_probe_asns,maximum_country_fallback_share",coastal_mainland_or_mixed,catalog_default_alpha2_rule,0.0,0.0,no_observed_inter_region_candidate_exposure,descriptive inter-region feasible-corridor candidate exposure; not actual cable use or traffic dependency,0.0,,,,unknown_corridor_observation_concentration,,,unknown_cross_layer_distribution_class
BD,M-Root,dns_root,anycast,resolved_entry_only,22,22,0,0.0,0.0,0.0,0.0,0.0,0.0,0,0.0,1.0,11,7,1,1,1.0,False,,False,False,insufficient_no_inter_region_projection_segments,"minimum_mappable_segments,minimum_unique_probes,minimum_unique_probe_asns,maximum_country_fallback_share",coastal_mainland_or_mixed,catalog_default_alpha2_rule,0.0,0.0,no_observed_inter_region_candidate_exposure,descriptive inter-region feasible-corridor candidate exposure; not actual cable use or traffic dependency,0.0,,,,unknown_corridor_observation_concentration,,,unknown_cross_layer_distribution_class
BE,M-Root,dns_root,anycast,all_publicly_visible,322,316,24,0.07453416149068323,0.07453416149068323,0.07453416149068323,0.06832298136645963,0.034161490683229816,0.06832298136645963,24,0.07453416149068323,0.9813664596273292,160,28,1,1,0.9813664596273292,True,0.0,True,False,insufficient_minimum_unique_probe_asns,minimum_unique_probe_asns,coastal_mainland_or_mixed,catalog_default_alpha2_rule,0.07453416149068323,0.0759493670886076,moderate_candidate_dependency_proxy,descriptive inter-region feasible-corridor candidate exposure; not actual cable use or traffic dependency,69.0,0.8405797101449275,1.0,1.7318826620094936,severe_corridor_observation_concentration,3.308390114707748,weak_network_transition_concentration,network_broad_physical_concentrated
BE,M-Root,dns_root,anycast,resolved_entry_only,316,316,24,0.0759493670886076,0.0759493670886076,0.0759493670886076,0.06962025316455696,0.03481012658227848,0.06962025316455696,24,0.0759493670886076,1.0,158,28,1,1,1.0,True,0.0,True,False,insufficient_minimum_unique_probe_asns,minimum_unique_probe_asns,coastal_mainland_or_mixed,catalog_default_alpha2_rule,0.0759493670886076,0.0759493670886076,moderate_candidate_dependency_proxy,descriptive inter-region feasible-corridor candidate exposure; not actual cable use or traffic dependency,69.0,0.8405797101449275,1.0,1.7318826620094936,severe_corridor_observation_concentration,3.308390114707748,weak_network_transition_concentration,network_broad_physical_concentrated
BF,M-Root,dns_root,anycast,all_publicly_visible,9,7,0,0.0,0.0,0.0,0.0,0.0,0.0,0,0.0,0.7777777777777778,5,4,1,1,0.7777777777777778,False,,False,False,insufficient_no_inter_region_projection_segments,"minimum_mappable_segments,minimum_unique_probes,minimum_unique_probe_asns,maximum_country_fallback_share",landlocked,catalog_landlocked_list,0.0,0.0,no_observed_inter_region_candidate_exposure,descriptive inter-region feasible-corridor candidate exposure; not actual cable use or traffic dependency,0.0,,,,unknown_corridor_observation_concentration,,,unknown_cross_layer_distribution_class
BF,M-Root,dns_root,anycast,resolved_entry_only,7,7,0,0.0,0.0,0.0,0.0,0.0,0.0,0,0.0,1.0,4,3,1,1,1.0,False,,False,False,insufficient_no_inter_region_projection_segments,"minimum_mappable_segments,minimum_unique_probes,minimum_unique_probe_asns,maximum_country_fallback_share",landlocked,catalog_landlocked_list,0.0,0.0,no_observed_inter_region_candidate_exposure,descriptive inter-region feasible-corridor candidate exposure; not actual cable use or traffic dependency,0.0,,,,unknown_corridor_observation_concentration,,,unknown_cross_layer_distribution_class
BG,M-Root,dns_root,anycast,all_publicly_visible,180,178,2,0.011111111111111112,0.022222222222222223,0.011111111111111112,0.0,0.011111111111111112,0.011111111111111112,2,0.011111111111111112,0.9888888888888889,90,50,1,1,0.9777777777777777,True,0.0,True,False,"insufficient_minimum_mappable_segments,minimum_unique_probes,minimum_unique_probe_asns","minimum_mappable_segments,minimum_unique_probes,minimum_unique_probe_asns",coastal_mainland_or_mixed,catalog_default_alpha2_rule,0.011111111111111112,0.011235955056179775,low_candidate_dependency_proxy,descriptive inter-region feasible-corridor candidate exposure; not actual cable use or traffic dependency,2.0,0.5,1.0,2.0,moderate_corridor_observation_concentration,1.0,severe_network_transition_concentration,network_and_physical_both_concentrated
BG,M-Root,dns_root,anycast,resolved_entry_only,176,176,2,0.011363636363636364,0.022727272727272728,0.011363636363636364,0.0,0.011363636363636364,0.011363636363636364,2,0.011363636363636364,1.0,88,49,1,1,1.0,True,0.0,True,False,"insufficient_minimum_mappable_segments,minimum_unique_probes,minimum_unique_probe_asns","minimum_mappable_segments,minimum_unique_probes,minimum_unique_probe_asns",coastal_mainland_or_mixed,catalog_default_alpha2_rule,0.011363636363636364,0.011363636363636364,low_candidate_dependency_proxy,descriptive inter-region feasible-corridor candidate exposure; not actual cable use or traffic dependency,2.0,0.5,1.0,2.0,moderate_corridor_observation_concentration,1.0,severe_network_transition_concentration,network_and_physical_both_concentrated
BH,M-Root,dns_root,anycast,all_publicly_visible,12,12,7,0.5833333333333334,0.5833333333333334,0.5833333333333334,0.3333333333333333,0.5,0.16666666666666666,7,0.5833333333333334,1.0,6,3,1,1,1.0,False,0.0,True,False,"insufficient_minimum_mappable_segments,minimum_unique_probes","minimum_mappable_segments,minimum_unique_probes",island_or_archipelagic,catalog_island_or_archipelagic_list,0.5833333333333334,0.5833333333333334,very_high_candidate_dependency_proxy,descriptive inter-region feasible-corridor candidate exposure; not actual cable use or traffic dependency,10.0,0.6,1.0,1.9601317042077895,moderate_corridor_observation_concentration,2.568567607415555,moderate_network_transition_concentration,network_and_physical_both_concentrated
BH,M-Root,dns_root,anycast,resolved_entry_only,12,12,7,0.5833333333333334,0.5833333333333334,0.5833333333333334,0.3333333333333333,0.5,0.16666666666666666,7,0.5833333333333334,1.0,6,3,1,1,1.0,False,0.0,True,False,"insufficient_minimum_mappable_segments,minimum_unique_probes","minimum_mappable_segments,minimum_unique_probes",island_or_archipelagic,catalog_island_or_archipelagic_list,0.5833333333333334,0.5833333333333334,very_high_candidate_dependency_proxy,descriptive inter-region feasible-corridor candidate exposure; not actual cable use or traffic dependency,10.0,0.6,1.0,1.9601317042077895,moderate_corridor_observation_concentration,2.568567607415555,moderate_network_transition_concentration,network_and_physical_both_concentrated
BI,M-Root,dns_root,anycast,all_publicly_visible,2,2,0,0.0,0.0,0.0,0.0,0.0,0.0,0,0.0,1.0,1,1,1,1,1.0,False,,False,False,insufficient_no_inter_region_projection_segments,"minimum_mappable_segments,minimum_unique_probes,minimum_unique_probe_asns,maximum_country_fallback_share",landlocked,catalog_landlocked_list,0.0,0.0,no_observed_inter_region_candidate_exposure,descriptive inter-region feasible-corridor candidate exposure; not actual cable use or traffic dependency,0.0,,,,unknown_corridor_observation_concentration,,,unknown_cross_layer_distribution_class
BI,M-Root,dns_root,anycast,resolved_entry_only,2,2,0,0.0,0.0,0.0,0.0,0.0,0.0,0,0.0,1.0,1,1,1,1,1.0,False,,False,False,insufficient_no_inter_region_projection_segments,"minimum_mappable_segments,minimum_unique_probes,minimum_unique_probe_asns,maximum_country_fallback_share",landlocked,catalog_landlocked_list,0.0,0.0,no_observed_inter_region_candidate_exposure,descriptive inter-region feasible-corridor candidate exposure; not actual cable use or traffic dependency,0.0,,,,unknown_corridor_observation_concentration,,,unknown_cross_layer_distribution_class
BJ,M-Root,dns_root,anycast,all_publicly_visible,20,20,10,0.5,0.5,0.5,0.0,0.5,0.0,10,0.5,1.0,10,5,1,1,1.0,False,0.0,True,False,"insufficient_minimum_mappable_segments,minimum_unique_probes,minimum_unique_probe_asns","minimum_mappable_segments,minimum_unique_probes,minimum_unique_probe_asns",coastal_mainland_or_mixed,catalog_default_alpha2_rule,0.5,0.5,very_high_candidate_dependency_proxy,descriptive inter-region feasible-corridor candidate exposure; not actual cable use or traffic dependency,15.0,0.4,1.0,2.971004096610006,weak_corridor_observation_concentration,1.9601317042077895,moderate_network_transition_concentration,network_and_physical_both_concentrated
BJ,M-Root,dns_root,anycast,resolved_entry_only,20,20,10,0.5,0.5,0.5,0.0,0.5,0.0,10,0.5,1.0,10,5,1,1,1.0,False,0.0,True,False,"insufficient_minimum_mappable_segments,minimum_unique_probes,minimum_unique_probe_asns","minimum_mappable_segments,minimum_unique_probes,minimum_unique_probe_asns",coastal_mainland_or_mixed,catalog_default_alpha2_rule,0.5,0.5,very_high_candidate_dependency_proxy,descriptive inter-region feasible-corridor candidate exposure; not actual cable use or traffic dependency,15.0,0.4,1.0,2.971004096610006,weak_corridor_observation_concentration,1.9601317042077895,moderate_network_transition_concentration,network_and_physical_both_concentrated
BL,M-Root,dns_root,anycast,all_publicly_visible,2,2,0,0.0,0.0,0.0,0.0,0.0,0.0,0,0.0,1.0,1,1,1,1,1.0,False,,False,False,insufficient_no_inter_region_projection_segments,"minimum_mappable_segments,minimum_unique_probes,minimum_unique_probe_asns,maximum_country_fallback_share",island_or_archipelagic,catalog_island_or_archipelagic_list,0.0,0.0,no_observed_inter_region_candidate_exposure,descriptive inter-region feasible-corridor candidate exposure; not actual cable use or traffic dependency,0.0,,,,unknown_corridor_observation_concentration,,,unknown_cross_layer_distribution_class
BL,M-Root,dns_root,anycast,resolved_entry_only,2,2,0,0.0,0.0,0.0,0.0,0.0,0.0,0,0.0,1.0,1,1,1,1,1.0,False,,False,False,insufficient_no_inter_region_projection_segments,"minimum_mappable_segments,minimum_unique_probes,minimum_unique_probe_asns,maximum_country_fallback_share",island_or_archipelagic,catalog_island_or_archipelagic_list,0.0,0.0,no_observed_inter_region_candidate_exposure,descriptive inter-region feasible-corridor candidate exposure; not actual cable use or traffic dependency,0.0,,,,unknown_corridor_observation_concentration,,,unknown_cross_layer_distribution_class
BO,M-Root,dns_root,anycast,all_publicly_visible,36,36,0,0.0,0.0,0.0,0.0,0.0,0.0,0,0.0,1.0,18,8,1,1,1.0,True,,False,False,insufficient_no_inter_region_projection_segments,"minimum_mappable_segments,minimum_unique_probes,minimum_unique_probe_asns,maximum_country_fallback_share",landlocked,catalog_landlocked_list,0.0,0.0,no_observed_inter_region_candidate_exposure,descriptive inter-region feasible-corridor candidate exposure; not actual cable use or traffic dependency,0.0,,,,unknown_corridor_observation_concentration,,,unknown_cross_layer_distribution_class
BO,M-Root,dns_root,anycast,resolved_entry_only,36,36,0,0.0,0.0,0.0,0.0,0.0,0.0,0,0.0,1.0,18,8,1,1,1.0,True,,False,False,insufficient_no_inter_region_projection_segments,"minimum_mappable_segments,minimum_unique_probes,minimum_unique_probe_asns,maximum_country_fallback_share",landlocked,catalog_landlocked_list,0.0,0.0,no_observed_inter_region_candidate_exposure,descriptive inter-region feasible-corridor candidate exposure; not actual cable use or traffic dependency,0.0,,,,unknown_corridor_observation_concentration,,,unknown_cross_layer_distribution_class
BR,M-Root,dns_root,anycast,all_publicly_visible,217,193,0,0.0,0.0,0.0,0.0,0.0,0.0,0,0.0,0.8894009216589862,109,70,1,1,0.8248847926267281,True,,False,False,insufficient_no_inter_region_projection_segments,"minimum_mappable_segments,minimum_unique_probes,minimum_unique_probe_asns,maximum_country_fallback_share",coastal_mainland_or_mixed,catalog_default_alpha2_rule,0.0,0.0,no_observed_inter_region_candidate_exposure,descriptive inter-region feasible-corridor candidate exposure; not actual cable use or traffic dependency,0.0,,,,unknown_corridor_observation_concentration,,,unknown_cross_layer_distribution_class
BR,M-Root,dns_root,anycast,resolved_entry_only,179,179,0,0.0,0.0,0.0,0.0,0.0,0.0,0,0.0,1.0,90,62,1,1,1.0,True,,False,False,insufficient_no_inter_region_projection_segments,"minimum_mappable_segments,minimum_unique_probes,minimum_unique_probe_asns,maximum_country_fallback_share",coastal_mainland_or_mixed,catalog_default_alpha2_rule,0.0,0.0,no_observed_inter_region_candidate_exposure,descriptive inter-region feasible-corridor candidate exposure; not actual cable use or traffic dependency,0.0,,,,unknown_corridor_observation_concentration,,,unknown_cross_layer_distribution_class
BT,M-Root,dns_root,anycast,all_publicly_visible,4,2,2,0.5,0.5,0.5,0.5,0.0,0.5,2,0.5,0.5,2,2,1,1,0.5,False,1.0,False,False,"insufficient_minimum_mappable_segments,minimum_unique_probes,minimum_unique_probe_asns,maximum_country_fallback_share","minimum_mappable_segments,minimum_unique_probes,minimum_unique_probe_asns,maximum_country_fallback_share",landlocked,catalog_landlocked_list,0.5,1.0,very_high_candidate_dependency_proxy,descriptive inter-region feasible-corridor candidate exposure; not actual cable use or traffic dependency,3.0,1.0,1.0,1.0,severe_corridor_observation_concentration,1.0,severe_network_transition_concentration,network_and_physical_both_concentrated
BT,M-Root,dns_root,anycast,resolved_entry_only,2,2,2,1.0,1.0,1.0,1.0,0.0,1.0,2,1.0,1.0,1,1,1,1,1.0,False,1.0,False,False,"insufficient_minimum_mappable_segments,minimum_unique_probes,minimum_unique_probe_asns,maximum_country_fallback_share","minimum_mappable_segments,minimum_unique_probes,minimum_unique_probe_asns,maximum_country_fallback_share",landlocked,catalog_landlocked_list,1.0,1.0,very_high_candidate_dependency_proxy,descriptive inter-region feasible-corridor candidate exposure; not actual cable use or traffic dependency,3.0,1.0,1.0,1.0,severe_corridor_observation_concentration,1.0,severe_network_transition_concentration,network_and_physical_both_concentrated
BW,M-Root,dns_root,anycast,all_publicly_visible,2,2,2,1.0,1.0,1.0,0.0,1.0,0.0,2,1.0,1.0,1,1,1,1,1.0,False,0.0,True,False,"insufficient_minimum_mappable_segments,minimum_unique_probes,minimum_unique_probe_asns","minimum_mappable_segments,minimum_unique_probes,minimum_unique_probe_asns",landlocked,catalog_landlocked_list,1.0,1.0,very_high_candidate_dependency_proxy,descriptive inter-region feasible-corridor candidate exposure; not actual cable use or traffic dependency,2.0,1.0,1.0,1.0,severe_corridor_observation_concentration,1.0,severe_network_transition_concentration,network_and_physical_both_concentrated
BW,M-Root,dns_root,anycast,resolved_entry_only,2,2,2,1.0,1.0,1.0,0.0,1.0,0.0,2,1.0,1.0,1,1,1,1,1.0,False,0.0,True,False,"insufficient_minimum_mappable_segments,minimum_unique_probes,minimum_unique_probe_asns","minimum_mappable_segments,minimum_unique_probes,minimum_unique_probe_asns",landlocked,catalog_landlocked_list,1.0,1.0,very_high_candidate_dependency_proxy,descriptive inter-region feasible-corridor candidate exposure; not actual cable use or traffic dependency,2.0,1.0,1.0,1.0,severe_corridor_observation_concentration,1.0,severe_network_transition_concentration,network_and_physical_both_concentrated
BY,M-Root,dns_root,anycast,all_publicly_visible,54,54,0,0.0,0.0,0.0,0.0,0.0,0.0,0,0.0,1.0,27,14,1,1,1.0,True,,False,False,insufficient_no_inter_region_projection_segments,"minimum_mappable_segments,minimum_unique_probes,minimum_unique_probe_asns,maximum_country_fallback_share",landlocked,catalog_landlocked_list,0.0,0.0,no_observed_inter_region_candidate_exposure,descriptive inter-region feasible-corridor candidate exposure; not actual cable use or traffic dependency,0.0,,,,unknown_corridor_observation_concentration,,,unknown_cross_layer_distribution_class
BY,M-Root,dns_root,anycast,resolved_entry_only,54,54,0,0.0,0.0,0.0,0.0,0.0,0.0,0,0.0,1.0,27,14,1,1,1.0,True,,False,False,insufficient_no_inter_region_projection_segments,"minimum_mappable_segments,minimum_unique_probes,minimum_unique_probe_asns,maximum_country_fallback_share",landlocked,catalog_landlocked_list,0.0,0.0,no_observed_inter_region_candidate_exposure,descriptive inter-region feasible-corridor candidate exposure; not actual cable use or traffic dependency,0.0,,,,unknown_corridor_observation_concentration,,,unknown_cross_layer_distribution_class
CA,M-Root,dns_root,anycast,all_publicly_visible,620,597,159,0.2564516129032258,0.25967741935483873,0.2564516129032258,0.2403225806451613,0.17903225806451614,0.1870967741935484,159,0.2564516129032258,0.9629032258064516,311,95,1,1,0.9532258064516129,True,0.1988071570576541,True,True,auditable,,coastal_mainland_or_mixed,catalog_default_alpha2_rule,0.2564516129032258,0.2663316582914573,high_candidate_dependency_proxy,descriptive inter-region feasible-corridor candidate exposure; not actual cable use or traffic dependency,503.0,0.6544731610337973,0.9666003976143142,2.478361199247195,moderate_corridor_observation_concentration,9.524007840367323,broad_network_transition_distribution,network_broad_physical_concentrated
CA,M-Root,dns_root,anycast,resolved_entry_only,591,591,157,0.2656514382402707,0.26903553299492383,0.2656514382402707,0.24873096446700507,0.18781725888324874,0.19289340101522842,157,0.2656514382402707,1.0,298,91,1,1,1.0,True,0.196,True,True,auditable,,coastal_mainland_or_mixed,catalog_default_alpha2_rule,0.2656514382402707,0.2656514382402707,high_candidate_dependency_proxy,descriptive inter-region feasible-corridor candidate exposure; not actual cable use or traffic dependency,500.0,0.6524000000000001,0.9664000000000001,2.485540343307644,moderate_corridor_observation_concentration,9.534060810014894,broad_network_transition_distribution,network_broad_physical_concentrated
CD,M-Root,dns_root,anycast,all_publicly_visible,6,6,3,0.5,0.6666666666666666,0.5,0.3333333333333333,0.5,0.3333333333333333,3,0.5,1.0,3,3,1,1,1.0,False,0.0,True,False,"insufficient_minimum_mappable_segments,minimum_unique_probes,minimum_unique_probe_asns","minimum_mappable_segments,minimum_unique_probes,minimum_unique_probe_asns",coastal_mainland_or_mixed,catalog_default_alpha2_rule,0.5,0.5,very_high_candidate_dependency_proxy,descriptive inter-region feasible-corridor candidate exposure; not actual cable use or traffic dependency,5.0,0.4,1.0,2.8717458874925876,moderate_corridor_observation_concentration,1.6493848884661177,severe_network_transition_concentration,network_and_physical_both_concentrated
CD,M-Root,dns_root,anycast,resolved_entry_only,6,6,3,0.5,0.6666666666666666,0.5,0.3333333333333333,0.5,0.3333333333333333,3,0.5,1.0,3,3,1,1,1.0,False,0.0,True,False,"insufficient_minimum_mappable_segments,minimum_unique_probes,minimum_unique_probe_asns","minimum_mappable_segments,minimum_unique_probes,minimum_unique_probe_asns",coastal_mainland_or_mixed,catalog_default_alpha2_rule,0.5,0.5,very_high_candidate_dependency_proxy,descriptive inter-region feasible-corridor candidate exposure; not actual cable use or traffic dependency,5.0,0.4,1.0,2.8717458874925876,moderate_corridor_observation_concentration,1.6493848884661177,severe_network_transition_concentration,network_and_physical_both_concentrated
CG,M-Root,dns_root,anycast,all_publicly_visible,6,6,0,0.0,0.0,0.0,0.0,0.0,0.0,0,0.0,1.0,3,2,1,1,1.0,False,,False,False,insufficient_no_inter_region_projection_segments,"minimum_mappable_segments,minimum_unique_probes,minimum_unique_probe_asns,maximum_country_fallback_share",coastal_mainland_or_mixed,catalog_default_alpha2_rule,0.0,0.0,no_observed_inter_region_candidate_exposure,descriptive inter-region feasible-corridor candidate exposure; not actual cable use or traffic dependency,0.0,,,,unknown_corridor_observation_concentration,,,unknown_cross_layer_distribution_class
CG,M-Root,dns_root,anycast,resolved_entry_only,6,6,0,0.0,0.0,0.0,0.0,0.0,0.0,0,0.0,1.0,3,2,1,1,1.0,False,,False,False,insufficient_no_inter_region_projection_segments,"minimum_mappable_segments,minimum_unique_probes,minimum_unique_probe_asns,maximum_country_fallback_share",coastal_mainland_or_mixed,catalog_default_alpha2_rule,0.0,0.0,no_observed_inter_region_candidate_exposure,descriptive inter-region feasible-corridor candidate exposure; not actual cable use or traffic dependency,0.0,,,,unknown_corridor_observation_concentration,,,unknown_cross_layer_distribution_class
CH,M-Root,dns_root,anycast,all_publicly_visible,679,651,4,0.005891016200294551,0.053019145802650956,0.005891016200294551,0.0,0.005891016200294551,0.047128129602356406,4,0.005891016200294551,0.9587628865979382,340,86,1,1,0.946980854197349,True,0.0,True,False,"insufficient_minimum_mappable_segments,minimum_unique_probes,minimum_unique_probe_asns","minimum_mappable_segments,minimum_unique_probes,minimum_unique_probe_asns",landlocked,catalog_landlocked_list,0.005891016200294551,0.006144393241167435,low_candidate_dependency_proxy,descriptive inter-region feasible-corridor candidate exposure; not actual cable use or traffic dependency,4.0,0.5,1.0,2.0,moderate_corridor_observation_concentration,1.0,severe_network_transition_concentration,network_and_physical_both_concentrated
CH,M-Root,dns_root,anycast,resolved_entry_only,643,643,4,0.006220839813374806,0.05287713841368585,0.006220839813374806,0.0,0.006220839813374806,0.04665629860031104,4,0.006220839813374806,1.0,322,83,1,1,1.0,True,0.0,True,False,"insufficient_minimum_mappable_segments,minimum_unique_probes,minimum_unique_probe_asns","minimum_mappable_segments,minimum_unique_probes,minimum_unique_probe_asns",landlocked,catalog_landlocked_list,0.006220839813374806,0.006220839813374806,low_candidate_dependency_proxy,descriptive inter-region feasible-corridor candidate exposure; not actual cable use or traffic dependency,4.0,0.5,1.0,2.0,moderate_corridor_observation_concentration,1.0,severe_network_transition_concentration,network_and_physical_both_concentrated
CI,M-Root,dns_root,anycast,all_publicly_visible,4,4,2,0.5,1.0,0.5,0.0,0.5,0.5,2,0.5,1.0,2,2,1,1,1.0,False,0.0,True,False,"insufficient_minimum_mappable_segments,minimum_unique_probes,minimum_unique_probe_asns","minimum_mappable_segments,minimum_unique_probes,minimum_unique_probe_asns",coastal_mainland_or_mixed,catalog_default_alpha2_rule,0.5,0.5,very_high_candidate_dependency_proxy,descriptive inter-region feasible-corridor candidate exposure; not actual cable use or traffic dependency,2.0,1.0,1.0,1.0,severe_corridor_observation_concentration,1.0,severe_network_transition_concentration,network_and_physical_both_concentrated
CI,M-Root,dns_root,anycast,resolved_entry_only,4,4,2,0.5,1.0,0.5,0.0,0.5,0.5,2,0.5,1.0,2,2,1,1,1.0,False,0.0,True,False,"insufficient_minimum_mappable_segments,minimum_unique_probes,minimum_unique_probe_asns","minimum_mappable_segments,minimum_unique_probes,minimum_unique_probe_asns",coastal_mainland_or_mixed,catalog_default_alpha2_rule,0.5,0.5,very_high_candidate_dependency_proxy,descriptive inter-region feasible-corridor candidate exposure; not actual cable use or traffic dependency,2.0,1.0,1.0,1.0,severe_corridor_observation_concentration,1.0,severe_network_transition_concentration,network_and_physical_both_concentrated
CK,M-Root,dns_root,anycast,all_publicly_visible,2,2,0,0.0,1.0,0.0,0.0,0.0,1.0,0,0.0,1.0,1,1,1,1,1.0,False,,False,False,insufficient_no_inter_region_projection_segments,"minimum_mappable_segments,minimum_unique_probes,minimum_unique_probe_asns,maximum_country_fallback_share",island_or_archipelagic,catalog_island_or_archipelagic_list,0.0,0.0,no_observed_inter_region_candidate_exposure,descriptive inter-region feasible-corridor candidate exposure; not actual cable use or traffic dependency,0.0,,,,unknown_corridor_observation_concentration,,,unknown_cross_layer_distribution_class
CK,M-Root,dns_root,anycast,resolved_entry_only,2,2,0,0.0,1.0,0.0,0.0,0.0,1.0,0,0.0,1.0,1,1,1,1,1.0,False,,False,False,insufficient_no_inter_region_projection_segments,"minimum_mappable_segments,minimum_unique_probes,minimum_unique_probe_asns,maximum_country_fallback_share",island_or_archipelagic,catalog_island_or_archipelagic_list,0.0,0.0,no_observed_inter_region_candidate_exposure,descriptive inter-region feasible-corridor candidate exposure; not actual cable use or traffic dependency,0.0,,,,unknown_corridor_observation_concentration,,,unknown_cross_layer_distribution_class
CL,M-Root,dns_root,anycast,all_publicly_visible,176,174,1,0.005681818181818182,0.005681818181818182,0.005681818181818182,0.0,0.005681818181818182,0.0,1,0.005681818181818182,0.9886363636363636,87,37,1,1,0.9772727272727273,True,0.0,True,False,"insufficient_minimum_mappable_segments,minimum_unique_probes,minimum_unique_probe_asns","minimum_mappable_segments,minimum_unique_probes,minimum_unique_probe_asns",coastal_mainland_or_mixed,catalog_default_alpha2_rule,0.005681818181818182,0.005747126436781609,low_candidate_dependency_proxy,descriptive inter-region feasible-corridor candidate exposure; not actual cable use or traffic dependency,1.0,1.0,1.0,1.0,severe_corridor_observation_concentration,1.0,severe_network_transition_concentration,network_and_physical_both_concentrated
CL,M-Root,dns_root,anycast,resolved_entry_only,172,172,1,0.005813953488372093,0.005813953488372093,0.005813953488372093,0.0,0.005813953488372093,0.0,1,0.005813953488372093,1.0,85,36,1,1,1.0,True,0.0,True,False,"insufficient_minimum_mappable_segments,minimum_unique_probes,minimum_unique_probe_asns","minimum_mappable_segments,minimum_unique_probes,minimum_unique_probe_asns",coastal_mainland_or_mixed,catalog_default_alpha2_rule,0.005813953488372093,0.005813953488372093,low_candidate_dependency_proxy,descriptive inter-region feasible-corridor candidate exposure; not actual cable use or traffic dependency,1.0,1.0,1.0,1.0,severe_corridor_observation_concentration,1.0,severe_network_transition_concentration,network_and_physical_both_concentrated
CM,M-Root,dns_root,anycast,all_publicly_visible,4,4,2,0.5,0.5,0.5,0.0,0.5,0.0,2,0.5,1.0,2,2,1,1,1.0,False,0.0,True,False,"insufficient_minimum_mappable_segments,minimum_unique_probes,minimum_unique_probe_asns","minimum_mappable_segments,minimum_unique_probes,minimum_unique_probe_asns",coastal_mainland_or_mixed,catalog_default_alpha2_rule,0.5,0.5,very_high_candidate_dependency_proxy,descriptive inter-region feasible-corridor candidate exposure; not actual cable use or traffic dependency,2.0,1.0,1.0,1.0,severe_corridor_observation_concentration,1.0,severe_network_transition_concentration,network_and_physical_both_concentrated
CM,M-Root,dns_root,anycast,resolved_entry_only,4,4,2,0.5,0.5,0.5,0.0,0.5,0.0,2,0.5,1.0,2,2,1,1,1.0,False,0.0,True,False,"insufficient_minimum_mappable_segments,minimum_unique_probes,minimum_unique_probe_asns","minimum_mappable_segments,minimum_unique_probes,minimum_unique_probe_asns",coastal_mainland_or_mixed,catalog_default_alpha2_rule,0.5,0.5,very_high_candidate_dependency_proxy,descriptive inter-region feasible-corridor candidate exposure; not actual cable use or traffic dependency,2.0,1.0,1.0,1.0,severe_corridor_observation_concentration,1.0,severe_network_transition_concentration,network_and_physical_both_concentrated
CN,M-Root,dns_root,anycast,all_publicly_visible,158,149,7,0.04430379746835443,0.1518987341772152,0.04430379746835443,0.04430379746835443,0.0,0.13291139240506328,7,0.04430379746835443,0.9430379746835443,79,27,1,1,0.930379746835443,True,0.5555555555555556,False,False,"insufficient_minimum_mappable_segments,minimum_unique_probes,maximum_country_fallback_share","minimum_mappable_segments,minimum_unique_probes,maximum_country_fallback_share",coastal_mainland_or_mixed,catalog_default_alpha2_rule,0.04430379746835443,0.04697986577181208,low_candidate_dependency_proxy,descriptive inter-region feasible-corridor candidate exposure; not actual cable use or traffic dependency,9.0,0.4444444444444444,1.0,2.6246903390462624,moderate_corridor_observation_concentration,4.860268825015377,broad_network_transition_distribution,network_broad_physical_concentrated
CN,M-Root,dns_root,anycast,resolved_entry_only,147,147,7,0.047619047619047616,0.16326530612244897,0.047619047619047616,0.047619047619047616,0.0,0.14285714285714285,7,0.047619047619047616,1.0,74,26,1,1,1.0,True,0.5555555555555556,False,False,"insufficient_minimum_mappable_segments,minimum_unique_probes,maximum_country_fallback_share","minimum_mappable_segments,minimum_unique_probes,maximum_country_fallback_share",coastal_mainland_or_mixed,catalog_default_alpha2_rule,0.047619047619047616,0.047619047619047616,low_candidate_dependency_proxy,descriptive inter-region feasible-corridor candidate exposure; not actual cable use or traffic dependency,9.0,0.4444444444444444,1.0,2.6246903390462624,moderate_corridor_observation_concentration,4.860268825015377,broad_network_transition_distribution,network_broad_physical_concentrated
CO,M-Root,dns_root,anycast,all_publicly_visible,86,80,12,0.13953488372093023,0.13953488372093023,0.13953488372093023,0.0,0.13953488372093023,0.0,12,0.13953488372093023,0.9302325581395349,43,29,1,1,0.9069767441860465,True,0.14285714285714285,True,False,"insufficient_minimum_mappable_segments,minimum_unique_probes","minimum_mappable_segments,minimum_unique_probes",coastal_mainland_or_mixed,catalog_default_alpha2_rule,0.13953488372093023,0.15,moderate_candidate_dependency_proxy,descriptive inter-region feasible-corridor candidate exposure; not actual cable use or traffic dependency,14.0,0.2857142857142857,0.7857142857142857,3.959252660105037,weak_corridor_observation_concentration,2.6004900059896596,moderate_network_transition_concentration,network_and_physical_both_concentrated
CO,M-Root,dns_root,anycast,resolved_entry_only,78,78,10,0.1282051282051282,0.1282051282051282,0.1282051282051282,0.0,0.1282051282051282,0.0,10,0.1282051282051282,1.0,39,27,1,1,1.0,True,0.16666666666666666,True,False,"insufficient_minimum_mappable_segments,minimum_unique_probes","minimum_mappable_segments,minimum_unique_probes",coastal_mainland_or_mixed,catalog_default_alpha2_rule,0.1282051282051282,0.1282051282051282,moderate_candidate_dependency_proxy,descriptive inter-region feasible-corridor candidate exposure; not actual cable use or traffic dependency,12.0,0.3333333333333333,0.9166666666666666,3.618491900178948,weak_corridor_observation_concentration,2.7494592739972052,moderate_network_transition_concentration,network_and_physical_both_concentrated
CR,M-Root,dns_root,anycast,all_publicly_visible,36,30,0,0.0,0.0,0.0,0.0,0.0,0.0,0,0.0,0.8333333333333334,18,9,1,1,0.8333333333333334,True,,False,False,insufficient_no_inter_region_projection_segments,"minimum_mappable_segments,minimum_unique_probes,minimum_unique_probe_asns,maximum_country_fallback_share",coastal_mainland_or_mixed,catalog_default_alpha2_rule,0.0,0.0,no_observed_inter_region_candidate_exposure,descriptive inter-region feasible-corridor candidate exposure; not actual cable use or traffic dependency,0.0,,,,unknown_corridor_observation_concentration,,,unknown_cross_layer_distribution_class
CR,M-Root,dns_root,anycast,resolved_entry_only,30,30,0,0.0,0.0,0.0,0.0,0.0,0.0,0,0.0,1.0,15,9,1,1,1.0,True,,False,False,insufficient_no_inter_region_projection_segments,"minimum_mappable_segments,minimum_unique_probes,minimum_unique_probe_asns,maximum_country_fallback_share",coastal_mainland_or_mixed,catalog_default_alpha2_rule,0.0,0.0,no_observed_inter_region_candidate_exposure,descriptive inter-region feasible-corridor candidate exposure; not actual cable use or traffic dependency,0.0,,,,unknown_corridor_observation_concentration,,,unknown_cross_layer_distribution_class
CU,M-Root,dns_root,anycast,all_publicly_visible,2,2,1,0.5,0.5,0.5,0.0,0.5,0.0,1,0.5,1.0,1,1,1,1,1.0,False,0.0,True,False,"insufficient_minimum_mappable_segments,minimum_unique_probes,minimum_unique_probe_asns","minimum_mappable_segments,minimum_unique_probes,minimum_unique_probe_asns",island_or_archipelagic,catalog_island_or_archipelagic_list,0.5,0.5,very_high_candidate_dependency_proxy,descriptive inter-region feasible-corridor candidate exposure; not actual cable use or traffic dependency,1.0,1.0,1.0,1.0,severe_corridor_observation_concentration,1.0,severe_network_transition_concentration,network_and_physical_both_concentrated
CU,M-Root,dns_root,anycast,resolved_entry_only,2,2,1,0.5,0.5,0.5,0.0,0.5,0.0,1,0.5,1.0,1,1,1,1,1.0,False,0.0,True,False,"insufficient_minimum_mappable_segments,minimum_unique_probes,minimum_unique_probe_asns","minimum_mappable_segments,minimum_unique_probes,minimum_unique_probe_asns",island_or_archipelagic,catalog_island_or_archipelagic_list,0.5,0.5,very_high_candidate_dependency_proxy,descriptive inter-region feasible-corridor candidate exposure; not actual cable use or traffic dependency,1.0,1.0,1.0,1.0,severe_corridor_observation_concentration,1.0,severe_network_transition_concentration,network_and_physical_both_concentrated
CV,M-Root,dns_root,anycast,all_publicly_visible,8,8,2,0.25,0.25,0.25,0.25,0.0,0.25,2,0.25,1.0,4,2,1,1,1.0,False,0.0,True,False,"insufficient_minimum_mappable_segments,minimum_unique_probes,minimum_unique_probe_asns","minimum_mappable_segments,minimum_unique_probes,minimum_unique_probe_asns",island_or_archipelagic,catalog_island_or_archipelagic_list,0.25,0.25,high_candidate_dependency_proxy,descriptive inter-region feasible-corridor candidate exposure; not actual cable use or traffic dependency,6.0,1.0,1.0,1.0,severe_corridor_observation_concentration,1.0,severe_network_transition_concentration,network_and_physical_both_concentrated
CV,M-Root,dns_root,anycast,resolved_entry_only,8,8,2,0.25,0.25,0.25,0.25,0.0,0.25,2,0.25,1.0,4,2,1,1,1.0,False,0.0,True,False,"insufficient_minimum_mappable_segments,minimum_unique_probes,minimum_unique_probe_asns","minimum_mappable_segments,minimum_unique_probes,minimum_unique_probe_asns",island_or_archipelagic,catalog_island_or_archipelagic_list,0.25,0.25,high_candidate_dependency_proxy,descriptive inter-region feasible-corridor candidate exposure; not actual cable use or traffic dependency,6.0,1.0,1.0,1.0,severe_corridor_observation_concentration,1.0,severe_network_transition_concentration,network_and_physical_both_concentrated
CW,M-Root,dns_root,anycast,all_publicly_visible,4,4,0,0.0,0.0,0.0,0.0,0.0,0.0,0,0.0,1.0,2,2,1,1,1.0,False,,False,False,insufficient_no_inter_region_projection_segments,"minimum_mappable_segments,minimum_unique_probes,minimum_unique_probe_asns,maximum_country_fallback_share",island_or_archipelagic,catalog_island_or_archipelagic_list,0.0,0.0,no_observed_inter_region_candidate_exposure,descriptive inter-region feasible-corridor candidate exposure; not actual cable use or traffic dependency,0.0,,,,unknown_corridor_observation_concentration,,,unknown_cross_layer_distribution_class
CW,M-Root,dns_root,anycast,resolved_entry_only,4,4,0,0.0,0.0,0.0,0.0,0.0,0.0,0,0.0,1.0,2,2,1,1,1.0,False,,False,False,insufficient_no_inter_region_projection_segments,"minimum_mappable_segments,minimum_unique_probes,minimum_unique_probe_asns,maximum_country_fallback_share",island_or_archipelagic,catalog_island_or_archipelagic_list,0.0,0.0,no_observed_inter_region_candidate_exposure,descriptive inter-region feasible-corridor candidate exposure; not actual cable use or traffic dependency,0.0,,,,unknown_corridor_observation_concentration,,,unknown_cross_layer_distribution_class
CY,M-Root,dns_root,anycast,all_publicly_visible,28,26,6,0.21428571428571427,0.21428571428571427,0.21428571428571427,0.14285714285714285,0.14285714285714285,0.14285714285714285,6,0.21428571428571427,0.9285714285714286,14,7,1,1,0.9285714285714286,False,0.0,True,False,"insufficient_minimum_mappable_segments,minimum_unique_probes,minimum_unique_probe_asns","minimum_mappable_segments,minimum_unique_probes,minimum_unique_probe_asns",island_or_archipelagic,catalog_island_or_archipelagic_list,0.21428571428571427,0.23076923076923078,high_candidate_dependency_proxy,descriptive inter-region feasible-corridor candidate exposure; not actual cable use or traffic dependency,14.0,0.7142857142857143,0.9642857142857143,2.4028252493998425,moderate_corridor_observation_concentration,3.8643132978583434,weak_network_transition_concentration,network_broad_physical_concentrated
CY,M-Root,dns_root,anycast,resolved_entry_only,26,26,6,0.23076923076923078,0.23076923076923078,0.23076923076923078,0.15384615384615385,0.15384615384615385,0.15384615384615385,6,0.23076923076923078,1.0,13,7,1,1,1.0,False,0.0,True,False,"insufficient_minimum_mappable_segments,minimum_unique_probes,minimum_unique_probe_asns","minimum_mappable_segments,minimum_unique_probes,minimum_unique_probe_asns",island_or_archipelagic,catalog_island_or_archipelagic_list,0.23076923076923078,0.23076923076923078,high_candidate_dependency_proxy,descriptive inter-region feasible-corridor candidate exposure; not actual cable use or traffic dependency,14.0,0.7142857142857143,0.9642857142857143,2.4028252493998425,moderate_corridor_observation_concentration,3.8643132978583434,weak_network_transition_concentration,network_broad_physical_concentrated
CZ,M-Root,dns_root,anycast,all_publicly_visible,566,558,2,0.0035335689045936395,0.0035335689045936395,0.0035335689045936395,0.0035335689045936395,0.0017667844522968198,0.0035335689045936395,2,0.0035335689045936395,0.9858657243816255,284,112,1,1,0.9787985865724381,True,0.0,True,False,"insufficient_minimum_mappable_segments,minimum_unique_probes,minimum_unique_probe_asns","minimum_mappable_segments,minimum_unique_probes,minimum_unique_probe_asns",landlocked,catalog_landlocked_list,0.0035335689045936395,0.0035842293906810036,low_candidate_dependency_proxy,descriptive inter-region feasible-corridor candidate exposure; not actual cable use or traffic dependency,5.0,0.8,1.0,1.8946457081379977,severe_corridor_observation_concentration,2.8717458874925876,moderate_network_transition_concentration,network_and_physical_both_concentrated
CZ,M-Root,dns_root,anycast,resolved_entry_only,554,554,2,0.0036101083032490976,0.0036101083032490976,0.0036101083032490976,0.0036101083032490976,0.0018050541516245488,0.0036101083032490976,2,0.0036101083032490976,1.0,278,112,1,1,1.0,True,0.0,True,False,"insufficient_minimum_mappable_segments,minimum_unique_probes,minimum_unique_probe_asns","minimum_mappable_segments,minimum_unique_probes,minimum_unique_probe_asns",landlocked,catalog_landlocked_list,0.0036101083032490976,0.0036101083032490976,low_candidate_dependency_proxy,descriptive inter-region feasible-corridor candidate exposure; not actual cable use or traffic dependency,5.0,0.8,1.0,1.8946457081379977,severe_corridor_observation_concentration,2.8717458874925876,moderate_network_transition_concentration,network_and_physical_both_concentrated
DE,M-Root,dns_root,anycast,all_publicly_visible,3609,3506,70,0.019395954558049322,0.025491825990579108,0.019395954558049322,0.01884178442781934,0.008035466888334718,0.02493765586034913,70,0.019395954558049322,0.971460238293156,1808,408,1,1,0.9639789415350513,True,0.0,True,True,auditable,,coastal_mainland_or_mixed,catalog_default_alpha2_rule,0.019395954558049322,0.019965772960638905,low_candidate_dependency_proxy,descriptive inter-region feasible-corridor candidate exposure; not actual cable use or traffic dependency,219.0,0.867579908675799,1.0,1.620521573051097,severe_corridor_observation_concentration,3.111854198579424,weak_network_transition_concentration,network_broad_physical_concentrated
DE,M-Root,dns_root,anycast,resolved_entry_only,3479,3479,70,0.02012072434607646,0.02644438056912906,0.02012072434607646,0.01954584650761713,0.008335728657660248,0.025869502730669732,70,0.02012072434607646,1.0,1745,390,1,1,1.0,True,0.0,True,True,auditable,,coastal_mainland_or_mixed,catalog_default_alpha2_rule,0.02012072434607646,0.02012072434607646,low_candidate_dependency_proxy,descriptive inter-region feasible-corridor candidate exposure; not actual cable use or traffic dependency,219.0,0.867579908675799,1.0,1.620521573051097,severe_corridor_observation_concentration,3.111854198579424,weak_network_transition_concentration,network_broad_physical_concentrated
DJ,M-Root,dns_root,anycast,all_publicly_visible,6,6,4,0.6666666666666666,0.6666666666666666,0.6666666666666666,0.0,0.6666666666666666,0.0,4,0.6666666666666666,1.0,3,2,1,1,1.0,False,0.75,False,False,"insufficient_minimum_mappable_segments,minimum_unique_probes,minimum_unique_probe_asns,maximum_country_fallback_share","minimum_mappable_segments,minimum_unique_probes,minimum_unique_probe_asns,maximum_country_fallback_share",coastal_mainland_or_mixed,catalog_default_alpha2_rule,0.6666666666666666,0.6666666666666666,very_high_candidate_dependency_proxy,descriptive inter-region feasible-corridor candidate exposure; not actual cable use or traffic dependency,4.0,0.375,1.0,2.9511517858675242,weak_corridor_observation_concentration,1.7547653506033232,moderate_network_transition_concentration,network_and_physical_both_concentrated
DJ,M-Root,dns_root,anycast,resolved_entry_only,6,6,4,0.6666666666666666,0.6666666666666666,0.6666666666666666,0.0,0.6666666666666666,0.0,4,0.6666666666666666,1.0,3,2,1,1,1.0,False,0.75,False,False,"insufficient_minimum_mappable_segments,minimum_unique_probes,minimum_unique_probe_asns,maximum_country_fallback_share","minimum_mappable_segments,minimum_unique_probes,minimum_unique_probe_asns,maximum_country_fallback_share",coastal_mainland_or_mixed,catalog_default_alpha2_rule,0.6666666666666666,0.6666666666666666,very_high_candidate_dependency_proxy,descriptive inter-region feasible-corridor candidate exposure; not actual cable use or traffic dependency,4.0,0.375,1.0,2.9511517858675242,weak_corridor_observation_concentration,1.7547653506033232,moderate_network_transition_concentration,network_and_physical_both_concentrated
DK,M-Root,dns_root,anycast,all_publicly_visible,220,210,46,0.20909090909090908,0.8318181818181818,0.20909090909090908,0.03636363636363636,0.19090909090909092,0.7954545454545454,46,0.20909090909090908,0.9545454545454546,110,36,1,1,0.95,True,0.6229508196721312,False,False,insufficient_maximum_country_fallback_share,maximum_country_fallback_share,coastal_mainland_or_mixed,catalog_default_alpha2_rule,0.20909090909090908,0.21904761904761905,high_candidate_dependency_proxy,descriptive inter-region feasible-corridor candidate exposure; not actual cable use or traffic dependency,61.0,0.6229508196721312,0.9672131147540984,2.416364100181778,moderate_corridor_observation_concentration,2.933241513402938,weak_network_transition_concentration,network_broad_physical_concentrated
DK,M-Root,dns_root,anycast,resolved_entry_only,209,209,45,0.215311004784689,0.8708133971291866,0.215311004784689,0.03827751196172249,0.19617224880382775,0.8325358851674641,45,0.215311004784689,1.0,105,35,1,1,1.0,True,0.6166666666666667,False,False,insufficient_maximum_country_fallback_share,maximum_country_fallback_share,coastal_mainland_or_mixed,catalog_default_alpha2_rule,0.215311004784689,0.215311004784689,high_candidate_dependency_proxy,descriptive inter-region feasible-corridor candidate exposure; not actual cable use or traffic dependency,60.0,0.6166666666666667,0.9666666666666667,2.4326868853860817,moderate_corridor_observation_concentration,2.9626118299459443,weak_network_transition_concentration,network_broad_physical_concentrated
DO,M-Root,dns_root,anycast,all_publicly_visible,18,18,10,0.5555555555555556,0.5555555555555556,0.5555555555555556,0.0,0.5555555555555556,0.0,10,0.5555555555555556,1.0,9,7,1,1,1.0,False,0.0,True,False,"insufficient_minimum_mappable_segments,minimum_unique_probes","minimum_mappable_segments,minimum_unique_probes",island_or_archipelagic,catalog_island_or_archipelagic_list,0.5555555555555556,0.5555555555555556,very_high_candidate_dependency_proxy,descriptive inter-region feasible-corridor candidate exposure; not actual cable use or traffic dependency,17.0,0.47058823529411764,1.0,2.64282592615977,moderate_corridor_observation_concentration,3.443461014922236,weak_network_transition_concentration,network_broad_physical_concentrated
DO,M-Root,dns_root,anycast,resolved_entry_only,18,18,10,0.5555555555555556,0.5555555555555556,0.5555555555555556,0.0,0.5555555555555556,0.0,10,0.5555555555555556,1.0,9,7,1,1,1.0,False,0.0,True,False,"insufficient_minimum_mappable_segments,minimum_unique_probes","minimum_mappable_segments,minimum_unique_probes",island_or_archipelagic,catalog_island_or_archipelagic_list,0.5555555555555556,0.5555555555555556,very_high_candidate_dependency_proxy,descriptive inter-region feasible-corridor candidate exposure; not actual cable use or traffic dependency,17.0,0.47058823529411764,1.0,2.64282592615977,moderate_corridor_observation_concentration,3.443461014922236,weak_network_transition_concentration,network_broad_physical_concentrated
DZ,M-Root,dns_root,anycast,all_publicly_visible,2,2,0,0.0,0.0,0.0,0.0,0.0,0.0,0,0.0,1.0,1,1,1,1,1.0,False,,False,False,insufficient_no_inter_region_projection_segments,"minimum_mappable_segments,minimum_unique_probes,minimum_unique_probe_asns,maximum_country_fallback_share",coastal_mainland_or_mixed,catalog_default_alpha2_rule,0.0,0.0,no_observed_inter_region_candidate_exposure,descriptive inter-region feasible-corridor candidate exposure; not actual cable use or traffic dependency,0.0,,,,unknown_corridor_observation_concentration,,,unknown_cross_layer_distribution_class
DZ,M-Root,dns_root,anycast,resolved_entry_only,2,2,0,0.0,0.0,0.0,0.0,0.0,0.0,0,0.0,1.0,1,1,1,1,1.0,False,,False,False,insufficient_no_inter_region_projection_segments,"minimum_mappable_segments,minimum_unique_probes,minimum_unique_probe_asns,maximum_country_fallback_share",coastal_mainland_or_mixed,catalog_default_alpha2_rule,0.0,0.0,no_observed_inter_region_candidate_exposure,descriptive inter-region feasible-corridor candidate exposure; not actual cable use or traffic dependency,0.0,,,,unknown_corridor_observation_concentration,,,unknown_cross_layer_distribution_class
EC,M-Root,dns_root,anycast,all_publicly_visible,53,51,0,0.0,0.0,0.0,0.0,0.0,0.0,0,0.0,0.9622641509433962,27,20,1,1,0.9622641509433962,True,,False,False,insufficient_no_inter_region_projection_segments,"minimum_mappable_segments,minimum_unique_probes,minimum_unique_probe_asns,maximum_country_fallback_share",coastal_mainland_or_mixed,catalog_default_alpha2_rule,0.0,0.0,no_observed_inter_region_candidate_exposure,descriptive inter-region feasible-corridor candidate exposure; not actual cable use or traffic dependency,0.0,,,,unknown_corridor_observation_concentration,,,unknown_cross_layer_distribution_class
EC,M-Root,dns_root,anycast,resolved_entry_only,51,51,0,0.0,0.0,0.0,0.0,0.0,0.0,0,0.0,1.0,26,20,1,1,1.0,True,,False,False,insufficient_no_inter_region_projection_segments,"minimum_mappable_segments,minimum_unique_probes,minimum_unique_probe_asns,maximum_country_fallback_share",coastal_mainland_or_mixed,catalog_default_alpha2_rule,0.0,0.0,no_observed_inter_region_candidate_exposure,descriptive inter-region feasible-corridor candidate exposure; not actual cable use or traffic dependency,0.0,,,,unknown_corridor_observation_concentration,,,unknown_cross_layer_distribution_class
EE,M-Root,dns_root,anycast,all_publicly_visible,84,72,26,0.30952380952380953,0.30952380952380953,0.30952380952380953,0.14285714285714285,0.23809523809523808,0.14285714285714285,26,0.30952380952380953,0.8571428571428571,42,22,1,1,0.8571428571428571,True,0.0,True,True,auditable,,coastal_mainland_or_mixed,catalog_default_alpha2_rule,0.30952380952380953,0.3611111111111111,very_high_candidate_dependency_proxy,descriptive inter-region feasible-corridor candidate exposure; not actual cable use or traffic dependency,65.0,0.5384615384615384,0.9076923076923077,3.4592601062023594,weak_corridor_observation_concentration,5.525829020119682,broad_network_transition_distribution,network_and_physical_both_broad
EE,M-Root,dns_root,anycast,resolved_entry_only,72,72,26,0.3611111111111111,0.3611111111111111,0.3611111111111111,0.16666666666666666,0.2777777777777778,0.16666666666666666,26,0.3611111111111111,1.0,36,19,1,1,1.0,True,0.0,True,True,auditable,,coastal_mainland_or_mixed,catalog_default_alpha2_rule,0.3611111111111111,0.3611111111111111,very_high_candidate_dependency_proxy,descriptive inter-region feasible-corridor candidate exposure; not actual cable use or traffic dependency,65.0,0.5384615384615384,0.9076923076923077,3.4592601062023594,weak_corridor_observation_concentration,5.525829020119682,broad_network_transition_distribution,network_and_physical_both_broad
EG,M-Root,dns_root,anycast,all_publicly_visible,6,4,0,0.0,0.0,0.0,0.0,0.0,0.0,0,0.0,0.6666666666666666,3,2,1,1,0.6666666666666666,False,,False,False,insufficient_no_inter_region_projection_segments,"minimum_mappable_segments,minimum_unique_probes,minimum_unique_probe_asns,maximum_country_fallback_share",coastal_mainland_or_mixed,catalog_default_alpha2_rule,0.0,0.0,no_observed_inter_region_candidate_exposure,descriptive inter-region feasible-corridor candidate exposure; not actual cable use or traffic dependency,0.0,,,,unknown_corridor_observation_concentration,,,unknown_cross_layer_distribution_class
EG,M-Root,dns_root,anycast,resolved_entry_only,4,4,0,0.0,0.0,0.0,0.0,0.0,0.0,0,0.0,1.0,2,1,1,1,1.0,False,,False,False,insufficient_no_inter_region_projection_segments,"minimum_mappable_segments,minimum_unique_probes,minimum_unique_probe_asns,maximum_country_fallback_share",coastal_mainland_or_mixed,catalog_default_alpha2_rule,0.0,0.0,no_observed_inter_region_candidate_exposure,descriptive inter-region feasible-corridor candidate exposure; not actual cable use or traffic dependency,0.0,,,,unknown_corridor_observation_concentration,,,unknown_cross_layer_distribution_class
ES,M-Root,dns_root,anycast,all_publicly_visible,503,480,35,0.06958250497017893,0.08349900596421471,0.06958250497017893,0.019880715705765408,0.061630218687872766,0.03180914512922465,35,0.06958250497017893,0.9542743538767395,251,79,1,1,0.9403578528827038,True,0.2727272727272727,True,True,auditable,,coastal_mainland_or_mixed,catalog_default_alpha2_rule,0.06958250497017893,0.07291666666666667,moderate_candidate_dependency_proxy,descriptive inter-region feasible-corridor candidate exposure; not actual cable use or traffic dependency,55.0,0.4,0.8090909090909091,4.3145570403575855,weak_corridor_observation_concentration,5.864795069747532,broad_network_transition_distribution,network_and_physical_both_broad
ES,M-Root,dns_root,anycast,resolved_entry_only,473,473,35,0.07399577167019028,0.08879492600422834,0.07399577167019028,0.021141649048625793,0.06553911205073996,0.03382663847780127,35,0.07399577167019028,1.0,237,71,1,1,1.0,True,0.2727272727272727,True,True,auditable,,coastal_mainland_or_mixed,catalog_default_alpha2_rule,0.07399577167019028,0.07399577167019028,moderate_candidate_dependency_proxy,descriptive inter-region feasible-corridor candidate exposure; not actual cable use or traffic dependency,55.0,0.4,0.8090909090909091,4.3145570403575855,weak_corridor_observation_concentration,5.864795069747532,broad_network_transition_distribution,network_and_physical_both_broad
ET,M-Root,dns_root,anycast,all_publicly_visible,2,2,1,0.5,0.5,0.5,0.0,0.5,0.0,1,0.5,1.0,1,1,1,1,0.0,False,1.0,False,False,"insufficient_minimum_mappable_segments,minimum_unique_probes,minimum_unique_probe_asns,maximum_country_fallback_share","minimum_mappable_segments,minimum_unique_probes,minimum_unique_probe_asns,maximum_country_fallback_share",landlocked,catalog_landlocked_list,0.5,0.5,very_high_candidate_dependency_proxy,descriptive inter-region feasible-corridor candidate exposure; not actual cable use or traffic dependency,1.0,0.5,1.0,2.0,moderate_corridor_observation_concentration,1.0,severe_network_transition_concentration,network_and_physical_both_concentrated
ET,M-Root,NA,NA,resolved_entry_only,0,0,0,,,,,,,0,,,0,0,0,0,,False,,False,False,insufficient_no_inter_region_projection_segments,"minimum_mappable_segments,minimum_unique_probes,minimum_unique_probe_asns,maximum_country_fallback_share",landlocked,catalog_landlocked_list,,,unknown_candidate_dependency_proxy,descriptive inter-region feasible-corridor candidate exposure; not actual cable use or traffic dependency,0.0,,,,unknown_corridor_observation_concentration,,,unknown_cross_layer_distribution_class
FI,M-Root,dns_root,anycast,all_publicly_visible,353,337,149,0.42209631728045327,0.42209631728045327,0.42209631728045327,0.141643059490085,0.4164305949008499,0.1048158640226629,149,0.42209631728045327,0.9546742209631728,178,62,1,1,0.9490084985835694,True,0.36619718309859156,False,False,insufficient_maximum_country_fallback_share,maximum_country_fallback_share,coastal_mainland_or_mixed,catalog_default_alpha2_rule,0.42209631728045327,0.4421364985163205,very_high_candidate_dependency_proxy,descriptive inter-region feasible-corridor candidate exposure; not actual cable use or traffic dependency,284.0,0.34507042253521125,0.8415492957746479,4.907121210859616,weak_corridor_observation_concentration,6.581808728974026,broad_network_transition_distribution,network_and_physical_both_broad
FI,M-Root,dns_root,anycast,resolved_entry_only,335,335,148,0.4417910447761194,0.4417910447761194,0.4417910447761194,0.14925373134328357,0.43582089552238806,0.11044776119402985,148,0.4417910447761194,1.0,170,61,1,1,1.0,True,0.36395759717314485,False,False,insufficient_maximum_country_fallback_share,maximum_country_fallback_share,coastal_mainland_or_mixed,catalog_default_alpha2_rule,0.4417910447761194,0.4417910447761194,very_high_candidate_dependency_proxy,descriptive inter-region feasible-corridor candidate exposure; not actual cable use or traffic dependency,283.0,0.3462897526501767,0.8409893992932862,4.915476187388437,weak_corridor_observation_concentration,6.598839500492444,broad_network_transition_distribution,network_and_physical_both_broad
FJ,M-Root,dns_root,anycast,all_publicly_visible,4,2,1,0.25,0.5,0.25,0.25,0.0,0.5,1,0.25,0.5,2,2,1,1,0.5,False,1.0,False,False,"insufficient_minimum_mappable_segments,minimum_unique_probes,minimum_unique_probe_asns,maximum_country_fallback_share","minimum_mappable_segments,minimum_unique_probes,minimum_unique_probe_asns,maximum_country_fallback_share",island_or_archipelagic,catalog_island_or_archipelagic_list,0.25,0.5,high_candidate_dependency_proxy,descriptive inter-region feasible-corridor candidate exposure; not actual cable use or traffic dependency,1.0,1.0,1.0,1.0,severe_corridor_observation_concentration,1.0,severe_network_transition_concentration,network_and_physical_both_concentrated
FJ,M-Root,dns_root,anycast,resolved_entry_only,2,2,1,0.5,1.0,0.5,0.5,0.0,1.0,1,0.5,1.0,1,1,1,1,1.0,False,1.0,False,False,"insufficient_minimum_mappable_segments,minimum_unique_probes,minimum_unique_probe_asns,maximum_country_fallback_share","minimum_mappable_segments,minimum_unique_probes,minimum_unique_probe_asns,maximum_country_fallback_share",island_or_archipelagic,catalog_island_or_archipelagic_list,0.5,0.5,very_high_candidate_dependency_proxy,descriptive inter-region feasible-corridor candidate exposure; not actual cable use or traffic dependency,1.0,1.0,1.0,1.0,severe_corridor_observation_concentration,1.0,severe_network_transition_concentration,network_and_physical_both_concentrated
FM,M-Root,dns_root,anycast,all_publicly_visible,5,3,0,0.0,0.6,0.0,0.0,0.0,0.6,0,0.0,0.6,3,1,1,1,0.6,False,,False,False,insufficient_no_inter_region_projection_segments,"minimum_mappable_segments,minimum_unique_probes,minimum_unique_probe_asns,maximum_country_fallback_share",island_or_archipelagic,catalog_island_or_archipelagic_list,0.0,0.0,no_observed_inter_region_candidate_exposure,descriptive inter-region feasible-corridor candidate exposure; not actual cable use or traffic dependency,0.0,,,,unknown_corridor_observation_concentration,,,unknown_cross_layer_distribution_class
FM,M-Root,dns_root,anycast,resolved_entry_only,3,3,0,0.0,1.0,0.0,0.0,0.0,1.0,0,0.0,1.0,2,1,1,1,1.0,False,,False,False,insufficient_no_inter_region_projection_segments,"minimum_mappable_segments,minimum_unique_probes,minimum_unique_probe_asns,maximum_country_fallback_share",island_or_archipelagic,catalog_island_or_archipelagic_list,0.0,0.0,no_observed_inter_region_candidate_exposure,descriptive inter-region feasible-corridor candidate exposure; not actual cable use or traffic dependency,0.0,,,,unknown_corridor_observation_concentration,,,unknown_cross_layer_distribution_class
FR,M-Root,dns_root,anycast,all_publicly_visible,2144,2062,35,0.01632462686567164,0.01632462686567164,0.01632462686567164,0.010261194029850746,0.012126865671641791,0.010261194029850746,35,0.01632462686567164,0.9617537313432836,1072,179,1,1,0.9552238805970149,True,0.0,True,True,auditable,,coastal_mainland_or_mixed,catalog_default_alpha2_rule,0.01632462686567164,0.01697381183317168,low_candidate_dependency_proxy,descriptive inter-region feasible-corridor candidate exposure; not actual cable use or traffic dependency,88.0,0.6704545454545454,0.9545454545454545,2.6141342764893345,moderate_corridor_observation_concentration,3.8312938906363616,weak_network_transition_concentration,network_broad_physical_concentrated
FR,M-Root,dns_root,anycast,resolved_entry_only,2048,2048,35,0.01708984375,0.01708984375,0.01708984375,0.0107421875,0.0126953125,0.0107421875,35,0.01708984375,1.0,1027,168,1,1,1.0,True,0.0,True,True,auditable,,coastal_mainland_or_mixed,catalog_default_alpha2_rule,0.01708984375,0.01708984375,low_candidate_dependency_proxy,descriptive inter-region feasible-corridor candidate exposure; not actual cable use or traffic dependency,88.0,0.6704545454545454,0.9545454545454545,2.6141342764893345,moderate_corridor_observation_concentration,3.8312938906363616,weak_network_transition_concentration,network_broad_physical_concentrated
GB,M-Root,dns_root,anycast,all_publicly_visible,1221,1163,33,0.02702702702702703,0.029484029484029485,0.02702702702702703,0.018018018018018018,0.018018018018018018,0.021294021294021293,33,0.02702702702702703,0.9524979524979525,611,205,1,1,0.9459459459459459,True,0.05405405405405406,True,True,auditable,,island_or_archipelagic,catalog_island_or_archipelagic_list,0.02702702702702703,0.028374892519346516,low_candidate_dependency_proxy,descriptive inter-region feasible-corridor candidate exposure; not actual cable use or traffic dependency,74.0,0.6756756756756757,0.9054054054054054,3.023905001992189,moderate_corridor_observation_concentration,5.191715472449012,broad_network_transition_distribution,network_broad_physical_concentrated
GB,M-Root,dns_root,anycast,resolved_entry_only,1155,1155,33,0.02857142857142857,0.03116883116883117,0.02857142857142857,0.01904761904761905,0.01904761904761905,0.022510822510822513,33,0.02857142857142857,1.0,579,197,1,1,1.0,True,0.05405405405405406,True,True,auditable,,island_or_archipelagic,catalog_island_or_archipelagic_list,0.02857142857142857,0.02857142857142857,low_candidate_dependency_proxy,descriptive inter-region feasible-corridor candidate exposure; not actual cable use or traffic dependency,74.0,0.6756756756756757,0.9054054054054054,3.023905001992189,moderate_corridor_observation_concentration,5.191715472449012,broad_network_transition_distribution,network_broad_physical_concentrated
GE,M-Root,dns_root,anycast,all_publicly_visible,32,32,0,0.0,0.0,0.0,0.0,0.0,0.0,0,0.0,1.0,16,11,1,1,1.0,True,,False,False,insufficient_no_inter_region_projection_segments,"minimum_mappable_segments,minimum_unique_probes,minimum_unique_probe_asns,maximum_country_fallback_share",coastal_mainland_or_mixed,catalog_default_alpha2_rule,0.0,0.0,no_observed_inter_region_candidate_exposure,descriptive inter-region feasible-corridor candidate exposure; not actual cable use or traffic dependency,0.0,,,,unknown_corridor_observation_concentration,,,unknown_cross_layer_distribution_class
GE,M-Root,dns_root,anycast,resolved_entry_only,32,32,0,0.0,0.0,0.0,0.0,0.0,0.0,0,0.0,1.0,16,11,1,1,1.0,True,,False,False,insufficient_no_inter_region_projection_segments,"minimum_mappable_segments,minimum_unique_probes,minimum_unique_probe_asns,maximum_country_fallback_share",coastal_mainland_or_mixed,catalog_default_alpha2_rule,0.0,0.0,no_observed_inter_region_candidate_exposure,descriptive inter-region feasible-corridor candidate exposure; not actual cable use or traffic dependency,0.0,,,,unknown_corridor_observation_concentration,,,unknown_cross_layer_distribution_class
GF,M-Root,dns_root,anycast,all_publicly_visible,2,2,0,0.0,0.0,0.0,0.0,0.0,0.0,0,0.0,1.0,1,1,1,1,1.0,False,,False,False,insufficient_no_inter_region_projection_segments,"minimum_mappable_segments,minimum_unique_probes,minimum_unique_probe_asns,maximum_country_fallback_share",coastal_mainland_or_mixed,catalog_default_alpha2_rule,0.0,0.0,no_observed_inter_region_candidate_exposure,descriptive inter-region feasible-corridor candidate exposure; not actual cable use or traffic dependency,0.0,,,,unknown_corridor_observation_concentration,,,unknown_cross_layer_distribution_class
GF,M-Root,dns_root,anycast,resolved_entry_only,2,2,0,0.0,0.0,0.0,0.0,0.0,0.0,0,0.0,1.0,1,1,1,1,1.0,False,,False,False,insufficient_no_inter_region_projection_segments,"minimum_mappable_segments,minimum_unique_probes,minimum_unique_probe_asns,maximum_country_fallback_share",coastal_mainland_or_mixed,catalog_default_alpha2_rule,0.0,0.0,no_observed_inter_region_candidate_exposure,descriptive inter-region feasible-corridor candidate exposure; not actual cable use or traffic dependency,0.0,,,,unknown_corridor_observation_concentration,,,unknown_cross_layer_distribution_class
GG,M-Root,dns_root,anycast,all_publicly_visible,2,2,2,1.0,1.0,1.0,1.0,0.0,1.0,2,1.0,1.0,1,1,1,1,1.0,False,0.0,True,False,"insufficient_minimum_mappable_segments,minimum_unique_probes,minimum_unique_probe_asns","minimum_mappable_segments,minimum_unique_probes,minimum_unique_probe_asns",island_or_archipelagic,catalog_island_or_archipelagic_list,1.0,1.0,very_high_candidate_dependency_proxy,descriptive inter-region feasible-corridor candidate exposure; not actual cable use or traffic dependency,4.0,1.0,1.0,1.0,severe_corridor_observation_concentration,1.0,severe_network_transition_concentration,network_and_physical_both_concentrated
GG,M-Root,dns_root,anycast,resolved_entry_only,2,2,2,1.0,1.0,1.0,1.0,0.0,1.0,2,1.0,1.0,1,1,1,1,1.0,False,0.0,True,False,"insufficient_minimum_mappable_segments,minimum_unique_probes,minimum_unique_probe_asns","minimum_mappable_segments,minimum_unique_probes,minimum_unique_probe_asns",island_or_archipelagic,catalog_island_or_archipelagic_list,1.0,1.0,very_high_candidate_dependency_proxy,descriptive inter-region feasible-corridor candidate exposure; not actual cable use or traffic dependency,4.0,1.0,1.0,1.0,severe_corridor_observation_concentration,1.0,severe_network_transition_concentration,network_and_physical_both_concentrated
GH,M-Root,dns_root,anycast,all_publicly_visible,6,6,2,0.3333333333333333,0.3333333333333333,0.3333333333333333,0.0,0.3333333333333333,0.0,2,0.3333333333333333,1.0,3,3,1,1,1.0,False,0.0,True,False,"insufficient_minimum_mappable_segments,minimum_unique_probes,minimum_unique_probe_asns","minimum_mappable_segments,minimum_unique_probes,minimum_unique_probe_asns",coastal_mainland_or_mixed,catalog_default_alpha2_rule,0.3333333333333333,0.3333333333333333,very_high_candidate_dependency_proxy,descriptive inter-region feasible-corridor candidate exposure; not actual cable use or traffic dependency,3.0,0.6666666666666666,1.0,2.3811015779522995,moderate_corridor_observation_concentration,1.8898815748423097,moderate_network_transition_concentration,network_and_physical_both_concentrated
GH,M-Root,dns_root,anycast,resolved_entry_only,6,6,2,0.3333333333333333,0.3333333333333333,0.3333333333333333,0.0,0.3333333333333333,0.0,2,0.3333333333333333,1.0,3,3,1,1,1.0,False,0.0,True,False,"insufficient_minimum_mappable_segments,minimum_unique_probes,minimum_unique_probe_asns","minimum_mappable_segments,minimum_unique_probes,minimum_unique_probe_asns",coastal_mainland_or_mixed,catalog_default_alpha2_rule,0.3333333333333333,0.3333333333333333,very_high_candidate_dependency_proxy,descriptive inter-region feasible-corridor candidate exposure; not actual cable use or traffic dependency,3.0,0.6666666666666666,1.0,2.3811015779522995,moderate_corridor_observation_concentration,1.8898815748423097,moderate_network_transition_concentration,network_and_physical_both_concentrated
GP,M-Root,dns_root,anycast,all_publicly_visible,4,4,2,0.5,0.5,0.5,0.5,0.5,0.5,2,0.5,1.0,2,2,1,1,1.0,False,0.0,True,False,"insufficient_minimum_mappable_segments,minimum_unique_probes,minimum_unique_probe_asns","minimum_mappable_segments,minimum_unique_probes,minimum_unique_probe_asns",island_or_archipelagic,catalog_island_or_archipelagic_list,0.5,0.5,very_high_candidate_dependency_proxy,descriptive inter-region feasible-corridor candidate exposure; not actual cable use or traffic dependency,4.0,0.5,1.0,2.0,moderate_corridor_observation_concentration,1.0,severe_network_transition_concentration,network_and_physical_both_concentrated
GP,M-Root,dns_root,anycast,resolved_entry_only,4,4,2,0.5,0.5,0.5,0.5,0.5,0.5,2,0.5,1.0,2,2,1,1,1.0,False,0.0,True,False,"insufficient_minimum_mappable_segments,minimum_unique_probes,minimum_unique_probe_asns","minimum_mappable_segments,minimum_unique_probes,minimum_unique_probe_asns",island_or_archipelagic,catalog_island_or_archipelagic_list,0.5,0.5,very_high_candidate_dependency_proxy,descriptive inter-region feasible-corridor candidate exposure; not actual cable use or traffic dependency,4.0,0.5,1.0,2.0,moderate_corridor_observation_concentration,1.0,severe_network_transition_concentration,network_and_physical_both_concentrated
GQ,M-Root,dns_root,anycast,all_publicly_visible,2,2,2,1.0,1.0,1.0,1.0,0.0,0.0,2,1.0,1.0,1,1,1,1,0.0,False,0.0,True,False,"insufficient_minimum_mappable_segments,minimum_unique_probes,minimum_unique_probe_asns","minimum_mappable_segments,minimum_unique_probes,minimum_unique_probe_asns",coastal_mainland_or_mixed,catalog_default_alpha2_rule,1.0,1.0,very_high_candidate_dependency_proxy,descriptive inter-region feasible-corridor candidate exposure; not actual cable use or traffic dependency,2.0,1.0,1.0,1.0,severe_corridor_observation_concentration,1.0,severe_network_transition_concentration,network_and_physical_both_concentrated
GQ,M-Root,NA,NA,resolved_entry_only,0,0,0,,,,,,,0,,,0,0,0,0,,False,,False,False,insufficient_no_inter_region_projection_segments,"minimum_mappable_segments,minimum_unique_probes,minimum_unique_probe_asns,maximum_country_fallback_share",coastal_mainland_or_mixed,catalog_default_alpha2_rule,,,unknown_candidate_dependency_proxy,descriptive inter-region feasible-corridor candidate exposure; not actual cable use or traffic dependency,0.0,,,,unknown_corridor_observation_concentration,,,unknown_cross_layer_distribution_class
GR,M-Root,dns_root,anycast,all_publicly_visible,151,141,0,0.0,0.0,0.0,0.0,0.0,0.0,0,0.0,0.9337748344370861,76,25,1,1,0.9337748344370861,True,,False,False,insufficient_no_inter_region_projection_segments,"minimum_mappable_segments,minimum_unique_probes,minimum_unique_probe_asns,maximum_country_fallback_share",coastal_mainland_or_mixed,catalog_default_alpha2_rule,0.0,0.0,no_observed_inter_region_candidate_exposure,descriptive inter-region feasible-corridor candidate exposure; not actual cable use or traffic dependency,0.0,,,,unknown_corridor_observation_concentration,,,unknown_cross_layer_distribution_class
GR,M-Root,dns_root,anycast,resolved_entry_only,141,141,0,0.0,0.0,0.0,0.0,0.0,0.0,0,0.0,1.0,71,25,1,1,1.0,True,,False,False,insufficient_no_inter_region_projection_segments,"minimum_mappable_segments,minimum_unique_probes,minimum_unique_probe_asns,maximum_country_fallback_share",coastal_mainland_or_mixed,catalog_default_alpha2_rule,0.0,0.0,no_observed_inter_region_candidate_exposure,descriptive inter-region feasible-corridor candidate exposure; not actual cable use or traffic dependency,0.0,,,,unknown_corridor_observation_concentration,,,unknown_cross_layer_distribution_class
GT,M-Root,dns_root,anycast,all_publicly_visible,8,4,0,0.0,0.0,0.0,0.0,0.0,0.0,0,0.0,0.5,4,3,1,1,0.5,False,,False,False,insufficient_no_inter_region_projection_segments,"minimum_mappable_segments,minimum_unique_probes,minimum_unique_probe_asns,maximum_country_fallback_share",coastal_mainland_or_mixed,catalog_default_alpha2_rule,0.0,0.0,no_observed_inter_region_candidate_exposure,descriptive inter-region feasible-corridor candidate exposure; not actual cable use or traffic dependency,0.0,,,,unknown_corridor_observation_concentration,,,unknown_cross_layer_distribution_class
GT,M-Root,dns_root,anycast,resolved_entry_only,4,4,0,0.0,0.0,0.0,0.0,0.0,0.0,0,0.0,1.0,2,2,1,1,1.0,False,,False,False,insufficient_no_inter_region_projection_segments,"minimum_mappable_segments,minimum_unique_probes,minimum_unique_probe_asns,maximum_country_fallback_share",coastal_mainland_or_mixed,catalog_default_alpha2_rule,0.0,0.0,no_observed_inter_region_candidate_exposure,descriptive inter-region feasible-corridor candidate exposure; not actual cable use or traffic dependency,0.0,,,,unknown_corridor_observation_concentration,,,unknown_cross_layer_distribution_class
GU,M-Root,dns_root,anycast,all_publicly_visible,18,18,4,0.2222222222222222,1.0,0.2222222222222222,0.2222222222222222,0.1111111111111111,0.8888888888888888,4,0.2222222222222222,1.0,9,5,1,1,0.2222222222222222,False,0.7142857142857143,False,False,"insufficient_minimum_mappable_segments,minimum_unique_probes,minimum_unique_probe_asns,maximum_country_fallback_share","minimum_mappable_segments,minimum_unique_probes,minimum_unique_probe_asns,maximum_country_fallback_share",island_or_archipelagic,catalog_island_or_archipelagic_list,0.2222222222222222,0.2222222222222222,high_candidate_dependency_proxy,descriptive inter-region feasible-corridor candidate exposure; not actual cable use or traffic dependency,7.0,0.2857142857142857,0.7142857142857142,4.710650674213248,broad_corridor_observation_distribution,3.8643132978583434,weak_network_transition_concentration,network_and_physical_both_broad
GU,M-Root,dns_root,anycast,resolved_entry_only,4,4,0,0.0,1.0,0.0,0.0,0.0,1.0,0,0.0,1.0,2,1,1,1,1.0,False,,False,False,insufficient_no_inter_region_projection_segments,"minimum_mappable_segments,minimum_unique_probes,minimum_unique_probe_asns,maximum_country_fallback_share",island_or_archipelagic,catalog_island_or_archipelagic_list,0.0,0.0,no_observed_inter_region_candidate_exposure,descriptive inter-region feasible-corridor candidate exposure; not actual cable use or traffic dependency,0.0,,,,unknown_corridor_observation_concentration,,,unknown_cross_layer_distribution_class
HK,M-Root,dns_root,anycast,all_publicly_visible,132,123,13,0.09848484848484848,0.7196969696969697,0.09848484848484848,0.09848484848484848,0.015151515151515152,0.7196969696969697,13,0.09848484848484848,0.9318181818181818,66,40,1,1,0.9318181818181818,True,0.15384615384615385,True,False,"insufficient_minimum_mappable_segments,minimum_unique_probes","minimum_mappable_segments,minimum_unique_probes",coastal_mainland_or_mixed,catalog_default_alpha2_rule,0.09848484848484848,0.10569105691056911,moderate_candidate_dependency_proxy,descriptive inter-region feasible-corridor candidate exposure; not actual cable use or traffic dependency,26.0,0.6153846153846154,1.0,2.360187141185778,moderate_corridor_observation_concentration,10.088775252531287,broad_network_transition_distribution,network_broad_physical_concentrated
HK,M-Root,dns_root,anycast,resolved_entry_only,123,123,13,0.10569105691056911,0.7723577235772358,0.10569105691056911,0.10569105691056911,0.016260162601626018,0.7723577235772358,13,0.10569105691056911,1.0,63,38,1,1,1.0,True,0.15384615384615385,True,False,"insufficient_minimum_mappable_segments,minimum_unique_probes","minimum_mappable_segments,minimum_unique_probes",coastal_mainland_or_mixed,catalog_default_alpha2_rule,0.10569105691056911,0.10569105691056911,moderate_candidate_dependency_proxy,descriptive inter-region feasible-corridor candidate exposure; not actual cable use or traffic dependency,26.0,0.6153846153846154,1.0,2.360187141185778,moderate_corridor_observation_concentration,10.088775252531287,broad_network_transition_distribution,network_broad_physical_concentrated
HN,M-Root,dns_root,anycast,all_publicly_visible,22,18,8,0.36363636363636365,0.36363636363636365,0.36363636363636365,0.0,0.36363636363636365,0.0,8,0.36363636363636365,0.8181818181818182,11,8,1,1,0.8181818181818182,False,0.0,True,False,"insufficient_minimum_mappable_segments,minimum_unique_probes","minimum_mappable_segments,minimum_unique_probes",coastal_mainland_or_mixed,catalog_default_alpha2_rule,0.36363636363636365,0.4444444444444444,very_high_candidate_dependency_proxy,descriptive inter-region feasible-corridor candidate exposure; not actual cable use or traffic dependency,8.0,1.0,1.0,1.0,severe_corridor_observation_concentration,1.4575692649810903,severe_network_transition_concentration,network_and_physical_both_concentrated
HN,M-Root,dns_root,anycast,resolved_entry_only,18,18,8,0.4444444444444444,0.4444444444444444,0.4444444444444444,0.0,0.4444444444444444,0.0,8,0.4444444444444444,1.0,9,7,1,1,1.0,False,0.0,True,False,"insufficient_minimum_mappable_segments,minimum_unique_probes","minimum_mappable_segments,minimum_unique_probes",coastal_mainland_or_mixed,catalog_default_alpha2_rule,0.4444444444444444,0.4444444444444444,very_high_candidate_dependency_proxy,descriptive inter-region feasible-corridor candidate exposure; not actual cable use or traffic dependency,8.0,1.0,1.0,1.0,severe_corridor_observation_concentration,1.4575692649810903,severe_network_transition_concentration,network_and_physical_both_concentrated
HR,M-Root,dns_root,anycast,all_publicly_visible,94,94,4,0.0425531914893617,0.0425531914893617,0.0425531914893617,0.0,0.0425531914893617,0.0,4,0.0425531914893617,1.0,47,22,1,1,1.0,True,0.0,True,False,"insufficient_minimum_mappable_segments,minimum_unique_probes","minimum_mappable_segments,minimum_unique_probes",coastal_mainland_or_mixed,catalog_default_alpha2_rule,0.0425531914893617,0.0425531914893617,low_candidate_dependency_proxy,descriptive inter-region feasible-corridor candidate exposure; not actual cable use or traffic dependency,4.0,0.5,1.0,2.0,moderate_corridor_observation_concentration,1.0,severe_network_transition_concentration,network_and_physical_both_concentrated
HR,M-Root,dns_root,anycast,resolved_entry_only,94,94,4,0.0425531914893617,0.0425531914893617,0.0425531914893617,0.0,0.0425531914893617,0.0,4,0.0425531914893617,1.0,47,22,1,1,1.0,True,0.0,True,False,"insufficient_minimum_mappable_segments,minimum_unique_probes","minimum_mappable_segments,minimum_unique_probes",coastal_mainland_or_mixed,catalog_default_alpha2_rule,0.0425531914893617,0.0425531914893617,low_candidate_dependency_proxy,descriptive inter-region feasible-corridor candidate exposure; not actual cable use or traffic dependency,4.0,0.5,1.0,2.0,moderate_corridor_observation_concentration,1.0,severe_network_transition_concentration,network_and_physical_both_concentrated
HT,M-Root,dns_root,anycast,all_publicly_visible,2,2,0,0.0,0.0,0.0,0.0,0.0,0.0,0,0.0,1.0,1,1,1,1,1.0,False,,False,False,insufficient_no_inter_region_projection_segments,"minimum_mappable_segments,minimum_unique_probes,minimum_unique_probe_asns,maximum_country_fallback_share",island_or_archipelagic,catalog_island_or_archipelagic_list,0.0,0.0,no_observed_inter_region_candidate_exposure,descriptive inter-region feasible-corridor candidate exposure; not actual cable use or traffic dependency,0.0,,,,unknown_corridor_observation_concentration,,,unknown_cross_layer_distribution_class
HT,M-Root,dns_root,anycast,resolved_entry_only,2,2,0,0.0,0.0,0.0,0.0,0.0,0.0,0,0.0,1.0,1,1,1,1,1.0,False,,False,False,insufficient_no_inter_region_projection_segments,"minimum_mappable_segments,minimum_unique_probes,minimum_unique_probe_asns,maximum_country_fallback_share",island_or_archipelagic,catalog_island_or_archipelagic_list,0.0,0.0,no_observed_inter_region_candidate_exposure,descriptive inter-region feasible-corridor candidate exposure; not actual cable use or traffic dependency,0.0,,,,unknown_corridor_observation_concentration,,,unknown_cross_layer_distribution_class
HU,M-Root,dns_root,anycast,all_publicly_visible,110,104,2,0.01818181818181818,0.01818181818181818,0.01818181818181818,0.01818181818181818,0.0,0.01818181818181818,2,0.01818181818181818,0.9454545454545454,55,21,1,1,0.9454545454545454,True,0.0,True,False,"insufficient_minimum_mappable_segments,minimum_unique_probes,minimum_unique_probe_asns","minimum_mappable_segments,minimum_unique_probes,minimum_unique_probe_asns",landlocked,catalog_landlocked_list,0.01818181818181818,0.019230769230769232,low_candidate_dependency_proxy,descriptive inter-region feasible-corridor candidate exposure; not actual cable use or traffic dependency,3.0,1.0,1.0,1.0,severe_corridor_observation_concentration,1.8898815748423097,moderate_network_transition_concentration,network_and_physical_both_concentrated
HU,M-Root,dns_root,anycast,resolved_entry_only,104,104,2,0.019230769230769232,0.019230769230769232,0.019230769230769232,0.019230769230769232,0.0,0.019230769230769232,2,0.019230769230769232,1.0,52,21,1,1,1.0,True,0.0,True,False,"insufficient_minimum_mappable_segments,minimum_unique_probes,minimum_unique_probe_asns","minimum_mappable_segments,minimum_unique_probes,minimum_unique_probe_asns",landlocked,catalog_landlocked_list,0.019230769230769232,0.019230769230769232,low_candidate_dependency_proxy,descriptive inter-region feasible-corridor candidate exposure; not actual cable use or traffic dependency,3.0,1.0,1.0,1.0,severe_corridor_observation_concentration,1.8898815748423097,moderate_network_transition_concentration,network_and_physical_both_concentrated
ID,M-Root,dns_root,anycast,all_publicly_visible,192,187,46,0.23958333333333334,0.7083333333333334,0.23958333333333334,0.20833333333333334,0.09375,0.6927083333333334,46,0.23958333333333334,0.9739583333333334,96,66,1,1,0.9739583333333334,True,0.3218390804597701,False,False,insufficient_maximum_country_fallback_share,maximum_country_fallback_share,island_or_archipelagic,catalog_island_or_archipelagic_list,0.23958333333333334,0.24598930481283424,high_candidate_dependency_proxy,descriptive inter-region feasible-corridor candidate exposure; not actual cable use or traffic dependency,87.0,0.6436781609195402,0.7931034482758621,3.8318279311733443,weak_corridor_observation_concentration,11.409616589517356,broad_network_transition_distribution,network_and_physical_both_broad
ID,M-Root,dns_root,anycast,resolved_entry_only,187,187,46,0.24598930481283424,0.7272727272727273,0.24598930481283424,0.21390374331550802,0.0962566844919786,0.7112299465240641,46,0.24598930481283424,1.0,93,65,1,1,1.0,True,0.3218390804597701,False,False,insufficient_maximum_country_fallback_share,maximum_country_fallback_share,island_or_archipelagic,catalog_island_or_archipelagic_list,0.24598930481283424,0.24598930481283424,high_candidate_dependency_proxy,descriptive inter-region feasible-corridor candidate exposure; not actual cable use or traffic dependency,87.0,0.6436781609195402,0.7931034482758621,3.8318279311733443,weak_corridor_observation_concentration,11.409616589517356,broad_network_transition_distribution,network_and_physical_both_broad
IE,M-Root,dns_root,anycast,all_publicly_visible,199,191,0,0.0,0.0,0.0,0.0,0.0,0.0,0,0.0,0.9597989949748744,100,27,1,1,0.9396984924623115,True,,False,False,insufficient_no_inter_region_projection_segments,"minimum_mappable_segments,minimum_unique_probes,minimum_unique_probe_asns,maximum_country_fallback_share",island_or_archipelagic,catalog_island_or_archipelagic_list,0.0,0.0,no_observed_inter_region_candidate_exposure,descriptive inter-region feasible-corridor candidate exposure; not actual cable use or traffic dependency,0.0,,,,unknown_corridor_observation_concentration,,,unknown_cross_layer_distribution_class
IE,M-Root,dns_root,anycast,resolved_entry_only,187,187,0,0.0,0.0,0.0,0.0,0.0,0.0,0,0.0,1.0,94,24,1,1,1.0,True,,False,False,insufficient_no_inter_region_projection_segments,"minimum_mappable_segments,minimum_unique_probes,minimum_unique_probe_asns,maximum_country_fallback_share",island_or_archipelagic,catalog_island_or_archipelagic_list,0.0,0.0,no_observed_inter_region_candidate_exposure,descriptive inter-region feasible-corridor candidate exposure; not actual cable use or traffic dependency,0.0,,,,unknown_corridor_observation_concentration,,,unknown_cross_layer_distribution_class
IL,M-Root,dns_root,anycast,all_publicly_visible,67,65,50,0.746268656716418,0.746268656716418,0.746268656716418,0.5970149253731343,0.31343283582089554,0.5970149253731343,50,0.746268656716418,0.9701492537313433,34,13,1,1,0.9701492537313433,True,0.0,True,True,auditable,,coastal_mainland_or_mixed,catalog_default_alpha2_rule,0.746268656716418,0.7692307692307693,very_high_candidate_dependency_proxy,descriptive inter-region feasible-corridor candidate exposure; not actual cable use or traffic dependency,85.0,0.611764705882353,0.9411764705882354,2.7685381328917025,moderate_corridor_observation_concentration,5.287688577584401,weak_network_transition_concentration,network_broad_physical_concentrated
IL,M-Root,dns_root,anycast,resolved_entry_only,65,65,50,0.7692307692307693,0.7692307692307693,0.7692307692307693,0.6153846153846154,0.3230769230769231,0.6153846153846154,50,0.7692307692307693,1.0,33,13,1,1,1.0,True,0.0,True,True,auditable,,coastal_mainland_or_mixed,catalog_default_alpha2_rule,0.7692307692307693,0.7692307692307693,very_high_candidate_dependency_proxy,descriptive inter-region feasible-corridor candidate exposure; not actual cable use or traffic dependency,85.0,0.611764705882353,0.9411764705882354,2.7685381328917025,moderate_corridor_observation_concentration,5.287688577584401,weak_network_transition_concentration,network_broad_physical_concentrated
IM,M-Root,dns_root,anycast,all_publicly_visible,6,6,2,0.3333333333333333,0.6666666666666666,0.3333333333333333,0.0,0.3333333333333333,0.6666666666666666,2,0.3333333333333333,1.0,3,3,1,1,1.0,False,0.0,True,False,"insufficient_minimum_mappable_segments,minimum_unique_probes,minimum_unique_probe_asns","minimum_mappable_segments,minimum_unique_probes,minimum_unique_probe_asns",island_or_archipelagic,catalog_island_or_archipelagic_list,0.3333333333333333,0.3333333333333333,very_high_candidate_dependency_proxy,descriptive inter-region feasible-corridor candidate exposure; not actual cable use or traffic dependency,2.0,0.5,1.0,2.0,moderate_corridor_observation_concentration,1.0,severe_network_transition_concentration,network_and_physical_both_concentrated
IM,M-Root,dns_root,anycast,resolved_entry_only,6,6,2,0.3333333333333333,0.6666666666666666,0.3333333333333333,0.0,0.3333333333333333,0.6666666666666666,2,0.3333333333333333,1.0,3,3,1,1,1.0,False,0.0,True,False,"insufficient_minimum_mappable_segments,minimum_unique_probes,minimum_unique_probe_asns","minimum_mappable_segments,minimum_unique_probes,minimum_unique_probe_asns",island_or_archipelagic,catalog_island_or_archipelagic_list,0.3333333333333333,0.3333333333333333,very_high_candidate_dependency_proxy,descriptive inter-region feasible-corridor candidate exposure; not actual cable use or traffic dependency,2.0,0.5,1.0,2.0,moderate_corridor_observation_concentration,1.0,severe_network_transition_concentration,network_and_physical_both_concentrated
IN,M-Root,dns_root,anycast,all_publicly_visible,308,272,89,0.288961038961039,0.288961038961039,0.288961038961039,0.2305194805194805,0.09090909090909091,0.19805194805194806,89,0.288961038961039,0.8831168831168831,152,63,1,1,0.8701298701298701,True,0.82,False,False,insufficient_maximum_country_fallback_share,maximum_country_fallback_share,coastal_mainland_or_mixed,catalog_default_alpha2_rule,0.288961038961039,0.3272058823529412,high_candidate_dependency_proxy,descriptive inter-region feasible-corridor candidate exposure; not actual cable use or traffic dependency,100.0,0.61,0.85,3.385794144581732,weak_corridor_observation_concentration,3.3701033967385423,weak_network_transition_concentration,network_and_physical_both_concentrated
IN,M-Root,dns_root,anycast,resolved_entry_only,268,268,89,0.332089552238806,0.332089552238806,0.332089552238806,0.26492537313432835,0.1044776119402985,0.22761194029850745,89,0.332089552238806,1.0,133,55,1,1,1.0,True,0.82,False,False,insufficient_maximum_country_fallback_share,maximum_country_fallback_share,coastal_mainland_or_mixed,catalog_default_alpha2_rule,0.332089552238806,0.332089552238806,very_high_candidate_dependency_proxy,descriptive inter-region feasible-corridor candidate exposure; not actual cable use or traffic dependency,100.0,0.61,0.85,3.385794144581732,weak_corridor_observation_concentration,3.3701033967385423,weak_network_transition_concentration,network_and_physical_both_concentrated
IQ,M-Root,dns_root,anycast,all_publicly_visible,20,18,0,0.0,0.0,0.0,0.0,0.0,0.0,0,0.0,0.9,10,8,1,1,0.9,False,,False,False,insufficient_no_inter_region_projection_segments,"minimum_mappable_segments,minimum_unique_probes,minimum_unique_probe_asns,maximum_country_fallback_share",coastal_mainland_or_mixed,catalog_default_alpha2_rule,0.0,0.0,no_observed_inter_region_candidate_exposure,descriptive inter-region feasible-corridor candidate exposure; not actual cable use or traffic dependency,0.0,,,,unknown_corridor_observation_concentration,,,unknown_cross_layer_distribution_class
IQ,M-Root,dns_root,anycast,resolved_entry_only,18,18,0,0.0,0.0,0.0,0.0,0.0,0.0,0,0.0,1.0,9,7,1,1,1.0,False,,False,False,insufficient_no_inter_region_projection_segments,"minimum_mappable_segments,minimum_unique_probes,minimum_unique_probe_asns,maximum_country_fallback_share",coastal_mainland_or_mixed,catalog_default_alpha2_rule,0.0,0.0,no_observed_inter_region_candidate_exposure,descriptive inter-region feasible-corridor candidate exposure; not actual cable use or traffic dependency,0.0,,,,unknown_corridor_observation_concentration,,,unknown_cross_layer_distribution_class
IR,M-Root,dns_root,anycast,all_publicly_visible,94,51,3,0.031914893617021274,0.05319148936170213,0.031914893617021274,0.0,0.031914893617021274,0.0425531914893617,3,0.031914893617021274,0.5425531914893617,47,24,1,1,0.5212765957446809,True,0.0,True,False,"insufficient_minimum_mappable_segments,minimum_unique_probes,minimum_unique_probe_asns","minimum_mappable_segments,minimum_unique_probes,minimum_unique_probe_asns",coastal_mainland_or_mixed,catalog_default_alpha2_rule,0.031914893617021274,0.058823529411764705,low_candidate_dependency_proxy,descriptive inter-region feasible-corridor candidate exposure; not actual cable use or traffic dependency,3.0,0.6666666666666666,1.0,1.8898815748423097,moderate_corridor_observation_concentration,1.8898815748423097,moderate_network_transition_concentration,network_and_physical_both_concentrated
IR,M-Root,dns_root,anycast,resolved_entry_only,49,49,1,0.02040816326530612,0.061224489795918366,0.02040816326530612,0.0,0.02040816326530612,0.04081632653061224,1,0.02040816326530612,1.0,25,14,1,1,1.0,True,0.0,True,False,"insufficient_minimum_mappable_segments,minimum_unique_probes,minimum_unique_probe_asns","minimum_mappable_segments,minimum_unique_probes,minimum_unique_probe_asns",coastal_mainland_or_mixed,catalog_default_alpha2_rule,0.02040816326530612,0.02040816326530612,low_candidate_dependency_proxy,descriptive inter-region feasible-corridor candidate exposure; not actual cable use or traffic dependency,1.0,1.0,1.0,1.0,severe_corridor_observation_concentration,1.0,severe_network_transition_concentration,network_and_physical_both_concentrated
IS,M-Root,dns_root,anycast,all_publicly_visible,24,24,0,0.0,0.0,0.0,0.0,0.0,0.0,0,0.0,1.0,12,9,1,1,1.0,False,,False,False,insufficient_no_inter_region_projection_segments,"minimum_mappable_segments,minimum_unique_probes,minimum_unique_probe_asns,maximum_country_fallback_share",island_or_archipelagic,catalog_island_or_archipelagic_list,0.0,0.0,no_observed_inter_region_candidate_exposure,descriptive inter-region feasible-corridor candidate exposure; not actual cable use or traffic dependency,0.0,,,,unknown_corridor_observation_concentration,,,unknown_cross_layer_distribution_class
IS,M-Root,dns_root,anycast,resolved_entry_only,24,24,0,0.0,0.0,0.0,0.0,0.0,0.0,0,0.0,1.0,12,9,1,1,1.0,False,,False,False,insufficient_no_inter_region_projection_segments,"minimum_mappable_segments,minimum_unique_probes,minimum_unique_probe_asns,maximum_country_fallback_share",island_or_archipelagic,catalog_island_or_archipelagic_list,0.0,0.0,no_observed_inter_region_candidate_exposure,descriptive inter-region feasible-corridor candidate exposure; not actual cable use or traffic dependency,0.0,,,,unknown_corridor_observation_concentration,,,unknown_cross_layer_distribution_class
IT,M-Root,dns_root,anycast,all_publicly_visible,688,654,46,0.06686046511627906,0.06686046511627906,0.06686046511627906,0.02616279069767442,0.055232558139534885,0.023255813953488372,46,0.06686046511627906,0.9505813953488372,345,117,1,1,0.9215116279069767,True,0.16853932584269662,True,True,auditable,,coastal_mainland_or_mixed,catalog_default_alpha2_rule,0.06686046511627906,0.07033639143730887,moderate_candidate_dependency_proxy,descriptive inter-region feasible-corridor candidate exposure; not actual cable use or traffic dependency,89.0,0.550561797752809,0.8932584269662922,3.25595554231719,moderate_corridor_observation_concentration,6.3039144582873945,broad_network_transition_distribution,network_broad_physical_concentrated
IT,M-Root,dns_root,anycast,resolved_entry_only,634,634,46,0.07255520504731862,0.07255520504731862,0.07255520504731862,0.028391167192429023,0.05993690851735016,0.025236593059936908,46,0.07255520504731862,1.0,318,110,1,1,1.0,True,0.16853932584269662,True,True,auditable,,coastal_mainland_or_mixed,catalog_default_alpha2_rule,0.07255520504731862,0.07255520504731862,moderate_candidate_dependency_proxy,descriptive inter-region feasible-corridor candidate exposure; not actual cable use or traffic dependency,89.0,0.550561797752809,0.8932584269662922,3.25595554231719,moderate_corridor_observation_concentration,6.3039144582873945,broad_network_transition_distribution,network_broad_physical_concentrated
JM,M-Root,dns_root,anycast,all_publicly_visible,12,12,0,0.0,0.6666666666666666,0.0,0.0,0.0,0.6666666666666666,0,0.0,1.0,6,3,1,1,1.0,False,,False,False,insufficient_no_inter_region_projection_segments,"minimum_mappable_segments,minimum_unique_probes,minimum_unique_probe_asns,maximum_country_fallback_share",island_or_archipelagic,catalog_island_or_archipelagic_list,0.0,0.0,no_observed_inter_region_candidate_exposure,descriptive inter-region feasible-corridor candidate exposure; not actual cable use or traffic dependency,0.0,,,,unknown_corridor_observation_concentration,,,unknown_cross_layer_distribution_class
JM,M-Root,dns_root,anycast,resolved_entry_only,12,12,0,0.0,0.6666666666666666,0.0,0.0,0.0,0.6666666666666666,0,0.0,1.0,6,3,1,1,1.0,False,,False,False,insufficient_no_inter_region_projection_segments,"minimum_mappable_segments,minimum_unique_probes,minimum_unique_probe_asns,maximum_country_fallback_share",island_or_archipelagic,catalog_island_or_archipelagic_list,0.0,0.0,no_observed_inter_region_candidate_exposure,descriptive inter-region feasible-corridor candidate exposure; not actual cable use or traffic dependency,0.0,,,,unknown_corridor_observation_concentration,,,unknown_cross_layer_distribution_class
JO,M-Root,dns_root,anycast,all_publicly_visible,8,6,0,0.0,0.0,0.0,0.0,0.0,0.0,0,0.0,0.75,4,4,1,1,0.75,False,,False,False,insufficient_no_inter_region_projection_segments,"minimum_mappable_segments,minimum_unique_probes,minimum_unique_probe_asns,maximum_country_fallback_share",coastal_mainland_or_mixed,catalog_default_alpha2_rule,0.0,0.0,no_observed_inter_region_candidate_exposure,descriptive inter-region feasible-corridor candidate exposure; not actual cable use or traffic dependency,0.0,,,,unknown_corridor_observation_concentration,,,unknown_cross_layer_distribution_class
JO,M-Root,dns_root,anycast,resolved_entry_only,6,6,0,0.0,0.0,0.0,0.0,0.0,0.0,0,0.0,1.0,3,3,1,1,1.0,False,,False,False,insufficient_no_inter_region_projection_segments,"minimum_mappable_segments,minimum_unique_probes,minimum_unique_probe_asns,maximum_country_fallback_share",coastal_mainland_or_mixed,catalog_default_alpha2_rule,0.0,0.0,no_observed_inter_region_candidate_exposure,descriptive inter-region feasible-corridor candidate exposure; not actual cable use or traffic dependency,0.0,,,,unknown_corridor_observation_concentration,,,unknown_cross_layer_distribution_class
JP,M-Root,dns_root,anycast,all_publicly_visible,581,546,8,0.013769363166953529,0.01721170395869191,0.013769363166953529,0.013769363166953529,0.0,0.01721170395869191,8,0.013769363166953529,0.9397590361445783,290,117,1,1,0.9363166953528399,True,0.0,True,False,"insufficient_minimum_mappable_segments,minimum_unique_probes","minimum_mappable_segments,minimum_unique_probes",island_or_archipelagic,catalog_island_or_archipelagic_list,0.013769363166953529,0.014652014652014652,low_candidate_dependency_proxy,descriptive inter-region feasible-corridor candidate exposure; not actual cable use or traffic dependency,16.0,1.0,1.0,1.0,severe_corridor_observation_concentration,1.0,severe_network_transition_concentration,network_and_physical_both_concentrated
JP,M-Root,dns_root,anycast,resolved_entry_only,544,544,8,0.014705882352941176,0.01838235294117647,0.014705882352941176,0.014705882352941176,0.0,0.01838235294117647,8,0.014705882352941176,1.0,272,113,1,1,1.0,True,0.0,True,False,"insufficient_minimum_mappable_segments,minimum_unique_probes","minimum_mappable_segments,minimum_unique_probes",island_or_archipelagic,catalog_island_or_archipelagic_list,0.014705882352941176,0.014705882352941176,low_candidate_dependency_proxy,descriptive inter-region feasible-corridor candidate exposure; not actual cable use or traffic dependency,16.0,1.0,1.0,1.0,severe_corridor_observation_concentration,1.0,severe_network_transition_concentration,network_and_physical_both_concentrated
KE,M-Root,dns_root,anycast,all_publicly_visible,34,32,9,0.2647058823529412,0.4117647058823529,0.2647058823529412,0.0,0.2647058823529412,0.23529411764705882,9,0.2647058823529412,0.9411764705882353,17,11,1,1,0.9411764705882353,True,0.0,True,False,"insufficient_minimum_mappable_segments,minimum_unique_probes","minimum_mappable_segments,minimum_unique_probes",coastal_mainland_or_mixed,catalog_default_alpha2_rule,0.2647058823529412,0.28125,high_candidate_dependency_proxy,descriptive inter-region feasible-corridor candidate exposure; not actual cable use or traffic dependency,14.0,0.35714285714285715,0.8571428571428572,3.8146753588248346,weak_corridor_observation_concentration,1.2934572090113128,severe_network_transition_concentration,network_and_physical_both_concentrated
KE,M-Root,dns_root,anycast,resolved_entry_only,32,32,9,0.28125,0.4375,0.28125,0.0,0.28125,0.25,9,0.28125,1.0,16,11,1,1,1.0,True,0.0,True,False,"insufficient_minimum_mappable_segments,minimum_unique_probes","minimum_mappable_segments,minimum_unique_probes",coastal_mainland_or_mixed,catalog_default_alpha2_rule,0.28125,0.28125,high_candidate_dependency_proxy,descriptive inter-region feasible-corridor candidate exposure; not actual cable use or traffic dependency,14.0,0.35714285714285715,0.8571428571428572,3.8146753588248346,weak_corridor_observation_concentration,1.2934572090113128,severe_network_transition_concentration,network_and_physical_both_concentrated
KG,M-Root,dns_root,anycast,all_publicly_visible,46,40,0,0.0,0.0,0.0,0.0,0.0,0.0,0,0.0,0.8695652173913043,23,12,1,1,0.8478260869565217,True,,False,False,insufficient_no_inter_region_projection_segments,"minimum_mappable_segments,minimum_unique_probes,minimum_unique_probe_asns,maximum_country_fallback_share",landlocked,catalog_landlocked_list,0.0,0.0,no_observed_inter_region_candidate_exposure,descriptive inter-region feasible-corridor candidate exposure; not actual cable use or traffic dependency,0.0,,,,unknown_corridor_observation_concentration,,,unknown_cross_layer_distribution_class
KG,M-Root,dns_root,anycast,resolved_entry_only,39,39,0,0.0,0.0,0.0,0.0,0.0,0.0,0,0.0,1.0,20,10,1,1,1.0,True,,False,False,insufficient_no_inter_region_projection_segments,"minimum_mappable_segments,minimum_unique_probes,minimum_unique_probe_asns,maximum_country_fallback_share",landlocked,catalog_landlocked_list,0.0,0.0,no_observed_inter_region_candidate_exposure,descriptive inter-region feasible-corridor candidate exposure; not actual cable use or traffic dependency,0.0,,,,unknown_corridor_observation_concentration,,,unknown_cross_layer_distribution_class
KH,M-Root,dns_root,anycast,all_publicly_visible,14,12,0,0.0,0.0,0.0,0.0,0.0,0.0,0,0.0,0.8571428571428571,7,7,1,1,0.8571428571428571,False,,False,False,insufficient_no_inter_region_projection_segments,"minimum_mappable_segments,minimum_unique_probes,minimum_unique_probe_asns,maximum_country_fallback_share",coastal_mainland_or_mixed,catalog_default_alpha2_rule,0.0,0.0,no_observed_inter_region_candidate_exposure,descriptive inter-region feasible-corridor candidate exposure; not actual cable use or traffic dependency,0.0,,,,unknown_corridor_observation_concentration,,,unknown_cross_layer_distribution_class
KH,M-Root,dns_root,anycast,resolved_entry_only,12,12,0,0.0,0.0,0.0,0.0,0.0,0.0,0,0.0,1.0,6,6,1,1,1.0,False,,False,False,insufficient_no_inter_region_projection_segments,"minimum_mappable_segments,minimum_unique_probes,minimum_unique_probe_asns,maximum_country_fallback_share",coastal_mainland_or_mixed,catalog_default_alpha2_rule,0.0,0.0,no_observed_inter_region_candidate_exposure,descriptive inter-region feasible-corridor candidate exposure; not actual cable use or traffic dependency,0.0,,,,unknown_corridor_observation_concentration,,,unknown_cross_layer_distribution_class
KI,M-Root,dns_root,anycast,all_publicly_visible,4,4,0,0.0,0.75,0.0,0.0,0.0,0.75,0,0.0,1.0,2,1,1,1,1.0,False,,False,False,insufficient_no_inter_region_projection_segments,"minimum_mappable_segments,minimum_unique_probes,minimum_unique_probe_asns,maximum_country_fallback_share",island_or_archipelagic,catalog_island_or_archipelagic_list,0.0,0.0,no_observed_inter_region_candidate_exposure,descriptive inter-region feasible-corridor candidate exposure; not actual cable use or traffic dependency,0.0,,,,unknown_corridor_observation_concentration,,,unknown_cross_layer_distribution_class
KI,M-Root,dns_root,anycast,resolved_entry_only,4,4,0,0.0,0.75,0.0,0.0,0.0,0.75,0,0.0,1.0,2,1,1,1,1.0,False,,False,False,insufficient_no_inter_region_projection_segments,"minimum_mappable_segments,minimum_unique_probes,minimum_unique_probe_asns,maximum_country_fallback_share",island_or_archipelagic,catalog_island_or_archipelagic_list,0.0,0.0,no_observed_inter_region_candidate_exposure,descriptive inter-region feasible-corridor candidate exposure; not actual cable use or traffic dependency,0.0,,,,unknown_corridor_observation_concentration,,,unknown_cross_layer_distribution_class
KN,M-Root,dns_root,anycast,all_publicly_visible,2,2,0,0.0,1.0,0.0,0.0,0.0,1.0,0,0.0,1.0,1,1,1,1,1.0,False,,False,False,insufficient_no_inter_region_projection_segments,"minimum_mappable_segments,minimum_unique_probes,minimum_unique_probe_asns,maximum_country_fallback_share",island_or_archipelagic,catalog_island_or_archipelagic_list,0.0,0.0,no_observed_inter_region_candidate_exposure,descriptive inter-region feasible-corridor candidate exposure; not actual cable use or traffic dependency,0.0,,,,unknown_corridor_observation_concentration,,,unknown_cross_layer_distribution_class
KN,M-Root,dns_root,anycast,resolved_entry_only,2,2,0,0.0,1.0,0.0,0.0,0.0,1.0,0,0.0,1.0,1,1,1,1,1.0,False,,False,False,insufficient_no_inter_region_projection_segments,"minimum_mappable_segments,minimum_unique_probes,minimum_unique_probe_asns,maximum_country_fallback_share",island_or_archipelagic,catalog_island_or_archipelagic_list,0.0,0.0,no_observed_inter_region_candidate_exposure,descriptive inter-region feasible-corridor candidate exposure; not actual cable use or traffic dependency,0.0,,,,unknown_corridor_observation_concentration,,,unknown_cross_layer_distribution_class
KR,M-Root,dns_root,anycast,all_publicly_visible,70,62,0,0.0,0.0,0.0,0.0,0.0,0.0,0,0.0,0.8857142857142857,35,14,1,1,0.7,True,,False,False,insufficient_no_inter_region_projection_segments,"minimum_mappable_segments,minimum_unique_probes,minimum_unique_probe_asns,maximum_country_fallback_share",coastal_mainland_or_mixed,catalog_default_alpha2_rule,0.0,0.0,no_observed_inter_region_candidate_exposure,descriptive inter-region feasible-corridor candidate exposure; not actual cable use or traffic dependency,0.0,,,,unknown_corridor_observation_concentration,,,unknown_cross_layer_distribution_class
KR,M-Root,dns_root,anycast,resolved_entry_only,49,49,0,0.0,0.0,0.0,0.0,0.0,0.0,0,0.0,1.0,28,13,1,1,1.0,True,,False,False,insufficient_no_inter_region_projection_segments,"minimum_mappable_segments,minimum_unique_probes,minimum_unique_probe_asns,maximum_country_fallback_share",coastal_mainland_or_mixed,catalog_default_alpha2_rule,0.0,0.0,no_observed_inter_region_candidate_exposure,descriptive inter-region feasible-corridor candidate exposure; not actual cable use or traffic dependency,0.0,,,,unknown_corridor_observation_concentration,,,unknown_cross_layer_distribution_class
KW,M-Root,dns_root,anycast,all_publicly_visible,4,2,0,0.0,0.0,0.0,0.0,0.0,0.0,0,0.0,0.5,2,2,1,1,0.5,False,,False,False,insufficient_no_inter_region_projection_segments,"minimum_mappable_segments,minimum_unique_probes,minimum_unique_probe_asns,maximum_country_fallback_share",coastal_mainland_or_mixed,catalog_default_alpha2_rule,0.0,0.0,no_observed_inter_region_candidate_exposure,descriptive inter-region feasible-corridor candidate exposure; not actual cable use or traffic dependency,0.0,,,,unknown_corridor_observation_concentration,,,unknown_cross_layer_distribution_class
KW,M-Root,dns_root,anycast,resolved_entry_only,2,2,0,0.0,0.0,0.0,0.0,0.0,0.0,0,0.0,1.0,1,1,1,1,1.0,False,,False,False,insufficient_no_inter_region_projection_segments,"minimum_mappable_segments,minimum_unique_probes,minimum_unique_probe_asns,maximum_country_fallback_share",coastal_mainland_or_mixed,catalog_default_alpha2_rule,0.0,0.0,no_observed_inter_region_candidate_exposure,descriptive inter-region feasible-corridor candidate exposure; not actual cable use or traffic dependency,0.0,,,,unknown_corridor_observation_concentration,,,unknown_cross_layer_distribution_class
KY,M-Root,dns_root,anycast,all_publicly_visible,2,2,2,1.0,1.0,1.0,0.0,1.0,0.0,2,1.0,1.0,1,1,1,1,1.0,False,0.0,True,False,"insufficient_minimum_mappable_segments,minimum_unique_probes,minimum_unique_probe_asns","minimum_mappable_segments,minimum_unique_probes,minimum_unique_probe_asns",island_or_archipelagic,catalog_island_or_archipelagic_list,1.0,1.0,very_high_candidate_dependency_proxy,descriptive inter-region feasible-corridor candidate exposure; not actual cable use or traffic dependency,3.0,0.6666666666666666,1.0,1.8898815748423097,moderate_corridor_observation_concentration,1.8898815748423097,moderate_network_transition_concentration,network_and_physical_both_concentrated
KY,M-Root,dns_root,anycast,resolved_entry_only,2,2,2,1.0,1.0,1.0,0.0,1.0,0.0,2,1.0,1.0,1,1,1,1,1.0,False,0.0,True,False,"insufficient_minimum_mappable_segments,minimum_unique_probes,minimum_unique_probe_asns","minimum_mappable_segments,minimum_unique_probes,minimum_unique_probe_asns",island_or_archipelagic,catalog_island_or_archipelagic_list,1.0,1.0,very_high_candidate_dependency_proxy,descriptive inter-region feasible-corridor candidate exposure; not actual cable use or traffic dependency,3.0,0.6666666666666666,1.0,1.8898815748423097,moderate_corridor_observation_concentration,1.8898815748423097,moderate_network_transition_concentration,network_and_physical_both_concentrated
KZ,M-Root,dns_root,anycast,all_publicly_visible,144,144,0,0.0,0.0,0.0,0.0,0.0,0.0,0,0.0,1.0,72,23,1,1,1.0,True,,False,False,insufficient_no_inter_region_projection_segments,"minimum_mappable_segments,minimum_unique_probes,minimum_unique_probe_asns,maximum_country_fallback_share",landlocked,catalog_landlocked_list,0.0,0.0,no_observed_inter_region_candidate_exposure,descriptive inter-region feasible-corridor candidate exposure; not actual cable use or traffic dependency,0.0,,,,unknown_corridor_observation_concentration,,,unknown_cross_layer_distribution_class
KZ,M-Root,dns_root,anycast,resolved_entry_only,144,144,0,0.0,0.0,0.0,0.0,0.0,0.0,0,0.0,1.0,72,23,1,1,1.0,True,,False,False,insufficient_no_inter_region_projection_segments,"minimum_mappable_segments,minimum_unique_probes,minimum_unique_probe_asns,maximum_country_fallback_share",landlocked,catalog_landlocked_list,0.0,0.0,no_observed_inter_region_candidate_exposure,descriptive inter-region feasible-corridor candidate exposure; not actual cable use or traffic dependency,0.0,,,,unknown_corridor_observation_concentration,,,unknown_cross_layer_distribution_class
LA,M-Root,dns_root,anycast,all_publicly_visible,8,8,7,0.875,0.875,0.875,0.875,0.0,0.875,7,0.875,1.0,4,1,1,1,1.0,False,1.0,False,False,"insufficient_minimum_mappable_segments,minimum_unique_probes,minimum_unique_probe_asns,maximum_country_fallback_share","minimum_mappable_segments,minimum_unique_probes,minimum_unique_probe_asns,maximum_country_fallback_share",landlocked,catalog_landlocked_list,0.875,0.875,very_high_candidate_dependency_proxy,descriptive inter-region feasible-corridor candidate exposure; not actual cable use or traffic dependency,8.0,1.0,1.0,1.0,severe_corridor_observation_concentration,1.0,severe_network_transition_concentration,network_and_physical_both_concentrated
LA,M-Root,dns_root,anycast,resolved_entry_only,8,8,7,0.875,0.875,0.875,0.875,0.0,0.875,7,0.875,1.0,4,1,1,1,1.0,False,1.0,False,False,"insufficient_minimum_mappable_segments,minimum_unique_probes,minimum_unique_probe_asns,maximum_country_fallback_share","minimum_mappable_segments,minimum_unique_probes,minimum_unique_probe_asns,maximum_country_fallback_share",landlocked,catalog_landlocked_list,0.875,0.875,very_high_candidate_dependency_proxy,descriptive inter-region feasible-corridor candidate exposure; not actual cable use or traffic dependency,8.0,1.0,1.0,1.0,severe_corridor_observation_concentration,1.0,severe_network_transition_concentration,network_and_physical_both_concentrated
LB,M-Root,dns_root,anycast,all_publicly_visible,8,6,0,0.0,0.25,0.0,0.0,0.0,0.25,0,0.0,0.75,4,4,1,1,0.75,False,,False,False,insufficient_no_inter_region_projection_segments,"minimum_mappable_segments,minimum_unique_probes,minimum_unique_probe_asns,maximum_country_fallback_share",coastal_mainland_or_mixed,catalog_default_alpha2_rule,0.0,0.0,no_observed_inter_region_candidate_exposure,descriptive inter-region feasible-corridor candidate exposure; not actual cable use or traffic dependency,0.0,,,,unknown_corridor_observation_concentration,,,unknown_cross_layer_distribution_class
LB,M-Root,dns_root,anycast,resolved_entry_only,6,6,0,0.0,0.3333333333333333,0.0,0.0,0.0,0.3333333333333333,0,0.0,1.0,3,3,1,1,1.0,False,,False,False,insufficient_no_inter_region_projection_segments,"minimum_mappable_segments,minimum_unique_probes,minimum_unique_probe_asns,maximum_country_fallback_share",coastal_mainland_or_mixed,catalog_default_alpha2_rule,0.0,0.0,no_observed_inter_region_candidate_exposure,descriptive inter-region feasible-corridor candidate exposure; not actual cable use or traffic dependency,0.0,,,,unknown_corridor_observation_concentration,,,unknown_cross_layer_distribution_class
LC,M-Root,dns_root,anycast,all_publicly_visible,4,4,2,0.5,0.5,0.5,0.0,0.5,0.0,2,0.5,1.0,2,1,1,1,1.0,False,0.0,True,False,"insufficient_minimum_mappable_segments,minimum_unique_probes,minimum_unique_probe_asns","minimum_mappable_segments,minimum_unique_probes,minimum_unique_probe_asns",island_or_archipelagic,catalog_island_or_archipelagic_list,0.5,0.5,very_high_candidate_dependency_proxy,descriptive inter-region feasible-corridor candidate exposure; not actual cable use or traffic dependency,2.0,1.0,1.0,1.0,severe_corridor_observation_concentration,1.0,severe_network_transition_concentration,network_and_physical_both_concentrated
LC,M-Root,dns_root,anycast,resolved_entry_only,4,4,2,0.5,0.5,0.5,0.0,0.5,0.0,2,0.5,1.0,2,1,1,1,1.0,False,0.0,True,False,"insufficient_minimum_mappable_segments,minimum_unique_probes,minimum_unique_probe_asns","minimum_mappable_segments,minimum_unique_probes,minimum_unique_probe_asns",island_or_archipelagic,catalog_island_or_archipelagic_list,0.5,0.5,very_high_candidate_dependency_proxy,descriptive inter-region feasible-corridor candidate exposure; not actual cable use or traffic dependency,2.0,1.0,1.0,1.0,severe_corridor_observation_concentration,1.0,severe_network_transition_concentration,network_and_physical_both_concentrated
LI,M-Root,dns_root,anycast,all_publicly_visible,6,6,0,0.0,0.0,0.0,0.0,0.0,0.0,0,0.0,1.0,3,3,1,1,1.0,False,,False,False,insufficient_no_inter_region_projection_segments,"minimum_mappable_segments,minimum_unique_probes,minimum_unique_probe_asns,maximum_country_fallback_share",landlocked,catalog_landlocked_list,0.0,0.0,no_observed_inter_region_candidate_exposure,descriptive inter-region feasible-corridor candidate exposure; not actual cable use or traffic dependency,0.0,,,,unknown_corridor_observation_concentration,,,unknown_cross_layer_distribution_class
LI,M-Root,dns_root,anycast,resolved_entry_only,6,6,0,0.0,0.0,0.0,0.0,0.0,0.0,0,0.0,1.0,3,3,1,1,1.0,False,,False,False,insufficient_no_inter_region_projection_segments,"minimum_mappable_segments,minimum_unique_probes,minimum_unique_probe_asns,maximum_country_fallback_share",landlocked,catalog_landlocked_list,0.0,0.0,no_observed_inter_region_candidate_exposure,descriptive inter-region feasible-corridor candidate exposure; not actual cable use or traffic dependency,0.0,,,,unknown_corridor_observation_concentration,,,unknown_cross_layer_distribution_class
LK,M-Root,dns_root,anycast,all_publicly_visible,26,24,0,0.0,0.0,0.0,0.0,0.0,0.0,0,0.0,0.9230769230769231,13,6,1,1,0.9230769230769231,False,,False,False,insufficient_no_inter_region_projection_segments,"minimum_mappable_segments,minimum_unique_probes,minimum_unique_probe_asns,maximum_country_fallback_share",island_or_archipelagic,catalog_island_or_archipelagic_list,0.0,0.0,no_observed_inter_region_candidate_exposure,descriptive inter-region feasible-corridor candidate exposure; not actual cable use or traffic dependency,0.0,,,,unknown_corridor_observation_concentration,,,unknown_cross_layer_distribution_class
LK,M-Root,dns_root,anycast,resolved_entry_only,24,24,0,0.0,0.0,0.0,0.0,0.0,0.0,0,0.0,1.0,12,6,1,1,1.0,False,,False,False,insufficient_no_inter_region_projection_segments,"minimum_mappable_segments,minimum_unique_probes,minimum_unique_probe_asns,maximum_country_fallback_share",island_or_archipelagic,catalog_island_or_archipelagic_list,0.0,0.0,no_observed_inter_region_candidate_exposure,descriptive inter-region feasible-corridor candidate exposure; not actual cable use or traffic dependency,0.0,,,,unknown_corridor_observation_concentration,,,unknown_cross_layer_distribution_class
LR,M-Root,dns_root,anycast,all_publicly_visible,2,2,0,0.0,0.0,0.0,0.0,0.0,0.0,0,0.0,1.0,1,1,1,1,0.0,False,,False,False,insufficient_no_inter_region_projection_segments,"minimum_mappable_segments,minimum_unique_probes,minimum_unique_probe_asns,maximum_country_fallback_share",coastal_mainland_or_mixed,catalog_default_alpha2_rule,0.0,0.0,no_observed_inter_region_candidate_exposure,descriptive inter-region feasible-corridor candidate exposure; not actual cable use or traffic dependency,0.0,,,,unknown_corridor_observation_concentration,,,unknown_cross_layer_distribution_class
LR,M-Root,NA,NA,resolved_entry_only,0,0,0,,,,,,,0,,,0,0,0,0,,False,,False,False,insufficient_no_inter_region_projection_segments,"minimum_mappable_segments,minimum_unique_probes,minimum_unique_probe_asns,maximum_country_fallback_share",coastal_mainland_or_mixed,catalog_default_alpha2_rule,,,unknown_candidate_dependency_proxy,descriptive inter-region feasible-corridor candidate exposure; not actual cable use or traffic dependency,0.0,,,,unknown_corridor_observation_concentration,,,unknown_cross_layer_distribution_class
LS,M-Root,dns_root,anycast,all_publicly_visible,2,2,1,0.5,0.5,0.5,0.0,0.5,0.0,1,0.5,1.0,1,1,1,1,1.0,False,0.0,True,False,"insufficient_minimum_mappable_segments,minimum_unique_probes,minimum_unique_probe_asns","minimum_mappable_segments,minimum_unique_probes,minimum_unique_probe_asns",landlocked,catalog_landlocked_list,0.5,0.5,very_high_candidate_dependency_proxy,descriptive inter-region feasible-corridor candidate exposure; not actual cable use or traffic dependency,1.0,1.0,1.0,1.0,severe_corridor_observation_concentration,1.0,severe_network_transition_concentration,network_and_physical_both_concentrated
LS,M-Root,dns_root,anycast,resolved_entry_only,2,2,1,0.5,0.5,0.5,0.0,0.5,0.0,1,0.5,1.0,1,1,1,1,1.0,False,0.0,True,False,"insufficient_minimum_mappable_segments,minimum_unique_probes,minimum_unique_probe_asns","minimum_mappable_segments,minimum_unique_probes,minimum_unique_probe_asns",landlocked,catalog_landlocked_list,0.5,0.5,very_high_candidate_dependency_proxy,descriptive inter-region feasible-corridor candidate exposure; not actual cable use or traffic dependency,1.0,1.0,1.0,1.0,severe_corridor_observation_concentration,1.0,severe_network_transition_concentration,network_and_physical_both_concentrated
LT,M-Root,dns_root,anycast,all_publicly_visible,86,82,6,0.06976744186046512,0.06976744186046512,0.06976744186046512,0.06976744186046512,0.046511627906976744,0.06976744186046512,6,0.06976744186046512,0.9534883720930233,43,25,1,1,0.9534883720930233,True,0.0,True,False,"insufficient_minimum_mappable_segments,minimum_unique_probes,minimum_unique_probe_asns","minimum_mappable_segments,minimum_unique_probes,minimum_unique_probe_asns",coastal_mainland_or_mixed,catalog_default_alpha2_rule,0.06976744186046512,0.07317073170731707,moderate_candidate_dependency_proxy,descriptive inter-region feasible-corridor candidate exposure; not actual cable use or traffic dependency,20.0,0.8,1.0,1.8946457081379977,severe_corridor_observation_concentration,2.906919399597624,weak_network_transition_concentration,network_broad_physical_concentrated
LT,M-Root,dns_root,anycast,resolved_entry_only,82,82,6,0.07317073170731707,0.07317073170731707,0.07317073170731707,0.07317073170731707,0.04878048780487805,0.07317073170731707,6,0.07317073170731707,1.0,41,24,1,1,1.0,True,0.0,True,False,"insufficient_minimum_mappable_segments,minimum_unique_probes,minimum_unique_probe_asns","minimum_mappable_segments,minimum_unique_probes,minimum_unique_probe_asns",coastal_mainland_or_mixed,catalog_default_alpha2_rule,0.07317073170731707,0.07317073170731707,moderate_candidate_dependency_proxy,descriptive inter-region feasible-corridor candidate exposure; not actual cable use or traffic dependency,20.0,0.8,1.0,1.8946457081379977,severe_corridor_observation_concentration,2.906919399597624,weak_network_transition_concentration,network_broad_physical_concentrated
LU,M-Root,dns_root,anycast,all_publicly_visible,95,91,0,0.0,0.0,0.0,0.0,0.0,0.0,0,0.0,0.9578947368421052,48,22,1,1,0.9368421052631579,True,,False,False,insufficient_no_inter_region_projection_segments,"minimum_mappable_segments,minimum_unique_probes,minimum_unique_probe_asns,maximum_country_fallback_share",landlocked,catalog_landlocked_list,0.0,0.0,no_observed_inter_region_candidate_exposure,descriptive inter-region feasible-corridor candidate exposure; not actual cable use or traffic dependency,0.0,,,,unknown_corridor_observation_concentration,,,unknown_cross_layer_distribution_class
LU,M-Root,dns_root,anycast,resolved_entry_only,89,89,0,0.0,0.0,0.0,0.0,0.0,0.0,0,0.0,1.0,45,20,1,1,1.0,True,,False,False,insufficient_no_inter_region_projection_segments,"minimum_mappable_segments,minimum_unique_probes,minimum_unique_probe_asns,maximum_country_fallback_share",landlocked,catalog_landlocked_list,0.0,0.0,no_observed_inter_region_candidate_exposure,descriptive inter-region feasible-corridor candidate exposure; not actual cable use or traffic dependency,0.0,,,,unknown_corridor_observation_concentration,,,unknown_cross_layer_distribution_class
LV,M-Root,dns_root,anycast,all_publicly_visible,62,58,0,0.0,0.0,0.0,0.0,0.0,0.0,0,0.0,0.9354838709677419,31,21,1,1,0.9354838709677419,True,,False,False,insufficient_no_inter_region_projection_segments,"minimum_mappable_segments,minimum_unique_probes,minimum_unique_probe_asns,maximum_country_fallback_share",coastal_mainland_or_mixed,catalog_default_alpha2_rule,0.0,0.0,no_observed_inter_region_candidate_exposure,descriptive inter-region feasible-corridor candidate exposure; not actual cable use or traffic dependency,0.0,,,,unknown_corridor_observation_concentration,,,unknown_cross_layer_distribution_class
LV,M-Root,dns_root,anycast,resolved_entry_only,58,58,0,0.0,0.0,0.0,0.0,0.0,0.0,0,0.0,1.0,29,20,1,1,1.0,True,,False,False,insufficient_no_inter_region_projection_segments,"minimum_mappable_segments,minimum_unique_probes,minimum_unique_probe_asns,maximum_country_fallback_share",coastal_mainland_or_mixed,catalog_default_alpha2_rule,0.0,0.0,no_observed_inter_region_candidate_exposure,descriptive inter-region feasible-corridor candidate exposure; not actual cable use or traffic dependency,0.0,,,,unknown_corridor_observation_concentration,,,unknown_cross_layer_distribution_class
MA,M-Root,dns_root,anycast,all_publicly_visible,2,2,0,0.0,0.0,0.0,0.0,0.0,0.0,0,0.0,1.0,1,1,1,1,1.0,False,,False,False,insufficient_no_inter_region_projection_segments,"minimum_mappable_segments,minimum_unique_probes,minimum_unique_probe_asns,maximum_country_fallback_share",coastal_mainland_or_mixed,catalog_default_alpha2_rule,0.0,0.0,no_observed_inter_region_candidate_exposure,descriptive inter-region feasible-corridor candidate exposure; not actual cable use or traffic dependency,0.0,,,,unknown_corridor_observation_concentration,,,unknown_cross_layer_distribution_class
MA,M-Root,dns_root,anycast,resolved_entry_only,2,2,0,0.0,0.0,0.0,0.0,0.0,0.0,0,0.0,1.0,1,1,1,1,1.0,False,,False,False,insufficient_no_inter_region_projection_segments,"minimum_mappable_segments,minimum_unique_probes,minimum_unique_probe_asns,maximum_country_fallback_share",coastal_mainland_or_mixed,catalog_default_alpha2_rule,0.0,0.0,no_observed_inter_region_candidate_exposure,descriptive inter-region feasible-corridor candidate exposure; not actual cable use or traffic dependency,0.0,,,,unknown_corridor_observation_concentration,,,unknown_cross_layer_distribution_class
MD,M-Root,dns_root,anycast,all_publicly_visible,52,52,4,0.07692307692307693,0.07692307692307693,0.07692307692307693,0.07692307692307693,0.038461538461538464,0.07692307692307693,4,0.07692307692307693,1.0,26,14,1,1,1.0,True,0.0,True,False,"insufficient_minimum_mappable_segments,minimum_unique_probes,minimum_unique_probe_asns","minimum_mappable_segments,minimum_unique_probes,minimum_unique_probe_asns",landlocked,catalog_landlocked_list,0.07692307692307693,0.07692307692307693,moderate_candidate_dependency_proxy,descriptive inter-region feasible-corridor candidate exposure; not actual cable use or traffic dependency,13.0,0.8461538461538461,1.0,1.7090899736570637,severe_corridor_observation_concentration,2.9827048407752406,weak_network_transition_concentration,network_broad_physical_concentrated
MD,M-Root,dns_root,anycast,resolved_entry_only,52,52,4,0.07692307692307693,0.07692307692307693,0.07692307692307693,0.07692307692307693,0.038461538461538464,0.07692307692307693,4,0.07692307692307693,1.0,26,14,1,1,1.0,True,0.0,True,False,"insufficient_minimum_mappable_segments,minimum_unique_probes,minimum_unique_probe_asns","minimum_mappable_segments,minimum_unique_probes,minimum_unique_probe_asns",landlocked,catalog_landlocked_list,0.07692307692307693,0.07692307692307693,moderate_candidate_dependency_proxy,descriptive inter-region feasible-corridor candidate exposure; not actual cable use or traffic dependency,13.0,0.8461538461538461,1.0,1.7090899736570637,severe_corridor_observation_concentration,2.9827048407752406,weak_network_transition_concentration,network_broad_physical_concentrated
ME,M-Root,dns_root,anycast,all_publicly_visible,12,12,0,0.0,0.0,0.0,0.0,0.0,0.0,0,0.0,1.0,6,5,1,1,1.0,False,,False,False,insufficient_no_inter_region_projection_segments,"minimum_mappable_segments,minimum_unique_probes,minimum_unique_probe_asns,maximum_country_fallback_share",coastal_mainland_or_mixed,catalog_default_alpha2_rule,0.0,0.0,no_observed_inter_region_candidate_exposure,descriptive inter-region feasible-corridor candidate exposure; not actual cable use or traffic dependency,0.0,,,,unknown_corridor_observation_concentration,,,unknown_cross_layer_distribution_class
ME,M-Root,dns_root,anycast,resolved_entry_only,12,12,0,0.0,0.0,0.0,0.0,0.0,0.0,0,0.0,1.0,6,5,1,1,1.0,False,,False,False,insufficient_no_inter_region_projection_segments,"minimum_mappable_segments,minimum_unique_probes,minimum_unique_probe_asns,maximum_country_fallback_share",coastal_mainland_or_mixed,catalog_default_alpha2_rule,0.0,0.0,no_observed_inter_region_candidate_exposure,descriptive inter-region feasible-corridor candidate exposure; not actual cable use or traffic dependency,0.0,,,,unknown_corridor_observation_concentration,,,unknown_cross_layer_distribution_class
MG,M-Root,dns_root,anycast,all_publicly_visible,4,4,2,0.5,0.5,0.5,0.0,0.5,0.0,2,0.5,1.0,2,1,1,1,1.0,False,0.0,True,False,"insufficient_minimum_mappable_segments,minimum_unique_probes,minimum_unique_probe_asns","minimum_mappable_segments,minimum_unique_probes,minimum_unique_probe_asns",island_or_archipelagic,catalog_island_or_archipelagic_list,0.5,0.5,very_high_candidate_dependency_proxy,descriptive inter-region feasible-corridor candidate exposure; not actual cable use or traffic dependency,2.0,1.0,1.0,1.0,severe_corridor_observation_concentration,1.0,severe_network_transition_concentration,network_and_physical_both_concentrated
MG,M-Root,dns_root,anycast,resolved_entry_only,4,4,2,0.5,0.5,0.5,0.0,0.5,0.0,2,0.5,1.0,2,1,1,1,1.0,False,0.0,True,False,"insufficient_minimum_mappable_segments,minimum_unique_probes,minimum_unique_probe_asns","minimum_mappable_segments,minimum_unique_probes,minimum_unique_probe_asns",island_or_archipelagic,catalog_island_or_archipelagic_list,0.5,0.5,very_high_candidate_dependency_proxy,descriptive inter-region feasible-corridor candidate exposure; not actual cable use or traffic dependency,2.0,1.0,1.0,1.0,severe_corridor_observation_concentration,1.0,severe_network_transition_concentration,network_and_physical_both_concentrated
MH,M-Root,dns_root,anycast,all_publicly_visible,2,2,0,0.0,0.0,0.0,0.0,0.0,0.0,0,0.0,1.0,1,1,1,1,0.0,False,,False,False,insufficient_no_inter_region_projection_segments,"minimum_mappable_segments,minimum_unique_probes,minimum_unique_probe_asns,maximum_country_fallback_share",island_or_archipelagic,catalog_island_or_archipelagic_list,0.0,0.0,no_observed_inter_region_candidate_exposure,descriptive inter-region feasible-corridor candidate exposure; not actual cable use or traffic dependency,0.0,,,,unknown_corridor_observation_concentration,,,unknown_cross_layer_distribution_class
MH,M-Root,NA,NA,resolved_entry_only,0,0,0,,,,,,,0,,,0,0,0,0,,False,,False,False,insufficient_no_inter_region_projection_segments,"minimum_mappable_segments,minimum_unique_probes,minimum_unique_probe_asns,maximum_country_fallback_share",island_or_archipelagic,catalog_island_or_archipelagic_list,,,unknown_candidate_dependency_proxy,descriptive inter-region feasible-corridor candidate exposure; not actual cable use or traffic dependency,0.0,,,,unknown_corridor_observation_concentration,,,unknown_cross_layer_distribution_class
MK,M-Root,dns_root,anycast,all_publicly_visible,26,24,2,0.07692307692307693,0.07692307692307693,0.07692307692307693,0.07692307692307693,0.038461538461538464,0.07692307692307693,2,0.07692307692307693,0.9230769230769231,13,10,1,1,0.6923076923076923,False,0.0,True,False,"insufficient_minimum_mappable_segments,minimum_unique_probes,minimum_unique_probe_asns","minimum_mappable_segments,minimum_unique_probes,minimum_unique_probe_asns",landlocked,catalog_landlocked_list,0.07692307692307693,0.08333333333333333,moderate_candidate_dependency_proxy,descriptive inter-region feasible-corridor candidate exposure; not actual cable use or traffic dependency,7.0,0.8571428571428571,1.0,1.6638552410986087,severe_corridor_observation_concentration,2.941713421083178,weak_network_transition_concentration,network_broad_physical_concentrated
MK,M-Root,dns_root,anycast,resolved_entry_only,18,18,2,0.1111111111111111,0.1111111111111111,0.1111111111111111,0.1111111111111111,0.05555555555555555,0.1111111111111111,2,0.1111111111111111,1.0,9,8,1,1,1.0,False,0.0,True,False,"insufficient_minimum_mappable_segments,minimum_unique_probes,minimum_unique_probe_asns","minimum_mappable_segments,minimum_unique_probes,minimum_unique_probe_asns",landlocked,catalog_landlocked_list,0.1111111111111111,0.1111111111111111,moderate_candidate_dependency_proxy,descriptive inter-region feasible-corridor candidate exposure; not actual cable use or traffic dependency,7.0,0.8571428571428571,1.0,1.6638552410986087,severe_corridor_observation_concentration,2.941713421083178,weak_network_transition_concentration,network_broad_physical_concentrated
ML,M-Root,dns_root,anycast,all_publicly_visible,2,2,2,1.0,1.0,1.0,0.0,1.0,1.0,2,1.0,1.0,1,1,1,1,1.0,False,0.0,True,False,"insufficient_minimum_mappable_segments,minimum_unique_probes,minimum_unique_probe_asns","minimum_mappable_segments,minimum_unique_probes,minimum_unique_probe_asns",landlocked,catalog_landlocked_list,1.0,1.0,very_high_candidate_dependency_proxy,descriptive inter-region feasible-corridor candidate exposure; not actual cable use or traffic dependency,3.0,0.6666666666666666,1.0,1.8898815748423097,moderate_corridor_observation_concentration,1.8898815748423097,moderate_network_transition_concentration,network_and_physical_both_concentrated
ML,M-Root,dns_root,anycast,resolved_entry_only,2,2,2,1.0,1.0,1.0,0.0,1.0,1.0,2,1.0,1.0,1,1,1,1,1.0,False,0.0,True,False,"insufficient_minimum_mappable_segments,minimum_unique_probes,minimum_unique_probe_asns","minimum_mappable_segments,minimum_unique_probes,minimum_unique_probe_asns",landlocked,catalog_landlocked_list,1.0,1.0,very_high_candidate_dependency_proxy,descriptive inter-region feasible-corridor candidate exposure; not actual cable use or traffic dependency,3.0,0.6666666666666666,1.0,1.8898815748423097,moderate_corridor_observation_concentration,1.8898815748423097,moderate_network_transition_concentration,network_and_physical_both_concentrated
MM,M-Root,dns_root,anycast,all_publicly_visible,6,6,6,1.0,1.0,1.0,1.0,0.6666666666666666,1.0,6,1.0,1.0,3,3,1,1,1.0,False,0.0,True,False,"insufficient_minimum_mappable_segments,minimum_unique_probes","minimum_mappable_segments,minimum_unique_probes",coastal_mainland_or_mixed,catalog_default_alpha2_rule,1.0,1.0,very_high_candidate_dependency_proxy,descriptive inter-region feasible-corridor candidate exposure; not actual cable use or traffic dependency,10.0,0.6,1.0,1.9601317042077895,moderate_corridor_observation_concentration,1.9601317042077895,moderate_network_transition_concentration,network_and_physical_both_concentrated
MM,M-Root,dns_root,anycast,resolved_entry_only,6,6,6,1.0,1.0,1.0,1.0,0.6666666666666666,1.0,6,1.0,1.0,3,3,1,1,1.0,False,0.0,True,False,"insufficient_minimum_mappable_segments,minimum_unique_probes","minimum_mappable_segments,minimum_unique_probes",coastal_mainland_or_mixed,catalog_default_alpha2_rule,1.0,1.0,very_high_candidate_dependency_proxy,descriptive inter-region feasible-corridor candidate exposure; not actual cable use or traffic dependency,10.0,0.6,1.0,1.9601317042077895,moderate_corridor_observation_concentration,1.9601317042077895,moderate_network_transition_concentration,network_and_physical_both_concentrated
MN,M-Root,dns_root,anycast,all_publicly_visible,15,15,0,0.0,0.2,0.0,0.0,0.0,0.2,0,0.0,1.0,8,8,1,1,1.0,False,,False,False,insufficient_no_inter_region_projection_segments,"minimum_mappable_segments,minimum_unique_probes,minimum_unique_probe_asns,maximum_country_fallback_share",landlocked,catalog_landlocked_list,0.0,0.0,no_observed_inter_region_candidate_exposure,descriptive inter-region feasible-corridor candidate exposure; not actual cable use or traffic dependency,0.0,,,,unknown_corridor_observation_concentration,,,unknown_cross_layer_distribution_class
MN,M-Root,dns_root,anycast,resolved_entry_only,15,15,0,0.0,0.2,0.0,0.0,0.0,0.2,0,0.0,1.0,8,8,1,1,1.0,False,,False,False,insufficient_no_inter_region_projection_segments,"minimum_mappable_segments,minimum_unique_probes,minimum_unique_probe_asns,maximum_country_fallback_share",landlocked,catalog_landlocked_list,0.0,0.0,no_observed_inter_region_candidate_exposure,descriptive inter-region feasible-corridor candidate exposure; not actual cable use or traffic dependency,0.0,,,,unknown_corridor_observation_concentration,,,unknown_cross_layer_distribution_class
MP,M-Root,dns_root,anycast,all_publicly_visible,2,2,2,1.0,1.0,1.0,0.0,1.0,1.0,2,1.0,1.0,1,1,1,1,0.0,False,0.0,True,False,"insufficient_minimum_mappable_segments,minimum_unique_probes,minimum_unique_probe_asns","minimum_mappable_segments,minimum_unique_probes,minimum_unique_probe_asns",island_or_archipelagic,catalog_island_or_archipelagic_list,1.0,1.0,very_high_candidate_dependency_proxy,descriptive inter-region feasible-corridor candidate exposure; not actual cable use or traffic dependency,2.0,1.0,1.0,1.0,severe_corridor_observation_concentration,1.0,severe_network_transition_concentration,network_and_physical_both_concentrated
MP,M-Root,NA,NA,resolved_entry_only,0,0,0,,,,,,,0,,,0,0,0,0,,False,,False,False,insufficient_no_inter_region_projection_segments,"minimum_mappable_segments,minimum_unique_probes,minimum_unique_probe_asns,maximum_country_fallback_share",island_or_archipelagic,catalog_island_or_archipelagic_list,,,unknown_candidate_dependency_proxy,descriptive inter-region feasible-corridor candidate exposure; not actual cable use or traffic dependency,0.0,,,,unknown_corridor_observation_concentration,,,unknown_cross_layer_distribution_class
MT,M-Root,dns_root,anycast,all_publicly_visible,18,18,14,0.7777777777777778,1.0,0.7777777777777778,0.7777777777777778,0.6111111111111112,1.0,14,0.7777777777777778,1.0,9,3,1,1,1.0,False,0.0,True,False,insufficient_minimum_unique_probes,minimum_unique_probes,island_or_archipelagic,catalog_island_or_archipelagic_list,0.7777777777777778,0.7777777777777778,very_high_candidate_dependency_proxy,descriptive inter-region feasible-corridor candidate exposure; not actual cable use or traffic dependency,50.0,0.74,0.9199999999999999,2.35916152469463,moderate_corridor_observation_concentration,3.606412529550008,weak_network_transition_concentration,network_broad_physical_concentrated
MT,M-Root,dns_root,anycast,resolved_entry_only,18,18,14,0.7777777777777778,1.0,0.7777777777777778,0.7777777777777778,0.6111111111111112,1.0,14,0.7777777777777778,1.0,9,3,1,1,1.0,False,0.0,True,False,insufficient_minimum_unique_probes,minimum_unique_probes,island_or_archipelagic,catalog_island_or_archipelagic_list,0.7777777777777778,0.7777777777777778,very_high_candidate_dependency_proxy,descriptive inter-region feasible-corridor candidate exposure; not actual cable use or traffic dependency,50.0,0.74,0.9199999999999999,2.35916152469463,moderate_corridor_observation_concentration,3.606412529550008,weak_network_transition_concentration,network_broad_physical_concentrated
MU,M-Root,dns_root,anycast,all_publicly_visible,16,14,2,0.125,0.125,0.125,0.0,0.125,0.0,2,0.125,0.875,8,4,1,1,0.875,False,0.0,True,False,"insufficient_minimum_mappable_segments,minimum_unique_probes,minimum_unique_probe_asns","minimum_mappable_segments,minimum_unique_probes,minimum_unique_probe_asns",island_or_archipelagic,catalog_island_or_archipelagic_list,0.125,0.14285714285714285,moderate_candidate_dependency_proxy,descriptive inter-region feasible-corridor candidate exposure; not actual cable use or traffic dependency,2.0,1.0,1.0,1.0,severe_corridor_observation_concentration,1.0,severe_network_transition_concentration,network_and_physical_both_concentrated
MU,M-Root,dns_root,anycast,resolved_entry_only,14,14,2,0.14285714285714285,0.14285714285714285,0.14285714285714285,0.0,0.14285714285714285,0.0,2,0.14285714285714285,1.0,7,4,1,1,1.0,False,0.0,True,False,"insufficient_minimum_mappable_segments,minimum_unique_probes,minimum_unique_probe_asns","minimum_mappable_segments,minimum_unique_probes,minimum_unique_probe_asns",island_or_archipelagic,catalog_island_or_archipelagic_list,0.14285714285714285,0.14285714285714285,moderate_candidate_dependency_proxy,descriptive inter-region feasible-corridor candidate exposure; not actual cable use or traffic dependency,2.0,1.0,1.0,1.0,severe_corridor_observation_concentration,1.0,severe_network_transition_concentration,network_and_physical_both_concentrated
MV,M-Root,dns_root,anycast,all_publicly_visible,24,24,22,0.9166666666666666,0.9166666666666666,0.9166666666666666,0.5,0.8333333333333334,0.9166666666666666,22,0.9166666666666666,1.0,12,4,1,1,1.0,False,0.6060606060606061,False,False,insufficient_maximum_country_fallback_share,maximum_country_fallback_share,island_or_archipelagic,catalog_island_or_archipelagic_list,0.9166666666666666,0.9166666666666666,very_high_candidate_dependency_proxy,descriptive inter-region feasible-corridor candidate exposure; not actual cable use or traffic dependency,33.0,0.5454545454545454,0.9696969696969697,2.6493910203028146,moderate_corridor_observation_concentration,3.853709243800707,weak_network_transition_concentration,network_broad_physical_concentrated
MV,M-Root,dns_root,anycast,resolved_entry_only,24,24,22,0.9166666666666666,0.9166666666666666,0.9166666666666666,0.5,0.8333333333333334,0.9166666666666666,22,0.9166666666666666,1.0,12,4,1,1,1.0,False,0.6060606060606061,False,False,insufficient_maximum_country_fallback_share,maximum_country_fallback_share,island_or_archipelagic,catalog_island_or_archipelagic_list,0.9166666666666666,0.9166666666666666,very_high_candidate_dependency_proxy,descriptive inter-region feasible-corridor candidate exposure; not actual cable use or traffic dependency,33.0,0.5454545454545454,0.9696969696969697,2.6493910203028146,moderate_corridor_observation_concentration,3.853709243800707,weak_network_transition_concentration,network_broad_physical_concentrated
MW,M-Root,dns_root,anycast,all_publicly_visible,2,2,0,0.0,0.5,0.0,0.0,0.0,0.5,0,0.0,1.0,1,1,1,1,1.0,False,,False,False,insufficient_no_inter_region_projection_segments,"minimum_mappable_segments,minimum_unique_probes,minimum_unique_probe_asns,maximum_country_fallback_share",landlocked,catalog_landlocked_list,0.0,0.0,no_observed_inter_region_candidate_exposure,descriptive inter-region feasible-corridor candidate exposure; not actual cable use or traffic dependency,0.0,,,,unknown_corridor_observation_concentration,,,unknown_cross_layer_distribution_class
MW,M-Root,dns_root,anycast,resolved_entry_only,2,2,0,0.0,0.5,0.0,0.0,0.0,0.5,0,0.0,1.0,1,1,1,1,1.0,False,,False,False,insufficient_no_inter_region_projection_segments,"minimum_mappable_segments,minimum_unique_probes,minimum_unique_probe_asns,maximum_country_fallback_share",landlocked,catalog_landlocked_list,0.0,0.0,no_observed_inter_region_candidate_exposure,descriptive inter-region feasible-corridor candidate exposure; not actual cable use or traffic dependency,0.0,,,,unknown_corridor_observation_concentration,,,unknown_cross_layer_distribution_class
MX,M-Root,dns_root,anycast,all_publicly_visible,115,109,5,0.043478260869565216,0.043478260869565216,0.043478260869565216,0.0,0.043478260869565216,0.0,5,0.043478260869565216,0.9478260869565217,58,27,1,1,0.9478260869565217,True,0.0,True,False,"insufficient_minimum_mappable_segments,minimum_unique_probes","minimum_mappable_segments,minimum_unique_probes",coastal_mainland_or_mixed,catalog_default_alpha2_rule,0.043478260869565216,0.045871559633027525,low_candidate_dependency_proxy,descriptive inter-region feasible-corridor candidate exposure; not actual cable use or traffic dependency,5.0,0.8,1.0,1.6493848884661177,severe_corridor_observation_concentration,1.6493848884661177,severe_network_transition_concentration,network_and_physical_both_concentrated
MX,M-Root,dns_root,anycast,resolved_entry_only,109,109,5,0.045871559633027525,0.045871559633027525,0.045871559633027525,0.0,0.045871559633027525,0.0,5,0.045871559633027525,1.0,55,26,1,1,1.0,True,0.0,True,False,"insufficient_minimum_mappable_segments,minimum_unique_probes","minimum_mappable_segments,minimum_unique_probes",coastal_mainland_or_mixed,catalog_default_alpha2_rule,0.045871559633027525,0.045871559633027525,low_candidate_dependency_proxy,descriptive inter-region feasible-corridor candidate exposure; not actual cable use or traffic dependency,5.0,0.8,1.0,1.6493848884661177,severe_corridor_observation_concentration,1.6493848884661177,severe_network_transition_concentration,network_and_physical_both_concentrated
MY,M-Root,dns_root,anycast,all_publicly_visible,72,70,2,0.027777777777777776,0.027777777777777776,0.027777777777777776,0.027777777777777776,0.027777777777777776,0.027777777777777776,2,0.027777777777777776,0.9722222222222222,36,20,1,1,0.9444444444444444,True,0.0,True,False,"insufficient_minimum_mappable_segments,minimum_unique_probes,minimum_unique_probe_asns","minimum_mappable_segments,minimum_unique_probes,minimum_unique_probe_asns",coastal_mainland_or_mixed,catalog_default_alpha2_rule,0.027777777777777776,0.02857142857142857,low_candidate_dependency_proxy,descriptive inter-region feasible-corridor candidate exposure; not actual cable use or traffic dependency,10.0,0.8,1.0,1.6493848884661177,severe_corridor_observation_concentration,2.586409289858933,moderate_network_transition_concentration,network_and_physical_both_concentrated
MY,M-Root,dns_root,anycast,resolved_entry_only,68,68,2,0.029411764705882353,0.029411764705882353,0.029411764705882353,0.029411764705882353,0.029411764705882353,0.029411764705882353,2,0.029411764705882353,1.0,34,18,1,1,1.0,True,0.0,True,False,"insufficient_minimum_mappable_segments,minimum_unique_probes,minimum_unique_probe_asns","minimum_mappable_segments,minimum_unique_probes,minimum_unique_probe_asns",coastal_mainland_or_mixed,catalog_default_alpha2_rule,0.029411764705882353,0.029411764705882353,low_candidate_dependency_proxy,descriptive inter-region feasible-corridor candidate exposure; not actual cable use or traffic dependency,10.0,0.8,1.0,1.6493848884661177,severe_corridor_observation_concentration,2.586409289858933,moderate_network_transition_concentration,network_and_physical_both_concentrated
MZ,M-Root,dns_root,anycast,all_publicly_visible,5,5,4,0.8,0.8,0.8,0.0,0.8,0.0,4,0.8,1.0,3,3,1,1,1.0,False,0.0,True,False,"insufficient_minimum_mappable_segments,minimum_unique_probes,minimum_unique_probe_asns","minimum_mappable_segments,minimum_unique_probes,minimum_unique_probe_asns",coastal_mainland_or_mixed,catalog_default_alpha2_rule,0.8,0.8,very_high_candidate_dependency_proxy,descriptive inter-region feasible-corridor candidate exposure; not actual cable use or traffic dependency,4.0,1.0,1.0,1.0,severe_corridor_observation_concentration,1.7547653506033232,moderate_network_transition_concentration,network_and_physical_both_concentrated
MZ,M-Root,dns_root,anycast,resolved_entry_only,5,5,4,0.8,0.8,0.8,0.0,0.8,0.0,4,0.8,1.0,3,3,1,1,1.0,False,0.0,True,False,"insufficient_minimum_mappable_segments,minimum_unique_probes,minimum_unique_probe_asns","minimum_mappable_segments,minimum_unique_probes,minimum_unique_probe_asns",coastal_mainland_or_mixed,catalog_default_alpha2_rule,0.8,0.8,very_high_candidate_dependency_proxy,descriptive inter-region feasible-corridor candidate exposure; not actual cable use or traffic dependency,4.0,1.0,1.0,1.0,severe_corridor_observation_concentration,1.7547653506033232,moderate_network_transition_concentration,network_and_physical_both_concentrated
NA,M-Root,dns_root,anycast,all_publicly_visible,8,8,2,0.25,0.75,0.25,0.0,0.25,0.5,2,0.25,1.0,4,3,1,1,1.0,False,0.0,True,False,"insufficient_minimum_mappable_segments,minimum_unique_probes,minimum_unique_probe_asns","minimum_mappable_segments,minimum_unique_probes,minimum_unique_probe_asns",unknown,unclassified_or_missing_country_code,0.25,0.25,high_candidate_dependency_proxy,descriptive inter-region feasible-corridor candidate exposure; not actual cable use or traffic dependency,2.0,1.0,1.0,1.0,severe_corridor_observation_concentration,1.0,severe_network_transition_concentration,network_and_physical_both_concentrated
NA,M-Root,dns_root,anycast,resolved_entry_only,8,8,2,0.25,0.75,0.25,0.0,0.25,0.5,2,0.25,1.0,4,3,1,1,1.0,False,0.0,True,False,"insufficient_minimum_mappable_segments,minimum_unique_probes,minimum_unique_probe_asns","minimum_mappable_segments,minimum_unique_probes,minimum_unique_probe_asns",unknown,unclassified_or_missing_country_code,0.25,0.25,high_candidate_dependency_proxy,descriptive inter-region feasible-corridor candidate exposure; not actual cable use or traffic dependency,2.0,1.0,1.0,1.0,severe_corridor_observation_concentration,1.0,severe_network_transition_concentration,network_and_physical_both_concentrated
NC,M-Root,dns_root,anycast,all_publicly_visible,10,10,10,1.0,1.0,1.0,0.0,1.0,1.0,10,1.0,1.0,5,2,1,1,1.0,False,1.0,False,False,"insufficient_minimum_mappable_segments,minimum_unique_probes,minimum_unique_probe_asns,maximum_country_fallback_share","minimum_mappable_segments,minimum_unique_probes,minimum_unique_probe_asns,maximum_country_fallback_share",island_or_archipelagic,catalog_island_or_archipelagic_list,1.0,1.0,very_high_candidate_dependency_proxy,descriptive inter-region feasible-corridor candidate exposure; not actual cable use or traffic dependency,10.0,1.0,1.0,1.0,severe_corridor_observation_concentration,1.0,severe_network_transition_concentration,network_and_physical_both_concentrated
NC,M-Root,dns_root,anycast,resolved_entry_only,10,10,10,1.0,1.0,1.0,0.0,1.0,1.0,10,1.0,1.0,5,2,1,1,1.0,False,1.0,False,False,"insufficient_minimum_mappable_segments,minimum_unique_probes,minimum_unique_probe_asns,maximum_country_fallback_share","minimum_mappable_segments,minimum_unique_probes,minimum_unique_probe_asns,maximum_country_fallback_share",island_or_archipelagic,catalog_island_or_archipelagic_list,1.0,1.0,very_high_candidate_dependency_proxy,descriptive inter-region feasible-corridor candidate exposure; not actual cable use or traffic dependency,10.0,1.0,1.0,1.0,severe_corridor_observation_concentration,1.0,severe_network_transition_concentration,network_and_physical_both_concentrated
NG,M-Root,dns_root,anycast,all_publicly_visible,20,20,7,0.35,0.35,0.35,0.0,0.35,0.0,7,0.35,1.0,10,6,1,1,0.6,False,0.0,True,False,"insufficient_minimum_mappable_segments,minimum_unique_probes","minimum_mappable_segments,minimum_unique_probes",coastal_mainland_or_mixed,catalog_default_alpha2_rule,0.35,0.35,very_high_candidate_dependency_proxy,descriptive inter-region feasible-corridor candidate exposure; not actual cable use or traffic dependency,7.0,0.5714285714285714,1.0,1.9796263300525183,moderate_corridor_observation_concentration,2.941713421083178,weak_network_transition_concentration,network_broad_physical_concentrated
NG,M-Root,dns_root,anycast,resolved_entry_only,12,12,7,0.5833333333333334,0.5833333333333334,0.5833333333333334,0.0,0.5833333333333334,0.0,7,0.5833333333333334,1.0,6,5,1,1,1.0,False,0.0,True,False,"insufficient_minimum_mappable_segments,minimum_unique_probes","minimum_mappable_segments,minimum_unique_probes",coastal_mainland_or_mixed,catalog_default_alpha2_rule,0.5833333333333334,0.5833333333333334,very_high_candidate_dependency_proxy,descriptive inter-region feasible-corridor candidate exposure; not actual cable use or traffic dependency,7.0,0.5714285714285714,1.0,1.9796263300525183,moderate_corridor_observation_concentration,2.941713421083178,weak_network_transition_concentration,network_broad_physical_concentrated
NI,M-Root,dns_root,anycast,all_publicly_visible,14,10,0,0.0,0.0,0.0,0.0,0.0,0.0,0,0.0,0.7142857142857143,7,5,1,1,0.7142857142857143,False,,False,False,insufficient_no_inter_region_projection_segments,"minimum_mappable_segments,minimum_unique_probes,minimum_unique_probe_asns,maximum_country_fallback_share",coastal_mainland_or_mixed,catalog_default_alpha2_rule,0.0,0.0,no_observed_inter_region_candidate_exposure,descriptive inter-region feasible-corridor candidate exposure; not actual cable use or traffic dependency,0.0,,,,unknown_corridor_observation_concentration,,,unknown_cross_layer_distribution_class
NI,M-Root,dns_root,anycast,resolved_entry_only,10,10,0,0.0,0.0,0.0,0.0,0.0,0.0,0,0.0,1.0,5,4,1,1,1.0,False,,False,False,insufficient_no_inter_region_projection_segments,"minimum_mappable_segments,minimum_unique_probes,minimum_unique_probe_asns,maximum_country_fallback_share",coastal_mainland_or_mixed,catalog_default_alpha2_rule,0.0,0.0,no_observed_inter_region_candidate_exposure,descriptive inter-region feasible-corridor candidate exposure; not actual cable use or traffic dependency,0.0,,,,unknown_corridor_observation_concentration,,,unknown_cross_layer_distribution_class
NL,M-Root,dns_root,anycast,all_publicly_visible,1335,1280,6,0.0044943820224719105,0.0044943820224719105,0.0044943820224719105,0.0044943820224719105,0.0022471910112359553,0.0044943820224719105,6,0.0044943820224719105,0.9588014981273408,669,185,1,1,0.952808988764045,True,0.0,True,False,"insufficient_minimum_mappable_segments,minimum_unique_probes","minimum_mappable_segments,minimum_unique_probes",coastal_mainland_or_mixed,catalog_default_alpha2_rule,0.0044943820224719105,0.0046875,low_candidate_dependency_proxy,descriptive inter-region feasible-corridor candidate exposure; not actual cable use or traffic dependency,22.0,0.8636363636363636,1.0,1.5836737062612072,severe_corridor_observation_concentration,2.9069066786738817,weak_network_transition_concentration,network_broad_physical_concentrated
NL,M-Root,dns_root,anycast,resolved_entry_only,1272,1272,6,0.0047169811320754715,0.0047169811320754715,0.0047169811320754715,0.0047169811320754715,0.0023584905660377358,0.0047169811320754715,6,0.0047169811320754715,1.0,638,176,1,1,1.0,True,0.0,True,False,"insufficient_minimum_mappable_segments,minimum_unique_probes","minimum_mappable_segments,minimum_unique_probes",coastal_mainland_or_mixed,catalog_default_alpha2_rule,0.0047169811320754715,0.0047169811320754715,low_candidate_dependency_proxy,descriptive inter-region feasible-corridor candidate exposure; not actual cable use or traffic dependency,22.0,0.8636363636363636,1.0,1.5836737062612072,severe_corridor_observation_concentration,2.9069066786738817,weak_network_transition_concentration,network_broad_physical_concentrated
NO,M-Root,dns_root,anycast,all_publicly_visible,184,176,150,0.8152173913043478,0.8152173913043478,0.8152173913043478,0.8152173913043478,0.016304347826086956,0.21195652173913043,150,0.8152173913043478,0.9565217391304348,93,35,1,1,0.9456521739130435,True,0.27728613569321536,True,True,auditable,,coastal_mainland_or_mixed,catalog_default_alpha2_rule,0.8152173913043478,0.8522727272727273,very_high_candidate_dependency_proxy,descriptive inter-region feasible-corridor candidate exposure; not actual cable use or traffic dependency,339.0,0.7885939036381514,0.8839724680432645,2.6767016352050725,moderate_corridor_observation_concentration,11.649596104452872,broad_network_transition_distribution,network_broad_physical_concentrated
NO,M-Root,dns_root,anycast,resolved_entry_only,174,174,148,0.8505747126436781,0.8505747126436781,0.8505747126436781,0.8505747126436781,0.017241379310344827,0.22413793103448276,148,0.8505747126436781,1.0,88,34,1,1,1.0,True,0.2822822822822823,True,True,auditable,,coastal_mainland_or_mixed,catalog_default_alpha2_rule,0.8505747126436781,0.8505747126436781,very_high_candidate_dependency_proxy,descriptive inter-region feasible-corridor candidate exposure; not actual cable use or traffic dependency,333.0,0.7847847847847848,0.8818818818818819,2.7128585789176705,moderate_corridor_observation_concentration,11.701767105672559,broad_network_transition_distribution,network_broad_physical_concentrated
NP,M-Root,dns_root,anycast,all_publicly_visible,31,31,1,0.03225806451612903,0.03225806451612903,0.03225806451612903,0.0,0.03225806451612903,0.0,1,0.03225806451612903,1.0,16,10,1,1,1.0,True,1.0,False,False,"insufficient_minimum_mappable_segments,minimum_unique_probes,minimum_unique_probe_asns,maximum_country_fallback_share","minimum_mappable_segments,minimum_unique_probes,minimum_unique_probe_asns,maximum_country_fallback_share",landlocked,catalog_landlocked_list,0.03225806451612903,0.03225806451612903,low_candidate_dependency_proxy,descriptive inter-region feasible-corridor candidate exposure; not actual cable use or traffic dependency,1.0,1.0,1.0,1.0,severe_corridor_observation_concentration,1.0,severe_network_transition_concentration,network_and_physical_both_concentrated
NP,M-Root,dns_root,anycast,resolved_entry_only,31,31,1,0.03225806451612903,0.03225806451612903,0.03225806451612903,0.0,0.03225806451612903,0.0,1,0.03225806451612903,1.0,16,10,1,1,1.0,True,1.0,False,False,"insufficient_minimum_mappable_segments,minimum_unique_probes,minimum_unique_probe_asns,maximum_country_fallback_share","minimum_mappable_segments,minimum_unique_probes,minimum_unique_probe_asns,maximum_country_fallback_share",landlocked,catalog_landlocked_list,0.03225806451612903,0.03225806451612903,low_candidate_dependency_proxy,descriptive inter-region feasible-corridor candidate exposure; not actual cable use or traffic dependency,1.0,1.0,1.0,1.0,severe_corridor_observation_concentration,1.0,severe_network_transition_concentration,network_and_physical_both_concentrated
NU,M-Root,dns_root,anycast,all_publicly_visible,2,2,0,0.0,0.0,0.0,0.0,0.0,0.0,0,0.0,1.0,1,1,1,1,1.0,False,,False,False,insufficient_no_inter_region_projection_segments,"minimum_mappable_segments,minimum_unique_probes,minimum_unique_probe_asns,maximum_country_fallback_share",island_or_archipelagic,catalog_island_or_archipelagic_list,0.0,0.0,no_observed_inter_region_candidate_exposure,descriptive inter-region feasible-corridor candidate exposure; not actual cable use or traffic dependency,0.0,,,,unknown_corridor_observation_concentration,,,unknown_cross_layer_distribution_class
NU,M-Root,dns_root,anycast,resolved_entry_only,2,2,0,0.0,0.0,0.0,0.0,0.0,0.0,0,0.0,1.0,1,1,1,1,1.0,False,,False,False,insufficient_no_inter_region_projection_segments,"minimum_mappable_segments,minimum_unique_probes,minimum_unique_probe_asns,maximum_country_fallback_share",island_or_archipelagic,catalog_island_or_archipelagic_list,0.0,0.0,no_observed_inter_region_candidate_exposure,descriptive inter-region feasible-corridor candidate exposure; not actual cable use or traffic dependency,0.0,,,,unknown_corridor_observation_concentration,,,unknown_cross_layer_distribution_class
NZ,M-Root,dns_root,anycast,all_publicly_visible,231,215,196,0.8484848484848485,0.8658008658008658,0.8484848484848485,0.8484848484848485,0.025974025974025976,0.6277056277056277,196,0.8484848484848485,0.9307359307359307,116,35,1,1,0.922077922077922,True,0.7663551401869159,False,False,insufficient_maximum_country_fallback_share,maximum_country_fallback_share,island_or_archipelagic,catalog_island_or_archipelagic_list,0.8484848484848485,0.9116279069767442,very_high_candidate_dependency_proxy,descriptive inter-region feasible-corridor candidate exposure; not actual cable use or traffic dependency,321.0,0.32398753894080995,0.7414330218068536,6.017292953656912,broad_corridor_observation_distribution,3.5077310927965573,weak_network_transition_concentration,network_and_physical_both_broad
NZ,M-Root,dns_root,anycast,resolved_entry_only,213,213,196,0.92018779342723,0.9295774647887324,0.92018779342723,0.92018779342723,0.028169014084507043,0.6713615023474179,196,0.92018779342723,1.0,107,33,1,1,1.0,True,0.7663551401869159,False,False,insufficient_maximum_country_fallback_share,maximum_country_fallback_share,island_or_archipelagic,catalog_island_or_archipelagic_list,0.92018779342723,0.92018779342723,very_high_candidate_dependency_proxy,descriptive inter-region feasible-corridor candidate exposure; not actual cable use or traffic dependency,321.0,0.32398753894080995,0.7414330218068536,6.017292953656912,broad_corridor_observation_distribution,3.5077310927965573,weak_network_transition_concentration,network_and_physical_both_broad
OM,M-Root,dns_root,anycast,all_publicly_visible,4,4,4,1.0,1.0,1.0,1.0,0.0,1.0,4,1.0,1.0,2,2,1,1,1.0,False,0.0,True,False,"insufficient_minimum_mappable_segments,minimum_unique_probes,minimum_unique_probe_asns","minimum_mappable_segments,minimum_unique_probes,minimum_unique_probe_asns",coastal_mainland_or_mixed,catalog_default_alpha2_rule,1.0,1.0,very_high_candidate_dependency_proxy,descriptive inter-region feasible-corridor candidate exposure; not actual cable use or traffic dependency,8.0,1.0,1.0,1.0,severe_corridor_observation_concentration,2.0,moderate_network_transition_concentration,network_and_physical_both_concentrated
OM,M-Root,dns_root,anycast,resolved_entry_only,4,4,4,1.0,1.0,1.0,1.0,0.0,1.0,4,1.0,1.0,2,2,1,1,1.0,False,0.0,True,False,"insufficient_minimum_mappable_segments,minimum_unique_probes,minimum_unique_probe_asns","minimum_mappable_segments,minimum_unique_probes,minimum_unique_probe_asns",coastal_mainland_or_mixed,catalog_default_alpha2_rule,1.0,1.0,very_high_candidate_dependency_proxy,descriptive inter-region feasible-corridor candidate exposure; not actual cable use or traffic dependency,8.0,1.0,1.0,1.0,severe_corridor_observation_concentration,2.0,moderate_network_transition_concentration,network_and_physical_both_concentrated
PA,M-Root,dns_root,anycast,all_publicly_visible,44,42,3,0.06818181818181818,0.06818181818181818,0.06818181818181818,0.0,0.06818181818181818,0.0,3,0.06818181818181818,0.9545454545454546,22,10,1,1,0.9545454545454546,True,0.0,True,False,"insufficient_minimum_mappable_segments,minimum_unique_probes,minimum_unique_probe_asns","minimum_mappable_segments,minimum_unique_probes,minimum_unique_probe_asns",coastal_mainland_or_mixed,catalog_default_alpha2_rule,0.06818181818181818,0.07142857142857142,moderate_candidate_dependency_proxy,descriptive inter-region feasible-corridor candidate exposure; not actual cable use or traffic dependency,3.0,0.6666666666666666,1.0,1.8898815748423097,moderate_corridor_observation_concentration,1.8898815748423097,moderate_network_transition_concentration,network_and_physical_both_concentrated
PA,M-Root,dns_root,anycast,resolved_entry_only,42,42,3,0.07142857142857142,0.07142857142857142,0.07142857142857142,0.0,0.07142857142857142,0.0,3,0.07142857142857142,1.0,21,9,1,1,1.0,True,0.0,True,False,"insufficient_minimum_mappable_segments,minimum_unique_probes,minimum_unique_probe_asns","minimum_mappable_segments,minimum_unique_probes,minimum_unique_probe_asns",coastal_mainland_or_mixed,catalog_default_alpha2_rule,0.07142857142857142,0.07142857142857142,moderate_candidate_dependency_proxy,descriptive inter-region feasible-corridor candidate exposure; not actual cable use or traffic dependency,3.0,0.6666666666666666,1.0,1.8898815748423097,moderate_corridor_observation_concentration,1.8898815748423097,moderate_network_transition_concentration,network_and_physical_both_concentrated
PE,M-Root,dns_root,anycast,all_publicly_visible,46,46,10,0.21739130434782608,0.21739130434782608,0.21739130434782608,0.0,0.21739130434782608,0.0,10,0.21739130434782608,1.0,23,18,1,1,1.0,True,0.0,True,False,"insufficient_minimum_mappable_segments,minimum_unique_probes","minimum_mappable_segments,minimum_unique_probes",coastal_mainland_or_mixed,catalog_default_alpha2_rule,0.21739130434782608,0.21739130434782608,high_candidate_dependency_proxy,descriptive inter-region feasible-corridor candidate exposure; not actual cable use or traffic dependency,11.0,0.8181818181818182,1.0,1.6066307960863546,severe_corridor_observation_concentration,2.818482965826066,moderate_network_transition_concentration,network_and_physical_both_concentrated
PE,M-Root,dns_root,anycast,resolved_entry_only,46,46,10,0.21739130434782608,0.21739130434782608,0.21739130434782608,0.0,0.21739130434782608,0.0,10,0.21739130434782608,1.0,23,18,1,1,1.0,True,0.0,True,False,"insufficient_minimum_mappable_segments,minimum_unique_probes","minimum_mappable_segments,minimum_unique_probes",coastal_mainland_or_mixed,catalog_default_alpha2_rule,0.21739130434782608,0.21739130434782608,high_candidate_dependency_proxy,descriptive inter-region feasible-corridor candidate exposure; not actual cable use or traffic dependency,11.0,0.8181818181818182,1.0,1.6066307960863546,severe_corridor_observation_concentration,2.818482965826066,moderate_network_transition_concentration,network_and_physical_both_concentrated
PF,M-Root,dns_root,anycast,all_publicly_visible,12,12,0,0.0,0.0,0.0,0.0,0.0,0.0,0,0.0,1.0,6,1,1,1,1.0,False,,False,False,insufficient_no_inter_region_projection_segments,"minimum_mappable_segments,minimum_unique_probes,minimum_unique_probe_asns,maximum_country_fallback_share",island_or_archipelagic,catalog_island_or_archipelagic_list,0.0,0.0,no_observed_inter_region_candidate_exposure,descriptive inter-region feasible-corridor candidate exposure; not actual cable use or traffic dependency,0.0,,,,unknown_corridor_observation_concentration,,,unknown_cross_layer_distribution_class
PF,M-Root,dns_root,anycast,resolved_entry_only,12,12,0,0.0,0.0,0.0,0.0,0.0,0.0,0,0.0,1.0,6,1,1,1,1.0,False,,False,False,insufficient_no_inter_region_projection_segments,"minimum_mappable_segments,minimum_unique_probes,minimum_unique_probe_asns,maximum_country_fallback_share",island_or_archipelagic,catalog_island_or_archipelagic_list,0.0,0.0,no_observed_inter_region_candidate_exposure,descriptive inter-region feasible-corridor candidate exposure; not actual cable use or traffic dependency,0.0,,,,unknown_corridor_observation_concentration,,,unknown_cross_layer_distribution_class
PG,M-Root,dns_root,anycast,all_publicly_visible,2,2,2,1.0,1.0,1.0,1.0,1.0,0.5,2,1.0,1.0,1,1,1,1,1.0,False,0.2857142857142857,True,False,"insufficient_minimum_mappable_segments,minimum_unique_probes,minimum_unique_probe_asns","minimum_mappable_segments,minimum_unique_probes,minimum_unique_probe_asns",island_or_archipelagic,catalog_island_or_archipelagic_list,1.0,1.0,very_high_candidate_dependency_proxy,descriptive inter-region feasible-corridor candidate exposure; not actual cable use or traffic dependency,7.0,0.2857142857142857,0.8571428571428571,3.8643132978583434,weak_corridor_observation_concentration,3.5859888270569544,weak_network_transition_concentration,network_and_physical_both_concentrated
PG,M-Root,dns_root,anycast,resolved_entry_only,2,2,2,1.0,1.0,1.0,1.0,1.0,0.5,2,1.0,1.0,1,1,1,1,1.0,False,0.2857142857142857,True,False,"insufficient_minimum_mappable_segments,minimum_unique_probes,minimum_unique_probe_asns","minimum_mappable_segments,minimum_unique_probes,minimum_unique_probe_asns",island_or_archipelagic,catalog_island_or_archipelagic_list,1.0,1.0,very_high_candidate_dependency_proxy,descriptive inter-region feasible-corridor candidate exposure; not actual cable use or traffic dependency,7.0,0.2857142857142857,0.8571428571428571,3.8643132978583434,weak_corridor_observation_concentration,3.5859888270569544,weak_network_transition_concentration,network_and_physical_both_concentrated
PH,M-Root,dns_root,anycast,all_publicly_visible,132,126,83,0.6287878787878788,0.6590909090909091,0.6287878787878788,0.15151515151515152,0.5681818181818182,0.29545454545454547,83,0.6287878787878788,0.9545454545454546,66,35,1,1,0.9545454545454546,True,0.19047619047619047,True,True,auditable,,island_or_archipelagic,catalog_island_or_archipelagic_list,0.6287878787878788,0.6587301587301587,very_high_candidate_dependency_proxy,descriptive inter-region feasible-corridor candidate exposure; not actual cable use or traffic dependency,105.0,0.3619047619047619,0.7857142857142857,5.149914023256076,broad_corridor_observation_distribution,10.445527666471909,broad_network_transition_distribution,network_and_physical_both_broad
PH,M-Root,dns_root,anycast,resolved_entry_only,126,126,83,0.6587301587301587,0.6904761904761905,0.6587301587301587,0.15873015873015872,0.5952380952380952,0.30952380952380953,83,0.6587301587301587,1.0,63,34,1,1,1.0,True,0.19047619047619047,True,True,auditable,,island_or_archipelagic,catalog_island_or_archipelagic_list,0.6587301587301587,0.6587301587301587,very_high_candidate_dependency_proxy,descriptive inter-region feasible-corridor candidate exposure; not actual cable use or traffic dependency,105.0,0.3619047619047619,0.7857142857142857,5.149914023256076,broad_corridor_observation_distribution,10.445527666471909,broad_network_transition_distribution,network_and_physical_both_broad
PK,M-Root,dns_root,anycast,all_publicly_visible,26,18,13,0.5,0.5,0.5,0.38461538461538464,0.3076923076923077,0.38461538461538464,13,0.5,0.6923076923076923,13,9,1,1,0.6923076923076923,False,0.85,False,False,"insufficient_minimum_mappable_segments,minimum_unique_probes,maximum_country_fallback_share","minimum_mappable_segments,minimum_unique_probes,maximum_country_fallback_share",coastal_mainland_or_mixed,catalog_default_alpha2_rule,0.5,0.7222222222222222,very_high_candidate_dependency_proxy,descriptive inter-region feasible-corridor candidate exposure; not actual cable use or traffic dependency,20.0,0.6,1.0,1.9601317042077895,moderate_corridor_observation_concentration,2.746734506126001,moderate_network_transition_concentration,network_and_physical_both_concentrated
PK,M-Root,dns_root,anycast,resolved_entry_only,18,18,13,0.7222222222222222,0.7222222222222222,0.7222222222222222,0.5555555555555556,0.4444444444444444,0.5555555555555556,13,0.7222222222222222,1.0,9,7,1,1,1.0,False,0.85,False,False,"insufficient_minimum_mappable_segments,minimum_unique_probes,maximum_country_fallback_share","minimum_mappable_segments,minimum_unique_probes,maximum_country_fallback_share",coastal_mainland_or_mixed,catalog_default_alpha2_rule,0.7222222222222222,0.7222222222222222,very_high_candidate_dependency_proxy,descriptive inter-region feasible-corridor candidate exposure; not actual cable use or traffic dependency,20.0,0.6,1.0,1.9601317042077895,moderate_corridor_observation_concentration,2.746734506126001,moderate_network_transition_concentration,network_and_physical_both_concentrated
PL,M-Root,dns_root,anycast,all_publicly_visible,469,449,56,0.11940298507462686,0.11940298507462686,0.11940298507462686,0.11513859275053305,0.04904051172707889,0.11513859275053305,56,0.11940298507462686,0.9573560767590619,234,133,1,1,0.9530916844349681,True,0.0,True,True,auditable,,coastal_mainland_or_mixed,catalog_default_alpha2_rule,0.11940298507462686,0.12472160356347439,moderate_candidate_dependency_proxy,descriptive inter-region feasible-corridor candidate exposure; not actual cable use or traffic dependency,171.0,0.8654970760233918,0.9941520467836257,1.6621131904591713,severe_corridor_observation_concentration,3.1709097349399182,weak_network_transition_concentration,network_broad_physical_concentrated
PL,M-Root,dns_root,anycast,resolved_entry_only,447,447,56,0.12527964205816555,0.12527964205816555,0.12527964205816555,0.12080536912751678,0.05145413870246085,0.12080536912751678,56,0.12527964205816555,1.0,223,128,1,1,1.0,True,0.0,True,True,auditable,,coastal_mainland_or_mixed,catalog_default_alpha2_rule,0.12527964205816555,0.12527964205816555,moderate_candidate_dependency_proxy,descriptive inter-region feasible-corridor candidate exposure; not actual cable use or traffic dependency,171.0,0.8654970760233918,0.9941520467836257,1.6621131904591713,severe_corridor_observation_concentration,3.1709097349399182,weak_network_transition_concentration,network_broad_physical_concentrated
PR,M-Root,dns_root,anycast,all_publicly_visible,4,4,4,1.0,1.0,1.0,0.0,1.0,1.0,4,1.0,1.0,2,2,1,1,0.5,False,0.25,True,False,"insufficient_minimum_mappable_segments,minimum_unique_probes,minimum_unique_probe_asns","minimum_mappable_segments,minimum_unique_probes,minimum_unique_probe_asns",island_or_archipelagic,catalog_island_or_archipelagic_list,1.0,1.0,very_high_candidate_dependency_proxy,descriptive inter-region feasible-corridor candidate exposure; not actual cable use or traffic dependency,4.0,1.0,1.0,1.0,severe_corridor_observation_concentration,2.82842712474619,weak_network_transition_concentration,network_broad_physical_concentrated
PR,M-Root,dns_root,anycast,resolved_entry_only,2,2,2,1.0,1.0,1.0,0.0,1.0,1.0,2,1.0,1.0,1,1,1,1,1.0,False,0.5,False,False,"insufficient_minimum_mappable_segments,minimum_unique_probes,minimum_unique_probe_asns,maximum_country_fallback_share","minimum_mappable_segments,minimum_unique_probes,minimum_unique_probe_asns,maximum_country_fallback_share",island_or_archipelagic,catalog_island_or_archipelagic_list,1.0,1.0,very_high_candidate_dependency_proxy,descriptive inter-region feasible-corridor candidate exposure; not actual cable use or traffic dependency,2.0,1.0,1.0,1.0,severe_corridor_observation_concentration,2.0,moderate_network_transition_concentration,network_and_physical_both_concentrated
PS,M-Root,dns_root,anycast,all_publicly_visible,2,2,0,0.0,0.0,0.0,0.0,0.0,0.0,0,0.0,1.0,1,1,1,1,1.0,False,,False,False,insufficient_no_inter_region_projection_segments,"minimum_mappable_segments,minimum_unique_probes,minimum_unique_probe_asns,maximum_country_fallback_share",coastal_mainland_or_mixed,catalog_default_alpha2_rule,0.0,0.0,no_observed_inter_region_candidate_exposure,descriptive inter-region feasible-corridor candidate exposure; not actual cable use or traffic dependency,0.0,,,,unknown_corridor_observation_concentration,,,unknown_cross_layer_distribution_class
PS,M-Root,dns_root,anycast,resolved_entry_only,2,2,0,0.0,0.0,0.0,0.0,0.0,0.0,0,0.0,1.0,1,1,1,1,1.0,False,,False,False,insufficient_no_inter_region_projection_segments,"minimum_mappable_segments,minimum_unique_probes,minimum_unique_probe_asns,maximum_country_fallback_share",coastal_mainland_or_mixed,catalog_default_alpha2_rule,0.0,0.0,no_observed_inter_region_candidate_exposure,descriptive inter-region feasible-corridor candidate exposure; not actual cable use or traffic dependency,0.0,,,,unknown_corridor_observation_concentration,,,unknown_cross_layer_distribution_class
PT,M-Root,dns_root,anycast,all_publicly_visible,209,199,3,0.014354066985645933,0.4354066985645933,0.014354066985645933,0.0,0.014354066985645933,0.42105263157894735,3,0.014354066985645933,0.9521531100478469,104,23,1,1,0.9521531100478469,True,0.0,True,False,"insufficient_minimum_mappable_segments,minimum_unique_probes,minimum_unique_probe_asns","minimum_mappable_segments,minimum_unique_probes,minimum_unique_probe_asns",coastal_mainland_or_mixed,catalog_default_alpha2_rule,0.014354066985645933,0.01507537688442211,low_candidate_dependency_proxy,descriptive inter-region feasible-corridor candidate exposure; not actual cable use or traffic dependency,3.0,0.5,1.0,2.0,moderate_corridor_observation_concentration,1.0,severe_network_transition_concentration,network_and_physical_both_concentrated
PT,M-Root,dns_root,anycast,resolved_entry_only,199,199,3,0.01507537688442211,0.457286432160804,0.01507537688442211,0.0,0.01507537688442211,0.44221105527638194,3,0.01507537688442211,1.0,99,22,1,1,1.0,True,0.0,True,False,"insufficient_minimum_mappable_segments,minimum_unique_probes,minimum_unique_probe_asns","minimum_mappable_segments,minimum_unique_probes,minimum_unique_probe_asns",coastal_mainland_or_mixed,catalog_default_alpha2_rule,0.01507537688442211,0.01507537688442211,low_candidate_dependency_proxy,descriptive inter-region feasible-corridor candidate exposure; not actual cable use or traffic dependency,3.0,0.5,1.0,2.0,moderate_corridor_observation_concentration,1.0,severe_network_transition_concentration,network_and_physical_both_concentrated
PW,M-Root,dns_root,anycast,all_publicly_visible,2,2,0,0.0,0.0,0.0,0.0,0.0,0.0,0,0.0,1.0,1,1,1,1,1.0,False,,False,False,insufficient_no_inter_region_projection_segments,"minimum_mappable_segments,minimum_unique_probes,minimum_unique_probe_asns,maximum_country_fallback_share",island_or_archipelagic,catalog_island_or_archipelagic_list,0.0,0.0,no_observed_inter_region_candidate_exposure,descriptive inter-region feasible-corridor candidate exposure; not actual cable use or traffic dependency,0.0,,,,unknown_corridor_observation_concentration,,,unknown_cross_layer_distribution_class
PW,M-Root,dns_root,anycast,resolved_entry_only,2,2,0,0.0,0.0,0.0,0.0,0.0,0.0,0,0.0,1.0,1,1,1,1,1.0,False,,False,False,insufficient_no_inter_region_projection_segments,"minimum_mappable_segments,minimum_unique_probes,minimum_unique_probe_asns,maximum_country_fallback_share",island_or_archipelagic,catalog_island_or_archipelagic_list,0.0,0.0,no_observed_inter_region_candidate_exposure,descriptive inter-region feasible-corridor candidate exposure; not actual cable use or traffic dependency,0.0,,,,unknown_corridor_observation_concentration,,,unknown_cross_layer_distribution_class
PY,M-Root,dns_root,anycast,all_publicly_visible,22,20,0,0.0,0.0,0.0,0.0,0.0,0.0,0,0.0,0.9090909090909091,11,8,1,1,0.8181818181818182,False,,False,False,insufficient_no_inter_region_projection_segments,"minimum_mappable_segments,minimum_unique_probes,minimum_unique_probe_asns,maximum_country_fallback_share",landlocked,catalog_landlocked_list,0.0,0.0,no_observed_inter_region_candidate_exposure,descriptive inter-region feasible-corridor candidate exposure; not actual cable use or traffic dependency,0.0,,,,unknown_corridor_observation_concentration,,,unknown_cross_layer_distribution_class
PY,M-Root,dns_root,anycast,resolved_entry_only,18,18,0,0.0,0.0,0.0,0.0,0.0,0.0,0,0.0,1.0,9,7,1,1,1.0,False,,False,False,insufficient_no_inter_region_projection_segments,"minimum_mappable_segments,minimum_unique_probes,minimum_unique_probe_asns,maximum_country_fallback_share",landlocked,catalog_landlocked_list,0.0,0.0,no_observed_inter_region_candidate_exposure,descriptive inter-region feasible-corridor candidate exposure; not actual cable use or traffic dependency,0.0,,,,unknown_corridor_observation_concentration,,,unknown_cross_layer_distribution_class
QA,M-Root,dns_root,anycast,all_publicly_visible,2,2,2,1.0,1.0,1.0,1.0,1.0,1.0,2,1.0,1.0,1,1,1,1,1.0,False,0.4,False,False,"insufficient_minimum_mappable_segments,minimum_unique_probes,minimum_unique_probe_asns,maximum_country_fallback_share","minimum_mappable_segments,minimum_unique_probes,minimum_unique_probe_asns,maximum_country_fallback_share",coastal_mainland_or_mixed,catalog_default_alpha2_rule,1.0,1.0,very_high_candidate_dependency_proxy,descriptive inter-region feasible-corridor candidate exposure; not actual cable use or traffic dependency,5.0,0.6,1.0,1.9601317042077895,moderate_corridor_observation_concentration,2.8717458874925876,moderate_network_transition_concentration,network_and_physical_both_concentrated
QA,M-Root,dns_root,anycast,resolved_entry_only,2,2,2,1.0,1.0,1.0,1.0,1.0,1.0,2,1.0,1.0,1,1,1,1,1.0,False,0.4,False,False,"insufficient_minimum_mappable_segments,minimum_unique_probes,minimum_unique_probe_asns,maximum_country_fallback_share","minimum_mappable_segments,minimum_unique_probes,minimum_unique_probe_asns,maximum_country_fallback_share",coastal_mainland_or_mixed,catalog_default_alpha2_rule,1.0,1.0,very_high_candidate_dependency_proxy,descriptive inter-region feasible-corridor candidate exposure; not actual cable use or traffic dependency,5.0,0.6,1.0,1.9601317042077895,moderate_corridor_observation_concentration,2.8717458874925876,moderate_network_transition_concentration,network_and_physical_both_concentrated
RE,M-Root,dns_root,anycast,all_publicly_visible,103,103,53,0.5145631067961165,0.5145631067961165,0.5145631067961165,0.5145631067961165,0.49514563106796117,0.019417475728155338,53,0.5145631067961165,1.0,52,5,1,1,1.0,True,1.0,False,False,"insufficient_minimum_unique_probe_asns,maximum_country_fallback_share","minimum_unique_probe_asns,maximum_country_fallback_share",island_or_archipelagic,catalog_island_or_archipelagic_list,0.5145631067961165,0.5145631067961165,very_high_candidate_dependency_proxy,descriptive inter-region feasible-corridor candidate exposure; not actual cable use or traffic dependency,152.0,0.3355263157894737,0.9868421052631579,3.1702602924389316,weak_corridor_observation_concentration,3.1702602924389316,weak_network_transition_concentration,network_and_physical_both_concentrated
RE,M-Root,dns_root,anycast,resolved_entry_only,103,103,53,0.5145631067961165,0.5145631067961165,0.5145631067961165,0.5145631067961165,0.49514563106796117,0.019417475728155338,53,0.5145631067961165,1.0,52,5,1,1,1.0,True,1.0,False,False,"insufficient_minimum_unique_probe_asns,maximum_country_fallback_share","minimum_unique_probe_asns,maximum_country_fallback_share",island_or_archipelagic,catalog_island_or_archipelagic_list,0.5145631067961165,0.5145631067961165,very_high_candidate_dependency_proxy,descriptive inter-region feasible-corridor candidate exposure; not actual cable use or traffic dependency,152.0,0.3355263157894737,0.9868421052631579,3.1702602924389316,weak_corridor_observation_concentration,3.1702602924389316,weak_network_transition_concentration,network_and_physical_both_concentrated
RO,M-Root,dns_root,anycast,all_publicly_visible,179,177,0,0.0,0.0,0.0,0.0,0.0,0.0,0,0.0,0.9888268156424581,90,47,1,1,0.9664804469273743,True,,False,False,insufficient_no_inter_region_projection_segments,"minimum_mappable_segments,minimum_unique_probes,minimum_unique_probe_asns,maximum_country_fallback_share",coastal_mainland_or_mixed,catalog_default_alpha2_rule,0.0,0.0,no_observed_inter_region_candidate_exposure,descriptive inter-region feasible-corridor candidate exposure; not actual cable use or traffic dependency,0.0,,,,unknown_corridor_observation_concentration,,,unknown_cross_layer_distribution_class
RO,M-Root,dns_root,anycast,resolved_entry_only,173,173,0,0.0,0.0,0.0,0.0,0.0,0.0,0,0.0,1.0,87,44,1,1,1.0,True,,False,False,insufficient_no_inter_region_projection_segments,"minimum_mappable_segments,minimum_unique_probes,minimum_unique_probe_asns,maximum_country_fallback_share",coastal_mainland_or_mixed,catalog_default_alpha2_rule,0.0,0.0,no_observed_inter_region_candidate_exposure,descriptive inter-region feasible-corridor candidate exposure; not actual cable use or traffic dependency,0.0,,,,unknown_corridor_observation_concentration,,,unknown_cross_layer_distribution_class
RS,M-Root,dns_root,anycast,all_publicly_visible,102,97,2,0.0196078431372549,0.0196078431372549,0.0196078431372549,0.0196078431372549,0.0,0.0196078431372549,2,0.0196078431372549,0.9509803921568627,51,21,1,1,0.8529411764705882,True,0.0,True,False,"insufficient_minimum_mappable_segments,minimum_unique_probes,minimum_unique_probe_asns","minimum_mappable_segments,minimum_unique_probes,minimum_unique_probe_asns",landlocked,catalog_landlocked_list,0.0196078431372549,0.020618556701030927,low_candidate_dependency_proxy,descriptive inter-region feasible-corridor candidate exposure; not actual cable use or traffic dependency,7.0,1.0,1.0,1.0,severe_corridor_observation_concentration,2.941713421083178,weak_network_transition_concentration,network_broad_physical_concentrated
RS,M-Root,dns_root,anycast,resolved_entry_only,87,87,2,0.022988505747126436,0.022988505747126436,0.022988505747126436,0.022988505747126436,0.0,0.022988505747126436,2,0.022988505747126436,1.0,44,20,1,1,1.0,True,0.0,True,False,"insufficient_minimum_mappable_segments,minimum_unique_probes,minimum_unique_probe_asns","minimum_mappable_segments,minimum_unique_probes,minimum_unique_probe_asns",landlocked,catalog_landlocked_list,0.022988505747126436,0.022988505747126436,low_candidate_dependency_proxy,descriptive inter-region feasible-corridor candidate exposure; not actual cable use or traffic dependency,7.0,1.0,1.0,1.0,severe_corridor_observation_concentration,2.941713421083178,weak_network_transition_concentration,network_broad_physical_concentrated
RU,M-Root,dns_root,anycast,all_publicly_visible,1039,990,30,0.028873917228103944,0.028873917228103944,0.028873917228103944,0.0038498556304138597,0.02598652550529355,0.0038498556304138597,30,0.028873917228103944,0.9528392685274302,519,308,1,1,0.933589990375361,True,0.3142857142857143,False,False,insufficient_maximum_country_fallback_share,maximum_country_fallback_share,coastal_mainland_or_mixed,catalog_default_alpha2_rule,0.028873917228103944,0.030303030303030304,low_candidate_dependency_proxy,descriptive inter-region feasible-corridor candidate exposure; not actual cable use or traffic dependency,35.0,0.7142857142857143,0.9714285714285714,2.1833275670153234,moderate_corridor_observation_concentration,4.17549794104768,weak_network_transition_concentration,network_broad_physical_concentrated
RU,M-Root,dns_root,anycast,resolved_entry_only,970,970,29,0.029896907216494847,0.029896907216494847,0.029896907216494847,0.004123711340206186,0.026804123711340205,0.004123711340206186,29,0.029896907216494847,1.0,485,292,1,1,1.0,True,0.29411764705882354,True,True,auditable,,coastal_mainland_or_mixed,catalog_default_alpha2_rule,0.029896907216494847,0.029896907216494847,low_candidate_dependency_proxy,descriptive inter-region feasible-corridor candidate exposure; not actual cable use or traffic dependency,34.0,0.7058823529411765,0.9705882352941176,2.2116703539873392,moderate_corridor_observation_concentration,4.204990529730957,weak_network_transition_concentration,network_broad_physical_concentrated
RW,M-Root,dns_root,anycast,all_publicly_visible,2,2,0,0.0,0.0,0.0,0.0,0.0,0.0,0,0.0,1.0,1,1,1,1,1.0,False,,False,False,insufficient_no_inter_region_projection_segments,"minimum_mappable_segments,minimum_unique_probes,minimum_unique_probe_asns,maximum_country_fallback_share",landlocked,catalog_landlocked_list,0.0,0.0,no_observed_inter_region_candidate_exposure,descriptive inter-region feasible-corridor candidate exposure; not actual cable use or traffic dependency,0.0,,,,unknown_corridor_observation_concentration,,,unknown_cross_layer_distribution_class
RW,M-Root,dns_root,anycast,resolved_entry_only,2,2,0,0.0,0.0,0.0,0.0,0.0,0.0,0,0.0,1.0,1,1,1,1,1.0,False,,False,False,insufficient_no_inter_region_projection_segments,"minimum_mappable_segments,minimum_unique_probes,minimum_unique_probe_asns,maximum_country_fallback_share",landlocked,catalog_landlocked_list,0.0,0.0,no_observed_inter_region_candidate_exposure,descriptive inter-region feasible-corridor candidate exposure; not actual cable use or traffic dependency,0.0,,,,unknown_corridor_observation_concentration,,,unknown_cross_layer_distribution_class
SA,M-Root,dns_root,anycast,all_publicly_visible,48,36,4,0.08333333333333333,0.08333333333333333,0.08333333333333333,0.0,0.08333333333333333,0.0,4,0.08333333333333333,0.75,24,12,1,1,0.75,True,0.0,True,False,"insufficient_minimum_mappable_segments,minimum_unique_probes,minimum_unique_probe_asns","minimum_mappable_segments,minimum_unique_probes,minimum_unique_probe_asns",coastal_mainland_or_mixed,catalog_default_alpha2_rule,0.08333333333333333,0.1111111111111111,moderate_candidate_dependency_proxy,descriptive inter-region feasible-corridor candidate exposure; not actual cable use or traffic dependency,4.0,1.0,1.0,1.0,severe_corridor_observation_concentration,1.0,severe_network_transition_concentration,network_and_physical_both_concentrated
SA,M-Root,dns_root,anycast,resolved_entry_only,36,36,4,0.1111111111111111,0.1111111111111111,0.1111111111111111,0.0,0.1111111111111111,0.0,4,0.1111111111111111,1.0,18,10,1,1,1.0,True,0.0,True,False,"insufficient_minimum_mappable_segments,minimum_unique_probes,minimum_unique_probe_asns","minimum_mappable_segments,minimum_unique_probes,minimum_unique_probe_asns",coastal_mainland_or_mixed,catalog_default_alpha2_rule,0.1111111111111111,0.1111111111111111,moderate_candidate_dependency_proxy,descriptive inter-region feasible-corridor candidate exposure; not actual cable use or traffic dependency,4.0,1.0,1.0,1.0,severe_corridor_observation_concentration,1.0,severe_network_transition_concentration,network_and_physical_both_concentrated
SE,M-Root,dns_root,anycast,all_publicly_visible,468,444,96,0.20512820512820512,0.3269230769230769,0.20512820512820512,0.18162393162393162,0.0876068376068376,0.2863247863247863,96,0.20512820512820512,0.9487179487179487,233,78,1,1,0.9487179487179487,True,0.029850746268656716,True,True,auditable,,coastal_mainland_or_mixed,catalog_default_alpha2_rule,0.20512820512820512,0.21621621621621623,high_candidate_dependency_proxy,descriptive inter-region feasible-corridor candidate exposure; not actual cable use or traffic dependency,268.0,0.7313432835820896,0.875,2.7617694875228933,moderate_corridor_observation_concentration,5.352720717344241,weak_network_transition_concentration,network_broad_physical_concentrated
SE,M-Root,dns_root,anycast,resolved_entry_only,444,444,96,0.21621621621621623,0.34459459459459457,0.21621621621621623,0.19144144144144143,0.09234234234234234,0.30180180180180183,96,0.21621621621621623,1.0,221,74,1,1,1.0,True,0.029850746268656716,True,True,auditable,,coastal_mainland_or_mixed,catalog_default_alpha2_rule,0.21621621621621623,0.21621621621621623,high_candidate_dependency_proxy,descriptive inter-region feasible-corridor candidate exposure; not actual cable use or traffic dependency,268.0,0.7313432835820896,0.875,2.7617694875228933,moderate_corridor_observation_concentration,5.352720717344241,weak_network_transition_concentration,network_broad_physical_concentrated
SG,M-Root,dns_root,anycast,all_publicly_visible,297,279,173,0.5824915824915825,0.5824915824915825,0.5824915824915825,0.5791245791245792,0.07744107744107744,0.5791245791245792,173,0.5824915824915825,0.9393939393939394,149,66,1,1,0.9393939393939394,True,0.2647058823529412,True,True,auditable,,island_or_archipelagic,catalog_island_or_archipelagic_list,0.5824915824915825,0.6200716845878136,very_high_candidate_dependency_proxy,descriptive inter-region feasible-corridor candidate exposure; not actual cable use or traffic dependency,510.0,0.9549019607843138,0.996078431372549,1.2371522563475508,severe_corridor_observation_concentration,20.30417368534283,broad_network_transition_distribution,network_broad_physical_concentrated
SG,M-Root,dns_root,anycast,resolved_entry_only,279,279,173,0.6200716845878136,0.6200716845878136,0.6200716845878136,0.6164874551971327,0.08243727598566308,0.6164874551971327,173,0.6200716845878136,1.0,140,62,1,1,1.0,True,0.2647058823529412,True,True,auditable,,island_or_archipelagic,catalog_island_or_archipelagic_list,0.6200716845878136,0.6200716845878136,very_high_candidate_dependency_proxy,descriptive inter-region feasible-corridor candidate exposure; not actual cable use or traffic dependency,510.0,0.9549019607843138,0.996078431372549,1.2371522563475508,severe_corridor_observation_concentration,20.30417368534283,broad_network_transition_distribution,network_broad_physical_concentrated
SI,M-Root,dns_root,anycast,all_publicly_visible,98,90,0,0.0,0.0,0.0,0.0,0.0,0.0,0,0.0,0.9183673469387755,49,22,1,1,0.9183673469387755,True,,False,False,insufficient_no_inter_region_projection_segments,"minimum_mappable_segments,minimum_unique_probes,minimum_unique_probe_asns,maximum_country_fallback_share",coastal_mainland_or_mixed,catalog_default_alpha2_rule,0.0,0.0,no_observed_inter_region_candidate_exposure,descriptive inter-region feasible-corridor candidate exposure; not actual cable use or traffic dependency,0.0,,,,unknown_corridor_observation_concentration,,,unknown_cross_layer_distribution_class
SI,M-Root,dns_root,anycast,resolved_entry_only,90,90,0,0.0,0.0,0.0,0.0,0.0,0.0,0,0.0,1.0,45,21,1,1,1.0,True,,False,False,insufficient_no_inter_region_projection_segments,"minimum_mappable_segments,minimum_unique_probes,minimum_unique_probe_asns,maximum_country_fallback_share",coastal_mainland_or_mixed,catalog_default_alpha2_rule,0.0,0.0,no_observed_inter_region_candidate_exposure,descriptive inter-region feasible-corridor candidate exposure; not actual cable use or traffic dependency,0.0,,,,unknown_corridor_observation_concentration,,,unknown_cross_layer_distribution_class
SK,M-Root,dns_root,anycast,all_publicly_visible,113,105,0,0.0,0.0,0.0,0.0,0.0,0.0,0,0.0,0.9292035398230089,56,22,1,1,0.9292035398230089,True,,False,False,insufficient_no_inter_region_projection_segments,"minimum_mappable_segments,minimum_unique_probes,minimum_unique_probe_asns,maximum_country_fallback_share",landlocked,catalog_landlocked_list,0.0,0.0,no_observed_inter_region_candidate_exposure,descriptive inter-region feasible-corridor candidate exposure; not actual cable use or traffic dependency,0.0,,,,unknown_corridor_observation_concentration,,,unknown_cross_layer_distribution_class
SK,M-Root,dns_root,anycast,resolved_entry_only,105,105,0,0.0,0.0,0.0,0.0,0.0,0.0,0,0.0,1.0,52,22,1,1,1.0,True,,False,False,insufficient_no_inter_region_projection_segments,"minimum_mappable_segments,minimum_unique_probes,minimum_unique_probe_asns,maximum_country_fallback_share",landlocked,catalog_landlocked_list,0.0,0.0,no_observed_inter_region_candidate_exposure,descriptive inter-region feasible-corridor candidate exposure; not actual cable use or traffic dependency,0.0,,,,unknown_corridor_observation_concentration,,,unknown_cross_layer_distribution_class
SL,M-Root,dns_root,anycast,all_publicly_visible,4,2,2,0.5,0.5,0.5,0.0,0.5,0.0,2,0.5,0.5,2,2,1,1,0.5,False,0.0,True,False,"insufficient_minimum_mappable_segments,minimum_unique_probes,minimum_unique_probe_asns","minimum_mappable_segments,minimum_unique_probes,minimum_unique_probe_asns",coastal_mainland_or_mixed,catalog_default_alpha2_rule,0.5,1.0,very_high_candidate_dependency_proxy,descriptive inter-region feasible-corridor candidate exposure; not actual cable use or traffic dependency,2.0,1.0,1.0,1.0,severe_corridor_observation_concentration,1.0,severe_network_transition_concentration,network_and_physical_both_concentrated
SL,M-Root,dns_root,anycast,resolved_entry_only,2,2,2,1.0,1.0,1.0,0.0,1.0,0.0,2,1.0,1.0,1,1,1,1,1.0,False,0.0,True,False,"insufficient_minimum_mappable_segments,minimum_unique_probes,minimum_unique_probe_asns","minimum_mappable_segments,minimum_unique_probes,minimum_unique_probe_asns",coastal_mainland_or_mixed,catalog_default_alpha2_rule,1.0,1.0,very_high_candidate_dependency_proxy,descriptive inter-region feasible-corridor candidate exposure; not actual cable use or traffic dependency,2.0,1.0,1.0,1.0,severe_corridor_observation_concentration,1.0,severe_network_transition_concentration,network_and_physical_both_concentrated
SM,M-Root,dns_root,anycast,all_publicly_visible,2,2,0,0.0,0.0,0.0,0.0,0.0,0.0,0,0.0,1.0,1,1,1,1,1.0,False,,False,False,insufficient_no_inter_region_projection_segments,"minimum_mappable_segments,minimum_unique_probes,minimum_unique_probe_asns,maximum_country_fallback_share",landlocked,catalog_landlocked_list,0.0,0.0,no_observed_inter_region_candidate_exposure,descriptive inter-region feasible-corridor candidate exposure; not actual cable use or traffic dependency,0.0,,,,unknown_corridor_observation_concentration,,,unknown_cross_layer_distribution_class
SM,M-Root,dns_root,anycast,resolved_entry_only,2,2,0,0.0,0.0,0.0,0.0,0.0,0.0,0,0.0,1.0,1,1,1,1,1.0,False,,False,False,insufficient_no_inter_region_projection_segments,"minimum_mappable_segments,minimum_unique_probes,minimum_unique_probe_asns,maximum_country_fallback_share",landlocked,catalog_landlocked_list,0.0,0.0,no_observed_inter_region_candidate_exposure,descriptive inter-region feasible-corridor candidate exposure; not actual cable use or traffic dependency,0.0,,,,unknown_corridor_observation_concentration,,,unknown_cross_layer_distribution_class
SN,M-Root,dns_root,anycast,all_publicly_visible,4,4,4,1.0,1.0,1.0,0.0,1.0,0.0,4,1.0,1.0,2,2,1,1,1.0,False,0.0,True,False,"insufficient_minimum_mappable_segments,minimum_unique_probes,minimum_unique_probe_asns","minimum_mappable_segments,minimum_unique_probes,minimum_unique_probe_asns",coastal_mainland_or_mixed,catalog_default_alpha2_rule,1.0,1.0,very_high_candidate_dependency_proxy,descriptive inter-region feasible-corridor candidate exposure; not actual cable use or traffic dependency,4.0,0.5,1.0,2.0,moderate_corridor_observation_concentration,1.0,severe_network_transition_concentration,network_and_physical_both_concentrated
SN,M-Root,dns_root,anycast,resolved_entry_only,4,4,4,1.0,1.0,1.0,0.0,1.0,0.0,4,1.0,1.0,2,2,1,1,1.0,False,0.0,True,False,"insufficient_minimum_mappable_segments,minimum_unique_probes,minimum_unique_probe_asns","minimum_mappable_segments,minimum_unique_probes,minimum_unique_probe_asns",coastal_mainland_or_mixed,catalog_default_alpha2_rule,1.0,1.0,very_high_candidate_dependency_proxy,descriptive inter-region feasible-corridor candidate exposure; not actual cable use or traffic dependency,4.0,0.5,1.0,2.0,moderate_corridor_observation_concentration,1.0,severe_network_transition_concentration,network_and_physical_both_concentrated
SR,M-Root,dns_root,anycast,all_publicly_visible,2,2,0,0.0,0.0,0.0,0.0,0.0,0.0,0,0.0,1.0,1,1,1,1,1.0,False,,False,False,insufficient_no_inter_region_projection_segments,"minimum_mappable_segments,minimum_unique_probes,minimum_unique_probe_asns,maximum_country_fallback_share",coastal_mainland_or_mixed,catalog_default_alpha2_rule,0.0,0.0,no_observed_inter_region_candidate_exposure,descriptive inter-region feasible-corridor candidate exposure; not actual cable use or traffic dependency,0.0,,,,unknown_corridor_observation_concentration,,,unknown_cross_layer_distribution_class
SR,M-Root,dns_root,anycast,resolved_entry_only,2,2,0,0.0,0.0,0.0,0.0,0.0,0.0,0,0.0,1.0,1,1,1,1,1.0,False,,False,False,insufficient_no_inter_region_projection_segments,"minimum_mappable_segments,minimum_unique_probes,minimum_unique_probe_asns,maximum_country_fallback_share",coastal_mainland_or_mixed,catalog_default_alpha2_rule,0.0,0.0,no_observed_inter_region_candidate_exposure,descriptive inter-region feasible-corridor candidate exposure; not actual cable use or traffic dependency,0.0,,,,unknown_corridor_observation_concentration,,,unknown_cross_layer_distribution_class
SS,M-Root,dns_root,anycast,all_publicly_visible,2,2,2,1.0,1.0,1.0,0.0,1.0,0.0,2,1.0,1.0,1,1,1,1,1.0,False,0.0,True,False,"insufficient_minimum_mappable_segments,minimum_unique_probes,minimum_unique_probe_asns","minimum_mappable_segments,minimum_unique_probes,minimum_unique_probe_asns",landlocked,catalog_landlocked_list,1.0,1.0,very_high_candidate_dependency_proxy,descriptive inter-region feasible-corridor candidate exposure; not actual cable use or traffic dependency,4.0,0.5,1.0,2.82842712474619,weak_corridor_observation_concentration,1.0,severe_network_transition_concentration,network_and_physical_both_concentrated
SS,M-Root,dns_root,anycast,resolved_entry_only,2,2,2,1.0,1.0,1.0,0.0,1.0,0.0,2,1.0,1.0,1,1,1,1,1.0,False,0.0,True,False,"insufficient_minimum_mappable_segments,minimum_unique_probes,minimum_unique_probe_asns","minimum_mappable_segments,minimum_unique_probes,minimum_unique_probe_asns",landlocked,catalog_landlocked_list,1.0,1.0,very_high_candidate_dependency_proxy,descriptive inter-region feasible-corridor candidate exposure; not actual cable use or traffic dependency,4.0,0.5,1.0,2.82842712474619,weak_corridor_observation_concentration,1.0,severe_network_transition_concentration,network_and_physical_both_concentrated
SV,M-Root,dns_root,anycast,all_publicly_visible,29,23,0,0.0,0.0,0.0,0.0,0.0,0.0,0,0.0,0.7931034482758621,15,10,1,1,0.6896551724137931,False,,False,False,insufficient_no_inter_region_projection_segments,"minimum_mappable_segments,minimum_unique_probes,minimum_unique_probe_asns,maximum_country_fallback_share",coastal_mainland_or_mixed,catalog_default_alpha2_rule,0.0,0.0,no_observed_inter_region_candidate_exposure,descriptive inter-region feasible-corridor candidate exposure; not actual cable use or traffic dependency,0.0,,,,unknown_corridor_observation_concentration,,,unknown_cross_layer_distribution_class
SV,M-Root,dns_root,anycast,resolved_entry_only,20,20,0,0.0,0.0,0.0,0.0,0.0,0.0,0,0.0,1.0,10,7,1,1,1.0,False,,False,False,insufficient_no_inter_region_projection_segments,"minimum_mappable_segments,minimum_unique_probes,minimum_unique_probe_asns,maximum_country_fallback_share",coastal_mainland_or_mixed,catalog_default_alpha2_rule,0.0,0.0,no_observed_inter_region_candidate_exposure,descriptive inter-region feasible-corridor candidate exposure; not actual cable use or traffic dependency,0.0,,,,unknown_corridor_observation_concentration,,,unknown_cross_layer_distribution_class
SY,M-Root,dns_root,anycast,all_publicly_visible,6,0,0,0.0,0.0,0.0,0.0,0.0,0.0,0,0.0,0.0,3,2,1,1,0.0,False,,False,False,insufficient_no_inter_region_projection_segments,"minimum_mappable_segments,minimum_unique_probes,minimum_unique_probe_asns,maximum_country_fallback_share",coastal_mainland_or_mixed,catalog_default_alpha2_rule,0.0,,no_observed_inter_region_candidate_exposure,descriptive inter-region feasible-corridor candidate exposure; not actual cable use or traffic dependency,0.0,,,,unknown_corridor_observation_concentration,,,unknown_cross_layer_distribution_class
SY,M-Root,NA,NA,resolved_entry_only,0,0,0,,,,,,,0,,,0,0,0,0,,False,,False,False,insufficient_no_inter_region_projection_segments,"minimum_mappable_segments,minimum_unique_probes,minimum_unique_probe_asns,maximum_country_fallback_share",coastal_mainland_or_mixed,catalog_default_alpha2_rule,,,unknown_candidate_dependency_proxy,descriptive inter-region feasible-corridor candidate exposure; not actual cable use or traffic dependency,0.0,,,,unknown_corridor_observation_concentration,,,unknown_cross_layer_distribution_class
TD,M-Root,dns_root,anycast,all_publicly_visible,2,2,0,0.0,0.0,0.0,0.0,0.0,0.0,0,0.0,1.0,1,1,1,1,1.0,False,,False,False,insufficient_no_inter_region_projection_segments,"minimum_mappable_segments,minimum_unique_probes,minimum_unique_probe_asns,maximum_country_fallback_share",landlocked,catalog_landlocked_list,0.0,0.0,no_observed_inter_region_candidate_exposure,descriptive inter-region feasible-corridor candidate exposure; not actual cable use or traffic dependency,0.0,,,,unknown_corridor_observation_concentration,,,unknown_cross_layer_distribution_class
TD,M-Root,dns_root,anycast,resolved_entry_only,2,2,0,0.0,0.0,0.0,0.0,0.0,0.0,0,0.0,1.0,1,1,1,1,1.0,False,,False,False,insufficient_no_inter_region_projection_segments,"minimum_mappable_segments,minimum_unique_probes,minimum_unique_probe_asns,maximum_country_fallback_share",landlocked,catalog_landlocked_list,0.0,0.0,no_observed_inter_region_candidate_exposure,descriptive inter-region feasible-corridor candidate exposure; not actual cable use or traffic dependency,0.0,,,,unknown_corridor_observation_concentration,,,unknown_cross_layer_distribution_class
TG,M-Root,dns_root,anycast,all_publicly_visible,2,2,0,0.0,0.0,0.0,0.0,0.0,0.0,0,0.0,1.0,1,1,1,1,1.0,False,,False,False,insufficient_no_inter_region_projection_segments,"minimum_mappable_segments,minimum_unique_probes,minimum_unique_probe_asns,maximum_country_fallback_share",coastal_mainland_or_mixed,catalog_default_alpha2_rule,0.0,0.0,no_observed_inter_region_candidate_exposure,descriptive inter-region feasible-corridor candidate exposure; not actual cable use or traffic dependency,0.0,,,,unknown_corridor_observation_concentration,,,unknown_cross_layer_distribution_class
TG,M-Root,dns_root,anycast,resolved_entry_only,2,2,0,0.0,0.0,0.0,0.0,0.0,0.0,0,0.0,1.0,1,1,1,1,1.0,False,,False,False,insufficient_no_inter_region_projection_segments,"minimum_mappable_segments,minimum_unique_probes,minimum_unique_probe_asns,maximum_country_fallback_share",coastal_mainland_or_mixed,catalog_default_alpha2_rule,0.0,0.0,no_observed_inter_region_candidate_exposure,descriptive inter-region feasible-corridor candidate exposure; not actual cable use or traffic dependency,0.0,,,,unknown_corridor_observation_concentration,,,unknown_cross_layer_distribution_class
TH,M-Root,dns_root,anycast,all_publicly_visible,98,95,10,0.10204081632653061,0.10204081632653061,0.10204081632653061,0.05102040816326531,0.05102040816326531,0.05102040816326531,10,0.10204081632653061,0.9693877551020408,49,29,1,1,0.9693877551020408,True,0.4166666666666667,False,False,"insufficient_minimum_mappable_segments,minimum_unique_probes,maximum_country_fallback_share","minimum_mappable_segments,minimum_unique_probes,maximum_country_fallback_share",coastal_mainland_or_mixed,catalog_default_alpha2_rule,0.10204081632653061,0.10526315789473684,moderate_candidate_dependency_proxy,descriptive inter-region feasible-corridor candidate exposure; not actual cable use or traffic dependency,12.0,0.4166666666666667,0.9583333333333334,3.070702563417311,moderate_corridor_observation_concentration,3.7010086375868205,weak_network_transition_concentration,network_broad_physical_concentrated
TH,M-Root,dns_root,anycast,resolved_entry_only,95,95,10,0.10526315789473684,0.10526315789473684,0.10526315789473684,0.05263157894736842,0.05263157894736842,0.05263157894736842,10,0.10526315789473684,1.0,48,28,1,1,1.0,True,0.4166666666666667,False,False,"insufficient_minimum_mappable_segments,minimum_unique_probes,maximum_country_fallback_share","minimum_mappable_segments,minimum_unique_probes,maximum_country_fallback_share",coastal_mainland_or_mixed,catalog_default_alpha2_rule,0.10526315789473684,0.10526315789473684,moderate_candidate_dependency_proxy,descriptive inter-region feasible-corridor candidate exposure; not actual cable use or traffic dependency,12.0,0.4166666666666667,0.9583333333333334,3.070702563417311,moderate_corridor_observation_concentration,3.7010086375868205,weak_network_transition_concentration,network_broad_physical_concentrated
TJ,M-Root,dns_root,anycast,all_publicly_visible,28,26,0,0.0,0.0,0.0,0.0,0.0,0.0,0,0.0,0.9285714285714286,14,11,1,1,0.7857142857142857,False,,False,False,insufficient_no_inter_region_projection_segments,"minimum_mappable_segments,minimum_unique_probes,minimum_unique_probe_asns,maximum_country_fallback_share",landlocked,catalog_landlocked_list,0.0,0.0,no_observed_inter_region_candidate_exposure,descriptive inter-region feasible-corridor candidate exposure; not actual cable use or traffic dependency,0.0,,,,unknown_corridor_observation_concentration,,,unknown_cross_layer_distribution_class
TJ,M-Root,dns_root,anycast,resolved_entry_only,22,22,0,0.0,0.0,0.0,0.0,0.0,0.0,0,0.0,1.0,11,9,1,1,1.0,False,,False,False,insufficient_no_inter_region_projection_segments,"minimum_mappable_segments,minimum_unique_probes,minimum_unique_probe_asns,maximum_country_fallback_share",landlocked,catalog_landlocked_list,0.0,0.0,no_observed_inter_region_candidate_exposure,descriptive inter-region feasible-corridor candidate exposure; not actual cable use or traffic dependency,0.0,,,,unknown_corridor_observation_concentration,,,unknown_cross_layer_distribution_class
TL,M-Root,dns_root,anycast,all_publicly_visible,8,8,8,1.0,1.0,1.0,1.0,0.0,0.75,8,1.0,1.0,4,2,1,1,1.0,False,0.0,True,False,"insufficient_minimum_mappable_segments,minimum_unique_probes,minimum_unique_probe_asns","minimum_mappable_segments,minimum_unique_probes,minimum_unique_probe_asns",island_or_archipelagic,catalog_island_or_archipelagic_list,1.0,1.0,very_high_candidate_dependency_proxy,descriptive inter-region feasible-corridor candidate exposure; not actual cable use or traffic dependency,18.0,0.8888888888888888,1.0,1.4174111811317323,severe_corridor_observation_concentration,3.709079297755367,weak_network_transition_concentration,network_broad_physical_concentrated
TL,M-Root,dns_root,anycast,resolved_entry_only,8,8,8,1.0,1.0,1.0,1.0,0.0,0.75,8,1.0,1.0,4,2,1,1,1.0,False,0.0,True,False,"insufficient_minimum_mappable_segments,minimum_unique_probes,minimum_unique_probe_asns","minimum_mappable_segments,minimum_unique_probes,minimum_unique_probe_asns",island_or_archipelagic,catalog_island_or_archipelagic_list,1.0,1.0,very_high_candidate_dependency_proxy,descriptive inter-region feasible-corridor candidate exposure; not actual cable use or traffic dependency,18.0,0.8888888888888888,1.0,1.4174111811317323,severe_corridor_observation_concentration,3.709079297755367,weak_network_transition_concentration,network_broad_physical_concentrated
TN,M-Root,dns_root,anycast,all_publicly_visible,16,14,0,0.0,0.0,0.0,0.0,0.0,0.0,0,0.0,0.875,8,5,1,1,0.75,False,,False,False,insufficient_no_inter_region_projection_segments,"minimum_mappable_segments,minimum_unique_probes,minimum_unique_probe_asns,maximum_country_fallback_share",coastal_mainland_or_mixed,catalog_default_alpha2_rule,0.0,0.0,no_observed_inter_region_candidate_exposure,descriptive inter-region feasible-corridor candidate exposure; not actual cable use or traffic dependency,0.0,,,,unknown_corridor_observation_concentration,,,unknown_cross_layer_distribution_class
TN,M-Root,dns_root,anycast,resolved_entry_only,12,12,0,0.0,0.0,0.0,0.0,0.0,0.0,0,0.0,1.0,6,3,1,1,1.0,False,,False,False,insufficient_no_inter_region_projection_segments,"minimum_mappable_segments,minimum_unique_probes,minimum_unique_probe_asns,maximum_country_fallback_share",coastal_mainland_or_mixed,catalog_default_alpha2_rule,0.0,0.0,no_observed_inter_region_candidate_exposure,descriptive inter-region feasible-corridor candidate exposure; not actual cable use or traffic dependency,0.0,,,,unknown_corridor_observation_concentration,,,unknown_cross_layer_distribution_class
TO,M-Root,dns_root,anycast,all_publicly_visible,2,2,2,1.0,1.0,1.0,0.0,1.0,1.0,2,1.0,1.0,1,1,1,1,1.0,False,0.0,True,False,"insufficient_minimum_mappable_segments,minimum_unique_probes,minimum_unique_probe_asns","minimum_mappable_segments,minimum_unique_probes,minimum_unique_probe_asns",island_or_archipelagic,catalog_island_or_archipelagic_list,1.0,1.0,very_high_candidate_dependency_proxy,descriptive inter-region feasible-corridor candidate exposure; not actual cable use or traffic dependency,4.0,0.5,1.0,2.0,moderate_corridor_observation_concentration,2.0,moderate_network_transition_concentration,network_and_physical_both_concentrated
TO,M-Root,dns_root,anycast,resolved_entry_only,2,2,2,1.0,1.0,1.0,0.0,1.0,1.0,2,1.0,1.0,1,1,1,1,1.0,False,0.0,True,False,"insufficient_minimum_mappable_segments,minimum_unique_probes,minimum_unique_probe_asns","minimum_mappable_segments,minimum_unique_probes,minimum_unique_probe_asns",island_or_archipelagic,catalog_island_or_archipelagic_list,1.0,1.0,very_high_candidate_dependency_proxy,descriptive inter-region feasible-corridor candidate exposure; not actual cable use or traffic dependency,4.0,0.5,1.0,2.0,moderate_corridor_observation_concentration,2.0,moderate_network_transition_concentration,network_and_physical_both_concentrated
TR,M-Root,dns_root,anycast,all_publicly_visible,138,131,0,0.0,0.0,0.0,0.0,0.0,0.0,0,0.0,0.9492753623188406,69,30,1,1,0.9202898550724637,True,,False,False,insufficient_no_inter_region_projection_segments,"minimum_mappable_segments,minimum_unique_probes,minimum_unique_probe_asns,maximum_country_fallback_share",coastal_mainland_or_mixed,catalog_default_alpha2_rule,0.0,0.0,no_observed_inter_region_candidate_exposure,descriptive inter-region feasible-corridor candidate exposure; not actual cable use or traffic dependency,0.0,,,,unknown_corridor_observation_concentration,,,unknown_cross_layer_distribution_class
TR,M-Root,dns_root,anycast,resolved_entry_only,127,127,0,0.0,0.0,0.0,0.0,0.0,0.0,0,0.0,1.0,64,27,1,1,1.0,True,,False,False,insufficient_no_inter_region_projection_segments,"minimum_mappable_segments,minimum_unique_probes,minimum_unique_probe_asns,maximum_country_fallback_share",coastal_mainland_or_mixed,catalog_default_alpha2_rule,0.0,0.0,no_observed_inter_region_candidate_exposure,descriptive inter-region feasible-corridor candidate exposure; not actual cable use or traffic dependency,0.0,,,,unknown_corridor_observation_concentration,,,unknown_cross_layer_distribution_class
TT,M-Root,dns_root,anycast,all_publicly_visible,2,2,0,0.0,0.0,0.0,0.0,0.0,0.0,0,0.0,1.0,1,1,1,1,1.0,False,,False,False,insufficient_no_inter_region_projection_segments,"minimum_mappable_segments,minimum_unique_probes,minimum_unique_probe_asns,maximum_country_fallback_share",island_or_archipelagic,catalog_island_or_archipelagic_list,0.0,0.0,no_observed_inter_region_candidate_exposure,descriptive inter-region feasible-corridor candidate exposure; not actual cable use or traffic dependency,0.0,,,,unknown_corridor_observation_concentration,,,unknown_cross_layer_distribution_class
TT,M-Root,dns_root,anycast,resolved_entry_only,2,2,0,0.0,0.0,0.0,0.0,0.0,0.0,0,0.0,1.0,1,1,1,1,1.0,False,,False,False,insufficient_no_inter_region_projection_segments,"minimum_mappable_segments,minimum_unique_probes,minimum_unique_probe_asns,maximum_country_fallback_share",island_or_archipelagic,catalog_island_or_archipelagic_list,0.0,0.0,no_observed_inter_region_candidate_exposure,descriptive inter-region feasible-corridor candidate exposure; not actual cable use or traffic dependency,0.0,,,,unknown_corridor_observation_concentration,,,unknown_cross_layer_distribution_class
TV,M-Root,dns_root,anycast,all_publicly_visible,2,2,2,1.0,1.0,1.0,1.0,1.0,1.0,2,1.0,1.0,1,1,1,1,1.0,False,0.875,False,False,"insufficient_minimum_mappable_segments,minimum_unique_probes,minimum_unique_probe_asns,maximum_country_fallback_share","minimum_mappable_segments,minimum_unique_probes,minimum_unique_probe_asns,maximum_country_fallback_share",island_or_archipelagic,catalog_island_or_archipelagic_list,1.0,1.0,very_high_candidate_dependency_proxy,descriptive inter-region feasible-corridor candidate exposure; not actual cable use or traffic dependency,8.0,0.25,0.75,4.0,weak_corridor_observation_concentration,4.756828460010884,broad_network_transition_distribution,network_and_physical_both_broad
TV,M-Root,dns_root,anycast,resolved_entry_only,2,2,2,1.0,1.0,1.0,1.0,1.0,1.0,2,1.0,1.0,1,1,1,1,1.0,False,0.875,False,False,"insufficient_minimum_mappable_segments,minimum_unique_probes,minimum_unique_probe_asns,maximum_country_fallback_share","minimum_mappable_segments,minimum_unique_probes,minimum_unique_probe_asns,maximum_country_fallback_share",island_or_archipelagic,catalog_island_or_archipelagic_list,1.0,1.0,very_high_candidate_dependency_proxy,descriptive inter-region feasible-corridor candidate exposure; not actual cable use or traffic dependency,8.0,0.25,0.75,4.0,weak_corridor_observation_concentration,4.756828460010884,broad_network_transition_distribution,network_and_physical_both_broad
TW,M-Root,dns_root,anycast,all_publicly_visible,159,153,103,0.6477987421383647,0.8238993710691824,0.6477987421383647,0.4968553459119497,0.2138364779874214,0.5534591194968553,103,0.6477987421383647,0.9622641509433962,80,33,1,1,0.9622641509433962,True,0.6285714285714286,False,False,insufficient_maximum_country_fallback_share,maximum_country_fallback_share,island_or_archipelagic,catalog_island_or_archipelagic_list,0.6477987421383647,0.673202614379085,very_high_candidate_dependency_proxy,descriptive inter-region feasible-corridor candidate exposure; not actual cable use or traffic dependency,175.0,0.3942857142857143,0.7828571428571429,4.862958701582362,broad_corridor_observation_distribution,5.338106732803838,broad_network_transition_distribution,network_and_physical_both_broad
TW,M-Root,dns_root,anycast,resolved_entry_only,153,153,103,0.673202614379085,0.8562091503267973,0.673202614379085,0.5163398692810458,0.2222222222222222,0.5751633986928104,103,0.673202614379085,1.0,77,32,1,1,1.0,True,0.6285714285714286,False,False,insufficient_maximum_country_fallback_share,maximum_country_fallback_share,island_or_archipelagic,catalog_island_or_archipelagic_list,0.673202614379085,0.673202614379085,very_high_candidate_dependency_proxy,descriptive inter-region feasible-corridor candidate exposure; not actual cable use or traffic dependency,175.0,0.3942857142857143,0.7828571428571429,4.862958701582362,broad_corridor_observation_distribution,5.338106732803838,broad_network_transition_distribution,network_and_physical_both_broad
TZ,M-Root,dns_root,anycast,all_publicly_visible,12,10,0,0.0,0.0,0.0,0.0,0.0,0.0,0,0.0,0.8333333333333334,6,5,1,1,0.8333333333333334,False,,False,False,insufficient_no_inter_region_projection_segments,"minimum_mappable_segments,minimum_unique_probes,minimum_unique_probe_asns,maximum_country_fallback_share",coastal_mainland_or_mixed,catalog_default_alpha2_rule,0.0,0.0,no_observed_inter_region_candidate_exposure,descriptive inter-region feasible-corridor candidate exposure; not actual cable use or traffic dependency,0.0,,,,unknown_corridor_observation_concentration,,,unknown_cross_layer_distribution_class
TZ,M-Root,dns_root,anycast,resolved_entry_only,10,10,0,0.0,0.0,0.0,0.0,0.0,0.0,0,0.0,1.0,5,4,1,1,1.0,False,,False,False,insufficient_no_inter_region_projection_segments,"minimum_mappable_segments,minimum_unique_probes,minimum_unique_probe_asns,maximum_country_fallback_share",coastal_mainland_or_mixed,catalog_default_alpha2_rule,0.0,0.0,no_observed_inter_region_candidate_exposure,descriptive inter-region feasible-corridor candidate exposure; not actual cable use or traffic dependency,0.0,,,,unknown_corridor_observation_concentration,,,unknown_cross_layer_distribution_class
UA,M-Root,dns_root,anycast,all_publicly_visible,330,318,2,0.006060606060606061,0.006060606060606061,0.006060606060606061,0.0,0.006060606060606061,0.0,2,0.006060606060606061,0.9636363636363636,165,115,1,1,0.9454545454545454,True,1.0,False,False,"insufficient_minimum_mappable_segments,minimum_unique_probes,minimum_unique_probe_asns,maximum_country_fallback_share","minimum_mappable_segments,minimum_unique_probes,minimum_unique_probe_asns,maximum_country_fallback_share",coastal_mainland_or_mixed,catalog_default_alpha2_rule,0.006060606060606061,0.006289308176100629,low_candidate_dependency_proxy,descriptive inter-region feasible-corridor candidate exposure; not actual cable use or traffic dependency,2.0,1.0,1.0,1.0,severe_corridor_observation_concentration,1.0,severe_network_transition_concentration,network_and_physical_both_concentrated
UA,M-Root,dns_root,anycast,resolved_entry_only,312,312,2,0.00641025641025641,0.00641025641025641,0.00641025641025641,0.0,0.00641025641025641,0.0,2,0.00641025641025641,1.0,156,109,1,1,1.0,True,1.0,False,False,"insufficient_minimum_mappable_segments,minimum_unique_probes,minimum_unique_probe_asns,maximum_country_fallback_share","minimum_mappable_segments,minimum_unique_probes,minimum_unique_probe_asns,maximum_country_fallback_share",coastal_mainland_or_mixed,catalog_default_alpha2_rule,0.00641025641025641,0.00641025641025641,low_candidate_dependency_proxy,descriptive inter-region feasible-corridor candidate exposure; not actual cable use or traffic dependency,2.0,1.0,1.0,1.0,severe_corridor_observation_concentration,1.0,severe_network_transition_concentration,network_and_physical_both_concentrated
UG,M-Root,dns_root,anycast,all_publicly_visible,12,12,2,0.16666666666666666,0.16666666666666666,0.16666666666666666,0.0,0.16666666666666666,0.0,2,0.16666666666666666,1.0,6,4,1,1,1.0,False,0.0,True,False,"insufficient_minimum_mappable_segments,minimum_unique_probes,minimum_unique_probe_asns","minimum_mappable_segments,minimum_unique_probes,minimum_unique_probe_asns",landlocked,catalog_landlocked_list,0.16666666666666666,0.16666666666666666,high_candidate_dependency_proxy,descriptive inter-region feasible-corridor candidate exposure; not actual cable use or traffic dependency,2.0,0.5,1.0,2.0,moderate_corridor_observation_concentration,1.0,severe_network_transition_concentration,network_and_physical_both_concentrated
UG,M-Root,dns_root,anycast,resolved_entry_only,12,12,2,0.16666666666666666,0.16666666666666666,0.16666666666666666,0.0,0.16666666666666666,0.0,2,0.16666666666666666,1.0,6,4,1,1,1.0,False,0.0,True,False,"insufficient_minimum_mappable_segments,minimum_unique_probes,minimum_unique_probe_asns","minimum_mappable_segments,minimum_unique_probes,minimum_unique_probe_asns",landlocked,catalog_landlocked_list,0.16666666666666666,0.16666666666666666,high_candidate_dependency_proxy,descriptive inter-region feasible-corridor candidate exposure; not actual cable use or traffic dependency,2.0,0.5,1.0,2.0,moderate_corridor_observation_concentration,1.0,severe_network_transition_concentration,network_and_physical_both_concentrated
US,M-Root,dns_root,anycast,all_publicly_visible,3779,3638,103,0.027255887801005556,0.0825615242127547,0.027255887801005556,0.0214342418629267,0.007144747287642234,0.06562582693834347,103,0.027255887801005556,0.9626885419423128,1887,512,1,1,0.9502513892564171,True,0.26666666666666666,True,True,auditable,,coastal_mainland_or_mixed,catalog_default_alpha2_rule,0.027255887801005556,0.028312259483232547,low_candidate_dependency_proxy,descriptive inter-region feasible-corridor candidate exposure; not actual cable use or traffic dependency,210.0,0.5,0.7317460317460317,6.144897590700785,broad_corridor_observation_distribution,13.124401328530027,broad_network_transition_distribution,network_and_physical_both_broad
US,M-Root,dns_root,anycast,resolved_entry_only,3591,3591,99,0.02756892230576441,0.08576998050682261,0.02756892230576441,0.02199944305207463,0.006961849067112225,0.06794764689501531,99,0.02756892230576441,1.0,1798,493,1,1,1.0,True,0.27450980392156865,True,True,auditable,,coastal_mainland_or_mixed,catalog_default_alpha2_rule,0.02756892230576441,0.02756892230576441,low_candidate_dependency_proxy,descriptive inter-region feasible-corridor candidate exposure; not actual cable use or traffic dependency,204.0,0.5147058823529411,0.7385620915032679,5.8396946373410925,broad_corridor_observation_distribution,12.15712468500388,broad_network_transition_distribution,network_and_physical_both_broad
UY,M-Root,dns_root,anycast,all_publicly_visible,42,42,0,0.0,0.0,0.0,0.0,0.0,0.0,0,0.0,1.0,21,5,1,1,0.9523809523809523,True,,False,False,insufficient_no_inter_region_projection_segments,"minimum_mappable_segments,minimum_unique_probes,minimum_unique_probe_asns,maximum_country_fallback_share",coastal_mainland_or_mixed,catalog_default_alpha2_rule,0.0,0.0,no_observed_inter_region_candidate_exposure,descriptive inter-region feasible-corridor candidate exposure; not actual cable use or traffic dependency,0.0,,,,unknown_corridor_observation_concentration,,,unknown_cross_layer_distribution_class
UY,M-Root,dns_root,anycast,resolved_entry_only,40,40,0,0.0,0.0,0.0,0.0,0.0,0.0,0,0.0,1.0,20,4,1,1,1.0,True,,False,False,insufficient_no_inter_region_projection_segments,"minimum_mappable_segments,minimum_unique_probes,minimum_unique_probe_asns,maximum_country_fallback_share",coastal_mainland_or_mixed,catalog_default_alpha2_rule,0.0,0.0,no_observed_inter_region_candidate_exposure,descriptive inter-region feasible-corridor candidate exposure; not actual cable use or traffic dependency,0.0,,,,unknown_corridor_observation_concentration,,,unknown_cross_layer_distribution_class
UZ,M-Root,dns_root,anycast,all_publicly_visible,20,18,0,0.0,0.0,0.0,0.0,0.0,0.0,0,0.0,0.9,10,8,1,1,0.9,False,,False,False,insufficient_no_inter_region_projection_segments,"minimum_mappable_segments,minimum_unique_probes,minimum_unique_probe_asns,maximum_country_fallback_share",landlocked,catalog_landlocked_list,0.0,0.0,no_observed_inter_region_candidate_exposure,descriptive inter-region feasible-corridor candidate exposure; not actual cable use or traffic dependency,0.0,,,,unknown_corridor_observation_concentration,,,unknown_cross_layer_distribution_class
UZ,M-Root,dns_root,anycast,resolved_entry_only,18,18,0,0.0,0.0,0.0,0.0,0.0,0.0,0,0.0,1.0,9,8,1,1,1.0,False,,False,False,insufficient_no_inter_region_projection_segments,"minimum_mappable_segments,minimum_unique_probes,minimum_unique_probe_asns,maximum_country_fallback_share",landlocked,catalog_landlocked_list,0.0,0.0,no_observed_inter_region_candidate_exposure,descriptive inter-region feasible-corridor candidate exposure; not actual cable use or traffic dependency,0.0,,,,unknown_corridor_observation_concentration,,,unknown_cross_layer_distribution_class
VA,M-Root,dns_root,anycast,all_publicly_visible,2,2,1,0.5,0.5,0.5,0.0,0.5,0.0,1,0.5,1.0,1,1,1,1,1.0,False,0.0,True,False,"insufficient_minimum_mappable_segments,minimum_unique_probes,minimum_unique_probe_asns","minimum_mappable_segments,minimum_unique_probes,minimum_unique_probe_asns",landlocked,catalog_landlocked_list,0.5,0.5,very_high_candidate_dependency_proxy,descriptive inter-region feasible-corridor candidate exposure; not actual cable use or traffic dependency,1.0,1.0,1.0,1.0,severe_corridor_observation_concentration,1.0,severe_network_transition_concentration,network_and_physical_both_concentrated
VA,M-Root,dns_root,anycast,resolved_entry_only,2,2,1,0.5,0.5,0.5,0.0,0.5,0.0,1,0.5,1.0,1,1,1,1,1.0,False,0.0,True,False,"insufficient_minimum_mappable_segments,minimum_unique_probes,minimum_unique_probe_asns","minimum_mappable_segments,minimum_unique_probes,minimum_unique_probe_asns",landlocked,catalog_landlocked_list,0.5,0.5,very_high_candidate_dependency_proxy,descriptive inter-region feasible-corridor candidate exposure; not actual cable use or traffic dependency,1.0,1.0,1.0,1.0,severe_corridor_observation_concentration,1.0,severe_network_transition_concentration,network_and_physical_both_concentrated
VE,M-Root,dns_root,anycast,all_publicly_visible,76,68,6,0.07894736842105263,0.15789473684210525,0.07894736842105263,0.0,0.07894736842105263,0.07894736842105263,6,0.07894736842105263,0.8947368421052632,38,25,1,1,0.8157894736842105,True,0.0,True,False,"insufficient_minimum_mappable_segments,minimum_unique_probes","minimum_mappable_segments,minimum_unique_probes",coastal_mainland_or_mixed,catalog_default_alpha2_rule,0.07894736842105263,0.08823529411764706,moderate_candidate_dependency_proxy,descriptive inter-region feasible-corridor candidate exposure; not actual cable use or traffic dependency,6.0,1.0,1.0,1.0,severe_corridor_observation_concentration,1.0,severe_network_transition_concentration,network_and_physical_both_concentrated
VE,M-Root,dns_root,anycast,resolved_entry_only,62,62,4,0.06451612903225806,0.16129032258064516,0.06451612903225806,0.0,0.06451612903225806,0.0967741935483871,4,0.06451612903225806,1.0,31,22,1,1,1.0,True,0.0,True,False,"insufficient_minimum_mappable_segments,minimum_unique_probes","minimum_mappable_segments,minimum_unique_probes",coastal_mainland_or_mixed,catalog_default_alpha2_rule,0.06451612903225806,0.06451612903225806,moderate_candidate_dependency_proxy,descriptive inter-region feasible-corridor candidate exposure; not actual cable use or traffic dependency,4.0,1.0,1.0,1.0,severe_corridor_observation_concentration,1.0,severe_network_transition_concentration,network_and_physical_both_concentrated
VI,M-Root,dns_root,anycast,all_publicly_visible,6,6,4,0.6666666666666666,0.6666666666666666,0.6666666666666666,0.0,0.6666666666666666,0.6666666666666666,4,0.6666666666666666,1.0,3,2,1,1,1.0,False,0.0,True,False,"insufficient_minimum_mappable_segments,minimum_unique_probes,minimum_unique_probe_asns","minimum_mappable_segments,minimum_unique_probes,minimum_unique_probe_asns",island_or_archipelagic,catalog_island_or_archipelagic_list,0.6666666666666666,0.6666666666666666,very_high_candidate_dependency_proxy,descriptive inter-region feasible-corridor candidate exposure; not actual cable use or traffic dependency,7.0,0.5714285714285714,1.0,1.9796263300525183,moderate_corridor_observation_concentration,1.9796263300525183,moderate_network_transition_concentration,network_and_physical_both_concentrated
VI,M-Root,dns_root,anycast,resolved_entry_only,6,6,4,0.6666666666666666,0.6666666666666666,0.6666666666666666,0.0,0.6666666666666666,0.6666666666666666,4,0.6666666666666666,1.0,3,2,1,1,1.0,False,0.0,True,False,"insufficient_minimum_mappable_segments,minimum_unique_probes,minimum_unique_probe_asns","minimum_mappable_segments,minimum_unique_probes,minimum_unique_probe_asns",island_or_archipelagic,catalog_island_or_archipelagic_list,0.6666666666666666,0.6666666666666666,very_high_candidate_dependency_proxy,descriptive inter-region feasible-corridor candidate exposure; not actual cable use or traffic dependency,7.0,0.5714285714285714,1.0,1.9796263300525183,moderate_corridor_observation_concentration,1.9796263300525183,moderate_network_transition_concentration,network_and_physical_both_concentrated
VN,M-Root,dns_root,anycast,all_publicly_visible,56,56,3,0.05357142857142857,0.08928571428571429,0.05357142857142857,0.017857142857142856,0.03571428571428571,0.05357142857142857,3,0.05357142857142857,1.0,28,16,1,1,1.0,True,0.0,True,False,"insufficient_minimum_mappable_segments,minimum_unique_probes,minimum_unique_probe_asns","minimum_mappable_segments,minimum_unique_probes,minimum_unique_probe_asns",coastal_mainland_or_mixed,catalog_default_alpha2_rule,0.05357142857142857,0.05357142857142857,moderate_candidate_dependency_proxy,descriptive inter-region feasible-corridor candidate exposure; not actual cable use or traffic dependency,3.0,0.3333333333333333,1.0,2.9999999999999996,weak_corridor_observation_concentration,1.0,severe_network_transition_concentration,network_and_physical_both_concentrated
VN,M-Root,dns_root,anycast,resolved_entry_only,56,56,3,0.05357142857142857,0.08928571428571429,0.05357142857142857,0.017857142857142856,0.03571428571428571,0.05357142857142857,3,0.05357142857142857,1.0,28,16,1,1,1.0,True,0.0,True,False,"insufficient_minimum_mappable_segments,minimum_unique_probes,minimum_unique_probe_asns","minimum_mappable_segments,minimum_unique_probes,minimum_unique_probe_asns",coastal_mainland_or_mixed,catalog_default_alpha2_rule,0.05357142857142857,0.05357142857142857,moderate_candidate_dependency_proxy,descriptive inter-region feasible-corridor candidate exposure; not actual cable use or traffic dependency,3.0,0.3333333333333333,1.0,2.9999999999999996,weak_corridor_observation_concentration,1.0,severe_network_transition_concentration,network_and_physical_both_concentrated
VU,M-Root,dns_root,anycast,all_publicly_visible,4,2,2,0.5,0.5,0.5,0.5,0.5,0.5,2,0.5,0.5,2,1,1,1,0.5,False,0.4444444444444444,False,False,"insufficient_minimum_mappable_segments,minimum_unique_probes,minimum_unique_probe_asns,maximum_country_fallback_share","minimum_mappable_segments,minimum_unique_probes,minimum_unique_probe_asns,maximum_country_fallback_share",island_or_archipelagic,catalog_island_or_archipelagic_list,0.5,1.0,very_high_candidate_dependency_proxy,descriptive inter-region feasible-corridor candidate exposure; not actual cable use or traffic dependency,9.0,0.3333333333333333,0.7777777777777777,3.9311120913133446,weak_corridor_observation_concentration,3.9311120913133446,weak_network_transition_concentration,network_and_physical_both_concentrated
VU,M-Root,dns_root,anycast,resolved_entry_only,2,2,2,1.0,1.0,1.0,1.0,1.0,1.0,2,1.0,1.0,1,1,1,1,1.0,False,0.4444444444444444,False,False,"insufficient_minimum_mappable_segments,minimum_unique_probes,minimum_unique_probe_asns,maximum_country_fallback_share","minimum_mappable_segments,minimum_unique_probes,minimum_unique_probe_asns,maximum_country_fallback_share",island_or_archipelagic,catalog_island_or_archipelagic_list,1.0,1.0,very_high_candidate_dependency_proxy,descriptive inter-region feasible-corridor candidate exposure; not actual cable use or traffic dependency,9.0,0.3333333333333333,0.7777777777777777,3.9311120913133446,weak_corridor_observation_concentration,3.9311120913133446,weak_network_transition_concentration,network_and_physical_both_concentrated
YE,M-Root,dns_root,anycast,all_publicly_visible,2,2,0,0.0,0.0,0.0,0.0,0.0,0.0,0,0.0,1.0,1,1,1,1,1.0,False,,False,False,insufficient_no_inter_region_projection_segments,"minimum_mappable_segments,minimum_unique_probes,minimum_unique_probe_asns,maximum_country_fallback_share",coastal_mainland_or_mixed,catalog_default_alpha2_rule,0.0,0.0,no_observed_inter_region_candidate_exposure,descriptive inter-region feasible-corridor candidate exposure; not actual cable use or traffic dependency,0.0,,,,unknown_corridor_observation_concentration,,,unknown_cross_layer_distribution_class
YE,M-Root,dns_root,anycast,resolved_entry_only,2,2,0,0.0,0.0,0.0,0.0,0.0,0.0,0,0.0,1.0,1,1,1,1,1.0,False,,False,False,insufficient_no_inter_region_projection_segments,"minimum_mappable_segments,minimum_unique_probes,minimum_unique_probe_asns,maximum_country_fallback_share",coastal_mainland_or_mixed,catalog_default_alpha2_rule,0.0,0.0,no_observed_inter_region_candidate_exposure,descriptive inter-region feasible-corridor candidate exposure; not actual cable use or traffic dependency,0.0,,,,unknown_corridor_observation_concentration,,,unknown_cross_layer_distribution_class
ZA,M-Root,dns_root,anycast,all_publicly_visible,269,261,112,0.4163568773234201,0.4163568773234201,0.4163568773234201,0.04460966542750929,0.40892193308550184,0.022304832713754646,112,0.4163568773234201,0.9702602230483272,134,71,1,1,0.9591078066914498,True,0.24812030075187969,True,True,auditable,,coastal_mainland_or_mixed,catalog_default_alpha2_rule,0.4163568773234201,0.42911877394636017,very_high_candidate_dependency_proxy,descriptive inter-region feasible-corridor candidate exposure; not actual cable use or traffic dependency,133.0,0.6917293233082706,0.8421052631578947,3.236738284340826,weak_corridor_observation_concentration,5.45274295620173,broad_network_transition_distribution,network_and_physical_both_broad
ZA,M-Root,dns_root,anycast,resolved_entry_only,258,258,112,0.43410852713178294,0.43410852713178294,0.43410852713178294,0.046511627906976744,0.4263565891472868,0.023255813953488372,112,0.43410852713178294,1.0,129,68,1,1,1.0,True,0.24812030075187969,True,True,auditable,,coastal_mainland_or_mixed,catalog_default_alpha2_rule,0.43410852713178294,0.43410852713178294,very_high_candidate_dependency_proxy,descriptive inter-region feasible-corridor candidate exposure; not actual cable use or traffic dependency,133.0,0.6917293233082706,0.8421052631578947,3.236738284340826,weak_corridor_observation_concentration,5.45274295620173,broad_network_transition_distribution,network_and_physical_both_broad
ZM,M-Root,dns_root,anycast,all_publicly_visible,8,7,0,0.0,0.25,0.0,0.0,0.0,0.25,0,0.0,0.875,4,4,1,1,0.875,False,,False,False,insufficient_no_inter_region_projection_segments,"minimum_mappable_segments,minimum_unique_probes,minimum_unique_probe_asns,maximum_country_fallback_share",landlocked,catalog_landlocked_list,0.0,0.0,no_observed_inter_region_candidate_exposure,descriptive inter-region feasible-corridor candidate exposure; not actual cable use or traffic dependency,0.0,,,,unknown_corridor_observation_concentration,,,unknown_cross_layer_distribution_class
ZM,M-Root,dns_root,anycast,resolved_entry_only,7,7,0,0.0,0.2857142857142857,0.0,0.0,0.0,0.2857142857142857,0,0.0,1.0,4,4,1,1,1.0,False,,False,False,insufficient_no_inter_region_projection_segments,"minimum_mappable_segments,minimum_unique_probes,minimum_unique_probe_asns,maximum_country_fallback_share",landlocked,catalog_landlocked_list,0.0,0.0,no_observed_inter_region_candidate_exposure,descriptive inter-region feasible-corridor candidate exposure; not actual cable use or traffic dependency,0.0,,,,unknown_corridor_observation_concentration,,,unknown_cross_layer_distribution_class
ZW,M-Root,dns_root,anycast,all_publicly_visible,6,6,0,0.0,0.0,0.0,0.0,0.0,0.0,0,0.0,1.0,3,2,1,1,1.0,False,,False,False,insufficient_no_inter_region_projection_segments,"minimum_mappable_segments,minimum_unique_probes,minimum_unique_probe_asns,maximum_country_fallback_share",landlocked,catalog_landlocked_list,0.0,0.0,no_observed_inter_region_candidate_exposure,descriptive inter-region feasible-corridor candidate exposure; not actual cable use or traffic dependency,0.0,,,,unknown_corridor_observation_concentration,,,unknown_cross_layer_distribution_class
ZW,M-Root,dns_root,anycast,resolved_entry_only,6,6,0,0.0,0.0,0.0,0.0,0.0,0.0,0,0.0,1.0,3,2,1,1,1.0,False,,False,False,insufficient_no_inter_region_projection_segments,"minimum_mappable_segments,minimum_unique_probes,minimum_unique_probe_asns,maximum_country_fallback_share",landlocked,catalog_landlocked_list,0.0,0.0,no_observed_inter_region_candidate_exposure,descriptive inter-region feasible-corridor candidate exposure; not actual cable use or traffic dependency,0.0,,,,unknown_corridor_observation_concentration,,,unknown_cross_layer_distribution_class
