probe_country,service_id,path_scope_stratum,msm_id,file_name,corridor_id,corridor_label,observation_mass,raw_segment_count_with_corridor_feasible,unique_atomic_segments,unique_traceroutes,unique_probes,unique_probe_asns,group_unique_probes,group_unique_probe_asns,share_of_unit_observation_mass,rank_within_unit,is_top1_corridor,is_top2_corridor,is_top3_corridor,domestic_segment_mass,international_segment_mass
AD,M-Root,all_publicly_visible,5006,dns-root_m-root_msm5006_20260701T000000Z_010000Z.json,landing_region_08ea81d123b5::landing_region_8eb611963dd1,"Marseille, France -> Barcelona, Spain",6.0,6,6,6,3,1,3,1,1.0,1,True,False,False,0.0,6.0
AD,M-Root,resolved_entry_only,5006,dns-root_m-root_msm5006_20260701T000000Z_010000Z.json,landing_region_08ea81d123b5::landing_region_8eb611963dd1,"Marseille, France -> Barcelona, Spain",6.0,6,6,6,3,1,3,1,1.0,1,True,False,False,0.0,6.0
AE,M-Root,all_publicly_visible,5006,dns-root_m-root_msm5006_20260701T000000Z_010000Z.json,landing_region_5d023e72c246::landing_region_b37879c52c2b,"Singapore, Singapore -> Batam, Indonesia",14.0,42,42,25,13,8,14,9,0.30434782608695654,1,True,False,False,14.0,0.0
AE,M-Root,all_publicly_visible,5006,dns-root_m-root_msm5006_20260701T000000Z_010000Z.json,landing_region_9430e1a9028b::landing_region_b37879c52c2b,"Changi North, Singapore -> Batam, Indonesia",14.0,42,42,25,13,8,14,9,0.30434782608695654,2,False,True,False,14.0,0.0
AE,M-Root,all_publicly_visible,5006,dns-root_m-root_msm5006_20260701T000000Z_010000Z.json,landing_region_af2b1cb46785::landing_region_b37879c52c2b,"Tuas, Singapore -> Batam, Indonesia",14.0,42,42,25,13,8,14,9,0.30434782608695654,3,False,False,True,14.0,0.0
AE,M-Root,all_publicly_visible,5006,dns-root_m-root_msm5006_20260701T000000Z_010000Z.json,landing_region_1392e3aea9b8::landing_region_1ef38be3b39c,"Fujairah, United Arab Emirates -> Abu Dhabi, United Arab Emirates",2.0,2,2,2,1,1,14,9,0.043478260869565216,4,False,False,False,2.0,0.0
AE,M-Root,all_publicly_visible,5006,dns-root_m-root_msm5006_20260701T000000Z_010000Z.json,landing_region_1392e3aea9b8::landing_region_8dc97f28b4d0,"Fujairah, United Arab Emirates -> Sharjah, United Arab Emirates",1.0,1,1,1,1,1,14,9,0.021739130434782608,5,False,False,False,1.0,0.0
AE,M-Root,all_publicly_visible,5006,dns-root_m-root_msm5006_20260701T000000Z_010000Z.json,landing_region_271ad44782a4::landing_region_5d023e72c246,"Chongming, China -> Singapore, Singapore",0.5,1,1,1,1,1,14,9,0.010869565217391304,6,False,False,False,0.0,0.5
AE,M-Root,all_publicly_visible,5006,dns-root_m-root_msm5006_20260701T000000Z_010000Z.json,landing_region_271ad44782a4::landing_region_9430e1a9028b,"Chongming, China -> Changi North, Singapore",0.5,1,1,1,1,1,14,9,0.010869565217391304,7,False,False,False,0.0,0.5
AE,M-Root,resolved_entry_only,5006,dns-root_m-root_msm5006_20260701T000000Z_010000Z.json,landing_region_5d023e72c246::landing_region_b37879c52c2b,"Singapore, Singapore -> Batam, Indonesia",14.0,42,42,25,13,8,14,9,0.30434782608695654,1,True,False,False,14.0,0.0
AE,M-Root,resolved_entry_only,5006,dns-root_m-root_msm5006_20260701T000000Z_010000Z.json,landing_region_9430e1a9028b::landing_region_b37879c52c2b,"Changi North, Singapore -> Batam, Indonesia",14.0,42,42,25,13,8,14,9,0.30434782608695654,2,False,True,False,14.0,0.0
AE,M-Root,resolved_entry_only,5006,dns-root_m-root_msm5006_20260701T000000Z_010000Z.json,landing_region_af2b1cb46785::landing_region_b37879c52c2b,"Tuas, Singapore -> Batam, Indonesia",14.0,42,42,25,13,8,14,9,0.30434782608695654,3,False,False,True,14.0,0.0
AE,M-Root,resolved_entry_only,5006,dns-root_m-root_msm5006_20260701T000000Z_010000Z.json,landing_region_1392e3aea9b8::landing_region_1ef38be3b39c,"Fujairah, United Arab Emirates -> Abu Dhabi, United Arab Emirates",2.0,2,2,2,1,1,14,9,0.043478260869565216,4,False,False,False,2.0,0.0
AE,M-Root,resolved_entry_only,5006,dns-root_m-root_msm5006_20260701T000000Z_010000Z.json,landing_region_1392e3aea9b8::landing_region_8dc97f28b4d0,"Fujairah, United Arab Emirates -> Sharjah, United Arab Emirates",1.0,1,1,1,1,1,14,9,0.021739130434782608,5,False,False,False,1.0,0.0
AE,M-Root,resolved_entry_only,5006,dns-root_m-root_msm5006_20260701T000000Z_010000Z.json,landing_region_271ad44782a4::landing_region_5d023e72c246,"Chongming, China -> Singapore, Singapore",0.5,1,1,1,1,1,14,9,0.010869565217391304,6,False,False,False,0.0,0.5
AE,M-Root,resolved_entry_only,5006,dns-root_m-root_msm5006_20260701T000000Z_010000Z.json,landing_region_271ad44782a4::landing_region_9430e1a9028b,"Chongming, China -> Changi North, Singapore",0.5,1,1,1,1,1,14,9,0.010869565217391304,7,False,False,False,0.0,0.5
AF,M-Root,all_publicly_visible,5006,dns-root_m-root_msm5006_20260701T000000Z_010000Z.json,landing_region_1b3a8d836a7d::landing_region_af2b1cb46785,"Karachi, Pakistan -> Tuas, Singapore",4.0,4,4,4,2,1,2,1,0.6666666666666666,1,True,False,False,0.0,4.0
AF,M-Root,all_publicly_visible,5006,dns-root_m-root_msm5006_20260701T000000Z_010000Z.json,landing_region_5d023e72c246::landing_region_b37879c52c2b,"Singapore, Singapore -> Batam, Indonesia",0.6666666666666666,2,2,2,1,1,2,1,0.1111111111111111,2,False,True,False,0.6666666666666666,0.0
AF,M-Root,all_publicly_visible,5006,dns-root_m-root_msm5006_20260701T000000Z_010000Z.json,landing_region_9430e1a9028b::landing_region_b37879c52c2b,"Changi North, Singapore -> Batam, Indonesia",0.6666666666666666,2,2,2,1,1,2,1,0.1111111111111111,3,False,False,True,0.6666666666666666,0.0
AF,M-Root,all_publicly_visible,5006,dns-root_m-root_msm5006_20260701T000000Z_010000Z.json,landing_region_af2b1cb46785::landing_region_b37879c52c2b,"Tuas, Singapore -> Batam, Indonesia",0.6666666666666666,2,2,2,1,1,2,1,0.1111111111111111,4,False,False,False,0.6666666666666666,0.0
AF,M-Root,resolved_entry_only,5006,dns-root_m-root_msm5006_20260701T000000Z_010000Z.json,landing_region_1b3a8d836a7d::landing_region_af2b1cb46785,"Karachi, Pakistan -> Tuas, Singapore",4.0,4,4,4,2,1,2,1,0.6666666666666666,1,True,False,False,0.0,4.0
AF,M-Root,resolved_entry_only,5006,dns-root_m-root_msm5006_20260701T000000Z_010000Z.json,landing_region_5d023e72c246::landing_region_b37879c52c2b,"Singapore, Singapore -> Batam, Indonesia",0.6666666666666666,2,2,2,1,1,2,1,0.1111111111111111,2,False,True,False,0.6666666666666666,0.0
AF,M-Root,resolved_entry_only,5006,dns-root_m-root_msm5006_20260701T000000Z_010000Z.json,landing_region_9430e1a9028b::landing_region_b37879c52c2b,"Changi North, Singapore -> Batam, Indonesia",0.6666666666666666,2,2,2,1,1,2,1,0.1111111111111111,3,False,False,True,0.6666666666666666,0.0
AF,M-Root,resolved_entry_only,5006,dns-root_m-root_msm5006_20260701T000000Z_010000Z.json,landing_region_af2b1cb46785::landing_region_b37879c52c2b,"Tuas, Singapore -> Batam, Indonesia",0.6666666666666666,2,2,2,1,1,2,1,0.1111111111111111,4,False,False,False,0.6666666666666666,0.0
AL,M-Root,all_publicly_visible,5006,dns-root_m-root_msm5006_20260701T000000Z_010000Z.json,landing_region_6c6f20567c17::landing_region_ac34543a7a05,"Bari, Italy -> Durres, Albania",19.0,19,19,19,10,8,13,10,0.5588235294117647,1,True,False,False,0.0,19.0
AL,M-Root,all_publicly_visible,5006,dns-root_m-root_msm5006_20260701T000000Z_010000Z.json,landing_region_5d023e72c246::landing_region_b37879c52c2b,"Singapore, Singapore -> Batam, Indonesia",4.0,12,12,4,2,2,13,10,0.11764705882352941,2,False,True,False,4.0,0.0
AL,M-Root,all_publicly_visible,5006,dns-root_m-root_msm5006_20260701T000000Z_010000Z.json,landing_region_9430e1a9028b::landing_region_b37879c52c2b,"Changi North, Singapore -> Batam, Indonesia",4.0,12,12,4,2,2,13,10,0.11764705882352941,3,False,False,True,4.0,0.0
AL,M-Root,all_publicly_visible,5006,dns-root_m-root_msm5006_20260701T000000Z_010000Z.json,landing_region_af2b1cb46785::landing_region_b37879c52c2b,"Tuas, Singapore -> Batam, Indonesia",4.0,12,12,4,2,2,13,10,0.11764705882352941,4,False,False,False,4.0,0.0
AL,M-Root,all_publicly_visible,5006,dns-root_m-root_msm5006_20260701T000000Z_010000Z.json,landing_region_08ea81d123b5::landing_region_6c6f20567c17,"Marseille, France -> Bari, Italy",1.0,1,1,1,1,1,13,10,0.029411764705882353,5,False,False,False,0.0,1.0
AL,M-Root,all_publicly_visible,5006,dns-root_m-root_msm5006_20260701T000000Z_010000Z.json,landing_region_08ea81d123b5::landing_region_af2b1cb46785,"Marseille, France -> Tuas, Singapore",1.0,2,2,2,2,1,13,10,0.029411764705882353,6,False,False,False,0.0,1.0
AL,M-Root,all_publicly_visible,5006,dns-root_m-root_msm5006_20260701T000000Z_010000Z.json,landing_region_16217d497d23::landing_region_af2b1cb46785,"Toulon, France -> Tuas, Singapore",1.0,2,2,2,2,1,13,10,0.029411764705882353,7,False,False,False,0.0,1.0
AL,M-Root,resolved_entry_only,5006,dns-root_m-root_msm5006_20260701T000000Z_010000Z.json,landing_region_6c6f20567c17::landing_region_ac34543a7a05,"Bari, Italy -> Durres, Albania",19.0,19,19,19,10,8,13,10,0.5588235294117647,1,True,False,False,0.0,19.0
AL,M-Root,resolved_entry_only,5006,dns-root_m-root_msm5006_20260701T000000Z_010000Z.json,landing_region_5d023e72c246::landing_region_b37879c52c2b,"Singapore, Singapore -> Batam, Indonesia",4.0,12,12,4,2,2,13,10,0.11764705882352941,2,False,True,False,4.0,0.0
AL,M-Root,resolved_entry_only,5006,dns-root_m-root_msm5006_20260701T000000Z_010000Z.json,landing_region_9430e1a9028b::landing_region_b37879c52c2b,"Changi North, Singapore -> Batam, Indonesia",4.0,12,12,4,2,2,13,10,0.11764705882352941,3,False,False,True,4.0,0.0
AL,M-Root,resolved_entry_only,5006,dns-root_m-root_msm5006_20260701T000000Z_010000Z.json,landing_region_af2b1cb46785::landing_region_b37879c52c2b,"Tuas, Singapore -> Batam, Indonesia",4.0,12,12,4,2,2,13,10,0.11764705882352941,4,False,False,False,4.0,0.0
AL,M-Root,resolved_entry_only,5006,dns-root_m-root_msm5006_20260701T000000Z_010000Z.json,landing_region_08ea81d123b5::landing_region_6c6f20567c17,"Marseille, France -> Bari, Italy",1.0,1,1,1,1,1,13,10,0.029411764705882353,5,False,False,False,0.0,1.0
AL,M-Root,resolved_entry_only,5006,dns-root_m-root_msm5006_20260701T000000Z_010000Z.json,landing_region_08ea81d123b5::landing_region_af2b1cb46785,"Marseille, France -> Tuas, Singapore",1.0,2,2,2,2,1,13,10,0.029411764705882353,6,False,False,False,0.0,1.0
AL,M-Root,resolved_entry_only,5006,dns-root_m-root_msm5006_20260701T000000Z_010000Z.json,landing_region_16217d497d23::landing_region_af2b1cb46785,"Toulon, France -> Tuas, Singapore",1.0,2,2,2,2,1,13,10,0.029411764705882353,7,False,False,False,0.0,1.0
AO,M-Root,all_publicly_visible,5006,dns-root_m-root_msm5006_20260701T000000Z_010000Z.json,landing_region_343850da3642::landing_region_3ee19f69866b,"Carcavelos, Portugal -> Luanda, Angola",1.0,2,2,2,1,1,1,1,0.3333333333333333,1,True,False,False,0.0,1.0
AO,M-Root,all_publicly_visible,5006,dns-root_m-root_msm5006_20260701T000000Z_010000Z.json,landing_region_343850da3642::landing_region_f7627feb3284,"Carcavelos, Portugal -> Seixal, Portugal",1.0,1,1,1,1,1,1,1,0.3333333333333333,2,False,True,False,1.0,0.0
AO,M-Root,all_publicly_visible,5006,dns-root_m-root_msm5006_20260701T000000Z_010000Z.json,landing_region_3ee19f69866b::landing_region_f7627feb3284,"Luanda, Angola -> Seixal, Portugal",1.0,2,2,2,1,1,1,1,0.3333333333333333,3,False,False,True,0.0,1.0
AO,M-Root,resolved_entry_only,5006,dns-root_m-root_msm5006_20260701T000000Z_010000Z.json,landing_region_343850da3642::landing_region_3ee19f69866b,"Carcavelos, Portugal -> Luanda, Angola",1.0,2,2,2,1,1,1,1,0.3333333333333333,1,True,False,False,0.0,1.0
AO,M-Root,resolved_entry_only,5006,dns-root_m-root_msm5006_20260701T000000Z_010000Z.json,landing_region_343850da3642::landing_region_f7627feb3284,"Carcavelos, Portugal -> Seixal, Portugal",1.0,1,1,1,1,1,1,1,0.3333333333333333,2,False,True,False,1.0,0.0
AO,M-Root,resolved_entry_only,5006,dns-root_m-root_msm5006_20260701T000000Z_010000Z.json,landing_region_3ee19f69866b::landing_region_f7627feb3284,"Luanda, Angola -> Seixal, Portugal",1.0,2,2,2,1,1,1,1,0.3333333333333333,3,False,False,True,0.0,1.0
AU,M-Root,all_publicly_visible,5006,dns-root_m-root_msm5006_20260701T000000Z_010000Z.json,landing_region_149acfcae34c::landing_region_58084817cbe7,"Melbourne, VIC, Australia -> Paddington, NSW, Australia",109.0,109,109,108,59,23,80,37,0.43951612903225806,1,True,False,False,109.0,0.0
AU,M-Root,all_publicly_visible,5006,dns-root_m-root_msm5006_20260701T000000Z_010000Z.json,landing_region_3996aeca3c5e::landing_region_58084817cbe7,"Perth, WA, Australia -> Paddington, NSW, Australia",29.0,29,29,29,16,14,80,37,0.11693548387096774,2,False,True,False,29.0,0.0
AU,M-Root,all_publicly_visible,5006,dns-root_m-root_msm5006_20260701T000000Z_010000Z.json,landing_region_3996aeca3c5e::landing_region_b204db5c9fda,"Perth, WA, Australia -> Adelaide, SA, Australia",20.0,20,20,20,10,9,80,37,0.08064516129032258,3,False,False,True,20.0,0.0
AU,M-Root,all_publicly_visible,5006,dns-root_m-root_msm5006_20260701T000000Z_010000Z.json,landing_region_3996aeca3c5e::landing_region_5d023e72c246,"Perth, WA, Australia -> Singapore, Singapore",17.5,35,35,35,21,14,80,37,0.07056451612903226,4,False,False,False,0.0,17.5
AU,M-Root,all_publicly_visible,5006,dns-root_m-root_msm5006_20260701T000000Z_010000Z.json,landing_region_3996aeca3c5e::landing_region_af2b1cb46785,"Perth, WA, Australia -> Tuas, Singapore",17.5,35,35,35,21,14,80,37,0.07056451612903226,5,False,False,False,0.0,17.5
AU,M-Root,all_publicly_visible,5006,dns-root_m-root_msm5006_20260701T000000Z_010000Z.json,landing_region_5d023e72c246::landing_region_b37879c52c2b,"Singapore, Singapore -> Batam, Indonesia",15.0,45,45,33,23,15,80,37,0.06048387096774194,6,False,False,False,15.0,0.0
AU,M-Root,all_publicly_visible,5006,dns-root_m-root_msm5006_20260701T000000Z_010000Z.json,landing_region_9430e1a9028b::landing_region_b37879c52c2b,"Changi North, Singapore -> Batam, Indonesia",15.0,45,45,33,23,15,80,37,0.06048387096774194,7,False,False,False,15.0,0.0
AU,M-Root,all_publicly_visible,5006,dns-root_m-root_msm5006_20260701T000000Z_010000Z.json,landing_region_af2b1cb46785::landing_region_b37879c52c2b,"Tuas, Singapore -> Batam, Indonesia",15.0,45,45,33,23,15,80,37,0.06048387096774194,8,False,False,False,15.0,0.0
AU,M-Root,all_publicly_visible,5006,dns-root_m-root_msm5006_20260701T000000Z_010000Z.json,landing_region_58084817cbe7::landing_region_b204db5c9fda,"Paddington, NSW, Australia -> Adelaide, SA, Australia",10.0,10,10,10,5,5,80,37,0.04032258064516129,9,False,False,False,10.0,0.0
AU,M-Root,resolved_entry_only,5006,dns-root_m-root_msm5006_20260701T000000Z_010000Z.json,landing_region_149acfcae34c::landing_region_58084817cbe7,"Melbourne, VIC, Australia -> Paddington, NSW, Australia",109.0,109,109,108,59,23,80,37,0.43951612903225806,1,True,False,False,109.0,0.0
AU,M-Root,resolved_entry_only,5006,dns-root_m-root_msm5006_20260701T000000Z_010000Z.json,landing_region_3996aeca3c5e::landing_region_58084817cbe7,"Perth, WA, Australia -> Paddington, NSW, Australia",29.0,29,29,29,16,14,80,37,0.11693548387096774,2,False,True,False,29.0,0.0
AU,M-Root,resolved_entry_only,5006,dns-root_m-root_msm5006_20260701T000000Z_010000Z.json,landing_region_3996aeca3c5e::landing_region_b204db5c9fda,"Perth, WA, Australia -> Adelaide, SA, Australia",20.0,20,20,20,10,9,80,37,0.08064516129032258,3,False,False,True,20.0,0.0
AU,M-Root,resolved_entry_only,5006,dns-root_m-root_msm5006_20260701T000000Z_010000Z.json,landing_region_3996aeca3c5e::landing_region_5d023e72c246,"Perth, WA, Australia -> Singapore, Singapore",17.5,35,35,35,21,14,80,37,0.07056451612903226,4,False,False,False,0.0,17.5
AU,M-Root,resolved_entry_only,5006,dns-root_m-root_msm5006_20260701T000000Z_010000Z.json,landing_region_3996aeca3c5e::landing_region_af2b1cb46785,"Perth, WA, Australia -> Tuas, Singapore",17.5,35,35,35,21,14,80,37,0.07056451612903226,5,False,False,False,0.0,17.5
AU,M-Root,resolved_entry_only,5006,dns-root_m-root_msm5006_20260701T000000Z_010000Z.json,landing_region_5d023e72c246::landing_region_b37879c52c2b,"Singapore, Singapore -> Batam, Indonesia",15.0,45,45,33,23,15,80,37,0.06048387096774194,6,False,False,False,15.0,0.0
AU,M-Root,resolved_entry_only,5006,dns-root_m-root_msm5006_20260701T000000Z_010000Z.json,landing_region_9430e1a9028b::landing_region_b37879c52c2b,"Changi North, Singapore -> Batam, Indonesia",15.0,45,45,33,23,15,80,37,0.06048387096774194,7,False,False,False,15.0,0.0
AU,M-Root,resolved_entry_only,5006,dns-root_m-root_msm5006_20260701T000000Z_010000Z.json,landing_region_af2b1cb46785::landing_region_b37879c52c2b,"Tuas, Singapore -> Batam, Indonesia",15.0,45,45,33,23,15,80,37,0.06048387096774194,8,False,False,False,15.0,0.0
AU,M-Root,resolved_entry_only,5006,dns-root_m-root_msm5006_20260701T000000Z_010000Z.json,landing_region_58084817cbe7::landing_region_b204db5c9fda,"Paddington, NSW, Australia -> Adelaide, SA, Australia",10.0,10,10,10,5,5,80,37,0.04032258064516129,9,False,False,False,10.0,0.0
AX,M-Root,all_publicly_visible,5006,dns-root_m-root_msm5006_20260701T000000Z_010000Z.json,landing_region_3c99e4792a25::landing_region_3eb4f4d89687,"Stavsnas, Sweden -> Hamnäs, Finland",2.0,2,2,2,1,1,2,2,0.18181818181818182,1,True,False,False,0.0,2.0
AX,M-Root,all_publicly_visible,5006,dns-root_m-root_msm5006_20260701T000000Z_010000Z.json,landing_region_5d023e72c246::landing_region_b37879c52c2b,"Singapore, Singapore -> Batam, Indonesia",2.0,6,6,2,1,1,2,2,0.18181818181818182,2,False,True,False,2.0,0.0
AX,M-Root,all_publicly_visible,5006,dns-root_m-root_msm5006_20260701T000000Z_010000Z.json,landing_region_9430e1a9028b::landing_region_b37879c52c2b,"Changi North, Singapore -> Batam, Indonesia",2.0,6,6,2,1,1,2,2,0.18181818181818182,3,False,False,True,2.0,0.0
AX,M-Root,all_publicly_visible,5006,dns-root_m-root_msm5006_20260701T000000Z_010000Z.json,landing_region_af2b1cb46785::landing_region_b37879c52c2b,"Tuas, Singapore -> Batam, Indonesia",2.0,6,6,2,1,1,2,2,0.18181818181818182,4,False,False,False,2.0,0.0
AX,M-Root,all_publicly_visible,5006,dns-root_m-root_msm5006_20260701T000000Z_010000Z.json,landing_region_3c99e4792a25::landing_region_65aa8d7cf62e,"Stavsnas, Sweden -> Espoo, Finland",1.0,2,2,2,1,1,2,2,0.09090909090909091,5,False,False,False,0.0,1.0
AX,M-Root,all_publicly_visible,5006,dns-root_m-root_msm5006_20260701T000000Z_010000Z.json,landing_region_65aa8d7cf62e::landing_region_c607af4095db,"Espoo, Finland -> Kista, Sweden",1.0,2,2,2,1,1,2,2,0.09090909090909091,6,False,False,False,0.0,1.0
AX,M-Root,all_publicly_visible,5006,dns-root_m-root_msm5006_20260701T000000Z_010000Z.json,landing_region_08ea81d123b5::landing_region_af2b1cb46785,"Marseille, France -> Tuas, Singapore",0.5,1,1,1,1,1,2,2,0.045454545454545456,7,False,False,False,0.0,0.5
AX,M-Root,all_publicly_visible,5006,dns-root_m-root_msm5006_20260701T000000Z_010000Z.json,landing_region_16217d497d23::landing_region_af2b1cb46785,"Toulon, France -> Tuas, Singapore",0.5,1,1,1,1,1,2,2,0.045454545454545456,8,False,False,False,0.0,0.5
AX,M-Root,resolved_entry_only,5006,dns-root_m-root_msm5006_20260701T000000Z_010000Z.json,landing_region_3c99e4792a25::landing_region_3eb4f4d89687,"Stavsnas, Sweden -> Hamnäs, Finland",2.0,2,2,2,1,1,2,2,0.18181818181818182,1,True,False,False,0.0,2.0
AX,M-Root,resolved_entry_only,5006,dns-root_m-root_msm5006_20260701T000000Z_010000Z.json,landing_region_5d023e72c246::landing_region_b37879c52c2b,"Singapore, Singapore -> Batam, Indonesia",2.0,6,6,2,1,1,2,2,0.18181818181818182,2,False,True,False,2.0,0.0
AX,M-Root,resolved_entry_only,5006,dns-root_m-root_msm5006_20260701T000000Z_010000Z.json,landing_region_9430e1a9028b::landing_region_b37879c52c2b,"Changi North, Singapore -> Batam, Indonesia",2.0,6,6,2,1,1,2,2,0.18181818181818182,3,False,False,True,2.0,0.0
AX,M-Root,resolved_entry_only,5006,dns-root_m-root_msm5006_20260701T000000Z_010000Z.json,landing_region_af2b1cb46785::landing_region_b37879c52c2b,"Tuas, Singapore -> Batam, Indonesia",2.0,6,6,2,1,1,2,2,0.18181818181818182,4,False,False,False,2.0,0.0
AX,M-Root,resolved_entry_only,5006,dns-root_m-root_msm5006_20260701T000000Z_010000Z.json,landing_region_3c99e4792a25::landing_region_65aa8d7cf62e,"Stavsnas, Sweden -> Espoo, Finland",1.0,2,2,2,1,1,2,2,0.09090909090909091,5,False,False,False,0.0,1.0
AX,M-Root,resolved_entry_only,5006,dns-root_m-root_msm5006_20260701T000000Z_010000Z.json,landing_region_65aa8d7cf62e::landing_region_c607af4095db,"Espoo, Finland -> Kista, Sweden",1.0,2,2,2,1,1,2,2,0.09090909090909091,6,False,False,False,0.0,1.0
AX,M-Root,resolved_entry_only,5006,dns-root_m-root_msm5006_20260701T000000Z_010000Z.json,landing_region_08ea81d123b5::landing_region_af2b1cb46785,"Marseille, France -> Tuas, Singapore",0.5,1,1,1,1,1,2,2,0.045454545454545456,7,False,False,False,0.0,0.5
AX,M-Root,resolved_entry_only,5006,dns-root_m-root_msm5006_20260701T000000Z_010000Z.json,landing_region_16217d497d23::landing_region_af2b1cb46785,"Toulon, France -> Tuas, Singapore",0.5,1,1,1,1,1,2,2,0.045454545454545456,8,False,False,False,0.0,0.5
BE,M-Root,all_publicly_visible,5006,dns-root_m-root_msm5006_20260701T000000Z_010000Z.json,landing_region_5d023e72c246::landing_region_b37879c52c2b,"Singapore, Singapore -> Batam, Indonesia",19.333333333333332,58,58,22,11,1,12,2,0.2801932367149758,1,True,False,False,19.333333333333332,0.0
BE,M-Root,all_publicly_visible,5006,dns-root_m-root_msm5006_20260701T000000Z_010000Z.json,landing_region_9430e1a9028b::landing_region_b37879c52c2b,"Changi North, Singapore -> Batam, Indonesia",19.333333333333332,58,58,22,11,1,12,2,0.2801932367149758,2,False,True,False,19.333333333333332,0.0
BE,M-Root,all_publicly_visible,5006,dns-root_m-root_msm5006_20260701T000000Z_010000Z.json,landing_region_af2b1cb46785::landing_region_b37879c52c2b,"Tuas, Singapore -> Batam, Indonesia",19.333333333333332,58,58,22,11,1,12,2,0.2801932367149758,3,False,False,True,19.333333333333332,0.0
BE,M-Root,all_publicly_visible,5006,dns-root_m-root_msm5006_20260701T000000Z_010000Z.json,landing_region_08ea81d123b5::landing_region_af2b1cb46785,"Marseille, France -> Tuas, Singapore",5.5,11,11,11,9,2,12,2,0.07971014492753623,4,False,False,False,0.0,5.5
BE,M-Root,all_publicly_visible,5006,dns-root_m-root_msm5006_20260701T000000Z_010000Z.json,landing_region_16217d497d23::landing_region_af2b1cb46785,"Toulon, France -> Tuas, Singapore",5.5,11,11,11,9,2,12,2,0.07971014492753623,5,False,False,False,0.0,5.5
BE,M-Root,resolved_entry_only,5006,dns-root_m-root_msm5006_20260701T000000Z_010000Z.json,landing_region_5d023e72c246::landing_region_b37879c52c2b,"Singapore, Singapore -> Batam, Indonesia",19.333333333333332,58,58,22,11,1,12,2,0.2801932367149758,1,True,False,False,19.333333333333332,0.0
BE,M-Root,resolved_entry_only,5006,dns-root_m-root_msm5006_20260701T000000Z_010000Z.json,landing_region_9430e1a9028b::landing_region_b37879c52c2b,"Changi North, Singapore -> Batam, Indonesia",19.333333333333332,58,58,22,11,1,12,2,0.2801932367149758,2,False,True,False,19.333333333333332,0.0
BE,M-Root,resolved_entry_only,5006,dns-root_m-root_msm5006_20260701T000000Z_010000Z.json,landing_region_af2b1cb46785::landing_region_b37879c52c2b,"Tuas, Singapore -> Batam, Indonesia",19.333333333333332,58,58,22,11,1,12,2,0.2801932367149758,3,False,False,True,19.333333333333332,0.0
BE,M-Root,resolved_entry_only,5006,dns-root_m-root_msm5006_20260701T000000Z_010000Z.json,landing_region_08ea81d123b5::landing_region_af2b1cb46785,"Marseille, France -> Tuas, Singapore",5.5,11,11,11,9,2,12,2,0.07971014492753623,4,False,False,False,0.0,5.5
BE,M-Root,resolved_entry_only,5006,dns-root_m-root_msm5006_20260701T000000Z_010000Z.json,landing_region_16217d497d23::landing_region_af2b1cb46785,"Toulon, France -> Tuas, Singapore",5.5,11,11,11,9,2,12,2,0.07971014492753623,5,False,False,False,0.0,5.5
BG,M-Root,all_publicly_visible,5006,dns-root_m-root_msm5006_20260701T000000Z_010000Z.json,landing_region_08ea81d123b5::landing_region_af2b1cb46785,"Marseille, France -> Tuas, Singapore",1.0,2,2,2,1,1,1,1,0.5,1,True,False,False,0.0,1.0
BG,M-Root,all_publicly_visible,5006,dns-root_m-root_msm5006_20260701T000000Z_010000Z.json,landing_region_16217d497d23::landing_region_af2b1cb46785,"Toulon, France -> Tuas, Singapore",1.0,2,2,2,1,1,1,1,0.5,2,False,True,False,0.0,1.0
BG,M-Root,resolved_entry_only,5006,dns-root_m-root_msm5006_20260701T000000Z_010000Z.json,landing_region_08ea81d123b5::landing_region_af2b1cb46785,"Marseille, France -> Tuas, Singapore",1.0,2,2,2,1,1,1,1,0.5,1,True,False,False,0.0,1.0
BG,M-Root,resolved_entry_only,5006,dns-root_m-root_msm5006_20260701T000000Z_010000Z.json,landing_region_16217d497d23::landing_region_af2b1cb46785,"Toulon, France -> Tuas, Singapore",1.0,2,2,2,1,1,1,1,0.5,2,False,True,False,0.0,1.0
BH,M-Root,all_publicly_visible,5006,dns-root_m-root_msm5006_20260701T000000Z_010000Z.json,landing_region_1392e3aea9b8::landing_region_8dc97f28b4d0,"Fujairah, United Arab Emirates -> Sharjah, United Arab Emirates",4.0,4,4,4,4,3,4,3,0.3333333333333333,1,True,False,False,4.0,0.0
BH,M-Root,all_publicly_visible,5006,dns-root_m-root_msm5006_20260701T000000Z_010000Z.json,landing_region_05a5445633a9::landing_region_8dc97f28b4d0,"Al Khobar, Saudi Arabia -> Sharjah, United Arab Emirates",3.0,6,6,6,3,3,4,3,0.25,2,False,True,False,0.0,3.0
BH,M-Root,all_publicly_visible,5006,dns-root_m-root_msm5006_20260701T000000Z_010000Z.json,landing_region_8dc97f28b4d0::landing_region_ca49ab31c10b,"Sharjah, United Arab Emirates -> Amwaj Island, Bahrain",3.0,6,6,6,3,3,4,3,0.25,3,False,False,True,0.0,3.0
BH,M-Root,all_publicly_visible,5006,dns-root_m-root_msm5006_20260701T000000Z_010000Z.json,landing_region_05a5445633a9::landing_region_ca49ab31c10b,"Al Khobar, Saudi Arabia -> Amwaj Island, Bahrain",2.0,2,2,2,1,1,4,3,0.16666666666666666,4,False,False,False,2.0,0.0
BH,M-Root,resolved_entry_only,5006,dns-root_m-root_msm5006_20260701T000000Z_010000Z.json,landing_region_1392e3aea9b8::landing_region_8dc97f28b4d0,"Fujairah, United Arab Emirates -> Sharjah, United Arab Emirates",4.0,4,4,4,4,3,4,3,0.3333333333333333,1,True,False,False,4.0,0.0
BH,M-Root,resolved_entry_only,5006,dns-root_m-root_msm5006_20260701T000000Z_010000Z.json,landing_region_05a5445633a9::landing_region_8dc97f28b4d0,"Al Khobar, Saudi Arabia -> Sharjah, United Arab Emirates",3.0,6,6,6,3,3,4,3,0.25,2,False,True,False,0.0,3.0
BH,M-Root,resolved_entry_only,5006,dns-root_m-root_msm5006_20260701T000000Z_010000Z.json,landing_region_8dc97f28b4d0::landing_region_ca49ab31c10b,"Sharjah, United Arab Emirates -> Amwaj Island, Bahrain",3.0,6,6,6,3,3,4,3,0.25,3,False,False,True,0.0,3.0
BH,M-Root,resolved_entry_only,5006,dns-root_m-root_msm5006_20260701T000000Z_010000Z.json,landing_region_05a5445633a9::landing_region_ca49ab31c10b,"Al Khobar, Saudi Arabia -> Amwaj Island, Bahrain",2.0,2,2,2,1,1,4,3,0.16666666666666666,4,False,False,False,2.0,0.0
BJ,M-Root,all_publicly_visible,5006,dns-root_m-root_msm5006_20260701T000000Z_010000Z.json,landing_region_08ea81d123b5::landing_region_af2b1cb46785,"Marseille, France -> Tuas, Singapore",4.5,9,9,9,5,1,5,1,0.3,1,True,False,False,0.0,4.5
BJ,M-Root,all_publicly_visible,5006,dns-root_m-root_msm5006_20260701T000000Z_010000Z.json,landing_region_16217d497d23::landing_region_af2b1cb46785,"Toulon, France -> Tuas, Singapore",4.5,9,9,9,5,1,5,1,0.3,2,False,True,False,0.0,4.5
BJ,M-Root,all_publicly_visible,5006,dns-root_m-root_msm5006_20260701T000000Z_010000Z.json,landing_region_343850da3642::landing_region_8afa8229a8fd,"Carcavelos, Portugal -> Cotonou, Benin",3.0,6,6,6,3,1,5,1,0.2,3,False,False,True,0.0,3.0
BJ,M-Root,all_publicly_visible,5006,dns-root_m-root_msm5006_20260701T000000Z_010000Z.json,landing_region_8afa8229a8fd::landing_region_f7627feb3284,"Cotonou, Benin -> Seixal, Portugal",3.0,6,6,6,3,1,5,1,0.2,4,False,False,False,0.0,3.0
BJ,M-Root,resolved_entry_only,5006,dns-root_m-root_msm5006_20260701T000000Z_010000Z.json,landing_region_08ea81d123b5::landing_region_af2b1cb46785,"Marseille, France -> Tuas, Singapore",4.5,9,9,9,5,1,5,1,0.3,1,True,False,False,0.0,4.5
BJ,M-Root,resolved_entry_only,5006,dns-root_m-root_msm5006_20260701T000000Z_010000Z.json,landing_region_16217d497d23::landing_region_af2b1cb46785,"Toulon, France -> Tuas, Singapore",4.5,9,9,9,5,1,5,1,0.3,2,False,True,False,0.0,4.5
BJ,M-Root,resolved_entry_only,5006,dns-root_m-root_msm5006_20260701T000000Z_010000Z.json,landing_region_343850da3642::landing_region_8afa8229a8fd,"Carcavelos, Portugal -> Cotonou, Benin",3.0,6,6,6,3,1,5,1,0.2,3,False,False,True,0.0,3.0
BJ,M-Root,resolved_entry_only,5006,dns-root_m-root_msm5006_20260701T000000Z_010000Z.json,landing_region_8afa8229a8fd::landing_region_f7627feb3284,"Cotonou, Benin -> Seixal, Portugal",3.0,6,6,6,3,1,5,1,0.2,4,False,False,False,0.0,3.0
BT,M-Root,all_publicly_visible,5006,dns-root_m-root_msm5006_20260701T000000Z_010000Z.json,landing_region_5d023e72c246::landing_region_b37879c52c2b,"Singapore, Singapore -> Batam, Indonesia",1.0,3,3,2,1,1,1,1,0.3333333333333333,1,True,False,False,1.0,0.0
BT,M-Root,all_publicly_visible,5006,dns-root_m-root_msm5006_20260701T000000Z_010000Z.json,landing_region_9430e1a9028b::landing_region_b37879c52c2b,"Changi North, Singapore -> Batam, Indonesia",1.0,3,3,2,1,1,1,1,0.3333333333333333,2,False,True,False,1.0,0.0
BT,M-Root,all_publicly_visible,5006,dns-root_m-root_msm5006_20260701T000000Z_010000Z.json,landing_region_af2b1cb46785::landing_region_b37879c52c2b,"Tuas, Singapore -> Batam, Indonesia",1.0,3,3,2,1,1,1,1,0.3333333333333333,3,False,False,True,1.0,0.0
BT,M-Root,resolved_entry_only,5006,dns-root_m-root_msm5006_20260701T000000Z_010000Z.json,landing_region_5d023e72c246::landing_region_b37879c52c2b,"Singapore, Singapore -> Batam, Indonesia",1.0,3,3,2,1,1,1,1,0.3333333333333333,1,True,False,False,1.0,0.0
BT,M-Root,resolved_entry_only,5006,dns-root_m-root_msm5006_20260701T000000Z_010000Z.json,landing_region_9430e1a9028b::landing_region_b37879c52c2b,"Changi North, Singapore -> Batam, Indonesia",1.0,3,3,2,1,1,1,1,0.3333333333333333,2,False,True,False,1.0,0.0
BT,M-Root,resolved_entry_only,5006,dns-root_m-root_msm5006_20260701T000000Z_010000Z.json,landing_region_af2b1cb46785::landing_region_b37879c52c2b,"Tuas, Singapore -> Batam, Indonesia",1.0,3,3,2,1,1,1,1,0.3333333333333333,3,False,False,True,1.0,0.0
BW,M-Root,all_publicly_visible,5006,dns-root_m-root_msm5006_20260701T000000Z_010000Z.json,landing_region_343850da3642::landing_region_44e270aeb18c,"Carcavelos, Portugal -> Melkbosstrand, South Africa",1.0,2,2,2,1,1,1,1,0.5,1,True,False,False,0.0,1.0
BW,M-Root,all_publicly_visible,5006,dns-root_m-root_msm5006_20260701T000000Z_010000Z.json,landing_region_44e270aeb18c::landing_region_f7627feb3284,"Melkbosstrand, South Africa -> Seixal, Portugal",1.0,2,2,2,1,1,1,1,0.5,2,False,True,False,0.0,1.0
BW,M-Root,resolved_entry_only,5006,dns-root_m-root_msm5006_20260701T000000Z_010000Z.json,landing_region_343850da3642::landing_region_44e270aeb18c,"Carcavelos, Portugal -> Melkbosstrand, South Africa",1.0,2,2,2,1,1,1,1,0.5,1,True,False,False,0.0,1.0
BW,M-Root,resolved_entry_only,5006,dns-root_m-root_msm5006_20260701T000000Z_010000Z.json,landing_region_44e270aeb18c::landing_region_f7627feb3284,"Melkbosstrand, South Africa -> Seixal, Portugal",1.0,2,2,2,1,1,1,1,0.5,2,False,True,False,0.0,1.0
CA,M-Root,all_publicly_visible,5006,dns-root_m-root_msm5006_20260701T000000Z_010000Z.json,landing_region_82a1b23200f3::landing_region_c94f4fef1bdd,"Snug Cove, BC, Canada -> Gambier Harbour, BC, Canada",329.2,334,334,110,56,12,83,31,0.6417153996101365,1,True,False,False,238.2,91.0
CA,M-Root,all_publicly_visible,5006,dns-root_m-root_msm5006_20260701T000000Z_010000Z.json,landing_region_b451e83206f9::landing_region_d026f3e5a07d,"Lynnwood, WA, United States -> Point Roberts, WA, United States",141.0,141,141,141,71,22,83,31,0.27485380116959063,2,False,True,False,131.0,10.0
CA,M-Root,all_publicly_visible,5006,dns-root_m-root_msm5006_20260701T000000Z_010000Z.json,landing_region_d026f3e5a07d::landing_region_f41a83b9b5b3,"Point Roberts, WA, United States -> Cordova Bay, BC, Canada",16.0,16,16,8,4,3,83,31,0.031189083820662766,3,False,False,True,16.0,0.0
CA,M-Root,all_publicly_visible,5006,dns-root_m-root_msm5006_20260701T000000Z_010000Z.json,landing_region_08d221ee162c::landing_region_b451e83206f9,"Clinton, WA, United States -> Lynnwood, WA, United States",10.0,10,10,4,2,2,83,31,0.01949317738791423,4,False,False,False,10.0,0.0
CA,M-Root,all_publicly_visible,5006,dns-root_m-root_msm5006_20260701T000000Z_010000Z.json,landing_region_ad2e1f237edf::landing_region_df3d1db01d0e,"Buffalo, NY, United States -> Toronto, ON, Canada",9.0,9,9,9,6,3,83,31,0.017543859649122806,5,False,False,False,0.0,9.0
CA,M-Root,all_publicly_visible,5006,dns-root_m-root_msm5006_20260701T000000Z_010000Z.json,landing_region_b451e83206f9::landing_region_f41a83b9b5b3,"Lynnwood, WA, United States -> Cordova Bay, BC, Canada",2.0,2,2,2,1,1,83,31,0.003898635477582846,6,False,False,False,2.0,0.0
CA,M-Root,all_publicly_visible,5006,dns-root_m-root_msm5006_20260701T000000Z_010000Z.json,landing_region_70abce74b352::landing_region_82a1b23200f3,"Snaw-naw-as, BC, Canada -> Snug Cove, BC, Canada",1.2000000000000002,6,6,6,3,1,83,31,0.002339181286549708,7,False,False,False,1.2000000000000002,0.0
CA,M-Root,all_publicly_visible,5006,dns-root_m-root_msm5006_20260701T000000Z_010000Z.json,landing_region_70abce74b352::landing_region_c94f4fef1bdd,"Snaw-naw-as, BC, Canada -> Gambier Harbour, BC, Canada",1.2000000000000002,6,6,6,3,1,83,31,0.002339181286549708,8,False,False,False,1.2000000000000002,0.0
CA,M-Root,all_publicly_visible,5006,dns-root_m-root_msm5006_20260701T000000Z_010000Z.json,landing_region_82a1b23200f3::landing_region_9c356a93ed34,"Snug Cove, BC, Canada -> Qualicum Beach, BC, Canada",1.2000000000000002,6,6,6,3,1,83,31,0.002339181286549708,9,False,False,False,1.2000000000000002,0.0
CA,M-Root,all_publicly_visible,5006,dns-root_m-root_msm5006_20260701T000000Z_010000Z.json,landing_region_9c356a93ed34::landing_region_c94f4fef1bdd,"Qualicum Beach, BC, Canada -> Gambier Harbour, BC, Canada",1.2000000000000002,6,6,6,3,1,83,31,0.002339181286549708,10,False,False,False,1.2000000000000002,0.0
CA,M-Root,all_publicly_visible,5006,dns-root_m-root_msm5006_20260701T000000Z_010000Z.json,landing_region_36777aea9ef0::landing_region_5e0dbaabe44b,"Halifax, NS, Canada -> Lynn, MA, United States",1.0,1,1,1,1,1,83,31,0.001949317738791423,11,False,False,False,0.0,1.0
CA,M-Root,resolved_entry_only,5006,dns-root_m-root_msm5006_20260701T000000Z_010000Z.json,landing_region_82a1b23200f3::landing_region_c94f4fef1bdd,"Snug Cove, BC, Canada -> Gambier Harbour, BC, Canada",326.2,331,331,108,55,11,82,30,0.6396078431372548,1,True,False,False,235.2,91.0
CA,M-Root,resolved_entry_only,5006,dns-root_m-root_msm5006_20260701T000000Z_010000Z.json,landing_region_b451e83206f9::landing_region_d026f3e5a07d,"Lynnwood, WA, United States -> Point Roberts, WA, United States",141.0,141,141,141,71,22,82,30,0.27647058823529413,2,False,True,False,131.0,10.0
CA,M-Root,resolved_entry_only,5006,dns-root_m-root_msm5006_20260701T000000Z_010000Z.json,landing_region_d026f3e5a07d::landing_region_f41a83b9b5b3,"Point Roberts, WA, United States -> Cordova Bay, BC, Canada",16.0,16,16,8,4,3,82,30,0.03137254901960784,3,False,False,True,16.0,0.0
CA,M-Root,resolved_entry_only,5006,dns-root_m-root_msm5006_20260701T000000Z_010000Z.json,landing_region_08d221ee162c::landing_region_b451e83206f9,"Clinton, WA, United States -> Lynnwood, WA, United States",10.0,10,10,4,2,2,82,30,0.0196078431372549,4,False,False,False,10.0,0.0
CA,M-Root,resolved_entry_only,5006,dns-root_m-root_msm5006_20260701T000000Z_010000Z.json,landing_region_ad2e1f237edf::landing_region_df3d1db01d0e,"Buffalo, NY, United States -> Toronto, ON, Canada",9.0,9,9,9,6,3,82,30,0.01764705882352941,5,False,False,False,0.0,9.0
CA,M-Root,resolved_entry_only,5006,dns-root_m-root_msm5006_20260701T000000Z_010000Z.json,landing_region_b451e83206f9::landing_region_f41a83b9b5b3,"Lynnwood, WA, United States -> Cordova Bay, BC, Canada",2.0,2,2,2,1,1,82,30,0.00392156862745098,6,False,False,False,2.0,0.0
CA,M-Root,resolved_entry_only,5006,dns-root_m-root_msm5006_20260701T000000Z_010000Z.json,landing_region_70abce74b352::landing_region_82a1b23200f3,"Snaw-naw-as, BC, Canada -> Snug Cove, BC, Canada",1.2000000000000002,6,6,6,3,1,82,30,0.0023529411764705885,7,False,False,False,1.2000000000000002,0.0
CA,M-Root,resolved_entry_only,5006,dns-root_m-root_msm5006_20260701T000000Z_010000Z.json,landing_region_70abce74b352::landing_region_c94f4fef1bdd,"Snaw-naw-as, BC, Canada -> Gambier Harbour, BC, Canada",1.2000000000000002,6,6,6,3,1,82,30,0.0023529411764705885,8,False,False,False,1.2000000000000002,0.0
CA,M-Root,resolved_entry_only,5006,dns-root_m-root_msm5006_20260701T000000Z_010000Z.json,landing_region_82a1b23200f3::landing_region_9c356a93ed34,"Snug Cove, BC, Canada -> Qualicum Beach, BC, Canada",1.2000000000000002,6,6,6,3,1,82,30,0.0023529411764705885,9,False,False,False,1.2000000000000002,0.0
CA,M-Root,resolved_entry_only,5006,dns-root_m-root_msm5006_20260701T000000Z_010000Z.json,landing_region_9c356a93ed34::landing_region_c94f4fef1bdd,"Qualicum Beach, BC, Canada -> Gambier Harbour, BC, Canada",1.2000000000000002,6,6,6,3,1,82,30,0.0023529411764705885,10,False,False,False,1.2000000000000002,0.0
CA,M-Root,resolved_entry_only,5006,dns-root_m-root_msm5006_20260701T000000Z_010000Z.json,landing_region_36777aea9ef0::landing_region_5e0dbaabe44b,"Halifax, NS, Canada -> Lynn, MA, United States",1.0,1,1,1,1,1,82,30,0.00196078431372549,11,False,False,False,0.0,1.0
CD,M-Root,all_publicly_visible,5006,dns-root_m-root_msm5006_20260701T000000Z_010000Z.json,landing_region_343850da3642::landing_region_f7627feb3284,"Carcavelos, Portugal -> Seixal, Portugal",2.0,2,2,2,1,1,2,2,0.2857142857142857,1,True,False,False,2.0,0.0
CD,M-Root,all_publicly_visible,5006,dns-root_m-root_msm5006_20260701T000000Z_010000Z.json,landing_region_44e270aeb18c::landing_region_eafefa1c1ea4,"Melkbosstrand, South Africa -> Amanzimtoti, South Africa",2.0,2,2,2,1,1,2,2,0.2857142857142857,2,False,True,False,2.0,0.0
CD,M-Root,all_publicly_visible,5006,dns-root_m-root_msm5006_20260701T000000Z_010000Z.json,landing_region_343850da3642::landing_region_44e270aeb18c,"Carcavelos, Portugal -> Melkbosstrand, South Africa",1.0,2,2,2,1,1,2,2,0.14285714285714285,3,False,False,True,0.0,1.0
CD,M-Root,all_publicly_visible,5006,dns-root_m-root_msm5006_20260701T000000Z_010000Z.json,landing_region_44e270aeb18c::landing_region_f7627feb3284,"Melkbosstrand, South Africa -> Seixal, Portugal",1.0,2,2,2,1,1,2,2,0.14285714285714285,4,False,False,False,0.0,1.0
CD,M-Root,all_publicly_visible,5006,dns-root_m-root_msm5006_20260701T000000Z_010000Z.json,landing_region_343850da3642::landing_region_3ee19f69866b,"Carcavelos, Portugal -> Luanda, Angola",0.5,1,1,1,1,1,2,2,0.07142857142857142,5,False,False,False,0.0,0.5
CD,M-Root,all_publicly_visible,5006,dns-root_m-root_msm5006_20260701T000000Z_010000Z.json,landing_region_3ee19f69866b::landing_region_f7627feb3284,"Luanda, Angola -> Seixal, Portugal",0.5,1,1,1,1,1,2,2,0.07142857142857142,6,False,False,False,0.0,0.5
CD,M-Root,resolved_entry_only,5006,dns-root_m-root_msm5006_20260701T000000Z_010000Z.json,landing_region_343850da3642::landing_region_f7627feb3284,"Carcavelos, Portugal -> Seixal, Portugal",2.0,2,2,2,1,1,2,2,0.2857142857142857,1,True,False,False,2.0,0.0
CD,M-Root,resolved_entry_only,5006,dns-root_m-root_msm5006_20260701T000000Z_010000Z.json,landing_region_44e270aeb18c::landing_region_eafefa1c1ea4,"Melkbosstrand, South Africa -> Amanzimtoti, South Africa",2.0,2,2,2,1,1,2,2,0.2857142857142857,2,False,True,False,2.0,0.0
CD,M-Root,resolved_entry_only,5006,dns-root_m-root_msm5006_20260701T000000Z_010000Z.json,landing_region_343850da3642::landing_region_44e270aeb18c,"Carcavelos, Portugal -> Melkbosstrand, South Africa",1.0,2,2,2,1,1,2,2,0.14285714285714285,3,False,False,True,0.0,1.0
CD,M-Root,resolved_entry_only,5006,dns-root_m-root_msm5006_20260701T000000Z_010000Z.json,landing_region_44e270aeb18c::landing_region_f7627feb3284,"Melkbosstrand, South Africa -> Seixal, Portugal",1.0,2,2,2,1,1,2,2,0.14285714285714285,4,False,False,False,0.0,1.0
CD,M-Root,resolved_entry_only,5006,dns-root_m-root_msm5006_20260701T000000Z_010000Z.json,landing_region_343850da3642::landing_region_3ee19f69866b,"Carcavelos, Portugal -> Luanda, Angola",0.5,1,1,1,1,1,2,2,0.07142857142857142,5,False,False,False,0.0,0.5
CD,M-Root,resolved_entry_only,5006,dns-root_m-root_msm5006_20260701T000000Z_010000Z.json,landing_region_3ee19f69866b::landing_region_f7627feb3284,"Luanda, Angola -> Seixal, Portugal",0.5,1,1,1,1,1,2,2,0.07142857142857142,6,False,False,False,0.0,0.5
CH,M-Root,all_publicly_visible,5006,dns-root_m-root_msm5006_20260701T000000Z_010000Z.json,landing_region_08ea81d123b5::landing_region_af2b1cb46785,"Marseille, France -> Tuas, Singapore",2.0,4,4,4,2,2,2,2,0.5,1,True,False,False,0.0,2.0
CH,M-Root,all_publicly_visible,5006,dns-root_m-root_msm5006_20260701T000000Z_010000Z.json,landing_region_16217d497d23::landing_region_af2b1cb46785,"Toulon, France -> Tuas, Singapore",2.0,4,4,4,2,2,2,2,0.5,2,False,True,False,0.0,2.0
CH,M-Root,resolved_entry_only,5006,dns-root_m-root_msm5006_20260701T000000Z_010000Z.json,landing_region_08ea81d123b5::landing_region_af2b1cb46785,"Marseille, France -> Tuas, Singapore",2.0,4,4,4,2,2,2,2,0.5,1,True,False,False,0.0,2.0
CH,M-Root,resolved_entry_only,5006,dns-root_m-root_msm5006_20260701T000000Z_010000Z.json,landing_region_16217d497d23::landing_region_af2b1cb46785,"Toulon, France -> Tuas, Singapore",2.0,4,4,4,2,2,2,2,0.5,2,False,True,False,0.0,2.0
CI,M-Root,all_publicly_visible,5006,dns-root_m-root_msm5006_20260701T000000Z_010000Z.json,landing_region_2e263771884f::landing_region_30beda532e6f,"Accra, Ghana -> Lagos, Nigeria",2.0,2,2,2,1,1,2,2,0.5,1,True,False,False,0.0,2.0
CI,M-Root,all_publicly_visible,5006,dns-root_m-root_msm5006_20260701T000000Z_010000Z.json,landing_region_343850da3642::landing_region_f7627feb3284,"Carcavelos, Portugal -> Seixal, Portugal",2.0,2,2,2,1,1,2,2,0.5,2,False,True,False,2.0,0.0
CI,M-Root,resolved_entry_only,5006,dns-root_m-root_msm5006_20260701T000000Z_010000Z.json,landing_region_2e263771884f::landing_region_30beda532e6f,"Accra, Ghana -> Lagos, Nigeria",2.0,2,2,2,1,1,2,2,0.5,1,True,False,False,0.0,2.0
CI,M-Root,resolved_entry_only,5006,dns-root_m-root_msm5006_20260701T000000Z_010000Z.json,landing_region_343850da3642::landing_region_f7627feb3284,"Carcavelos, Portugal -> Seixal, Portugal",2.0,2,2,2,1,1,2,2,0.5,2,False,True,False,2.0,0.0
CL,M-Root,all_publicly_visible,5006,dns-root_m-root_msm5006_20260701T000000Z_010000Z.json,landing_region_bc6c664daa8f::landing_region_df61fea74887,"Alupang, Guam -> El Segundo, CA, United States",1.0,1,1,1,1,1,1,1,1.0,1,True,False,False,0.0,1.0
CL,M-Root,resolved_entry_only,5006,dns-root_m-root_msm5006_20260701T000000Z_010000Z.json,landing_region_bc6c664daa8f::landing_region_df61fea74887,"Alupang, Guam -> El Segundo, CA, United States",1.0,1,1,1,1,1,1,1,1.0,1,True,False,False,0.0,1.0
CM,M-Root,all_publicly_visible,5006,dns-root_m-root_msm5006_20260701T000000Z_010000Z.json,landing_region_30beda532e6f::landing_region_99a747248ab4,"Lagos, Nigeria -> Douala, Cameroon",2.0,2,2,2,1,1,1,1,1.0,1,True,False,False,0.0,2.0
CM,M-Root,resolved_entry_only,5006,dns-root_m-root_msm5006_20260701T000000Z_010000Z.json,landing_region_30beda532e6f::landing_region_99a747248ab4,"Lagos, Nigeria -> Douala, Cameroon",2.0,2,2,2,1,1,1,1,1.0,1,True,False,False,0.0,2.0
CN,M-Root,all_publicly_visible,5006,dns-root_m-root_msm5006_20260701T000000Z_010000Z.json,landing_region_271ad44782a4::landing_region_7a7da5f2aeb1,"Chongming, China -> Lantau Island, China",2.0,4,4,4,3,3,5,4,0.2222222222222222,1,True,False,False,2.0,0.0
CN,M-Root,all_publicly_visible,5006,dns-root_m-root_msm5006_20260701T000000Z_010000Z.json,landing_region_271ad44782a4::landing_region_85e39fb7d29e,"Chongming, China -> Chai Wan, China",2.0,4,4,4,3,3,5,4,0.2222222222222222,2,False,True,False,2.0,0.0
CN,M-Root,all_publicly_visible,5006,dns-root_m-root_msm5006_20260701T000000Z_010000Z.json,landing_region_5d023e72c246::landing_region_b37879c52c2b,"Singapore, Singapore -> Batam, Indonesia",1.3333333333333333,4,4,2,1,1,5,4,0.14814814814814814,3,False,False,True,1.3333333333333333,0.0
CN,M-Root,all_publicly_visible,5006,dns-root_m-root_msm5006_20260701T000000Z_010000Z.json,landing_region_9430e1a9028b::landing_region_b37879c52c2b,"Changi North, Singapore -> Batam, Indonesia",1.3333333333333333,4,4,2,1,1,5,4,0.14814814814814814,4,False,False,False,1.3333333333333333,0.0
CN,M-Root,all_publicly_visible,5006,dns-root_m-root_msm5006_20260701T000000Z_010000Z.json,landing_region_af2b1cb46785::landing_region_b37879c52c2b,"Tuas, Singapore -> Batam, Indonesia",1.3333333333333333,4,4,2,1,1,5,4,0.14814814814814814,5,False,False,False,1.3333333333333333,0.0
CN,M-Root,all_publicly_visible,5006,dns-root_m-root_msm5006_20260701T000000Z_010000Z.json,landing_region_271ad44782a4::landing_region_b7d24fbff960,"Chongming, China -> Qingdao, China",1.0,1,1,1,1,1,5,4,0.1111111111111111,6,False,False,False,1.0,0.0
CN,M-Root,resolved_entry_only,5006,dns-root_m-root_msm5006_20260701T000000Z_010000Z.json,landing_region_271ad44782a4::landing_region_7a7da5f2aeb1,"Chongming, China -> Lantau Island, China",2.0,4,4,4,3,3,5,4,0.2222222222222222,1,True,False,False,2.0,0.0
CN,M-Root,resolved_entry_only,5006,dns-root_m-root_msm5006_20260701T000000Z_010000Z.json,landing_region_271ad44782a4::landing_region_85e39fb7d29e,"Chongming, China -> Chai Wan, China",2.0,4,4,4,3,3,5,4,0.2222222222222222,2,False,True,False,2.0,0.0
CN,M-Root,resolved_entry_only,5006,dns-root_m-root_msm5006_20260701T000000Z_010000Z.json,landing_region_5d023e72c246::landing_region_b37879c52c2b,"Singapore, Singapore -> Batam, Indonesia",1.3333333333333333,4,4,2,1,1,5,4,0.14814814814814814,3,False,False,True,1.3333333333333333,0.0
CN,M-Root,resolved_entry_only,5006,dns-root_m-root_msm5006_20260701T000000Z_010000Z.json,landing_region_9430e1a9028b::landing_region_b37879c52c2b,"Changi North, Singapore -> Batam, Indonesia",1.3333333333333333,4,4,2,1,1,5,4,0.14814814814814814,4,False,False,False,1.3333333333333333,0.0
CN,M-Root,resolved_entry_only,5006,dns-root_m-root_msm5006_20260701T000000Z_010000Z.json,landing_region_af2b1cb46785::landing_region_b37879c52c2b,"Tuas, Singapore -> Batam, Indonesia",1.3333333333333333,4,4,2,1,1,5,4,0.14814814814814814,5,False,False,False,1.3333333333333333,0.0
CN,M-Root,resolved_entry_only,5006,dns-root_m-root_msm5006_20260701T000000Z_010000Z.json,landing_region_271ad44782a4::landing_region_b7d24fbff960,"Chongming, China -> Qingdao, China",1.0,1,1,1,1,1,5,4,0.1111111111111111,6,False,False,False,1.0,0.0
CO,M-Root,all_publicly_visible,5006,dns-root_m-root_msm5006_20260701T000000Z_010000Z.json,landing_region_83c1ffe3b901::landing_region_bd03623e84bf,"Mahuma, Curaçao -> Hollywood, FL, United States",4.0,4,4,4,2,2,7,4,0.2857142857142857,1,True,False,False,0.0,4.0
CO,M-Root,all_publicly_visible,5006,dns-root_m-root_msm5006_20260701T000000Z_010000Z.json,landing_region_bc6c664daa8f::landing_region_df61fea74887,"Alupang, Guam -> El Segundo, CA, United States",4.0,4,4,4,3,2,7,4,0.2857142857142857,2,False,True,False,0.0,4.0
CO,M-Root,all_publicly_visible,5006,dns-root_m-root_msm5006_20260701T000000Z_010000Z.json,landing_region_61312bef9df1::landing_region_83c1ffe3b901,"Cartagena, Colombia -> Mahuma, Curaçao",3.0,3,3,3,2,1,7,4,0.21428571428571427,3,False,False,True,0.0,3.0
CO,M-Root,all_publicly_visible,5006,dns-root_m-root_msm5006_20260701T000000Z_010000Z.json,landing_region_61312bef9df1::landing_region_bd03623e84bf,"Cartagena, Colombia -> Hollywood, FL, United States",3.0,3,3,3,2,1,7,4,0.21428571428571427,4,False,False,False,0.0,3.0
CO,M-Root,resolved_entry_only,5006,dns-root_m-root_msm5006_20260701T000000Z_010000Z.json,landing_region_83c1ffe3b901::landing_region_bd03623e84bf,"Mahuma, Curaçao -> Hollywood, FL, United States",4.0,4,4,4,2,2,6,4,0.3333333333333333,1,True,False,False,0.0,4.0
CO,M-Root,resolved_entry_only,5006,dns-root_m-root_msm5006_20260701T000000Z_010000Z.json,landing_region_bc6c664daa8f::landing_region_df61fea74887,"Alupang, Guam -> El Segundo, CA, United States",4.0,4,4,4,3,2,6,4,0.3333333333333333,2,False,True,False,0.0,4.0
CO,M-Root,resolved_entry_only,5006,dns-root_m-root_msm5006_20260701T000000Z_010000Z.json,landing_region_61312bef9df1::landing_region_83c1ffe3b901,"Cartagena, Colombia -> Mahuma, Curaçao",3.0,3,3,3,2,1,6,4,0.25,3,False,False,True,0.0,3.0
CO,M-Root,resolved_entry_only,5006,dns-root_m-root_msm5006_20260701T000000Z_010000Z.json,landing_region_61312bef9df1::landing_region_bd03623e84bf,"Cartagena, Colombia -> Hollywood, FL, United States",1.0,1,1,1,1,1,6,4,0.08333333333333333,4,False,False,False,0.0,1.0
CU,M-Root,all_publicly_visible,5006,dns-root_m-root_msm5006_20260701T000000Z_010000Z.json,landing_region_bc2d670b199a::landing_region_bd03623e84bf,"Santo Domingo, Dominican Republic -> Hollywood, FL, United States",1.0,1,1,1,1,1,1,1,1.0,1,True,False,False,0.0,1.0
CU,M-Root,resolved_entry_only,5006,dns-root_m-root_msm5006_20260701T000000Z_010000Z.json,landing_region_bc2d670b199a::landing_region_bd03623e84bf,"Santo Domingo, Dominican Republic -> Hollywood, FL, United States",1.0,1,1,1,1,1,1,1,1.0,1,True,False,False,0.0,1.0
CV,M-Root,all_publicly_visible,5006,dns-root_m-root_msm5006_20260701T000000Z_010000Z.json,landing_region_1ad4dd854de2::landing_region_d02d22941d60,"Praia, Cape Verde -> Vila do Maio, Cape Verde",2.0,6,6,2,1,1,1,1,0.3333333333333333,1,True,False,False,2.0,0.0
CV,M-Root,all_publicly_visible,5006,dns-root_m-root_msm5006_20260701T000000Z_010000Z.json,landing_region_1ad4dd854de2::landing_region_dffdb65405f5,"Praia, Cape Verde -> Tarrafal de Santiago, Cape Verde",2.0,6,6,2,1,1,1,1,0.3333333333333333,2,False,True,False,2.0,0.0
CV,M-Root,all_publicly_visible,5006,dns-root_m-root_msm5006_20260701T000000Z_010000Z.json,landing_region_d02d22941d60::landing_region_dffdb65405f5,"Vila do Maio, Cape Verde -> Tarrafal de Santiago, Cape Verde",2.0,6,6,2,1,1,1,1,0.3333333333333333,3,False,False,True,2.0,0.0
CV,M-Root,resolved_entry_only,5006,dns-root_m-root_msm5006_20260701T000000Z_010000Z.json,landing_region_1ad4dd854de2::landing_region_d02d22941d60,"Praia, Cape Verde -> Vila do Maio, Cape Verde",2.0,6,6,2,1,1,1,1,0.3333333333333333,1,True,False,False,2.0,0.0
CV,M-Root,resolved_entry_only,5006,dns-root_m-root_msm5006_20260701T000000Z_010000Z.json,landing_region_1ad4dd854de2::landing_region_dffdb65405f5,"Praia, Cape Verde -> Tarrafal de Santiago, Cape Verde",2.0,6,6,2,1,1,1,1,0.3333333333333333,2,False,True,False,2.0,0.0
CV,M-Root,resolved_entry_only,5006,dns-root_m-root_msm5006_20260701T000000Z_010000Z.json,landing_region_d02d22941d60::landing_region_dffdb65405f5,"Vila do Maio, Cape Verde -> Tarrafal de Santiago, Cape Verde",2.0,6,6,2,1,1,1,1,0.3333333333333333,3,False,False,True,2.0,0.0
CY,M-Root,all_publicly_visible,5006,dns-root_m-root_msm5006_20260701T000000Z_010000Z.json,landing_region_5d023e72c246::landing_region_b37879c52c2b,"Singapore, Singapore -> Batam, Indonesia",3.333333333333333,10,10,4,2,1,4,2,0.23809523809523808,1,True,False,False,3.333333333333333,0.0
CY,M-Root,all_publicly_visible,5006,dns-root_m-root_msm5006_20260701T000000Z_010000Z.json,landing_region_9430e1a9028b::landing_region_b37879c52c2b,"Changi North, Singapore -> Batam, Indonesia",3.333333333333333,10,10,4,2,1,4,2,0.23809523809523808,2,False,True,False,3.333333333333333,0.0
CY,M-Root,all_publicly_visible,5006,dns-root_m-root_msm5006_20260701T000000Z_010000Z.json,landing_region_af2b1cb46785::landing_region_b37879c52c2b,"Tuas, Singapore -> Batam, Indonesia",3.333333333333333,10,10,4,2,1,4,2,0.23809523809523808,3,False,False,True,3.333333333333333,0.0
CY,M-Root,all_publicly_visible,5006,dns-root_m-root_msm5006_20260701T000000Z_010000Z.json,landing_region_08ea81d123b5::landing_region_3e7b4a85e943,"Marseille, France -> Pentaskhinos, Cyprus",2.0,2,2,2,2,1,4,2,0.14285714285714285,4,False,False,False,0.0,2.0
CY,M-Root,all_publicly_visible,5006,dns-root_m-root_msm5006_20260701T000000Z_010000Z.json,landing_region_08ea81d123b5::landing_region_af2b1cb46785,"Marseille, France -> Tuas, Singapore",1.5,2,2,2,1,1,4,2,0.10714285714285714,5,False,False,False,0.0,1.5
CY,M-Root,all_publicly_visible,5006,dns-root_m-root_msm5006_20260701T000000Z_010000Z.json,landing_region_16217d497d23::landing_region_af2b1cb46785,"Toulon, France -> Tuas, Singapore",0.5,1,1,1,1,1,4,2,0.03571428571428571,6,False,False,False,0.0,0.5
CY,M-Root,resolved_entry_only,5006,dns-root_m-root_msm5006_20260701T000000Z_010000Z.json,landing_region_5d023e72c246::landing_region_b37879c52c2b,"Singapore, Singapore -> Batam, Indonesia",3.333333333333333,10,10,4,2,1,4,2,0.23809523809523808,1,True,False,False,3.333333333333333,0.0
CY,M-Root,resolved_entry_only,5006,dns-root_m-root_msm5006_20260701T000000Z_010000Z.json,landing_region_9430e1a9028b::landing_region_b37879c52c2b,"Changi North, Singapore -> Batam, Indonesia",3.333333333333333,10,10,4,2,1,4,2,0.23809523809523808,2,False,True,False,3.333333333333333,0.0
CY,M-Root,resolved_entry_only,5006,dns-root_m-root_msm5006_20260701T000000Z_010000Z.json,landing_region_af2b1cb46785::landing_region_b37879c52c2b,"Tuas, Singapore -> Batam, Indonesia",3.333333333333333,10,10,4,2,1,4,2,0.23809523809523808,3,False,False,True,3.333333333333333,0.0
CY,M-Root,resolved_entry_only,5006,dns-root_m-root_msm5006_20260701T000000Z_010000Z.json,landing_region_08ea81d123b5::landing_region_3e7b4a85e943,"Marseille, France -> Pentaskhinos, Cyprus",2.0,2,2,2,2,1,4,2,0.14285714285714285,4,False,False,False,0.0,2.0
CY,M-Root,resolved_entry_only,5006,dns-root_m-root_msm5006_20260701T000000Z_010000Z.json,landing_region_08ea81d123b5::landing_region_af2b1cb46785,"Marseille, France -> Tuas, Singapore",1.5,2,2,2,1,1,4,2,0.10714285714285714,5,False,False,False,0.0,1.5
CY,M-Root,resolved_entry_only,5006,dns-root_m-root_msm5006_20260701T000000Z_010000Z.json,landing_region_16217d497d23::landing_region_af2b1cb46785,"Toulon, France -> Tuas, Singapore",0.5,1,1,1,1,1,4,2,0.03571428571428571,6,False,False,False,0.0,0.5
CZ,M-Root,all_publicly_visible,5006,dns-root_m-root_msm5006_20260701T000000Z_010000Z.json,landing_region_5d023e72c246::landing_region_b37879c52c2b,"Singapore, Singapore -> Batam, Indonesia",1.3333333333333333,4,4,2,1,1,1,1,0.26666666666666666,1,True,False,False,1.3333333333333333,0.0
CZ,M-Root,all_publicly_visible,5006,dns-root_m-root_msm5006_20260701T000000Z_010000Z.json,landing_region_9430e1a9028b::landing_region_b37879c52c2b,"Changi North, Singapore -> Batam, Indonesia",1.3333333333333333,4,4,2,1,1,1,1,0.26666666666666666,2,False,True,False,1.3333333333333333,0.0
CZ,M-Root,all_publicly_visible,5006,dns-root_m-root_msm5006_20260701T000000Z_010000Z.json,landing_region_af2b1cb46785::landing_region_b37879c52c2b,"Tuas, Singapore -> Batam, Indonesia",1.3333333333333333,4,4,2,1,1,1,1,0.26666666666666666,3,False,False,True,1.3333333333333333,0.0
CZ,M-Root,all_publicly_visible,5006,dns-root_m-root_msm5006_20260701T000000Z_010000Z.json,landing_region_08ea81d123b5::landing_region_af2b1cb46785,"Marseille, France -> Tuas, Singapore",0.5,1,1,1,1,1,1,1,0.1,4,False,False,False,0.0,0.5
CZ,M-Root,all_publicly_visible,5006,dns-root_m-root_msm5006_20260701T000000Z_010000Z.json,landing_region_16217d497d23::landing_region_af2b1cb46785,"Toulon, France -> Tuas, Singapore",0.5,1,1,1,1,1,1,1,0.1,5,False,False,False,0.0,0.5
CZ,M-Root,resolved_entry_only,5006,dns-root_m-root_msm5006_20260701T000000Z_010000Z.json,landing_region_5d023e72c246::landing_region_b37879c52c2b,"Singapore, Singapore -> Batam, Indonesia",1.3333333333333333,4,4,2,1,1,1,1,0.26666666666666666,1,True,False,False,1.3333333333333333,0.0
CZ,M-Root,resolved_entry_only,5006,dns-root_m-root_msm5006_20260701T000000Z_010000Z.json,landing_region_9430e1a9028b::landing_region_b37879c52c2b,"Changi North, Singapore -> Batam, Indonesia",1.3333333333333333,4,4,2,1,1,1,1,0.26666666666666666,2,False,True,False,1.3333333333333333,0.0
CZ,M-Root,resolved_entry_only,5006,dns-root_m-root_msm5006_20260701T000000Z_010000Z.json,landing_region_af2b1cb46785::landing_region_b37879c52c2b,"Tuas, Singapore -> Batam, Indonesia",1.3333333333333333,4,4,2,1,1,1,1,0.26666666666666666,3,False,False,True,1.3333333333333333,0.0
CZ,M-Root,resolved_entry_only,5006,dns-root_m-root_msm5006_20260701T000000Z_010000Z.json,landing_region_08ea81d123b5::landing_region_af2b1cb46785,"Marseille, France -> Tuas, Singapore",0.5,1,1,1,1,1,1,1,0.1,4,False,False,False,0.0,0.5
CZ,M-Root,resolved_entry_only,5006,dns-root_m-root_msm5006_20260701T000000Z_010000Z.json,landing_region_16217d497d23::landing_region_af2b1cb46785,"Toulon, France -> Tuas, Singapore",0.5,1,1,1,1,1,1,1,0.1,5,False,False,False,0.0,0.5
DE,M-Root,all_publicly_visible,5006,dns-root_m-root_msm5006_20260701T000000Z_010000Z.json,landing_region_5d023e72c246::landing_region_b37879c52c2b,"Singapore, Singapore -> Batam, Indonesia",63.33333333333333,190,190,68,36,11,38,13,0.289193302891933,1,True,False,False,63.33333333333333,0.0
DE,M-Root,all_publicly_visible,5006,dns-root_m-root_msm5006_20260701T000000Z_010000Z.json,landing_region_9430e1a9028b::landing_region_b37879c52c2b,"Changi North, Singapore -> Batam, Indonesia",63.33333333333333,190,190,68,36,11,38,13,0.289193302891933,2,False,True,False,63.33333333333333,0.0
DE,M-Root,all_publicly_visible,5006,dns-root_m-root_msm5006_20260701T000000Z_010000Z.json,landing_region_af2b1cb46785::landing_region_b37879c52c2b,"Tuas, Singapore -> Batam, Indonesia",63.33333333333333,190,190,68,36,11,38,13,0.289193302891933,3,False,False,True,63.33333333333333,0.0
DE,M-Root,all_publicly_visible,5006,dns-root_m-root_msm5006_20260701T000000Z_010000Z.json,landing_region_08ea81d123b5::landing_region_af2b1cb46785,"Marseille, France -> Tuas, Singapore",14.5,29,29,29,25,10,38,13,0.06621004566210045,4,False,False,False,0.0,14.5
DE,M-Root,all_publicly_visible,5006,dns-root_m-root_msm5006_20260701T000000Z_010000Z.json,landing_region_16217d497d23::landing_region_af2b1cb46785,"Toulon, France -> Tuas, Singapore",14.5,29,29,29,25,10,38,13,0.06621004566210045,5,False,False,False,0.0,14.5
DE,M-Root,resolved_entry_only,5006,dns-root_m-root_msm5006_20260701T000000Z_010000Z.json,landing_region_5d023e72c246::landing_region_b37879c52c2b,"Singapore, Singapore -> Batam, Indonesia",63.33333333333333,190,190,68,36,11,38,13,0.289193302891933,1,True,False,False,63.33333333333333,0.0
DE,M-Root,resolved_entry_only,5006,dns-root_m-root_msm5006_20260701T000000Z_010000Z.json,landing_region_9430e1a9028b::landing_region_b37879c52c2b,"Changi North, Singapore -> Batam, Indonesia",63.33333333333333,190,190,68,36,11,38,13,0.289193302891933,2,False,True,False,63.33333333333333,0.0
DE,M-Root,resolved_entry_only,5006,dns-root_m-root_msm5006_20260701T000000Z_010000Z.json,landing_region_af2b1cb46785::landing_region_b37879c52c2b,"Tuas, Singapore -> Batam, Indonesia",63.33333333333333,190,190,68,36,11,38,13,0.289193302891933,3,False,False,True,63.33333333333333,0.0
DE,M-Root,resolved_entry_only,5006,dns-root_m-root_msm5006_20260701T000000Z_010000Z.json,landing_region_08ea81d123b5::landing_region_af2b1cb46785,"Marseille, France -> Tuas, Singapore",14.5,29,29,29,25,10,38,13,0.06621004566210045,4,False,False,False,0.0,14.5
DE,M-Root,resolved_entry_only,5006,dns-root_m-root_msm5006_20260701T000000Z_010000Z.json,landing_region_16217d497d23::landing_region_af2b1cb46785,"Toulon, France -> Tuas, Singapore",14.5,29,29,29,25,10,38,13,0.06621004566210045,5,False,False,False,0.0,14.5
DJ,M-Root,all_publicly_visible,5006,dns-root_m-root_msm5006_20260701T000000Z_010000Z.json,landing_region_08ea81d123b5::landing_region_173727a59ebb,"Marseille, France -> Djibouti City, Djibouti",1.5,3,3,3,2,2,3,2,0.375,1,True,False,False,0.0,1.5
DJ,M-Root,all_publicly_visible,5006,dns-root_m-root_msm5006_20260701T000000Z_010000Z.json,landing_region_16217d497d23::landing_region_173727a59ebb,"Toulon, France -> Djibouti City, Djibouti",1.5,3,3,3,2,2,3,2,0.375,2,False,True,False,0.0,1.5
DJ,M-Root,all_publicly_visible,5006,dns-root_m-root_msm5006_20260701T000000Z_010000Z.json,landing_region_173727a59ebb::landing_region_af2b1cb46785,"Djibouti City, Djibouti -> Tuas, Singapore",1.0,1,1,1,1,1,3,2,0.25,3,False,False,True,0.0,1.0
DJ,M-Root,resolved_entry_only,5006,dns-root_m-root_msm5006_20260701T000000Z_010000Z.json,landing_region_08ea81d123b5::landing_region_173727a59ebb,"Marseille, France -> Djibouti City, Djibouti",1.5,3,3,3,2,2,3,2,0.375,1,True,False,False,0.0,1.5
DJ,M-Root,resolved_entry_only,5006,dns-root_m-root_msm5006_20260701T000000Z_010000Z.json,landing_region_16217d497d23::landing_region_173727a59ebb,"Toulon, France -> Djibouti City, Djibouti",1.5,3,3,3,2,2,3,2,0.375,2,False,True,False,0.0,1.5
DJ,M-Root,resolved_entry_only,5006,dns-root_m-root_msm5006_20260701T000000Z_010000Z.json,landing_region_173727a59ebb::landing_region_af2b1cb46785,"Djibouti City, Djibouti -> Tuas, Singapore",1.0,1,1,1,1,1,3,2,0.25,3,False,False,True,0.0,1.0
DK,M-Root,all_publicly_visible,5006,dns-root_m-root_msm5006_20260701T000000Z_010000Z.json,landing_region_d073d559153a::landing_region_e2b0cd002b0c,"Bunkeflostand, Sweden -> Tuborg, Denmark",364.0,364,364,169,86,27,92,27,0.8564705882352941,1,True,False,False,271.0,93.0
DK,M-Root,all_publicly_visible,5006,dns-root_m-root_msm5006_20260701T000000Z_010000Z.json,landing_region_1ce0b85cd8b9::landing_region_d073d559153a,"Uto, Sweden -> Bunkeflostand, Sweden",19.0,38,38,38,21,6,92,27,0.04470588235294118,2,False,True,False,0.0,19.0
DK,M-Root,all_publicly_visible,5006,dns-root_m-root_msm5006_20260701T000000Z_010000Z.json,landing_region_1ce0b85cd8b9::landing_region_e2b0cd002b0c,"Uto, Sweden -> Tuborg, Denmark",19.0,38,38,38,21,6,92,27,0.04470588235294118,3,False,False,True,0.0,19.0
DK,M-Root,all_publicly_visible,5006,dns-root_m-root_msm5006_20260701T000000Z_010000Z.json,landing_region_5d023e72c246::landing_region_b37879c52c2b,"Singapore, Singapore -> Batam, Indonesia",6.333333333333333,19,19,8,4,3,92,27,0.014901960784313726,4,False,False,False,6.333333333333333,0.0
DK,M-Root,all_publicly_visible,5006,dns-root_m-root_msm5006_20260701T000000Z_010000Z.json,landing_region_9430e1a9028b::landing_region_b37879c52c2b,"Changi North, Singapore -> Batam, Indonesia",6.333333333333333,19,19,8,4,3,92,27,0.014901960784313726,5,False,False,False,6.333333333333333,0.0
DK,M-Root,all_publicly_visible,5006,dns-root_m-root_msm5006_20260701T000000Z_010000Z.json,landing_region_af2b1cb46785::landing_region_b37879c52c2b,"Tuas, Singapore -> Batam, Indonesia",6.333333333333333,19,19,8,4,3,92,27,0.014901960784313726,6,False,False,False,6.333333333333333,0.0
DK,M-Root,all_publicly_visible,5006,dns-root_m-root_msm5006_20260701T000000Z_010000Z.json,landing_region_08ea81d123b5::landing_region_af2b1cb46785,"Marseille, France -> Tuas, Singapore",2.0,4,4,4,3,3,92,27,0.004705882352941176,7,False,False,False,0.0,2.0
DK,M-Root,all_publicly_visible,5006,dns-root_m-root_msm5006_20260701T000000Z_010000Z.json,landing_region_16217d497d23::landing_region_af2b1cb46785,"Toulon, France -> Tuas, Singapore",2.0,4,4,4,3,3,92,27,0.004705882352941176,8,False,False,False,0.0,2.0
DK,M-Root,resolved_entry_only,5006,dns-root_m-root_msm5006_20260701T000000Z_010000Z.json,landing_region_d073d559153a::landing_region_e2b0cd002b0c,"Bunkeflostand, Sweden -> Tuborg, Denmark",363.0,363,363,168,86,27,92,27,0.8581560283687943,1,True,False,False,270.0,93.0
DK,M-Root,resolved_entry_only,5006,dns-root_m-root_msm5006_20260701T000000Z_010000Z.json,landing_region_1ce0b85cd8b9::landing_region_d073d559153a,"Uto, Sweden -> Bunkeflostand, Sweden",18.5,37,37,37,21,6,92,27,0.04373522458628842,2,False,True,False,0.0,18.5
DK,M-Root,resolved_entry_only,5006,dns-root_m-root_msm5006_20260701T000000Z_010000Z.json,landing_region_1ce0b85cd8b9::landing_region_e2b0cd002b0c,"Uto, Sweden -> Tuborg, Denmark",18.5,37,37,37,21,6,92,27,0.04373522458628842,3,False,False,True,0.0,18.5
DK,M-Root,resolved_entry_only,5006,dns-root_m-root_msm5006_20260701T000000Z_010000Z.json,landing_region_5d023e72c246::landing_region_b37879c52c2b,"Singapore, Singapore -> Batam, Indonesia",6.333333333333333,19,19,8,4,3,92,27,0.014972419227738376,4,False,False,False,6.333333333333333,0.0
DK,M-Root,resolved_entry_only,5006,dns-root_m-root_msm5006_20260701T000000Z_010000Z.json,landing_region_9430e1a9028b::landing_region_b37879c52c2b,"Changi North, Singapore -> Batam, Indonesia",6.333333333333333,19,19,8,4,3,92,27,0.014972419227738376,5,False,False,False,6.333333333333333,0.0
DK,M-Root,resolved_entry_only,5006,dns-root_m-root_msm5006_20260701T000000Z_010000Z.json,landing_region_af2b1cb46785::landing_region_b37879c52c2b,"Tuas, Singapore -> Batam, Indonesia",6.333333333333333,19,19,8,4,3,92,27,0.014972419227738376,6,False,False,False,6.333333333333333,0.0
DK,M-Root,resolved_entry_only,5006,dns-root_m-root_msm5006_20260701T000000Z_010000Z.json,landing_region_08ea81d123b5::landing_region_af2b1cb46785,"Marseille, France -> Tuas, Singapore",2.0,4,4,4,3,3,92,27,0.004728132387706856,7,False,False,False,0.0,2.0
DK,M-Root,resolved_entry_only,5006,dns-root_m-root_msm5006_20260701T000000Z_010000Z.json,landing_region_16217d497d23::landing_region_af2b1cb46785,"Toulon, France -> Tuas, Singapore",2.0,4,4,4,3,3,92,27,0.004728132387706856,8,False,False,False,0.0,2.0
DO,M-Root,all_publicly_visible,5006,dns-root_m-root_msm5006_20260701T000000Z_010000Z.json,landing_region_508245093782::landing_region_bd03623e84bf,"Puerto Plata, Dominican Republic -> Hollywood, FL, United States",8.0,8,8,8,4,4,5,5,0.47058823529411764,1,True,False,False,0.0,8.0
DO,M-Root,all_publicly_visible,5006,dns-root_m-root_msm5006_20260701T000000Z_010000Z.json,landing_region_bc6c664daa8f::landing_region_df61fea74887,"Alupang, Guam -> El Segundo, CA, United States",7.0,7,7,7,4,4,5,5,0.4117647058823529,2,False,True,False,0.0,7.0
DO,M-Root,all_publicly_visible,5006,dns-root_m-root_msm5006_20260701T000000Z_010000Z.json,landing_region_bc2d670b199a::landing_region_bd03623e84bf,"Santo Domingo, Dominican Republic -> Hollywood, FL, United States",2.0,2,2,2,1,1,5,5,0.11764705882352941,3,False,False,True,0.0,2.0
DO,M-Root,resolved_entry_only,5006,dns-root_m-root_msm5006_20260701T000000Z_010000Z.json,landing_region_508245093782::landing_region_bd03623e84bf,"Puerto Plata, Dominican Republic -> Hollywood, FL, United States",8.0,8,8,8,4,4,5,5,0.47058823529411764,1,True,False,False,0.0,8.0
DO,M-Root,resolved_entry_only,5006,dns-root_m-root_msm5006_20260701T000000Z_010000Z.json,landing_region_bc6c664daa8f::landing_region_df61fea74887,"Alupang, Guam -> El Segundo, CA, United States",7.0,7,7,7,4,4,5,5,0.4117647058823529,2,False,True,False,0.0,7.0
DO,M-Root,resolved_entry_only,5006,dns-root_m-root_msm5006_20260701T000000Z_010000Z.json,landing_region_bc2d670b199a::landing_region_bd03623e84bf,"Santo Domingo, Dominican Republic -> Hollywood, FL, United States",2.0,2,2,2,1,1,5,5,0.11764705882352941,3,False,False,True,0.0,2.0
EE,M-Root,all_publicly_visible,5006,dns-root_m-root_msm5006_20260701T000000Z_010000Z.json,landing_region_5631d1801aee::landing_region_65aa8d7cf62e,"Tallinn, Estonia -> Espoo, Finland",12.0,12,12,8,4,2,13,5,0.18461538461538463,1,True,False,False,0.0,12.0
EE,M-Root,all_publicly_visible,5006,dns-root_m-root_msm5006_20260701T000000Z_010000Z.json,landing_region_5d023e72c246::landing_region_b37879c52c2b,"Singapore, Singapore -> Batam, Indonesia",11.666666666666666,35,35,12,6,1,13,5,0.1794871794871795,2,False,True,False,11.666666666666666,0.0
EE,M-Root,all_publicly_visible,5006,dns-root_m-root_msm5006_20260701T000000Z_010000Z.json,landing_region_9430e1a9028b::landing_region_b37879c52c2b,"Changi North, Singapore -> Batam, Indonesia",11.666666666666666,35,35,12,6,1,13,5,0.1794871794871795,3,False,False,True,11.666666666666666,0.0
EE,M-Root,all_publicly_visible,5006,dns-root_m-root_msm5006_20260701T000000Z_010000Z.json,landing_region_af2b1cb46785::landing_region_b37879c52c2b,"Tuas, Singapore -> Batam, Indonesia",11.666666666666666,35,35,12,6,1,13,5,0.1794871794871795,4,False,False,False,11.666666666666666,0.0
EE,M-Root,all_publicly_visible,5006,dns-root_m-root_msm5006_20260701T000000Z_010000Z.json,landing_region_3c99e4792a25::landing_region_5631d1801aee,"Stavsnas, Sweden -> Tallinn, Estonia",6.0,12,12,6,3,2,13,5,0.09230769230769231,5,False,False,False,0.0,6.0
EE,M-Root,all_publicly_visible,5006,dns-root_m-root_msm5006_20260701T000000Z_010000Z.json,landing_region_5631d1801aee::landing_region_c607af4095db,"Tallinn, Estonia -> Kista, Sweden",6.0,12,12,6,3,2,13,5,0.09230769230769231,6,False,False,False,0.0,6.0
EE,M-Root,all_publicly_visible,5006,dns-root_m-root_msm5006_20260701T000000Z_010000Z.json,landing_region_08ea81d123b5::landing_region_af2b1cb46785,"Marseille, France -> Tuas, Singapore",3.0,6,6,6,4,1,13,5,0.046153846153846156,7,False,False,False,0.0,3.0
EE,M-Root,all_publicly_visible,5006,dns-root_m-root_msm5006_20260701T000000Z_010000Z.json,landing_region_16217d497d23::landing_region_af2b1cb46785,"Toulon, France -> Tuas, Singapore",3.0,6,6,6,4,1,13,5,0.046153846153846156,8,False,False,False,0.0,3.0
EE,M-Root,resolved_entry_only,5006,dns-root_m-root_msm5006_20260701T000000Z_010000Z.json,landing_region_5631d1801aee::landing_region_65aa8d7cf62e,"Tallinn, Estonia -> Espoo, Finland",12.0,12,12,8,4,2,13,5,0.18461538461538463,1,True,False,False,0.0,12.0
EE,M-Root,resolved_entry_only,5006,dns-root_m-root_msm5006_20260701T000000Z_010000Z.json,landing_region_5d023e72c246::landing_region_b37879c52c2b,"Singapore, Singapore -> Batam, Indonesia",11.666666666666666,35,35,12,6,1,13,5,0.1794871794871795,2,False,True,False,11.666666666666666,0.0
EE,M-Root,resolved_entry_only,5006,dns-root_m-root_msm5006_20260701T000000Z_010000Z.json,landing_region_9430e1a9028b::landing_region_b37879c52c2b,"Changi North, Singapore -> Batam, Indonesia",11.666666666666666,35,35,12,6,1,13,5,0.1794871794871795,3,False,False,True,11.666666666666666,0.0
EE,M-Root,resolved_entry_only,5006,dns-root_m-root_msm5006_20260701T000000Z_010000Z.json,landing_region_af2b1cb46785::landing_region_b37879c52c2b,"Tuas, Singapore -> Batam, Indonesia",11.666666666666666,35,35,12,6,1,13,5,0.1794871794871795,4,False,False,False,11.666666666666666,0.0
EE,M-Root,resolved_entry_only,5006,dns-root_m-root_msm5006_20260701T000000Z_010000Z.json,landing_region_3c99e4792a25::landing_region_5631d1801aee,"Stavsnas, Sweden -> Tallinn, Estonia",6.0,12,12,6,3,2,13,5,0.09230769230769231,5,False,False,False,0.0,6.0
EE,M-Root,resolved_entry_only,5006,dns-root_m-root_msm5006_20260701T000000Z_010000Z.json,landing_region_5631d1801aee::landing_region_c607af4095db,"Tallinn, Estonia -> Kista, Sweden",6.0,12,12,6,3,2,13,5,0.09230769230769231,6,False,False,False,0.0,6.0
EE,M-Root,resolved_entry_only,5006,dns-root_m-root_msm5006_20260701T000000Z_010000Z.json,landing_region_08ea81d123b5::landing_region_af2b1cb46785,"Marseille, France -> Tuas, Singapore",3.0,6,6,6,4,1,13,5,0.046153846153846156,7,False,False,False,0.0,3.0
EE,M-Root,resolved_entry_only,5006,dns-root_m-root_msm5006_20260701T000000Z_010000Z.json,landing_region_16217d497d23::landing_region_af2b1cb46785,"Toulon, France -> Tuas, Singapore",3.0,6,6,6,4,1,13,5,0.046153846153846156,8,False,False,False,0.0,3.0
ES,M-Root,all_publicly_visible,5006,dns-root_m-root_msm5006_20260701T000000Z_010000Z.json,landing_region_08ea81d123b5::landing_region_8eb611963dd1,"Marseille, France -> Barcelona, Spain",22.0,22,22,22,13,9,25,14,0.3548387096774194,1,True,False,False,0.0,22.0
ES,M-Root,all_publicly_visible,5006,dns-root_m-root_msm5006_20260701T000000Z_010000Z.json,landing_region_16498428a563::landing_region_f2fd1754176a,"Telde, Spain -> Sardina, Canary Islands, Spain",7.0,7,7,7,4,2,25,14,0.11290322580645161,2,False,True,False,7.0,0.0
ES,M-Root,all_publicly_visible,5006,dns-root_m-root_msm5006_20260701T000000Z_010000Z.json,landing_region_08ea81d123b5::landing_region_af2b1cb46785,"Marseille, France -> Tuas, Singapore",6.5,13,13,13,8,4,25,14,0.10483870967741936,3,False,False,True,0.0,6.5
ES,M-Root,all_publicly_visible,5006,dns-root_m-root_msm5006_20260701T000000Z_010000Z.json,landing_region_16217d497d23::landing_region_af2b1cb46785,"Toulon, France -> Tuas, Singapore",6.5,13,13,13,8,4,25,14,0.10483870967741936,4,False,False,False,0.0,6.5
ES,M-Root,all_publicly_visible,5006,dns-root_m-root_msm5006_20260701T000000Z_010000Z.json,landing_region_5d023e72c246::landing_region_b37879c52c2b,"Singapore, Singapore -> Batam, Indonesia",5.333333333333333,16,16,6,3,1,25,14,0.08602150537634408,5,False,False,False,5.333333333333333,0.0
ES,M-Root,all_publicly_visible,5006,dns-root_m-root_msm5006_20260701T000000Z_010000Z.json,landing_region_9430e1a9028b::landing_region_b37879c52c2b,"Changi North, Singapore -> Batam, Indonesia",5.333333333333333,16,16,6,3,1,25,14,0.08602150537634408,6,False,False,False,5.333333333333333,0.0
ES,M-Root,all_publicly_visible,5006,dns-root_m-root_msm5006_20260701T000000Z_010000Z.json,landing_region_af2b1cb46785::landing_region_b37879c52c2b,"Tuas, Singapore -> Batam, Indonesia",5.333333333333333,16,16,6,3,1,25,14,0.08602150537634408,7,False,False,False,5.333333333333333,0.0
ES,M-Root,all_publicly_visible,5006,dns-root_m-root_msm5006_20260701T000000Z_010000Z.json,landing_region_7cb9fce4312d::landing_region_bc8926b4de3a,"Granadilla de Abona, Spain -> Güimar, Canary Islands, Spain",1.5,3,3,3,2,1,25,14,0.024193548387096774,8,False,False,False,1.5,0.0
ES,M-Root,all_publicly_visible,5006,dns-root_m-root_msm5006_20260701T000000Z_010000Z.json,landing_region_7cb9fce4312d::landing_region_ea21c9a3a42e,"Granadilla de Abona, Spain -> San Sebastian de la Gomera, Canary Islands, Spain",1.5,3,3,3,2,1,25,14,0.024193548387096774,9,False,False,False,1.5,0.0
ES,M-Root,all_publicly_visible,5006,dns-root_m-root_msm5006_20260701T000000Z_010000Z.json,landing_region_2cbaaf36d8d2::landing_region_8eb611963dd1,"Mallorca, Spain -> Barcelona, Spain",1.0,1,1,1,1,1,25,14,0.016129032258064516,10,False,False,False,1.0,0.0
ES,M-Root,resolved_entry_only,5006,dns-root_m-root_msm5006_20260701T000000Z_010000Z.json,landing_region_08ea81d123b5::landing_region_8eb611963dd1,"Marseille, France -> Barcelona, Spain",22.0,22,22,22,13,9,25,14,0.3548387096774194,1,True,False,False,0.0,22.0
ES,M-Root,resolved_entry_only,5006,dns-root_m-root_msm5006_20260701T000000Z_010000Z.json,landing_region_16498428a563::landing_region_f2fd1754176a,"Telde, Spain -> Sardina, Canary Islands, Spain",7.0,7,7,7,4,2,25,14,0.11290322580645161,2,False,True,False,7.0,0.0
ES,M-Root,resolved_entry_only,5006,dns-root_m-root_msm5006_20260701T000000Z_010000Z.json,landing_region_08ea81d123b5::landing_region_af2b1cb46785,"Marseille, France -> Tuas, Singapore",6.5,13,13,13,8,4,25,14,0.10483870967741936,3,False,False,True,0.0,6.5
ES,M-Root,resolved_entry_only,5006,dns-root_m-root_msm5006_20260701T000000Z_010000Z.json,landing_region_16217d497d23::landing_region_af2b1cb46785,"Toulon, France -> Tuas, Singapore",6.5,13,13,13,8,4,25,14,0.10483870967741936,4,False,False,False,0.0,6.5
ES,M-Root,resolved_entry_only,5006,dns-root_m-root_msm5006_20260701T000000Z_010000Z.json,landing_region_5d023e72c246::landing_region_b37879c52c2b,"Singapore, Singapore -> Batam, Indonesia",5.333333333333333,16,16,6,3,1,25,14,0.08602150537634408,5,False,False,False,5.333333333333333,0.0
ES,M-Root,resolved_entry_only,5006,dns-root_m-root_msm5006_20260701T000000Z_010000Z.json,landing_region_9430e1a9028b::landing_region_b37879c52c2b,"Changi North, Singapore -> Batam, Indonesia",5.333333333333333,16,16,6,3,1,25,14,0.08602150537634408,6,False,False,False,5.333333333333333,0.0
ES,M-Root,resolved_entry_only,5006,dns-root_m-root_msm5006_20260701T000000Z_010000Z.json,landing_region_af2b1cb46785::landing_region_b37879c52c2b,"Tuas, Singapore -> Batam, Indonesia",5.333333333333333,16,16,6,3,1,25,14,0.08602150537634408,7,False,False,False,5.333333333333333,0.0
ES,M-Root,resolved_entry_only,5006,dns-root_m-root_msm5006_20260701T000000Z_010000Z.json,landing_region_7cb9fce4312d::landing_region_bc8926b4de3a,"Granadilla de Abona, Spain -> Güimar, Canary Islands, Spain",1.5,3,3,3,2,1,25,14,0.024193548387096774,8,False,False,False,1.5,0.0
ES,M-Root,resolved_entry_only,5006,dns-root_m-root_msm5006_20260701T000000Z_010000Z.json,landing_region_7cb9fce4312d::landing_region_ea21c9a3a42e,"Granadilla de Abona, Spain -> San Sebastian de la Gomera, Canary Islands, Spain",1.5,3,3,3,2,1,25,14,0.024193548387096774,9,False,False,False,1.5,0.0
ES,M-Root,resolved_entry_only,5006,dns-root_m-root_msm5006_20260701T000000Z_010000Z.json,landing_region_2cbaaf36d8d2::landing_region_8eb611963dd1,"Mallorca, Spain -> Barcelona, Spain",1.0,1,1,1,1,1,25,14,0.016129032258064516,10,False,False,False,1.0,0.0
ET,M-Root,all_publicly_visible,5006,dns-root_m-root_msm5006_20260701T000000Z_010000Z.json,landing_region_08ea81d123b5::landing_region_173727a59ebb,"Marseille, France -> Djibouti City, Djibouti",0.5,1,1,1,1,1,1,1,0.5,1,True,False,False,0.0,0.5
ET,M-Root,all_publicly_visible,5006,dns-root_m-root_msm5006_20260701T000000Z_010000Z.json,landing_region_16217d497d23::landing_region_173727a59ebb,"Toulon, France -> Djibouti City, Djibouti",0.5,1,1,1,1,1,1,1,0.5,2,False,True,False,0.0,0.5
FI,M-Root,all_publicly_visible,5006,dns-root_m-root_msm5006_20260701T000000Z_010000Z.json,landing_region_5631d1801aee::landing_region_65aa8d7cf62e,"Tallinn, Estonia -> Espoo, Finland",94.0,94,94,94,81,34,108,43,0.33098591549295775,1,True,False,False,0.0,94.0
FI,M-Root,all_publicly_visible,5006,dns-root_m-root_msm5006_20260701T000000Z_010000Z.json,landing_region_5d023e72c246::landing_region_b37879c52c2b,"Singapore, Singapore -> Batam, Indonesia",32.666666666666664,98,98,37,19,5,108,43,0.11502347417840375,2,False,True,False,32.666666666666664,0.0
FI,M-Root,all_publicly_visible,5006,dns-root_m-root_msm5006_20260701T000000Z_010000Z.json,landing_region_9430e1a9028b::landing_region_b37879c52c2b,"Changi North, Singapore -> Batam, Indonesia",32.666666666666664,98,98,37,19,5,108,43,0.11502347417840375,3,False,False,True,32.666666666666664,0.0
FI,M-Root,all_publicly_visible,5006,dns-root_m-root_msm5006_20260701T000000Z_010000Z.json,landing_region_af2b1cb46785::landing_region_b37879c52c2b,"Tuas, Singapore -> Batam, Indonesia",32.666666666666664,98,98,37,19,5,108,43,0.11502347417840375,4,False,False,False,32.666666666666664,0.0
FI,M-Root,all_publicly_visible,5006,dns-root_m-root_msm5006_20260701T000000Z_010000Z.json,landing_region_3c99e4792a25::landing_region_65aa8d7cf62e,"Stavsnas, Sweden -> Espoo, Finland",23.5,47,47,47,26,9,108,43,0.08274647887323944,5,False,False,False,0.0,23.5
FI,M-Root,all_publicly_visible,5006,dns-root_m-root_msm5006_20260701T000000Z_010000Z.json,landing_region_65aa8d7cf62e::landing_region_c607af4095db,"Espoo, Finland -> Kista, Sweden",23.5,47,47,47,26,9,108,43,0.08274647887323944,6,False,False,False,0.0,23.5
FI,M-Root,all_publicly_visible,5006,dns-root_m-root_msm5006_20260701T000000Z_010000Z.json,landing_region_5ff6ee2e39f7::landing_region_65aa8d7cf62e,"Haradsholm, Finland -> Espoo, Finland",12.0,12,12,7,4,1,108,43,0.04225352112676056,7,False,False,False,12.0,0.0
FI,M-Root,all_publicly_visible,5006,dns-root_m-root_msm5006_20260701T000000Z_010000Z.json,landing_region_1497f5544d8d::landing_region_5ff6ee2e39f7,"Hanko, Finland -> Haradsholm, Finland",10.0,10,10,6,3,2,108,43,0.035211267605633804,8,False,False,False,10.0,0.0
FI,M-Root,all_publicly_visible,5006,dns-root_m-root_msm5006_20260701T000000Z_010000Z.json,landing_region_3c99e4792a25::landing_region_5ff6ee2e39f7,"Stavsnas, Sweden -> Haradsholm, Finland",8.0,8,8,8,4,2,108,43,0.028169014084507043,9,False,False,False,0.0,8.0
FI,M-Root,all_publicly_visible,5006,dns-root_m-root_msm5006_20260701T000000Z_010000Z.json,landing_region_08ea81d123b5::landing_region_af2b1cb46785,"Marseille, France -> Tuas, Singapore",6.5,13,13,13,11,4,108,43,0.022887323943661973,10,False,False,False,0.0,6.5
FI,M-Root,all_publicly_visible,5006,dns-root_m-root_msm5006_20260701T000000Z_010000Z.json,landing_region_16217d497d23::landing_region_af2b1cb46785,"Toulon, France -> Tuas, Singapore",6.5,13,13,13,11,4,108,43,0.022887323943661973,11,False,False,False,0.0,6.5
FI,M-Root,all_publicly_visible,5006,dns-root_m-root_msm5006_20260701T000000Z_010000Z.json,landing_region_65aa8d7cf62e::landing_region_6a085d7da78f,"Espoo, Finland -> Kotka, Finland",2.0,2,2,2,1,1,108,43,0.007042253521126761,12,False,False,False,2.0,0.0
FI,M-Root,resolved_entry_only,5006,dns-root_m-root_msm5006_20260701T000000Z_010000Z.json,landing_region_5631d1801aee::landing_region_65aa8d7cf62e,"Tallinn, Estonia -> Espoo, Finland",93.0,93,93,93,80,34,107,43,0.3286219081272085,1,True,False,False,0.0,93.0
FI,M-Root,resolved_entry_only,5006,dns-root_m-root_msm5006_20260701T000000Z_010000Z.json,landing_region_5d023e72c246::landing_region_b37879c52c2b,"Singapore, Singapore -> Batam, Indonesia",32.666666666666664,98,98,37,19,5,107,43,0.11542991755005888,2,False,True,False,32.666666666666664,0.0
FI,M-Root,resolved_entry_only,5006,dns-root_m-root_msm5006_20260701T000000Z_010000Z.json,landing_region_9430e1a9028b::landing_region_b37879c52c2b,"Changi North, Singapore -> Batam, Indonesia",32.666666666666664,98,98,37,19,5,107,43,0.11542991755005888,3,False,False,True,32.666666666666664,0.0
FI,M-Root,resolved_entry_only,5006,dns-root_m-root_msm5006_20260701T000000Z_010000Z.json,landing_region_af2b1cb46785::landing_region_b37879c52c2b,"Tuas, Singapore -> Batam, Indonesia",32.666666666666664,98,98,37,19,5,107,43,0.11542991755005888,4,False,False,False,32.666666666666664,0.0
FI,M-Root,resolved_entry_only,5006,dns-root_m-root_msm5006_20260701T000000Z_010000Z.json,landing_region_3c99e4792a25::landing_region_65aa8d7cf62e,"Stavsnas, Sweden -> Espoo, Finland",23.5,47,47,47,26,9,107,43,0.08303886925795052,5,False,False,False,0.0,23.5
FI,M-Root,resolved_entry_only,5006,dns-root_m-root_msm5006_20260701T000000Z_010000Z.json,landing_region_65aa8d7cf62e::landing_region_c607af4095db,"Espoo, Finland -> Kista, Sweden",23.5,47,47,47,26,9,107,43,0.08303886925795052,6,False,False,False,0.0,23.5
FI,M-Root,resolved_entry_only,5006,dns-root_m-root_msm5006_20260701T000000Z_010000Z.json,landing_region_5ff6ee2e39f7::landing_region_65aa8d7cf62e,"Haradsholm, Finland -> Espoo, Finland",12.0,12,12,7,4,1,107,43,0.04240282685512368,7,False,False,False,12.0,0.0
FI,M-Root,resolved_entry_only,5006,dns-root_m-root_msm5006_20260701T000000Z_010000Z.json,landing_region_1497f5544d8d::landing_region_5ff6ee2e39f7,"Hanko, Finland -> Haradsholm, Finland",10.0,10,10,6,3,2,107,43,0.0353356890459364,8,False,False,False,10.0,0.0
FI,M-Root,resolved_entry_only,5006,dns-root_m-root_msm5006_20260701T000000Z_010000Z.json,landing_region_3c99e4792a25::landing_region_5ff6ee2e39f7,"Stavsnas, Sweden -> Haradsholm, Finland",8.0,8,8,8,4,2,107,43,0.028268551236749116,9,False,False,False,0.0,8.0
FI,M-Root,resolved_entry_only,5006,dns-root_m-root_msm5006_20260701T000000Z_010000Z.json,landing_region_08ea81d123b5::landing_region_af2b1cb46785,"Marseille, France -> Tuas, Singapore",6.5,13,13,13,11,4,107,43,0.022968197879858657,10,False,False,False,0.0,6.5
FI,M-Root,resolved_entry_only,5006,dns-root_m-root_msm5006_20260701T000000Z_010000Z.json,landing_region_16217d497d23::landing_region_af2b1cb46785,"Toulon, France -> Tuas, Singapore",6.5,13,13,13,11,4,107,43,0.022968197879858657,11,False,False,False,0.0,6.5
FI,M-Root,resolved_entry_only,5006,dns-root_m-root_msm5006_20260701T000000Z_010000Z.json,landing_region_65aa8d7cf62e::landing_region_6a085d7da78f,"Espoo, Finland -> Kotka, Finland",2.0,2,2,2,1,1,107,43,0.007067137809187279,12,False,False,False,2.0,0.0
FJ,M-Root,all_publicly_visible,5006,dns-root_m-root_msm5006_20260701T000000Z_010000Z.json,landing_region_5d023e72c246::landing_region_b37879c52c2b,"Singapore, Singapore -> Batam, Indonesia",0.3333333333333333,1,1,1,1,1,1,1,0.3333333333333333,1,True,False,False,0.3333333333333333,0.0
FJ,M-Root,all_publicly_visible,5006,dns-root_m-root_msm5006_20260701T000000Z_010000Z.json,landing_region_9430e1a9028b::landing_region_b37879c52c2b,"Changi North, Singapore -> Batam, Indonesia",0.3333333333333333,1,1,1,1,1,1,1,0.3333333333333333,2,False,True,False,0.3333333333333333,0.0
FJ,M-Root,all_publicly_visible,5006,dns-root_m-root_msm5006_20260701T000000Z_010000Z.json,landing_region_af2b1cb46785::landing_region_b37879c52c2b,"Tuas, Singapore -> Batam, Indonesia",0.3333333333333333,1,1,1,1,1,1,1,0.3333333333333333,3,False,False,True,0.3333333333333333,0.0
FJ,M-Root,resolved_entry_only,5006,dns-root_m-root_msm5006_20260701T000000Z_010000Z.json,landing_region_5d023e72c246::landing_region_b37879c52c2b,"Singapore, Singapore -> Batam, Indonesia",0.3333333333333333,1,1,1,1,1,1,1,0.3333333333333333,1,True,False,False,0.3333333333333333,0.0
FJ,M-Root,resolved_entry_only,5006,dns-root_m-root_msm5006_20260701T000000Z_010000Z.json,landing_region_9430e1a9028b::landing_region_b37879c52c2b,"Changi North, Singapore -> Batam, Indonesia",0.3333333333333333,1,1,1,1,1,1,1,0.3333333333333333,2,False,True,False,0.3333333333333333,0.0
FJ,M-Root,resolved_entry_only,5006,dns-root_m-root_msm5006_20260701T000000Z_010000Z.json,landing_region_af2b1cb46785::landing_region_b37879c52c2b,"Tuas, Singapore -> Batam, Indonesia",0.3333333333333333,1,1,1,1,1,1,1,0.3333333333333333,3,False,False,True,0.3333333333333333,0.0
FR,M-Root,all_publicly_visible,5006,dns-root_m-root_msm5006_20260701T000000Z_010000Z.json,landing_region_5d023e72c246::landing_region_b37879c52c2b,"Singapore, Singapore -> Batam, Indonesia",19.666666666666664,59,59,22,14,4,21,11,0.22348484848484845,1,True,False,False,19.666666666666664,0.0
FR,M-Root,all_publicly_visible,5006,dns-root_m-root_msm5006_20260701T000000Z_010000Z.json,landing_region_9430e1a9028b::landing_region_b37879c52c2b,"Changi North, Singapore -> Batam, Indonesia",19.666666666666664,59,59,22,14,4,21,11,0.22348484848484845,2,False,True,False,19.666666666666664,0.0
FR,M-Root,all_publicly_visible,5006,dns-root_m-root_msm5006_20260701T000000Z_010000Z.json,landing_region_af2b1cb46785::landing_region_b37879c52c2b,"Tuas, Singapore -> Batam, Indonesia",19.666666666666664,59,59,22,14,4,21,11,0.22348484848484845,3,False,False,True,19.666666666666664,0.0
FR,M-Root,all_publicly_visible,5006,dns-root_m-root_msm5006_20260701T000000Z_010000Z.json,landing_region_08ea81d123b5::landing_region_af2b1cb46785,"Marseille, France -> Tuas, Singapore",14.0,25,25,25,17,11,21,11,0.1590909090909091,4,False,False,False,0.0,14.0
FR,M-Root,all_publicly_visible,5006,dns-root_m-root_msm5006_20260701T000000Z_010000Z.json,landing_region_16217d497d23::landing_region_af2b1cb46785,"Toulon, France -> Tuas, Singapore",11.0,22,22,22,15,10,21,11,0.125,5,False,False,False,0.0,11.0
FR,M-Root,all_publicly_visible,5006,dns-root_m-root_msm5006_20260701T000000Z_010000Z.json,landing_region_08ea81d123b5::landing_region_8eb611963dd1,"Marseille, France -> Barcelona, Spain",4.0,4,4,4,2,1,21,11,0.045454545454545456,6,False,False,False,0.0,4.0
FR,M-Root,resolved_entry_only,5006,dns-root_m-root_msm5006_20260701T000000Z_010000Z.json,landing_region_5d023e72c246::landing_region_b37879c52c2b,"Singapore, Singapore -> Batam, Indonesia",19.666666666666664,59,59,22,14,4,21,11,0.22348484848484845,1,True,False,False,19.666666666666664,0.0
FR,M-Root,resolved_entry_only,5006,dns-root_m-root_msm5006_20260701T000000Z_010000Z.json,landing_region_9430e1a9028b::landing_region_b37879c52c2b,"Changi North, Singapore -> Batam, Indonesia",19.666666666666664,59,59,22,14,4,21,11,0.22348484848484845,2,False,True,False,19.666666666666664,0.0
FR,M-Root,resolved_entry_only,5006,dns-root_m-root_msm5006_20260701T000000Z_010000Z.json,landing_region_af2b1cb46785::landing_region_b37879c52c2b,"Tuas, Singapore -> Batam, Indonesia",19.666666666666664,59,59,22,14,4,21,11,0.22348484848484845,3,False,False,True,19.666666666666664,0.0
FR,M-Root,resolved_entry_only,5006,dns-root_m-root_msm5006_20260701T000000Z_010000Z.json,landing_region_08ea81d123b5::landing_region_af2b1cb46785,"Marseille, France -> Tuas, Singapore",14.0,25,25,25,17,11,21,11,0.1590909090909091,4,False,False,False,0.0,14.0
FR,M-Root,resolved_entry_only,5006,dns-root_m-root_msm5006_20260701T000000Z_010000Z.json,landing_region_16217d497d23::landing_region_af2b1cb46785,"Toulon, France -> Tuas, Singapore",11.0,22,22,22,15,10,21,11,0.125,5,False,False,False,0.0,11.0
FR,M-Root,resolved_entry_only,5006,dns-root_m-root_msm5006_20260701T000000Z_010000Z.json,landing_region_08ea81d123b5::landing_region_8eb611963dd1,"Marseille, France -> Barcelona, Spain",4.0,4,4,4,2,1,21,11,0.045454545454545456,6,False,False,False,0.0,4.0
GB,M-Root,all_publicly_visible,5006,dns-root_m-root_msm5006_20260701T000000Z_010000Z.json,landing_region_5d023e72c246::landing_region_b37879c52c2b,"Singapore, Singapore -> Batam, Indonesia",16.666666666666664,50,50,20,10,4,18,12,0.2252252252252252,1,True,False,False,16.666666666666664,0.0
GB,M-Root,all_publicly_visible,5006,dns-root_m-root_msm5006_20260701T000000Z_010000Z.json,landing_region_9430e1a9028b::landing_region_b37879c52c2b,"Changi North, Singapore -> Batam, Indonesia",16.666666666666664,50,50,20,10,4,18,12,0.2252252252252252,2,False,True,False,16.666666666666664,0.0
GB,M-Root,all_publicly_visible,5006,dns-root_m-root_msm5006_20260701T000000Z_010000Z.json,landing_region_af2b1cb46785::landing_region_b37879c52c2b,"Tuas, Singapore -> Batam, Indonesia",16.666666666666664,50,50,20,10,4,18,12,0.2252252252252252,3,False,False,True,16.666666666666664,0.0
GB,M-Root,all_publicly_visible,5006,dns-root_m-root_msm5006_20260701T000000Z_010000Z.json,landing_region_08ea81d123b5::landing_region_af2b1cb46785,"Marseille, France -> Tuas, Singapore",10.5,17,17,17,13,9,18,12,0.14189189189189189,4,False,False,False,0.0,10.5
GB,M-Root,all_publicly_visible,5006,dns-root_m-root_msm5006_20260701T000000Z_010000Z.json,landing_region_16217d497d23::landing_region_af2b1cb46785,"Toulon, France -> Tuas, Singapore",6.5,13,13,13,10,7,18,12,0.08783783783783784,5,False,False,False,0.0,6.5
GB,M-Root,all_publicly_visible,5006,dns-root_m-root_msm5006_20260701T000000Z_010000Z.json,landing_region_3996aeca3c5e::landing_region_58084817cbe7,"Perth, WA, Australia -> Paddington, NSW, Australia",2.0,2,2,2,1,1,18,12,0.02702702702702703,6,False,False,False,2.0,0.0
GB,M-Root,all_publicly_visible,5006,dns-root_m-root_msm5006_20260701T000000Z_010000Z.json,landing_region_343850da3642::landing_region_44e270aeb18c,"Carcavelos, Portugal -> Melkbosstrand, South Africa",1.0,2,2,2,1,1,18,12,0.013513513513513514,7,False,False,False,0.0,1.0
GB,M-Root,all_publicly_visible,5006,dns-root_m-root_msm5006_20260701T000000Z_010000Z.json,landing_region_3996aeca3c5e::landing_region_5d023e72c246,"Perth, WA, Australia -> Singapore, Singapore",1.0,2,2,2,1,1,18,12,0.013513513513513514,8,False,False,False,0.0,1.0
GB,M-Root,all_publicly_visible,5006,dns-root_m-root_msm5006_20260701T000000Z_010000Z.json,landing_region_3996aeca3c5e::landing_region_af2b1cb46785,"Perth, WA, Australia -> Tuas, Singapore",1.0,2,2,2,1,1,18,12,0.013513513513513514,9,False,False,False,0.0,1.0
GB,M-Root,all_publicly_visible,5006,dns-root_m-root_msm5006_20260701T000000Z_010000Z.json,landing_region_44e270aeb18c::landing_region_f7627feb3284,"Melkbosstrand, South Africa -> Seixal, Portugal",1.0,2,2,2,1,1,18,12,0.013513513513513514,10,False,False,False,0.0,1.0
GB,M-Root,all_publicly_visible,5006,dns-root_m-root_msm5006_20260701T000000Z_010000Z.json,landing_region_58084817cbe7::landing_region_df61fea74887,"Paddington, NSW, Australia -> El Segundo, CA, United States",1.0,1,1,1,1,1,18,12,0.013513513513513514,11,False,False,False,0.0,1.0
GB,M-Root,resolved_entry_only,5006,dns-root_m-root_msm5006_20260701T000000Z_010000Z.json,landing_region_5d023e72c246::landing_region_b37879c52c2b,"Singapore, Singapore -> Batam, Indonesia",16.666666666666664,50,50,20,10,4,18,12,0.2252252252252252,1,True,False,False,16.666666666666664,0.0
GB,M-Root,resolved_entry_only,5006,dns-root_m-root_msm5006_20260701T000000Z_010000Z.json,landing_region_9430e1a9028b::landing_region_b37879c52c2b,"Changi North, Singapore -> Batam, Indonesia",16.666666666666664,50,50,20,10,4,18,12,0.2252252252252252,2,False,True,False,16.666666666666664,0.0
GB,M-Root,resolved_entry_only,5006,dns-root_m-root_msm5006_20260701T000000Z_010000Z.json,landing_region_af2b1cb46785::landing_region_b37879c52c2b,"Tuas, Singapore -> Batam, Indonesia",16.666666666666664,50,50,20,10,4,18,12,0.2252252252252252,3,False,False,True,16.666666666666664,0.0
GB,M-Root,resolved_entry_only,5006,dns-root_m-root_msm5006_20260701T000000Z_010000Z.json,landing_region_08ea81d123b5::landing_region_af2b1cb46785,"Marseille, France -> Tuas, Singapore",10.5,17,17,17,13,9,18,12,0.14189189189189189,4,False,False,False,0.0,10.5
GB,M-Root,resolved_entry_only,5006,dns-root_m-root_msm5006_20260701T000000Z_010000Z.json,landing_region_16217d497d23::landing_region_af2b1cb46785,"Toulon, France -> Tuas, Singapore",6.5,13,13,13,10,7,18,12,0.08783783783783784,5,False,False,False,0.0,6.5
GB,M-Root,resolved_entry_only,5006,dns-root_m-root_msm5006_20260701T000000Z_010000Z.json,landing_region_3996aeca3c5e::landing_region_58084817cbe7,"Perth, WA, Australia -> Paddington, NSW, Australia",2.0,2,2,2,1,1,18,12,0.02702702702702703,6,False,False,False,2.0,0.0
GB,M-Root,resolved_entry_only,5006,dns-root_m-root_msm5006_20260701T000000Z_010000Z.json,landing_region_343850da3642::landing_region_44e270aeb18c,"Carcavelos, Portugal -> Melkbosstrand, South Africa",1.0,2,2,2,1,1,18,12,0.013513513513513514,7,False,False,False,0.0,1.0
GB,M-Root,resolved_entry_only,5006,dns-root_m-root_msm5006_20260701T000000Z_010000Z.json,landing_region_3996aeca3c5e::landing_region_5d023e72c246,"Perth, WA, Australia -> Singapore, Singapore",1.0,2,2,2,1,1,18,12,0.013513513513513514,8,False,False,False,0.0,1.0
GB,M-Root,resolved_entry_only,5006,dns-root_m-root_msm5006_20260701T000000Z_010000Z.json,landing_region_3996aeca3c5e::landing_region_af2b1cb46785,"Perth, WA, Australia -> Tuas, Singapore",1.0,2,2,2,1,1,18,12,0.013513513513513514,9,False,False,False,0.0,1.0
GB,M-Root,resolved_entry_only,5006,dns-root_m-root_msm5006_20260701T000000Z_010000Z.json,landing_region_44e270aeb18c::landing_region_f7627feb3284,"Melkbosstrand, South Africa -> Seixal, Portugal",1.0,2,2,2,1,1,18,12,0.013513513513513514,10,False,False,False,0.0,1.0
GB,M-Root,resolved_entry_only,5006,dns-root_m-root_msm5006_20260701T000000Z_010000Z.json,landing_region_58084817cbe7::landing_region_df61fea74887,"Paddington, NSW, Australia -> El Segundo, CA, United States",1.0,1,1,1,1,1,18,12,0.013513513513513514,11,False,False,False,0.0,1.0
GG,M-Root,all_publicly_visible,5006,dns-root_m-root_msm5006_20260701T000000Z_010000Z.json,landing_region_0389fb1be871::landing_region_da27bcef4ab9,"Havelet Bay, Guernsey -> Greve de Lecq, Jersey",4.0,4,4,2,1,1,1,1,1.0,1,True,False,False,4.0,0.0
GG,M-Root,resolved_entry_only,5006,dns-root_m-root_msm5006_20260701T000000Z_010000Z.json,landing_region_0389fb1be871::landing_region_da27bcef4ab9,"Havelet Bay, Guernsey -> Greve de Lecq, Jersey",4.0,4,4,2,1,1,1,1,1.0,1,True,False,False,4.0,0.0
GH,M-Root,all_publicly_visible,5006,dns-root_m-root_msm5006_20260701T000000Z_010000Z.json,landing_region_2e263771884f::landing_region_30beda532e6f,"Accra, Ghana -> Lagos, Nigeria",2.0,2,2,2,1,1,1,1,0.6666666666666666,1,True,False,False,0.0,2.0
GH,M-Root,all_publicly_visible,5006,dns-root_m-root_msm5006_20260701T000000Z_010000Z.json,landing_region_08ea81d123b5::landing_region_af2b1cb46785,"Marseille, France -> Tuas, Singapore",0.5,1,1,1,1,1,1,1,0.16666666666666666,2,False,True,False,0.0,0.5
GH,M-Root,all_publicly_visible,5006,dns-root_m-root_msm5006_20260701T000000Z_010000Z.json,landing_region_16217d497d23::landing_region_af2b1cb46785,"Toulon, France -> Tuas, Singapore",0.5,1,1,1,1,1,1,1,0.16666666666666666,3,False,False,True,0.0,0.5
GH,M-Root,resolved_entry_only,5006,dns-root_m-root_msm5006_20260701T000000Z_010000Z.json,landing_region_2e263771884f::landing_region_30beda532e6f,"Accra, Ghana -> Lagos, Nigeria",2.0,2,2,2,1,1,1,1,0.6666666666666666,1,True,False,False,0.0,2.0
GH,M-Root,resolved_entry_only,5006,dns-root_m-root_msm5006_20260701T000000Z_010000Z.json,landing_region_08ea81d123b5::landing_region_af2b1cb46785,"Marseille, France -> Tuas, Singapore",0.5,1,1,1,1,1,1,1,0.16666666666666666,2,False,True,False,0.0,0.5
GH,M-Root,resolved_entry_only,5006,dns-root_m-root_msm5006_20260701T000000Z_010000Z.json,landing_region_16217d497d23::landing_region_af2b1cb46785,"Toulon, France -> Tuas, Singapore",0.5,1,1,1,1,1,1,1,0.16666666666666666,3,False,False,True,0.0,0.5
GP,M-Root,all_publicly_visible,5006,dns-root_m-root_msm5006_20260701T000000Z_010000Z.json,landing_region_15bd93313ef3::landing_region_7587c579129b,"Baie-Mahault, Guadeloupe -> Capesterre-Belle-Eau, Guadeloupe",0.5,2,2,2,1,1,1,1,0.125,1,True,False,False,0.5,0.0
GP,M-Root,all_publicly_visible,5006,dns-root_m-root_msm5006_20260701T000000Z_010000Z.json,landing_region_15bd93313ef3::landing_region_aca2fc3e8719,"Baie-Mahault, Guadeloupe -> Philipsburg, Sint Maarten",0.5,2,2,2,1,1,1,1,0.125,2,False,True,False,0.0,0.5
GP,M-Root,all_publicly_visible,5006,dns-root_m-root_msm5006_20260701T000000Z_010000Z.json,landing_region_15bd93313ef3::landing_region_b50ebe876063,"Baie-Mahault, Guadeloupe -> St. Louis, Saint Martin",0.5,2,2,2,1,1,1,1,0.125,3,False,False,True,0.0,0.5
GP,M-Root,all_publicly_visible,5006,dns-root_m-root_msm5006_20260701T000000Z_010000Z.json,landing_region_24728f09c1b8::landing_region_443f465b9a9a,"Beausejour, Guadeloupe -> Saint-Louis, Guadeloupe",0.5,2,2,2,1,1,1,1,0.125,4,False,False,False,0.5,0.0
GP,M-Root,all_publicly_visible,5006,dns-root_m-root_msm5006_20260701T000000Z_010000Z.json,landing_region_24728f09c1b8::landing_region_7587c579129b,"Beausejour, Guadeloupe -> Capesterre-Belle-Eau, Guadeloupe",0.5,2,2,2,1,1,1,1,0.125,5,False,False,False,0.5,0.0
GP,M-Root,all_publicly_visible,5006,dns-root_m-root_msm5006_20260701T000000Z_010000Z.json,landing_region_443f465b9a9a::landing_region_7587c579129b,"Saint-Louis, Guadeloupe -> Capesterre-Belle-Eau, Guadeloupe",0.5,2,2,2,1,1,1,1,0.125,6,False,False,False,0.5,0.0
GP,M-Root,all_publicly_visible,5006,dns-root_m-root_msm5006_20260701T000000Z_010000Z.json,landing_region_7587c579129b::landing_region_aca2fc3e8719,"Capesterre-Belle-Eau, Guadeloupe -> Philipsburg, Sint Maarten",0.5,2,2,2,1,1,1,1,0.125,7,False,False,False,0.0,0.5
GP,M-Root,all_publicly_visible,5006,dns-root_m-root_msm5006_20260701T000000Z_010000Z.json,landing_region_7587c579129b::landing_region_b50ebe876063,"Capesterre-Belle-Eau, Guadeloupe -> St. Louis, Saint Martin",0.5,2,2,2,1,1,1,1,0.125,8,False,False,False,0.0,0.5
GP,M-Root,resolved_entry_only,5006,dns-root_m-root_msm5006_20260701T000000Z_010000Z.json,landing_region_15bd93313ef3::landing_region_7587c579129b,"Baie-Mahault, Guadeloupe -> Capesterre-Belle-Eau, Guadeloupe",0.5,2,2,2,1,1,1,1,0.125,1,True,False,False,0.5,0.0
GP,M-Root,resolved_entry_only,5006,dns-root_m-root_msm5006_20260701T000000Z_010000Z.json,landing_region_15bd93313ef3::landing_region_aca2fc3e8719,"Baie-Mahault, Guadeloupe -> Philipsburg, Sint Maarten",0.5,2,2,2,1,1,1,1,0.125,2,False,True,False,0.0,0.5
GP,M-Root,resolved_entry_only,5006,dns-root_m-root_msm5006_20260701T000000Z_010000Z.json,landing_region_15bd93313ef3::landing_region_b50ebe876063,"Baie-Mahault, Guadeloupe -> St. Louis, Saint Martin",0.5,2,2,2,1,1,1,1,0.125,3,False,False,True,0.0,0.5
GP,M-Root,resolved_entry_only,5006,dns-root_m-root_msm5006_20260701T000000Z_010000Z.json,landing_region_24728f09c1b8::landing_region_443f465b9a9a,"Beausejour, Guadeloupe -> Saint-Louis, Guadeloupe",0.5,2,2,2,1,1,1,1,0.125,4,False,False,False,0.5,0.0
GP,M-Root,resolved_entry_only,5006,dns-root_m-root_msm5006_20260701T000000Z_010000Z.json,landing_region_24728f09c1b8::landing_region_7587c579129b,"Beausejour, Guadeloupe -> Capesterre-Belle-Eau, Guadeloupe",0.5,2,2,2,1,1,1,1,0.125,5,False,False,False,0.5,0.0
GP,M-Root,resolved_entry_only,5006,dns-root_m-root_msm5006_20260701T000000Z_010000Z.json,landing_region_443f465b9a9a::landing_region_7587c579129b,"Saint-Louis, Guadeloupe -> Capesterre-Belle-Eau, Guadeloupe",0.5,2,2,2,1,1,1,1,0.125,6,False,False,False,0.5,0.0
GP,M-Root,resolved_entry_only,5006,dns-root_m-root_msm5006_20260701T000000Z_010000Z.json,landing_region_7587c579129b::landing_region_aca2fc3e8719,"Capesterre-Belle-Eau, Guadeloupe -> Philipsburg, Sint Maarten",0.5,2,2,2,1,1,1,1,0.125,7,False,False,False,0.0,0.5
GP,M-Root,resolved_entry_only,5006,dns-root_m-root_msm5006_20260701T000000Z_010000Z.json,landing_region_7587c579129b::landing_region_b50ebe876063,"Capesterre-Belle-Eau, Guadeloupe -> St. Louis, Saint Martin",0.5,2,2,2,1,1,1,1,0.125,8,False,False,False,0.0,0.5
GQ,M-Root,all_publicly_visible,5006,dns-root_m-root_msm5006_20260701T000000Z_010000Z.json,landing_region_26cbd7e9a6d0::landing_region_e871d8d12bd1,"Bata, Equatorial Guinea -> Malabo, Equatorial Guinea",2.0,2,2,2,1,1,1,1,1.0,1,True,False,False,2.0,0.0
GU,M-Root,all_publicly_visible,5006,dns-root_m-root_msm5006_20260701T000000Z_010000Z.json,landing_region_76da986d22a9::landing_region_9430e1a9028b,"Cavite, Philippines -> Changi North, Singapore",2.0,2,2,2,1,1,2,2,0.2857142857142857,1,True,False,False,0.0,2.0
GU,M-Root,all_publicly_visible,5006,dns-root_m-root_msm5006_20260701T000000Z_010000Z.json,landing_region_8d528e077d6e::landing_region_df61fea74887,"Kahe Point, HI, United States -> El Segundo, CA, United States",2.0,2,2,2,1,1,2,2,0.2857142857142857,2,False,True,False,2.0,0.0
GU,M-Root,all_publicly_visible,5006,dns-root_m-root_msm5006_20260701T000000Z_010000Z.json,landing_region_0074f164da96::landing_region_af2b1cb46785,"Mumbai, India -> Tuas, Singapore",1.0,1,1,1,1,1,2,2,0.14285714285714285,3,False,False,True,0.0,1.0
GU,M-Root,all_publicly_visible,5006,dns-root_m-root_msm5006_20260701T000000Z_010000Z.json,landing_region_5d023e72c246::landing_region_b37879c52c2b,"Singapore, Singapore -> Batam, Indonesia",0.6666666666666666,2,2,2,1,1,2,2,0.09523809523809523,4,False,False,False,0.6666666666666666,0.0
GU,M-Root,all_publicly_visible,5006,dns-root_m-root_msm5006_20260701T000000Z_010000Z.json,landing_region_9430e1a9028b::landing_region_b37879c52c2b,"Changi North, Singapore -> Batam, Indonesia",0.6666666666666666,2,2,2,1,1,2,2,0.09523809523809523,5,False,False,False,0.6666666666666666,0.0
GU,M-Root,all_publicly_visible,5006,dns-root_m-root_msm5006_20260701T000000Z_010000Z.json,landing_region_af2b1cb46785::landing_region_b37879c52c2b,"Tuas, Singapore -> Batam, Indonesia",0.6666666666666666,2,2,2,1,1,2,2,0.09523809523809523,6,False,False,False,0.6666666666666666,0.0
HK,M-Root,all_publicly_visible,5006,dns-root_m-root_msm5006_20260701T000000Z_010000Z.json,landing_region_6d0b3b188139::landing_region_85e39fb7d29e,"Zhuhai, China -> Chai Wan, China",8.0,8,8,8,4,4,7,7,0.3076923076923077,1,True,False,False,8.0,0.0
HK,M-Root,all_publicly_visible,5006,dns-root_m-root_msm5006_20260701T000000Z_010000Z.json,landing_region_5d023e72c246::landing_region_b37879c52c2b,"Singapore, Singapore -> Batam, Indonesia",5.333333333333333,16,16,5,3,3,7,7,0.20512820512820512,2,False,True,False,5.333333333333333,0.0
HK,M-Root,all_publicly_visible,5006,dns-root_m-root_msm5006_20260701T000000Z_010000Z.json,landing_region_9430e1a9028b::landing_region_b37879c52c2b,"Changi North, Singapore -> Batam, Indonesia",5.333333333333333,16,16,5,3,3,7,7,0.20512820512820512,3,False,False,True,5.333333333333333,0.0
HK,M-Root,all_publicly_visible,5006,dns-root_m-root_msm5006_20260701T000000Z_010000Z.json,landing_region_af2b1cb46785::landing_region_b37879c52c2b,"Tuas, Singapore -> Batam, Indonesia",5.333333333333333,16,16,5,3,3,7,7,0.20512820512820512,4,False,False,False,5.333333333333333,0.0
HK,M-Root,all_publicly_visible,5006,dns-root_m-root_msm5006_20260701T000000Z_010000Z.json,landing_region_5d023e72c246::landing_region_7a7da5f2aeb1,"Singapore, Singapore -> Lantau Island, China",0.5,2,2,2,1,1,7,7,0.019230769230769232,5,False,False,False,0.0,0.5
HK,M-Root,all_publicly_visible,5006,dns-root_m-root_msm5006_20260701T000000Z_010000Z.json,landing_region_7a7da5f2aeb1::landing_region_9430e1a9028b,"Lantau Island, China -> Changi North, Singapore",0.5,2,2,2,1,1,7,7,0.019230769230769232,6,False,False,False,0.0,0.5
HK,M-Root,all_publicly_visible,5006,dns-root_m-root_msm5006_20260701T000000Z_010000Z.json,landing_region_85e39fb7d29e::landing_region_9430e1a9028b,"Chai Wan, China -> Changi North, Singapore",0.5,2,2,2,1,1,7,7,0.019230769230769232,7,False,False,False,0.0,0.5
HK,M-Root,all_publicly_visible,5006,dns-root_m-root_msm5006_20260701T000000Z_010000Z.json,landing_region_85e39fb7d29e::landing_region_af2b1cb46785,"Chai Wan, China -> Tuas, Singapore",0.5,2,2,2,1,1,7,7,0.019230769230769232,8,False,False,False,0.0,0.5
HK,M-Root,resolved_entry_only,5006,dns-root_m-root_msm5006_20260701T000000Z_010000Z.json,landing_region_6d0b3b188139::landing_region_85e39fb7d29e,"Zhuhai, China -> Chai Wan, China",8.0,8,8,8,4,4,7,7,0.3076923076923077,1,True,False,False,8.0,0.0
HK,M-Root,resolved_entry_only,5006,dns-root_m-root_msm5006_20260701T000000Z_010000Z.json,landing_region_5d023e72c246::landing_region_b37879c52c2b,"Singapore, Singapore -> Batam, Indonesia",5.333333333333333,16,16,5,3,3,7,7,0.20512820512820512,2,False,True,False,5.333333333333333,0.0
HK,M-Root,resolved_entry_only,5006,dns-root_m-root_msm5006_20260701T000000Z_010000Z.json,landing_region_9430e1a9028b::landing_region_b37879c52c2b,"Changi North, Singapore -> Batam, Indonesia",5.333333333333333,16,16,5,3,3,7,7,0.20512820512820512,3,False,False,True,5.333333333333333,0.0
HK,M-Root,resolved_entry_only,5006,dns-root_m-root_msm5006_20260701T000000Z_010000Z.json,landing_region_af2b1cb46785::landing_region_b37879c52c2b,"Tuas, Singapore -> Batam, Indonesia",5.333333333333333,16,16,5,3,3,7,7,0.20512820512820512,4,False,False,False,5.333333333333333,0.0
HK,M-Root,resolved_entry_only,5006,dns-root_m-root_msm5006_20260701T000000Z_010000Z.json,landing_region_5d023e72c246::landing_region_7a7da5f2aeb1,"Singapore, Singapore -> Lantau Island, China",0.5,2,2,2,1,1,7,7,0.019230769230769232,5,False,False,False,0.0,0.5
HK,M-Root,resolved_entry_only,5006,dns-root_m-root_msm5006_20260701T000000Z_010000Z.json,landing_region_7a7da5f2aeb1::landing_region_9430e1a9028b,"Lantau Island, China -> Changi North, Singapore",0.5,2,2,2,1,1,7,7,0.019230769230769232,6,False,False,False,0.0,0.5
HK,M-Root,resolved_entry_only,5006,dns-root_m-root_msm5006_20260701T000000Z_010000Z.json,landing_region_85e39fb7d29e::landing_region_9430e1a9028b,"Chai Wan, China -> Changi North, Singapore",0.5,2,2,2,1,1,7,7,0.019230769230769232,7,False,False,False,0.0,0.5
HK,M-Root,resolved_entry_only,5006,dns-root_m-root_msm5006_20260701T000000Z_010000Z.json,landing_region_85e39fb7d29e::landing_region_af2b1cb46785,"Chai Wan, China -> Tuas, Singapore",0.5,2,2,2,1,1,7,7,0.019230769230769232,8,False,False,False,0.0,0.5
HN,M-Root,all_publicly_visible,5006,dns-root_m-root_msm5006_20260701T000000Z_010000Z.json,landing_region_620bdff3a2d2::landing_region_bd03623e84bf,"Puerto Cortes, Honduras -> Hollywood, FL, United States",8.0,8,8,8,5,4,5,4,1.0,1,True,False,False,0.0,8.0
HN,M-Root,resolved_entry_only,5006,dns-root_m-root_msm5006_20260701T000000Z_010000Z.json,landing_region_620bdff3a2d2::landing_region_bd03623e84bf,"Puerto Cortes, Honduras -> Hollywood, FL, United States",8.0,8,8,8,5,4,5,4,1.0,1,True,False,False,0.0,8.0
HR,M-Root,all_publicly_visible,5006,dns-root_m-root_msm5006_20260701T000000Z_010000Z.json,landing_region_08ea81d123b5::landing_region_af2b1cb46785,"Marseille, France -> Tuas, Singapore",2.0,4,4,4,3,3,3,3,0.5,1,True,False,False,0.0,2.0
HR,M-Root,all_publicly_visible,5006,dns-root_m-root_msm5006_20260701T000000Z_010000Z.json,landing_region_16217d497d23::landing_region_af2b1cb46785,"Toulon, France -> Tuas, Singapore",2.0,4,4,4,3,3,3,3,0.5,2,False,True,False,0.0,2.0
HR,M-Root,resolved_entry_only,5006,dns-root_m-root_msm5006_20260701T000000Z_010000Z.json,landing_region_08ea81d123b5::landing_region_af2b1cb46785,"Marseille, France -> Tuas, Singapore",2.0,4,4,4,3,3,3,3,0.5,1,True,False,False,0.0,2.0
HR,M-Root,resolved_entry_only,5006,dns-root_m-root_msm5006_20260701T000000Z_010000Z.json,landing_region_16217d497d23::landing_region_af2b1cb46785,"Toulon, France -> Tuas, Singapore",2.0,4,4,4,3,3,3,3,0.5,2,False,True,False,0.0,2.0
HU,M-Root,all_publicly_visible,5006,dns-root_m-root_msm5006_20260701T000000Z_010000Z.json,landing_region_5d023e72c246::landing_region_b37879c52c2b,"Singapore, Singapore -> Batam, Indonesia",1.0,3,3,2,1,1,1,1,0.3333333333333333,1,True,False,False,1.0,0.0
HU,M-Root,all_publicly_visible,5006,dns-root_m-root_msm5006_20260701T000000Z_010000Z.json,landing_region_9430e1a9028b::landing_region_b37879c52c2b,"Changi North, Singapore -> Batam, Indonesia",1.0,3,3,2,1,1,1,1,0.3333333333333333,2,False,True,False,1.0,0.0
HU,M-Root,all_publicly_visible,5006,dns-root_m-root_msm5006_20260701T000000Z_010000Z.json,landing_region_af2b1cb46785::landing_region_b37879c52c2b,"Tuas, Singapore -> Batam, Indonesia",1.0,3,3,2,1,1,1,1,0.3333333333333333,3,False,False,True,1.0,0.0
HU,M-Root,resolved_entry_only,5006,dns-root_m-root_msm5006_20260701T000000Z_010000Z.json,landing_region_5d023e72c246::landing_region_b37879c52c2b,"Singapore, Singapore -> Batam, Indonesia",1.0,3,3,2,1,1,1,1,0.3333333333333333,1,True,False,False,1.0,0.0
HU,M-Root,resolved_entry_only,5006,dns-root_m-root_msm5006_20260701T000000Z_010000Z.json,landing_region_9430e1a9028b::landing_region_b37879c52c2b,"Changi North, Singapore -> Batam, Indonesia",1.0,3,3,2,1,1,1,1,0.3333333333333333,2,False,True,False,1.0,0.0
HU,M-Root,resolved_entry_only,5006,dns-root_m-root_msm5006_20260701T000000Z_010000Z.json,landing_region_af2b1cb46785::landing_region_b37879c52c2b,"Tuas, Singapore -> Batam, Indonesia",1.0,3,3,2,1,1,1,1,0.3333333333333333,3,False,False,True,1.0,0.0
ID,M-Root,all_publicly_visible,5006,dns-root_m-root_msm5006_20260701T000000Z_010000Z.json,landing_region_5a1e27deaea1::landing_region_ae1b031adf3a,"Tanjung Pakis, Indonesia -> Ancol, Indonesia",212.0,212,212,106,53,42,68,50,0.6905537459283387,1,True,False,False,212.0,0.0
ID,M-Root,all_publicly_visible,5006,dns-root_m-root_msm5006_20260701T000000Z_010000Z.json,landing_region_5d023e72c246::landing_region_b37879c52c2b,"Singapore, Singapore -> Batam, Indonesia",13.2,56,56,27,14,10,68,50,0.04299674267100977,2,False,True,False,11.2,2.0
ID,M-Root,all_publicly_visible,5006,dns-root_m-root_msm5006_20260701T000000Z_010000Z.json,landing_region_9430e1a9028b::landing_region_b37879c52c2b,"Changi North, Singapore -> Batam, Indonesia",13.2,56,56,27,14,10,68,50,0.04299674267100977,3,False,False,True,11.2,2.0
ID,M-Root,all_publicly_visible,5006,dns-root_m-root_msm5006_20260701T000000Z_010000Z.json,landing_region_af2b1cb46785::landing_region_b37879c52c2b,"Tuas, Singapore -> Batam, Indonesia",13.2,56,56,27,14,10,68,50,0.04299674267100977,4,False,False,False,11.2,2.0
ID,M-Root,all_publicly_visible,5006,dns-root_m-root_msm5006_20260701T000000Z_010000Z.json,landing_region_5d023e72c246::landing_region_82ed2c557762,"Singapore, Singapore -> Bintan, Indonesia",8.200000000000001,41,41,20,10,6,68,50,0.02671009771986971,5,False,False,False,6.2,2.0
ID,M-Root,all_publicly_visible,5006,dns-root_m-root_msm5006_20260701T000000Z_010000Z.json,landing_region_82ed2c557762::landing_region_b37879c52c2b,"Bintan, Indonesia -> Batam, Indonesia",8.200000000000001,41,41,20,10,6,68,50,0.02671009771986971,6,False,False,False,6.2,2.0
ID,M-Root,all_publicly_visible,5006,dns-root_m-root_msm5006_20260701T000000Z_010000Z.json,landing_region_21551e42403e::landing_region_e78a64df321a,"Sanur, Indonesia -> Gianyar, Indonesia",8.0,8,8,6,3,3,68,50,0.026058631921824105,7,False,False,False,8.0,0.0
ID,M-Root,all_publicly_visible,5006,dns-root_m-root_msm5006_20260701T000000Z_010000Z.json,landing_region_010aeea39f91::landing_region_5a1e27deaea1,"Banyu Urip, Indonesia -> Tanjung Pakis, Indonesia",5.0,5,5,5,3,2,68,50,0.016286644951140065,8,False,False,False,5.0,0.0
ID,M-Root,all_publicly_visible,5006,dns-root_m-root_msm5006_20260701T000000Z_010000Z.json,landing_region_58934ccdf4e7::landing_region_5a1e27deaea1,"Kendal, Indonesia -> Tanjung Pakis, Indonesia",4.0,4,4,4,2,2,68,50,0.013029315960912053,9,False,False,False,4.0,0.0
ID,M-Root,all_publicly_visible,5006,dns-root_m-root_msm5006_20260701T000000Z_010000Z.json,landing_region_76da986d22a9::landing_region_85e39fb7d29e,"Cavite, Philippines -> Chai Wan, China",4.0,4,4,4,2,1,68,50,0.013029315960912053,10,False,False,False,0.0,4.0
ID,M-Root,all_publicly_visible,5006,dns-root_m-root_msm5006_20260701T000000Z_010000Z.json,landing_region_010aeea39f91::landing_region_b37879c52c2b,"Banyu Urip, Indonesia -> Batam, Indonesia",2.0,2,2,2,1,1,68,50,0.006514657980456026,11,False,False,False,2.0,0.0
ID,M-Root,all_publicly_visible,5006,dns-root_m-root_msm5006_20260701T000000Z_010000Z.json,landing_region_150b225bb130::landing_region_5a1e27deaea1,"Cirebon, Indonesia -> Tanjung Pakis, Indonesia",2.0,2,2,2,1,1,68,50,0.006514657980456026,12,False,False,False,2.0,0.0
ID,M-Root,all_publicly_visible,5006,dns-root_m-root_msm5006_20260701T000000Z_010000Z.json,landing_region_5a1e27deaea1::landing_region_9430e1a9028b,"Tanjung Pakis, Indonesia -> Changi North, Singapore",1.6964285714285714,13,13,13,7,5,68,50,0.005525825965565379,13,False,False,False,1.125,0.5714285714285714
ID,M-Root,all_publicly_visible,5006,dns-root_m-root_msm5006_20260701T000000Z_010000Z.json,landing_region_5a1e27deaea1::landing_region_af2b1cb46785,"Tanjung Pakis, Indonesia -> Tuas, Singapore",1.6964285714285714,13,13,13,7,5,68,50,0.005525825965565379,14,False,False,False,1.125,0.5714285714285714
ID,M-Root,all_publicly_visible,5006,dns-root_m-root_msm5006_20260701T000000Z_010000Z.json,landing_region_5a1e27deaea1::landing_region_b37879c52c2b,"Tanjung Pakis, Indonesia -> Batam, Indonesia",1.6964285714285714,13,13,13,7,5,68,50,0.005525825965565379,15,False,False,False,1.125,0.5714285714285714
ID,M-Root,all_publicly_visible,5006,dns-root_m-root_msm5006_20260701T000000Z_010000Z.json,landing_region_5d023e72c246::landing_region_ae1b031adf3a,"Singapore, Singapore -> Ancol, Indonesia",1.6964285714285714,13,13,13,7,5,68,50,0.005525825965565379,16,False,False,False,1.125,0.5714285714285714
ID,M-Root,all_publicly_visible,5006,dns-root_m-root_msm5006_20260701T000000Z_010000Z.json,landing_region_9430e1a9028b::landing_region_ae1b031adf3a,"Changi North, Singapore -> Ancol, Indonesia",1.6964285714285714,13,13,13,7,5,68,50,0.005525825965565379,17,False,False,False,1.125,0.5714285714285714
ID,M-Root,all_publicly_visible,5006,dns-root_m-root_msm5006_20260701T000000Z_010000Z.json,landing_region_ae1b031adf3a::landing_region_af2b1cb46785,"Ancol, Indonesia -> Tuas, Singapore",1.6964285714285714,13,13,13,7,5,68,50,0.005525825965565379,18,False,False,False,1.125,0.5714285714285714
ID,M-Root,all_publicly_visible,5006,dns-root_m-root_msm5006_20260701T000000Z_010000Z.json,landing_region_ae1b031adf3a::landing_region_b37879c52c2b,"Ancol, Indonesia -> Batam, Indonesia",1.6964285714285714,13,13,13,7,5,68,50,0.005525825965565379,19,False,False,False,1.125,0.5714285714285714
ID,M-Root,all_publicly_visible,5006,dns-root_m-root_msm5006_20260701T000000Z_010000Z.json,landing_region_82ed2c557762::landing_region_ae1b031adf3a,"Bintan, Indonesia -> Ancol, Indonesia",1.125,9,9,9,5,3,68,50,0.0036644951140065146,20,False,False,False,1.125,0.0
ID,M-Root,all_publicly_visible,5006,dns-root_m-root_msm5006_20260701T000000Z_010000Z.json,landing_region_1eb8753b1d9b::landing_region_ae1b031adf3a,"Bali, Indonesia -> Ancol, Indonesia",1.0,1,1,1,1,1,68,50,0.003257328990228013,21,False,False,False,1.0,0.0
ID,M-Root,resolved_entry_only,5006,dns-root_m-root_msm5006_20260701T000000Z_010000Z.json,landing_region_5a1e27deaea1::landing_region_ae1b031adf3a,"Tanjung Pakis, Indonesia -> Ancol, Indonesia",212.0,212,212,106,53,42,68,50,0.6905537459283387,1,True,False,False,212.0,0.0
ID,M-Root,resolved_entry_only,5006,dns-root_m-root_msm5006_20260701T000000Z_010000Z.json,landing_region_5d023e72c246::landing_region_b37879c52c2b,"Singapore, Singapore -> Batam, Indonesia",13.2,56,56,27,14,10,68,50,0.04299674267100977,2,False,True,False,11.2,2.0
ID,M-Root,resolved_entry_only,5006,dns-root_m-root_msm5006_20260701T000000Z_010000Z.json,landing_region_9430e1a9028b::landing_region_b37879c52c2b,"Changi North, Singapore -> Batam, Indonesia",13.2,56,56,27,14,10,68,50,0.04299674267100977,3,False,False,True,11.2,2.0
ID,M-Root,resolved_entry_only,5006,dns-root_m-root_msm5006_20260701T000000Z_010000Z.json,landing_region_af2b1cb46785::landing_region_b37879c52c2b,"Tuas, Singapore -> Batam, Indonesia",13.2,56,56,27,14,10,68,50,0.04299674267100977,4,False,False,False,11.2,2.0
ID,M-Root,resolved_entry_only,5006,dns-root_m-root_msm5006_20260701T000000Z_010000Z.json,landing_region_5d023e72c246::landing_region_82ed2c557762,"Singapore, Singapore -> Bintan, Indonesia",8.200000000000001,41,41,20,10,6,68,50,0.02671009771986971,5,False,False,False,6.2,2.0
ID,M-Root,resolved_entry_only,5006,dns-root_m-root_msm5006_20260701T000000Z_010000Z.json,landing_region_82ed2c557762::landing_region_b37879c52c2b,"Bintan, Indonesia -> Batam, Indonesia",8.200000000000001,41,41,20,10,6,68,50,0.02671009771986971,6,False,False,False,6.2,2.0
ID,M-Root,resolved_entry_only,5006,dns-root_m-root_msm5006_20260701T000000Z_010000Z.json,landing_region_21551e42403e::landing_region_e78a64df321a,"Sanur, Indonesia -> Gianyar, Indonesia",8.0,8,8,6,3,3,68,50,0.026058631921824105,7,False,False,False,8.0,0.0
ID,M-Root,resolved_entry_only,5006,dns-root_m-root_msm5006_20260701T000000Z_010000Z.json,landing_region_010aeea39f91::landing_region_5a1e27deaea1,"Banyu Urip, Indonesia -> Tanjung Pakis, Indonesia",5.0,5,5,5,3,2,68,50,0.016286644951140065,8,False,False,False,5.0,0.0
ID,M-Root,resolved_entry_only,5006,dns-root_m-root_msm5006_20260701T000000Z_010000Z.json,landing_region_58934ccdf4e7::landing_region_5a1e27deaea1,"Kendal, Indonesia -> Tanjung Pakis, Indonesia",4.0,4,4,4,2,2,68,50,0.013029315960912053,9,False,False,False,4.0,0.0
ID,M-Root,resolved_entry_only,5006,dns-root_m-root_msm5006_20260701T000000Z_010000Z.json,landing_region_76da986d22a9::landing_region_85e39fb7d29e,"Cavite, Philippines -> Chai Wan, China",4.0,4,4,4,2,1,68,50,0.013029315960912053,10,False,False,False,0.0,4.0
ID,M-Root,resolved_entry_only,5006,dns-root_m-root_msm5006_20260701T000000Z_010000Z.json,landing_region_010aeea39f91::landing_region_b37879c52c2b,"Banyu Urip, Indonesia -> Batam, Indonesia",2.0,2,2,2,1,1,68,50,0.006514657980456026,11,False,False,False,2.0,0.0
ID,M-Root,resolved_entry_only,5006,dns-root_m-root_msm5006_20260701T000000Z_010000Z.json,landing_region_150b225bb130::landing_region_5a1e27deaea1,"Cirebon, Indonesia -> Tanjung Pakis, Indonesia",2.0,2,2,2,1,1,68,50,0.006514657980456026,12,False,False,False,2.0,0.0
ID,M-Root,resolved_entry_only,5006,dns-root_m-root_msm5006_20260701T000000Z_010000Z.json,landing_region_5a1e27deaea1::landing_region_9430e1a9028b,"Tanjung Pakis, Indonesia -> Changi North, Singapore",1.6964285714285714,13,13,13,7,5,68,50,0.005525825965565379,13,False,False,False,1.125,0.5714285714285714
ID,M-Root,resolved_entry_only,5006,dns-root_m-root_msm5006_20260701T000000Z_010000Z.json,landing_region_5a1e27deaea1::landing_region_af2b1cb46785,"Tanjung Pakis, Indonesia -> Tuas, Singapore",1.6964285714285714,13,13,13,7,5,68,50,0.005525825965565379,14,False,False,False,1.125,0.5714285714285714
ID,M-Root,resolved_entry_only,5006,dns-root_m-root_msm5006_20260701T000000Z_010000Z.json,landing_region_5a1e27deaea1::landing_region_b37879c52c2b,"Tanjung Pakis, Indonesia -> Batam, Indonesia",1.6964285714285714,13,13,13,7,5,68,50,0.005525825965565379,15,False,False,False,1.125,0.5714285714285714
ID,M-Root,resolved_entry_only,5006,dns-root_m-root_msm5006_20260701T000000Z_010000Z.json,landing_region_5d023e72c246::landing_region_ae1b031adf3a,"Singapore, Singapore -> Ancol, Indonesia",1.6964285714285714,13,13,13,7,5,68,50,0.005525825965565379,16,False,False,False,1.125,0.5714285714285714
ID,M-Root,resolved_entry_only,5006,dns-root_m-root_msm5006_20260701T000000Z_010000Z.json,landing_region_9430e1a9028b::landing_region_ae1b031adf3a,"Changi North, Singapore -> Ancol, Indonesia",1.6964285714285714,13,13,13,7,5,68,50,0.005525825965565379,17,False,False,False,1.125,0.5714285714285714
ID,M-Root,resolved_entry_only,5006,dns-root_m-root_msm5006_20260701T000000Z_010000Z.json,landing_region_ae1b031adf3a::landing_region_af2b1cb46785,"Ancol, Indonesia -> Tuas, Singapore",1.6964285714285714,13,13,13,7,5,68,50,0.005525825965565379,18,False,False,False,1.125,0.5714285714285714
ID,M-Root,resolved_entry_only,5006,dns-root_m-root_msm5006_20260701T000000Z_010000Z.json,landing_region_ae1b031adf3a::landing_region_b37879c52c2b,"Ancol, Indonesia -> Batam, Indonesia",1.6964285714285714,13,13,13,7,5,68,50,0.005525825965565379,19,False,False,False,1.125,0.5714285714285714
ID,M-Root,resolved_entry_only,5006,dns-root_m-root_msm5006_20260701T000000Z_010000Z.json,landing_region_82ed2c557762::landing_region_ae1b031adf3a,"Bintan, Indonesia -> Ancol, Indonesia",1.125,9,9,9,5,3,68,50,0.0036644951140065146,20,False,False,False,1.125,0.0
ID,M-Root,resolved_entry_only,5006,dns-root_m-root_msm5006_20260701T000000Z_010000Z.json,landing_region_1eb8753b1d9b::landing_region_ae1b031adf3a,"Bali, Indonesia -> Ancol, Indonesia",1.0,1,1,1,1,1,68,50,0.003257328990228013,21,False,False,False,1.0,0.0
IL,M-Root,all_publicly_visible,5006,dns-root_m-root_msm5006_20260701T000000Z_010000Z.json,landing_region_192d23342e5f::landing_region_cc314324bd60,"Tel Aviv, Israel -> Netanya, Israel",46.166666666666664,62,62,40,20,9,25,10,0.5306513409961685,1,True,False,False,46.166666666666664,0.0
IL,M-Root,all_publicly_visible,5006,dns-root_m-root_msm5006_20260701T000000Z_010000Z.json,landing_region_08ea81d123b5::landing_region_192d23342e5f,"Marseille, France -> Tel Aviv, Israel",21.0,21,21,21,11,5,25,10,0.2413793103448276,2,False,True,False,0.0,21.0
IL,M-Root,all_publicly_visible,5006,dns-root_m-root_msm5006_20260701T000000Z_010000Z.json,landing_region_192d23342e5f::landing_region_ae2cb6b6c71d,"Tel Aviv, Israel -> Haifa, Israel",6.233333333333333,18,18,13,7,4,25,10,0.07164750957854406,3,False,False,True,6.233333333333333,0.0
IL,M-Root,all_publicly_visible,5006,dns-root_m-root_msm5006_20260701T000000Z_010000Z.json,landing_region_ae2cb6b6c71d::landing_region_cc314324bd60,"Haifa, Israel -> Netanya, Israel",4.233333333333333,14,14,9,5,4,25,10,0.04865900383141763,4,False,False,False,4.233333333333333,0.0
IL,M-Root,all_publicly_visible,5006,dns-root_m-root_msm5006_20260701T000000Z_010000Z.json,landing_region_192d23342e5f::landing_region_1a7bd9b543d8,"Tel Aviv, Israel -> Ashkelon, Israel",3.5,10,10,6,3,2,25,10,0.040229885057471264,5,False,False,False,3.5,0.0
IL,M-Root,all_publicly_visible,5006,dns-root_m-root_msm5006_20260701T000000Z_010000Z.json,landing_region_1a7bd9b543d8::landing_region_cc314324bd60,"Ashkelon, Israel -> Netanya, Israel",2.5,8,8,6,3,2,25,10,0.028735632183908046,6,False,False,False,2.5,0.0
IL,M-Root,all_publicly_visible,5006,dns-root_m-root_msm5006_20260701T000000Z_010000Z.json,landing_region_4352ed1ae85d::landing_region_ae2cb6b6c71d,"Nahariyya, Israel -> Haifa, Israel",2.4,4,4,2,1,1,25,10,0.027586206896551724,7,False,False,False,2.4,0.0
IL,M-Root,all_publicly_visible,5006,dns-root_m-root_msm5006_20260701T000000Z_010000Z.json,landing_region_192d23342e5f::landing_region_4352ed1ae85d,"Tel Aviv, Israel -> Nahariyya, Israel",0.4,2,2,2,1,1,25,10,0.004597701149425287,8,False,False,False,0.4,0.0
IL,M-Root,all_publicly_visible,5006,dns-root_m-root_msm5006_20260701T000000Z_010000Z.json,landing_region_4352ed1ae85d::landing_region_cc314324bd60,"Nahariyya, Israel -> Netanya, Israel",0.4,2,2,2,1,1,25,10,0.004597701149425287,9,False,False,False,0.4,0.0
IL,M-Root,all_publicly_visible,5006,dns-root_m-root_msm5006_20260701T000000Z_010000Z.json,landing_region_1a7bd9b543d8::landing_region_ae2cb6b6c71d,"Ashkelon, Israel -> Haifa, Israel",0.16666666666666666,1,1,1,1,1,25,10,0.0019157088122605363,10,False,False,False,0.16666666666666666,0.0
IL,M-Root,resolved_entry_only,5006,dns-root_m-root_msm5006_20260701T000000Z_010000Z.json,landing_region_192d23342e5f::landing_region_cc314324bd60,"Tel Aviv, Israel -> Netanya, Israel",46.166666666666664,62,62,40,20,9,25,10,0.5306513409961685,1,True,False,False,46.166666666666664,0.0
IL,M-Root,resolved_entry_only,5006,dns-root_m-root_msm5006_20260701T000000Z_010000Z.json,landing_region_08ea81d123b5::landing_region_192d23342e5f,"Marseille, France -> Tel Aviv, Israel",21.0,21,21,21,11,5,25,10,0.2413793103448276,2,False,True,False,0.0,21.0
IL,M-Root,resolved_entry_only,5006,dns-root_m-root_msm5006_20260701T000000Z_010000Z.json,landing_region_192d23342e5f::landing_region_ae2cb6b6c71d,"Tel Aviv, Israel -> Haifa, Israel",6.233333333333333,18,18,13,7,4,25,10,0.07164750957854406,3,False,False,True,6.233333333333333,0.0
IL,M-Root,resolved_entry_only,5006,dns-root_m-root_msm5006_20260701T000000Z_010000Z.json,landing_region_ae2cb6b6c71d::landing_region_cc314324bd60,"Haifa, Israel -> Netanya, Israel",4.233333333333333,14,14,9,5,4,25,10,0.04865900383141763,4,False,False,False,4.233333333333333,0.0
IL,M-Root,resolved_entry_only,5006,dns-root_m-root_msm5006_20260701T000000Z_010000Z.json,landing_region_192d23342e5f::landing_region_1a7bd9b543d8,"Tel Aviv, Israel -> Ashkelon, Israel",3.5,10,10,6,3,2,25,10,0.040229885057471264,5,False,False,False,3.5,0.0
IL,M-Root,resolved_entry_only,5006,dns-root_m-root_msm5006_20260701T000000Z_010000Z.json,landing_region_1a7bd9b543d8::landing_region_cc314324bd60,"Ashkelon, Israel -> Netanya, Israel",2.5,8,8,6,3,2,25,10,0.028735632183908046,6,False,False,False,2.5,0.0
IL,M-Root,resolved_entry_only,5006,dns-root_m-root_msm5006_20260701T000000Z_010000Z.json,landing_region_4352ed1ae85d::landing_region_ae2cb6b6c71d,"Nahariyya, Israel -> Haifa, Israel",2.4,4,4,2,1,1,25,10,0.027586206896551724,7,False,False,False,2.4,0.0
IL,M-Root,resolved_entry_only,5006,dns-root_m-root_msm5006_20260701T000000Z_010000Z.json,landing_region_192d23342e5f::landing_region_4352ed1ae85d,"Tel Aviv, Israel -> Nahariyya, Israel",0.4,2,2,2,1,1,25,10,0.004597701149425287,8,False,False,False,0.4,0.0
IL,M-Root,resolved_entry_only,5006,dns-root_m-root_msm5006_20260701T000000Z_010000Z.json,landing_region_4352ed1ae85d::landing_region_cc314324bd60,"Nahariyya, Israel -> Netanya, Israel",0.4,2,2,2,1,1,25,10,0.004597701149425287,9,False,False,False,0.4,0.0
IL,M-Root,resolved_entry_only,5006,dns-root_m-root_msm5006_20260701T000000Z_010000Z.json,landing_region_1a7bd9b543d8::landing_region_ae2cb6b6c71d,"Ashkelon, Israel -> Haifa, Israel",0.16666666666666666,1,1,1,1,1,25,10,0.0019157088122605363,10,False,False,False,0.16666666666666666,0.0
IM,M-Root,all_publicly_visible,5006,dns-root_m-root_msm5006_20260701T000000Z_010000Z.json,landing_region_08ea81d123b5::landing_region_af2b1cb46785,"Marseille, France -> Tuas, Singapore",1.0,2,2,2,1,1,1,1,0.5,1,True,False,False,0.0,1.0
IM,M-Root,all_publicly_visible,5006,dns-root_m-root_msm5006_20260701T000000Z_010000Z.json,landing_region_16217d497d23::landing_region_af2b1cb46785,"Toulon, France -> Tuas, Singapore",1.0,2,2,2,1,1,1,1,0.5,2,False,True,False,0.0,1.0
IM,M-Root,resolved_entry_only,5006,dns-root_m-root_msm5006_20260701T000000Z_010000Z.json,landing_region_08ea81d123b5::landing_region_af2b1cb46785,"Marseille, France -> Tuas, Singapore",1.0,2,2,2,1,1,1,1,0.5,1,True,False,False,0.0,1.0
IM,M-Root,resolved_entry_only,5006,dns-root_m-root_msm5006_20260701T000000Z_010000Z.json,landing_region_16217d497d23::landing_region_af2b1cb46785,"Toulon, France -> Tuas, Singapore",1.0,2,2,2,1,1,1,1,0.5,2,False,True,False,0.0,1.0
IN,M-Root,all_publicly_visible,5006,dns-root_m-root_msm5006_20260701T000000Z_010000Z.json,landing_region_5d023e72c246::landing_region_b37879c52c2b,"Singapore, Singapore -> Batam, Indonesia",20.333333333333332,61,61,61,44,17,56,23,0.2033333333333333,1,True,False,False,20.333333333333332,0.0
IN,M-Root,all_publicly_visible,5006,dns-root_m-root_msm5006_20260701T000000Z_010000Z.json,landing_region_9430e1a9028b::landing_region_b37879c52c2b,"Changi North, Singapore -> Batam, Indonesia",20.333333333333332,61,61,61,44,17,56,23,0.2033333333333333,2,False,True,False,20.333333333333332,0.0
IN,M-Root,all_publicly_visible,5006,dns-root_m-root_msm5006_20260701T000000Z_010000Z.json,landing_region_af2b1cb46785::landing_region_b37879c52c2b,"Tuas, Singapore -> Batam, Indonesia",20.333333333333332,61,61,61,44,17,56,23,0.2033333333333333,3,False,False,True,20.333333333333332,0.0
IN,M-Root,all_publicly_visible,5006,dns-root_m-root_msm5006_20260701T000000Z_010000Z.json,landing_region_0074f164da96::landing_region_af2b1cb46785,"Mumbai, India -> Tuas, Singapore",14.0,14,14,14,13,5,56,23,0.14,4,False,False,False,0.0,14.0
IN,M-Root,all_publicly_visible,5006,dns-root_m-root_msm5006_20260701T000000Z_010000Z.json,landing_region_0074f164da96::landing_region_32509493c7f4,"Mumbai, India -> Chennai, India",10.0,10,10,10,7,5,56,23,0.1,5,False,False,False,10.0,0.0
IN,M-Root,all_publicly_visible,5006,dns-root_m-root_msm5006_20260701T000000Z_010000Z.json,landing_region_0074f164da96::landing_region_08ea81d123b5,"Mumbai, India -> Marseille, France",5.0,5,5,5,5,4,56,23,0.05,6,False,False,False,0.0,5.0
IN,M-Root,all_publicly_visible,5006,dns-root_m-root_msm5006_20260701T000000Z_010000Z.json,landing_region_32509493c7f4::landing_region_9430e1a9028b,"Chennai, India -> Changi North, Singapore",4.5,9,9,9,7,5,56,23,0.045,7,False,False,False,0.0,4.5
IN,M-Root,all_publicly_visible,5006,dns-root_m-root_msm5006_20260701T000000Z_010000Z.json,landing_region_32509493c7f4::landing_region_af2b1cb46785,"Chennai, India -> Tuas, Singapore",4.5,9,9,9,7,5,56,23,0.045,8,False,False,False,0.0,4.5
IN,M-Root,all_publicly_visible,5006,dns-root_m-root_msm5006_20260701T000000Z_010000Z.json,landing_region_0074f164da96::landing_region_e1d436f56ec5,"Mumbai, India -> Trivandrum, India",1.0,1,1,1,1,1,56,23,0.01,9,False,False,False,1.0,0.0
IN,M-Root,resolved_entry_only,5006,dns-root_m-root_msm5006_20260701T000000Z_010000Z.json,landing_region_5d023e72c246::landing_region_b37879c52c2b,"Singapore, Singapore -> Batam, Indonesia",20.333333333333332,61,61,61,44,17,56,23,0.2033333333333333,1,True,False,False,20.333333333333332,0.0
IN,M-Root,resolved_entry_only,5006,dns-root_m-root_msm5006_20260701T000000Z_010000Z.json,landing_region_9430e1a9028b::landing_region_b37879c52c2b,"Changi North, Singapore -> Batam, Indonesia",20.333333333333332,61,61,61,44,17,56,23,0.2033333333333333,2,False,True,False,20.333333333333332,0.0
IN,M-Root,resolved_entry_only,5006,dns-root_m-root_msm5006_20260701T000000Z_010000Z.json,landing_region_af2b1cb46785::landing_region_b37879c52c2b,"Tuas, Singapore -> Batam, Indonesia",20.333333333333332,61,61,61,44,17,56,23,0.2033333333333333,3,False,False,True,20.333333333333332,0.0
IN,M-Root,resolved_entry_only,5006,dns-root_m-root_msm5006_20260701T000000Z_010000Z.json,landing_region_0074f164da96::landing_region_af2b1cb46785,"Mumbai, India -> Tuas, Singapore",14.0,14,14,14,13,5,56,23,0.14,4,False,False,False,0.0,14.0
IN,M-Root,resolved_entry_only,5006,dns-root_m-root_msm5006_20260701T000000Z_010000Z.json,landing_region_0074f164da96::landing_region_32509493c7f4,"Mumbai, India -> Chennai, India",10.0,10,10,10,7,5,56,23,0.1,5,False,False,False,10.0,0.0
IN,M-Root,resolved_entry_only,5006,dns-root_m-root_msm5006_20260701T000000Z_010000Z.json,landing_region_0074f164da96::landing_region_08ea81d123b5,"Mumbai, India -> Marseille, France",5.0,5,5,5,5,4,56,23,0.05,6,False,False,False,0.0,5.0
IN,M-Root,resolved_entry_only,5006,dns-root_m-root_msm5006_20260701T000000Z_010000Z.json,landing_region_32509493c7f4::landing_region_9430e1a9028b,"Chennai, India -> Changi North, Singapore",4.5,9,9,9,7,5,56,23,0.045,7,False,False,False,0.0,4.5
IN,M-Root,resolved_entry_only,5006,dns-root_m-root_msm5006_20260701T000000Z_010000Z.json,landing_region_32509493c7f4::landing_region_af2b1cb46785,"Chennai, India -> Tuas, Singapore",4.5,9,9,9,7,5,56,23,0.045,8,False,False,False,0.0,4.5
IN,M-Root,resolved_entry_only,5006,dns-root_m-root_msm5006_20260701T000000Z_010000Z.json,landing_region_0074f164da96::landing_region_e1d436f56ec5,"Mumbai, India -> Trivandrum, India",1.0,1,1,1,1,1,56,23,0.01,9,False,False,False,1.0,0.0
IR,M-Root,all_publicly_visible,5006,dns-root_m-root_msm5006_20260701T000000Z_010000Z.json,landing_region_58084817cbe7::landing_region_df61fea74887,"Paddington, NSW, Australia -> El Segundo, CA, United States",2.0,2,2,2,1,1,2,2,0.6666666666666666,1,True,False,False,0.0,2.0
IR,M-Root,all_publicly_visible,5006,dns-root_m-root_msm5006_20260701T000000Z_010000Z.json,landing_region_5631d1801aee::landing_region_65aa8d7cf62e,"Tallinn, Estonia -> Espoo, Finland",1.0,1,1,1,1,1,2,2,0.3333333333333333,2,False,True,False,0.0,1.0
IR,M-Root,resolved_entry_only,5006,dns-root_m-root_msm5006_20260701T000000Z_010000Z.json,landing_region_5631d1801aee::landing_region_65aa8d7cf62e,"Tallinn, Estonia -> Espoo, Finland",1.0,1,1,1,1,1,1,1,1.0,1,True,False,False,0.0,1.0
IT,M-Root,all_publicly_visible,5006,dns-root_m-root_msm5006_20260701T000000Z_010000Z.json,landing_region_08ea81d123b5::landing_region_1d5c9bdda1cc,"Marseille, France -> Rome, Italy",23.0,23,23,23,20,9,31,13,0.25842696629213485,1,True,False,False,0.0,23.0
IT,M-Root,all_publicly_visible,5006,dns-root_m-root_msm5006_20260701T000000Z_010000Z.json,landing_region_5d023e72c246::landing_region_b37879c52c2b,"Singapore, Singapore -> Batam, Indonesia",16.333333333333332,49,49,16,8,3,31,13,0.1835205992509363,2,False,True,False,16.333333333333332,0.0
IT,M-Root,all_publicly_visible,5006,dns-root_m-root_msm5006_20260701T000000Z_010000Z.json,landing_region_9430e1a9028b::landing_region_b37879c52c2b,"Changi North, Singapore -> Batam, Indonesia",16.333333333333332,49,49,16,8,3,31,13,0.1835205992509363,3,False,False,True,16.333333333333332,0.0
IT,M-Root,all_publicly_visible,5006,dns-root_m-root_msm5006_20260701T000000Z_010000Z.json,landing_region_af2b1cb46785::landing_region_b37879c52c2b,"Tuas, Singapore -> Batam, Indonesia",16.333333333333332,49,49,16,8,3,31,13,0.1835205992509363,4,False,False,False,16.333333333333332,0.0
IT,M-Root,all_publicly_visible,5006,dns-root_m-root_msm5006_20260701T000000Z_010000Z.json,landing_region_08ea81d123b5::landing_region_af2b1cb46785,"Marseille, France -> Tuas, Singapore",7.5,15,15,15,10,4,31,13,0.08426966292134831,5,False,False,False,0.0,7.5
IT,M-Root,all_publicly_visible,5006,dns-root_m-root_msm5006_20260701T000000Z_010000Z.json,landing_region_16217d497d23::landing_region_af2b1cb46785,"Toulon, France -> Tuas, Singapore",7.5,15,15,15,10,4,31,13,0.08426966292134831,6,False,False,False,0.0,7.5
IT,M-Root,all_publicly_visible,5006,dns-root_m-root_msm5006_20260701T000000Z_010000Z.json,landing_region_1d5c9bdda1cc::landing_region_ea98b74befe5,"Rome, Italy -> Isola delle Femmine, Italy",2.0,2,2,2,1,1,31,13,0.02247191011235955,7,False,False,False,2.0,0.0
IT,M-Root,resolved_entry_only,5006,dns-root_m-root_msm5006_20260701T000000Z_010000Z.json,landing_region_08ea81d123b5::landing_region_1d5c9bdda1cc,"Marseille, France -> Rome, Italy",23.0,23,23,23,20,9,31,13,0.25842696629213485,1,True,False,False,0.0,23.0
IT,M-Root,resolved_entry_only,5006,dns-root_m-root_msm5006_20260701T000000Z_010000Z.json,landing_region_5d023e72c246::landing_region_b37879c52c2b,"Singapore, Singapore -> Batam, Indonesia",16.333333333333332,49,49,16,8,3,31,13,0.1835205992509363,2,False,True,False,16.333333333333332,0.0
IT,M-Root,resolved_entry_only,5006,dns-root_m-root_msm5006_20260701T000000Z_010000Z.json,landing_region_9430e1a9028b::landing_region_b37879c52c2b,"Changi North, Singapore -> Batam, Indonesia",16.333333333333332,49,49,16,8,3,31,13,0.1835205992509363,3,False,False,True,16.333333333333332,0.0
IT,M-Root,resolved_entry_only,5006,dns-root_m-root_msm5006_20260701T000000Z_010000Z.json,landing_region_af2b1cb46785::landing_region_b37879c52c2b,"Tuas, Singapore -> Batam, Indonesia",16.333333333333332,49,49,16,8,3,31,13,0.1835205992509363,4,False,False,False,16.333333333333332,0.0
IT,M-Root,resolved_entry_only,5006,dns-root_m-root_msm5006_20260701T000000Z_010000Z.json,landing_region_08ea81d123b5::landing_region_af2b1cb46785,"Marseille, France -> Tuas, Singapore",7.5,15,15,15,10,4,31,13,0.08426966292134831,5,False,False,False,0.0,7.5
IT,M-Root,resolved_entry_only,5006,dns-root_m-root_msm5006_20260701T000000Z_010000Z.json,landing_region_16217d497d23::landing_region_af2b1cb46785,"Toulon, France -> Tuas, Singapore",7.5,15,15,15,10,4,31,13,0.08426966292134831,6,False,False,False,0.0,7.5
IT,M-Root,resolved_entry_only,5006,dns-root_m-root_msm5006_20260701T000000Z_010000Z.json,landing_region_1d5c9bdda1cc::landing_region_ea98b74befe5,"Rome, Italy -> Isola delle Femmine, Italy",2.0,2,2,2,1,1,31,13,0.02247191011235955,7,False,False,False,2.0,0.0
JM,M-Root,all_publicly_visible,5006,dns-root_m-root_msm5006_20260701T000000Z_010000Z.json,landing_region_68c87c6fa47f::landing_region_bb71ecf60691,"Copa Club, Jamaica -> Port Antonio, Jamaica",8.0,8,8,8,4,2,4,2,1.0,1,True,False,False,8.0,0.0
JM,M-Root,resolved_entry_only,5006,dns-root_m-root_msm5006_20260701T000000Z_010000Z.json,landing_region_68c87c6fa47f::landing_region_bb71ecf60691,"Copa Club, Jamaica -> Port Antonio, Jamaica",8.0,8,8,8,4,2,4,2,1.0,1,True,False,False,8.0,0.0
JP,M-Root,all_publicly_visible,5006,dns-root_m-root_msm5006_20260701T000000Z_010000Z.json,landing_region_5d023e72c246::landing_region_b37879c52c2b,"Singapore, Singapore -> Batam, Indonesia",5.333333333333333,16,16,8,4,3,5,4,0.20512820512820512,1,True,False,False,5.333333333333333,0.0
JP,M-Root,all_publicly_visible,5006,dns-root_m-root_msm5006_20260701T000000Z_010000Z.json,landing_region_9430e1a9028b::landing_region_b37879c52c2b,"Changi North, Singapore -> Batam, Indonesia",5.333333333333333,16,16,8,4,3,5,4,0.20512820512820512,2,False,True,False,5.333333333333333,0.0
JP,M-Root,all_publicly_visible,5006,dns-root_m-root_msm5006_20260701T000000Z_010000Z.json,landing_region_af2b1cb46785::landing_region_b37879c52c2b,"Tuas, Singapore -> Batam, Indonesia",5.333333333333333,16,16,8,4,3,5,4,0.20512820512820512,3,False,False,True,5.333333333333333,0.0
JP,M-Root,all_publicly_visible,5006,dns-root_m-root_msm5006_20260701T000000Z_010000Z.json,landing_region_6ee5239e409c::landing_region_87b575b90c68,"Ama, Japan -> Itoman, Japan",3.333333333333333,10,10,2,1,1,5,4,0.1282051282051282,4,False,False,False,3.333333333333333,0.0
JP,M-Root,all_publicly_visible,5006,dns-root_m-root_msm5006_20260701T000000Z_010000Z.json,landing_region_6ee5239e409c::landing_region_b6092af8113d,"Ama, Japan -> Yomitan, Japan",3.333333333333333,10,10,2,1,1,5,4,0.1282051282051282,5,False,False,False,3.333333333333333,0.0
JP,M-Root,all_publicly_visible,5006,dns-root_m-root_msm5006_20260701T000000Z_010000Z.json,landing_region_87b575b90c68::landing_region_b6092af8113d,"Itoman, Japan -> Yomitan, Japan",3.333333333333333,10,10,2,1,1,5,4,0.1282051282051282,6,False,False,False,3.333333333333333,0.0
JP,M-Root,resolved_entry_only,5006,dns-root_m-root_msm5006_20260701T000000Z_010000Z.json,landing_region_5d023e72c246::landing_region_b37879c52c2b,"Singapore, Singapore -> Batam, Indonesia",5.333333333333333,16,16,8,4,3,5,4,0.20512820512820512,1,True,False,False,5.333333333333333,0.0
JP,M-Root,resolved_entry_only,5006,dns-root_m-root_msm5006_20260701T000000Z_010000Z.json,landing_region_9430e1a9028b::landing_region_b37879c52c2b,"Changi North, Singapore -> Batam, Indonesia",5.333333333333333,16,16,8,4,3,5,4,0.20512820512820512,2,False,True,False,5.333333333333333,0.0
JP,M-Root,resolved_entry_only,5006,dns-root_m-root_msm5006_20260701T000000Z_010000Z.json,landing_region_af2b1cb46785::landing_region_b37879c52c2b,"Tuas, Singapore -> Batam, Indonesia",5.333333333333333,16,16,8,4,3,5,4,0.20512820512820512,3,False,False,True,5.333333333333333,0.0
JP,M-Root,resolved_entry_only,5006,dns-root_m-root_msm5006_20260701T000000Z_010000Z.json,landing_region_6ee5239e409c::landing_region_87b575b90c68,"Ama, Japan -> Itoman, Japan",3.333333333333333,10,10,2,1,1,5,4,0.1282051282051282,4,False,False,False,3.333333333333333,0.0
JP,M-Root,resolved_entry_only,5006,dns-root_m-root_msm5006_20260701T000000Z_010000Z.json,landing_region_6ee5239e409c::landing_region_b6092af8113d,"Ama, Japan -> Yomitan, Japan",3.333333333333333,10,10,2,1,1,5,4,0.1282051282051282,5,False,False,False,3.333333333333333,0.0
JP,M-Root,resolved_entry_only,5006,dns-root_m-root_msm5006_20260701T000000Z_010000Z.json,landing_region_87b575b90c68::landing_region_b6092af8113d,"Itoman, Japan -> Yomitan, Japan",3.333333333333333,10,10,2,1,1,5,4,0.1282051282051282,6,False,False,False,3.333333333333333,0.0
KE,M-Root,all_publicly_visible,5006,dns-root_m-root_msm5006_20260701T000000Z_010000Z.json,landing_region_173727a59ebb::landing_region_57424b247075,"Djibouti City, Djibouti -> Nyali, Kenya",5.0,5,5,5,3,3,5,5,0.35714285714285715,1,True,False,False,0.0,5.0
KE,M-Root,all_publicly_visible,5006,dns-root_m-root_msm5006_20260701T000000Z_010000Z.json,landing_region_08ea81d123b5::landing_region_173727a59ebb,"Marseille, France -> Djibouti City, Djibouti",3.5,7,7,7,4,4,5,5,0.25,2,False,True,False,0.0,3.5
KE,M-Root,all_publicly_visible,5006,dns-root_m-root_msm5006_20260701T000000Z_010000Z.json,landing_region_16217d497d23::landing_region_173727a59ebb,"Toulon, France -> Djibouti City, Djibouti",3.5,7,7,7,4,4,5,5,0.25,3,False,False,True,0.0,3.5
KE,M-Root,all_publicly_visible,5006,dns-root_m-root_msm5006_20260701T000000Z_010000Z.json,landing_region_08ea81d123b5::landing_region_57424b247075,"Marseille, France -> Nyali, Kenya",2.0,2,2,2,2,2,5,5,0.14285714285714285,4,False,False,False,0.0,2.0
KE,M-Root,resolved_entry_only,5006,dns-root_m-root_msm5006_20260701T000000Z_010000Z.json,landing_region_173727a59ebb::landing_region_57424b247075,"Djibouti City, Djibouti -> Nyali, Kenya",5.0,5,5,5,3,3,5,5,0.35714285714285715,1,True,False,False,0.0,5.0
KE,M-Root,resolved_entry_only,5006,dns-root_m-root_msm5006_20260701T000000Z_010000Z.json,landing_region_08ea81d123b5::landing_region_173727a59ebb,"Marseille, France -> Djibouti City, Djibouti",3.5,7,7,7,4,4,5,5,0.25,2,False,True,False,0.0,3.5
KE,M-Root,resolved_entry_only,5006,dns-root_m-root_msm5006_20260701T000000Z_010000Z.json,landing_region_16217d497d23::landing_region_173727a59ebb,"Toulon, France -> Djibouti City, Djibouti",3.5,7,7,7,4,4,5,5,0.25,3,False,False,True,0.0,3.5
KE,M-Root,resolved_entry_only,5006,dns-root_m-root_msm5006_20260701T000000Z_010000Z.json,landing_region_08ea81d123b5::landing_region_57424b247075,"Marseille, France -> Nyali, Kenya",2.0,2,2,2,2,2,5,5,0.14285714285714285,4,False,False,False,0.0,2.0
KN,M-Root,all_publicly_visible,5006,dns-root_m-root_msm5006_20260701T000000Z_010000Z.json,landing_region_04a5b4bc2547::landing_region_32bca37bf53d,"Gallows Bay, Bonaire, Sint Eustatius and Saba -> Basseterre, Saint Kitts and Nevis",2.0,2,2,2,1,1,1,1,1.0,1,True,False,False,2.0,0.0
KN,M-Root,resolved_entry_only,5006,dns-root_m-root_msm5006_20260701T000000Z_010000Z.json,landing_region_04a5b4bc2547::landing_region_32bca37bf53d,"Gallows Bay, Bonaire, Sint Eustatius and Saba -> Basseterre, Saint Kitts and Nevis",2.0,2,2,2,1,1,1,1,1.0,1,True,False,False,2.0,0.0
KY,M-Root,all_publicly_visible,5006,dns-root_m-root_msm5006_20260701T000000Z_010000Z.json,landing_region_6a990cca53f4::landing_region_bd03623e84bf,"Half Moon Bay, Cayman Islands -> Hollywood, FL, United States",2.0,2,2,2,1,1,1,1,0.6666666666666666,1,True,False,False,0.0,2.0
KY,M-Root,all_publicly_visible,5006,dns-root_m-root_msm5006_20260701T000000Z_010000Z.json,landing_region_bc6c664daa8f::landing_region_df61fea74887,"Alupang, Guam -> El Segundo, CA, United States",1.0,1,1,1,1,1,1,1,0.3333333333333333,2,False,True,False,0.0,1.0
KY,M-Root,resolved_entry_only,5006,dns-root_m-root_msm5006_20260701T000000Z_010000Z.json,landing_region_6a990cca53f4::landing_region_bd03623e84bf,"Half Moon Bay, Cayman Islands -> Hollywood, FL, United States",2.0,2,2,2,1,1,1,1,0.6666666666666666,1,True,False,False,0.0,2.0
KY,M-Root,resolved_entry_only,5006,dns-root_m-root_msm5006_20260701T000000Z_010000Z.json,landing_region_bc6c664daa8f::landing_region_df61fea74887,"Alupang, Guam -> El Segundo, CA, United States",1.0,1,1,1,1,1,1,1,0.3333333333333333,2,False,True,False,0.0,1.0
LA,M-Root,all_publicly_visible,5006,dns-root_m-root_msm5006_20260701T000000Z_010000Z.json,landing_region_5d023e72c246::landing_region_b37879c52c2b,"Singapore, Singapore -> Batam, Indonesia",2.6666666666666665,8,8,7,4,1,4,1,0.3333333333333333,1,True,False,False,2.6666666666666665,0.0
LA,M-Root,all_publicly_visible,5006,dns-root_m-root_msm5006_20260701T000000Z_010000Z.json,landing_region_9430e1a9028b::landing_region_b37879c52c2b,"Changi North, Singapore -> Batam, Indonesia",2.6666666666666665,8,8,7,4,1,4,1,0.3333333333333333,2,False,True,False,2.6666666666666665,0.0
LA,M-Root,all_publicly_visible,5006,dns-root_m-root_msm5006_20260701T000000Z_010000Z.json,landing_region_af2b1cb46785::landing_region_b37879c52c2b,"Tuas, Singapore -> Batam, Indonesia",2.6666666666666665,8,8,7,4,1,4,1,0.3333333333333333,3,False,False,True,2.6666666666666665,0.0
LA,M-Root,resolved_entry_only,5006,dns-root_m-root_msm5006_20260701T000000Z_010000Z.json,landing_region_5d023e72c246::landing_region_b37879c52c2b,"Singapore, Singapore -> Batam, Indonesia",2.6666666666666665,8,8,7,4,1,4,1,0.3333333333333333,1,True,False,False,2.6666666666666665,0.0
LA,M-Root,resolved_entry_only,5006,dns-root_m-root_msm5006_20260701T000000Z_010000Z.json,landing_region_9430e1a9028b::landing_region_b37879c52c2b,"Changi North, Singapore -> Batam, Indonesia",2.6666666666666665,8,8,7,4,1,4,1,0.3333333333333333,2,False,True,False,2.6666666666666665,0.0
LA,M-Root,resolved_entry_only,5006,dns-root_m-root_msm5006_20260701T000000Z_010000Z.json,landing_region_af2b1cb46785::landing_region_b37879c52c2b,"Tuas, Singapore -> Batam, Indonesia",2.6666666666666665,8,8,7,4,1,4,1,0.3333333333333333,3,False,False,True,2.6666666666666665,0.0
LC,M-Root,all_publicly_visible,5006,dns-root_m-root_msm5006_20260701T000000Z_010000Z.json,landing_region_32bca37bf53d::landing_region_c92fc361db9a,"Basseterre, Saint Kitts and Nevis -> Rodney Bay, Saint Lucia",2.0,2,2,2,2,1,2,1,1.0,1,True,False,False,0.0,2.0
LC,M-Root,resolved_entry_only,5006,dns-root_m-root_msm5006_20260701T000000Z_010000Z.json,landing_region_32bca37bf53d::landing_region_c92fc361db9a,"Basseterre, Saint Kitts and Nevis -> Rodney Bay, Saint Lucia",2.0,2,2,2,2,1,2,1,1.0,1,True,False,False,0.0,2.0
LS,M-Root,all_publicly_visible,5006,dns-root_m-root_msm5006_20260701T000000Z_010000Z.json,landing_region_343850da3642::landing_region_44e270aeb18c,"Carcavelos, Portugal -> Melkbosstrand, South Africa",0.5,1,1,1,1,1,1,1,0.5,1,True,False,False,0.0,0.5
LS,M-Root,all_publicly_visible,5006,dns-root_m-root_msm5006_20260701T000000Z_010000Z.json,landing_region_44e270aeb18c::landing_region_f7627feb3284,"Melkbosstrand, South Africa -> Seixal, Portugal",0.5,1,1,1,1,1,1,1,0.5,2,False,True,False,0.0,0.5
LS,M-Root,resolved_entry_only,5006,dns-root_m-root_msm5006_20260701T000000Z_010000Z.json,landing_region_343850da3642::landing_region_44e270aeb18c,"Carcavelos, Portugal -> Melkbosstrand, South Africa",0.5,1,1,1,1,1,1,1,0.5,1,True,False,False,0.0,0.5
LS,M-Root,resolved_entry_only,5006,dns-root_m-root_msm5006_20260701T000000Z_010000Z.json,landing_region_44e270aeb18c::landing_region_f7627feb3284,"Melkbosstrand, South Africa -> Seixal, Portugal",0.5,1,1,1,1,1,1,1,0.5,2,False,True,False,0.0,0.5
LT,M-Root,all_publicly_visible,5006,dns-root_m-root_msm5006_20260701T000000Z_010000Z.json,landing_region_5d023e72c246::landing_region_b37879c52c2b,"Singapore, Singapore -> Batam, Indonesia",5.333333333333333,16,16,6,3,1,3,1,0.26666666666666666,1,True,False,False,5.333333333333333,0.0
LT,M-Root,all_publicly_visible,5006,dns-root_m-root_msm5006_20260701T000000Z_010000Z.json,landing_region_9430e1a9028b::landing_region_b37879c52c2b,"Changi North, Singapore -> Batam, Indonesia",5.333333333333333,16,16,6,3,1,3,1,0.26666666666666666,2,False,True,False,5.333333333333333,0.0
LT,M-Root,all_publicly_visible,5006,dns-root_m-root_msm5006_20260701T000000Z_010000Z.json,landing_region_af2b1cb46785::landing_region_b37879c52c2b,"Tuas, Singapore -> Batam, Indonesia",5.333333333333333,16,16,6,3,1,3,1,0.26666666666666666,3,False,False,True,5.333333333333333,0.0
LT,M-Root,all_publicly_visible,5006,dns-root_m-root_msm5006_20260701T000000Z_010000Z.json,landing_region_08ea81d123b5::landing_region_af2b1cb46785,"Marseille, France -> Tuas, Singapore",2.0,4,4,4,3,1,3,1,0.1,4,False,False,False,0.0,2.0
LT,M-Root,all_publicly_visible,5006,dns-root_m-root_msm5006_20260701T000000Z_010000Z.json,landing_region_16217d497d23::landing_region_af2b1cb46785,"Toulon, France -> Tuas, Singapore",2.0,4,4,4,3,1,3,1,0.1,5,False,False,False,0.0,2.0
LT,M-Root,resolved_entry_only,5006,dns-root_m-root_msm5006_20260701T000000Z_010000Z.json,landing_region_5d023e72c246::landing_region_b37879c52c2b,"Singapore, Singapore -> Batam, Indonesia",5.333333333333333,16,16,6,3,1,3,1,0.26666666666666666,1,True,False,False,5.333333333333333,0.0
LT,M-Root,resolved_entry_only,5006,dns-root_m-root_msm5006_20260701T000000Z_010000Z.json,landing_region_9430e1a9028b::landing_region_b37879c52c2b,"Changi North, Singapore -> Batam, Indonesia",5.333333333333333,16,16,6,3,1,3,1,0.26666666666666666,2,False,True,False,5.333333333333333,0.0
LT,M-Root,resolved_entry_only,5006,dns-root_m-root_msm5006_20260701T000000Z_010000Z.json,landing_region_af2b1cb46785::landing_region_b37879c52c2b,"Tuas, Singapore -> Batam, Indonesia",5.333333333333333,16,16,6,3,1,3,1,0.26666666666666666,3,False,False,True,5.333333333333333,0.0
LT,M-Root,resolved_entry_only,5006,dns-root_m-root_msm5006_20260701T000000Z_010000Z.json,landing_region_08ea81d123b5::landing_region_af2b1cb46785,"Marseille, France -> Tuas, Singapore",2.0,4,4,4,3,1,3,1,0.1,4,False,False,False,0.0,2.0
LT,M-Root,resolved_entry_only,5006,dns-root_m-root_msm5006_20260701T000000Z_010000Z.json,landing_region_16217d497d23::landing_region_af2b1cb46785,"Toulon, France -> Tuas, Singapore",2.0,4,4,4,3,1,3,1,0.1,5,False,False,False,0.0,2.0
MD,M-Root,all_publicly_visible,5006,dns-root_m-root_msm5006_20260701T000000Z_010000Z.json,landing_region_5d023e72c246::landing_region_b37879c52c2b,"Singapore, Singapore -> Batam, Indonesia",3.6666666666666665,11,11,4,2,1,2,1,0.28205128205128205,1,True,False,False,3.6666666666666665,0.0
MD,M-Root,all_publicly_visible,5006,dns-root_m-root_msm5006_20260701T000000Z_010000Z.json,landing_region_9430e1a9028b::landing_region_b37879c52c2b,"Changi North, Singapore -> Batam, Indonesia",3.6666666666666665,11,11,4,2,1,2,1,0.28205128205128205,2,False,True,False,3.6666666666666665,0.0
MD,M-Root,all_publicly_visible,5006,dns-root_m-root_msm5006_20260701T000000Z_010000Z.json,landing_region_af2b1cb46785::landing_region_b37879c52c2b,"Tuas, Singapore -> Batam, Indonesia",3.6666666666666665,11,11,4,2,1,2,1,0.28205128205128205,3,False,False,True,3.6666666666666665,0.0
MD,M-Root,all_publicly_visible,5006,dns-root_m-root_msm5006_20260701T000000Z_010000Z.json,landing_region_08ea81d123b5::landing_region_af2b1cb46785,"Marseille, France -> Tuas, Singapore",1.0,2,2,2,1,1,2,1,0.07692307692307693,4,False,False,False,0.0,1.0
MD,M-Root,all_publicly_visible,5006,dns-root_m-root_msm5006_20260701T000000Z_010000Z.json,landing_region_16217d497d23::landing_region_af2b1cb46785,"Toulon, France -> Tuas, Singapore",1.0,2,2,2,1,1,2,1,0.07692307692307693,5,False,False,False,0.0,1.0
MD,M-Root,resolved_entry_only,5006,dns-root_m-root_msm5006_20260701T000000Z_010000Z.json,landing_region_5d023e72c246::landing_region_b37879c52c2b,"Singapore, Singapore -> Batam, Indonesia",3.6666666666666665,11,11,4,2,1,2,1,0.28205128205128205,1,True,False,False,3.6666666666666665,0.0
MD,M-Root,resolved_entry_only,5006,dns-root_m-root_msm5006_20260701T000000Z_010000Z.json,landing_region_9430e1a9028b::landing_region_b37879c52c2b,"Changi North, Singapore -> Batam, Indonesia",3.6666666666666665,11,11,4,2,1,2,1,0.28205128205128205,2,False,True,False,3.6666666666666665,0.0
MD,M-Root,resolved_entry_only,5006,dns-root_m-root_msm5006_20260701T000000Z_010000Z.json,landing_region_af2b1cb46785::landing_region_b37879c52c2b,"Tuas, Singapore -> Batam, Indonesia",3.6666666666666665,11,11,4,2,1,2,1,0.28205128205128205,3,False,False,True,3.6666666666666665,0.0
MD,M-Root,resolved_entry_only,5006,dns-root_m-root_msm5006_20260701T000000Z_010000Z.json,landing_region_08ea81d123b5::landing_region_af2b1cb46785,"Marseille, France -> Tuas, Singapore",1.0,2,2,2,1,1,2,1,0.07692307692307693,4,False,False,False,0.0,1.0
MD,M-Root,resolved_entry_only,5006,dns-root_m-root_msm5006_20260701T000000Z_010000Z.json,landing_region_16217d497d23::landing_region_af2b1cb46785,"Toulon, France -> Tuas, Singapore",1.0,2,2,2,1,1,2,1,0.07692307692307693,5,False,False,False,0.0,1.0
MG,M-Root,all_publicly_visible,5006,dns-root_m-root_msm5006_20260701T000000Z_010000Z.json,landing_region_343850da3642::landing_region_44e270aeb18c,"Carcavelos, Portugal -> Melkbosstrand, South Africa",1.0,2,2,2,1,1,1,1,0.5,1,True,False,False,0.0,1.0
MG,M-Root,all_publicly_visible,5006,dns-root_m-root_msm5006_20260701T000000Z_010000Z.json,landing_region_44e270aeb18c::landing_region_f7627feb3284,"Melkbosstrand, South Africa -> Seixal, Portugal",1.0,2,2,2,1,1,1,1,0.5,2,False,True,False,0.0,1.0
MG,M-Root,resolved_entry_only,5006,dns-root_m-root_msm5006_20260701T000000Z_010000Z.json,landing_region_343850da3642::landing_region_44e270aeb18c,"Carcavelos, Portugal -> Melkbosstrand, South Africa",1.0,2,2,2,1,1,1,1,0.5,1,True,False,False,0.0,1.0
MG,M-Root,resolved_entry_only,5006,dns-root_m-root_msm5006_20260701T000000Z_010000Z.json,landing_region_44e270aeb18c::landing_region_f7627feb3284,"Melkbosstrand, South Africa -> Seixal, Portugal",1.0,2,2,2,1,1,1,1,0.5,2,False,True,False,0.0,1.0
MK,M-Root,all_publicly_visible,5006,dns-root_m-root_msm5006_20260701T000000Z_010000Z.json,landing_region_5d023e72c246::landing_region_b37879c52c2b,"Singapore, Singapore -> Batam, Indonesia",2.0,6,6,2,1,1,1,1,0.2857142857142857,1,True,False,False,2.0,0.0
MK,M-Root,all_publicly_visible,5006,dns-root_m-root_msm5006_20260701T000000Z_010000Z.json,landing_region_9430e1a9028b::landing_region_b37879c52c2b,"Changi North, Singapore -> Batam, Indonesia",2.0,6,6,2,1,1,1,1,0.2857142857142857,2,False,True,False,2.0,0.0
MK,M-Root,all_publicly_visible,5006,dns-root_m-root_msm5006_20260701T000000Z_010000Z.json,landing_region_af2b1cb46785::landing_region_b37879c52c2b,"Tuas, Singapore -> Batam, Indonesia",2.0,6,6,2,1,1,1,1,0.2857142857142857,3,False,False,True,2.0,0.0
MK,M-Root,all_publicly_visible,5006,dns-root_m-root_msm5006_20260701T000000Z_010000Z.json,landing_region_08ea81d123b5::landing_region_af2b1cb46785,"Marseille, France -> Tuas, Singapore",0.5,1,1,1,1,1,1,1,0.07142857142857142,4,False,False,False,0.0,0.5
MK,M-Root,all_publicly_visible,5006,dns-root_m-root_msm5006_20260701T000000Z_010000Z.json,landing_region_16217d497d23::landing_region_af2b1cb46785,"Toulon, France -> Tuas, Singapore",0.5,1,1,1,1,1,1,1,0.07142857142857142,5,False,False,False,0.0,0.5
MK,M-Root,resolved_entry_only,5006,dns-root_m-root_msm5006_20260701T000000Z_010000Z.json,landing_region_5d023e72c246::landing_region_b37879c52c2b,"Singapore, Singapore -> Batam, Indonesia",2.0,6,6,2,1,1,1,1,0.2857142857142857,1,True,False,False,2.0,0.0
MK,M-Root,resolved_entry_only,5006,dns-root_m-root_msm5006_20260701T000000Z_010000Z.json,landing_region_9430e1a9028b::landing_region_b37879c52c2b,"Changi North, Singapore -> Batam, Indonesia",2.0,6,6,2,1,1,1,1,0.2857142857142857,2,False,True,False,2.0,0.0
MK,M-Root,resolved_entry_only,5006,dns-root_m-root_msm5006_20260701T000000Z_010000Z.json,landing_region_af2b1cb46785::landing_region_b37879c52c2b,"Tuas, Singapore -> Batam, Indonesia",2.0,6,6,2,1,1,1,1,0.2857142857142857,3,False,False,True,2.0,0.0
MK,M-Root,resolved_entry_only,5006,dns-root_m-root_msm5006_20260701T000000Z_010000Z.json,landing_region_08ea81d123b5::landing_region_af2b1cb46785,"Marseille, France -> Tuas, Singapore",0.5,1,1,1,1,1,1,1,0.07142857142857142,4,False,False,False,0.0,0.5
MK,M-Root,resolved_entry_only,5006,dns-root_m-root_msm5006_20260701T000000Z_010000Z.json,landing_region_16217d497d23::landing_region_af2b1cb46785,"Toulon, France -> Tuas, Singapore",0.5,1,1,1,1,1,1,1,0.07142857142857142,5,False,False,False,0.0,0.5
ML,M-Root,all_publicly_visible,5006,dns-root_m-root_msm5006_20260701T000000Z_010000Z.json,landing_region_343850da3642::landing_region_f7627feb3284,"Carcavelos, Portugal -> Seixal, Portugal",2.0,2,2,2,1,1,1,1,0.4,1,True,False,False,2.0,0.0
ML,M-Root,all_publicly_visible,5006,dns-root_m-root_msm5006_20260701T000000Z_010000Z.json,landing_region_1159954a018c::landing_region_f7627feb3284,"Brean, United Kingdom -> Seixal, Portugal",1.0,1,1,1,1,1,1,1,0.2,2,False,True,False,0.0,1.0
ML,M-Root,all_publicly_visible,5006,dns-root_m-root_msm5006_20260701T000000Z_010000Z.json,landing_region_343850da3642::landing_region_9d5009d65552,"Carcavelos, Portugal -> Dakar, Senegal",1.0,2,2,2,1,1,1,1,0.2,3,False,False,True,0.0,1.0
ML,M-Root,all_publicly_visible,5006,dns-root_m-root_msm5006_20260701T000000Z_010000Z.json,landing_region_9d5009d65552::landing_region_f7627feb3284,"Dakar, Senegal -> Seixal, Portugal",1.0,2,2,2,1,1,1,1,0.2,4,False,False,False,0.0,1.0
ML,M-Root,resolved_entry_only,5006,dns-root_m-root_msm5006_20260701T000000Z_010000Z.json,landing_region_343850da3642::landing_region_f7627feb3284,"Carcavelos, Portugal -> Seixal, Portugal",2.0,2,2,2,1,1,1,1,0.4,1,True,False,False,2.0,0.0
ML,M-Root,resolved_entry_only,5006,dns-root_m-root_msm5006_20260701T000000Z_010000Z.json,landing_region_1159954a018c::landing_region_f7627feb3284,"Brean, United Kingdom -> Seixal, Portugal",1.0,1,1,1,1,1,1,1,0.2,2,False,True,False,0.0,1.0
ML,M-Root,resolved_entry_only,5006,dns-root_m-root_msm5006_20260701T000000Z_010000Z.json,landing_region_343850da3642::landing_region_9d5009d65552,"Carcavelos, Portugal -> Dakar, Senegal",1.0,2,2,2,1,1,1,1,0.2,3,False,False,True,0.0,1.0
ML,M-Root,resolved_entry_only,5006,dns-root_m-root_msm5006_20260701T000000Z_010000Z.json,landing_region_9d5009d65552::landing_region_f7627feb3284,"Dakar, Senegal -> Seixal, Portugal",1.0,2,2,2,1,1,1,1,0.2,4,False,False,False,0.0,1.0
MM,M-Root,all_publicly_visible,5006,dns-root_m-root_msm5006_20260701T000000Z_010000Z.json,landing_region_a314ea9d2330::landing_region_af2b1cb46785,"Thanlyin, Myanmar -> Tuas, Singapore",4.0,4,4,4,3,3,3,3,0.4,1,True,False,False,0.0,4.0
MM,M-Root,all_publicly_visible,5006,dns-root_m-root_msm5006_20260701T000000Z_010000Z.json,landing_region_5d023e72c246::landing_region_b37879c52c2b,"Singapore, Singapore -> Batam, Indonesia",2.0,6,6,6,3,3,3,3,0.2,2,False,True,False,2.0,0.0
MM,M-Root,all_publicly_visible,5006,dns-root_m-root_msm5006_20260701T000000Z_010000Z.json,landing_region_9430e1a9028b::landing_region_b37879c52c2b,"Changi North, Singapore -> Batam, Indonesia",2.0,6,6,6,3,3,3,3,0.2,3,False,False,True,2.0,0.0
MM,M-Root,all_publicly_visible,5006,dns-root_m-root_msm5006_20260701T000000Z_010000Z.json,landing_region_af2b1cb46785::landing_region_b37879c52c2b,"Tuas, Singapore -> Batam, Indonesia",2.0,6,6,6,3,3,3,3,0.2,4,False,False,False,2.0,0.0
MM,M-Root,resolved_entry_only,5006,dns-root_m-root_msm5006_20260701T000000Z_010000Z.json,landing_region_a314ea9d2330::landing_region_af2b1cb46785,"Thanlyin, Myanmar -> Tuas, Singapore",4.0,4,4,4,3,3,3,3,0.4,1,True,False,False,0.0,4.0
MM,M-Root,resolved_entry_only,5006,dns-root_m-root_msm5006_20260701T000000Z_010000Z.json,landing_region_5d023e72c246::landing_region_b37879c52c2b,"Singapore, Singapore -> Batam, Indonesia",2.0,6,6,6,3,3,3,3,0.2,2,False,True,False,2.0,0.0
MM,M-Root,resolved_entry_only,5006,dns-root_m-root_msm5006_20260701T000000Z_010000Z.json,landing_region_9430e1a9028b::landing_region_b37879c52c2b,"Changi North, Singapore -> Batam, Indonesia",2.0,6,6,6,3,3,3,3,0.2,3,False,False,True,2.0,0.0
MM,M-Root,resolved_entry_only,5006,dns-root_m-root_msm5006_20260701T000000Z_010000Z.json,landing_region_af2b1cb46785::landing_region_b37879c52c2b,"Tuas, Singapore -> Batam, Indonesia",2.0,6,6,6,3,3,3,3,0.2,4,False,False,False,2.0,0.0
MP,M-Root,all_publicly_visible,5006,dns-root_m-root_msm5006_20260701T000000Z_010000Z.json,landing_region_3602b9b9f277::landing_region_bc6c664daa8f,"Tinian, Northern Mariana Islands -> Alupang, Guam",2.0,2,2,2,1,1,1,1,1.0,1,True,False,False,0.0,2.0
MT,M-Root,all_publicly_visible,5006,dns-root_m-root_msm5006_20260701T000000Z_010000Z.json,landing_region_5d023e72c246::landing_region_b37879c52c2b,"Singapore, Singapore -> Batam, Indonesia",12.333333333333332,37,37,14,7,3,7,3,0.24666666666666665,1,True,False,False,12.333333333333332,0.0
MT,M-Root,all_publicly_visible,5006,dns-root_m-root_msm5006_20260701T000000Z_010000Z.json,landing_region_9430e1a9028b::landing_region_b37879c52c2b,"Changi North, Singapore -> Batam, Indonesia",12.333333333333332,37,37,14,7,3,7,3,0.24666666666666665,2,False,True,False,12.333333333333332,0.0
MT,M-Root,all_publicly_visible,5006,dns-root_m-root_msm5006_20260701T000000Z_010000Z.json,landing_region_af2b1cb46785::landing_region_b37879c52c2b,"Tuas, Singapore -> Batam, Indonesia",12.333333333333332,37,37,14,7,3,7,3,0.24666666666666665,3,False,False,True,12.333333333333332,0.0
MT,M-Root,all_publicly_visible,5006,dns-root_m-root_msm5006_20260701T000000Z_010000Z.json,landing_region_08ea81d123b5::landing_region_af2b1cb46785,"Marseille, France -> Tuas, Singapore",4.5,9,9,9,6,3,7,3,0.09,4,False,False,False,0.0,4.5
MT,M-Root,all_publicly_visible,5006,dns-root_m-root_msm5006_20260701T000000Z_010000Z.json,landing_region_16217d497d23::landing_region_af2b1cb46785,"Toulon, France -> Tuas, Singapore",4.5,9,9,9,6,3,7,3,0.09,5,False,False,False,0.0,4.5
MT,M-Root,all_publicly_visible,5006,dns-root_m-root_msm5006_20260701T000000Z_010000Z.json,landing_region_08ea81d123b5::landing_region_9e3a5ff856b9,"Marseille, France -> Balluta Bay, Malta",4.0,4,4,4,2,2,7,3,0.08,6,False,False,False,0.0,4.0
MT,M-Root,resolved_entry_only,5006,dns-root_m-root_msm5006_20260701T000000Z_010000Z.json,landing_region_5d023e72c246::landing_region_b37879c52c2b,"Singapore, Singapore -> Batam, Indonesia",12.333333333333332,37,37,14,7,3,7,3,0.24666666666666665,1,True,False,False,12.333333333333332,0.0
MT,M-Root,resolved_entry_only,5006,dns-root_m-root_msm5006_20260701T000000Z_010000Z.json,landing_region_9430e1a9028b::landing_region_b37879c52c2b,"Changi North, Singapore -> Batam, Indonesia",12.333333333333332,37,37,14,7,3,7,3,0.24666666666666665,2,False,True,False,12.333333333333332,0.0
MT,M-Root,resolved_entry_only,5006,dns-root_m-root_msm5006_20260701T000000Z_010000Z.json,landing_region_af2b1cb46785::landing_region_b37879c52c2b,"Tuas, Singapore -> Batam, Indonesia",12.333333333333332,37,37,14,7,3,7,3,0.24666666666666665,3,False,False,True,12.333333333333332,0.0
MT,M-Root,resolved_entry_only,5006,dns-root_m-root_msm5006_20260701T000000Z_010000Z.json,landing_region_08ea81d123b5::landing_region_af2b1cb46785,"Marseille, France -> Tuas, Singapore",4.5,9,9,9,6,3,7,3,0.09,4,False,False,False,0.0,4.5
MT,M-Root,resolved_entry_only,5006,dns-root_m-root_msm5006_20260701T000000Z_010000Z.json,landing_region_16217d497d23::landing_region_af2b1cb46785,"Toulon, France -> Tuas, Singapore",4.5,9,9,9,6,3,7,3,0.09,5,False,False,False,0.0,4.5
MT,M-Root,resolved_entry_only,5006,dns-root_m-root_msm5006_20260701T000000Z_010000Z.json,landing_region_08ea81d123b5::landing_region_9e3a5ff856b9,"Marseille, France -> Balluta Bay, Malta",4.0,4,4,4,2,2,7,3,0.08,6,False,False,False,0.0,4.0
MU,M-Root,all_publicly_visible,5006,dns-root_m-root_msm5006_20260701T000000Z_010000Z.json,landing_region_343850da3642::landing_region_44e270aeb18c,"Carcavelos, Portugal -> Melkbosstrand, South Africa",1.0,2,2,2,1,1,1,1,0.5,1,True,False,False,0.0,1.0
MU,M-Root,all_publicly_visible,5006,dns-root_m-root_msm5006_20260701T000000Z_010000Z.json,landing_region_44e270aeb18c::landing_region_f7627feb3284,"Melkbosstrand, South Africa -> Seixal, Portugal",1.0,2,2,2,1,1,1,1,0.5,2,False,True,False,0.0,1.0
MU,M-Root,resolved_entry_only,5006,dns-root_m-root_msm5006_20260701T000000Z_010000Z.json,landing_region_343850da3642::landing_region_44e270aeb18c,"Carcavelos, Portugal -> Melkbosstrand, South Africa",1.0,2,2,2,1,1,1,1,0.5,1,True,False,False,0.0,1.0
MU,M-Root,resolved_entry_only,5006,dns-root_m-root_msm5006_20260701T000000Z_010000Z.json,landing_region_44e270aeb18c::landing_region_f7627feb3284,"Melkbosstrand, South Africa -> Seixal, Portugal",1.0,2,2,2,1,1,1,1,0.5,2,False,True,False,0.0,1.0
MV,M-Root,all_publicly_visible,5006,dns-root_m-root_msm5006_20260701T000000Z_010000Z.json,landing_region_05d4f4227b7d::landing_region_946d8574d05e,"Ithaafushi, Maldives -> Hulhumale, Maldives",42.0,42,42,20,10,3,11,4,0.56,1,True,False,False,42.0,0.0
MV,M-Root,all_publicly_visible,5006,dns-root_m-root_msm5006_20260701T000000Z_010000Z.json,landing_region_946d8574d05e::landing_region_af2b1cb46785,"Hulhumale, Maldives -> Tuas, Singapore",18.0,18,18,18,9,2,11,4,0.24,2,False,True,False,0.0,18.0
MV,M-Root,all_publicly_visible,5006,dns-root_m-root_msm5006_20260701T000000Z_010000Z.json,landing_region_5d023e72c246::landing_region_b37879c52c2b,"Singapore, Singapore -> Batam, Indonesia",4.0,12,12,12,8,3,11,4,0.05333333333333334,3,False,False,True,4.0,0.0
MV,M-Root,all_publicly_visible,5006,dns-root_m-root_msm5006_20260701T000000Z_010000Z.json,landing_region_9430e1a9028b::landing_region_b37879c52c2b,"Changi North, Singapore -> Batam, Indonesia",4.0,12,12,12,8,3,11,4,0.05333333333333334,4,False,False,False,4.0,0.0
MV,M-Root,all_publicly_visible,5006,dns-root_m-root_msm5006_20260701T000000Z_010000Z.json,landing_region_af2b1cb46785::landing_region_b37879c52c2b,"Tuas, Singapore -> Batam, Indonesia",4.0,12,12,12,8,3,11,4,0.05333333333333334,5,False,False,False,4.0,0.0
MV,M-Root,all_publicly_visible,5006,dns-root_m-root_msm5006_20260701T000000Z_010000Z.json,landing_region_05d4f4227b7d::landing_region_465d1b4e7da4,"Ithaafushi, Maldives -> Mt. Lavinia, Sri Lanka",1.0,2,2,2,1,1,11,4,0.013333333333333334,6,False,False,False,0.0,1.0
MV,M-Root,all_publicly_visible,5006,dns-root_m-root_msm5006_20260701T000000Z_010000Z.json,landing_region_08ea81d123b5::landing_region_465d1b4e7da4,"Marseille, France -> Mt. Lavinia, Sri Lanka",1.0,1,1,1,1,1,11,4,0.013333333333333334,7,False,False,False,0.0,1.0
MV,M-Root,all_publicly_visible,5006,dns-root_m-root_msm5006_20260701T000000Z_010000Z.json,landing_region_465d1b4e7da4::landing_region_946d8574d05e,"Mt. Lavinia, Sri Lanka -> Hulhumale, Maldives",1.0,2,2,2,1,1,11,4,0.013333333333333334,8,False,False,False,0.0,1.0
MV,M-Root,resolved_entry_only,5006,dns-root_m-root_msm5006_20260701T000000Z_010000Z.json,landing_region_05d4f4227b7d::landing_region_946d8574d05e,"Ithaafushi, Maldives -> Hulhumale, Maldives",42.0,42,42,20,10,3,11,4,0.56,1,True,False,False,42.0,0.0
MV,M-Root,resolved_entry_only,5006,dns-root_m-root_msm5006_20260701T000000Z_010000Z.json,landing_region_946d8574d05e::landing_region_af2b1cb46785,"Hulhumale, Maldives -> Tuas, Singapore",18.0,18,18,18,9,2,11,4,0.24,2,False,True,False,0.0,18.0
MV,M-Root,resolved_entry_only,5006,dns-root_m-root_msm5006_20260701T000000Z_010000Z.json,landing_region_5d023e72c246::landing_region_b37879c52c2b,"Singapore, Singapore -> Batam, Indonesia",4.0,12,12,12,8,3,11,4,0.05333333333333334,3,False,False,True,4.0,0.0
MV,M-Root,resolved_entry_only,5006,dns-root_m-root_msm5006_20260701T000000Z_010000Z.json,landing_region_9430e1a9028b::landing_region_b37879c52c2b,"Changi North, Singapore -> Batam, Indonesia",4.0,12,12,12,8,3,11,4,0.05333333333333334,4,False,False,False,4.0,0.0
MV,M-Root,resolved_entry_only,5006,dns-root_m-root_msm5006_20260701T000000Z_010000Z.json,landing_region_af2b1cb46785::landing_region_b37879c52c2b,"Tuas, Singapore -> Batam, Indonesia",4.0,12,12,12,8,3,11,4,0.05333333333333334,5,False,False,False,4.0,0.0
MV,M-Root,resolved_entry_only,5006,dns-root_m-root_msm5006_20260701T000000Z_010000Z.json,landing_region_05d4f4227b7d::landing_region_465d1b4e7da4,"Ithaafushi, Maldives -> Mt. Lavinia, Sri Lanka",1.0,2,2,2,1,1,11,4,0.013333333333333334,6,False,False,False,0.0,1.0
MV,M-Root,resolved_entry_only,5006,dns-root_m-root_msm5006_20260701T000000Z_010000Z.json,landing_region_08ea81d123b5::landing_region_465d1b4e7da4,"Marseille, France -> Mt. Lavinia, Sri Lanka",1.0,1,1,1,1,1,11,4,0.013333333333333334,7,False,False,False,0.0,1.0
MV,M-Root,resolved_entry_only,5006,dns-root_m-root_msm5006_20260701T000000Z_010000Z.json,landing_region_465d1b4e7da4::landing_region_946d8574d05e,"Mt. Lavinia, Sri Lanka -> Hulhumale, Maldives",1.0,2,2,2,1,1,11,4,0.013333333333333334,8,False,False,False,0.0,1.0
MX,M-Root,all_publicly_visible,5006,dns-root_m-root_msm5006_20260701T000000Z_010000Z.json,landing_region_2899c8b816f4::landing_region_bd03623e84bf,"Cancún, Mexico -> Hollywood, FL, United States",4.0,4,4,4,2,2,3,3,0.8,1,True,False,False,0.0,4.0
MX,M-Root,all_publicly_visible,5006,dns-root_m-root_msm5006_20260701T000000Z_010000Z.json,landing_region_bc6c664daa8f::landing_region_df61fea74887,"Alupang, Guam -> El Segundo, CA, United States",1.0,1,1,1,1,1,3,3,0.2,2,False,True,False,0.0,1.0
MX,M-Root,resolved_entry_only,5006,dns-root_m-root_msm5006_20260701T000000Z_010000Z.json,landing_region_2899c8b816f4::landing_region_bd03623e84bf,"Cancún, Mexico -> Hollywood, FL, United States",4.0,4,4,4,2,2,3,3,0.8,1,True,False,False,0.0,4.0
MX,M-Root,resolved_entry_only,5006,dns-root_m-root_msm5006_20260701T000000Z_010000Z.json,landing_region_bc6c664daa8f::landing_region_df61fea74887,"Alupang, Guam -> El Segundo, CA, United States",1.0,1,1,1,1,1,3,3,0.2,2,False,True,False,0.0,1.0
MY,M-Root,all_publicly_visible,5006,dns-root_m-root_msm5006_20260701T000000Z_010000Z.json,landing_region_5d023e72c246::landing_region_b37879c52c2b,"Singapore, Singapore -> Batam, Indonesia",2.6666666666666665,8,8,2,1,1,1,1,0.26666666666666666,1,True,False,False,2.6666666666666665,0.0
MY,M-Root,all_publicly_visible,5006,dns-root_m-root_msm5006_20260701T000000Z_010000Z.json,landing_region_9430e1a9028b::landing_region_b37879c52c2b,"Changi North, Singapore -> Batam, Indonesia",2.6666666666666665,8,8,2,1,1,1,1,0.26666666666666666,2,False,True,False,2.6666666666666665,0.0
MY,M-Root,all_publicly_visible,5006,dns-root_m-root_msm5006_20260701T000000Z_010000Z.json,landing_region_af2b1cb46785::landing_region_b37879c52c2b,"Tuas, Singapore -> Batam, Indonesia",2.6666666666666665,8,8,2,1,1,1,1,0.26666666666666666,3,False,False,True,2.6666666666666665,0.0
MY,M-Root,all_publicly_visible,5006,dns-root_m-root_msm5006_20260701T000000Z_010000Z.json,landing_region_af2b1cb46785::landing_region_d5376611ccce,"Tuas, Singapore -> Morib, Malaysia",2.0,2,2,2,1,1,1,1,0.2,4,False,False,False,0.0,2.0
MY,M-Root,resolved_entry_only,5006,dns-root_m-root_msm5006_20260701T000000Z_010000Z.json,landing_region_5d023e72c246::landing_region_b37879c52c2b,"Singapore, Singapore -> Batam, Indonesia",2.6666666666666665,8,8,2,1,1,1,1,0.26666666666666666,1,True,False,False,2.6666666666666665,0.0
MY,M-Root,resolved_entry_only,5006,dns-root_m-root_msm5006_20260701T000000Z_010000Z.json,landing_region_9430e1a9028b::landing_region_b37879c52c2b,"Changi North, Singapore -> Batam, Indonesia",2.6666666666666665,8,8,2,1,1,1,1,0.26666666666666666,2,False,True,False,2.6666666666666665,0.0
MY,M-Root,resolved_entry_only,5006,dns-root_m-root_msm5006_20260701T000000Z_010000Z.json,landing_region_af2b1cb46785::landing_region_b37879c52c2b,"Tuas, Singapore -> Batam, Indonesia",2.6666666666666665,8,8,2,1,1,1,1,0.26666666666666666,3,False,False,True,2.6666666666666665,0.0
MY,M-Root,resolved_entry_only,5006,dns-root_m-root_msm5006_20260701T000000Z_010000Z.json,landing_region_af2b1cb46785::landing_region_d5376611ccce,"Tuas, Singapore -> Morib, Malaysia",2.0,2,2,2,1,1,1,1,0.2,4,False,False,False,0.0,2.0
MZ,M-Root,all_publicly_visible,5006,dns-root_m-root_msm5006_20260701T000000Z_010000Z.json,landing_region_343850da3642::landing_region_44e270aeb18c,"Carcavelos, Portugal -> Melkbosstrand, South Africa",2.0,4,4,4,2,2,2,2,0.5,1,True,False,False,0.0,2.0
MZ,M-Root,all_publicly_visible,5006,dns-root_m-root_msm5006_20260701T000000Z_010000Z.json,landing_region_44e270aeb18c::landing_region_f7627feb3284,"Melkbosstrand, South Africa -> Seixal, Portugal",2.0,4,4,4,2,2,2,2,0.5,2,False,True,False,0.0,2.0
MZ,M-Root,resolved_entry_only,5006,dns-root_m-root_msm5006_20260701T000000Z_010000Z.json,landing_region_343850da3642::landing_region_44e270aeb18c,"Carcavelos, Portugal -> Melkbosstrand, South Africa",2.0,4,4,4,2,2,2,2,0.5,1,True,False,False,0.0,2.0
MZ,M-Root,resolved_entry_only,5006,dns-root_m-root_msm5006_20260701T000000Z_010000Z.json,landing_region_44e270aeb18c::landing_region_f7627feb3284,"Melkbosstrand, South Africa -> Seixal, Portugal",2.0,4,4,4,2,2,2,2,0.5,2,False,True,False,0.0,2.0
NA,M-Root,all_publicly_visible,5006,dns-root_m-root_msm5006_20260701T000000Z_010000Z.json,landing_region_343850da3642::landing_region_f7627feb3284,"Carcavelos, Portugal -> Seixal, Portugal",4.0,4,4,4,2,1,3,2,0.6666666666666666,1,True,False,False,4.0,0.0
NA,M-Root,all_publicly_visible,5006,dns-root_m-root_msm5006_20260701T000000Z_010000Z.json,landing_region_343850da3642::landing_region_44e270aeb18c,"Carcavelos, Portugal -> Melkbosstrand, South Africa",1.0,2,2,2,1,1,3,2,0.16666666666666666,2,False,True,False,0.0,1.0
NA,M-Root,all_publicly_visible,5006,dns-root_m-root_msm5006_20260701T000000Z_010000Z.json,landing_region_44e270aeb18c::landing_region_f7627feb3284,"Melkbosstrand, South Africa -> Seixal, Portugal",1.0,2,2,2,1,1,3,2,0.16666666666666666,3,False,False,True,0.0,1.0
NA,M-Root,resolved_entry_only,5006,dns-root_m-root_msm5006_20260701T000000Z_010000Z.json,landing_region_343850da3642::landing_region_f7627feb3284,"Carcavelos, Portugal -> Seixal, Portugal",4.0,4,4,4,2,1,3,2,0.6666666666666666,1,True,False,False,4.0,0.0
NA,M-Root,resolved_entry_only,5006,dns-root_m-root_msm5006_20260701T000000Z_010000Z.json,landing_region_343850da3642::landing_region_44e270aeb18c,"Carcavelos, Portugal -> Melkbosstrand, South Africa",1.0,2,2,2,1,1,3,2,0.16666666666666666,2,False,True,False,0.0,1.0
NA,M-Root,resolved_entry_only,5006,dns-root_m-root_msm5006_20260701T000000Z_010000Z.json,landing_region_44e270aeb18c::landing_region_f7627feb3284,"Melkbosstrand, South Africa -> Seixal, Portugal",1.0,2,2,2,1,1,3,2,0.16666666666666666,3,False,False,True,0.0,1.0
NC,M-Root,all_publicly_visible,5006,dns-root_m-root_msm5006_20260701T000000Z_010000Z.json,landing_region_3563aa191965::landing_region_58084817cbe7,"Noumea, New Caledonia -> Paddington, NSW, Australia",10.0,10,10,10,5,2,5,2,1.0,1,True,False,False,0.0,10.0
NC,M-Root,resolved_entry_only,5006,dns-root_m-root_msm5006_20260701T000000Z_010000Z.json,landing_region_3563aa191965::landing_region_58084817cbe7,"Noumea, New Caledonia -> Paddington, NSW, Australia",10.0,10,10,10,5,2,5,2,1.0,1,True,False,False,0.0,10.0
NG,M-Root,all_publicly_visible,5006,dns-root_m-root_msm5006_20260701T000000Z_010000Z.json,landing_region_30beda532e6f::landing_region_44e270aeb18c,"Lagos, Nigeria -> Melkbosstrand, South Africa",3.0,3,3,3,2,1,5,4,0.42857142857142855,1,True,False,False,0.0,3.0
NG,M-Root,all_publicly_visible,5006,dns-root_m-root_msm5006_20260701T000000Z_010000Z.json,landing_region_30beda532e6f::landing_region_343850da3642,"Lagos, Nigeria -> Carcavelos, Portugal",2.0,4,4,4,3,3,5,4,0.2857142857142857,2,False,True,False,0.0,2.0
NG,M-Root,all_publicly_visible,5006,dns-root_m-root_msm5006_20260701T000000Z_010000Z.json,landing_region_30beda532e6f::landing_region_f7627feb3284,"Lagos, Nigeria -> Seixal, Portugal",2.0,4,4,4,3,3,5,4,0.2857142857142857,3,False,False,True,0.0,2.0
NG,M-Root,resolved_entry_only,5006,dns-root_m-root_msm5006_20260701T000000Z_010000Z.json,landing_region_30beda532e6f::landing_region_44e270aeb18c,"Lagos, Nigeria -> Melkbosstrand, South Africa",3.0,3,3,3,2,1,5,4,0.42857142857142855,1,True,False,False,0.0,3.0
NG,M-Root,resolved_entry_only,5006,dns-root_m-root_msm5006_20260701T000000Z_010000Z.json,landing_region_30beda532e6f::landing_region_343850da3642,"Lagos, Nigeria -> Carcavelos, Portugal",2.0,4,4,4,3,3,5,4,0.2857142857142857,2,False,True,False,0.0,2.0
NG,M-Root,resolved_entry_only,5006,dns-root_m-root_msm5006_20260701T000000Z_010000Z.json,landing_region_30beda532e6f::landing_region_f7627feb3284,"Lagos, Nigeria -> Seixal, Portugal",2.0,4,4,4,3,3,5,4,0.2857142857142857,3,False,False,True,0.0,2.0
NL,M-Root,all_publicly_visible,5006,dns-root_m-root_msm5006_20260701T000000Z_010000Z.json,landing_region_5d023e72c246::landing_region_b37879c52c2b,"Singapore, Singapore -> Batam, Indonesia",6.333333333333333,19,19,6,3,3,3,3,0.28787878787878785,1,True,False,False,6.333333333333333,0.0
NL,M-Root,all_publicly_visible,5006,dns-root_m-root_msm5006_20260701T000000Z_010000Z.json,landing_region_9430e1a9028b::landing_region_b37879c52c2b,"Changi North, Singapore -> Batam, Indonesia",6.333333333333333,19,19,6,3,3,3,3,0.28787878787878785,2,False,True,False,6.333333333333333,0.0
NL,M-Root,all_publicly_visible,5006,dns-root_m-root_msm5006_20260701T000000Z_010000Z.json,landing_region_af2b1cb46785::landing_region_b37879c52c2b,"Tuas, Singapore -> Batam, Indonesia",6.333333333333333,19,19,6,3,3,3,3,0.28787878787878785,3,False,False,True,6.333333333333333,0.0
NL,M-Root,all_publicly_visible,5006,dns-root_m-root_msm5006_20260701T000000Z_010000Z.json,landing_region_08ea81d123b5::landing_region_af2b1cb46785,"Marseille, France -> Tuas, Singapore",2.5,3,3,3,2,2,3,3,0.11363636363636363,4,False,False,False,0.0,2.5
NL,M-Root,all_publicly_visible,5006,dns-root_m-root_msm5006_20260701T000000Z_010000Z.json,landing_region_16217d497d23::landing_region_af2b1cb46785,"Toulon, France -> Tuas, Singapore",0.5,1,1,1,1,1,3,3,0.022727272727272728,5,False,False,False,0.0,0.5
NL,M-Root,resolved_entry_only,5006,dns-root_m-root_msm5006_20260701T000000Z_010000Z.json,landing_region_5d023e72c246::landing_region_b37879c52c2b,"Singapore, Singapore -> Batam, Indonesia",6.333333333333333,19,19,6,3,3,3,3,0.28787878787878785,1,True,False,False,6.333333333333333,0.0
NL,M-Root,resolved_entry_only,5006,dns-root_m-root_msm5006_20260701T000000Z_010000Z.json,landing_region_9430e1a9028b::landing_region_b37879c52c2b,"Changi North, Singapore -> Batam, Indonesia",6.333333333333333,19,19,6,3,3,3,3,0.28787878787878785,2,False,True,False,6.333333333333333,0.0
NL,M-Root,resolved_entry_only,5006,dns-root_m-root_msm5006_20260701T000000Z_010000Z.json,landing_region_af2b1cb46785::landing_region_b37879c52c2b,"Tuas, Singapore -> Batam, Indonesia",6.333333333333333,19,19,6,3,3,3,3,0.28787878787878785,3,False,False,True,6.333333333333333,0.0
NL,M-Root,resolved_entry_only,5006,dns-root_m-root_msm5006_20260701T000000Z_010000Z.json,landing_region_08ea81d123b5::landing_region_af2b1cb46785,"Marseille, France -> Tuas, Singapore",2.5,3,3,3,2,2,3,3,0.11363636363636363,4,False,False,False,0.0,2.5
NL,M-Root,resolved_entry_only,5006,dns-root_m-root_msm5006_20260701T000000Z_010000Z.json,landing_region_16217d497d23::landing_region_af2b1cb46785,"Toulon, France -> Tuas, Singapore",0.5,1,1,1,1,1,3,3,0.022727272727272728,5,False,False,False,0.0,0.5
NO,M-Root,all_publicly_visible,5006,dns-root_m-root_msm5006_20260701T000000Z_010000Z.json,landing_region_2f1f6d8f7ce5::landing_region_d514e04d4eb8,"Oslo, Norway -> Drøbak, Norway",267.3333333333333,286,286,142,73,28,76,28,0.7638095238095237,1,True,False,False,267.3333333333333,0.0
NO,M-Root,all_publicly_visible,5006,dns-root_m-root_msm5006_20260701T000000Z_010000Z.json,landing_region_d514e04d4eb8::landing_region_d8238f687690,"Drøbak, Norway -> Larvik, Norway",20.333333333333332,40,40,30,15,7,76,28,0.05809523809523809,2,False,True,False,20.333333333333332,0.0
NO,M-Root,all_publicly_visible,5006,dns-root_m-root_msm5006_20260701T000000Z_010000Z.json,landing_region_d5fd2f8e766f::landing_region_fcc019f11ebc,"Sture, Norway -> Bergen, Norway",11.0,11,11,7,4,3,76,28,0.03142857142857143,3,False,False,True,11.0,0.0
NO,M-Root,all_publicly_visible,5006,dns-root_m-root_msm5006_20260701T000000Z_010000Z.json,landing_region_2f1f6d8f7ce5::landing_region_d8238f687690,"Oslo, Norway -> Larvik, Norway",10.333333333333332,30,30,24,13,7,76,28,0.02952380952380952,4,False,False,False,10.333333333333332,0.0
NO,M-Root,all_publicly_visible,5006,dns-root_m-root_msm5006_20260701T000000Z_010000Z.json,landing_region_2f1f6d8f7ce5::landing_region_734e5f248738,"Oslo, Norway -> Kristiansand, Norway",5.0,10,10,8,4,3,76,28,0.014285714285714285,5,False,False,False,5.0,0.0
NO,M-Root,all_publicly_visible,5006,dns-root_m-root_msm5006_20260701T000000Z_010000Z.json,landing_region_734e5f248738::landing_region_d514e04d4eb8,"Kristiansand, Norway -> Drøbak, Norway",5.0,10,10,8,4,3,76,28,0.014285714285714285,6,False,False,False,5.0,0.0
NO,M-Root,all_publicly_visible,5006,dns-root_m-root_msm5006_20260701T000000Z_010000Z.json,landing_region_5d023e72c246::landing_region_b37879c52c2b,"Singapore, Singapore -> Batam, Indonesia",4.0,12,12,4,2,2,76,28,0.011428571428571429,7,False,False,False,4.0,0.0
NO,M-Root,all_publicly_visible,5006,dns-root_m-root_msm5006_20260701T000000Z_010000Z.json,landing_region_9430e1a9028b::landing_region_b37879c52c2b,"Changi North, Singapore -> Batam, Indonesia",4.0,12,12,4,2,2,76,28,0.011428571428571429,8,False,False,False,4.0,0.0
NO,M-Root,all_publicly_visible,5006,dns-root_m-root_msm5006_20260701T000000Z_010000Z.json,landing_region_af2b1cb46785::landing_region_b37879c52c2b,"Tuas, Singapore -> Batam, Indonesia",4.0,12,12,4,2,2,76,28,0.011428571428571429,9,False,False,False,4.0,0.0
NO,M-Root,all_publicly_visible,5006,dns-root_m-root_msm5006_20260701T000000Z_010000Z.json,landing_region_2f1f6d8f7ce5::landing_region_b41341776da1,"Oslo, Norway -> Stavanger, Norway",3.5,10,10,10,5,2,76,28,0.01,10,False,False,False,3.5,0.0
NO,M-Root,all_publicly_visible,5006,dns-root_m-root_msm5006_20260701T000000Z_010000Z.json,landing_region_b41341776da1::landing_region_d514e04d4eb8,"Stavanger, Norway -> Drøbak, Norway",3.5,10,10,10,5,2,76,28,0.01,11,False,False,False,3.5,0.0
NO,M-Root,all_publicly_visible,5006,dns-root_m-root_msm5006_20260701T000000Z_010000Z.json,landing_region_2f1f6d8f7ce5::landing_region_9f0445306e12,"Oslo, Norway -> Egersund, Norway",2.5,8,8,8,4,2,76,28,0.007142857142857143,12,False,False,False,2.5,0.0
NO,M-Root,all_publicly_visible,5006,dns-root_m-root_msm5006_20260701T000000Z_010000Z.json,landing_region_9f0445306e12::landing_region_d514e04d4eb8,"Egersund, Norway -> Drøbak, Norway",2.5,8,8,8,4,2,76,28,0.007142857142857143,13,False,False,False,2.5,0.0
NO,M-Root,all_publicly_visible,5006,dns-root_m-root_msm5006_20260701T000000Z_010000Z.json,landing_region_08ea81d123b5::landing_region_af2b1cb46785,"Marseille, France -> Tuas, Singapore",1.5,3,3,3,2,2,76,28,0.004285714285714286,14,False,False,False,0.0,1.5
NO,M-Root,all_publicly_visible,5006,dns-root_m-root_msm5006_20260701T000000Z_010000Z.json,landing_region_16217d497d23::landing_region_af2b1cb46785,"Toulon, France -> Tuas, Singapore",1.5,3,3,3,2,2,76,28,0.004285714285714286,15,False,False,False,0.0,1.5
NO,M-Root,all_publicly_visible,5006,dns-root_m-root_msm5006_20260701T000000Z_010000Z.json,landing_region_51738c738daf::landing_region_8a15c1b652c0,"Herlandsvika, Norway -> Trondheim, Norway",1.0,2,2,2,1,1,76,28,0.002857142857142857,16,False,False,False,1.0,0.0
NO,M-Root,all_publicly_visible,5006,dns-root_m-root_msm5006_20260701T000000Z_010000Z.json,landing_region_51738c738daf::landing_region_e3ef1bd7d4de,"Herlandsvika, Norway -> Brekstad, Norway",1.0,2,2,2,1,1,76,28,0.002857142857142857,17,False,False,False,1.0,0.0
NO,M-Root,all_publicly_visible,5006,dns-root_m-root_msm5006_20260701T000000Z_010000Z.json,landing_region_56f5968b4284::landing_region_8a15c1b652c0,"Edøya, Norway -> Trondheim, Norway",0.5,2,2,2,1,1,76,28,0.0014285714285714286,18,False,False,False,0.5,0.0
NO,M-Root,all_publicly_visible,5006,dns-root_m-root_msm5006_20260701T000000Z_010000Z.json,landing_region_56f5968b4284::landing_region_e3ef1bd7d4de,"Edøya, Norway -> Brekstad, Norway",0.5,2,2,2,1,1,76,28,0.0014285714285714286,19,False,False,False,0.5,0.0
NO,M-Root,all_publicly_visible,5006,dns-root_m-root_msm5006_20260701T000000Z_010000Z.json,landing_region_85af16a4a5ec::landing_region_8a15c1b652c0,"Hitra, Norway -> Trondheim, Norway",0.5,2,2,2,1,1,76,28,0.0014285714285714286,20,False,False,False,0.5,0.0
NO,M-Root,all_publicly_visible,5006,dns-root_m-root_msm5006_20260701T000000Z_010000Z.json,landing_region_85af16a4a5ec::landing_region_e3ef1bd7d4de,"Hitra, Norway -> Brekstad, Norway",0.5,2,2,2,1,1,76,28,0.0014285714285714286,21,False,False,False,0.5,0.0
NO,M-Root,resolved_entry_only,5006,dns-root_m-root_msm5006_20260701T000000Z_010000Z.json,landing_region_2f1f6d8f7ce5::landing_region_d514e04d4eb8,"Oslo, Norway -> Drøbak, Norway",261.3333333333333,280,280,140,72,28,75,28,0.7596899224806201,1,True,False,False,261.3333333333333,0.0
NO,M-Root,resolved_entry_only,5006,dns-root_m-root_msm5006_20260701T000000Z_010000Z.json,landing_region_d514e04d4eb8::landing_region_d8238f687690,"Drøbak, Norway -> Larvik, Norway",20.333333333333332,40,40,30,15,7,75,28,0.05910852713178294,2,False,True,False,20.333333333333332,0.0
NO,M-Root,resolved_entry_only,5006,dns-root_m-root_msm5006_20260701T000000Z_010000Z.json,landing_region_d5fd2f8e766f::landing_region_fcc019f11ebc,"Sture, Norway -> Bergen, Norway",11.0,11,11,7,4,3,75,28,0.03197674418604651,3,False,False,True,11.0,0.0
NO,M-Root,resolved_entry_only,5006,dns-root_m-root_msm5006_20260701T000000Z_010000Z.json,landing_region_2f1f6d8f7ce5::landing_region_d8238f687690,"Oslo, Norway -> Larvik, Norway",10.333333333333332,30,30,24,13,7,75,28,0.03003875968992248,4,False,False,False,10.333333333333332,0.0
NO,M-Root,resolved_entry_only,5006,dns-root_m-root_msm5006_20260701T000000Z_010000Z.json,landing_region_2f1f6d8f7ce5::landing_region_734e5f248738,"Oslo, Norway -> Kristiansand, Norway",5.0,10,10,8,4,3,75,28,0.014534883720930232,5,False,False,False,5.0,0.0
NO,M-Root,resolved_entry_only,5006,dns-root_m-root_msm5006_20260701T000000Z_010000Z.json,landing_region_734e5f248738::landing_region_d514e04d4eb8,"Kristiansand, Norway -> Drøbak, Norway",5.0,10,10,8,4,3,75,28,0.014534883720930232,6,False,False,False,5.0,0.0
NO,M-Root,resolved_entry_only,5006,dns-root_m-root_msm5006_20260701T000000Z_010000Z.json,landing_region_5d023e72c246::landing_region_b37879c52c2b,"Singapore, Singapore -> Batam, Indonesia",4.0,12,12,4,2,2,75,28,0.011627906976744186,7,False,False,False,4.0,0.0
NO,M-Root,resolved_entry_only,5006,dns-root_m-root_msm5006_20260701T000000Z_010000Z.json,landing_region_9430e1a9028b::landing_region_b37879c52c2b,"Changi North, Singapore -> Batam, Indonesia",4.0,12,12,4,2,2,75,28,0.011627906976744186,8,False,False,False,4.0,0.0
NO,M-Root,resolved_entry_only,5006,dns-root_m-root_msm5006_20260701T000000Z_010000Z.json,landing_region_af2b1cb46785::landing_region_b37879c52c2b,"Tuas, Singapore -> Batam, Indonesia",4.0,12,12,4,2,2,75,28,0.011627906976744186,9,False,False,False,4.0,0.0
NO,M-Root,resolved_entry_only,5006,dns-root_m-root_msm5006_20260701T000000Z_010000Z.json,landing_region_2f1f6d8f7ce5::landing_region_b41341776da1,"Oslo, Norway -> Stavanger, Norway",3.5,10,10,10,5,2,75,28,0.010174418604651164,10,False,False,False,3.5,0.0
NO,M-Root,resolved_entry_only,5006,dns-root_m-root_msm5006_20260701T000000Z_010000Z.json,landing_region_b41341776da1::landing_region_d514e04d4eb8,"Stavanger, Norway -> Drøbak, Norway",3.5,10,10,10,5,2,75,28,0.010174418604651164,11,False,False,False,3.5,0.0
NO,M-Root,resolved_entry_only,5006,dns-root_m-root_msm5006_20260701T000000Z_010000Z.json,landing_region_2f1f6d8f7ce5::landing_region_9f0445306e12,"Oslo, Norway -> Egersund, Norway",2.5,8,8,8,4,2,75,28,0.007267441860465116,12,False,False,False,2.5,0.0
NO,M-Root,resolved_entry_only,5006,dns-root_m-root_msm5006_20260701T000000Z_010000Z.json,landing_region_9f0445306e12::landing_region_d514e04d4eb8,"Egersund, Norway -> Drøbak, Norway",2.5,8,8,8,4,2,75,28,0.007267441860465116,13,False,False,False,2.5,0.0
NO,M-Root,resolved_entry_only,5006,dns-root_m-root_msm5006_20260701T000000Z_010000Z.json,landing_region_08ea81d123b5::landing_region_af2b1cb46785,"Marseille, France -> Tuas, Singapore",1.5,3,3,3,2,2,75,28,0.00436046511627907,14,False,False,False,0.0,1.5
NO,M-Root,resolved_entry_only,5006,dns-root_m-root_msm5006_20260701T000000Z_010000Z.json,landing_region_16217d497d23::landing_region_af2b1cb46785,"Toulon, France -> Tuas, Singapore",1.5,3,3,3,2,2,75,28,0.00436046511627907,15,False,False,False,0.0,1.5
NO,M-Root,resolved_entry_only,5006,dns-root_m-root_msm5006_20260701T000000Z_010000Z.json,landing_region_51738c738daf::landing_region_8a15c1b652c0,"Herlandsvika, Norway -> Trondheim, Norway",1.0,2,2,2,1,1,75,28,0.0029069767441860465,16,False,False,False,1.0,0.0
NO,M-Root,resolved_entry_only,5006,dns-root_m-root_msm5006_20260701T000000Z_010000Z.json,landing_region_51738c738daf::landing_region_e3ef1bd7d4de,"Herlandsvika, Norway -> Brekstad, Norway",1.0,2,2,2,1,1,75,28,0.0029069767441860465,17,False,False,False,1.0,0.0
NO,M-Root,resolved_entry_only,5006,dns-root_m-root_msm5006_20260701T000000Z_010000Z.json,landing_region_56f5968b4284::landing_region_8a15c1b652c0,"Edøya, Norway -> Trondheim, Norway",0.5,2,2,2,1,1,75,28,0.0014534883720930232,18,False,False,False,0.5,0.0
NO,M-Root,resolved_entry_only,5006,dns-root_m-root_msm5006_20260701T000000Z_010000Z.json,landing_region_56f5968b4284::landing_region_e3ef1bd7d4de,"Edøya, Norway -> Brekstad, Norway",0.5,2,2,2,1,1,75,28,0.0014534883720930232,19,False,False,False,0.5,0.0
NO,M-Root,resolved_entry_only,5006,dns-root_m-root_msm5006_20260701T000000Z_010000Z.json,landing_region_85af16a4a5ec::landing_region_8a15c1b652c0,"Hitra, Norway -> Trondheim, Norway",0.5,2,2,2,1,1,75,28,0.0014534883720930232,20,False,False,False,0.5,0.0
NO,M-Root,resolved_entry_only,5006,dns-root_m-root_msm5006_20260701T000000Z_010000Z.json,landing_region_85af16a4a5ec::landing_region_e3ef1bd7d4de,"Hitra, Norway -> Brekstad, Norway",0.5,2,2,2,1,1,75,28,0.0014534883720930232,21,False,False,False,0.5,0.0
NP,M-Root,all_publicly_visible,5006,dns-root_m-root_msm5006_20260701T000000Z_010000Z.json,landing_region_0074f164da96::landing_region_08ea81d123b5,"Mumbai, India -> Marseille, France",1.0,1,1,1,1,1,1,1,1.0,1,True,False,False,0.0,1.0
NP,M-Root,resolved_entry_only,5006,dns-root_m-root_msm5006_20260701T000000Z_010000Z.json,landing_region_0074f164da96::landing_region_08ea81d123b5,"Mumbai, India -> Marseille, France",1.0,1,1,1,1,1,1,1,1.0,1,True,False,False,0.0,1.0
NZ,M-Root,all_publicly_visible,5006,dns-root_m-root_msm5006_20260701T000000Z_010000Z.json,landing_region_64abd2b76b5b::landing_region_fee4652f607a,"Takapuna, New Zealand -> Raglan, New Zealand",104.0,104,104,103,54,25,99,31,0.32398753894080995,1,True,False,False,104.0,0.0
NZ,M-Root,all_publicly_visible,5006,dns-root_m-root_msm5006_20260701T000000Z_010000Z.json,landing_region_1a4049df1b14::landing_region_883a5ebd5136,"Paraparaumu, New Zealand -> Wellington, New Zealand",49.0,98,98,52,26,10,99,31,0.1526479750778816,2,False,True,False,49.0,0.0
NZ,M-Root,all_publicly_visible,5006,dns-root_m-root_msm5006_20260701T000000Z_010000Z.json,landing_region_883a5ebd5136::landing_region_98e7e129c25d,"Wellington, New Zealand -> Fighting Bay, New Zealand",49.0,98,98,52,26,10,99,31,0.1526479750778816,3,False,False,True,49.0,0.0
NZ,M-Root,all_publicly_visible,5006,dns-root_m-root_msm5006_20260701T000000Z_010000Z.json,landing_region_c0018732c600::landing_region_fee4652f607a,"Christchurch, New Zealand -> Raglan, New Zealand",36.0,36,36,36,18,8,99,31,0.11214953271028037,4,False,False,False,36.0,0.0
NZ,M-Root,all_publicly_visible,5006,dns-root_m-root_msm5006_20260701T000000Z_010000Z.json,landing_region_1a4049df1b14::landing_region_fee4652f607a,"Paraparaumu, New Zealand -> Raglan, New Zealand",25.0,50,50,50,25,9,99,31,0.0778816199376947,5,False,False,False,25.0,0.0
NZ,M-Root,all_publicly_visible,5006,dns-root_m-root_msm5006_20260701T000000Z_010000Z.json,landing_region_883a5ebd5136::landing_region_fee4652f607a,"Wellington, New Zealand -> Raglan, New Zealand",25.0,50,50,50,25,9,99,31,0.0778816199376947,6,False,False,False,25.0,0.0
NZ,M-Root,all_publicly_visible,5006,dns-root_m-root_msm5006_20260701T000000Z_010000Z.json,landing_region_3996aeca3c5e::landing_region_58084817cbe7,"Perth, WA, Australia -> Paddington, NSW, Australia",7.0,7,7,7,5,4,99,31,0.021806853582554516,7,False,False,False,7.0,0.0
NZ,M-Root,all_publicly_visible,5006,dns-root_m-root_msm5006_20260701T000000Z_010000Z.json,landing_region_58084817cbe7::landing_region_64abd2b76b5b,"Paddington, NSW, Australia -> Takapuna, New Zealand",5.0,5,5,5,4,3,99,31,0.01557632398753894,8,False,False,False,0.0,5.0
NZ,M-Root,all_publicly_visible,5006,dns-root_m-root_msm5006_20260701T000000Z_010000Z.json,landing_region_1a4049df1b14::landing_region_64abd2b76b5b,"Paraparaumu, New Zealand -> Takapuna, New Zealand",4.0,8,8,6,3,3,99,31,0.012461059190031152,9,False,False,False,4.0,0.0
NZ,M-Root,all_publicly_visible,5006,dns-root_m-root_msm5006_20260701T000000Z_010000Z.json,landing_region_64abd2b76b5b::landing_region_883a5ebd5136,"Takapuna, New Zealand -> Wellington, New Zealand",4.0,8,8,6,3,3,99,31,0.012461059190031152,10,False,False,False,4.0,0.0
NZ,M-Root,all_publicly_visible,5006,dns-root_m-root_msm5006_20260701T000000Z_010000Z.json,landing_region_3996aeca3c5e::landing_region_5d023e72c246,"Perth, WA, Australia -> Singapore, Singapore",3.0,6,6,6,5,4,99,31,0.009345794392523364,11,False,False,False,0.0,3.0
NZ,M-Root,all_publicly_visible,5006,dns-root_m-root_msm5006_20260701T000000Z_010000Z.json,landing_region_3996aeca3c5e::landing_region_af2b1cb46785,"Perth, WA, Australia -> Tuas, Singapore",3.0,6,6,6,5,4,99,31,0.009345794392523364,12,False,False,False,0.0,3.0
NZ,M-Root,all_publicly_visible,5006,dns-root_m-root_msm5006_20260701T000000Z_010000Z.json,landing_region_5d023e72c246::landing_region_b37879c52c2b,"Singapore, Singapore -> Batam, Indonesia",2.0,6,6,5,4,3,99,31,0.006230529595015576,13,False,False,False,2.0,0.0
NZ,M-Root,all_publicly_visible,5006,dns-root_m-root_msm5006_20260701T000000Z_010000Z.json,landing_region_9430e1a9028b::landing_region_b37879c52c2b,"Changi North, Singapore -> Batam, Indonesia",2.0,6,6,5,4,3,99,31,0.006230529595015576,14,False,False,False,2.0,0.0
NZ,M-Root,all_publicly_visible,5006,dns-root_m-root_msm5006_20260701T000000Z_010000Z.json,landing_region_af2b1cb46785::landing_region_b37879c52c2b,"Tuas, Singapore -> Batam, Indonesia",2.0,6,6,5,4,3,99,31,0.006230529595015576,15,False,False,False,2.0,0.0
NZ,M-Root,all_publicly_visible,5006,dns-root_m-root_msm5006_20260701T000000Z_010000Z.json,landing_region_64abd2b76b5b::landing_region_c0018732c600,"Takapuna, New Zealand -> Christchurch, New Zealand",1.0,1,1,1,1,1,99,31,0.003115264797507788,16,False,False,False,1.0,0.0
NZ,M-Root,resolved_entry_only,5006,dns-root_m-root_msm5006_20260701T000000Z_010000Z.json,landing_region_64abd2b76b5b::landing_region_fee4652f607a,"Takapuna, New Zealand -> Raglan, New Zealand",104.0,104,104,103,54,25,99,31,0.32398753894080995,1,True,False,False,104.0,0.0
NZ,M-Root,resolved_entry_only,5006,dns-root_m-root_msm5006_20260701T000000Z_010000Z.json,landing_region_1a4049df1b14::landing_region_883a5ebd5136,"Paraparaumu, New Zealand -> Wellington, New Zealand",49.0,98,98,52,26,10,99,31,0.1526479750778816,2,False,True,False,49.0,0.0
NZ,M-Root,resolved_entry_only,5006,dns-root_m-root_msm5006_20260701T000000Z_010000Z.json,landing_region_883a5ebd5136::landing_region_98e7e129c25d,"Wellington, New Zealand -> Fighting Bay, New Zealand",49.0,98,98,52,26,10,99,31,0.1526479750778816,3,False,False,True,49.0,0.0
NZ,M-Root,resolved_entry_only,5006,dns-root_m-root_msm5006_20260701T000000Z_010000Z.json,landing_region_c0018732c600::landing_region_fee4652f607a,"Christchurch, New Zealand -> Raglan, New Zealand",36.0,36,36,36,18,8,99,31,0.11214953271028037,4,False,False,False,36.0,0.0
NZ,M-Root,resolved_entry_only,5006,dns-root_m-root_msm5006_20260701T000000Z_010000Z.json,landing_region_1a4049df1b14::landing_region_fee4652f607a,"Paraparaumu, New Zealand -> Raglan, New Zealand",25.0,50,50,50,25,9,99,31,0.0778816199376947,5,False,False,False,25.0,0.0
NZ,M-Root,resolved_entry_only,5006,dns-root_m-root_msm5006_20260701T000000Z_010000Z.json,landing_region_883a5ebd5136::landing_region_fee4652f607a,"Wellington, New Zealand -> Raglan, New Zealand",25.0,50,50,50,25,9,99,31,0.0778816199376947,6,False,False,False,25.0,0.0
NZ,M-Root,resolved_entry_only,5006,dns-root_m-root_msm5006_20260701T000000Z_010000Z.json,landing_region_3996aeca3c5e::landing_region_58084817cbe7,"Perth, WA, Australia -> Paddington, NSW, Australia",7.0,7,7,7,5,4,99,31,0.021806853582554516,7,False,False,False,7.0,0.0
NZ,M-Root,resolved_entry_only,5006,dns-root_m-root_msm5006_20260701T000000Z_010000Z.json,landing_region_58084817cbe7::landing_region_64abd2b76b5b,"Paddington, NSW, Australia -> Takapuna, New Zealand",5.0,5,5,5,4,3,99,31,0.01557632398753894,8,False,False,False,0.0,5.0
NZ,M-Root,resolved_entry_only,5006,dns-root_m-root_msm5006_20260701T000000Z_010000Z.json,landing_region_1a4049df1b14::landing_region_64abd2b76b5b,"Paraparaumu, New Zealand -> Takapuna, New Zealand",4.0,8,8,6,3,3,99,31,0.012461059190031152,9,False,False,False,4.0,0.0
NZ,M-Root,resolved_entry_only,5006,dns-root_m-root_msm5006_20260701T000000Z_010000Z.json,landing_region_64abd2b76b5b::landing_region_883a5ebd5136,"Takapuna, New Zealand -> Wellington, New Zealand",4.0,8,8,6,3,3,99,31,0.012461059190031152,10,False,False,False,4.0,0.0
NZ,M-Root,resolved_entry_only,5006,dns-root_m-root_msm5006_20260701T000000Z_010000Z.json,landing_region_3996aeca3c5e::landing_region_5d023e72c246,"Perth, WA, Australia -> Singapore, Singapore",3.0,6,6,6,5,4,99,31,0.009345794392523364,11,False,False,False,0.0,3.0
NZ,M-Root,resolved_entry_only,5006,dns-root_m-root_msm5006_20260701T000000Z_010000Z.json,landing_region_3996aeca3c5e::landing_region_af2b1cb46785,"Perth, WA, Australia -> Tuas, Singapore",3.0,6,6,6,5,4,99,31,0.009345794392523364,12,False,False,False,0.0,3.0
NZ,M-Root,resolved_entry_only,5006,dns-root_m-root_msm5006_20260701T000000Z_010000Z.json,landing_region_5d023e72c246::landing_region_b37879c52c2b,"Singapore, Singapore -> Batam, Indonesia",2.0,6,6,5,4,3,99,31,0.006230529595015576,13,False,False,False,2.0,0.0
NZ,M-Root,resolved_entry_only,5006,dns-root_m-root_msm5006_20260701T000000Z_010000Z.json,landing_region_9430e1a9028b::landing_region_b37879c52c2b,"Changi North, Singapore -> Batam, Indonesia",2.0,6,6,5,4,3,99,31,0.006230529595015576,14,False,False,False,2.0,0.0
NZ,M-Root,resolved_entry_only,5006,dns-root_m-root_msm5006_20260701T000000Z_010000Z.json,landing_region_af2b1cb46785::landing_region_b37879c52c2b,"Tuas, Singapore -> Batam, Indonesia",2.0,6,6,5,4,3,99,31,0.006230529595015576,15,False,False,False,2.0,0.0
NZ,M-Root,resolved_entry_only,5006,dns-root_m-root_msm5006_20260701T000000Z_010000Z.json,landing_region_64abd2b76b5b::landing_region_c0018732c600,"Takapuna, New Zealand -> Christchurch, New Zealand",1.0,1,1,1,1,1,99,31,0.003115264797507788,16,False,False,False,1.0,0.0
OM,M-Root,all_publicly_visible,5006,dns-root_m-root_msm5006_20260701T000000Z_010000Z.json,landing_region_5d023e72c246::landing_region_b37879c52c2b,"Singapore, Singapore -> Batam, Indonesia",2.6666666666666665,8,8,4,2,2,2,2,0.3333333333333333,1,True,False,False,2.6666666666666665,0.0
OM,M-Root,all_publicly_visible,5006,dns-root_m-root_msm5006_20260701T000000Z_010000Z.json,landing_region_9430e1a9028b::landing_region_b37879c52c2b,"Changi North, Singapore -> Batam, Indonesia",2.6666666666666665,8,8,4,2,2,2,2,0.3333333333333333,2,False,True,False,2.6666666666666665,0.0
OM,M-Root,all_publicly_visible,5006,dns-root_m-root_msm5006_20260701T000000Z_010000Z.json,landing_region_af2b1cb46785::landing_region_b37879c52c2b,"Tuas, Singapore -> Batam, Indonesia",2.6666666666666665,8,8,4,2,2,2,2,0.3333333333333333,3,False,False,True,2.6666666666666665,0.0
OM,M-Root,resolved_entry_only,5006,dns-root_m-root_msm5006_20260701T000000Z_010000Z.json,landing_region_5d023e72c246::landing_region_b37879c52c2b,"Singapore, Singapore -> Batam, Indonesia",2.6666666666666665,8,8,4,2,2,2,2,0.3333333333333333,1,True,False,False,2.6666666666666665,0.0
OM,M-Root,resolved_entry_only,5006,dns-root_m-root_msm5006_20260701T000000Z_010000Z.json,landing_region_9430e1a9028b::landing_region_b37879c52c2b,"Changi North, Singapore -> Batam, Indonesia",2.6666666666666665,8,8,4,2,2,2,2,0.3333333333333333,2,False,True,False,2.6666666666666665,0.0
OM,M-Root,resolved_entry_only,5006,dns-root_m-root_msm5006_20260701T000000Z_010000Z.json,landing_region_af2b1cb46785::landing_region_b37879c52c2b,"Tuas, Singapore -> Batam, Indonesia",2.6666666666666665,8,8,4,2,2,2,2,0.3333333333333333,3,False,False,True,2.6666666666666665,0.0
PA,M-Root,all_publicly_visible,5006,dns-root_m-root_msm5006_20260701T000000Z_010000Z.json,landing_region_466f092d0a6e::landing_region_af7df63397a0,"Fort Amador, Panama -> Jacksonville, FL, United States",2.0,2,2,2,1,1,2,2,0.6666666666666666,1,True,False,False,0.0,2.0
PA,M-Root,all_publicly_visible,5006,dns-root_m-root_msm5006_20260701T000000Z_010000Z.json,landing_region_bc6c664daa8f::landing_region_df61fea74887,"Alupang, Guam -> El Segundo, CA, United States",1.0,1,1,1,1,1,2,2,0.3333333333333333,2,False,True,False,0.0,1.0
PA,M-Root,resolved_entry_only,5006,dns-root_m-root_msm5006_20260701T000000Z_010000Z.json,landing_region_466f092d0a6e::landing_region_af7df63397a0,"Fort Amador, Panama -> Jacksonville, FL, United States",2.0,2,2,2,1,1,2,2,0.6666666666666666,1,True,False,False,0.0,2.0
PA,M-Root,resolved_entry_only,5006,dns-root_m-root_msm5006_20260701T000000Z_010000Z.json,landing_region_bc6c664daa8f::landing_region_df61fea74887,"Alupang, Guam -> El Segundo, CA, United States",1.0,1,1,1,1,1,2,2,0.3333333333333333,2,False,True,False,0.0,1.0
PE,M-Root,all_publicly_visible,5006,dns-root_m-root_msm5006_20260701T000000Z_010000Z.json,landing_region_4d0efd9bb45b::landing_region_5113b57f1083,"Lurin, Peru -> Praia Grande, Brazil",9.0,9,9,8,4,3,5,4,0.8181818181818182,1,True,False,False,0.0,9.0
PE,M-Root,all_publicly_visible,5006,dns-root_m-root_msm5006_20260701T000000Z_010000Z.json,landing_region_83c1ffe3b901::landing_region_bd03623e84bf,"Mahuma, Curaçao -> Hollywood, FL, United States",2.0,2,2,2,1,1,5,4,0.18181818181818182,2,False,True,False,0.0,2.0
PE,M-Root,resolved_entry_only,5006,dns-root_m-root_msm5006_20260701T000000Z_010000Z.json,landing_region_4d0efd9bb45b::landing_region_5113b57f1083,"Lurin, Peru -> Praia Grande, Brazil",9.0,9,9,8,4,3,5,4,0.8181818181818182,1,True,False,False,0.0,9.0
PE,M-Root,resolved_entry_only,5006,dns-root_m-root_msm5006_20260701T000000Z_010000Z.json,landing_region_83c1ffe3b901::landing_region_bd03623e84bf,"Mahuma, Curaçao -> Hollywood, FL, United States",2.0,2,2,2,1,1,5,4,0.18181818181818182,2,False,True,False,0.0,2.0
PG,M-Root,all_publicly_visible,5006,dns-root_m-root_msm5006_20260701T000000Z_010000Z.json,landing_region_3996aeca3c5e::landing_region_58084817cbe7,"Perth, WA, Australia -> Paddington, NSW, Australia",2.0,2,2,2,1,1,1,1,0.2857142857142857,1,True,False,False,2.0,0.0
PG,M-Root,all_publicly_visible,5006,dns-root_m-root_msm5006_20260701T000000Z_010000Z.json,landing_region_58084817cbe7::landing_region_a4275bfd77b7,"Paddington, NSW, Australia -> Port Moresby, Papua New Guinea",2.0,2,2,2,1,1,1,1,0.2857142857142857,2,False,True,False,0.0,2.0
PG,M-Root,all_publicly_visible,5006,dns-root_m-root_msm5006_20260701T000000Z_010000Z.json,landing_region_3996aeca3c5e::landing_region_5d023e72c246,"Perth, WA, Australia -> Singapore, Singapore",1.0,2,2,2,1,1,1,1,0.14285714285714285,3,False,False,True,0.0,1.0
PG,M-Root,all_publicly_visible,5006,dns-root_m-root_msm5006_20260701T000000Z_010000Z.json,landing_region_3996aeca3c5e::landing_region_af2b1cb46785,"Perth, WA, Australia -> Tuas, Singapore",1.0,2,2,2,1,1,1,1,0.14285714285714285,4,False,False,False,0.0,1.0
PG,M-Root,all_publicly_visible,5006,dns-root_m-root_msm5006_20260701T000000Z_010000Z.json,landing_region_5d023e72c246::landing_region_b37879c52c2b,"Singapore, Singapore -> Batam, Indonesia",0.3333333333333333,1,1,1,1,1,1,1,0.047619047619047616,5,False,False,False,0.3333333333333333,0.0
PG,M-Root,all_publicly_visible,5006,dns-root_m-root_msm5006_20260701T000000Z_010000Z.json,landing_region_9430e1a9028b::landing_region_b37879c52c2b,"Changi North, Singapore -> Batam, Indonesia",0.3333333333333333,1,1,1,1,1,1,1,0.047619047619047616,6,False,False,False,0.3333333333333333,0.0
PG,M-Root,all_publicly_visible,5006,dns-root_m-root_msm5006_20260701T000000Z_010000Z.json,landing_region_af2b1cb46785::landing_region_b37879c52c2b,"Tuas, Singapore -> Batam, Indonesia",0.3333333333333333,1,1,1,1,1,1,1,0.047619047619047616,7,False,False,False,0.3333333333333333,0.0
PG,M-Root,resolved_entry_only,5006,dns-root_m-root_msm5006_20260701T000000Z_010000Z.json,landing_region_3996aeca3c5e::landing_region_58084817cbe7,"Perth, WA, Australia -> Paddington, NSW, Australia",2.0,2,2,2,1,1,1,1,0.2857142857142857,1,True,False,False,2.0,0.0
PG,M-Root,resolved_entry_only,5006,dns-root_m-root_msm5006_20260701T000000Z_010000Z.json,landing_region_58084817cbe7::landing_region_a4275bfd77b7,"Paddington, NSW, Australia -> Port Moresby, Papua New Guinea",2.0,2,2,2,1,1,1,1,0.2857142857142857,2,False,True,False,0.0,2.0
PG,M-Root,resolved_entry_only,5006,dns-root_m-root_msm5006_20260701T000000Z_010000Z.json,landing_region_3996aeca3c5e::landing_region_5d023e72c246,"Perth, WA, Australia -> Singapore, Singapore",1.0,2,2,2,1,1,1,1,0.14285714285714285,3,False,False,True,0.0,1.0
PG,M-Root,resolved_entry_only,5006,dns-root_m-root_msm5006_20260701T000000Z_010000Z.json,landing_region_3996aeca3c5e::landing_region_af2b1cb46785,"Perth, WA, Australia -> Tuas, Singapore",1.0,2,2,2,1,1,1,1,0.14285714285714285,4,False,False,False,0.0,1.0
PG,M-Root,resolved_entry_only,5006,dns-root_m-root_msm5006_20260701T000000Z_010000Z.json,landing_region_5d023e72c246::landing_region_b37879c52c2b,"Singapore, Singapore -> Batam, Indonesia",0.3333333333333333,1,1,1,1,1,1,1,0.047619047619047616,5,False,False,False,0.3333333333333333,0.0
PG,M-Root,resolved_entry_only,5006,dns-root_m-root_msm5006_20260701T000000Z_010000Z.json,landing_region_9430e1a9028b::landing_region_b37879c52c2b,"Changi North, Singapore -> Batam, Indonesia",0.3333333333333333,1,1,1,1,1,1,1,0.047619047619047616,6,False,False,False,0.3333333333333333,0.0
PG,M-Root,resolved_entry_only,5006,dns-root_m-root_msm5006_20260701T000000Z_010000Z.json,landing_region_af2b1cb46785::landing_region_b37879c52c2b,"Tuas, Singapore -> Batam, Indonesia",0.3333333333333333,1,1,1,1,1,1,1,0.047619047619047616,7,False,False,False,0.3333333333333333,0.0
PH,M-Root,all_publicly_visible,5006,dns-root_m-root_msm5006_20260701T000000Z_010000Z.json,landing_region_76da986d22a9::landing_region_85e39fb7d29e,"Cavite, Philippines -> Chai Wan, China",38.0,38,38,38,20,9,44,21,0.3619047619047619,1,True,False,False,0.0,38.0
PH,M-Root,all_publicly_visible,5006,dns-root_m-root_msm5006_20260701T000000Z_010000Z.json,landing_region_76da986d22a9::landing_region_9430e1a9028b,"Cavite, Philippines -> Changi North, Singapore",30.25,31,31,31,17,6,44,21,0.28809523809523807,2,False,True,False,0.0,30.25
PH,M-Root,all_publicly_visible,5006,dns-root_m-root_msm5006_20260701T000000Z_010000Z.json,landing_region_0074f164da96::landing_region_af2b1cb46785,"Mumbai, India -> Tuas, Singapore",14.0,14,14,14,9,5,44,21,0.13333333333333333,3,False,False,True,0.0,14.0
PH,M-Root,all_publicly_visible,5006,dns-root_m-root_msm5006_20260701T000000Z_010000Z.json,landing_region_0e9a6c8bd7c7::landing_region_76da986d22a9,"Batangas, Philippines -> Cavite, Philippines",6.0,6,6,6,3,3,44,21,0.05714285714285714,4,False,False,False,6.0,0.0
PH,M-Root,all_publicly_visible,5006,dns-root_m-root_msm5006_20260701T000000Z_010000Z.json,landing_region_5d023e72c246::landing_region_b37879c52c2b,"Singapore, Singapore -> Batam, Indonesia",3.333333333333333,10,10,10,6,4,44,21,0.031746031746031744,5,False,False,False,3.333333333333333,0.0
PH,M-Root,all_publicly_visible,5006,dns-root_m-root_msm5006_20260701T000000Z_010000Z.json,landing_region_9430e1a9028b::landing_region_b37879c52c2b,"Changi North, Singapore -> Batam, Indonesia",3.333333333333333,10,10,10,6,4,44,21,0.031746031746031744,6,False,False,False,3.333333333333333,0.0
PH,M-Root,all_publicly_visible,5006,dns-root_m-root_msm5006_20260701T000000Z_010000Z.json,landing_region_af2b1cb46785::landing_region_b37879c52c2b,"Tuas, Singapore -> Batam, Indonesia",3.333333333333333,10,10,10,6,4,44,21,0.031746031746031744,7,False,False,False,3.333333333333333,0.0
PH,M-Root,all_publicly_visible,5006,dns-root_m-root_msm5006_20260701T000000Z_010000Z.json,landing_region_11a5fc08eb7a::landing_region_73f9243dcd5b,"Caticlan, Philippines -> Roxas City, Philippines",2.0,2,2,2,1,1,44,21,0.01904761904761905,8,False,False,False,2.0,0.0
PH,M-Root,all_publicly_visible,5006,dns-root_m-root_msm5006_20260701T000000Z_010000Z.json,landing_region_00c458c2b5c8::landing_region_2d3c79b37946,"Palompon, Philippines -> Talisay, Philippines",1.0,2,2,2,1,1,44,21,0.009523809523809525,9,False,False,False,1.0,0.0
PH,M-Root,all_publicly_visible,5006,dns-root_m-root_msm5006_20260701T000000Z_010000Z.json,landing_region_00c458c2b5c8::landing_region_d931c6f5e934,"Palompon, Philippines -> Liloan, Philippines",1.0,2,2,2,1,1,44,21,0.009523809523809525,10,False,False,False,1.0,0.0
PH,M-Root,all_publicly_visible,5006,dns-root_m-root_msm5006_20260701T000000Z_010000Z.json,landing_region_0e9a6c8bd7c7::landing_region_5d023e72c246,"Batangas, Philippines -> Singapore, Singapore",0.5833333333333333,2,2,2,1,1,44,21,0.005555555555555555,11,False,False,False,0.0,0.5833333333333333
PH,M-Root,all_publicly_visible,5006,dns-root_m-root_msm5006_20260701T000000Z_010000Z.json,landing_region_0e9a6c8bd7c7::landing_region_9430e1a9028b,"Batangas, Philippines -> Changi North, Singapore",0.5833333333333333,2,2,2,1,1,44,21,0.005555555555555555,12,False,False,False,0.0,0.5833333333333333
PH,M-Root,all_publicly_visible,5006,dns-root_m-root_msm5006_20260701T000000Z_010000Z.json,landing_region_0e9a6c8bd7c7::landing_region_af2b1cb46785,"Batangas, Philippines -> Tuas, Singapore",0.5833333333333333,2,2,2,1,1,44,21,0.005555555555555555,13,False,False,False,0.0,0.5833333333333333
PH,M-Root,all_publicly_visible,5006,dns-root_m-root_msm5006_20260701T000000Z_010000Z.json,landing_region_5d023e72c246::landing_region_7a7da5f2aeb1,"Singapore, Singapore -> Lantau Island, China",0.25,1,1,1,1,1,44,21,0.002380952380952381,14,False,False,False,0.0,0.25
PH,M-Root,all_publicly_visible,5006,dns-root_m-root_msm5006_20260701T000000Z_010000Z.json,landing_region_7a7da5f2aeb1::landing_region_9430e1a9028b,"Lantau Island, China -> Changi North, Singapore",0.25,1,1,1,1,1,44,21,0.002380952380952381,15,False,False,False,0.0,0.25
PH,M-Root,all_publicly_visible,5006,dns-root_m-root_msm5006_20260701T000000Z_010000Z.json,landing_region_85e39fb7d29e::landing_region_9430e1a9028b,"Chai Wan, China -> Changi North, Singapore",0.25,1,1,1,1,1,44,21,0.002380952380952381,16,False,False,False,0.0,0.25
PH,M-Root,all_publicly_visible,5006,dns-root_m-root_msm5006_20260701T000000Z_010000Z.json,landing_region_85e39fb7d29e::landing_region_af2b1cb46785,"Chai Wan, China -> Tuas, Singapore",0.25,1,1,1,1,1,44,21,0.002380952380952381,17,False,False,False,0.0,0.25
PH,M-Root,resolved_entry_only,5006,dns-root_m-root_msm5006_20260701T000000Z_010000Z.json,landing_region_76da986d22a9::landing_region_85e39fb7d29e,"Cavite, Philippines -> Chai Wan, China",38.0,38,38,38,20,9,44,21,0.3619047619047619,1,True,False,False,0.0,38.0
PH,M-Root,resolved_entry_only,5006,dns-root_m-root_msm5006_20260701T000000Z_010000Z.json,landing_region_76da986d22a9::landing_region_9430e1a9028b,"Cavite, Philippines -> Changi North, Singapore",30.25,31,31,31,17,6,44,21,0.28809523809523807,2,False,True,False,0.0,30.25
PH,M-Root,resolved_entry_only,5006,dns-root_m-root_msm5006_20260701T000000Z_010000Z.json,landing_region_0074f164da96::landing_region_af2b1cb46785,"Mumbai, India -> Tuas, Singapore",14.0,14,14,14,9,5,44,21,0.13333333333333333,3,False,False,True,0.0,14.0
PH,M-Root,resolved_entry_only,5006,dns-root_m-root_msm5006_20260701T000000Z_010000Z.json,landing_region_0e9a6c8bd7c7::landing_region_76da986d22a9,"Batangas, Philippines -> Cavite, Philippines",6.0,6,6,6,3,3,44,21,0.05714285714285714,4,False,False,False,6.0,0.0
PH,M-Root,resolved_entry_only,5006,dns-root_m-root_msm5006_20260701T000000Z_010000Z.json,landing_region_5d023e72c246::landing_region_b37879c52c2b,"Singapore, Singapore -> Batam, Indonesia",3.333333333333333,10,10,10,6,4,44,21,0.031746031746031744,5,False,False,False,3.333333333333333,0.0
PH,M-Root,resolved_entry_only,5006,dns-root_m-root_msm5006_20260701T000000Z_010000Z.json,landing_region_9430e1a9028b::landing_region_b37879c52c2b,"Changi North, Singapore -> Batam, Indonesia",3.333333333333333,10,10,10,6,4,44,21,0.031746031746031744,6,False,False,False,3.333333333333333,0.0
PH,M-Root,resolved_entry_only,5006,dns-root_m-root_msm5006_20260701T000000Z_010000Z.json,landing_region_af2b1cb46785::landing_region_b37879c52c2b,"Tuas, Singapore -> Batam, Indonesia",3.333333333333333,10,10,10,6,4,44,21,0.031746031746031744,7,False,False,False,3.333333333333333,0.0
PH,M-Root,resolved_entry_only,5006,dns-root_m-root_msm5006_20260701T000000Z_010000Z.json,landing_region_11a5fc08eb7a::landing_region_73f9243dcd5b,"Caticlan, Philippines -> Roxas City, Philippines",2.0,2,2,2,1,1,44,21,0.01904761904761905,8,False,False,False,2.0,0.0
PH,M-Root,resolved_entry_only,5006,dns-root_m-root_msm5006_20260701T000000Z_010000Z.json,landing_region_00c458c2b5c8::landing_region_2d3c79b37946,"Palompon, Philippines -> Talisay, Philippines",1.0,2,2,2,1,1,44,21,0.009523809523809525,9,False,False,False,1.0,0.0
PH,M-Root,resolved_entry_only,5006,dns-root_m-root_msm5006_20260701T000000Z_010000Z.json,landing_region_00c458c2b5c8::landing_region_d931c6f5e934,"Palompon, Philippines -> Liloan, Philippines",1.0,2,2,2,1,1,44,21,0.009523809523809525,10,False,False,False,1.0,0.0
PH,M-Root,resolved_entry_only,5006,dns-root_m-root_msm5006_20260701T000000Z_010000Z.json,landing_region_0e9a6c8bd7c7::landing_region_5d023e72c246,"Batangas, Philippines -> Singapore, Singapore",0.5833333333333333,2,2,2,1,1,44,21,0.005555555555555555,11,False,False,False,0.0,0.5833333333333333
PH,M-Root,resolved_entry_only,5006,dns-root_m-root_msm5006_20260701T000000Z_010000Z.json,landing_region_0e9a6c8bd7c7::landing_region_9430e1a9028b,"Batangas, Philippines -> Changi North, Singapore",0.5833333333333333,2,2,2,1,1,44,21,0.005555555555555555,12,False,False,False,0.0,0.5833333333333333
PH,M-Root,resolved_entry_only,5006,dns-root_m-root_msm5006_20260701T000000Z_010000Z.json,landing_region_0e9a6c8bd7c7::landing_region_af2b1cb46785,"Batangas, Philippines -> Tuas, Singapore",0.5833333333333333,2,2,2,1,1,44,21,0.005555555555555555,13,False,False,False,0.0,0.5833333333333333
PH,M-Root,resolved_entry_only,5006,dns-root_m-root_msm5006_20260701T000000Z_010000Z.json,landing_region_5d023e72c246::landing_region_7a7da5f2aeb1,"Singapore, Singapore -> Lantau Island, China",0.25,1,1,1,1,1,44,21,0.002380952380952381,14,False,False,False,0.0,0.25
PH,M-Root,resolved_entry_only,5006,dns-root_m-root_msm5006_20260701T000000Z_010000Z.json,landing_region_7a7da5f2aeb1::landing_region_9430e1a9028b,"Lantau Island, China -> Changi North, Singapore",0.25,1,1,1,1,1,44,21,0.002380952380952381,15,False,False,False,0.0,0.25
PH,M-Root,resolved_entry_only,5006,dns-root_m-root_msm5006_20260701T000000Z_010000Z.json,landing_region_85e39fb7d29e::landing_region_9430e1a9028b,"Chai Wan, China -> Changi North, Singapore",0.25,1,1,1,1,1,44,21,0.002380952380952381,16,False,False,False,0.0,0.25
PH,M-Root,resolved_entry_only,5006,dns-root_m-root_msm5006_20260701T000000Z_010000Z.json,landing_region_85e39fb7d29e::landing_region_af2b1cb46785,"Chai Wan, China -> Tuas, Singapore",0.25,1,1,1,1,1,44,21,0.002380952380952381,17,False,False,False,0.0,0.25
PK,M-Root,all_publicly_visible,5006,dns-root_m-root_msm5006_20260701T000000Z_010000Z.json,landing_region_1b3a8d836a7d::landing_region_af2b1cb46785,"Karachi, Pakistan -> Tuas, Singapore",8.0,8,8,8,4,4,7,5,0.4,1,True,False,False,0.0,8.0
PK,M-Root,all_publicly_visible,5006,dns-root_m-root_msm5006_20260701T000000Z_010000Z.json,landing_region_5d023e72c246::landing_region_b37879c52c2b,"Singapore, Singapore -> Batam, Indonesia",4.0,12,12,10,6,4,7,5,0.2,2,False,True,False,4.0,0.0
PK,M-Root,all_publicly_visible,5006,dns-root_m-root_msm5006_20260701T000000Z_010000Z.json,landing_region_9430e1a9028b::landing_region_b37879c52c2b,"Changi North, Singapore -> Batam, Indonesia",4.0,12,12,10,6,4,7,5,0.2,3,False,False,True,4.0,0.0
PK,M-Root,all_publicly_visible,5006,dns-root_m-root_msm5006_20260701T000000Z_010000Z.json,landing_region_af2b1cb46785::landing_region_b37879c52c2b,"Tuas, Singapore -> Batam, Indonesia",4.0,12,12,10,6,4,7,5,0.2,4,False,False,False,4.0,0.0
PK,M-Root,resolved_entry_only,5006,dns-root_m-root_msm5006_20260701T000000Z_010000Z.json,landing_region_1b3a8d836a7d::landing_region_af2b1cb46785,"Karachi, Pakistan -> Tuas, Singapore",8.0,8,8,8,4,4,7,5,0.4,1,True,False,False,0.0,8.0
PK,M-Root,resolved_entry_only,5006,dns-root_m-root_msm5006_20260701T000000Z_010000Z.json,landing_region_5d023e72c246::landing_region_b37879c52c2b,"Singapore, Singapore -> Batam, Indonesia",4.0,12,12,10,6,4,7,5,0.2,2,False,True,False,4.0,0.0
PK,M-Root,resolved_entry_only,5006,dns-root_m-root_msm5006_20260701T000000Z_010000Z.json,landing_region_9430e1a9028b::landing_region_b37879c52c2b,"Changi North, Singapore -> Batam, Indonesia",4.0,12,12,10,6,4,7,5,0.2,3,False,False,True,4.0,0.0
PK,M-Root,resolved_entry_only,5006,dns-root_m-root_msm5006_20260701T000000Z_010000Z.json,landing_region_af2b1cb46785::landing_region_b37879c52c2b,"Tuas, Singapore -> Batam, Indonesia",4.0,12,12,10,6,4,7,5,0.2,4,False,False,False,4.0,0.0
PL,M-Root,all_publicly_visible,5006,dns-root_m-root_msm5006_20260701T000000Z_010000Z.json,landing_region_5d023e72c246::landing_region_b37879c52c2b,"Singapore, Singapore -> Batam, Indonesia",49.33333333333333,148,148,54,27,1,29,3,0.2884990253411306,1,True,False,False,49.33333333333333,0.0
PL,M-Root,all_publicly_visible,5006,dns-root_m-root_msm5006_20260701T000000Z_010000Z.json,landing_region_9430e1a9028b::landing_region_b37879c52c2b,"Changi North, Singapore -> Batam, Indonesia",49.33333333333333,148,148,54,27,1,29,3,0.2884990253411306,2,False,True,False,49.33333333333333,0.0
PL,M-Root,all_publicly_visible,5006,dns-root_m-root_msm5006_20260701T000000Z_010000Z.json,landing_region_af2b1cb46785::landing_region_b37879c52c2b,"Tuas, Singapore -> Batam, Indonesia",49.33333333333333,148,148,54,27,1,29,3,0.2884990253411306,3,False,False,True,49.33333333333333,0.0
PL,M-Root,all_publicly_visible,5006,dns-root_m-root_msm5006_20260701T000000Z_010000Z.json,landing_region_08ea81d123b5::landing_region_af2b1cb46785,"Marseille, France -> Tuas, Singapore",11.0,22,22,22,19,2,29,3,0.06432748538011696,4,False,False,False,0.0,11.0
PL,M-Root,all_publicly_visible,5006,dns-root_m-root_msm5006_20260701T000000Z_010000Z.json,landing_region_16217d497d23::landing_region_af2b1cb46785,"Toulon, France -> Tuas, Singapore",11.0,22,22,22,19,2,29,3,0.06432748538011696,5,False,False,False,0.0,11.0
PL,M-Root,all_publicly_visible,5006,dns-root_m-root_msm5006_20260701T000000Z_010000Z.json,landing_region_5631d1801aee::landing_region_65aa8d7cf62e,"Tallinn, Estonia -> Espoo, Finland",1.0,1,1,1,1,1,29,3,0.005847953216374269,6,False,False,False,0.0,1.0
PL,M-Root,resolved_entry_only,5006,dns-root_m-root_msm5006_20260701T000000Z_010000Z.json,landing_region_5d023e72c246::landing_region_b37879c52c2b,"Singapore, Singapore -> Batam, Indonesia",49.33333333333333,148,148,54,27,1,29,3,0.2884990253411306,1,True,False,False,49.33333333333333,0.0
PL,M-Root,resolved_entry_only,5006,dns-root_m-root_msm5006_20260701T000000Z_010000Z.json,landing_region_9430e1a9028b::landing_region_b37879c52c2b,"Changi North, Singapore -> Batam, Indonesia",49.33333333333333,148,148,54,27,1,29,3,0.2884990253411306,2,False,True,False,49.33333333333333,0.0
PL,M-Root,resolved_entry_only,5006,dns-root_m-root_msm5006_20260701T000000Z_010000Z.json,landing_region_af2b1cb46785::landing_region_b37879c52c2b,"Tuas, Singapore -> Batam, Indonesia",49.33333333333333,148,148,54,27,1,29,3,0.2884990253411306,3,False,False,True,49.33333333333333,0.0
PL,M-Root,resolved_entry_only,5006,dns-root_m-root_msm5006_20260701T000000Z_010000Z.json,landing_region_08ea81d123b5::landing_region_af2b1cb46785,"Marseille, France -> Tuas, Singapore",11.0,22,22,22,19,2,29,3,0.06432748538011696,4,False,False,False,0.0,11.0
PL,M-Root,resolved_entry_only,5006,dns-root_m-root_msm5006_20260701T000000Z_010000Z.json,landing_region_16217d497d23::landing_region_af2b1cb46785,"Toulon, France -> Tuas, Singapore",11.0,22,22,22,19,2,29,3,0.06432748538011696,5,False,False,False,0.0,11.0
PL,M-Root,resolved_entry_only,5006,dns-root_m-root_msm5006_20260701T000000Z_010000Z.json,landing_region_5631d1801aee::landing_region_65aa8d7cf62e,"Tallinn, Estonia -> Espoo, Finland",1.0,1,1,1,1,1,29,3,0.005847953216374269,6,False,False,False,0.0,1.0
PR,M-Root,all_publicly_visible,5006,dns-root_m-root_msm5006_20260701T000000Z_010000Z.json,landing_region_822747b0ce7e::landing_region_bd03623e84bf,"Miramar, PR, United States -> Hollywood, FL, United States",4.0,4,4,4,2,2,2,2,1.0,1,True,False,False,0.0,4.0
PR,M-Root,resolved_entry_only,5006,dns-root_m-root_msm5006_20260701T000000Z_010000Z.json,landing_region_822747b0ce7e::landing_region_bd03623e84bf,"Miramar, PR, United States -> Hollywood, FL, United States",2.0,2,2,2,1,1,1,1,1.0,1,True,False,False,0.0,2.0
PT,M-Root,all_publicly_visible,5006,dns-root_m-root_msm5006_20260701T000000Z_010000Z.json,landing_region_343850da3642::landing_region_f7627feb3284,"Carcavelos, Portugal -> Seixal, Portugal",146.0,146,146,84,44,14,46,16,0.9798657718120806,1,True,False,False,146.0,0.0
PT,M-Root,all_publicly_visible,5006,dns-root_m-root_msm5006_20260701T000000Z_010000Z.json,landing_region_08ea81d123b5::landing_region_af2b1cb46785,"Marseille, France -> Tuas, Singapore",1.5,3,3,3,2,2,46,16,0.010067114093959731,2,False,True,False,0.0,1.5
PT,M-Root,all_publicly_visible,5006,dns-root_m-root_msm5006_20260701T000000Z_010000Z.json,landing_region_16217d497d23::landing_region_af2b1cb46785,"Toulon, France -> Tuas, Singapore",1.5,3,3,3,2,2,46,16,0.010067114093959731,3,False,False,True,0.0,1.5
PT,M-Root,resolved_entry_only,5006,dns-root_m-root_msm5006_20260701T000000Z_010000Z.json,landing_region_343850da3642::landing_region_f7627feb3284,"Carcavelos, Portugal -> Seixal, Portugal",146.0,146,146,84,44,14,46,16,0.9798657718120806,1,True,False,False,146.0,0.0
PT,M-Root,resolved_entry_only,5006,dns-root_m-root_msm5006_20260701T000000Z_010000Z.json,landing_region_08ea81d123b5::landing_region_af2b1cb46785,"Marseille, France -> Tuas, Singapore",1.5,3,3,3,2,2,46,16,0.010067114093959731,2,False,True,False,0.0,1.5
PT,M-Root,resolved_entry_only,5006,dns-root_m-root_msm5006_20260701T000000Z_010000Z.json,landing_region_16217d497d23::landing_region_af2b1cb46785,"Toulon, France -> Tuas, Singapore",1.5,3,3,3,2,2,46,16,0.010067114093959731,3,False,False,True,0.0,1.5
QA,M-Root,all_publicly_visible,5006,dns-root_m-root_msm5006_20260701T000000Z_010000Z.json,landing_region_8dc97f28b4d0::landing_region_f0ff9789c5ea,"Sharjah, United Arab Emirates -> Al-Kheesa, Qatar",2.0,2,2,2,1,1,1,1,0.4,1,True,False,False,0.0,2.0
QA,M-Root,all_publicly_visible,5006,dns-root_m-root_msm5006_20260701T000000Z_010000Z.json,landing_region_5d023e72c246::landing_region_b37879c52c2b,"Singapore, Singapore -> Batam, Indonesia",1.0,3,3,2,1,1,1,1,0.2,2,False,True,False,1.0,0.0
QA,M-Root,all_publicly_visible,5006,dns-root_m-root_msm5006_20260701T000000Z_010000Z.json,landing_region_9430e1a9028b::landing_region_b37879c52c2b,"Changi North, Singapore -> Batam, Indonesia",1.0,3,3,2,1,1,1,1,0.2,3,False,False,True,1.0,0.0
QA,M-Root,all_publicly_visible,5006,dns-root_m-root_msm5006_20260701T000000Z_010000Z.json,landing_region_af2b1cb46785::landing_region_b37879c52c2b,"Tuas, Singapore -> Batam, Indonesia",1.0,3,3,2,1,1,1,1,0.2,4,False,False,False,1.0,0.0
QA,M-Root,resolved_entry_only,5006,dns-root_m-root_msm5006_20260701T000000Z_010000Z.json,landing_region_8dc97f28b4d0::landing_region_f0ff9789c5ea,"Sharjah, United Arab Emirates -> Al-Kheesa, Qatar",2.0,2,2,2,1,1,1,1,0.4,1,True,False,False,0.0,2.0
QA,M-Root,resolved_entry_only,5006,dns-root_m-root_msm5006_20260701T000000Z_010000Z.json,landing_region_5d023e72c246::landing_region_b37879c52c2b,"Singapore, Singapore -> Batam, Indonesia",1.0,3,3,2,1,1,1,1,0.2,2,False,True,False,1.0,0.0
QA,M-Root,resolved_entry_only,5006,dns-root_m-root_msm5006_20260701T000000Z_010000Z.json,landing_region_9430e1a9028b::landing_region_b37879c52c2b,"Changi North, Singapore -> Batam, Indonesia",1.0,3,3,2,1,1,1,1,0.2,3,False,False,True,1.0,0.0
QA,M-Root,resolved_entry_only,5006,dns-root_m-root_msm5006_20260701T000000Z_010000Z.json,landing_region_af2b1cb46785::landing_region_b37879c52c2b,"Tuas, Singapore -> Batam, Indonesia",1.0,3,3,2,1,1,1,1,0.2,4,False,False,False,1.0,0.0
RE,M-Root,all_publicly_visible,5006,dns-root_m-root_msm5006_20260701T000000Z_010000Z.json,landing_region_17f0858c5f8b::landing_region_eafefa1c1ea4,"Saint Paul, Réunion -> Amanzimtoti, South Africa",51.0,51,51,51,26,1,27,2,0.3355263157894737,1,True,False,False,0.0,51.0
RE,M-Root,all_publicly_visible,5006,dns-root_m-root_msm5006_20260701T000000Z_010000Z.json,landing_region_44e270aeb18c::landing_region_eafefa1c1ea4,"Melkbosstrand, South Africa -> Amanzimtoti, South Africa",51.0,51,51,51,26,1,27,2,0.3355263157894737,2,False,True,False,51.0,0.0
RE,M-Root,all_publicly_visible,5006,dns-root_m-root_msm5006_20260701T000000Z_010000Z.json,landing_region_343850da3642::landing_region_44e270aeb18c,"Carcavelos, Portugal -> Melkbosstrand, South Africa",24.0,48,48,48,26,1,27,2,0.15789473684210525,3,False,False,True,0.0,24.0
RE,M-Root,all_publicly_visible,5006,dns-root_m-root_msm5006_20260701T000000Z_010000Z.json,landing_region_44e270aeb18c::landing_region_f7627feb3284,"Melkbosstrand, South Africa -> Seixal, Portugal",24.0,48,48,48,26,1,27,2,0.15789473684210525,4,False,False,False,0.0,24.0
RE,M-Root,all_publicly_visible,5006,dns-root_m-root_msm5006_20260701T000000Z_010000Z.json,landing_region_5d023e72c246::landing_region_b37879c52c2b,"Singapore, Singapore -> Batam, Indonesia",0.6666666666666666,2,2,2,1,1,27,2,0.0043859649122807015,5,False,False,False,0.6666666666666666,0.0
RE,M-Root,all_publicly_visible,5006,dns-root_m-root_msm5006_20260701T000000Z_010000Z.json,landing_region_9430e1a9028b::landing_region_b37879c52c2b,"Changi North, Singapore -> Batam, Indonesia",0.6666666666666666,2,2,2,1,1,27,2,0.0043859649122807015,6,False,False,False,0.6666666666666666,0.0
RE,M-Root,all_publicly_visible,5006,dns-root_m-root_msm5006_20260701T000000Z_010000Z.json,landing_region_af2b1cb46785::landing_region_b37879c52c2b,"Tuas, Singapore -> Batam, Indonesia",0.6666666666666666,2,2,2,1,1,27,2,0.0043859649122807015,7,False,False,False,0.6666666666666666,0.0
RE,M-Root,resolved_entry_only,5006,dns-root_m-root_msm5006_20260701T000000Z_010000Z.json,landing_region_17f0858c5f8b::landing_region_eafefa1c1ea4,"Saint Paul, Réunion -> Amanzimtoti, South Africa",51.0,51,51,51,26,1,27,2,0.3355263157894737,1,True,False,False,0.0,51.0
RE,M-Root,resolved_entry_only,5006,dns-root_m-root_msm5006_20260701T000000Z_010000Z.json,landing_region_44e270aeb18c::landing_region_eafefa1c1ea4,"Melkbosstrand, South Africa -> Amanzimtoti, South Africa",51.0,51,51,51,26,1,27,2,0.3355263157894737,2,False,True,False,51.0,0.0
RE,M-Root,resolved_entry_only,5006,dns-root_m-root_msm5006_20260701T000000Z_010000Z.json,landing_region_343850da3642::landing_region_44e270aeb18c,"Carcavelos, Portugal -> Melkbosstrand, South Africa",24.0,48,48,48,26,1,27,2,0.15789473684210525,3,False,False,True,0.0,24.0
RE,M-Root,resolved_entry_only,5006,dns-root_m-root_msm5006_20260701T000000Z_010000Z.json,landing_region_44e270aeb18c::landing_region_f7627feb3284,"Melkbosstrand, South Africa -> Seixal, Portugal",24.0,48,48,48,26,1,27,2,0.15789473684210525,4,False,False,False,0.0,24.0
RE,M-Root,resolved_entry_only,5006,dns-root_m-root_msm5006_20260701T000000Z_010000Z.json,landing_region_5d023e72c246::landing_region_b37879c52c2b,"Singapore, Singapore -> Batam, Indonesia",0.6666666666666666,2,2,2,1,1,27,2,0.0043859649122807015,5,False,False,False,0.6666666666666666,0.0
RE,M-Root,resolved_entry_only,5006,dns-root_m-root_msm5006_20260701T000000Z_010000Z.json,landing_region_9430e1a9028b::landing_region_b37879c52c2b,"Changi North, Singapore -> Batam, Indonesia",0.6666666666666666,2,2,2,1,1,27,2,0.0043859649122807015,6,False,False,False,0.6666666666666666,0.0
RE,M-Root,resolved_entry_only,5006,dns-root_m-root_msm5006_20260701T000000Z_010000Z.json,landing_region_af2b1cb46785::landing_region_b37879c52c2b,"Tuas, Singapore -> Batam, Indonesia",0.6666666666666666,2,2,2,1,1,27,2,0.0043859649122807015,7,False,False,False,0.6666666666666666,0.0
RS,M-Root,all_publicly_visible,5006,dns-root_m-root_msm5006_20260701T000000Z_010000Z.json,landing_region_5d023e72c246::landing_region_b37879c52c2b,"Singapore, Singapore -> Batam, Indonesia",2.333333333333333,7,7,2,1,1,1,1,0.3333333333333333,1,True,False,False,2.333333333333333,0.0
RS,M-Root,all_publicly_visible,5006,dns-root_m-root_msm5006_20260701T000000Z_010000Z.json,landing_region_9430e1a9028b::landing_region_b37879c52c2b,"Changi North, Singapore -> Batam, Indonesia",2.333333333333333,7,7,2,1,1,1,1,0.3333333333333333,2,False,True,False,2.333333333333333,0.0
RS,M-Root,all_publicly_visible,5006,dns-root_m-root_msm5006_20260701T000000Z_010000Z.json,landing_region_af2b1cb46785::landing_region_b37879c52c2b,"Tuas, Singapore -> Batam, Indonesia",2.333333333333333,7,7,2,1,1,1,1,0.3333333333333333,3,False,False,True,2.333333333333333,0.0
RS,M-Root,resolved_entry_only,5006,dns-root_m-root_msm5006_20260701T000000Z_010000Z.json,landing_region_5d023e72c246::landing_region_b37879c52c2b,"Singapore, Singapore -> Batam, Indonesia",2.333333333333333,7,7,2,1,1,1,1,0.3333333333333333,1,True,False,False,2.333333333333333,0.0
RS,M-Root,resolved_entry_only,5006,dns-root_m-root_msm5006_20260701T000000Z_010000Z.json,landing_region_9430e1a9028b::landing_region_b37879c52c2b,"Changi North, Singapore -> Batam, Indonesia",2.333333333333333,7,7,2,1,1,1,1,0.3333333333333333,2,False,True,False,2.333333333333333,0.0
RS,M-Root,resolved_entry_only,5006,dns-root_m-root_msm5006_20260701T000000Z_010000Z.json,landing_region_af2b1cb46785::landing_region_b37879c52c2b,"Tuas, Singapore -> Batam, Indonesia",2.333333333333333,7,7,2,1,1,1,1,0.3333333333333333,3,False,False,True,2.333333333333333,0.0
RU,M-Root,all_publicly_visible,5006,dns-root_m-root_msm5006_20260701T000000Z_010000Z.json,landing_region_5631d1801aee::landing_region_65aa8d7cf62e,"Tallinn, Estonia -> Espoo, Finland",25.0,25,25,25,22,17,25,20,0.7142857142857143,1,True,False,False,0.0,25.0
RU,M-Root,all_publicly_visible,5006,dns-root_m-root_msm5006_20260701T000000Z_010000Z.json,landing_region_5d023e72c246::landing_region_b37879c52c2b,"Singapore, Singapore -> Batam, Indonesia",2.6666666666666665,8,8,4,2,2,25,20,0.07619047619047618,2,False,True,False,2.6666666666666665,0.0
RU,M-Root,all_publicly_visible,5006,dns-root_m-root_msm5006_20260701T000000Z_010000Z.json,landing_region_9430e1a9028b::landing_region_b37879c52c2b,"Changi North, Singapore -> Batam, Indonesia",2.6666666666666665,8,8,4,2,2,25,20,0.07619047619047618,3,False,False,True,2.6666666666666665,0.0
RU,M-Root,all_publicly_visible,5006,dns-root_m-root_msm5006_20260701T000000Z_010000Z.json,landing_region_af2b1cb46785::landing_region_b37879c52c2b,"Tuas, Singapore -> Batam, Indonesia",2.6666666666666665,8,8,4,2,2,25,20,0.07619047619047618,4,False,False,False,2.6666666666666665,0.0
RU,M-Root,all_publicly_visible,5006,dns-root_m-root_msm5006_20260701T000000Z_010000Z.json,landing_region_08ea81d123b5::landing_region_af2b1cb46785,"Marseille, France -> Tuas, Singapore",1.0,2,2,2,2,2,25,20,0.02857142857142857,5,False,False,False,0.0,1.0
RU,M-Root,all_publicly_visible,5006,dns-root_m-root_msm5006_20260701T000000Z_010000Z.json,landing_region_16217d497d23::landing_region_af2b1cb46785,"Toulon, France -> Tuas, Singapore",1.0,2,2,2,2,2,25,20,0.02857142857142857,6,False,False,False,0.0,1.0
RU,M-Root,resolved_entry_only,5006,dns-root_m-root_msm5006_20260701T000000Z_010000Z.json,landing_region_5631d1801aee::landing_region_65aa8d7cf62e,"Tallinn, Estonia -> Espoo, Finland",24.0,24,24,24,21,16,24,19,0.7058823529411765,1,True,False,False,0.0,24.0
RU,M-Root,resolved_entry_only,5006,dns-root_m-root_msm5006_20260701T000000Z_010000Z.json,landing_region_5d023e72c246::landing_region_b37879c52c2b,"Singapore, Singapore -> Batam, Indonesia",2.6666666666666665,8,8,4,2,2,24,19,0.0784313725490196,2,False,True,False,2.6666666666666665,0.0
RU,M-Root,resolved_entry_only,5006,dns-root_m-root_msm5006_20260701T000000Z_010000Z.json,landing_region_9430e1a9028b::landing_region_b37879c52c2b,"Changi North, Singapore -> Batam, Indonesia",2.6666666666666665,8,8,4,2,2,24,19,0.0784313725490196,3,False,False,True,2.6666666666666665,0.0
RU,M-Root,resolved_entry_only,5006,dns-root_m-root_msm5006_20260701T000000Z_010000Z.json,landing_region_af2b1cb46785::landing_region_b37879c52c2b,"Tuas, Singapore -> Batam, Indonesia",2.6666666666666665,8,8,4,2,2,24,19,0.0784313725490196,4,False,False,False,2.6666666666666665,0.0
RU,M-Root,resolved_entry_only,5006,dns-root_m-root_msm5006_20260701T000000Z_010000Z.json,landing_region_08ea81d123b5::landing_region_af2b1cb46785,"Marseille, France -> Tuas, Singapore",1.0,2,2,2,2,2,24,19,0.029411764705882353,5,False,False,False,0.0,1.0
RU,M-Root,resolved_entry_only,5006,dns-root_m-root_msm5006_20260701T000000Z_010000Z.json,landing_region_16217d497d23::landing_region_af2b1cb46785,"Toulon, France -> Tuas, Singapore",1.0,2,2,2,2,2,24,19,0.029411764705882353,6,False,False,False,0.0,1.0
SA,M-Root,all_publicly_visible,5006,dns-root_m-root_msm5006_20260701T000000Z_010000Z.json,landing_region_05a5445633a9::landing_region_08ea81d123b5,"Al Khobar, Saudi Arabia -> Marseille, France",4.0,4,4,4,2,2,2,2,1.0,1,True,False,False,0.0,4.0
SA,M-Root,resolved_entry_only,5006,dns-root_m-root_msm5006_20260701T000000Z_010000Z.json,landing_region_05a5445633a9::landing_region_08ea81d123b5,"Al Khobar, Saudi Arabia -> Marseille, France",4.0,4,4,4,2,2,2,2,1.0,1,True,False,False,0.0,4.0
SE,M-Root,all_publicly_visible,5006,dns-root_m-root_msm5006_20260701T000000Z_010000Z.json,landing_region_d073d559153a::landing_region_e2b0cd002b0c,"Bunkeflostand, Sweden -> Tuborg, Denmark",239.0,239,239,89,45,15,78,26,0.4714003944773176,1,True,False,False,205.0,34.0
SE,M-Root,all_publicly_visible,5006,dns-root_m-root_msm5006_20260701T000000Z_010000Z.json,landing_region_5d023e72c246::landing_region_b37879c52c2b,"Singapore, Singapore -> Batam, Indonesia",65.33333333333333,196,196,69,35,9,78,26,0.12886259040105194,2,False,True,False,65.33333333333333,0.0
SE,M-Root,all_publicly_visible,5006,dns-root_m-root_msm5006_20260701T000000Z_010000Z.json,landing_region_9430e1a9028b::landing_region_b37879c52c2b,"Changi North, Singapore -> Batam, Indonesia",65.33333333333333,196,196,69,35,9,78,26,0.12886259040105194,3,False,False,True,65.33333333333333,0.0
SE,M-Root,all_publicly_visible,5006,dns-root_m-root_msm5006_20260701T000000Z_010000Z.json,landing_region_af2b1cb46785::landing_region_b37879c52c2b,"Tuas, Singapore -> Batam, Indonesia",65.33333333333333,196,196,69,35,9,78,26,0.12886259040105194,4,False,False,False,65.33333333333333,0.0
SE,M-Root,all_publicly_visible,5006,dns-root_m-root_msm5006_20260701T000000Z_010000Z.json,landing_region_08ea81d123b5::landing_region_af2b1cb46785,"Marseille, France -> Tuas, Singapore",14.5,29,29,29,23,7,78,26,0.028599605522682446,5,False,False,False,0.0,14.5
SE,M-Root,all_publicly_visible,5006,dns-root_m-root_msm5006_20260701T000000Z_010000Z.json,landing_region_16217d497d23::landing_region_af2b1cb46785,"Toulon, France -> Tuas, Singapore",14.5,29,29,29,23,7,78,26,0.028599605522682446,6,False,False,False,0.0,14.5
SE,M-Root,all_publicly_visible,5006,dns-root_m-root_msm5006_20260701T000000Z_010000Z.json,landing_region_1ce0b85cd8b9::landing_region_d073d559153a,"Uto, Sweden -> Bunkeflostand, Sweden",12.5,24,24,18,9,6,78,26,0.02465483234714004,7,False,False,False,12.5,0.0
SE,M-Root,all_publicly_visible,5006,dns-root_m-root_msm5006_20260701T000000Z_010000Z.json,landing_region_1ce0b85cd8b9::landing_region_e2b0cd002b0c,"Uto, Sweden -> Tuborg, Denmark",11.5,23,23,17,9,6,78,26,0.022682445759368838,8,False,False,False,11.5,0.0
SE,M-Root,all_publicly_visible,5006,dns-root_m-root_msm5006_20260701T000000Z_010000Z.json,landing_region_5631d1801aee::landing_region_65aa8d7cf62e,"Tallinn, Estonia -> Espoo, Finland",8.0,8,8,8,5,5,78,26,0.015779092702169626,9,False,False,False,0.0,8.0
SE,M-Root,all_publicly_visible,5006,dns-root_m-root_msm5006_20260701T000000Z_010000Z.json,landing_region_3c99e4792a25::landing_region_65aa8d7cf62e,"Stavsnas, Sweden -> Espoo, Finland",4.5,9,9,7,4,3,78,26,0.008875739644970414,10,False,False,False,0.0,4.5
SE,M-Root,all_publicly_visible,5006,dns-root_m-root_msm5006_20260701T000000Z_010000Z.json,landing_region_65aa8d7cf62e::landing_region_c607af4095db,"Espoo, Finland -> Kista, Sweden",4.5,9,9,7,4,3,78,26,0.008875739644970414,11,False,False,False,0.0,4.5
SE,M-Root,all_publicly_visible,5006,dns-root_m-root_msm5006_20260701T000000Z_010000Z.json,landing_region_1ce0b85cd8b9::landing_region_3d94d1c98c16,"Uto, Sweden -> Näsby, Sweden",2.0,2,2,2,1,1,78,26,0.0039447731755424065,12,False,False,False,2.0,0.0
SE,M-Root,resolved_entry_only,5006,dns-root_m-root_msm5006_20260701T000000Z_010000Z.json,landing_region_d073d559153a::landing_region_e2b0cd002b0c,"Bunkeflostand, Sweden -> Tuborg, Denmark",239.0,239,239,89,45,15,78,26,0.4714003944773176,1,True,False,False,205.0,34.0
SE,M-Root,resolved_entry_only,5006,dns-root_m-root_msm5006_20260701T000000Z_010000Z.json,landing_region_5d023e72c246::landing_region_b37879c52c2b,"Singapore, Singapore -> Batam, Indonesia",65.33333333333333,196,196,69,35,9,78,26,0.12886259040105194,2,False,True,False,65.33333333333333,0.0
SE,M-Root,resolved_entry_only,5006,dns-root_m-root_msm5006_20260701T000000Z_010000Z.json,landing_region_9430e1a9028b::landing_region_b37879c52c2b,"Changi North, Singapore -> Batam, Indonesia",65.33333333333333,196,196,69,35,9,78,26,0.12886259040105194,3,False,False,True,65.33333333333333,0.0
SE,M-Root,resolved_entry_only,5006,dns-root_m-root_msm5006_20260701T000000Z_010000Z.json,landing_region_af2b1cb46785::landing_region_b37879c52c2b,"Tuas, Singapore -> Batam, Indonesia",65.33333333333333,196,196,69,35,9,78,26,0.12886259040105194,4,False,False,False,65.33333333333333,0.0
SE,M-Root,resolved_entry_only,5006,dns-root_m-root_msm5006_20260701T000000Z_010000Z.json,landing_region_08ea81d123b5::landing_region_af2b1cb46785,"Marseille, France -> Tuas, Singapore",14.5,29,29,29,23,7,78,26,0.028599605522682446,5,False,False,False,0.0,14.5
SE,M-Root,resolved_entry_only,5006,dns-root_m-root_msm5006_20260701T000000Z_010000Z.json,landing_region_16217d497d23::landing_region_af2b1cb46785,"Toulon, France -> Tuas, Singapore",14.5,29,29,29,23,7,78,26,0.028599605522682446,6,False,False,False,0.0,14.5
SE,M-Root,resolved_entry_only,5006,dns-root_m-root_msm5006_20260701T000000Z_010000Z.json,landing_region_1ce0b85cd8b9::landing_region_d073d559153a,"Uto, Sweden -> Bunkeflostand, Sweden",12.5,24,24,18,9,6,78,26,0.02465483234714004,7,False,False,False,12.5,0.0
SE,M-Root,resolved_entry_only,5006,dns-root_m-root_msm5006_20260701T000000Z_010000Z.json,landing_region_1ce0b85cd8b9::landing_region_e2b0cd002b0c,"Uto, Sweden -> Tuborg, Denmark",11.5,23,23,17,9,6,78,26,0.022682445759368838,8,False,False,False,11.5,0.0
SE,M-Root,resolved_entry_only,5006,dns-root_m-root_msm5006_20260701T000000Z_010000Z.json,landing_region_5631d1801aee::landing_region_65aa8d7cf62e,"Tallinn, Estonia -> Espoo, Finland",8.0,8,8,8,5,5,78,26,0.015779092702169626,9,False,False,False,0.0,8.0
SE,M-Root,resolved_entry_only,5006,dns-root_m-root_msm5006_20260701T000000Z_010000Z.json,landing_region_3c99e4792a25::landing_region_65aa8d7cf62e,"Stavsnas, Sweden -> Espoo, Finland",4.5,9,9,7,4,3,78,26,0.008875739644970414,10,False,False,False,0.0,4.5
SE,M-Root,resolved_entry_only,5006,dns-root_m-root_msm5006_20260701T000000Z_010000Z.json,landing_region_65aa8d7cf62e::landing_region_c607af4095db,"Espoo, Finland -> Kista, Sweden",4.5,9,9,7,4,3,78,26,0.008875739644970414,11,False,False,False,0.0,4.5
SE,M-Root,resolved_entry_only,5006,dns-root_m-root_msm5006_20260701T000000Z_010000Z.json,landing_region_1ce0b85cd8b9::landing_region_3d94d1c98c16,"Uto, Sweden -> Näsby, Sweden",2.0,2,2,2,1,1,78,26,0.0039447731755424065,12,False,False,False,2.0,0.0
SG,M-Root,all_publicly_visible,5006,dns-root_m-root_msm5006_20260701T000000Z_010000Z.json,landing_region_5d023e72c246::landing_region_b37879c52c2b,"Singapore, Singapore -> Batam, Indonesia",162.33333333333331,487,487,172,92,45,93,45,0.3183006535947712,1,True,False,False,162.33333333333331,0.0
SG,M-Root,all_publicly_visible,5006,dns-root_m-root_msm5006_20260701T000000Z_010000Z.json,landing_region_9430e1a9028b::landing_region_b37879c52c2b,"Changi North, Singapore -> Batam, Indonesia",162.33333333333331,487,487,172,92,45,93,45,0.3183006535947712,2,False,True,False,162.33333333333331,0.0
SG,M-Root,all_publicly_visible,5006,dns-root_m-root_msm5006_20260701T000000Z_010000Z.json,landing_region_af2b1cb46785::landing_region_b37879c52c2b,"Tuas, Singapore -> Batam, Indonesia",162.33333333333331,487,487,172,92,45,93,45,0.3183006535947712,3,False,False,True,162.33333333333331,0.0
SG,M-Root,all_publicly_visible,5006,dns-root_m-root_msm5006_20260701T000000Z_010000Z.json,landing_region_0074f164da96::landing_region_af2b1cb46785,"Mumbai, India -> Tuas, Singapore",19.0,19,19,19,11,4,93,45,0.03725490196078432,4,False,False,False,0.0,19.0
SG,M-Root,all_publicly_visible,5006,dns-root_m-root_msm5006_20260701T000000Z_010000Z.json,landing_region_08ea81d123b5::landing_region_af2b1cb46785,"Marseille, France -> Tuas, Singapore",1.0,2,2,2,1,1,93,45,0.0019607843137254906,5,False,False,False,0.0,1.0
SG,M-Root,all_publicly_visible,5006,dns-root_m-root_msm5006_20260701T000000Z_010000Z.json,landing_region_16217d497d23::landing_region_af2b1cb46785,"Toulon, France -> Tuas, Singapore",1.0,2,2,2,1,1,93,45,0.0019607843137254906,6,False,False,False,0.0,1.0
SG,M-Root,all_publicly_visible,5006,dns-root_m-root_msm5006_20260701T000000Z_010000Z.json,landing_region_5d023e72c246::landing_region_7a7da5f2aeb1,"Singapore, Singapore -> Lantau Island, China",0.5,2,2,2,1,1,93,45,0.0009803921568627453,7,False,False,False,0.0,0.5
SG,M-Root,all_publicly_visible,5006,dns-root_m-root_msm5006_20260701T000000Z_010000Z.json,landing_region_7a7da5f2aeb1::landing_region_9430e1a9028b,"Lantau Island, China -> Changi North, Singapore",0.5,2,2,2,1,1,93,45,0.0009803921568627453,8,False,False,False,0.0,0.5
SG,M-Root,all_publicly_visible,5006,dns-root_m-root_msm5006_20260701T000000Z_010000Z.json,landing_region_85e39fb7d29e::landing_region_9430e1a9028b,"Chai Wan, China -> Changi North, Singapore",0.5,2,2,2,1,1,93,45,0.0009803921568627453,9,False,False,False,0.0,0.5
SG,M-Root,all_publicly_visible,5006,dns-root_m-root_msm5006_20260701T000000Z_010000Z.json,landing_region_85e39fb7d29e::landing_region_af2b1cb46785,"Chai Wan, China -> Tuas, Singapore",0.5,2,2,2,1,1,93,45,0.0009803921568627453,10,False,False,False,0.0,0.5
SG,M-Root,resolved_entry_only,5006,dns-root_m-root_msm5006_20260701T000000Z_010000Z.json,landing_region_5d023e72c246::landing_region_b37879c52c2b,"Singapore, Singapore -> Batam, Indonesia",162.33333333333331,487,487,172,92,45,93,45,0.3183006535947712,1,True,False,False,162.33333333333331,0.0
SG,M-Root,resolved_entry_only,5006,dns-root_m-root_msm5006_20260701T000000Z_010000Z.json,landing_region_9430e1a9028b::landing_region_b37879c52c2b,"Changi North, Singapore -> Batam, Indonesia",162.33333333333331,487,487,172,92,45,93,45,0.3183006535947712,2,False,True,False,162.33333333333331,0.0
SG,M-Root,resolved_entry_only,5006,dns-root_m-root_msm5006_20260701T000000Z_010000Z.json,landing_region_af2b1cb46785::landing_region_b37879c52c2b,"Tuas, Singapore -> Batam, Indonesia",162.33333333333331,487,487,172,92,45,93,45,0.3183006535947712,3,False,False,True,162.33333333333331,0.0
SG,M-Root,resolved_entry_only,5006,dns-root_m-root_msm5006_20260701T000000Z_010000Z.json,landing_region_0074f164da96::landing_region_af2b1cb46785,"Mumbai, India -> Tuas, Singapore",19.0,19,19,19,11,4,93,45,0.03725490196078432,4,False,False,False,0.0,19.0
SG,M-Root,resolved_entry_only,5006,dns-root_m-root_msm5006_20260701T000000Z_010000Z.json,landing_region_08ea81d123b5::landing_region_af2b1cb46785,"Marseille, France -> Tuas, Singapore",1.0,2,2,2,1,1,93,45,0.0019607843137254906,5,False,False,False,0.0,1.0
SG,M-Root,resolved_entry_only,5006,dns-root_m-root_msm5006_20260701T000000Z_010000Z.json,landing_region_16217d497d23::landing_region_af2b1cb46785,"Toulon, France -> Tuas, Singapore",1.0,2,2,2,1,1,93,45,0.0019607843137254906,6,False,False,False,0.0,1.0
SG,M-Root,resolved_entry_only,5006,dns-root_m-root_msm5006_20260701T000000Z_010000Z.json,landing_region_5d023e72c246::landing_region_7a7da5f2aeb1,"Singapore, Singapore -> Lantau Island, China",0.5,2,2,2,1,1,93,45,0.0009803921568627453,7,False,False,False,0.0,0.5
SG,M-Root,resolved_entry_only,5006,dns-root_m-root_msm5006_20260701T000000Z_010000Z.json,landing_region_7a7da5f2aeb1::landing_region_9430e1a9028b,"Lantau Island, China -> Changi North, Singapore",0.5,2,2,2,1,1,93,45,0.0009803921568627453,8,False,False,False,0.0,0.5
SG,M-Root,resolved_entry_only,5006,dns-root_m-root_msm5006_20260701T000000Z_010000Z.json,landing_region_85e39fb7d29e::landing_region_9430e1a9028b,"Chai Wan, China -> Changi North, Singapore",0.5,2,2,2,1,1,93,45,0.0009803921568627453,9,False,False,False,0.0,0.5
SG,M-Root,resolved_entry_only,5006,dns-root_m-root_msm5006_20260701T000000Z_010000Z.json,landing_region_85e39fb7d29e::landing_region_af2b1cb46785,"Chai Wan, China -> Tuas, Singapore",0.5,2,2,2,1,1,93,45,0.0009803921568627453,10,False,False,False,0.0,0.5
SL,M-Root,all_publicly_visible,5006,dns-root_m-root_msm5006_20260701T000000Z_010000Z.json,landing_region_343850da3642::landing_region_dbe3261635ed,"Carcavelos, Portugal -> Freetown, Sierra Leone",2.0,2,2,2,1,1,1,1,1.0,1,True,False,False,0.0,2.0
SL,M-Root,resolved_entry_only,5006,dns-root_m-root_msm5006_20260701T000000Z_010000Z.json,landing_region_343850da3642::landing_region_dbe3261635ed,"Carcavelos, Portugal -> Freetown, Sierra Leone",2.0,2,2,2,1,1,1,1,1.0,1,True,False,False,0.0,2.0
SN,M-Root,all_publicly_visible,5006,dns-root_m-root_msm5006_20260701T000000Z_010000Z.json,landing_region_08ea81d123b5::landing_region_af2b1cb46785,"Marseille, France -> Tuas, Singapore",2.0,4,4,4,2,2,2,2,0.5,1,True,False,False,0.0,2.0
SN,M-Root,all_publicly_visible,5006,dns-root_m-root_msm5006_20260701T000000Z_010000Z.json,landing_region_16217d497d23::landing_region_af2b1cb46785,"Toulon, France -> Tuas, Singapore",2.0,4,4,4,2,2,2,2,0.5,2,False,True,False,0.0,2.0
SN,M-Root,resolved_entry_only,5006,dns-root_m-root_msm5006_20260701T000000Z_010000Z.json,landing_region_08ea81d123b5::landing_region_af2b1cb46785,"Marseille, France -> Tuas, Singapore",2.0,4,4,4,2,2,2,2,0.5,1,True,False,False,0.0,2.0
SN,M-Root,resolved_entry_only,5006,dns-root_m-root_msm5006_20260701T000000Z_010000Z.json,landing_region_16217d497d23::landing_region_af2b1cb46785,"Toulon, France -> Tuas, Singapore",2.0,4,4,4,2,2,2,2,0.5,2,False,True,False,0.0,2.0
SS,M-Root,all_publicly_visible,5006,dns-root_m-root_msm5006_20260701T000000Z_010000Z.json,landing_region_173727a59ebb::landing_region_57424b247075,"Djibouti City, Djibouti -> Nyali, Kenya",2.0,2,2,2,1,1,1,1,0.5,1,True,False,False,0.0,2.0
SS,M-Root,all_publicly_visible,5006,dns-root_m-root_msm5006_20260701T000000Z_010000Z.json,landing_region_08ea81d123b5::landing_region_173727a59ebb,"Marseille, France -> Djibouti City, Djibouti",1.0,2,2,2,1,1,1,1,0.25,2,False,True,False,0.0,1.0
SS,M-Root,all_publicly_visible,5006,dns-root_m-root_msm5006_20260701T000000Z_010000Z.json,landing_region_16217d497d23::landing_region_173727a59ebb,"Toulon, France -> Djibouti City, Djibouti",1.0,2,2,2,1,1,1,1,0.25,3,False,False,True,0.0,1.0
SS,M-Root,resolved_entry_only,5006,dns-root_m-root_msm5006_20260701T000000Z_010000Z.json,landing_region_173727a59ebb::landing_region_57424b247075,"Djibouti City, Djibouti -> Nyali, Kenya",2.0,2,2,2,1,1,1,1,0.5,1,True,False,False,0.0,2.0
SS,M-Root,resolved_entry_only,5006,dns-root_m-root_msm5006_20260701T000000Z_010000Z.json,landing_region_08ea81d123b5::landing_region_173727a59ebb,"Marseille, France -> Djibouti City, Djibouti",1.0,2,2,2,1,1,1,1,0.25,2,False,True,False,0.0,1.0
SS,M-Root,resolved_entry_only,5006,dns-root_m-root_msm5006_20260701T000000Z_010000Z.json,landing_region_16217d497d23::landing_region_173727a59ebb,"Toulon, France -> Djibouti City, Djibouti",1.0,2,2,2,1,1,1,1,0.25,3,False,False,True,0.0,1.0
TH,M-Root,all_publicly_visible,5006,dns-root_m-root_msm5006_20260701T000000Z_010000Z.json,landing_region_0074f164da96::landing_region_af2b1cb46785,"Mumbai, India -> Tuas, Singapore",5.0,5,5,5,3,3,6,6,0.4166666666666667,1,True,False,False,0.0,5.0
TH,M-Root,all_publicly_visible,5006,dns-root_m-root_msm5006_20260701T000000Z_010000Z.json,landing_region_5d023e72c246::landing_region_b37879c52c2b,"Singapore, Singapore -> Batam, Indonesia",1.6666666666666665,5,5,5,3,3,6,6,0.13888888888888887,2,False,True,False,1.6666666666666665,0.0
TH,M-Root,all_publicly_visible,5006,dns-root_m-root_msm5006_20260701T000000Z_010000Z.json,landing_region_9430e1a9028b::landing_region_b37879c52c2b,"Changi North, Singapore -> Batam, Indonesia",1.6666666666666665,5,5,5,3,3,6,6,0.13888888888888887,3,False,False,True,1.6666666666666665,0.0
TH,M-Root,all_publicly_visible,5006,dns-root_m-root_msm5006_20260701T000000Z_010000Z.json,landing_region_af2b1cb46785::landing_region_b37879c52c2b,"Tuas, Singapore -> Batam, Indonesia",1.6666666666666665,5,5,5,3,3,6,6,0.13888888888888887,4,False,False,False,1.6666666666666665,0.0
TH,M-Root,all_publicly_visible,5006,dns-root_m-root_msm5006_20260701T000000Z_010000Z.json,landing_region_04269067e649::landing_region_af2b1cb46785,"Songkhla, Thailand -> Tuas, Singapore",1.3333333333333333,2,2,2,1,1,6,6,0.1111111111111111,5,False,False,False,0.0,1.3333333333333333
TH,M-Root,all_publicly_visible,5006,dns-root_m-root_msm5006_20260701T000000Z_010000Z.json,landing_region_04269067e649::landing_region_9430e1a9028b,"Songkhla, Thailand -> Changi North, Singapore",0.3333333333333333,1,1,1,1,1,6,6,0.027777777777777776,6,False,False,False,0.0,0.3333333333333333
TH,M-Root,all_publicly_visible,5006,dns-root_m-root_msm5006_20260701T000000Z_010000Z.json,landing_region_04269067e649::landing_region_b37879c52c2b,"Songkhla, Thailand -> Batam, Indonesia",0.3333333333333333,1,1,1,1,1,6,6,0.027777777777777776,7,False,False,False,0.0,0.3333333333333333
TH,M-Root,resolved_entry_only,5006,dns-root_m-root_msm5006_20260701T000000Z_010000Z.json,landing_region_0074f164da96::landing_region_af2b1cb46785,"Mumbai, India -> Tuas, Singapore",5.0,5,5,5,3,3,6,6,0.4166666666666667,1,True,False,False,0.0,5.0
TH,M-Root,resolved_entry_only,5006,dns-root_m-root_msm5006_20260701T000000Z_010000Z.json,landing_region_5d023e72c246::landing_region_b37879c52c2b,"Singapore, Singapore -> Batam, Indonesia",1.6666666666666665,5,5,5,3,3,6,6,0.13888888888888887,2,False,True,False,1.6666666666666665,0.0
TH,M-Root,resolved_entry_only,5006,dns-root_m-root_msm5006_20260701T000000Z_010000Z.json,landing_region_9430e1a9028b::landing_region_b37879c52c2b,"Changi North, Singapore -> Batam, Indonesia",1.6666666666666665,5,5,5,3,3,6,6,0.13888888888888887,3,False,False,True,1.6666666666666665,0.0
TH,M-Root,resolved_entry_only,5006,dns-root_m-root_msm5006_20260701T000000Z_010000Z.json,landing_region_af2b1cb46785::landing_region_b37879c52c2b,"Tuas, Singapore -> Batam, Indonesia",1.6666666666666665,5,5,5,3,3,6,6,0.13888888888888887,4,False,False,False,1.6666666666666665,0.0
TH,M-Root,resolved_entry_only,5006,dns-root_m-root_msm5006_20260701T000000Z_010000Z.json,landing_region_04269067e649::landing_region_af2b1cb46785,"Songkhla, Thailand -> Tuas, Singapore",1.3333333333333333,2,2,2,1,1,6,6,0.1111111111111111,5,False,False,False,0.0,1.3333333333333333
TH,M-Root,resolved_entry_only,5006,dns-root_m-root_msm5006_20260701T000000Z_010000Z.json,landing_region_04269067e649::landing_region_9430e1a9028b,"Songkhla, Thailand -> Changi North, Singapore",0.3333333333333333,1,1,1,1,1,6,6,0.027777777777777776,6,False,False,False,0.0,0.3333333333333333
TH,M-Root,resolved_entry_only,5006,dns-root_m-root_msm5006_20260701T000000Z_010000Z.json,landing_region_04269067e649::landing_region_b37879c52c2b,"Songkhla, Thailand -> Batam, Indonesia",0.3333333333333333,1,1,1,1,1,6,6,0.027777777777777776,7,False,False,False,0.0,0.3333333333333333
TL,M-Root,all_publicly_visible,5006,dns-root_m-root_msm5006_20260701T000000Z_010000Z.json,landing_region_5d023e72c246::landing_region_b37879c52c2b,"Singapore, Singapore -> Batam, Indonesia",5.333333333333333,16,16,6,3,1,4,2,0.2962962962962963,1,True,False,False,5.333333333333333,0.0
TL,M-Root,all_publicly_visible,5006,dns-root_m-root_msm5006_20260701T000000Z_010000Z.json,landing_region_9430e1a9028b::landing_region_b37879c52c2b,"Changi North, Singapore -> Batam, Indonesia",5.333333333333333,16,16,6,3,1,4,2,0.2962962962962963,2,False,True,False,5.333333333333333,0.0
TL,M-Root,all_publicly_visible,5006,dns-root_m-root_msm5006_20260701T000000Z_010000Z.json,landing_region_af2b1cb46785::landing_region_b37879c52c2b,"Tuas, Singapore -> Batam, Indonesia",5.333333333333333,16,16,6,3,1,4,2,0.2962962962962963,3,False,False,True,5.333333333333333,0.0
TL,M-Root,all_publicly_visible,5006,dns-root_m-root_msm5006_20260701T000000Z_010000Z.json,landing_region_58084817cbe7::landing_region_b204db5c9fda,"Paddington, NSW, Australia -> Adelaide, SA, Australia",2.0,2,2,2,1,1,4,2,0.1111111111111111,4,False,False,False,2.0,0.0
TL,M-Root,resolved_entry_only,5006,dns-root_m-root_msm5006_20260701T000000Z_010000Z.json,landing_region_5d023e72c246::landing_region_b37879c52c2b,"Singapore, Singapore -> Batam, Indonesia",5.333333333333333,16,16,6,3,1,4,2,0.2962962962962963,1,True,False,False,5.333333333333333,0.0
TL,M-Root,resolved_entry_only,5006,dns-root_m-root_msm5006_20260701T000000Z_010000Z.json,landing_region_9430e1a9028b::landing_region_b37879c52c2b,"Changi North, Singapore -> Batam, Indonesia",5.333333333333333,16,16,6,3,1,4,2,0.2962962962962963,2,False,True,False,5.333333333333333,0.0
TL,M-Root,resolved_entry_only,5006,dns-root_m-root_msm5006_20260701T000000Z_010000Z.json,landing_region_af2b1cb46785::landing_region_b37879c52c2b,"Tuas, Singapore -> Batam, Indonesia",5.333333333333333,16,16,6,3,1,4,2,0.2962962962962963,3,False,False,True,5.333333333333333,0.0
TL,M-Root,resolved_entry_only,5006,dns-root_m-root_msm5006_20260701T000000Z_010000Z.json,landing_region_58084817cbe7::landing_region_b204db5c9fda,"Paddington, NSW, Australia -> Adelaide, SA, Australia",2.0,2,2,2,1,1,4,2,0.1111111111111111,4,False,False,False,2.0,0.0
TO,M-Root,all_publicly_visible,5006,dns-root_m-root_msm5006_20260701T000000Z_010000Z.json,landing_region_1cece50a3587::landing_region_58084817cbe7,"Suva, Fiji -> Paddington, NSW, Australia",2.0,2,2,2,1,1,1,1,0.5,1,True,False,False,0.0,2.0
TO,M-Root,all_publicly_visible,5006,dns-root_m-root_msm5006_20260701T000000Z_010000Z.json,landing_region_1cece50a3587::landing_region_ab5fcb6a28e2,"Suva, Fiji -> Nuku'alofa, Tonga",2.0,2,2,2,1,1,1,1,0.5,2,False,True,False,0.0,2.0
TO,M-Root,resolved_entry_only,5006,dns-root_m-root_msm5006_20260701T000000Z_010000Z.json,landing_region_1cece50a3587::landing_region_58084817cbe7,"Suva, Fiji -> Paddington, NSW, Australia",2.0,2,2,2,1,1,1,1,0.5,1,True,False,False,0.0,2.0
TO,M-Root,resolved_entry_only,5006,dns-root_m-root_msm5006_20260701T000000Z_010000Z.json,landing_region_1cece50a3587::landing_region_ab5fcb6a28e2,"Suva, Fiji -> Nuku'alofa, Tonga",2.0,2,2,2,1,1,1,1,0.5,2,False,True,False,0.0,2.0
TV,M-Root,all_publicly_visible,5006,dns-root_m-root_msm5006_20260701T000000Z_010000Z.json,landing_region_1cece50a3587::landing_region_58084817cbe7,"Suva, Fiji -> Paddington, NSW, Australia",2.0,2,2,2,1,1,1,1,0.25,1,True,False,False,0.0,2.0
TV,M-Root,all_publicly_visible,5006,dns-root_m-root_msm5006_20260701T000000Z_010000Z.json,landing_region_3996aeca3c5e::landing_region_58084817cbe7,"Perth, WA, Australia -> Paddington, NSW, Australia",2.0,2,2,2,1,1,1,1,0.25,2,False,True,False,2.0,0.0
TV,M-Root,all_publicly_visible,5006,dns-root_m-root_msm5006_20260701T000000Z_010000Z.json,landing_region_3996aeca3c5e::landing_region_5d023e72c246,"Perth, WA, Australia -> Singapore, Singapore",1.0,2,2,2,1,1,1,1,0.125,3,False,False,True,0.0,1.0
TV,M-Root,all_publicly_visible,5006,dns-root_m-root_msm5006_20260701T000000Z_010000Z.json,landing_region_3996aeca3c5e::landing_region_af2b1cb46785,"Perth, WA, Australia -> Tuas, Singapore",1.0,2,2,2,1,1,1,1,0.125,4,False,False,False,0.0,1.0
TV,M-Root,all_publicly_visible,5006,dns-root_m-root_msm5006_20260701T000000Z_010000Z.json,landing_region_5d023e72c246::landing_region_b37879c52c2b,"Singapore, Singapore -> Batam, Indonesia",0.6666666666666666,2,2,2,1,1,1,1,0.08333333333333333,5,False,False,False,0.6666666666666666,0.0
TV,M-Root,all_publicly_visible,5006,dns-root_m-root_msm5006_20260701T000000Z_010000Z.json,landing_region_9430e1a9028b::landing_region_b37879c52c2b,"Changi North, Singapore -> Batam, Indonesia",0.6666666666666666,2,2,2,1,1,1,1,0.08333333333333333,6,False,False,False,0.6666666666666666,0.0
TV,M-Root,all_publicly_visible,5006,dns-root_m-root_msm5006_20260701T000000Z_010000Z.json,landing_region_af2b1cb46785::landing_region_b37879c52c2b,"Tuas, Singapore -> Batam, Indonesia",0.6666666666666666,2,2,2,1,1,1,1,0.08333333333333333,7,False,False,False,0.6666666666666666,0.0
TV,M-Root,resolved_entry_only,5006,dns-root_m-root_msm5006_20260701T000000Z_010000Z.json,landing_region_1cece50a3587::landing_region_58084817cbe7,"Suva, Fiji -> Paddington, NSW, Australia",2.0,2,2,2,1,1,1,1,0.25,1,True,False,False,0.0,2.0
TV,M-Root,resolved_entry_only,5006,dns-root_m-root_msm5006_20260701T000000Z_010000Z.json,landing_region_3996aeca3c5e::landing_region_58084817cbe7,"Perth, WA, Australia -> Paddington, NSW, Australia",2.0,2,2,2,1,1,1,1,0.25,2,False,True,False,2.0,0.0
TV,M-Root,resolved_entry_only,5006,dns-root_m-root_msm5006_20260701T000000Z_010000Z.json,landing_region_3996aeca3c5e::landing_region_5d023e72c246,"Perth, WA, Australia -> Singapore, Singapore",1.0,2,2,2,1,1,1,1,0.125,3,False,False,True,0.0,1.0
TV,M-Root,resolved_entry_only,5006,dns-root_m-root_msm5006_20260701T000000Z_010000Z.json,landing_region_3996aeca3c5e::landing_region_af2b1cb46785,"Perth, WA, Australia -> Tuas, Singapore",1.0,2,2,2,1,1,1,1,0.125,4,False,False,False,0.0,1.0
TV,M-Root,resolved_entry_only,5006,dns-root_m-root_msm5006_20260701T000000Z_010000Z.json,landing_region_5d023e72c246::landing_region_b37879c52c2b,"Singapore, Singapore -> Batam, Indonesia",0.6666666666666666,2,2,2,1,1,1,1,0.08333333333333333,5,False,False,False,0.6666666666666666,0.0
TV,M-Root,resolved_entry_only,5006,dns-root_m-root_msm5006_20260701T000000Z_010000Z.json,landing_region_9430e1a9028b::landing_region_b37879c52c2b,"Changi North, Singapore -> Batam, Indonesia",0.6666666666666666,2,2,2,1,1,1,1,0.08333333333333333,6,False,False,False,0.6666666666666666,0.0
TV,M-Root,resolved_entry_only,5006,dns-root_m-root_msm5006_20260701T000000Z_010000Z.json,landing_region_af2b1cb46785::landing_region_b37879c52c2b,"Tuas, Singapore -> Batam, Indonesia",0.6666666666666666,2,2,2,1,1,1,1,0.08333333333333333,7,False,False,False,0.6666666666666666,0.0
TW,M-Root,all_publicly_visible,5006,dns-root_m-root_msm5006_20260701T000000Z_010000Z.json,landing_region_3362110f86da::landing_region_7a95dbddaa36,"Pa Li, Taiwan -> Yuanli, Taiwan",60.0,60,60,48,24,5,57,20,0.34285714285714286,1,True,False,False,60.0,0.0
TW,M-Root,all_publicly_visible,5006,dns-root_m-root_msm5006_20260701T000000Z_010000Z.json,landing_region_069f1cd0a78f::landing_region_3362110f86da,"Tainan, Taiwan -> Pa Li, Taiwan",35.5,69,69,69,35,5,57,20,0.20285714285714285,2,False,True,False,35.5,0.0
TW,M-Root,all_publicly_visible,5006,dns-root_m-root_msm5006_20260701T000000Z_010000Z.json,landing_region_3362110f86da::landing_region_3f5e2b5e2386,"Pa Li, Taiwan -> Budai, Taiwan",33.5,67,67,67,34,4,57,20,0.19142857142857142,3,False,False,True,33.5,0.0
TW,M-Root,all_publicly_visible,5006,dns-root_m-root_msm5006_20260701T000000Z_010000Z.json,landing_region_0074f164da96::landing_region_af2b1cb46785,"Mumbai, India -> Tuas, Singapore",8.0,8,8,8,6,4,57,20,0.045714285714285714,4,False,False,False,0.0,8.0
TW,M-Root,all_publicly_visible,5006,dns-root_m-root_msm5006_20260701T000000Z_010000Z.json,landing_region_3362110f86da::landing_region_5d023e72c246,"Pa Li, Taiwan -> Singapore, Singapore",4.0,20,20,20,11,8,57,20,0.022857142857142857,5,False,False,False,0.0,4.0
TW,M-Root,all_publicly_visible,5006,dns-root_m-root_msm5006_20260701T000000Z_010000Z.json,landing_region_3362110f86da::landing_region_7a7da5f2aeb1,"Pa Li, Taiwan -> Lantau Island, China",4.0,16,16,14,12,10,57,20,0.022857142857142857,6,False,False,False,0.0,4.0
TW,M-Root,all_publicly_visible,5006,dns-root_m-root_msm5006_20260701T000000Z_010000Z.json,landing_region_3362110f86da::landing_region_85e39fb7d29e,"Pa Li, Taiwan -> Chai Wan, China",4.0,16,16,14,12,10,57,20,0.022857142857142857,7,False,False,False,0.0,4.0
TW,M-Root,all_publicly_visible,5006,dns-root_m-root_msm5006_20260701T000000Z_010000Z.json,landing_region_3362110f86da::landing_region_9430e1a9028b,"Pa Li, Taiwan -> Changi North, Singapore",4.0,20,20,20,11,8,57,20,0.022857142857142857,8,False,False,False,0.0,4.0
TW,M-Root,all_publicly_visible,5006,dns-root_m-root_msm5006_20260701T000000Z_010000Z.json,landing_region_7a7da5f2aeb1::landing_region_8eebb9f0ec75,"Lantau Island, China -> Toucheng, Taiwan",4.0,16,16,14,12,10,57,20,0.022857142857142857,9,False,False,False,0.0,4.0
TW,M-Root,all_publicly_visible,5006,dns-root_m-root_msm5006_20260701T000000Z_010000Z.json,landing_region_85e39fb7d29e::landing_region_8eebb9f0ec75,"Chai Wan, China -> Toucheng, Taiwan",4.0,16,16,14,12,10,57,20,0.022857142857142857,10,False,False,False,0.0,4.0
TW,M-Root,all_publicly_visible,5006,dns-root_m-root_msm5006_20260701T000000Z_010000Z.json,landing_region_8eebb9f0ec75::landing_region_9430e1a9028b,"Toucheng, Taiwan -> Changi North, Singapore",4.0,20,20,20,11,8,57,20,0.022857142857142857,11,False,False,False,0.0,4.0
TW,M-Root,all_publicly_visible,5006,dns-root_m-root_msm5006_20260701T000000Z_010000Z.json,landing_region_8eebb9f0ec75::landing_region_af2b1cb46785,"Toucheng, Taiwan -> Tuas, Singapore",4.0,20,20,20,11,8,57,20,0.022857142857142857,12,False,False,False,0.0,4.0
TW,M-Root,all_publicly_visible,5006,dns-root_m-root_msm5006_20260701T000000Z_010000Z.json,landing_region_8eebb9f0ec75::landing_region_b37879c52c2b,"Toucheng, Taiwan -> Batam, Indonesia",4.0,20,20,20,11,8,57,20,0.022857142857142857,13,False,False,False,0.0,4.0
TW,M-Root,all_publicly_visible,5006,dns-root_m-root_msm5006_20260701T000000Z_010000Z.json,landing_region_3f5e2b5e2386::landing_region_7a95dbddaa36,"Budai, Taiwan -> Yuanli, Taiwan",2.0,2,2,2,1,1,57,20,0.011428571428571429,14,False,False,False,2.0,0.0
TW,M-Root,resolved_entry_only,5006,dns-root_m-root_msm5006_20260701T000000Z_010000Z.json,landing_region_3362110f86da::landing_region_7a95dbddaa36,"Pa Li, Taiwan -> Yuanli, Taiwan",60.0,60,60,48,24,5,57,20,0.34285714285714286,1,True,False,False,60.0,0.0
TW,M-Root,resolved_entry_only,5006,dns-root_m-root_msm5006_20260701T000000Z_010000Z.json,landing_region_069f1cd0a78f::landing_region_3362110f86da,"Tainan, Taiwan -> Pa Li, Taiwan",35.5,69,69,69,35,5,57,20,0.20285714285714285,2,False,True,False,35.5,0.0
TW,M-Root,resolved_entry_only,5006,dns-root_m-root_msm5006_20260701T000000Z_010000Z.json,landing_region_3362110f86da::landing_region_3f5e2b5e2386,"Pa Li, Taiwan -> Budai, Taiwan",33.5,67,67,67,34,4,57,20,0.19142857142857142,3,False,False,True,33.5,0.0
TW,M-Root,resolved_entry_only,5006,dns-root_m-root_msm5006_20260701T000000Z_010000Z.json,landing_region_0074f164da96::landing_region_af2b1cb46785,"Mumbai, India -> Tuas, Singapore",8.0,8,8,8,6,4,57,20,0.045714285714285714,4,False,False,False,0.0,8.0
TW,M-Root,resolved_entry_only,5006,dns-root_m-root_msm5006_20260701T000000Z_010000Z.json,landing_region_3362110f86da::landing_region_5d023e72c246,"Pa Li, Taiwan -> Singapore, Singapore",4.0,20,20,20,11,8,57,20,0.022857142857142857,5,False,False,False,0.0,4.0
TW,M-Root,resolved_entry_only,5006,dns-root_m-root_msm5006_20260701T000000Z_010000Z.json,landing_region_3362110f86da::landing_region_7a7da5f2aeb1,"Pa Li, Taiwan -> Lantau Island, China",4.0,16,16,14,12,10,57,20,0.022857142857142857,6,False,False,False,0.0,4.0
TW,M-Root,resolved_entry_only,5006,dns-root_m-root_msm5006_20260701T000000Z_010000Z.json,landing_region_3362110f86da::landing_region_85e39fb7d29e,"Pa Li, Taiwan -> Chai Wan, China",4.0,16,16,14,12,10,57,20,0.022857142857142857,7,False,False,False,0.0,4.0
TW,M-Root,resolved_entry_only,5006,dns-root_m-root_msm5006_20260701T000000Z_010000Z.json,landing_region_3362110f86da::landing_region_9430e1a9028b,"Pa Li, Taiwan -> Changi North, Singapore",4.0,20,20,20,11,8,57,20,0.022857142857142857,8,False,False,False,0.0,4.0
TW,M-Root,resolved_entry_only,5006,dns-root_m-root_msm5006_20260701T000000Z_010000Z.json,landing_region_7a7da5f2aeb1::landing_region_8eebb9f0ec75,"Lantau Island, China -> Toucheng, Taiwan",4.0,16,16,14,12,10,57,20,0.022857142857142857,9,False,False,False,0.0,4.0
TW,M-Root,resolved_entry_only,5006,dns-root_m-root_msm5006_20260701T000000Z_010000Z.json,landing_region_85e39fb7d29e::landing_region_8eebb9f0ec75,"Chai Wan, China -> Toucheng, Taiwan",4.0,16,16,14,12,10,57,20,0.022857142857142857,10,False,False,False,0.0,4.0
TW,M-Root,resolved_entry_only,5006,dns-root_m-root_msm5006_20260701T000000Z_010000Z.json,landing_region_8eebb9f0ec75::landing_region_9430e1a9028b,"Toucheng, Taiwan -> Changi North, Singapore",4.0,20,20,20,11,8,57,20,0.022857142857142857,11,False,False,False,0.0,4.0
TW,M-Root,resolved_entry_only,5006,dns-root_m-root_msm5006_20260701T000000Z_010000Z.json,landing_region_8eebb9f0ec75::landing_region_af2b1cb46785,"Toucheng, Taiwan -> Tuas, Singapore",4.0,20,20,20,11,8,57,20,0.022857142857142857,12,False,False,False,0.0,4.0
TW,M-Root,resolved_entry_only,5006,dns-root_m-root_msm5006_20260701T000000Z_010000Z.json,landing_region_8eebb9f0ec75::landing_region_b37879c52c2b,"Toucheng, Taiwan -> Batam, Indonesia",4.0,20,20,20,11,8,57,20,0.022857142857142857,13,False,False,False,0.0,4.0
TW,M-Root,resolved_entry_only,5006,dns-root_m-root_msm5006_20260701T000000Z_010000Z.json,landing_region_3f5e2b5e2386::landing_region_7a95dbddaa36,"Budai, Taiwan -> Yuanli, Taiwan",2.0,2,2,2,1,1,57,20,0.011428571428571429,14,False,False,False,2.0,0.0
UA,M-Root,all_publicly_visible,5006,dns-root_m-root_msm5006_20260701T000000Z_010000Z.json,landing_region_5631d1801aee::landing_region_65aa8d7cf62e,"Tallinn, Estonia -> Espoo, Finland",2.0,2,2,2,2,2,2,2,1.0,1,True,False,False,0.0,2.0
UA,M-Root,resolved_entry_only,5006,dns-root_m-root_msm5006_20260701T000000Z_010000Z.json,landing_region_5631d1801aee::landing_region_65aa8d7cf62e,"Tallinn, Estonia -> Espoo, Finland",2.0,2,2,2,2,2,2,2,1.0,1,True,False,False,0.0,2.0
UG,M-Root,all_publicly_visible,5006,dns-root_m-root_msm5006_20260701T000000Z_010000Z.json,landing_region_08ea81d123b5::landing_region_173727a59ebb,"Marseille, France -> Djibouti City, Djibouti",1.0,2,2,2,1,1,1,1,0.5,1,True,False,False,0.0,1.0
UG,M-Root,all_publicly_visible,5006,dns-root_m-root_msm5006_20260701T000000Z_010000Z.json,landing_region_16217d497d23::landing_region_173727a59ebb,"Toulon, France -> Djibouti City, Djibouti",1.0,2,2,2,1,1,1,1,0.5,2,False,True,False,0.0,1.0
UG,M-Root,resolved_entry_only,5006,dns-root_m-root_msm5006_20260701T000000Z_010000Z.json,landing_region_08ea81d123b5::landing_region_173727a59ebb,"Marseille, France -> Djibouti City, Djibouti",1.0,2,2,2,1,1,1,1,0.5,1,True,False,False,0.0,1.0
UG,M-Root,resolved_entry_only,5006,dns-root_m-root_msm5006_20260701T000000Z_010000Z.json,landing_region_16217d497d23::landing_region_173727a59ebb,"Toulon, France -> Djibouti City, Djibouti",1.0,2,2,2,1,1,1,1,0.5,2,False,True,False,0.0,1.0
US,M-Root,all_publicly_visible,5006,dns-root_m-root_msm5006_20260701T000000Z_010000Z.json,landing_region_08d221ee162c::landing_region_b451e83206f9,"Clinton, WA, United States -> Lynnwood, WA, United States",327.5,339,339,184,95,38,144,67,0.6226235741444867,1,True,False,False,327.5,0.0
US,M-Root,all_publicly_visible,5006,dns-root_m-root_msm5006_20260701T000000Z_010000Z.json,landing_region_3b64f12b5328::landing_region_a4e660c6c620,"Northport, NY, United States -> Island Park, NY, United States",105.0,105,105,36,18,3,144,67,0.19961977186311788,2,False,True,False,105.0,0.0
US,M-Root,all_publicly_visible,5006,dns-root_m-root_msm5006_20260701T000000Z_010000Z.json,landing_region_b451e83206f9::landing_region_fee5a5fdbba8,"Lynnwood, WA, United States -> Cama Beach, WA, United States",18.166666666666668,31,31,17,9,5,144,67,0.03453738910012674,3,False,False,True,18.166666666666668,0.0
US,M-Root,all_publicly_visible,5006,dns-root_m-root_msm5006_20260701T000000Z_010000Z.json,landing_region_bc6c664daa8f::landing_region_df61fea74887,"Alupang, Guam -> El Segundo, CA, United States",16.0,16,16,16,11,10,144,67,0.030418250950570342,4,False,False,False,0.0,16.0
US,M-Root,all_publicly_visible,5006,dns-root_m-root_msm5006_20260701T000000Z_010000Z.json,landing_region_b451e83206f9::landing_region_d026f3e5a07d,"Lynnwood, WA, United States -> Point Roberts, WA, United States",8.666666666666666,10,10,8,4,4,144,67,0.0164765525982256,5,False,False,False,8.666666666666666,0.0
US,M-Root,all_publicly_visible,5006,dns-root_m-root_msm5006_20260701T000000Z_010000Z.json,landing_region_1188870205d8::landing_region_8d528e077d6e,"Koko Head, HI, United States -> Kahe Point, HI, United States",8.0,8,8,4,2,2,144,67,0.015209125475285171,6,False,False,False,8.0,0.0
US,M-Root,all_publicly_visible,5006,dns-root_m-root_msm5006_20260701T000000Z_010000Z.json,landing_region_5d023e72c246::landing_region_b37879c52c2b,"Singapore, Singapore -> Batam, Indonesia",6.333333333333333,19,19,8,4,3,144,67,0.012040557667934094,7,False,False,False,6.333333333333333,0.0
US,M-Root,all_publicly_visible,5006,dns-root_m-root_msm5006_20260701T000000Z_010000Z.json,landing_region_9430e1a9028b::landing_region_b37879c52c2b,"Changi North, Singapore -> Batam, Indonesia",6.333333333333333,19,19,8,4,3,144,67,0.012040557667934094,8,False,False,False,6.333333333333333,0.0
US,M-Root,all_publicly_visible,5006,dns-root_m-root_msm5006_20260701T000000Z_010000Z.json,landing_region_af2b1cb46785::landing_region_b37879c52c2b,"Tuas, Singapore -> Batam, Indonesia",6.333333333333333,19,19,8,4,3,144,67,0.012040557667934094,9,False,False,False,6.333333333333333,0.0
US,M-Root,all_publicly_visible,5006,dns-root_m-root_msm5006_20260701T000000Z_010000Z.json,landing_region_58084817cbe7::landing_region_df61fea74887,"Paddington, NSW, Australia -> El Segundo, CA, United States",4.0,4,4,4,2,2,144,67,0.0076045627376425855,10,False,False,False,0.0,4.0
US,M-Root,all_publicly_visible,5006,dns-root_m-root_msm5006_20260701T000000Z_010000Z.json,landing_region_34040dee7bd1::landing_region_df61fea74887,"Hillsboro, OR, United States -> El Segundo, CA, United States",3.0,3,3,3,3,2,144,67,0.005703422053231939,11,False,False,False,3.0,0.0
US,M-Root,all_publicly_visible,5006,dns-root_m-root_msm5006_20260701T000000Z_010000Z.json,landing_region_af7df63397a0::landing_region_bd03623e84bf,"Jacksonville, FL, United States -> Hollywood, FL, United States",3.0,3,3,3,2,2,144,67,0.005703422053231939,12,False,False,False,3.0,0.0
US,M-Root,all_publicly_visible,5006,dns-root_m-root_msm5006_20260701T000000Z_010000Z.json,landing_region_149acfcae34c::landing_region_58084817cbe7,"Melbourne, VIC, Australia -> Paddington, NSW, Australia",2.0,2,2,2,1,1,144,67,0.0038022813688212928,13,False,False,False,2.0,0.0
US,M-Root,all_publicly_visible,5006,dns-root_m-root_msm5006_20260701T000000Z_010000Z.json,landing_region_59a210e88c9e::landing_region_a815bd4c40bf,"New Haven, CT, United States -> Shirley, NY, United States",2.0,2,2,2,1,1,144,67,0.0038022813688212928,14,False,False,False,2.0,0.0
US,M-Root,all_publicly_visible,5006,dns-root_m-root_msm5006_20260701T000000Z_010000Z.json,landing_region_822747b0ce7e::landing_region_bd03623e84bf,"Miramar, PR, United States -> Hollywood, FL, United States",2.0,2,2,2,1,1,144,67,0.0038022813688212928,15,False,False,False,0.0,2.0
US,M-Root,all_publicly_visible,5006,dns-root_m-root_msm5006_20260701T000000Z_010000Z.json,landing_region_82a1b23200f3::landing_region_c94f4fef1bdd,"Snug Cove, BC, Canada -> Gambier Harbour, BC, Canada",2.0,2,2,2,1,1,144,67,0.0038022813688212928,16,False,False,False,0.0,2.0
US,M-Root,all_publicly_visible,5006,dns-root_m-root_msm5006_20260701T000000Z_010000Z.json,landing_region_8d528e077d6e::landing_region_df61fea74887,"Kahe Point, HI, United States -> El Segundo, CA, United States",2.0,2,2,2,1,1,144,67,0.0038022813688212928,17,False,False,False,2.0,0.0
US,M-Root,all_publicly_visible,5006,dns-root_m-root_msm5006_20260701T000000Z_010000Z.json,landing_region_3a991c05745c::landing_region_bc6c664daa8f,"Waialua, HI, United States -> Alupang, Guam",1.0,2,2,2,1,1,144,67,0.0019011406844106464,18,False,False,False,0.0,1.0
US,M-Root,all_publicly_visible,5006,dns-root_m-root_msm5006_20260701T000000Z_010000Z.json,landing_region_8d528e077d6e::landing_region_bc6c664daa8f,"Kahe Point, HI, United States -> Alupang, Guam",1.0,2,2,2,1,1,144,67,0.0019011406844106464,19,False,False,False,0.0,1.0
US,M-Root,all_publicly_visible,5006,dns-root_m-root_msm5006_20260701T000000Z_010000Z.json,landing_region_b451e83206f9::landing_region_f41a83b9b5b3,"Lynnwood, WA, United States -> Cordova Bay, BC, Canada",0.6666666666666666,2,2,2,1,1,144,67,0.0012674271229404308,20,False,False,False,0.6666666666666666,0.0
US,M-Root,all_publicly_visible,5006,dns-root_m-root_msm5006_20260701T000000Z_010000Z.json,landing_region_08ea81d123b5::landing_region_af2b1cb46785,"Marseille, France -> Tuas, Singapore",0.5,1,1,1,1,1,144,67,0.0009505703422053232,21,False,False,False,0.0,0.5
US,M-Root,all_publicly_visible,5006,dns-root_m-root_msm5006_20260701T000000Z_010000Z.json,landing_region_16217d497d23::landing_region_af2b1cb46785,"Toulon, France -> Tuas, Singapore",0.5,1,1,1,1,1,144,67,0.0009505703422053232,22,False,False,False,0.0,0.5
US,M-Root,resolved_entry_only,5006,dns-root_m-root_msm5006_20260701T000000Z_010000Z.json,landing_region_08d221ee162c::landing_region_b451e83206f9,"Clinton, WA, United States -> Lynnwood, WA, United States",327.5,339,339,184,95,38,142,65,0.6298076923076923,1,True,False,False,327.5,0.0
US,M-Root,resolved_entry_only,5006,dns-root_m-root_msm5006_20260701T000000Z_010000Z.json,landing_region_3b64f12b5328::landing_region_a4e660c6c620,"Northport, NY, United States -> Island Park, NY, United States",105.0,105,105,36,18,3,142,65,0.20192307692307693,2,False,True,False,105.0,0.0
US,M-Root,resolved_entry_only,5006,dns-root_m-root_msm5006_20260701T000000Z_010000Z.json,landing_region_b451e83206f9::landing_region_fee5a5fdbba8,"Lynnwood, WA, United States -> Cama Beach, WA, United States",18.166666666666668,31,31,17,9,5,142,65,0.03493589743589744,3,False,False,True,18.166666666666668,0.0
US,M-Root,resolved_entry_only,5006,dns-root_m-root_msm5006_20260701T000000Z_010000Z.json,landing_region_bc6c664daa8f::landing_region_df61fea74887,"Alupang, Guam -> El Segundo, CA, United States",16.0,16,16,16,11,10,142,65,0.03076923076923077,4,False,False,False,0.0,16.0
US,M-Root,resolved_entry_only,5006,dns-root_m-root_msm5006_20260701T000000Z_010000Z.json,landing_region_b451e83206f9::landing_region_d026f3e5a07d,"Lynnwood, WA, United States -> Point Roberts, WA, United States",8.666666666666666,10,10,8,4,4,142,65,0.016666666666666666,5,False,False,False,8.666666666666666,0.0
US,M-Root,resolved_entry_only,5006,dns-root_m-root_msm5006_20260701T000000Z_010000Z.json,landing_region_1188870205d8::landing_region_8d528e077d6e,"Koko Head, HI, United States -> Kahe Point, HI, United States",8.0,8,8,4,2,2,142,65,0.015384615384615385,6,False,False,False,8.0,0.0
US,M-Root,resolved_entry_only,5006,dns-root_m-root_msm5006_20260701T000000Z_010000Z.json,landing_region_5d023e72c246::landing_region_b37879c52c2b,"Singapore, Singapore -> Batam, Indonesia",5.0,15,15,6,3,2,142,65,0.009615384615384616,7,False,False,False,5.0,0.0
US,M-Root,resolved_entry_only,5006,dns-root_m-root_msm5006_20260701T000000Z_010000Z.json,landing_region_9430e1a9028b::landing_region_b37879c52c2b,"Changi North, Singapore -> Batam, Indonesia",5.0,15,15,6,3,2,142,65,0.009615384615384616,8,False,False,False,5.0,0.0
US,M-Root,resolved_entry_only,5006,dns-root_m-root_msm5006_20260701T000000Z_010000Z.json,landing_region_af2b1cb46785::landing_region_b37879c52c2b,"Tuas, Singapore -> Batam, Indonesia",5.0,15,15,6,3,2,142,65,0.009615384615384616,9,False,False,False,5.0,0.0
US,M-Root,resolved_entry_only,5006,dns-root_m-root_msm5006_20260701T000000Z_010000Z.json,landing_region_58084817cbe7::landing_region_df61fea74887,"Paddington, NSW, Australia -> El Segundo, CA, United States",4.0,4,4,4,2,2,142,65,0.007692307692307693,10,False,False,False,0.0,4.0
US,M-Root,resolved_entry_only,5006,dns-root_m-root_msm5006_20260701T000000Z_010000Z.json,landing_region_34040dee7bd1::landing_region_df61fea74887,"Hillsboro, OR, United States -> El Segundo, CA, United States",3.0,3,3,3,3,2,142,65,0.0057692307692307696,11,False,False,False,3.0,0.0
US,M-Root,resolved_entry_only,5006,dns-root_m-root_msm5006_20260701T000000Z_010000Z.json,landing_region_af7df63397a0::landing_region_bd03623e84bf,"Jacksonville, FL, United States -> Hollywood, FL, United States",3.0,3,3,3,2,2,142,65,0.0057692307692307696,12,False,False,False,3.0,0.0
US,M-Root,resolved_entry_only,5006,dns-root_m-root_msm5006_20260701T000000Z_010000Z.json,landing_region_149acfcae34c::landing_region_58084817cbe7,"Melbourne, VIC, Australia -> Paddington, NSW, Australia",2.0,2,2,2,1,1,142,65,0.0038461538461538464,13,False,False,False,2.0,0.0
US,M-Root,resolved_entry_only,5006,dns-root_m-root_msm5006_20260701T000000Z_010000Z.json,landing_region_59a210e88c9e::landing_region_a815bd4c40bf,"New Haven, CT, United States -> Shirley, NY, United States",2.0,2,2,2,1,1,142,65,0.0038461538461538464,14,False,False,False,2.0,0.0
US,M-Root,resolved_entry_only,5006,dns-root_m-root_msm5006_20260701T000000Z_010000Z.json,landing_region_82a1b23200f3::landing_region_c94f4fef1bdd,"Snug Cove, BC, Canada -> Gambier Harbour, BC, Canada",2.0,2,2,2,1,1,142,65,0.0038461538461538464,15,False,False,False,0.0,2.0
US,M-Root,resolved_entry_only,5006,dns-root_m-root_msm5006_20260701T000000Z_010000Z.json,landing_region_8d528e077d6e::landing_region_df61fea74887,"Kahe Point, HI, United States -> El Segundo, CA, United States",2.0,2,2,2,1,1,142,65,0.0038461538461538464,16,False,False,False,2.0,0.0
US,M-Root,resolved_entry_only,5006,dns-root_m-root_msm5006_20260701T000000Z_010000Z.json,landing_region_3a991c05745c::landing_region_bc6c664daa8f,"Waialua, HI, United States -> Alupang, Guam",1.0,2,2,2,1,1,142,65,0.0019230769230769232,17,False,False,False,0.0,1.0
US,M-Root,resolved_entry_only,5006,dns-root_m-root_msm5006_20260701T000000Z_010000Z.json,landing_region_8d528e077d6e::landing_region_bc6c664daa8f,"Kahe Point, HI, United States -> Alupang, Guam",1.0,2,2,2,1,1,142,65,0.0019230769230769232,18,False,False,False,0.0,1.0
US,M-Root,resolved_entry_only,5006,dns-root_m-root_msm5006_20260701T000000Z_010000Z.json,landing_region_b451e83206f9::landing_region_f41a83b9b5b3,"Lynnwood, WA, United States -> Cordova Bay, BC, Canada",0.6666666666666666,2,2,2,1,1,142,65,0.001282051282051282,19,False,False,False,0.6666666666666666,0.0
US,M-Root,resolved_entry_only,5006,dns-root_m-root_msm5006_20260701T000000Z_010000Z.json,landing_region_08ea81d123b5::landing_region_af2b1cb46785,"Marseille, France -> Tuas, Singapore",0.5,1,1,1,1,1,142,65,0.0009615384615384616,20,False,False,False,0.0,0.5
US,M-Root,resolved_entry_only,5006,dns-root_m-root_msm5006_20260701T000000Z_010000Z.json,landing_region_16217d497d23::landing_region_af2b1cb46785,"Toulon, France -> Tuas, Singapore",0.5,1,1,1,1,1,142,65,0.0009615384615384616,21,False,False,False,0.0,0.5
VA,M-Root,all_publicly_visible,5006,dns-root_m-root_msm5006_20260701T000000Z_010000Z.json,landing_region_08ea81d123b5::landing_region_1d5c9bdda1cc,"Marseille, France -> Rome, Italy",1.0,1,1,1,1,1,1,1,1.0,1,True,False,False,0.0,1.0
VA,M-Root,resolved_entry_only,5006,dns-root_m-root_msm5006_20260701T000000Z_010000Z.json,landing_region_08ea81d123b5::landing_region_1d5c9bdda1cc,"Marseille, France -> Rome, Italy",1.0,1,1,1,1,1,1,1,1.0,1,True,False,False,0.0,1.0
VE,M-Root,all_publicly_visible,5006,dns-root_m-root_msm5006_20260701T000000Z_010000Z.json,landing_region_382d2f85d165::landing_region_b3c39d3335c0,"Cabimas, Venezuela -> Maracaibo, Venezuela",12.0,12,12,6,3,1,8,5,0.6666666666666666,1,True,False,False,12.0,0.0
VE,M-Root,all_publicly_visible,5006,dns-root_m-root_msm5006_20260701T000000Z_010000Z.json,landing_region_bc6c664daa8f::landing_region_df61fea74887,"Alupang, Guam -> El Segundo, CA, United States",6.0,6,6,6,5,4,8,5,0.3333333333333333,2,False,True,False,0.0,6.0
VE,M-Root,resolved_entry_only,5006,dns-root_m-root_msm5006_20260701T000000Z_010000Z.json,landing_region_382d2f85d165::landing_region_b3c39d3335c0,"Cabimas, Venezuela -> Maracaibo, Venezuela",12.0,12,12,6,3,1,7,5,0.75,1,True,False,False,12.0,0.0
VE,M-Root,resolved_entry_only,5006,dns-root_m-root_msm5006_20260701T000000Z_010000Z.json,landing_region_bc6c664daa8f::landing_region_df61fea74887,"Alupang, Guam -> El Segundo, CA, United States",4.0,4,4,4,4,4,7,5,0.25,2,False,True,False,0.0,4.0
VI,M-Root,all_publicly_visible,5006,dns-root_m-root_msm5006_20260701T000000Z_010000Z.json,landing_region_bd03623e84bf::landing_region_fd5565d28cce,"Hollywood, FL, United States -> St. Croix, Virgin Islands, Virgin Islands (U.S.)",4.0,4,4,4,2,1,2,1,0.5714285714285714,1,True,False,False,0.0,4.0
VI,M-Root,all_publicly_visible,5006,dns-root_m-root_msm5006_20260701T000000Z_010000Z.json,landing_region_bc6c664daa8f::landing_region_df61fea74887,"Alupang, Guam -> El Segundo, CA, United States",3.0,3,3,3,2,1,2,1,0.42857142857142855,2,False,True,False,0.0,3.0
VI,M-Root,resolved_entry_only,5006,dns-root_m-root_msm5006_20260701T000000Z_010000Z.json,landing_region_bd03623e84bf::landing_region_fd5565d28cce,"Hollywood, FL, United States -> St. Croix, Virgin Islands, Virgin Islands (U.S.)",4.0,4,4,4,2,1,2,1,0.5714285714285714,1,True,False,False,0.0,4.0
VI,M-Root,resolved_entry_only,5006,dns-root_m-root_msm5006_20260701T000000Z_010000Z.json,landing_region_bc6c664daa8f::landing_region_df61fea74887,"Alupang, Guam -> El Segundo, CA, United States",3.0,3,3,3,2,1,2,1,0.42857142857142855,2,False,True,False,0.0,3.0
VN,M-Root,all_publicly_visible,5006,dns-root_m-root_msm5006_20260701T000000Z_010000Z.json,landing_region_08ea81d123b5::landing_region_af2b1cb46785,"Marseille, France -> Tuas, Singapore",1.0,2,2,2,2,1,2,1,0.3333333333333333,1,True,False,False,0.0,1.0
VN,M-Root,all_publicly_visible,5006,dns-root_m-root_msm5006_20260701T000000Z_010000Z.json,landing_region_16217d497d23::landing_region_af2b1cb46785,"Toulon, France -> Tuas, Singapore",1.0,2,2,2,2,1,2,1,0.3333333333333333,2,False,True,False,0.0,1.0
VN,M-Root,all_publicly_visible,5006,dns-root_m-root_msm5006_20260701T000000Z_010000Z.json,landing_region_5d023e72c246::landing_region_b37879c52c2b,"Singapore, Singapore -> Batam, Indonesia",0.3333333333333333,1,1,1,1,1,2,1,0.1111111111111111,3,False,False,True,0.3333333333333333,0.0
VN,M-Root,all_publicly_visible,5006,dns-root_m-root_msm5006_20260701T000000Z_010000Z.json,landing_region_9430e1a9028b::landing_region_b37879c52c2b,"Changi North, Singapore -> Batam, Indonesia",0.3333333333333333,1,1,1,1,1,2,1,0.1111111111111111,4,False,False,False,0.3333333333333333,0.0
VN,M-Root,all_publicly_visible,5006,dns-root_m-root_msm5006_20260701T000000Z_010000Z.json,landing_region_af2b1cb46785::landing_region_b37879c52c2b,"Tuas, Singapore -> Batam, Indonesia",0.3333333333333333,1,1,1,1,1,2,1,0.1111111111111111,5,False,False,False,0.3333333333333333,0.0
VN,M-Root,resolved_entry_only,5006,dns-root_m-root_msm5006_20260701T000000Z_010000Z.json,landing_region_08ea81d123b5::landing_region_af2b1cb46785,"Marseille, France -> Tuas, Singapore",1.0,2,2,2,2,1,2,1,0.3333333333333333,1,True,False,False,0.0,1.0
VN,M-Root,resolved_entry_only,5006,dns-root_m-root_msm5006_20260701T000000Z_010000Z.json,landing_region_16217d497d23::landing_region_af2b1cb46785,"Toulon, France -> Tuas, Singapore",1.0,2,2,2,2,1,2,1,0.3333333333333333,2,False,True,False,0.0,1.0
VN,M-Root,resolved_entry_only,5006,dns-root_m-root_msm5006_20260701T000000Z_010000Z.json,landing_region_5d023e72c246::landing_region_b37879c52c2b,"Singapore, Singapore -> Batam, Indonesia",0.3333333333333333,1,1,1,1,1,2,1,0.1111111111111111,3,False,False,True,0.3333333333333333,0.0
VN,M-Root,resolved_entry_only,5006,dns-root_m-root_msm5006_20260701T000000Z_010000Z.json,landing_region_9430e1a9028b::landing_region_b37879c52c2b,"Changi North, Singapore -> Batam, Indonesia",0.3333333333333333,1,1,1,1,1,2,1,0.1111111111111111,4,False,False,False,0.3333333333333333,0.0
VN,M-Root,resolved_entry_only,5006,dns-root_m-root_msm5006_20260701T000000Z_010000Z.json,landing_region_af2b1cb46785::landing_region_b37879c52c2b,"Tuas, Singapore -> Batam, Indonesia",0.3333333333333333,1,1,1,1,1,2,1,0.1111111111111111,5,False,False,False,0.3333333333333333,0.0
VU,M-Root,all_publicly_visible,5006,dns-root_m-root_msm5006_20260701T000000Z_010000Z.json,landing_region_1cece50a3587::landing_region_58084817cbe7,"Suva, Fiji -> Paddington, NSW, Australia",2.0,2,2,2,1,1,1,1,0.2222222222222222,1,True,False,False,0.0,2.0
VU,M-Root,all_publicly_visible,5006,dns-root_m-root_msm5006_20260701T000000Z_010000Z.json,landing_region_3996aeca3c5e::landing_region_58084817cbe7,"Perth, WA, Australia -> Paddington, NSW, Australia",2.0,2,2,2,1,1,1,1,0.2222222222222222,2,False,True,False,2.0,0.0
VU,M-Root,all_publicly_visible,5006,dns-root_m-root_msm5006_20260701T000000Z_010000Z.json,landing_region_3996aeca3c5e::landing_region_5d023e72c246,"Perth, WA, Australia -> Singapore, Singapore",1.0,2,2,2,1,1,1,1,0.1111111111111111,3,False,False,True,0.0,1.0
VU,M-Root,all_publicly_visible,5006,dns-root_m-root_msm5006_20260701T000000Z_010000Z.json,landing_region_3996aeca3c5e::landing_region_af2b1cb46785,"Perth, WA, Australia -> Tuas, Singapore",1.0,2,2,2,1,1,1,1,0.1111111111111111,4,False,False,False,0.0,1.0
VU,M-Root,all_publicly_visible,5006,dns-root_m-root_msm5006_20260701T000000Z_010000Z.json,landing_region_5d023e72c246::landing_region_b37879c52c2b,"Singapore, Singapore -> Batam, Indonesia",1.0,3,3,2,1,1,1,1,0.1111111111111111,5,False,False,False,1.0,0.0
VU,M-Root,all_publicly_visible,5006,dns-root_m-root_msm5006_20260701T000000Z_010000Z.json,landing_region_9430e1a9028b::landing_region_b37879c52c2b,"Changi North, Singapore -> Batam, Indonesia",1.0,3,3,2,1,1,1,1,0.1111111111111111,6,False,False,False,1.0,0.0
VU,M-Root,all_publicly_visible,5006,dns-root_m-root_msm5006_20260701T000000Z_010000Z.json,landing_region_af2b1cb46785::landing_region_b37879c52c2b,"Tuas, Singapore -> Batam, Indonesia",1.0,3,3,2,1,1,1,1,0.1111111111111111,7,False,False,False,1.0,0.0
VU,M-Root,resolved_entry_only,5006,dns-root_m-root_msm5006_20260701T000000Z_010000Z.json,landing_region_1cece50a3587::landing_region_58084817cbe7,"Suva, Fiji -> Paddington, NSW, Australia",2.0,2,2,2,1,1,1,1,0.2222222222222222,1,True,False,False,0.0,2.0
VU,M-Root,resolved_entry_only,5006,dns-root_m-root_msm5006_20260701T000000Z_010000Z.json,landing_region_3996aeca3c5e::landing_region_58084817cbe7,"Perth, WA, Australia -> Paddington, NSW, Australia",2.0,2,2,2,1,1,1,1,0.2222222222222222,2,False,True,False,2.0,0.0
VU,M-Root,resolved_entry_only,5006,dns-root_m-root_msm5006_20260701T000000Z_010000Z.json,landing_region_3996aeca3c5e::landing_region_5d023e72c246,"Perth, WA, Australia -> Singapore, Singapore",1.0,2,2,2,1,1,1,1,0.1111111111111111,3,False,False,True,0.0,1.0
VU,M-Root,resolved_entry_only,5006,dns-root_m-root_msm5006_20260701T000000Z_010000Z.json,landing_region_3996aeca3c5e::landing_region_af2b1cb46785,"Perth, WA, Australia -> Tuas, Singapore",1.0,2,2,2,1,1,1,1,0.1111111111111111,4,False,False,False,0.0,1.0
VU,M-Root,resolved_entry_only,5006,dns-root_m-root_msm5006_20260701T000000Z_010000Z.json,landing_region_5d023e72c246::landing_region_b37879c52c2b,"Singapore, Singapore -> Batam, Indonesia",1.0,3,3,2,1,1,1,1,0.1111111111111111,5,False,False,False,1.0,0.0
VU,M-Root,resolved_entry_only,5006,dns-root_m-root_msm5006_20260701T000000Z_010000Z.json,landing_region_9430e1a9028b::landing_region_b37879c52c2b,"Changi North, Singapore -> Batam, Indonesia",1.0,3,3,2,1,1,1,1,0.1111111111111111,6,False,False,False,1.0,0.0
VU,M-Root,resolved_entry_only,5006,dns-root_m-root_msm5006_20260701T000000Z_010000Z.json,landing_region_af2b1cb46785::landing_region_b37879c52c2b,"Tuas, Singapore -> Batam, Indonesia",1.0,3,3,2,1,1,1,1,0.1111111111111111,7,False,False,False,1.0,0.0
ZA,M-Root,all_publicly_visible,5006,dns-root_m-root_msm5006_20260701T000000Z_010000Z.json,landing_region_343850da3642::landing_region_44e270aeb18c,"Carcavelos, Portugal -> Melkbosstrand, South Africa",46.0,92,92,92,48,33,60,42,0.3458646616541353,1,True,False,False,0.0,46.0
ZA,M-Root,all_publicly_visible,5006,dns-root_m-root_msm5006_20260701T000000Z_010000Z.json,landing_region_44e270aeb18c::landing_region_f7627feb3284,"Melkbosstrand, South Africa -> Seixal, Portugal",46.0,92,92,92,48,33,60,42,0.3458646616541353,2,False,True,False,0.0,46.0
ZA,M-Root,all_publicly_visible,5006,dns-root_m-root_msm5006_20260701T000000Z_010000Z.json,landing_region_44e270aeb18c::landing_region_eafefa1c1ea4,"Melkbosstrand, South Africa -> Amanzimtoti, South Africa",7.0,7,7,6,3,3,60,42,0.05263157894736842,3,False,False,True,7.0,0.0
ZA,M-Root,all_publicly_visible,5006,dns-root_m-root_msm5006_20260701T000000Z_010000Z.json,landing_region_08ea81d123b5::landing_region_af2b1cb46785,"Marseille, France -> Tuas, Singapore",5.5,11,11,11,7,4,60,42,0.041353383458646614,4,False,False,False,0.0,5.5
ZA,M-Root,all_publicly_visible,5006,dns-root_m-root_msm5006_20260701T000000Z_010000Z.json,landing_region_16217d497d23::landing_region_af2b1cb46785,"Toulon, France -> Tuas, Singapore",5.5,11,11,11,7,4,60,42,0.041353383458646614,5,False,False,False,0.0,5.5
ZA,M-Root,all_publicly_visible,5006,dns-root_m-root_msm5006_20260701T000000Z_010000Z.json,landing_region_5d023e72c246::landing_region_b37879c52c2b,"Singapore, Singapore -> Batam, Indonesia",4.333333333333333,13,13,6,3,3,60,42,0.03258145363408521,6,False,False,False,4.333333333333333,0.0
ZA,M-Root,all_publicly_visible,5006,dns-root_m-root_msm5006_20260701T000000Z_010000Z.json,landing_region_9430e1a9028b::landing_region_b37879c52c2b,"Changi North, Singapore -> Batam, Indonesia",4.333333333333333,13,13,6,3,3,60,42,0.03258145363408521,7,False,False,False,4.333333333333333,0.0
ZA,M-Root,all_publicly_visible,5006,dns-root_m-root_msm5006_20260701T000000Z_010000Z.json,landing_region_af2b1cb46785::landing_region_b37879c52c2b,"Tuas, Singapore -> Batam, Indonesia",4.333333333333333,13,13,6,3,3,60,42,0.03258145363408521,8,False,False,False,4.333333333333333,0.0
ZA,M-Root,all_publicly_visible,5006,dns-root_m-root_msm5006_20260701T000000Z_010000Z.json,landing_region_08ea81d123b5::landing_region_8eb611963dd1,"Marseille, France -> Barcelona, Spain",4.0,4,4,4,2,2,60,42,0.03007518796992481,9,False,False,False,0.0,4.0
ZA,M-Root,all_publicly_visible,5006,dns-root_m-root_msm5006_20260701T000000Z_010000Z.json,landing_region_2231deadae71::landing_region_44e270aeb18c,"Baie Jacotet, Mauritius -> Melkbosstrand, South Africa",4.0,4,4,4,3,3,60,42,0.03007518796992481,10,False,False,False,0.0,4.0
ZA,M-Root,all_publicly_visible,5006,dns-root_m-root_msm5006_20260701T000000Z_010000Z.json,landing_region_5d023e72c246::landing_region_7a7da5f2aeb1,"Singapore, Singapore -> Lantau Island, China",0.5,2,2,2,1,1,60,42,0.0037593984962406013,11,False,False,False,0.0,0.5
ZA,M-Root,all_publicly_visible,5006,dns-root_m-root_msm5006_20260701T000000Z_010000Z.json,landing_region_7a7da5f2aeb1::landing_region_9430e1a9028b,"Lantau Island, China -> Changi North, Singapore",0.5,2,2,2,1,1,60,42,0.0037593984962406013,12,False,False,False,0.0,0.5
ZA,M-Root,all_publicly_visible,5006,dns-root_m-root_msm5006_20260701T000000Z_010000Z.json,landing_region_85e39fb7d29e::landing_region_9430e1a9028b,"Chai Wan, China -> Changi North, Singapore",0.5,2,2,2,1,1,60,42,0.0037593984962406013,13,False,False,False,0.0,0.5
ZA,M-Root,all_publicly_visible,5006,dns-root_m-root_msm5006_20260701T000000Z_010000Z.json,landing_region_85e39fb7d29e::landing_region_af2b1cb46785,"Chai Wan, China -> Tuas, Singapore",0.5,2,2,2,1,1,60,42,0.0037593984962406013,14,False,False,False,0.0,0.5
ZA,M-Root,resolved_entry_only,5006,dns-root_m-root_msm5006_20260701T000000Z_010000Z.json,landing_region_343850da3642::landing_region_44e270aeb18c,"Carcavelos, Portugal -> Melkbosstrand, South Africa",46.0,92,92,92,48,33,60,42,0.3458646616541353,1,True,False,False,0.0,46.0
ZA,M-Root,resolved_entry_only,5006,dns-root_m-root_msm5006_20260701T000000Z_010000Z.json,landing_region_44e270aeb18c::landing_region_f7627feb3284,"Melkbosstrand, South Africa -> Seixal, Portugal",46.0,92,92,92,48,33,60,42,0.3458646616541353,2,False,True,False,0.0,46.0
ZA,M-Root,resolved_entry_only,5006,dns-root_m-root_msm5006_20260701T000000Z_010000Z.json,landing_region_44e270aeb18c::landing_region_eafefa1c1ea4,"Melkbosstrand, South Africa -> Amanzimtoti, South Africa",7.0,7,7,6,3,3,60,42,0.05263157894736842,3,False,False,True,7.0,0.0
ZA,M-Root,resolved_entry_only,5006,dns-root_m-root_msm5006_20260701T000000Z_010000Z.json,landing_region_08ea81d123b5::landing_region_af2b1cb46785,"Marseille, France -> Tuas, Singapore",5.5,11,11,11,7,4,60,42,0.041353383458646614,4,False,False,False,0.0,5.5
ZA,M-Root,resolved_entry_only,5006,dns-root_m-root_msm5006_20260701T000000Z_010000Z.json,landing_region_16217d497d23::landing_region_af2b1cb46785,"Toulon, France -> Tuas, Singapore",5.5,11,11,11,7,4,60,42,0.041353383458646614,5,False,False,False,0.0,5.5
ZA,M-Root,resolved_entry_only,5006,dns-root_m-root_msm5006_20260701T000000Z_010000Z.json,landing_region_5d023e72c246::landing_region_b37879c52c2b,"Singapore, Singapore -> Batam, Indonesia",4.333333333333333,13,13,6,3,3,60,42,0.03258145363408521,6,False,False,False,4.333333333333333,0.0
ZA,M-Root,resolved_entry_only,5006,dns-root_m-root_msm5006_20260701T000000Z_010000Z.json,landing_region_9430e1a9028b::landing_region_b37879c52c2b,"Changi North, Singapore -> Batam, Indonesia",4.333333333333333,13,13,6,3,3,60,42,0.03258145363408521,7,False,False,False,4.333333333333333,0.0
ZA,M-Root,resolved_entry_only,5006,dns-root_m-root_msm5006_20260701T000000Z_010000Z.json,landing_region_af2b1cb46785::landing_region_b37879c52c2b,"Tuas, Singapore -> Batam, Indonesia",4.333333333333333,13,13,6,3,3,60,42,0.03258145363408521,8,False,False,False,4.333333333333333,0.0
ZA,M-Root,resolved_entry_only,5006,dns-root_m-root_msm5006_20260701T000000Z_010000Z.json,landing_region_08ea81d123b5::landing_region_8eb611963dd1,"Marseille, France -> Barcelona, Spain",4.0,4,4,4,2,2,60,42,0.03007518796992481,9,False,False,False,0.0,4.0
ZA,M-Root,resolved_entry_only,5006,dns-root_m-root_msm5006_20260701T000000Z_010000Z.json,landing_region_2231deadae71::landing_region_44e270aeb18c,"Baie Jacotet, Mauritius -> Melkbosstrand, South Africa",4.0,4,4,4,3,3,60,42,0.03007518796992481,10,False,False,False,0.0,4.0
ZA,M-Root,resolved_entry_only,5006,dns-root_m-root_msm5006_20260701T000000Z_010000Z.json,landing_region_5d023e72c246::landing_region_7a7da5f2aeb1,"Singapore, Singapore -> Lantau Island, China",0.5,2,2,2,1,1,60,42,0.0037593984962406013,11,False,False,False,0.0,0.5
ZA,M-Root,resolved_entry_only,5006,dns-root_m-root_msm5006_20260701T000000Z_010000Z.json,landing_region_7a7da5f2aeb1::landing_region_9430e1a9028b,"Lantau Island, China -> Changi North, Singapore",0.5,2,2,2,1,1,60,42,0.0037593984962406013,12,False,False,False,0.0,0.5
ZA,M-Root,resolved_entry_only,5006,dns-root_m-root_msm5006_20260701T000000Z_010000Z.json,landing_region_85e39fb7d29e::landing_region_9430e1a9028b,"Chai Wan, China -> Changi North, Singapore",0.5,2,2,2,1,1,60,42,0.0037593984962406013,13,False,False,False,0.0,0.5
ZA,M-Root,resolved_entry_only,5006,dns-root_m-root_msm5006_20260701T000000Z_010000Z.json,landing_region_85e39fb7d29e::landing_region_af2b1cb46785,"Chai Wan, China -> Tuas, Singapore",0.5,2,2,2,1,1,60,42,0.0037593984962406013,14,False,False,False,0.0,0.5
ZM,M-Root,all_publicly_visible,5006,dns-root_m-root_msm5006_20260701T000000Z_010000Z.json,landing_region_343850da3642::landing_region_f7627feb3284,"Carcavelos, Portugal -> Seixal, Portugal",2.0,2,2,2,1,1,1,1,1.0,1,True,False,False,2.0,0.0
ZM,M-Root,resolved_entry_only,5006,dns-root_m-root_msm5006_20260701T000000Z_010000Z.json,landing_region_343850da3642::landing_region_f7627feb3284,"Carcavelos, Portugal -> Seixal, Portugal",2.0,2,2,2,1,1,1,1,1.0,1,True,False,False,2.0,0.0
