probe_country,country_geography_type,country_geography_classification_source,path_scope_stratum,total_valid_traces,mappable_traces,traces_with_inter_region_candidates,traces_with_domestic_inter_region_candidates,traces_with_international_inter_region_candidates,traces_with_intra_region_candidates,inter_region_candidate_exposure_rate,inter_region_candidate_rate_among_mappable_traces,domestic_inter_region_candidate_exposure_rate,international_inter_region_candidate_exposure_rate,intra_region_candidate_rate,candidate_dependency_proxy_rate,candidate_dependency_proxy_tier,unique_services,unique_probes,unique_probe_asns,service_entry_resolution_rate,geography_summary_eligible,geography_summary_eligibility_reason,candidate_dependency_proxy_interpretation
?,unknown,unclassified_or_missing_country_code,all_publicly_visible,2,2,0,0,0,0,0.0,0.0,0.0,0.0,0.0,0.0,no_observed_inter_region_candidate_exposure,1,1,1,1.0,False,"insufficient_minimum_mappable_traces,minimum_unique_probes,minimum_unique_probe_asns",trace share with at least one feasible domestic or international inter-region submarine-corridor candidate; not actual cable use or traffic dependency
?,unknown,unclassified_or_missing_country_code,resolved_entry_only,2,2,0,0,0,0,0.0,0.0,0.0,0.0,0.0,0.0,no_observed_inter_region_candidate_exposure,1,1,1,1.0,False,"insufficient_minimum_mappable_traces,minimum_unique_probes,minimum_unique_probe_asns",trace share with at least one feasible domestic or international inter-region submarine-corridor candidate; not actual cable use or traffic dependency
AD,landlocked,catalog_landlocked_list,all_publicly_visible,6,6,0,0,0,0,0.0,0.0,0.0,0.0,0.0,0.0,no_observed_inter_region_candidate_exposure,1,3,1,1.0,False,"insufficient_minimum_mappable_traces,minimum_unique_probes,minimum_unique_probe_asns",trace share with at least one feasible domestic or international inter-region submarine-corridor candidate; not actual cable use or traffic dependency
AD,landlocked,catalog_landlocked_list,resolved_entry_only,6,6,0,0,0,0,0.0,0.0,0.0,0.0,0.0,0.0,no_observed_inter_region_candidate_exposure,1,3,1,1.0,False,"insufficient_minimum_mappable_traces,minimum_unique_probes,minimum_unique_probe_asns",trace share with at least one feasible domestic or international inter-region submarine-corridor candidate; not actual cable use or traffic dependency
AE,coastal_mainland_or_mixed,catalog_default_alpha2_rule,all_publicly_visible,44,32,2,2,0,0,0.045454545454545456,0.0625,0.045454545454545456,0.0,0.0,0.045454545454545456,low_candidate_dependency_proxy,1,22,14,0.7272727272727273,True,eligible,trace share with at least one feasible domestic or international inter-region submarine-corridor candidate; not actual cable use or traffic dependency
AE,coastal_mainland_or_mixed,catalog_default_alpha2_rule,resolved_entry_only,32,32,2,2,0,0,0.0625,0.0625,0.0625,0.0,0.0,0.0625,moderate_candidate_dependency_proxy,1,16,13,1.0,True,eligible,trace share with at least one feasible domestic or international inter-region submarine-corridor candidate; not actual cable use or traffic dependency
AF,landlocked,catalog_landlocked_list,all_publicly_visible,12,8,0,0,0,0,0.0,0.0,0.0,0.0,0.0,0.0,no_observed_inter_region_candidate_exposure,1,6,2,0.6666666666666666,False,"insufficient_minimum_mappable_traces,minimum_unique_probes,minimum_unique_probe_asns",trace share with at least one feasible domestic or international inter-region submarine-corridor candidate; not actual cable use or traffic dependency
AF,landlocked,catalog_landlocked_list,resolved_entry_only,8,8,0,0,0,0,0.0,0.0,0.0,0.0,0.0,0.0,no_observed_inter_region_candidate_exposure,1,4,2,1.0,False,"insufficient_minimum_mappable_traces,minimum_unique_probes,minimum_unique_probe_asns",trace share with at least one feasible domestic or international inter-region submarine-corridor candidate; not actual cable use or traffic dependency
AL,coastal_mainland_or_mixed,catalog_default_alpha2_rule,all_publicly_visible,58,54,4,0,4,0,0.06896551724137931,0.07407407407407407,0.0,0.06896551724137931,0.0,0.06896551724137931,moderate_candidate_dependency_proxy,1,29,20,0.896551724137931,True,eligible,trace share with at least one feasible domestic or international inter-region submarine-corridor candidate; not actual cable use or traffic dependency
AL,coastal_mainland_or_mixed,catalog_default_alpha2_rule,resolved_entry_only,52,52,4,0,4,0,0.07692307692307693,0.07692307692307693,0.0,0.07692307692307693,0.0,0.07692307692307693,moderate_candidate_dependency_proxy,1,26,17,1.0,True,eligible,trace share with at least one feasible domestic or international inter-region submarine-corridor candidate; not actual cable use or traffic dependency
AM,landlocked,catalog_landlocked_list,all_publicly_visible,42,42,0,0,0,0,0.0,0.0,0.0,0.0,0.0,0.0,no_observed_inter_region_candidate_exposure,1,21,10,0.9523809523809523,True,eligible,trace share with at least one feasible domestic or international inter-region submarine-corridor candidate; not actual cable use or traffic dependency
AM,landlocked,catalog_landlocked_list,resolved_entry_only,40,40,0,0,0,0,0.0,0.0,0.0,0.0,0.0,0.0,no_observed_inter_region_candidate_exposure,1,20,9,1.0,True,eligible,trace share with at least one feasible domestic or international inter-region submarine-corridor candidate; not actual cable use or traffic dependency
AO,coastal_mainland_or_mixed,catalog_default_alpha2_rule,all_publicly_visible,23,23,0,0,0,0,0.0,0.0,0.0,0.0,0.0,0.0,no_observed_inter_region_candidate_exposure,1,12,5,1.0,False,insufficient_minimum_mappable_traces,trace share with at least one feasible domestic or international inter-region submarine-corridor candidate; not actual cable use or traffic dependency
AO,coastal_mainland_or_mixed,catalog_default_alpha2_rule,resolved_entry_only,23,23,0,0,0,0,0.0,0.0,0.0,0.0,0.0,0.0,no_observed_inter_region_candidate_exposure,1,12,5,1.0,False,insufficient_minimum_mappable_traces,trace share with at least one feasible domestic or international inter-region submarine-corridor candidate; not actual cable use or traffic dependency
AR,coastal_mainland_or_mixed,catalog_default_alpha2_rule,all_publicly_visible,112,108,0,0,0,0,0.0,0.0,0.0,0.0,0.0,0.0,no_observed_inter_region_candidate_exposure,1,56,41,0.9642857142857143,True,eligible,trace share with at least one feasible domestic or international inter-region submarine-corridor candidate; not actual cable use or traffic dependency
AR,coastal_mainland_or_mixed,catalog_default_alpha2_rule,resolved_entry_only,108,108,0,0,0,0,0.0,0.0,0.0,0.0,0.0,0.0,no_observed_inter_region_candidate_exposure,1,54,40,1.0,True,eligible,trace share with at least one feasible domestic or international inter-region submarine-corridor candidate; not actual cable use or traffic dependency
AT,landlocked,catalog_landlocked_list,all_publicly_visible,448,435,0,0,0,6,0.0,0.0,0.0,0.0,0.013392857142857142,0.0,no_observed_inter_region_candidate_exposure,1,224,85,0.953125,True,eligible,trace share with at least one feasible domestic or international inter-region submarine-corridor candidate; not actual cable use or traffic dependency
AT,landlocked,catalog_landlocked_list,resolved_entry_only,427,427,0,0,0,6,0.0,0.0,0.0,0.0,0.01405152224824356,0.0,no_observed_inter_region_candidate_exposure,1,214,81,1.0,True,eligible,trace share with at least one feasible domestic or international inter-region submarine-corridor candidate; not actual cable use or traffic dependency
AU,coastal_mainland_or_mixed,catalog_default_alpha2_rule,all_publicly_visible,560,494,99,91,8,305,0.1767857142857143,0.20040485829959515,0.1625,0.014285714285714285,0.5446428571428571,0.1767857142857143,high_candidate_dependency_proxy,1,281,77,0.875,True,eligible,trace share with at least one feasible domestic or international inter-region submarine-corridor candidate; not actual cable use or traffic dependency
AU,coastal_mainland_or_mixed,catalog_default_alpha2_rule,resolved_entry_only,490,490,99,91,8,301,0.20204081632653062,0.20204081632653062,0.18571428571428572,0.0163265306122449,0.6142857142857143,0.20204081632653062,high_candidate_dependency_proxy,1,247,72,1.0,True,eligible,trace share with at least one feasible domestic or international inter-region submarine-corridor candidate; not actual cable use or traffic dependency
AX,coastal_mainland_or_mixed,catalog_default_alpha2_rule,all_publicly_visible,4,4,4,2,4,4,1.0,1.0,0.5,1.0,1.0,1.0,very_high_candidate_dependency_proxy,1,2,2,1.0,False,"insufficient_minimum_mappable_traces,minimum_unique_probes,minimum_unique_probe_asns",trace share with at least one feasible domestic or international inter-region submarine-corridor candidate; not actual cable use or traffic dependency
AX,coastal_mainland_or_mixed,catalog_default_alpha2_rule,resolved_entry_only,4,4,4,2,4,4,1.0,1.0,0.5,1.0,1.0,1.0,very_high_candidate_dependency_proxy,1,2,2,1.0,False,"insufficient_minimum_mappable_traces,minimum_unique_probes,minimum_unique_probe_asns",trace share with at least one feasible domestic or international inter-region submarine-corridor candidate; not actual cable use or traffic dependency
AZ,landlocked,catalog_landlocked_list,all_publicly_visible,18,14,0,0,0,0,0.0,0.0,0.0,0.0,0.0,0.0,no_observed_inter_region_candidate_exposure,1,9,8,0.7777777777777778,False,"insufficient_minimum_mappable_traces,minimum_unique_probes",trace share with at least one feasible domestic or international inter-region submarine-corridor candidate; not actual cable use or traffic dependency
AZ,landlocked,catalog_landlocked_list,resolved_entry_only,14,14,0,0,0,0,0.0,0.0,0.0,0.0,0.0,0.0,no_observed_inter_region_candidate_exposure,1,7,7,1.0,False,"insufficient_minimum_mappable_traces,minimum_unique_probes",trace share with at least one feasible domestic or international inter-region submarine-corridor candidate; not actual cable use or traffic dependency
BA,coastal_mainland_or_mixed,catalog_default_alpha2_rule,all_publicly_visible,30,28,0,0,0,0,0.0,0.0,0.0,0.0,0.0,0.0,no_observed_inter_region_candidate_exposure,1,15,7,0.9,False,insufficient_minimum_mappable_traces,trace share with at least one feasible domestic or international inter-region submarine-corridor candidate; not actual cable use or traffic dependency
BA,coastal_mainland_or_mixed,catalog_default_alpha2_rule,resolved_entry_only,27,27,0,0,0,0,0.0,0.0,0.0,0.0,0.0,0.0,no_observed_inter_region_candidate_exposure,1,14,7,1.0,False,insufficient_minimum_mappable_traces,trace share with at least one feasible domestic or international inter-region submarine-corridor candidate; not actual cable use or traffic dependency
BB,island_or_archipelagic,catalog_island_or_archipelagic_list,all_publicly_visible,2,2,1,0,1,0,0.5,0.5,0.0,0.5,0.0,0.5,very_high_candidate_dependency_proxy,1,1,1,0.0,False,"insufficient_minimum_mappable_traces,minimum_unique_probes,minimum_unique_probe_asns",trace share with at least one feasible domestic or international inter-region submarine-corridor candidate; not actual cable use or traffic dependency
BB,island_or_archipelagic,catalog_island_or_archipelagic_list,resolved_entry_only,0,0,0,0,0,0,,,,,,,unknown_candidate_dependency_proxy,0,0,0,,False,"insufficient_minimum_mappable_traces,minimum_unique_probes,minimum_unique_probe_asns",trace share with at least one feasible domestic or international inter-region submarine-corridor candidate; not actual cable use or traffic dependency
BD,coastal_mainland_or_mixed,catalog_default_alpha2_rule,all_publicly_visible,22,20,0,0,0,0,0.0,0.0,0.0,0.0,0.0,0.0,no_observed_inter_region_candidate_exposure,1,11,7,0.9090909090909091,False,insufficient_minimum_mappable_traces,trace share with at least one feasible domestic or international inter-region submarine-corridor candidate; not actual cable use or traffic dependency
BD,coastal_mainland_or_mixed,catalog_default_alpha2_rule,resolved_entry_only,20,20,0,0,0,0,0.0,0.0,0.0,0.0,0.0,0.0,no_observed_inter_region_candidate_exposure,1,11,7,1.0,False,insufficient_minimum_mappable_traces,trace share with at least one feasible domestic or international inter-region submarine-corridor candidate; not actual cable use or traffic dependency
BE,coastal_mainland_or_mixed,catalog_default_alpha2_rule,all_publicly_visible,320,318,0,0,0,0,0.0,0.0,0.0,0.0,0.0,0.0,no_observed_inter_region_candidate_exposure,1,160,28,0.99375,True,eligible,trace share with at least one feasible domestic or international inter-region submarine-corridor candidate; not actual cable use or traffic dependency
BE,coastal_mainland_or_mixed,catalog_default_alpha2_rule,resolved_entry_only,318,318,0,0,0,0,0.0,0.0,0.0,0.0,0.0,0.0,no_observed_inter_region_candidate_exposure,1,159,28,1.0,True,eligible,trace share with at least one feasible domestic or international inter-region submarine-corridor candidate; not actual cable use or traffic dependency
BF,landlocked,catalog_landlocked_list,all_publicly_visible,8,6,6,0,6,0,0.75,1.0,0.0,0.75,0.0,0.75,very_high_candidate_dependency_proxy,1,4,3,0.75,False,"insufficient_minimum_mappable_traces,minimum_unique_probes",trace share with at least one feasible domestic or international inter-region submarine-corridor candidate; not actual cable use or traffic dependency
BF,landlocked,catalog_landlocked_list,resolved_entry_only,6,6,6,0,6,0,1.0,1.0,0.0,1.0,0.0,1.0,very_high_candidate_dependency_proxy,1,3,2,1.0,False,"insufficient_minimum_mappable_traces,minimum_unique_probes,minimum_unique_probe_asns",trace share with at least one feasible domestic or international inter-region submarine-corridor candidate; not actual cable use or traffic dependency
BG,coastal_mainland_or_mixed,catalog_default_alpha2_rule,all_publicly_visible,180,178,0,0,0,2,0.0,0.0,0.0,0.0,0.011111111111111112,0.0,no_observed_inter_region_candidate_exposure,1,90,50,0.9777777777777777,True,eligible,trace share with at least one feasible domestic or international inter-region submarine-corridor candidate; not actual cable use or traffic dependency
BG,coastal_mainland_or_mixed,catalog_default_alpha2_rule,resolved_entry_only,176,176,0,0,0,2,0.0,0.0,0.0,0.0,0.011363636363636364,0.0,no_observed_inter_region_candidate_exposure,1,88,49,1.0,True,eligible,trace share with at least one feasible domestic or international inter-region submarine-corridor candidate; not actual cable use or traffic dependency
BH,island_or_archipelagic,catalog_island_or_archipelagic_list,all_publicly_visible,12,10,2,0,2,5,0.16666666666666666,0.2,0.0,0.16666666666666666,0.4166666666666667,0.16666666666666666,high_candidate_dependency_proxy,1,6,3,0.8333333333333334,False,"insufficient_minimum_mappable_traces,minimum_unique_probes",trace share with at least one feasible domestic or international inter-region submarine-corridor candidate; not actual cable use or traffic dependency
BH,island_or_archipelagic,catalog_island_or_archipelagic_list,resolved_entry_only,10,10,2,0,2,5,0.2,0.2,0.0,0.2,0.5,0.2,high_candidate_dependency_proxy,1,5,3,1.0,False,"insufficient_minimum_mappable_traces,minimum_unique_probes",trace share with at least one feasible domestic or international inter-region submarine-corridor candidate; not actual cable use or traffic dependency
BI,landlocked,catalog_landlocked_list,all_publicly_visible,2,2,0,0,0,0,0.0,0.0,0.0,0.0,0.0,0.0,no_observed_inter_region_candidate_exposure,1,1,1,1.0,False,"insufficient_minimum_mappable_traces,minimum_unique_probes,minimum_unique_probe_asns",trace share with at least one feasible domestic or international inter-region submarine-corridor candidate; not actual cable use or traffic dependency
BI,landlocked,catalog_landlocked_list,resolved_entry_only,2,2,0,0,0,0,0.0,0.0,0.0,0.0,0.0,0.0,no_observed_inter_region_candidate_exposure,1,1,1,1.0,False,"insufficient_minimum_mappable_traces,minimum_unique_probes,minimum_unique_probe_asns",trace share with at least one feasible domestic or international inter-region submarine-corridor candidate; not actual cable use or traffic dependency
BJ,coastal_mainland_or_mixed,catalog_default_alpha2_rule,all_publicly_visible,20,20,1,0,1,0,0.05,0.05,0.0,0.05,0.0,0.05,moderate_candidate_dependency_proxy,1,10,5,1.0,False,insufficient_minimum_mappable_traces,trace share with at least one feasible domestic or international inter-region submarine-corridor candidate; not actual cable use or traffic dependency
BJ,coastal_mainland_or_mixed,catalog_default_alpha2_rule,resolved_entry_only,20,20,1,0,1,0,0.05,0.05,0.0,0.05,0.0,0.05,moderate_candidate_dependency_proxy,1,10,5,1.0,False,insufficient_minimum_mappable_traces,trace share with at least one feasible domestic or international inter-region submarine-corridor candidate; not actual cable use or traffic dependency
BL,island_or_archipelagic,catalog_island_or_archipelagic_list,all_publicly_visible,2,2,0,0,0,0,0.0,0.0,0.0,0.0,0.0,0.0,no_observed_inter_region_candidate_exposure,1,1,1,1.0,False,"insufficient_minimum_mappable_traces,minimum_unique_probes,minimum_unique_probe_asns",trace share with at least one feasible domestic or international inter-region submarine-corridor candidate; not actual cable use or traffic dependency
BL,island_or_archipelagic,catalog_island_or_archipelagic_list,resolved_entry_only,2,2,0,0,0,0,0.0,0.0,0.0,0.0,0.0,0.0,no_observed_inter_region_candidate_exposure,1,1,1,1.0,False,"insufficient_minimum_mappable_traces,minimum_unique_probes,minimum_unique_probe_asns",trace share with at least one feasible domestic or international inter-region submarine-corridor candidate; not actual cable use or traffic dependency
BO,landlocked,catalog_landlocked_list,all_publicly_visible,36,36,12,0,12,0,0.3333333333333333,0.3333333333333333,0.0,0.3333333333333333,0.0,0.3333333333333333,very_high_candidate_dependency_proxy,1,18,8,1.0,True,eligible,trace share with at least one feasible domestic or international inter-region submarine-corridor candidate; not actual cable use or traffic dependency
BO,landlocked,catalog_landlocked_list,resolved_entry_only,36,36,12,0,12,0,0.3333333333333333,0.3333333333333333,0.0,0.3333333333333333,0.0,0.3333333333333333,very_high_candidate_dependency_proxy,1,18,8,1.0,True,eligible,trace share with at least one feasible domestic or international inter-region submarine-corridor candidate; not actual cable use or traffic dependency
BR,coastal_mainland_or_mixed,catalog_default_alpha2_rule,all_publicly_visible,218,192,7,7,0,0,0.03211009174311927,0.036458333333333336,0.03211009174311927,0.0,0.0,0.03211009174311927,low_candidate_dependency_proxy,1,109,70,0.7889908256880734,True,eligible,trace share with at least one feasible domestic or international inter-region submarine-corridor candidate; not actual cable use or traffic dependency
BR,coastal_mainland_or_mixed,catalog_default_alpha2_rule,resolved_entry_only,172,172,5,5,0,0,0.029069767441860465,0.029069767441860465,0.029069767441860465,0.0,0.0,0.029069767441860465,low_candidate_dependency_proxy,1,86,61,1.0,True,eligible,trace share with at least one feasible domestic or international inter-region submarine-corridor candidate; not actual cable use or traffic dependency
BT,landlocked,catalog_landlocked_list,all_publicly_visible,4,2,0,0,0,0,0.0,0.0,0.0,0.0,0.0,0.0,no_observed_inter_region_candidate_exposure,1,2,2,0.5,False,"insufficient_minimum_mappable_traces,minimum_unique_probes,minimum_unique_probe_asns",trace share with at least one feasible domestic or international inter-region submarine-corridor candidate; not actual cable use or traffic dependency
BT,landlocked,catalog_landlocked_list,resolved_entry_only,2,2,0,0,0,0,0.0,0.0,0.0,0.0,0.0,0.0,no_observed_inter_region_candidate_exposure,1,1,1,1.0,False,"insufficient_minimum_mappable_traces,minimum_unique_probes,minimum_unique_probe_asns",trace share with at least one feasible domestic or international inter-region submarine-corridor candidate; not actual cable use or traffic dependency
BW,landlocked,catalog_landlocked_list,all_publicly_visible,2,2,0,0,0,0,0.0,0.0,0.0,0.0,0.0,0.0,no_observed_inter_region_candidate_exposure,1,1,1,1.0,False,"insufficient_minimum_mappable_traces,minimum_unique_probes,minimum_unique_probe_asns",trace share with at least one feasible domestic or international inter-region submarine-corridor candidate; not actual cable use or traffic dependency
BW,landlocked,catalog_landlocked_list,resolved_entry_only,2,2,0,0,0,0,0.0,0.0,0.0,0.0,0.0,0.0,no_observed_inter_region_candidate_exposure,1,1,1,1.0,False,"insufficient_minimum_mappable_traces,minimum_unique_probes,minimum_unique_probe_asns",trace share with at least one feasible domestic or international inter-region submarine-corridor candidate; not actual cable use or traffic dependency
BY,landlocked,catalog_landlocked_list,all_publicly_visible,54,54,0,0,0,0,0.0,0.0,0.0,0.0,0.0,0.0,no_observed_inter_region_candidate_exposure,1,27,14,0.9629629629629629,True,eligible,trace share with at least one feasible domestic or international inter-region submarine-corridor candidate; not actual cable use or traffic dependency
BY,landlocked,catalog_landlocked_list,resolved_entry_only,52,52,0,0,0,0,0.0,0.0,0.0,0.0,0.0,0.0,no_observed_inter_region_candidate_exposure,1,26,13,1.0,True,eligible,trace share with at least one feasible domestic or international inter-region submarine-corridor candidate; not actual cable use or traffic dependency
CA,coastal_mainland_or_mixed,catalog_default_alpha2_rule,all_publicly_visible,621,595,110,83,102,89,0.17713365539452497,0.18487394957983194,0.13365539452495975,0.1642512077294686,0.143317230273752,0.17713365539452497,high_candidate_dependency_proxy,1,310,96,0.7278582930756844,True,eligible,trace share with at least one feasible domestic or international inter-region submarine-corridor candidate; not actual cable use or traffic dependency
CA,coastal_mainland_or_mixed,catalog_default_alpha2_rule,resolved_entry_only,452,452,110,83,102,89,0.24336283185840707,0.24336283185840707,0.1836283185840708,0.22566371681415928,0.19690265486725664,0.24336283185840707,high_candidate_dependency_proxy,1,227,79,1.0,True,eligible,trace share with at least one feasible domestic or international inter-region submarine-corridor candidate; not actual cable use or traffic dependency
CD,coastal_mainland_or_mixed,catalog_default_alpha2_rule,all_publicly_visible,6,6,0,0,0,0,0.0,0.0,0.0,0.0,0.0,0.0,no_observed_inter_region_candidate_exposure,1,3,3,1.0,False,"insufficient_minimum_mappable_traces,minimum_unique_probes",trace share with at least one feasible domestic or international inter-region submarine-corridor candidate; not actual cable use or traffic dependency
CD,coastal_mainland_or_mixed,catalog_default_alpha2_rule,resolved_entry_only,6,6,0,0,0,0,0.0,0.0,0.0,0.0,0.0,0.0,no_observed_inter_region_candidate_exposure,1,3,3,1.0,False,"insufficient_minimum_mappable_traces,minimum_unique_probes",trace share with at least one feasible domestic or international inter-region submarine-corridor candidate; not actual cable use or traffic dependency
CG,coastal_mainland_or_mixed,catalog_default_alpha2_rule,all_publicly_visible,6,6,0,0,0,0,0.0,0.0,0.0,0.0,0.0,0.0,no_observed_inter_region_candidate_exposure,1,3,2,1.0,False,"insufficient_minimum_mappable_traces,minimum_unique_probes,minimum_unique_probe_asns",trace share with at least one feasible domestic or international inter-region submarine-corridor candidate; not actual cable use or traffic dependency
CG,coastal_mainland_or_mixed,catalog_default_alpha2_rule,resolved_entry_only,6,6,0,0,0,0,0.0,0.0,0.0,0.0,0.0,0.0,no_observed_inter_region_candidate_exposure,1,3,2,1.0,False,"insufficient_minimum_mappable_traces,minimum_unique_probes,minimum_unique_probe_asns",trace share with at least one feasible domestic or international inter-region submarine-corridor candidate; not actual cable use or traffic dependency
CH,landlocked,catalog_landlocked_list,all_publicly_visible,681,653,0,0,0,49,0.0,0.0,0.0,0.0,0.07195301027900147,0.0,no_observed_inter_region_candidate_exposure,1,341,86,0.947136563876652,True,eligible,trace share with at least one feasible domestic or international inter-region submarine-corridor candidate; not actual cable use or traffic dependency
CH,landlocked,catalog_landlocked_list,resolved_entry_only,645,645,0,0,0,47,0.0,0.0,0.0,0.0,0.07286821705426356,0.0,no_observed_inter_region_candidate_exposure,1,323,83,1.0,True,eligible,trace share with at least one feasible domestic or international inter-region submarine-corridor candidate; not actual cable use or traffic dependency
CI,coastal_mainland_or_mixed,catalog_default_alpha2_rule,all_publicly_visible,4,4,2,0,2,0,0.5,0.5,0.0,0.5,0.0,0.5,very_high_candidate_dependency_proxy,1,2,2,1.0,False,"insufficient_minimum_mappable_traces,minimum_unique_probes,minimum_unique_probe_asns",trace share with at least one feasible domestic or international inter-region submarine-corridor candidate; not actual cable use or traffic dependency
CI,coastal_mainland_or_mixed,catalog_default_alpha2_rule,resolved_entry_only,4,4,2,0,2,0,0.5,0.5,0.0,0.5,0.0,0.5,very_high_candidate_dependency_proxy,1,2,2,1.0,False,"insufficient_minimum_mappable_traces,minimum_unique_probes,minimum_unique_probe_asns",trace share with at least one feasible domestic or international inter-region submarine-corridor candidate; not actual cable use or traffic dependency
CK,island_or_archipelagic,catalog_island_or_archipelagic_list,all_publicly_visible,2,2,0,0,0,2,0.0,0.0,0.0,0.0,1.0,0.0,no_observed_inter_region_candidate_exposure,1,1,1,1.0,False,"insufficient_minimum_mappable_traces,minimum_unique_probes,minimum_unique_probe_asns",trace share with at least one feasible domestic or international inter-region submarine-corridor candidate; not actual cable use or traffic dependency
CK,island_or_archipelagic,catalog_island_or_archipelagic_list,resolved_entry_only,2,2,0,0,0,2,0.0,0.0,0.0,0.0,1.0,0.0,no_observed_inter_region_candidate_exposure,1,1,1,1.0,False,"insufficient_minimum_mappable_traces,minimum_unique_probes,minimum_unique_probe_asns",trace share with at least one feasible domestic or international inter-region submarine-corridor candidate; not actual cable use or traffic dependency
CL,coastal_mainland_or_mixed,catalog_default_alpha2_rule,all_publicly_visible,172,168,0,0,0,0,0.0,0.0,0.0,0.0,0.0,0.0,no_observed_inter_region_candidate_exposure,1,86,37,0.9651162790697675,True,eligible,trace share with at least one feasible domestic or international inter-region submarine-corridor candidate; not actual cable use or traffic dependency
CL,coastal_mainland_or_mixed,catalog_default_alpha2_rule,resolved_entry_only,166,166,0,0,0,0,0.0,0.0,0.0,0.0,0.0,0.0,no_observed_inter_region_candidate_exposure,1,83,36,1.0,True,eligible,trace share with at least one feasible domestic or international inter-region submarine-corridor candidate; not actual cable use or traffic dependency
CM,coastal_mainland_or_mixed,catalog_default_alpha2_rule,all_publicly_visible,2,2,1,0,1,0,0.5,0.5,0.0,0.5,0.0,0.5,very_high_candidate_dependency_proxy,1,1,1,1.0,False,"insufficient_minimum_mappable_traces,minimum_unique_probes,minimum_unique_probe_asns",trace share with at least one feasible domestic or international inter-region submarine-corridor candidate; not actual cable use or traffic dependency
CM,coastal_mainland_or_mixed,catalog_default_alpha2_rule,resolved_entry_only,2,2,1,0,1,0,0.5,0.5,0.0,0.5,0.0,0.5,very_high_candidate_dependency_proxy,1,1,1,1.0,False,"insufficient_minimum_mappable_traces,minimum_unique_probes,minimum_unique_probe_asns",trace share with at least one feasible domestic or international inter-region submarine-corridor candidate; not actual cable use or traffic dependency
CN,coastal_mainland_or_mixed,catalog_default_alpha2_rule,all_publicly_visible,158,148,13,2,13,40,0.08227848101265822,0.08783783783783784,0.012658227848101266,0.08227848101265822,0.25316455696202533,0.08227848101265822,moderate_candidate_dependency_proxy,1,79,27,0.9113924050632911,True,eligible,trace share with at least one feasible domestic or international inter-region submarine-corridor candidate; not actual cable use or traffic dependency
CN,coastal_mainland_or_mixed,catalog_default_alpha2_rule,resolved_entry_only,144,144,13,2,13,39,0.09027777777777778,0.09027777777777778,0.013888888888888888,0.09027777777777778,0.2708333333333333,0.09027777777777778,moderate_candidate_dependency_proxy,1,73,26,1.0,True,eligible,trace share with at least one feasible domestic or international inter-region submarine-corridor candidate; not actual cable use or traffic dependency
CO,coastal_mainland_or_mixed,catalog_default_alpha2_rule,all_publicly_visible,86,80,10,5,6,0,0.11627906976744186,0.125,0.05813953488372093,0.06976744186046512,0.0,0.11627906976744186,moderate_candidate_dependency_proxy,1,43,29,0.8604651162790697,True,eligible,trace share with at least one feasible domestic or international inter-region submarine-corridor candidate; not actual cable use or traffic dependency
CO,coastal_mainland_or_mixed,catalog_default_alpha2_rule,resolved_entry_only,74,74,9,4,5,0,0.12162162162162163,0.12162162162162163,0.05405405405405406,0.06756756756756757,0.0,0.12162162162162163,moderate_candidate_dependency_proxy,1,37,25,1.0,True,eligible,trace share with at least one feasible domestic or international inter-region submarine-corridor candidate; not actual cable use or traffic dependency
CR,coastal_mainland_or_mixed,catalog_default_alpha2_rule,all_publicly_visible,36,30,0,0,0,0,0.0,0.0,0.0,0.0,0.0,0.0,no_observed_inter_region_candidate_exposure,1,18,9,0.5555555555555556,True,eligible,trace share with at least one feasible domestic or international inter-region submarine-corridor candidate; not actual cable use or traffic dependency
CR,coastal_mainland_or_mixed,catalog_default_alpha2_rule,resolved_entry_only,20,20,0,0,0,0,0.0,0.0,0.0,0.0,0.0,0.0,no_observed_inter_region_candidate_exposure,1,10,6,1.0,False,insufficient_minimum_mappable_traces,trace share with at least one feasible domestic or international inter-region submarine-corridor candidate; not actual cable use or traffic dependency
CU,island_or_archipelagic,catalog_island_or_archipelagic_list,all_publicly_visible,2,2,1,0,1,0,0.5,0.5,0.0,0.5,0.0,0.5,very_high_candidate_dependency_proxy,1,1,1,0.5,False,"insufficient_minimum_mappable_traces,minimum_unique_probes,minimum_unique_probe_asns",trace share with at least one feasible domestic or international inter-region submarine-corridor candidate; not actual cable use or traffic dependency
CU,island_or_archipelagic,catalog_island_or_archipelagic_list,resolved_entry_only,1,1,1,0,1,0,1.0,1.0,0.0,1.0,0.0,1.0,very_high_candidate_dependency_proxy,1,1,1,1.0,False,"insufficient_minimum_mappable_traces,minimum_unique_probes,minimum_unique_probe_asns",trace share with at least one feasible domestic or international inter-region submarine-corridor candidate; not actual cable use or traffic dependency
CV,island_or_archipelagic,catalog_island_or_archipelagic_list,all_publicly_visible,8,8,2,2,2,2,0.25,0.25,0.25,0.25,0.25,0.25,high_candidate_dependency_proxy,1,4,2,1.0,False,"insufficient_minimum_mappable_traces,minimum_unique_probes,minimum_unique_probe_asns",trace share with at least one feasible domestic or international inter-region submarine-corridor candidate; not actual cable use or traffic dependency
CV,island_or_archipelagic,catalog_island_or_archipelagic_list,resolved_entry_only,8,8,2,2,2,2,0.25,0.25,0.25,0.25,0.25,0.25,high_candidate_dependency_proxy,1,4,2,1.0,False,"insufficient_minimum_mappable_traces,minimum_unique_probes,minimum_unique_probe_asns",trace share with at least one feasible domestic or international inter-region submarine-corridor candidate; not actual cable use or traffic dependency
CW,island_or_archipelagic,catalog_island_or_archipelagic_list,all_publicly_visible,4,4,1,0,1,0,0.25,0.25,0.0,0.25,0.0,0.25,high_candidate_dependency_proxy,1,2,2,0.0,False,"insufficient_minimum_mappable_traces,minimum_unique_probes,minimum_unique_probe_asns",trace share with at least one feasible domestic or international inter-region submarine-corridor candidate; not actual cable use or traffic dependency
CW,island_or_archipelagic,catalog_island_or_archipelagic_list,resolved_entry_only,0,0,0,0,0,0,,,,,,,unknown_candidate_dependency_proxy,0,0,0,,False,"insufficient_minimum_mappable_traces,minimum_unique_probes,minimum_unique_probe_asns",trace share with at least one feasible domestic or international inter-region submarine-corridor candidate; not actual cable use or traffic dependency
CY,island_or_archipelagic,catalog_island_or_archipelagic_list,all_publicly_visible,28,26,6,0,6,0,0.21428571428571427,0.23076923076923078,0.0,0.21428571428571427,0.0,0.21428571428571427,high_candidate_dependency_proxy,1,14,7,0.9285714285714286,False,insufficient_minimum_mappable_traces,trace share with at least one feasible domestic or international inter-region submarine-corridor candidate; not actual cable use or traffic dependency
CY,island_or_archipelagic,catalog_island_or_archipelagic_list,resolved_entry_only,26,26,6,0,6,0,0.23076923076923078,0.23076923076923078,0.0,0.23076923076923078,0.0,0.23076923076923078,high_candidate_dependency_proxy,1,13,7,1.0,False,insufficient_minimum_mappable_traces,trace share with at least one feasible domestic or international inter-region submarine-corridor candidate; not actual cable use or traffic dependency
CZ,landlocked,catalog_landlocked_list,all_publicly_visible,567,559,0,0,0,0,0.0,0.0,0.0,0.0,0.0,0.0,no_observed_inter_region_candidate_exposure,1,284,112,0.9788359788359788,True,eligible,trace share with at least one feasible domestic or international inter-region submarine-corridor candidate; not actual cable use or traffic dependency
CZ,landlocked,catalog_landlocked_list,resolved_entry_only,555,555,0,0,0,0,0.0,0.0,0.0,0.0,0.0,0.0,no_observed_inter_region_candidate_exposure,1,278,110,1.0,True,eligible,trace share with at least one feasible domestic or international inter-region submarine-corridor candidate; not actual cable use or traffic dependency
DE,coastal_mainland_or_mixed,catalog_default_alpha2_rule,all_publicly_visible,3624,3521,2,0,2,20,0.0005518763796909492,0.0005680204487361545,0.0,0.0005518763796909492,0.005518763796909493,0.0005518763796909492,low_candidate_dependency_proxy,1,1813,407,0.9619205298013245,True,eligible,trace share with at least one feasible domestic or international inter-region submarine-corridor candidate; not actual cable use or traffic dependency
DE,coastal_mainland_or_mixed,catalog_default_alpha2_rule,resolved_entry_only,3486,3486,2,0,2,20,0.0005737234652897303,0.0005737234652897303,0.0,0.0005737234652897303,0.005737234652897304,0.0005737234652897303,low_candidate_dependency_proxy,1,1746,392,1.0,True,eligible,trace share with at least one feasible domestic or international inter-region submarine-corridor candidate; not actual cable use or traffic dependency
DJ,coastal_mainland_or_mixed,catalog_default_alpha2_rule,all_publicly_visible,6,6,0,0,0,0,0.0,0.0,0.0,0.0,0.0,0.0,no_observed_inter_region_candidate_exposure,1,3,2,1.0,False,"insufficient_minimum_mappable_traces,minimum_unique_probes,minimum_unique_probe_asns",trace share with at least one feasible domestic or international inter-region submarine-corridor candidate; not actual cable use or traffic dependency
DJ,coastal_mainland_or_mixed,catalog_default_alpha2_rule,resolved_entry_only,6,6,0,0,0,0,0.0,0.0,0.0,0.0,0.0,0.0,no_observed_inter_region_candidate_exposure,1,3,2,1.0,False,"insufficient_minimum_mappable_traces,minimum_unique_probes,minimum_unique_probe_asns",trace share with at least one feasible domestic or international inter-region submarine-corridor candidate; not actual cable use or traffic dependency
DK,coastal_mainland_or_mixed,catalog_default_alpha2_rule,all_publicly_visible,220,210,6,2,6,114,0.02727272727272727,0.02857142857142857,0.00909090909090909,0.02727272727272727,0.5181818181818182,0.02727272727272727,low_candidate_dependency_proxy,1,110,36,0.9363636363636364,True,eligible,trace share with at least one feasible domestic or international inter-region submarine-corridor candidate; not actual cable use or traffic dependency
DK,coastal_mainland_or_mixed,catalog_default_alpha2_rule,resolved_entry_only,206,206,6,2,6,114,0.02912621359223301,0.02912621359223301,0.009708737864077669,0.02912621359223301,0.5533980582524272,0.02912621359223301,low_candidate_dependency_proxy,1,103,35,1.0,True,eligible,trace share with at least one feasible domestic or international inter-region submarine-corridor candidate; not actual cable use or traffic dependency
DO,island_or_archipelagic,catalog_island_or_archipelagic_list,all_publicly_visible,15,15,1,0,1,0,0.06666666666666667,0.06666666666666667,0.0,0.06666666666666667,0.0,0.06666666666666667,moderate_candidate_dependency_proxy,1,9,7,0.8666666666666667,False,"insufficient_minimum_mappable_traces,minimum_unique_probes",trace share with at least one feasible domestic or international inter-region submarine-corridor candidate; not actual cable use or traffic dependency
DO,island_or_archipelagic,catalog_island_or_archipelagic_list,resolved_entry_only,13,13,0,0,0,0,0.0,0.0,0.0,0.0,0.0,0.0,no_observed_inter_region_candidate_exposure,1,8,6,1.0,False,"insufficient_minimum_mappable_traces,minimum_unique_probes",trace share with at least one feasible domestic or international inter-region submarine-corridor candidate; not actual cable use or traffic dependency
DZ,coastal_mainland_or_mixed,catalog_default_alpha2_rule,all_publicly_visible,2,2,0,0,0,0,0.0,0.0,0.0,0.0,0.0,0.0,no_observed_inter_region_candidate_exposure,1,1,1,1.0,False,"insufficient_minimum_mappable_traces,minimum_unique_probes,minimum_unique_probe_asns",trace share with at least one feasible domestic or international inter-region submarine-corridor candidate; not actual cable use or traffic dependency
DZ,coastal_mainland_or_mixed,catalog_default_alpha2_rule,resolved_entry_only,2,2,0,0,0,0,0.0,0.0,0.0,0.0,0.0,0.0,no_observed_inter_region_candidate_exposure,1,1,1,1.0,False,"insufficient_minimum_mappable_traces,minimum_unique_probes,minimum_unique_probe_asns",trace share with at least one feasible domestic or international inter-region submarine-corridor candidate; not actual cable use or traffic dependency
EC,coastal_mainland_or_mixed,catalog_default_alpha2_rule,all_publicly_visible,52,50,13,8,6,0,0.25,0.26,0.15384615384615385,0.11538461538461539,0.0,0.25,high_candidate_dependency_proxy,1,26,20,0.6153846153846154,True,eligible,trace share with at least one feasible domestic or international inter-region submarine-corridor candidate; not actual cable use or traffic dependency
EC,coastal_mainland_or_mixed,catalog_default_alpha2_rule,resolved_entry_only,32,32,0,0,0,0,0.0,0.0,0.0,0.0,0.0,0.0,no_observed_inter_region_candidate_exposure,1,16,14,1.0,True,eligible,trace share with at least one feasible domestic or international inter-region submarine-corridor candidate; not actual cable use or traffic dependency
EE,coastal_mainland_or_mixed,catalog_default_alpha2_rule,all_publicly_visible,84,72,49,19,49,20,0.5833333333333334,0.6805555555555556,0.2261904761904762,0.5833333333333334,0.23809523809523808,0.5833333333333334,very_high_candidate_dependency_proxy,1,42,22,0.8571428571428571,True,eligible,trace share with at least one feasible domestic or international inter-region submarine-corridor candidate; not actual cable use or traffic dependency
EE,coastal_mainland_or_mixed,catalog_default_alpha2_rule,resolved_entry_only,72,72,49,19,49,20,0.6805555555555556,0.6805555555555556,0.2638888888888889,0.6805555555555556,0.2777777777777778,0.6805555555555556,very_high_candidate_dependency_proxy,1,36,19,1.0,True,eligible,trace share with at least one feasible domestic or international inter-region submarine-corridor candidate; not actual cable use or traffic dependency
EG,coastal_mainland_or_mixed,catalog_default_alpha2_rule,all_publicly_visible,6,6,0,0,0,0,0.0,0.0,0.0,0.0,0.0,0.0,no_observed_inter_region_candidate_exposure,1,3,2,1.0,False,"insufficient_minimum_mappable_traces,minimum_unique_probes,minimum_unique_probe_asns",trace share with at least one feasible domestic or international inter-region submarine-corridor candidate; not actual cable use or traffic dependency
EG,coastal_mainland_or_mixed,catalog_default_alpha2_rule,resolved_entry_only,6,6,0,0,0,0,0.0,0.0,0.0,0.0,0.0,0.0,no_observed_inter_region_candidate_exposure,1,3,2,1.0,False,"insufficient_minimum_mappable_traces,minimum_unique_probes,minimum_unique_probe_asns",trace share with at least one feasible domestic or international inter-region submarine-corridor candidate; not actual cable use or traffic dependency
ES,coastal_mainland_or_mixed,catalog_default_alpha2_rule,all_publicly_visible,502,474,18,3,15,8,0.035856573705179286,0.0379746835443038,0.00597609561752988,0.029880478087649404,0.01593625498007968,0.035856573705179286,low_candidate_dependency_proxy,1,251,79,0.9402390438247012,True,eligible,trace share with at least one feasible domestic or international inter-region submarine-corridor candidate; not actual cable use or traffic dependency
ES,coastal_mainland_or_mixed,catalog_default_alpha2_rule,resolved_entry_only,472,472,18,3,15,8,0.038135593220338986,0.038135593220338986,0.006355932203389831,0.03177966101694915,0.01694915254237288,0.038135593220338986,low_candidate_dependency_proxy,1,237,72,1.0,True,eligible,trace share with at least one feasible domestic or international inter-region submarine-corridor candidate; not actual cable use or traffic dependency
ET,landlocked,catalog_landlocked_list,all_publicly_visible,2,2,0,0,0,0,0.0,0.0,0.0,0.0,0.0,0.0,no_observed_inter_region_candidate_exposure,1,1,1,0.0,False,"insufficient_minimum_mappable_traces,minimum_unique_probes,minimum_unique_probe_asns",trace share with at least one feasible domestic or international inter-region submarine-corridor candidate; not actual cable use or traffic dependency
ET,landlocked,catalog_landlocked_list,resolved_entry_only,0,0,0,0,0,0,,,,,,,unknown_candidate_dependency_proxy,0,0,0,,False,"insufficient_minimum_mappable_traces,minimum_unique_probes,minimum_unique_probe_asns",trace share with at least one feasible domestic or international inter-region submarine-corridor candidate; not actual cable use or traffic dependency
FI,coastal_mainland_or_mixed,catalog_default_alpha2_rule,all_publicly_visible,353,314,145,86,121,72,0.41076487252124644,0.46178343949044587,0.24362606232294617,0.34277620396600567,0.20396600566572237,0.41076487252124644,very_high_candidate_dependency_proxy,1,177,62,0.8895184135977338,True,eligible,trace share with at least one feasible domestic or international inter-region submarine-corridor candidate; not actual cable use or traffic dependency
FI,coastal_mainland_or_mixed,catalog_default_alpha2_rule,resolved_entry_only,314,314,145,86,121,72,0.46178343949044587,0.46178343949044587,0.27388535031847133,0.3853503184713376,0.22929936305732485,0.46178343949044587,very_high_candidate_dependency_proxy,1,157,61,1.0,True,eligible,trace share with at least one feasible domestic or international inter-region submarine-corridor candidate; not actual cable use or traffic dependency
FJ,island_or_archipelagic,catalog_island_or_archipelagic_list,all_publicly_visible,4,2,2,0,2,2,0.5,1.0,0.0,0.5,0.5,0.5,very_high_candidate_dependency_proxy,1,2,2,0.5,False,"insufficient_minimum_mappable_traces,minimum_unique_probes,minimum_unique_probe_asns",trace share with at least one feasible domestic or international inter-region submarine-corridor candidate; not actual cable use or traffic dependency
FJ,island_or_archipelagic,catalog_island_or_archipelagic_list,resolved_entry_only,2,2,2,0,2,2,1.0,1.0,0.0,1.0,1.0,1.0,very_high_candidate_dependency_proxy,1,1,1,1.0,False,"insufficient_minimum_mappable_traces,minimum_unique_probes,minimum_unique_probe_asns",trace share with at least one feasible domestic or international inter-region submarine-corridor candidate; not actual cable use or traffic dependency
FM,island_or_archipelagic,catalog_island_or_archipelagic_list,all_publicly_visible,4,2,0,0,0,2,0.0,0.0,0.0,0.0,0.5,0.0,no_observed_inter_region_candidate_exposure,1,2,1,0.5,False,"insufficient_minimum_mappable_traces,minimum_unique_probes,minimum_unique_probe_asns",trace share with at least one feasible domestic or international inter-region submarine-corridor candidate; not actual cable use or traffic dependency
FM,island_or_archipelagic,catalog_island_or_archipelagic_list,resolved_entry_only,2,2,0,0,0,2,0.0,0.0,0.0,0.0,1.0,0.0,no_observed_inter_region_candidate_exposure,1,1,1,1.0,False,"insufficient_minimum_mappable_traces,minimum_unique_probes,minimum_unique_probe_asns",trace share with at least one feasible domestic or international inter-region submarine-corridor candidate; not actual cable use or traffic dependency
FR,coastal_mainland_or_mixed,catalog_default_alpha2_rule,all_publicly_visible,2142,2055,0,0,0,0,0.0,0.0,0.0,0.0,0.0,0.0,no_observed_inter_region_candidate_exposure,1,1072,179,0.9505135387488328,True,eligible,trace share with at least one feasible domestic or international inter-region submarine-corridor candidate; not actual cable use or traffic dependency
FR,coastal_mainland_or_mixed,catalog_default_alpha2_rule,resolved_entry_only,2036,2036,0,0,0,0,0.0,0.0,0.0,0.0,0.0,0.0,no_observed_inter_region_candidate_exposure,1,1028,169,1.0,True,eligible,trace share with at least one feasible domestic or international inter-region submarine-corridor candidate; not actual cable use or traffic dependency
GB,island_or_archipelagic,catalog_island_or_archipelagic_list,all_publicly_visible,1225,1145,0,0,0,4,0.0,0.0,0.0,0.0,0.0032653061224489797,0.0,no_observed_inter_region_candidate_exposure,1,613,205,0.9036734693877551,True,eligible,trace share with at least one feasible domestic or international inter-region submarine-corridor candidate; not actual cable use or traffic dependency
GB,island_or_archipelagic,catalog_island_or_archipelagic_list,resolved_entry_only,1107,1107,0,0,0,4,0.0,0.0,0.0,0.0,0.0036133694670280035,0.0,no_observed_inter_region_candidate_exposure,1,555,193,1.0,True,eligible,trace share with at least one feasible domestic or international inter-region submarine-corridor candidate; not actual cable use or traffic dependency
GE,coastal_mainland_or_mixed,catalog_default_alpha2_rule,all_publicly_visible,32,32,0,0,0,0,0.0,0.0,0.0,0.0,0.0,0.0,no_observed_inter_region_candidate_exposure,1,16,11,1.0,True,eligible,trace share with at least one feasible domestic or international inter-region submarine-corridor candidate; not actual cable use or traffic dependency
GE,coastal_mainland_or_mixed,catalog_default_alpha2_rule,resolved_entry_only,32,32,0,0,0,0,0.0,0.0,0.0,0.0,0.0,0.0,no_observed_inter_region_candidate_exposure,1,16,11,1.0,True,eligible,trace share with at least one feasible domestic or international inter-region submarine-corridor candidate; not actual cable use or traffic dependency
GF,coastal_mainland_or_mixed,catalog_default_alpha2_rule,all_publicly_visible,2,2,0,0,0,0,0.0,0.0,0.0,0.0,0.0,0.0,no_observed_inter_region_candidate_exposure,1,1,1,1.0,False,"insufficient_minimum_mappable_traces,minimum_unique_probes,minimum_unique_probe_asns",trace share with at least one feasible domestic or international inter-region submarine-corridor candidate; not actual cable use or traffic dependency
GF,coastal_mainland_or_mixed,catalog_default_alpha2_rule,resolved_entry_only,2,2,0,0,0,0,0.0,0.0,0.0,0.0,0.0,0.0,no_observed_inter_region_candidate_exposure,1,1,1,1.0,False,"insufficient_minimum_mappable_traces,minimum_unique_probes,minimum_unique_probe_asns",trace share with at least one feasible domestic or international inter-region submarine-corridor candidate; not actual cable use or traffic dependency
GG,island_or_archipelagic,catalog_island_or_archipelagic_list,all_publicly_visible,2,2,2,2,0,2,1.0,1.0,1.0,0.0,1.0,1.0,very_high_candidate_dependency_proxy,1,1,1,1.0,False,"insufficient_minimum_mappable_traces,minimum_unique_probes,minimum_unique_probe_asns",trace share with at least one feasible domestic or international inter-region submarine-corridor candidate; not actual cable use or traffic dependency
GG,island_or_archipelagic,catalog_island_or_archipelagic_list,resolved_entry_only,2,2,2,2,0,2,1.0,1.0,1.0,0.0,1.0,1.0,very_high_candidate_dependency_proxy,1,1,1,1.0,False,"insufficient_minimum_mappable_traces,minimum_unique_probes,minimum_unique_probe_asns",trace share with at least one feasible domestic or international inter-region submarine-corridor candidate; not actual cable use or traffic dependency
GH,coastal_mainland_or_mixed,catalog_default_alpha2_rule,all_publicly_visible,6,6,4,0,4,0,0.6666666666666666,0.6666666666666666,0.0,0.6666666666666666,0.0,0.6666666666666666,very_high_candidate_dependency_proxy,1,3,3,1.0,False,"insufficient_minimum_mappable_traces,minimum_unique_probes",trace share with at least one feasible domestic or international inter-region submarine-corridor candidate; not actual cable use or traffic dependency
GH,coastal_mainland_or_mixed,catalog_default_alpha2_rule,resolved_entry_only,6,6,4,0,4,0,0.6666666666666666,0.6666666666666666,0.0,0.6666666666666666,0.0,0.6666666666666666,very_high_candidate_dependency_proxy,1,3,3,1.0,False,"insufficient_minimum_mappable_traces,minimum_unique_probes",trace share with at least one feasible domestic or international inter-region submarine-corridor candidate; not actual cable use or traffic dependency
GP,island_or_archipelagic,catalog_island_or_archipelagic_list,all_publicly_visible,4,4,2,2,0,2,0.5,0.5,0.5,0.0,0.5,0.5,very_high_candidate_dependency_proxy,1,2,2,0.75,False,"insufficient_minimum_mappable_traces,minimum_unique_probes,minimum_unique_probe_asns",trace share with at least one feasible domestic or international inter-region submarine-corridor candidate; not actual cable use or traffic dependency
GP,island_or_archipelagic,catalog_island_or_archipelagic_list,resolved_entry_only,3,3,2,2,0,2,0.6666666666666666,0.6666666666666666,0.6666666666666666,0.0,0.6666666666666666,0.6666666666666666,very_high_candidate_dependency_proxy,1,2,2,1.0,False,"insufficient_minimum_mappable_traces,minimum_unique_probes,minimum_unique_probe_asns",trace share with at least one feasible domestic or international inter-region submarine-corridor candidate; not actual cable use or traffic dependency
GQ,coastal_mainland_or_mixed,catalog_default_alpha2_rule,all_publicly_visible,2,2,2,2,0,0,1.0,1.0,1.0,0.0,0.0,1.0,very_high_candidate_dependency_proxy,1,1,1,1.0,False,"insufficient_minimum_mappable_traces,minimum_unique_probes,minimum_unique_probe_asns",trace share with at least one feasible domestic or international inter-region submarine-corridor candidate; not actual cable use or traffic dependency
GQ,coastal_mainland_or_mixed,catalog_default_alpha2_rule,resolved_entry_only,2,2,2,2,0,0,1.0,1.0,1.0,0.0,0.0,1.0,very_high_candidate_dependency_proxy,1,1,1,1.0,False,"insufficient_minimum_mappable_traces,minimum_unique_probes,minimum_unique_probe_asns",trace share with at least one feasible domestic or international inter-region submarine-corridor candidate; not actual cable use or traffic dependency
GR,coastal_mainland_or_mixed,catalog_default_alpha2_rule,all_publicly_visible,152,142,0,0,0,0,0.0,0.0,0.0,0.0,0.0,0.0,no_observed_inter_region_candidate_exposure,1,76,25,0.9342105263157895,True,eligible,trace share with at least one feasible domestic or international inter-region submarine-corridor candidate; not actual cable use or traffic dependency
GR,coastal_mainland_or_mixed,catalog_default_alpha2_rule,resolved_entry_only,142,142,0,0,0,0,0.0,0.0,0.0,0.0,0.0,0.0,no_observed_inter_region_candidate_exposure,1,71,25,1.0,True,eligible,trace share with at least one feasible domestic or international inter-region submarine-corridor candidate; not actual cable use or traffic dependency
GT,coastal_mainland_or_mixed,catalog_default_alpha2_rule,all_publicly_visible,8,4,0,0,0,0,0.0,0.0,0.0,0.0,0.0,0.0,no_observed_inter_region_candidate_exposure,1,4,3,0.5,False,"insufficient_minimum_mappable_traces,minimum_unique_probes",trace share with at least one feasible domestic or international inter-region submarine-corridor candidate; not actual cable use or traffic dependency
GT,coastal_mainland_or_mixed,catalog_default_alpha2_rule,resolved_entry_only,4,4,0,0,0,0,0.0,0.0,0.0,0.0,0.0,0.0,no_observed_inter_region_candidate_exposure,1,2,2,1.0,False,"insufficient_minimum_mappable_traces,minimum_unique_probes,minimum_unique_probe_asns",trace share with at least one feasible domestic or international inter-region submarine-corridor candidate; not actual cable use or traffic dependency
GU,island_or_archipelagic,catalog_island_or_archipelagic_list,all_publicly_visible,18,18,12,8,11,18,0.6666666666666666,0.6666666666666666,0.4444444444444444,0.6111111111111112,1.0,0.6666666666666666,very_high_candidate_dependency_proxy,1,9,5,0.2222222222222222,False,"insufficient_minimum_mappable_traces,minimum_unique_probes",trace share with at least one feasible domestic or international inter-region submarine-corridor candidate; not actual cable use or traffic dependency
GU,island_or_archipelagic,catalog_island_or_archipelagic_list,resolved_entry_only,4,4,4,0,4,4,1.0,1.0,0.0,1.0,1.0,1.0,very_high_candidate_dependency_proxy,1,2,1,1.0,False,"insufficient_minimum_mappable_traces,minimum_unique_probes,minimum_unique_probe_asns",trace share with at least one feasible domestic or international inter-region submarine-corridor candidate; not actual cable use or traffic dependency
HK,coastal_mainland_or_mixed,catalog_default_alpha2_rule,all_publicly_visible,132,102,7,6,3,45,0.05303030303030303,0.06862745098039216,0.045454545454545456,0.022727272727272728,0.3409090909090909,0.05303030303030303,moderate_candidate_dependency_proxy,1,66,40,0.7575757575757576,True,eligible,trace share with at least one feasible domestic or international inter-region submarine-corridor candidate; not actual cable use or traffic dependency
HK,coastal_mainland_or_mixed,catalog_default_alpha2_rule,resolved_entry_only,100,100,7,6,3,43,0.07,0.07,0.06,0.03,0.43,0.07,moderate_candidate_dependency_proxy,1,51,34,1.0,True,eligible,trace share with at least one feasible domestic or international inter-region submarine-corridor candidate; not actual cable use or traffic dependency
HN,coastal_mainland_or_mixed,catalog_default_alpha2_rule,all_publicly_visible,22,16,14,0,14,0,0.6363636363636364,0.875,0.0,0.6363636363636364,0.0,0.6363636363636364,very_high_candidate_dependency_proxy,1,11,8,0.6363636363636364,False,insufficient_minimum_mappable_traces,trace share with at least one feasible domestic or international inter-region submarine-corridor candidate; not actual cable use or traffic dependency
HN,coastal_mainland_or_mixed,catalog_default_alpha2_rule,resolved_entry_only,14,14,12,0,12,0,0.8571428571428571,0.8571428571428571,0.0,0.8571428571428571,0.0,0.8571428571428571,very_high_candidate_dependency_proxy,1,7,5,1.0,False,"insufficient_minimum_mappable_traces,minimum_unique_probes",trace share with at least one feasible domestic or international inter-region submarine-corridor candidate; not actual cable use or traffic dependency
HR,coastal_mainland_or_mixed,catalog_default_alpha2_rule,all_publicly_visible,94,94,0,0,0,0,0.0,0.0,0.0,0.0,0.0,0.0,no_observed_inter_region_candidate_exposure,1,47,22,1.0,True,eligible,trace share with at least one feasible domestic or international inter-region submarine-corridor candidate; not actual cable use or traffic dependency
HR,coastal_mainland_or_mixed,catalog_default_alpha2_rule,resolved_entry_only,94,94,0,0,0,0,0.0,0.0,0.0,0.0,0.0,0.0,no_observed_inter_region_candidate_exposure,1,47,22,1.0,True,eligible,trace share with at least one feasible domestic or international inter-region submarine-corridor candidate; not actual cable use or traffic dependency
HT,island_or_archipelagic,catalog_island_or_archipelagic_list,all_publicly_visible,2,2,0,0,0,0,0.0,0.0,0.0,0.0,0.0,0.0,no_observed_inter_region_candidate_exposure,1,1,1,1.0,False,"insufficient_minimum_mappable_traces,minimum_unique_probes,minimum_unique_probe_asns",trace share with at least one feasible domestic or international inter-region submarine-corridor candidate; not actual cable use or traffic dependency
HT,island_or_archipelagic,catalog_island_or_archipelagic_list,resolved_entry_only,2,2,0,0,0,0,0.0,0.0,0.0,0.0,0.0,0.0,no_observed_inter_region_candidate_exposure,1,1,1,1.0,False,"insufficient_minimum_mappable_traces,minimum_unique_probes,minimum_unique_probe_asns",trace share with at least one feasible domestic or international inter-region submarine-corridor candidate; not actual cable use or traffic dependency
HU,landlocked,catalog_landlocked_list,all_publicly_visible,110,104,0,0,0,0,0.0,0.0,0.0,0.0,0.0,0.0,no_observed_inter_region_candidate_exposure,1,55,21,0.9454545454545454,True,eligible,trace share with at least one feasible domestic or international inter-region submarine-corridor candidate; not actual cable use or traffic dependency
HU,landlocked,catalog_landlocked_list,resolved_entry_only,104,104,0,0,0,0,0.0,0.0,0.0,0.0,0.0,0.0,no_observed_inter_region_candidate_exposure,1,52,21,1.0,True,eligible,trace share with at least one feasible domestic or international inter-region submarine-corridor candidate; not actual cable use or traffic dependency
ID,island_or_archipelagic,catalog_island_or_archipelagic_list,all_publicly_visible,192,182,137,119,57,146,0.7135416666666666,0.7527472527472527,0.6197916666666666,0.296875,0.7604166666666666,0.7135416666666666,very_high_candidate_dependency_proxy,1,95,66,0.9270833333333334,True,eligible,trace share with at least one feasible domestic or international inter-region submarine-corridor candidate; not actual cable use or traffic dependency
ID,island_or_archipelagic,catalog_island_or_archipelagic_list,resolved_entry_only,178,178,133,115,55,142,0.7471910112359551,0.7471910112359551,0.6460674157303371,0.3089887640449438,0.797752808988764,0.7471910112359551,very_high_candidate_dependency_proxy,1,89,63,1.0,True,eligible,trace share with at least one feasible domestic or international inter-region submarine-corridor candidate; not actual cable use or traffic dependency
IE,island_or_archipelagic,catalog_island_or_archipelagic_list,all_publicly_visible,200,192,0,0,0,0,0.0,0.0,0.0,0.0,0.0,0.0,no_observed_inter_region_candidate_exposure,1,100,27,0.93,True,eligible,trace share with at least one feasible domestic or international inter-region submarine-corridor candidate; not actual cable use or traffic dependency
IE,island_or_archipelagic,catalog_island_or_archipelagic_list,resolved_entry_only,186,186,0,0,0,0,0.0,0.0,0.0,0.0,0.0,0.0,no_observed_inter_region_candidate_exposure,1,93,24,1.0,True,eligible,trace share with at least one feasible domestic or international inter-region submarine-corridor candidate; not actual cable use or traffic dependency
IL,coastal_mainland_or_mixed,catalog_default_alpha2_rule,all_publicly_visible,70,68,38,38,0,38,0.5428571428571428,0.5588235294117647,0.5428571428571428,0.0,0.5428571428571428,0.5428571428571428,very_high_candidate_dependency_proxy,1,35,13,0.9428571428571428,True,eligible,trace share with at least one feasible domestic or international inter-region submarine-corridor candidate; not actual cable use or traffic dependency
IL,coastal_mainland_or_mixed,catalog_default_alpha2_rule,resolved_entry_only,66,66,36,36,0,36,0.5454545454545454,0.5454545454545454,0.5454545454545454,0.0,0.5454545454545454,0.5454545454545454,very_high_candidate_dependency_proxy,1,33,13,1.0,True,eligible,trace share with at least one feasible domestic or international inter-region submarine-corridor candidate; not actual cable use or traffic dependency
IM,island_or_archipelagic,catalog_island_or_archipelagic_list,all_publicly_visible,6,6,0,0,0,4,0.0,0.0,0.0,0.0,0.6666666666666666,0.0,no_observed_inter_region_candidate_exposure,1,3,3,1.0,False,"insufficient_minimum_mappable_traces,minimum_unique_probes",trace share with at least one feasible domestic or international inter-region submarine-corridor candidate; not actual cable use or traffic dependency
IM,island_or_archipelagic,catalog_island_or_archipelagic_list,resolved_entry_only,6,6,0,0,0,4,0.0,0.0,0.0,0.0,0.6666666666666666,0.0,no_observed_inter_region_candidate_exposure,1,3,3,1.0,False,"insufficient_minimum_mappable_traces,minimum_unique_probes",trace share with at least one feasible domestic or international inter-region submarine-corridor candidate; not actual cable use or traffic dependency
IN,coastal_mainland_or_mixed,catalog_default_alpha2_rule,all_publicly_visible,307,269,135,37,119,19,0.43973941368078173,0.5018587360594795,0.12052117263843648,0.38762214983713356,0.06188925081433225,0.43973941368078173,very_high_candidate_dependency_proxy,1,152,63,0.8697068403908795,True,eligible,trace share with at least one feasible domestic or international inter-region submarine-corridor candidate; not actual cable use or traffic dependency
IN,coastal_mainland_or_mixed,catalog_default_alpha2_rule,resolved_entry_only,267,267,133,37,117,19,0.49812734082397003,0.49812734082397003,0.13857677902621723,0.43820224719101125,0.07116104868913857,0.49812734082397003,very_high_candidate_dependency_proxy,1,133,55,1.0,True,eligible,trace share with at least one feasible domestic or international inter-region submarine-corridor candidate; not actual cable use or traffic dependency
IQ,coastal_mainland_or_mixed,catalog_default_alpha2_rule,all_publicly_visible,20,20,0,0,0,0,0.0,0.0,0.0,0.0,0.0,0.0,no_observed_inter_region_candidate_exposure,1,10,8,1.0,False,insufficient_minimum_mappable_traces,trace share with at least one feasible domestic or international inter-region submarine-corridor candidate; not actual cable use or traffic dependency
IQ,coastal_mainland_or_mixed,catalog_default_alpha2_rule,resolved_entry_only,20,20,0,0,0,0,0.0,0.0,0.0,0.0,0.0,0.0,no_observed_inter_region_candidate_exposure,1,10,8,1.0,False,insufficient_minimum_mappable_traces,trace share with at least one feasible domestic or international inter-region submarine-corridor candidate; not actual cable use or traffic dependency
IR,coastal_mainland_or_mixed,catalog_default_alpha2_rule,all_publicly_visible,94,50,0,0,0,0,0.0,0.0,0.0,0.0,0.0,0.0,no_observed_inter_region_candidate_exposure,1,47,24,0.5106382978723404,True,eligible,trace share with at least one feasible domestic or international inter-region submarine-corridor candidate; not actual cable use or traffic dependency
IR,coastal_mainland_or_mixed,catalog_default_alpha2_rule,resolved_entry_only,48,48,0,0,0,0,0.0,0.0,0.0,0.0,0.0,0.0,no_observed_inter_region_candidate_exposure,1,25,15,1.0,True,eligible,trace share with at least one feasible domestic or international inter-region submarine-corridor candidate; not actual cable use or traffic dependency
IS,island_or_archipelagic,catalog_island_or_archipelagic_list,all_publicly_visible,24,24,0,0,0,2,0.0,0.0,0.0,0.0,0.08333333333333333,0.0,no_observed_inter_region_candidate_exposure,1,12,9,1.0,False,insufficient_minimum_mappable_traces,trace share with at least one feasible domestic or international inter-region submarine-corridor candidate; not actual cable use or traffic dependency
IS,island_or_archipelagic,catalog_island_or_archipelagic_list,resolved_entry_only,24,24,0,0,0,2,0.0,0.0,0.0,0.0,0.08333333333333333,0.0,no_observed_inter_region_candidate_exposure,1,12,9,1.0,False,insufficient_minimum_mappable_traces,trace share with at least one feasible domestic or international inter-region submarine-corridor candidate; not actual cable use or traffic dependency
IT,coastal_mainland_or_mixed,catalog_default_alpha2_rule,all_publicly_visible,686,652,0,0,0,0,0.0,0.0,0.0,0.0,0.0,0.0,no_observed_inter_region_candidate_exposure,1,345,117,0.924198250728863,True,eligible,trace share with at least one feasible domestic or international inter-region submarine-corridor candidate; not actual cable use or traffic dependency
IT,coastal_mainland_or_mixed,catalog_default_alpha2_rule,resolved_entry_only,634,634,0,0,0,0,0.0,0.0,0.0,0.0,0.0,0.0,no_observed_inter_region_candidate_exposure,1,319,111,1.0,True,eligible,trace share with at least one feasible domestic or international inter-region submarine-corridor candidate; not actual cable use or traffic dependency
JM,island_or_archipelagic,catalog_island_or_archipelagic_list,all_publicly_visible,12,12,2,2,0,8,0.16666666666666666,0.16666666666666666,0.16666666666666666,0.0,0.6666666666666666,0.16666666666666666,high_candidate_dependency_proxy,1,6,3,0.5,False,"insufficient_minimum_mappable_traces,minimum_unique_probes",trace share with at least one feasible domestic or international inter-region submarine-corridor candidate; not actual cable use or traffic dependency
JM,island_or_archipelagic,catalog_island_or_archipelagic_list,resolved_entry_only,6,6,0,0,0,2,0.0,0.0,0.0,0.0,0.3333333333333333,0.0,no_observed_inter_region_candidate_exposure,1,3,2,1.0,False,"insufficient_minimum_mappable_traces,minimum_unique_probes,minimum_unique_probe_asns",trace share with at least one feasible domestic or international inter-region submarine-corridor candidate; not actual cable use or traffic dependency
JO,coastal_mainland_or_mixed,catalog_default_alpha2_rule,all_publicly_visible,8,4,0,0,0,0,0.0,0.0,0.0,0.0,0.0,0.0,no_observed_inter_region_candidate_exposure,1,4,4,0.5,False,"insufficient_minimum_mappable_traces,minimum_unique_probes",trace share with at least one feasible domestic or international inter-region submarine-corridor candidate; not actual cable use or traffic dependency
JO,coastal_mainland_or_mixed,catalog_default_alpha2_rule,resolved_entry_only,4,4,0,0,0,0,0.0,0.0,0.0,0.0,0.0,0.0,no_observed_inter_region_candidate_exposure,1,2,2,1.0,False,"insufficient_minimum_mappable_traces,minimum_unique_probes,minimum_unique_probe_asns",trace share with at least one feasible domestic or international inter-region submarine-corridor candidate; not actual cable use or traffic dependency
JP,island_or_archipelagic,catalog_island_or_archipelagic_list,all_publicly_visible,585,520,28,26,2,28,0.04786324786324787,0.05384615384615385,0.044444444444444446,0.003418803418803419,0.04786324786324787,0.04786324786324787,low_candidate_dependency_proxy,1,291,118,0.882051282051282,True,eligible,trace share with at least one feasible domestic or international inter-region submarine-corridor candidate; not actual cable use or traffic dependency
JP,island_or_archipelagic,catalog_island_or_archipelagic_list,resolved_entry_only,516,516,28,26,2,28,0.05426356589147287,0.05426356589147287,0.050387596899224806,0.003875968992248062,0.05426356589147287,0.05426356589147287,moderate_candidate_dependency_proxy,1,260,109,1.0,True,eligible,trace share with at least one feasible domestic or international inter-region submarine-corridor candidate; not actual cable use or traffic dependency
KE,coastal_mainland_or_mixed,catalog_default_alpha2_rule,all_publicly_visible,34,32,0,0,0,8,0.0,0.0,0.0,0.0,0.23529411764705882,0.0,no_observed_inter_region_candidate_exposure,1,17,11,0.9411764705882353,True,eligible,trace share with at least one feasible domestic or international inter-region submarine-corridor candidate; not actual cable use or traffic dependency
KE,coastal_mainland_or_mixed,catalog_default_alpha2_rule,resolved_entry_only,32,32,0,0,0,8,0.0,0.0,0.0,0.0,0.25,0.0,no_observed_inter_region_candidate_exposure,1,16,11,1.0,True,eligible,trace share with at least one feasible domestic or international inter-region submarine-corridor candidate; not actual cable use or traffic dependency
KG,landlocked,catalog_landlocked_list,all_publicly_visible,46,40,0,0,0,0,0.0,0.0,0.0,0.0,0.0,0.0,no_observed_inter_region_candidate_exposure,1,23,12,0.8260869565217391,True,eligible,trace share with at least one feasible domestic or international inter-region submarine-corridor candidate; not actual cable use or traffic dependency
KG,landlocked,catalog_landlocked_list,resolved_entry_only,38,38,0,0,0,0,0.0,0.0,0.0,0.0,0.0,0.0,no_observed_inter_region_candidate_exposure,1,19,9,1.0,True,eligible,trace share with at least one feasible domestic or international inter-region submarine-corridor candidate; not actual cable use or traffic dependency
KH,coastal_mainland_or_mixed,catalog_default_alpha2_rule,all_publicly_visible,14,12,0,0,0,6,0.0,0.0,0.0,0.0,0.42857142857142855,0.0,no_observed_inter_region_candidate_exposure,1,7,7,0.8571428571428571,False,"insufficient_minimum_mappable_traces,minimum_unique_probes",trace share with at least one feasible domestic or international inter-region submarine-corridor candidate; not actual cable use or traffic dependency
KH,coastal_mainland_or_mixed,catalog_default_alpha2_rule,resolved_entry_only,12,12,0,0,0,6,0.0,0.0,0.0,0.0,0.5,0.0,no_observed_inter_region_candidate_exposure,1,6,6,1.0,False,"insufficient_minimum_mappable_traces,minimum_unique_probes",trace share with at least one feasible domestic or international inter-region submarine-corridor candidate; not actual cable use or traffic dependency
KI,island_or_archipelagic,catalog_island_or_archipelagic_list,all_publicly_visible,4,4,0,0,0,4,0.0,0.0,0.0,0.0,1.0,0.0,no_observed_inter_region_candidate_exposure,1,2,1,1.0,False,"insufficient_minimum_mappable_traces,minimum_unique_probes,minimum_unique_probe_asns",trace share with at least one feasible domestic or international inter-region submarine-corridor candidate; not actual cable use or traffic dependency
KI,island_or_archipelagic,catalog_island_or_archipelagic_list,resolved_entry_only,4,4,0,0,0,4,0.0,0.0,0.0,0.0,1.0,0.0,no_observed_inter_region_candidate_exposure,1,2,1,1.0,False,"insufficient_minimum_mappable_traces,minimum_unique_probes,minimum_unique_probe_asns",trace share with at least one feasible domestic or international inter-region submarine-corridor candidate; not actual cable use or traffic dependency
KN,island_or_archipelagic,catalog_island_or_archipelagic_list,all_publicly_visible,2,2,0,0,0,2,0.0,0.0,0.0,0.0,1.0,0.0,no_observed_inter_region_candidate_exposure,1,1,1,1.0,False,"insufficient_minimum_mappable_traces,minimum_unique_probes,minimum_unique_probe_asns",trace share with at least one feasible domestic or international inter-region submarine-corridor candidate; not actual cable use or traffic dependency
KN,island_or_archipelagic,catalog_island_or_archipelagic_list,resolved_entry_only,2,2,0,0,0,2,0.0,0.0,0.0,0.0,1.0,0.0,no_observed_inter_region_candidate_exposure,1,1,1,1.0,False,"insufficient_minimum_mappable_traces,minimum_unique_probes,minimum_unique_probe_asns",trace share with at least one feasible domestic or international inter-region submarine-corridor candidate; not actual cable use or traffic dependency
KR,coastal_mainland_or_mixed,catalog_default_alpha2_rule,all_publicly_visible,70,59,0,0,0,0,0.0,0.0,0.0,0.0,0.0,0.0,no_observed_inter_region_candidate_exposure,1,35,14,0.8428571428571429,True,eligible,trace share with at least one feasible domestic or international inter-region submarine-corridor candidate; not actual cable use or traffic dependency
KR,coastal_mainland_or_mixed,catalog_default_alpha2_rule,resolved_entry_only,59,59,0,0,0,0,0.0,0.0,0.0,0.0,0.0,0.0,no_observed_inter_region_candidate_exposure,1,30,13,1.0,True,eligible,trace share with at least one feasible domestic or international inter-region submarine-corridor candidate; not actual cable use or traffic dependency
KW,coastal_mainland_or_mixed,catalog_default_alpha2_rule,all_publicly_visible,4,2,0,0,0,0,0.0,0.0,0.0,0.0,0.0,0.0,no_observed_inter_region_candidate_exposure,1,2,2,0.5,False,"insufficient_minimum_mappable_traces,minimum_unique_probes,minimum_unique_probe_asns",trace share with at least one feasible domestic or international inter-region submarine-corridor candidate; not actual cable use or traffic dependency
KW,coastal_mainland_or_mixed,catalog_default_alpha2_rule,resolved_entry_only,2,2,0,0,0,0,0.0,0.0,0.0,0.0,0.0,0.0,no_observed_inter_region_candidate_exposure,1,1,1,1.0,False,"insufficient_minimum_mappable_traces,minimum_unique_probes,minimum_unique_probe_asns",trace share with at least one feasible domestic or international inter-region submarine-corridor candidate; not actual cable use or traffic dependency
KY,island_or_archipelagic,catalog_island_or_archipelagic_list,all_publicly_visible,2,2,2,0,2,0,1.0,1.0,0.0,1.0,0.0,1.0,very_high_candidate_dependency_proxy,1,1,1,0.0,False,"insufficient_minimum_mappable_traces,minimum_unique_probes,minimum_unique_probe_asns",trace share with at least one feasible domestic or international inter-region submarine-corridor candidate; not actual cable use or traffic dependency
KY,island_or_archipelagic,catalog_island_or_archipelagic_list,resolved_entry_only,0,0,0,0,0,0,,,,,,,unknown_candidate_dependency_proxy,0,0,0,,False,"insufficient_minimum_mappable_traces,minimum_unique_probes,minimum_unique_probe_asns",trace share with at least one feasible domestic or international inter-region submarine-corridor candidate; not actual cable use or traffic dependency
KZ,landlocked,catalog_landlocked_list,all_publicly_visible,146,145,0,0,0,38,0.0,0.0,0.0,0.0,0.2602739726027397,0.0,no_observed_inter_region_candidate_exposure,1,73,23,0.9931506849315068,True,eligible,trace share with at least one feasible domestic or international inter-region submarine-corridor candidate; not actual cable use or traffic dependency
KZ,landlocked,catalog_landlocked_list,resolved_entry_only,145,145,0,0,0,38,0.0,0.0,0.0,0.0,0.2620689655172414,0.0,no_observed_inter_region_candidate_exposure,1,73,23,1.0,True,eligible,trace share with at least one feasible domestic or international inter-region submarine-corridor candidate; not actual cable use or traffic dependency
LA,landlocked,catalog_landlocked_list,all_publicly_visible,8,8,0,0,0,0,0.0,0.0,0.0,0.0,0.0,0.0,no_observed_inter_region_candidate_exposure,1,4,1,1.0,False,"insufficient_minimum_mappable_traces,minimum_unique_probes,minimum_unique_probe_asns",trace share with at least one feasible domestic or international inter-region submarine-corridor candidate; not actual cable use or traffic dependency
LA,landlocked,catalog_landlocked_list,resolved_entry_only,8,8,0,0,0,0,0.0,0.0,0.0,0.0,0.0,0.0,no_observed_inter_region_candidate_exposure,1,4,1,1.0,False,"insufficient_minimum_mappable_traces,minimum_unique_probes,minimum_unique_probe_asns",trace share with at least one feasible domestic or international inter-region submarine-corridor candidate; not actual cable use or traffic dependency
LB,coastal_mainland_or_mixed,catalog_default_alpha2_rule,all_publicly_visible,8,6,0,0,0,1,0.0,0.0,0.0,0.0,0.125,0.0,no_observed_inter_region_candidate_exposure,1,4,4,0.75,False,"insufficient_minimum_mappable_traces,minimum_unique_probes",trace share with at least one feasible domestic or international inter-region submarine-corridor candidate; not actual cable use or traffic dependency
LB,coastal_mainland_or_mixed,catalog_default_alpha2_rule,resolved_entry_only,6,6,0,0,0,1,0.0,0.0,0.0,0.0,0.16666666666666666,0.0,no_observed_inter_region_candidate_exposure,1,3,3,1.0,False,"insufficient_minimum_mappable_traces,minimum_unique_probes",trace share with at least one feasible domestic or international inter-region submarine-corridor candidate; not actual cable use or traffic dependency
LC,island_or_archipelagic,catalog_island_or_archipelagic_list,all_publicly_visible,4,4,2,0,2,1,0.5,0.5,0.0,0.5,0.25,0.5,very_high_candidate_dependency_proxy,1,2,1,0.0,False,"insufficient_minimum_mappable_traces,minimum_unique_probes,minimum_unique_probe_asns",trace share with at least one feasible domestic or international inter-region submarine-corridor candidate; not actual cable use or traffic dependency
LC,island_or_archipelagic,catalog_island_or_archipelagic_list,resolved_entry_only,0,0,0,0,0,0,,,,,,,unknown_candidate_dependency_proxy,0,0,0,,False,"insufficient_minimum_mappable_traces,minimum_unique_probes,minimum_unique_probe_asns",trace share with at least one feasible domestic or international inter-region submarine-corridor candidate; not actual cable use or traffic dependency
LI,landlocked,catalog_landlocked_list,all_publicly_visible,6,6,0,0,0,0,0.0,0.0,0.0,0.0,0.0,0.0,no_observed_inter_region_candidate_exposure,1,3,3,1.0,False,"insufficient_minimum_mappable_traces,minimum_unique_probes",trace share with at least one feasible domestic or international inter-region submarine-corridor candidate; not actual cable use or traffic dependency
LI,landlocked,catalog_landlocked_list,resolved_entry_only,6,6,0,0,0,0,0.0,0.0,0.0,0.0,0.0,0.0,no_observed_inter_region_candidate_exposure,1,3,3,1.0,False,"insufficient_minimum_mappable_traces,minimum_unique_probes",trace share with at least one feasible domestic or international inter-region submarine-corridor candidate; not actual cable use or traffic dependency
LK,island_or_archipelagic,catalog_island_or_archipelagic_list,all_publicly_visible,26,24,16,1,16,1,0.6153846153846154,0.6666666666666666,0.038461538461538464,0.6153846153846154,0.038461538461538464,0.6153846153846154,very_high_candidate_dependency_proxy,1,13,6,0.9230769230769231,False,insufficient_minimum_mappable_traces,trace share with at least one feasible domestic or international inter-region submarine-corridor candidate; not actual cable use or traffic dependency
LK,island_or_archipelagic,catalog_island_or_archipelagic_list,resolved_entry_only,24,24,16,1,16,1,0.6666666666666666,0.6666666666666666,0.041666666666666664,0.6666666666666666,0.041666666666666664,0.6666666666666666,very_high_candidate_dependency_proxy,1,12,6,1.0,False,insufficient_minimum_mappable_traces,trace share with at least one feasible domestic or international inter-region submarine-corridor candidate; not actual cable use or traffic dependency
LR,coastal_mainland_or_mixed,catalog_default_alpha2_rule,all_publicly_visible,2,2,0,0,0,0,0.0,0.0,0.0,0.0,0.0,0.0,no_observed_inter_region_candidate_exposure,1,1,1,0.0,False,"insufficient_minimum_mappable_traces,minimum_unique_probes,minimum_unique_probe_asns",trace share with at least one feasible domestic or international inter-region submarine-corridor candidate; not actual cable use or traffic dependency
LR,coastal_mainland_or_mixed,catalog_default_alpha2_rule,resolved_entry_only,0,0,0,0,0,0,,,,,,,unknown_candidate_dependency_proxy,0,0,0,,False,"insufficient_minimum_mappable_traces,minimum_unique_probes,minimum_unique_probe_asns",trace share with at least one feasible domestic or international inter-region submarine-corridor candidate; not actual cable use or traffic dependency
LS,landlocked,catalog_landlocked_list,all_publicly_visible,2,2,0,0,0,0,0.0,0.0,0.0,0.0,0.0,0.0,no_observed_inter_region_candidate_exposure,1,1,1,1.0,False,"insufficient_minimum_mappable_traces,minimum_unique_probes,minimum_unique_probe_asns",trace share with at least one feasible domestic or international inter-region submarine-corridor candidate; not actual cable use or traffic dependency
LS,landlocked,catalog_landlocked_list,resolved_entry_only,2,2,0,0,0,0,0.0,0.0,0.0,0.0,0.0,0.0,no_observed_inter_region_candidate_exposure,1,1,1,1.0,False,"insufficient_minimum_mappable_traces,minimum_unique_probes,minimum_unique_probe_asns",trace share with at least one feasible domestic or international inter-region submarine-corridor candidate; not actual cable use or traffic dependency
LT,coastal_mainland_or_mixed,catalog_default_alpha2_rule,all_publicly_visible,86,82,0,0,0,0,0.0,0.0,0.0,0.0,0.0,0.0,no_observed_inter_region_candidate_exposure,1,43,25,0.9534883720930233,True,eligible,trace share with at least one feasible domestic or international inter-region submarine-corridor candidate; not actual cable use or traffic dependency
LT,coastal_mainland_or_mixed,catalog_default_alpha2_rule,resolved_entry_only,82,82,0,0,0,0,0.0,0.0,0.0,0.0,0.0,0.0,no_observed_inter_region_candidate_exposure,1,41,24,1.0,True,eligible,trace share with at least one feasible domestic or international inter-region submarine-corridor candidate; not actual cable use or traffic dependency
LU,landlocked,catalog_landlocked_list,all_publicly_visible,94,90,0,0,0,0,0.0,0.0,0.0,0.0,0.0,0.0,no_observed_inter_region_candidate_exposure,1,48,22,0.9361702127659575,True,eligible,trace share with at least one feasible domestic or international inter-region submarine-corridor candidate; not actual cable use or traffic dependency
LU,landlocked,catalog_landlocked_list,resolved_entry_only,88,88,0,0,0,0,0.0,0.0,0.0,0.0,0.0,0.0,no_observed_inter_region_candidate_exposure,1,45,20,1.0,True,eligible,trace share with at least one feasible domestic or international inter-region submarine-corridor candidate; not actual cable use or traffic dependency
LV,coastal_mainland_or_mixed,catalog_default_alpha2_rule,all_publicly_visible,62,60,0,0,0,0,0.0,0.0,0.0,0.0,0.0,0.0,no_observed_inter_region_candidate_exposure,1,31,21,0.967741935483871,True,eligible,trace share with at least one feasible domestic or international inter-region submarine-corridor candidate; not actual cable use or traffic dependency
LV,coastal_mainland_or_mixed,catalog_default_alpha2_rule,resolved_entry_only,60,60,0,0,0,0,0.0,0.0,0.0,0.0,0.0,0.0,no_observed_inter_region_candidate_exposure,1,30,21,1.0,True,eligible,trace share with at least one feasible domestic or international inter-region submarine-corridor candidate; not actual cable use or traffic dependency
MA,coastal_mainland_or_mixed,catalog_default_alpha2_rule,all_publicly_visible,2,2,0,0,0,0,0.0,0.0,0.0,0.0,0.0,0.0,no_observed_inter_region_candidate_exposure,1,1,1,1.0,False,"insufficient_minimum_mappable_traces,minimum_unique_probes,minimum_unique_probe_asns",trace share with at least one feasible domestic or international inter-region submarine-corridor candidate; not actual cable use or traffic dependency
MA,coastal_mainland_or_mixed,catalog_default_alpha2_rule,resolved_entry_only,2,2,0,0,0,0,0.0,0.0,0.0,0.0,0.0,0.0,no_observed_inter_region_candidate_exposure,1,1,1,1.0,False,"insufficient_minimum_mappable_traces,minimum_unique_probes,minimum_unique_probe_asns",trace share with at least one feasible domestic or international inter-region submarine-corridor candidate; not actual cable use or traffic dependency
MD,landlocked,catalog_landlocked_list,all_publicly_visible,52,52,0,0,0,0,0.0,0.0,0.0,0.0,0.0,0.0,no_observed_inter_region_candidate_exposure,1,26,14,1.0,True,eligible,trace share with at least one feasible domestic or international inter-region submarine-corridor candidate; not actual cable use or traffic dependency
MD,landlocked,catalog_landlocked_list,resolved_entry_only,52,52,0,0,0,0,0.0,0.0,0.0,0.0,0.0,0.0,no_observed_inter_region_candidate_exposure,1,26,14,1.0,True,eligible,trace share with at least one feasible domestic or international inter-region submarine-corridor candidate; not actual cable use or traffic dependency
ME,coastal_mainland_or_mixed,catalog_default_alpha2_rule,all_publicly_visible,12,12,0,0,0,0,0.0,0.0,0.0,0.0,0.0,0.0,no_observed_inter_region_candidate_exposure,1,6,5,0.8333333333333334,False,"insufficient_minimum_mappable_traces,minimum_unique_probes",trace share with at least one feasible domestic or international inter-region submarine-corridor candidate; not actual cable use or traffic dependency
ME,coastal_mainland_or_mixed,catalog_default_alpha2_rule,resolved_entry_only,10,10,0,0,0,0,0.0,0.0,0.0,0.0,0.0,0.0,no_observed_inter_region_candidate_exposure,1,5,4,1.0,False,"insufficient_minimum_mappable_traces,minimum_unique_probes",trace share with at least one feasible domestic or international inter-region submarine-corridor candidate; not actual cable use or traffic dependency
MG,island_or_archipelagic,catalog_island_or_archipelagic_list,all_publicly_visible,4,4,0,0,0,0,0.0,0.0,0.0,0.0,0.0,0.0,no_observed_inter_region_candidate_exposure,1,2,1,1.0,False,"insufficient_minimum_mappable_traces,minimum_unique_probes,minimum_unique_probe_asns",trace share with at least one feasible domestic or international inter-region submarine-corridor candidate; not actual cable use or traffic dependency
MG,island_or_archipelagic,catalog_island_or_archipelagic_list,resolved_entry_only,4,4,0,0,0,0,0.0,0.0,0.0,0.0,0.0,0.0,no_observed_inter_region_candidate_exposure,1,2,1,1.0,False,"insufficient_minimum_mappable_traces,minimum_unique_probes,minimum_unique_probe_asns",trace share with at least one feasible domestic or international inter-region submarine-corridor candidate; not actual cable use or traffic dependency
MH,island_or_archipelagic,catalog_island_or_archipelagic_list,all_publicly_visible,2,2,0,0,0,0,0.0,0.0,0.0,0.0,0.0,0.0,no_observed_inter_region_candidate_exposure,1,1,1,0.0,False,"insufficient_minimum_mappable_traces,minimum_unique_probes,minimum_unique_probe_asns",trace share with at least one feasible domestic or international inter-region submarine-corridor candidate; not actual cable use or traffic dependency
MH,island_or_archipelagic,catalog_island_or_archipelagic_list,resolved_entry_only,0,0,0,0,0,0,,,,,,,unknown_candidate_dependency_proxy,0,0,0,,False,"insufficient_minimum_mappable_traces,minimum_unique_probes,minimum_unique_probe_asns",trace share with at least one feasible domestic or international inter-region submarine-corridor candidate; not actual cable use or traffic dependency
MK,landlocked,catalog_landlocked_list,all_publicly_visible,26,24,0,0,0,0,0.0,0.0,0.0,0.0,0.0,0.0,no_observed_inter_region_candidate_exposure,1,13,10,0.6923076923076923,False,insufficient_minimum_mappable_traces,trace share with at least one feasible domestic or international inter-region submarine-corridor candidate; not actual cable use or traffic dependency
MK,landlocked,catalog_landlocked_list,resolved_entry_only,18,18,0,0,0,0,0.0,0.0,0.0,0.0,0.0,0.0,no_observed_inter_region_candidate_exposure,1,9,8,1.0,False,"insufficient_minimum_mappable_traces,minimum_unique_probes",trace share with at least one feasible domestic or international inter-region submarine-corridor candidate; not actual cable use or traffic dependency
ML,landlocked,catalog_landlocked_list,all_publicly_visible,2,2,2,0,2,2,1.0,1.0,0.0,1.0,1.0,1.0,very_high_candidate_dependency_proxy,1,1,1,1.0,False,"insufficient_minimum_mappable_traces,minimum_unique_probes,minimum_unique_probe_asns",trace share with at least one feasible domestic or international inter-region submarine-corridor candidate; not actual cable use or traffic dependency
ML,landlocked,catalog_landlocked_list,resolved_entry_only,2,2,2,0,2,2,1.0,1.0,0.0,1.0,1.0,1.0,very_high_candidate_dependency_proxy,1,1,1,1.0,False,"insufficient_minimum_mappable_traces,minimum_unique_probes,minimum_unique_probe_asns",trace share with at least one feasible domestic or international inter-region submarine-corridor candidate; not actual cable use or traffic dependency
MM,coastal_mainland_or_mixed,catalog_default_alpha2_rule,all_publicly_visible,6,6,6,6,6,6,1.0,1.0,1.0,1.0,1.0,1.0,very_high_candidate_dependency_proxy,1,3,3,1.0,False,"insufficient_minimum_mappable_traces,minimum_unique_probes",trace share with at least one feasible domestic or international inter-region submarine-corridor candidate; not actual cable use or traffic dependency
MM,coastal_mainland_or_mixed,catalog_default_alpha2_rule,resolved_entry_only,6,6,6,6,6,6,1.0,1.0,1.0,1.0,1.0,1.0,very_high_candidate_dependency_proxy,1,3,3,1.0,False,"insufficient_minimum_mappable_traces,minimum_unique_probes",trace share with at least one feasible domestic or international inter-region submarine-corridor candidate; not actual cable use or traffic dependency
MN,landlocked,catalog_landlocked_list,all_publicly_visible,16,16,0,0,0,7,0.0,0.0,0.0,0.0,0.4375,0.0,no_observed_inter_region_candidate_exposure,1,8,8,1.0,False,"insufficient_minimum_mappable_traces,minimum_unique_probes",trace share with at least one feasible domestic or international inter-region submarine-corridor candidate; not actual cable use or traffic dependency
MN,landlocked,catalog_landlocked_list,resolved_entry_only,16,16,0,0,0,7,0.0,0.0,0.0,0.0,0.4375,0.0,no_observed_inter_region_candidate_exposure,1,8,8,1.0,False,"insufficient_minimum_mappable_traces,minimum_unique_probes",trace share with at least one feasible domestic or international inter-region submarine-corridor candidate; not actual cable use or traffic dependency
MP,island_or_archipelagic,catalog_island_or_archipelagic_list,all_publicly_visible,2,2,2,0,2,0,1.0,1.0,0.0,1.0,0.0,1.0,very_high_candidate_dependency_proxy,1,1,1,0.0,False,"insufficient_minimum_mappable_traces,minimum_unique_probes,minimum_unique_probe_asns",trace share with at least one feasible domestic or international inter-region submarine-corridor candidate; not actual cable use or traffic dependency
MP,island_or_archipelagic,catalog_island_or_archipelagic_list,resolved_entry_only,0,0,0,0,0,0,,,,,,,unknown_candidate_dependency_proxy,0,0,0,,False,"insufficient_minimum_mappable_traces,minimum_unique_probes,minimum_unique_probe_asns",trace share with at least one feasible domestic or international inter-region submarine-corridor candidate; not actual cable use or traffic dependency
MT,island_or_archipelagic,catalog_island_or_archipelagic_list,all_publicly_visible,18,18,4,0,4,18,0.2222222222222222,0.2222222222222222,0.0,0.2222222222222222,1.0,0.2222222222222222,high_candidate_dependency_proxy,1,9,3,1.0,False,"insufficient_minimum_mappable_traces,minimum_unique_probes",trace share with at least one feasible domestic or international inter-region submarine-corridor candidate; not actual cable use or traffic dependency
MT,island_or_archipelagic,catalog_island_or_archipelagic_list,resolved_entry_only,18,18,4,0,4,18,0.2222222222222222,0.2222222222222222,0.0,0.2222222222222222,1.0,0.2222222222222222,high_candidate_dependency_proxy,1,9,3,1.0,False,"insufficient_minimum_mappable_traces,minimum_unique_probes",trace share with at least one feasible domestic or international inter-region submarine-corridor candidate; not actual cable use or traffic dependency
MU,island_or_archipelagic,catalog_island_or_archipelagic_list,all_publicly_visible,16,14,0,0,0,0,0.0,0.0,0.0,0.0,0.0,0.0,no_observed_inter_region_candidate_exposure,1,8,4,0.875,False,"insufficient_minimum_mappable_traces,minimum_unique_probes",trace share with at least one feasible domestic or international inter-region submarine-corridor candidate; not actual cable use or traffic dependency
MU,island_or_archipelagic,catalog_island_or_archipelagic_list,resolved_entry_only,14,14,0,0,0,0,0.0,0.0,0.0,0.0,0.0,0.0,no_observed_inter_region_candidate_exposure,1,7,4,1.0,False,"insufficient_minimum_mappable_traces,minimum_unique_probes",trace share with at least one feasible domestic or international inter-region submarine-corridor candidate; not actual cable use or traffic dependency
MV,island_or_archipelagic,catalog_island_or_archipelagic_list,all_publicly_visible,24,24,2,0,2,20,0.08333333333333333,0.08333333333333333,0.0,0.08333333333333333,0.8333333333333334,0.08333333333333333,moderate_candidate_dependency_proxy,1,12,4,1.0,False,insufficient_minimum_mappable_traces,trace share with at least one feasible domestic or international inter-region submarine-corridor candidate; not actual cable use or traffic dependency
MV,island_or_archipelagic,catalog_island_or_archipelagic_list,resolved_entry_only,24,24,2,0,2,20,0.08333333333333333,0.08333333333333333,0.0,0.08333333333333333,0.8333333333333334,0.08333333333333333,moderate_candidate_dependency_proxy,1,12,4,1.0,False,insufficient_minimum_mappable_traces,trace share with at least one feasible domestic or international inter-region submarine-corridor candidate; not actual cable use or traffic dependency
MW,landlocked,catalog_landlocked_list,all_publicly_visible,2,2,0,0,0,0,0.0,0.0,0.0,0.0,0.0,0.0,no_observed_inter_region_candidate_exposure,1,1,1,1.0,False,"insufficient_minimum_mappable_traces,minimum_unique_probes,minimum_unique_probe_asns",trace share with at least one feasible domestic or international inter-region submarine-corridor candidate; not actual cable use or traffic dependency
MW,landlocked,catalog_landlocked_list,resolved_entry_only,2,2,0,0,0,0,0.0,0.0,0.0,0.0,0.0,0.0,no_observed_inter_region_candidate_exposure,1,1,1,1.0,False,"insufficient_minimum_mappable_traces,minimum_unique_probes,minimum_unique_probe_asns",trace share with at least one feasible domestic or international inter-region submarine-corridor candidate; not actual cable use or traffic dependency
MX,coastal_mainland_or_mixed,catalog_default_alpha2_rule,all_publicly_visible,113,105,4,0,4,0,0.035398230088495575,0.0380952380952381,0.0,0.035398230088495575,0.0,0.035398230088495575,low_candidate_dependency_proxy,1,58,27,0.6460176991150443,True,eligible,trace share with at least one feasible domestic or international inter-region submarine-corridor candidate; not actual cable use or traffic dependency
MX,coastal_mainland_or_mixed,catalog_default_alpha2_rule,resolved_entry_only,73,73,4,0,4,0,0.0547945205479452,0.0547945205479452,0.0,0.0547945205479452,0.0,0.0547945205479452,moderate_candidate_dependency_proxy,1,39,18,1.0,True,eligible,trace share with at least one feasible domestic or international inter-region submarine-corridor candidate; not actual cable use or traffic dependency
MY,coastal_mainland_or_mixed,catalog_default_alpha2_rule,all_publicly_visible,72,70,11,9,6,10,0.1527777777777778,0.15714285714285714,0.125,0.08333333333333333,0.1388888888888889,0.1527777777777778,high_candidate_dependency_proxy,1,36,20,0.9722222222222222,True,eligible,trace share with at least one feasible domestic or international inter-region submarine-corridor candidate; not actual cable use or traffic dependency
MY,coastal_mainland_or_mixed,catalog_default_alpha2_rule,resolved_entry_only,70,70,11,9,6,10,0.15714285714285714,0.15714285714285714,0.12857142857142856,0.08571428571428572,0.14285714285714285,0.15714285714285714,high_candidate_dependency_proxy,1,35,19,1.0,True,eligible,trace share with at least one feasible domestic or international inter-region submarine-corridor candidate; not actual cable use or traffic dependency
MZ,coastal_mainland_or_mixed,catalog_default_alpha2_rule,all_publicly_visible,6,4,0,0,0,0,0.0,0.0,0.0,0.0,0.0,0.0,no_observed_inter_region_candidate_exposure,1,3,3,0.6666666666666666,False,"insufficient_minimum_mappable_traces,minimum_unique_probes",trace share with at least one feasible domestic or international inter-region submarine-corridor candidate; not actual cable use or traffic dependency
MZ,coastal_mainland_or_mixed,catalog_default_alpha2_rule,resolved_entry_only,4,4,0,0,0,0,0.0,0.0,0.0,0.0,0.0,0.0,no_observed_inter_region_candidate_exposure,1,2,2,1.0,False,"insufficient_minimum_mappable_traces,minimum_unique_probes,minimum_unique_probe_asns",trace share with at least one feasible domestic or international inter-region submarine-corridor candidate; not actual cable use or traffic dependency
NA,unknown,unclassified_or_missing_country_code,all_publicly_visible,8,7,0,0,0,0,0.0,0.0,0.0,0.0,0.0,0.0,no_observed_inter_region_candidate_exposure,1,4,3,0.875,False,"insufficient_minimum_mappable_traces,minimum_unique_probes",trace share with at least one feasible domestic or international inter-region submarine-corridor candidate; not actual cable use or traffic dependency
NA,unknown,unclassified_or_missing_country_code,resolved_entry_only,7,7,0,0,0,0,0.0,0.0,0.0,0.0,0.0,0.0,no_observed_inter_region_candidate_exposure,1,4,3,1.0,False,"insufficient_minimum_mappable_traces,minimum_unique_probes",trace share with at least one feasible domestic or international inter-region submarine-corridor candidate; not actual cable use or traffic dependency
NC,island_or_archipelagic,catalog_island_or_archipelagic_list,all_publicly_visible,10,10,10,0,10,10,1.0,1.0,0.0,1.0,1.0,1.0,very_high_candidate_dependency_proxy,1,5,2,1.0,False,"insufficient_minimum_mappable_traces,minimum_unique_probes,minimum_unique_probe_asns",trace share with at least one feasible domestic or international inter-region submarine-corridor candidate; not actual cable use or traffic dependency
NC,island_or_archipelagic,catalog_island_or_archipelagic_list,resolved_entry_only,10,10,10,0,10,10,1.0,1.0,0.0,1.0,1.0,1.0,very_high_candidate_dependency_proxy,1,5,2,1.0,False,"insufficient_minimum_mappable_traces,minimum_unique_probes,minimum_unique_probe_asns",trace share with at least one feasible domestic or international inter-region submarine-corridor candidate; not actual cable use or traffic dependency
NG,coastal_mainland_or_mixed,catalog_default_alpha2_rule,all_publicly_visible,20,20,11,0,11,0,0.55,0.55,0.0,0.55,0.0,0.55,very_high_candidate_dependency_proxy,1,10,6,0.6,False,insufficient_minimum_mappable_traces,trace share with at least one feasible domestic or international inter-region submarine-corridor candidate; not actual cable use or traffic dependency
NG,coastal_mainland_or_mixed,catalog_default_alpha2_rule,resolved_entry_only,12,12,10,0,10,0,0.8333333333333334,0.8333333333333334,0.0,0.8333333333333334,0.0,0.8333333333333334,very_high_candidate_dependency_proxy,1,6,5,1.0,False,"insufficient_minimum_mappable_traces,minimum_unique_probes",trace share with at least one feasible domestic or international inter-region submarine-corridor candidate; not actual cable use or traffic dependency
NI,coastal_mainland_or_mixed,catalog_default_alpha2_rule,all_publicly_visible,14,8,0,0,0,0,0.0,0.0,0.0,0.0,0.0,0.0,no_observed_inter_region_candidate_exposure,1,7,5,0.42857142857142855,False,"insufficient_minimum_mappable_traces,minimum_unique_probes",trace share with at least one feasible domestic or international inter-region submarine-corridor candidate; not actual cable use or traffic dependency
NI,coastal_mainland_or_mixed,catalog_default_alpha2_rule,resolved_entry_only,6,6,0,0,0,0,0.0,0.0,0.0,0.0,0.0,0.0,no_observed_inter_region_candidate_exposure,1,3,2,1.0,False,"insufficient_minimum_mappable_traces,minimum_unique_probes,minimum_unique_probe_asns",trace share with at least one feasible domestic or international inter-region submarine-corridor candidate; not actual cable use or traffic dependency
NL,coastal_mainland_or_mixed,catalog_default_alpha2_rule,all_publicly_visible,1339,1285,2,0,2,0,0.0014936519790888724,0.0015564202334630351,0.0,0.0014936519790888724,0.0,0.0014936519790888724,low_candidate_dependency_proxy,1,670,185,0.9477221807318895,True,eligible,trace share with at least one feasible domestic or international inter-region submarine-corridor candidate; not actual cable use or traffic dependency
NL,coastal_mainland_or_mixed,catalog_default_alpha2_rule,resolved_entry_only,1269,1269,0,0,0,0,0.0,0.0,0.0,0.0,0.0,0.0,no_observed_inter_region_candidate_exposure,1,636,174,1.0,True,eligible,trace share with at least one feasible domestic or international inter-region submarine-corridor candidate; not actual cable use or traffic dependency
NO,coastal_mainland_or_mixed,catalog_default_alpha2_rule,all_publicly_visible,186,178,146,144,2,74,0.7849462365591398,0.8202247191011236,0.7741935483870968,0.010752688172043012,0.3978494623655914,0.7849462365591398,very_high_candidate_dependency_proxy,1,93,35,0.946236559139785,True,eligible,trace share with at least one feasible domestic or international inter-region submarine-corridor candidate; not actual cable use or traffic dependency
NO,coastal_mainland_or_mixed,catalog_default_alpha2_rule,resolved_entry_only,176,176,144,142,2,74,0.8181818181818182,0.8181818181818182,0.8068181818181818,0.011363636363636364,0.42045454545454547,0.8181818181818182,very_high_candidate_dependency_proxy,1,88,34,1.0,True,eligible,trace share with at least one feasible domestic or international inter-region submarine-corridor candidate; not actual cable use or traffic dependency
NP,landlocked,catalog_landlocked_list,all_publicly_visible,31,31,0,0,0,0,0.0,0.0,0.0,0.0,0.0,0.0,no_observed_inter_region_candidate_exposure,1,16,10,1.0,True,eligible,trace share with at least one feasible domestic or international inter-region submarine-corridor candidate; not actual cable use or traffic dependency
NP,landlocked,catalog_landlocked_list,resolved_entry_only,31,31,0,0,0,0,0.0,0.0,0.0,0.0,0.0,0.0,no_observed_inter_region_candidate_exposure,1,16,10,1.0,True,eligible,trace share with at least one feasible domestic or international inter-region submarine-corridor candidate; not actual cable use or traffic dependency
NU,island_or_archipelagic,catalog_island_or_archipelagic_list,all_publicly_visible,2,2,2,0,2,2,1.0,1.0,0.0,1.0,1.0,1.0,very_high_candidate_dependency_proxy,1,1,1,1.0,False,"insufficient_minimum_mappable_traces,minimum_unique_probes,minimum_unique_probe_asns",trace share with at least one feasible domestic or international inter-region submarine-corridor candidate; not actual cable use or traffic dependency
NU,island_or_archipelagic,catalog_island_or_archipelagic_list,resolved_entry_only,2,2,2,0,2,2,1.0,1.0,0.0,1.0,1.0,1.0,very_high_candidate_dependency_proxy,1,1,1,1.0,False,"insufficient_minimum_mappable_traces,minimum_unique_probes,minimum_unique_probe_asns",trace share with at least one feasible domestic or international inter-region submarine-corridor candidate; not actual cable use or traffic dependency
NZ,island_or_archipelagic,catalog_island_or_archipelagic_list,all_publicly_visible,232,226,150,72,134,210,0.646551724137931,0.6637168141592921,0.3103448275862069,0.5775862068965517,0.9051724137931034,0.646551724137931,very_high_candidate_dependency_proxy,1,116,35,0.9698275862068966,True,eligible,trace share with at least one feasible domestic or international inter-region submarine-corridor candidate; not actual cable use or traffic dependency
NZ,island_or_archipelagic,catalog_island_or_archipelagic_list,resolved_entry_only,225,225,150,72,134,209,0.6666666666666666,0.6666666666666666,0.32,0.5955555555555555,0.9288888888888889,0.6666666666666666,very_high_candidate_dependency_proxy,1,113,33,1.0,True,eligible,trace share with at least one feasible domestic or international inter-region submarine-corridor candidate; not actual cable use or traffic dependency
OM,coastal_mainland_or_mixed,catalog_default_alpha2_rule,all_publicly_visible,4,4,0,0,0,0,0.0,0.0,0.0,0.0,0.0,0.0,no_observed_inter_region_candidate_exposure,1,2,2,1.0,False,"insufficient_minimum_mappable_traces,minimum_unique_probes,minimum_unique_probe_asns",trace share with at least one feasible domestic or international inter-region submarine-corridor candidate; not actual cable use or traffic dependency
OM,coastal_mainland_or_mixed,catalog_default_alpha2_rule,resolved_entry_only,4,4,0,0,0,0,0.0,0.0,0.0,0.0,0.0,0.0,no_observed_inter_region_candidate_exposure,1,2,2,1.0,False,"insufficient_minimum_mappable_traces,minimum_unique_probes,minimum_unique_probe_asns",trace share with at least one feasible domestic or international inter-region submarine-corridor candidate; not actual cable use or traffic dependency
PA,coastal_mainland_or_mixed,catalog_default_alpha2_rule,all_publicly_visible,44,40,4,4,2,0,0.09090909090909091,0.1,0.09090909090909091,0.045454545454545456,0.0,0.09090909090909091,moderate_candidate_dependency_proxy,1,22,10,0.3181818181818182,True,eligible,trace share with at least one feasible domestic or international inter-region submarine-corridor candidate; not actual cable use or traffic dependency
PA,coastal_mainland_or_mixed,catalog_default_alpha2_rule,resolved_entry_only,14,14,0,0,0,0,0.0,0.0,0.0,0.0,0.0,0.0,no_observed_inter_region_candidate_exposure,1,7,5,1.0,False,"insufficient_minimum_mappable_traces,minimum_unique_probes",trace share with at least one feasible domestic or international inter-region submarine-corridor candidate; not actual cable use or traffic dependency
PE,coastal_mainland_or_mixed,catalog_default_alpha2_rule,all_publicly_visible,46,46,25,1,25,0,0.5434782608695652,0.5434782608695652,0.021739130434782608,0.5434782608695652,0.0,0.5434782608695652,very_high_candidate_dependency_proxy,1,23,18,0.9565217391304348,True,eligible,trace share with at least one feasible domestic or international inter-region submarine-corridor candidate; not actual cable use or traffic dependency
PE,coastal_mainland_or_mixed,catalog_default_alpha2_rule,resolved_entry_only,44,44,24,0,24,0,0.5454545454545454,0.5454545454545454,0.0,0.5454545454545454,0.0,0.5454545454545454,very_high_candidate_dependency_proxy,1,22,17,1.0,True,eligible,trace share with at least one feasible domestic or international inter-region submarine-corridor candidate; not actual cable use or traffic dependency
PF,island_or_archipelagic,catalog_island_or_archipelagic_list,all_publicly_visible,12,12,0,0,0,0,0.0,0.0,0.0,0.0,0.0,0.0,no_observed_inter_region_candidate_exposure,1,6,1,1.0,False,"insufficient_minimum_mappable_traces,minimum_unique_probes,minimum_unique_probe_asns",trace share with at least one feasible domestic or international inter-region submarine-corridor candidate; not actual cable use or traffic dependency
PF,island_or_archipelagic,catalog_island_or_archipelagic_list,resolved_entry_only,12,12,0,0,0,0,0.0,0.0,0.0,0.0,0.0,0.0,no_observed_inter_region_candidate_exposure,1,6,1,1.0,False,"insufficient_minimum_mappable_traces,minimum_unique_probes,minimum_unique_probe_asns",trace share with at least one feasible domestic or international inter-region submarine-corridor candidate; not actual cable use or traffic dependency
PG,island_or_archipelagic,catalog_island_or_archipelagic_list,all_publicly_visible,2,2,2,0,2,0,1.0,1.0,0.0,1.0,0.0,1.0,very_high_candidate_dependency_proxy,1,1,1,1.0,False,"insufficient_minimum_mappable_traces,minimum_unique_probes,minimum_unique_probe_asns",trace share with at least one feasible domestic or international inter-region submarine-corridor candidate; not actual cable use or traffic dependency
PG,island_or_archipelagic,catalog_island_or_archipelagic_list,resolved_entry_only,2,2,2,0,2,0,1.0,1.0,0.0,1.0,0.0,1.0,very_high_candidate_dependency_proxy,1,1,1,1.0,False,"insufficient_minimum_mappable_traces,minimum_unique_probes,minimum_unique_probe_asns",trace share with at least one feasible domestic or international inter-region submarine-corridor candidate; not actual cable use or traffic dependency
PH,island_or_archipelagic,catalog_island_or_archipelagic_list,all_publicly_visible,132,111,63,23,62,19,0.4772727272727273,0.5675675675675675,0.17424242424242425,0.4696969696969697,0.14393939393939395,0.4772727272727273,very_high_candidate_dependency_proxy,1,66,35,0.8409090909090909,True,eligible,trace share with at least one feasible domestic or international inter-region submarine-corridor candidate; not actual cable use or traffic dependency
PH,island_or_archipelagic,catalog_island_or_archipelagic_list,resolved_entry_only,111,111,63,23,62,19,0.5675675675675675,0.5675675675675675,0.2072072072072072,0.5585585585585585,0.17117117117117117,0.5675675675675675,very_high_candidate_dependency_proxy,1,56,32,1.0,True,eligible,trace share with at least one feasible domestic or international inter-region submarine-corridor candidate; not actual cable use or traffic dependency
PK,coastal_mainland_or_mixed,catalog_default_alpha2_rule,all_publicly_visible,26,16,0,0,0,0,0.0,0.0,0.0,0.0,0.0,0.0,no_observed_inter_region_candidate_exposure,1,13,9,0.6153846153846154,False,insufficient_minimum_mappable_traces,trace share with at least one feasible domestic or international inter-region submarine-corridor candidate; not actual cable use or traffic dependency
PK,coastal_mainland_or_mixed,catalog_default_alpha2_rule,resolved_entry_only,16,16,0,0,0,0,0.0,0.0,0.0,0.0,0.0,0.0,no_observed_inter_region_candidate_exposure,1,8,6,1.0,False,"insufficient_minimum_mappable_traces,minimum_unique_probes",trace share with at least one feasible domestic or international inter-region submarine-corridor candidate; not actual cable use or traffic dependency
PL,coastal_mainland_or_mixed,catalog_default_alpha2_rule,all_publicly_visible,468,452,1,0,1,0,0.002136752136752137,0.0022123893805309734,0.0,0.002136752136752137,0.0,0.002136752136752137,low_candidate_dependency_proxy,1,233,132,0.9572649572649573,True,eligible,trace share with at least one feasible domestic or international inter-region submarine-corridor candidate; not actual cable use or traffic dependency
PL,coastal_mainland_or_mixed,catalog_default_alpha2_rule,resolved_entry_only,448,448,1,0,1,0,0.002232142857142857,0.002232142857142857,0.0,0.002232142857142857,0.0,0.002232142857142857,low_candidate_dependency_proxy,1,223,127,1.0,True,eligible,trace share with at least one feasible domestic or international inter-region submarine-corridor candidate; not actual cable use or traffic dependency
PR,island_or_archipelagic,catalog_island_or_archipelagic_list,all_publicly_visible,4,4,4,0,4,4,1.0,1.0,0.0,1.0,1.0,1.0,very_high_candidate_dependency_proxy,1,2,2,0.5,False,"insufficient_minimum_mappable_traces,minimum_unique_probes,minimum_unique_probe_asns",trace share with at least one feasible domestic or international inter-region submarine-corridor candidate; not actual cable use or traffic dependency
PR,island_or_archipelagic,catalog_island_or_archipelagic_list,resolved_entry_only,2,2,2,0,2,2,1.0,1.0,0.0,1.0,1.0,1.0,very_high_candidate_dependency_proxy,1,1,1,1.0,False,"insufficient_minimum_mappable_traces,minimum_unique_probes,minimum_unique_probe_asns",trace share with at least one feasible domestic or international inter-region submarine-corridor candidate; not actual cable use or traffic dependency
PS,coastal_mainland_or_mixed,catalog_default_alpha2_rule,all_publicly_visible,2,2,0,0,0,0,0.0,0.0,0.0,0.0,0.0,0.0,no_observed_inter_region_candidate_exposure,1,1,1,1.0,False,"insufficient_minimum_mappable_traces,minimum_unique_probes,minimum_unique_probe_asns",trace share with at least one feasible domestic or international inter-region submarine-corridor candidate; not actual cable use or traffic dependency
PS,coastal_mainland_or_mixed,catalog_default_alpha2_rule,resolved_entry_only,2,2,0,0,0,0,0.0,0.0,0.0,0.0,0.0,0.0,no_observed_inter_region_candidate_exposure,1,1,1,1.0,False,"insufficient_minimum_mappable_traces,minimum_unique_probes,minimum_unique_probe_asns",trace share with at least one feasible domestic or international inter-region submarine-corridor candidate; not actual cable use or traffic dependency
PT,coastal_mainland_or_mixed,catalog_default_alpha2_rule,all_publicly_visible,209,198,2,2,0,158,0.009569377990430622,0.010101010101010102,0.009569377990430622,0.0,0.7559808612440191,0.009569377990430622,low_candidate_dependency_proxy,1,105,23,0.9473684210526315,True,eligible,trace share with at least one feasible domestic or international inter-region submarine-corridor candidate; not actual cable use or traffic dependency
PT,coastal_mainland_or_mixed,catalog_default_alpha2_rule,resolved_entry_only,198,198,2,2,0,158,0.010101010101010102,0.010101010101010102,0.010101010101010102,0.0,0.797979797979798,0.010101010101010102,low_candidate_dependency_proxy,1,99,22,1.0,True,eligible,trace share with at least one feasible domestic or international inter-region submarine-corridor candidate; not actual cable use or traffic dependency
PW,island_or_archipelagic,catalog_island_or_archipelagic_list,all_publicly_visible,1,1,1,0,1,1,1.0,1.0,0.0,1.0,1.0,1.0,very_high_candidate_dependency_proxy,1,1,1,1.0,False,"insufficient_minimum_mappable_traces,minimum_unique_probes,minimum_unique_probe_asns",trace share with at least one feasible domestic or international inter-region submarine-corridor candidate; not actual cable use or traffic dependency
PW,island_or_archipelagic,catalog_island_or_archipelagic_list,resolved_entry_only,1,1,1,0,1,1,1.0,1.0,0.0,1.0,1.0,1.0,very_high_candidate_dependency_proxy,1,1,1,1.0,False,"insufficient_minimum_mappable_traces,minimum_unique_probes,minimum_unique_probe_asns",trace share with at least one feasible domestic or international inter-region submarine-corridor candidate; not actual cable use or traffic dependency
PY,landlocked,catalog_landlocked_list,all_publicly_visible,22,20,0,0,0,0,0.0,0.0,0.0,0.0,0.0,0.0,no_observed_inter_region_candidate_exposure,1,11,8,0.8181818181818182,False,insufficient_minimum_mappable_traces,trace share with at least one feasible domestic or international inter-region submarine-corridor candidate; not actual cable use or traffic dependency
PY,landlocked,catalog_landlocked_list,resolved_entry_only,18,18,0,0,0,0,0.0,0.0,0.0,0.0,0.0,0.0,no_observed_inter_region_candidate_exposure,1,9,7,1.0,False,"insufficient_minimum_mappable_traces,minimum_unique_probes",trace share with at least one feasible domestic or international inter-region submarine-corridor candidate; not actual cable use or traffic dependency
QA,coastal_mainland_or_mixed,catalog_default_alpha2_rule,all_publicly_visible,2,2,2,0,2,0,1.0,1.0,0.0,1.0,0.0,1.0,very_high_candidate_dependency_proxy,1,1,1,1.0,False,"insufficient_minimum_mappable_traces,minimum_unique_probes,minimum_unique_probe_asns",trace share with at least one feasible domestic or international inter-region submarine-corridor candidate; not actual cable use or traffic dependency
QA,coastal_mainland_or_mixed,catalog_default_alpha2_rule,resolved_entry_only,2,2,2,0,2,0,1.0,1.0,0.0,1.0,0.0,1.0,very_high_candidate_dependency_proxy,1,1,1,1.0,False,"insufficient_minimum_mappable_traces,minimum_unique_probes,minimum_unique_probe_asns",trace share with at least one feasible domestic or international inter-region submarine-corridor candidate; not actual cable use or traffic dependency
RE,island_or_archipelagic,catalog_island_or_archipelagic_list,all_publicly_visible,104,104,0,0,0,0,0.0,0.0,0.0,0.0,0.0,0.0,no_observed_inter_region_candidate_exposure,1,52,5,1.0,True,eligible,trace share with at least one feasible domestic or international inter-region submarine-corridor candidate; not actual cable use or traffic dependency
RE,island_or_archipelagic,catalog_island_or_archipelagic_list,resolved_entry_only,104,104,0,0,0,0,0.0,0.0,0.0,0.0,0.0,0.0,no_observed_inter_region_candidate_exposure,1,52,5,1.0,True,eligible,trace share with at least one feasible domestic or international inter-region submarine-corridor candidate; not actual cable use or traffic dependency
RO,coastal_mainland_or_mixed,catalog_default_alpha2_rule,all_publicly_visible,180,178,2,2,2,2,0.011111111111111112,0.011235955056179775,0.011111111111111112,0.011111111111111112,0.011111111111111112,0.011111111111111112,low_candidate_dependency_proxy,1,90,47,0.9666666666666667,True,eligible,trace share with at least one feasible domestic or international inter-region submarine-corridor candidate; not actual cable use or traffic dependency
RO,coastal_mainland_or_mixed,catalog_default_alpha2_rule,resolved_entry_only,174,174,2,2,2,2,0.011494252873563218,0.011494252873563218,0.011494252873563218,0.011494252873563218,0.011494252873563218,0.011494252873563218,low_candidate_dependency_proxy,1,87,44,1.0,True,eligible,trace share with at least one feasible domestic or international inter-region submarine-corridor candidate; not actual cable use or traffic dependency
RS,landlocked,catalog_landlocked_list,all_publicly_visible,102,97,0,0,0,0,0.0,0.0,0.0,0.0,0.0,0.0,no_observed_inter_region_candidate_exposure,1,51,21,0.8529411764705882,True,eligible,trace share with at least one feasible domestic or international inter-region submarine-corridor candidate; not actual cable use or traffic dependency
RS,landlocked,catalog_landlocked_list,resolved_entry_only,87,87,0,0,0,0,0.0,0.0,0.0,0.0,0.0,0.0,no_observed_inter_region_candidate_exposure,1,44,20,1.0,True,eligible,trace share with at least one feasible domestic or international inter-region submarine-corridor candidate; not actual cable use or traffic dependency
RU,coastal_mainland_or_mixed,catalog_default_alpha2_rule,all_publicly_visible,1044,994,71,64,8,64,0.06800766283524905,0.07142857142857142,0.06130268199233716,0.007662835249042145,0.06130268199233716,0.06800766283524905,moderate_candidate_dependency_proxy,1,522,309,0.9272030651340997,True,eligible,trace share with at least one feasible domestic or international inter-region submarine-corridor candidate; not actual cable use or traffic dependency
RU,coastal_mainland_or_mixed,catalog_default_alpha2_rule,resolved_entry_only,968,968,71,64,8,64,0.07334710743801653,0.07334710743801653,0.06611570247933884,0.008264462809917356,0.06611570247933884,0.07334710743801653,moderate_candidate_dependency_proxy,1,489,294,1.0,True,eligible,trace share with at least one feasible domestic or international inter-region submarine-corridor candidate; not actual cable use or traffic dependency
RW,landlocked,catalog_landlocked_list,all_publicly_visible,2,2,0,0,0,0,0.0,0.0,0.0,0.0,0.0,0.0,no_observed_inter_region_candidate_exposure,1,1,1,1.0,False,"insufficient_minimum_mappable_traces,minimum_unique_probes,minimum_unique_probe_asns",trace share with at least one feasible domestic or international inter-region submarine-corridor candidate; not actual cable use or traffic dependency
RW,landlocked,catalog_landlocked_list,resolved_entry_only,2,2,0,0,0,0,0.0,0.0,0.0,0.0,0.0,0.0,no_observed_inter_region_candidate_exposure,1,1,1,1.0,False,"insufficient_minimum_mappable_traces,minimum_unique_probes,minimum_unique_probe_asns",trace share with at least one feasible domestic or international inter-region submarine-corridor candidate; not actual cable use or traffic dependency
SA,coastal_mainland_or_mixed,catalog_default_alpha2_rule,all_publicly_visible,48,41,0,0,0,0,0.0,0.0,0.0,0.0,0.0,0.0,no_observed_inter_region_candidate_exposure,1,24,12,0.7708333333333334,True,eligible,trace share with at least one feasible domestic or international inter-region submarine-corridor candidate; not actual cable use or traffic dependency
SA,coastal_mainland_or_mixed,catalog_default_alpha2_rule,resolved_entry_only,37,37,0,0,0,0,0.0,0.0,0.0,0.0,0.0,0.0,no_observed_inter_region_candidate_exposure,1,19,10,1.0,True,eligible,trace share with at least one feasible domestic or international inter-region submarine-corridor candidate; not actual cable use or traffic dependency
SE,coastal_mainland_or_mixed,catalog_default_alpha2_rule,all_publicly_visible,467,443,190,190,0,250,0.4068522483940043,0.4288939051918736,0.4068522483940043,0.0,0.5353319057815846,0.4068522483940043,very_high_candidate_dependency_proxy,1,233,78,0.9443254817987152,True,eligible,trace share with at least one feasible domestic or international inter-region submarine-corridor candidate; not actual cable use or traffic dependency
SE,coastal_mainland_or_mixed,catalog_default_alpha2_rule,resolved_entry_only,441,441,188,188,0,250,0.42630385487528344,0.42630385487528344,0.42630385487528344,0.0,0.5668934240362812,0.42630385487528344,very_high_candidate_dependency_proxy,1,220,74,1.0,True,eligible,trace share with at least one feasible domestic or international inter-region submarine-corridor candidate; not actual cable use or traffic dependency
SG,island_or_archipelagic,catalog_island_or_archipelagic_list,all_publicly_visible,300,268,201,164,154,170,0.67,0.75,0.5466666666666666,0.5133333333333333,0.5666666666666667,0.67,very_high_candidate_dependency_proxy,1,150,67,0.8933333333333333,True,eligible,trace share with at least one feasible domestic or international inter-region submarine-corridor candidate; not actual cable use or traffic dependency
SG,island_or_archipelagic,catalog_island_or_archipelagic_list,resolved_entry_only,268,268,201,164,154,170,0.75,0.75,0.6119402985074627,0.5746268656716418,0.6343283582089553,0.75,very_high_candidate_dependency_proxy,1,135,60,1.0,True,eligible,trace share with at least one feasible domestic or international inter-region submarine-corridor candidate; not actual cable use or traffic dependency
SI,coastal_mainland_or_mixed,catalog_default_alpha2_rule,all_publicly_visible,98,91,0,0,0,0,0.0,0.0,0.0,0.0,0.0,0.0,no_observed_inter_region_candidate_exposure,1,49,22,0.9285714285714286,True,eligible,trace share with at least one feasible domestic or international inter-region submarine-corridor candidate; not actual cable use or traffic dependency
SI,coastal_mainland_or_mixed,catalog_default_alpha2_rule,resolved_entry_only,91,91,0,0,0,0,0.0,0.0,0.0,0.0,0.0,0.0,no_observed_inter_region_candidate_exposure,1,46,21,1.0,True,eligible,trace share with at least one feasible domestic or international inter-region submarine-corridor candidate; not actual cable use or traffic dependency
SK,landlocked,catalog_landlocked_list,all_publicly_visible,112,104,0,0,0,0,0.0,0.0,0.0,0.0,0.0,0.0,no_observed_inter_region_candidate_exposure,1,56,22,0.9285714285714286,True,eligible,trace share with at least one feasible domestic or international inter-region submarine-corridor candidate; not actual cable use or traffic dependency
SK,landlocked,catalog_landlocked_list,resolved_entry_only,104,104,0,0,0,0,0.0,0.0,0.0,0.0,0.0,0.0,no_observed_inter_region_candidate_exposure,1,52,22,1.0,True,eligible,trace share with at least one feasible domestic or international inter-region submarine-corridor candidate; not actual cable use or traffic dependency
SL,coastal_mainland_or_mixed,catalog_default_alpha2_rule,all_publicly_visible,4,2,2,0,2,0,0.5,1.0,0.0,0.5,0.0,0.5,very_high_candidate_dependency_proxy,1,2,2,0.5,False,"insufficient_minimum_mappable_traces,minimum_unique_probes,minimum_unique_probe_asns",trace share with at least one feasible domestic or international inter-region submarine-corridor candidate; not actual cable use or traffic dependency
SL,coastal_mainland_or_mixed,catalog_default_alpha2_rule,resolved_entry_only,2,2,2,0,2,0,1.0,1.0,0.0,1.0,0.0,1.0,very_high_candidate_dependency_proxy,1,1,1,1.0,False,"insufficient_minimum_mappable_traces,minimum_unique_probes,minimum_unique_probe_asns",trace share with at least one feasible domestic or international inter-region submarine-corridor candidate; not actual cable use or traffic dependency
SM,landlocked,catalog_landlocked_list,all_publicly_visible,2,2,0,0,0,0,0.0,0.0,0.0,0.0,0.0,0.0,no_observed_inter_region_candidate_exposure,1,1,1,1.0,False,"insufficient_minimum_mappable_traces,minimum_unique_probes,minimum_unique_probe_asns",trace share with at least one feasible domestic or international inter-region submarine-corridor candidate; not actual cable use or traffic dependency
SM,landlocked,catalog_landlocked_list,resolved_entry_only,2,2,0,0,0,0,0.0,0.0,0.0,0.0,0.0,0.0,no_observed_inter_region_candidate_exposure,1,1,1,1.0,False,"insufficient_minimum_mappable_traces,minimum_unique_probes,minimum_unique_probe_asns",trace share with at least one feasible domestic or international inter-region submarine-corridor candidate; not actual cable use or traffic dependency
SN,coastal_mainland_or_mixed,catalog_default_alpha2_rule,all_publicly_visible,4,4,0,0,0,0,0.0,0.0,0.0,0.0,0.0,0.0,no_observed_inter_region_candidate_exposure,1,2,2,1.0,False,"insufficient_minimum_mappable_traces,minimum_unique_probes,minimum_unique_probe_asns",trace share with at least one feasible domestic or international inter-region submarine-corridor candidate; not actual cable use or traffic dependency
SN,coastal_mainland_or_mixed,catalog_default_alpha2_rule,resolved_entry_only,4,4,0,0,0,0,0.0,0.0,0.0,0.0,0.0,0.0,no_observed_inter_region_candidate_exposure,1,2,2,1.0,False,"insufficient_minimum_mappable_traces,minimum_unique_probes,minimum_unique_probe_asns",trace share with at least one feasible domestic or international inter-region submarine-corridor candidate; not actual cable use or traffic dependency
SR,coastal_mainland_or_mixed,catalog_default_alpha2_rule,all_publicly_visible,1,1,1,0,1,0,1.0,1.0,0.0,1.0,0.0,1.0,very_high_candidate_dependency_proxy,1,1,1,0.0,False,"insufficient_minimum_mappable_traces,minimum_unique_probes,minimum_unique_probe_asns",trace share with at least one feasible domestic or international inter-region submarine-corridor candidate; not actual cable use or traffic dependency
SR,coastal_mainland_or_mixed,catalog_default_alpha2_rule,resolved_entry_only,0,0,0,0,0,0,,,,,,,unknown_candidate_dependency_proxy,0,0,0,,False,"insufficient_minimum_mappable_traces,minimum_unique_probes,minimum_unique_probe_asns",trace share with at least one feasible domestic or international inter-region submarine-corridor candidate; not actual cable use or traffic dependency
SS,landlocked,catalog_landlocked_list,all_publicly_visible,2,2,0,0,0,0,0.0,0.0,0.0,0.0,0.0,0.0,no_observed_inter_region_candidate_exposure,1,1,1,1.0,False,"insufficient_minimum_mappable_traces,minimum_unique_probes,minimum_unique_probe_asns",trace share with at least one feasible domestic or international inter-region submarine-corridor candidate; not actual cable use or traffic dependency
SS,landlocked,catalog_landlocked_list,resolved_entry_only,2,2,0,0,0,0,0.0,0.0,0.0,0.0,0.0,0.0,no_observed_inter_region_candidate_exposure,1,1,1,1.0,False,"insufficient_minimum_mappable_traces,minimum_unique_probes,minimum_unique_probe_asns",trace share with at least one feasible domestic or international inter-region submarine-corridor candidate; not actual cable use or traffic dependency
SV,coastal_mainland_or_mixed,catalog_default_alpha2_rule,all_publicly_visible,29,23,5,0,5,0,0.1724137931034483,0.21739130434782608,0.0,0.1724137931034483,0.0,0.1724137931034483,high_candidate_dependency_proxy,1,15,10,0.6896551724137931,False,insufficient_minimum_mappable_traces,trace share with at least one feasible domestic or international inter-region submarine-corridor candidate; not actual cable use or traffic dependency
SV,coastal_mainland_or_mixed,catalog_default_alpha2_rule,resolved_entry_only,20,20,5,0,5,0,0.25,0.25,0.0,0.25,0.0,0.25,high_candidate_dependency_proxy,1,10,7,1.0,False,insufficient_minimum_mappable_traces,trace share with at least one feasible domestic or international inter-region submarine-corridor candidate; not actual cable use or traffic dependency
SY,coastal_mainland_or_mixed,catalog_default_alpha2_rule,all_publicly_visible,6,0,0,0,0,0,0.0,,0.0,0.0,0.0,0.0,no_observed_inter_region_candidate_exposure,1,3,2,0.0,False,"insufficient_minimum_mappable_traces,minimum_unique_probes,minimum_unique_probe_asns",trace share with at least one feasible domestic or international inter-region submarine-corridor candidate; not actual cable use or traffic dependency
SY,coastal_mainland_or_mixed,catalog_default_alpha2_rule,resolved_entry_only,0,0,0,0,0,0,,,,,,,unknown_candidate_dependency_proxy,0,0,0,,False,"insufficient_minimum_mappable_traces,minimum_unique_probes,minimum_unique_probe_asns",trace share with at least one feasible domestic or international inter-region submarine-corridor candidate; not actual cable use or traffic dependency
TD,landlocked,catalog_landlocked_list,all_publicly_visible,2,2,0,0,0,0,0.0,0.0,0.0,0.0,0.0,0.0,no_observed_inter_region_candidate_exposure,1,1,1,1.0,False,"insufficient_minimum_mappable_traces,minimum_unique_probes,minimum_unique_probe_asns",trace share with at least one feasible domestic or international inter-region submarine-corridor candidate; not actual cable use or traffic dependency
TD,landlocked,catalog_landlocked_list,resolved_entry_only,2,2,0,0,0,0,0.0,0.0,0.0,0.0,0.0,0.0,no_observed_inter_region_candidate_exposure,1,1,1,1.0,False,"insufficient_minimum_mappable_traces,minimum_unique_probes,minimum_unique_probe_asns",trace share with at least one feasible domestic or international inter-region submarine-corridor candidate; not actual cable use or traffic dependency
TG,coastal_mainland_or_mixed,catalog_default_alpha2_rule,all_publicly_visible,2,2,0,0,0,0,0.0,0.0,0.0,0.0,0.0,0.0,no_observed_inter_region_candidate_exposure,1,1,1,1.0,False,"insufficient_minimum_mappable_traces,minimum_unique_probes,minimum_unique_probe_asns",trace share with at least one feasible domestic or international inter-region submarine-corridor candidate; not actual cable use or traffic dependency
TG,coastal_mainland_or_mixed,catalog_default_alpha2_rule,resolved_entry_only,2,2,0,0,0,0,0.0,0.0,0.0,0.0,0.0,0.0,no_observed_inter_region_candidate_exposure,1,1,1,1.0,False,"insufficient_minimum_mappable_traces,minimum_unique_probes,minimum_unique_probe_asns",trace share with at least one feasible domestic or international inter-region submarine-corridor candidate; not actual cable use or traffic dependency
TH,coastal_mainland_or_mixed,catalog_default_alpha2_rule,all_publicly_visible,98,96,42,14,37,14,0.42857142857142855,0.4375,0.14285714285714285,0.37755102040816324,0.14285714285714285,0.42857142857142855,very_high_candidate_dependency_proxy,1,49,29,0.9591836734693877,True,eligible,trace share with at least one feasible domestic or international inter-region submarine-corridor candidate; not actual cable use or traffic dependency
TH,coastal_mainland_or_mixed,catalog_default_alpha2_rule,resolved_entry_only,94,94,41,14,36,14,0.43617021276595747,0.43617021276595747,0.14893617021276595,0.3829787234042553,0.14893617021276595,0.43617021276595747,very_high_candidate_dependency_proxy,1,48,28,1.0,True,eligible,trace share with at least one feasible domestic or international inter-region submarine-corridor candidate; not actual cable use or traffic dependency
TJ,landlocked,catalog_landlocked_list,all_publicly_visible,28,26,0,0,0,0,0.0,0.0,0.0,0.0,0.0,0.0,no_observed_inter_region_candidate_exposure,1,14,11,0.7857142857142857,False,insufficient_minimum_mappable_traces,trace share with at least one feasible domestic or international inter-region submarine-corridor candidate; not actual cable use or traffic dependency
TJ,landlocked,catalog_landlocked_list,resolved_entry_only,22,22,0,0,0,0,0.0,0.0,0.0,0.0,0.0,0.0,no_observed_inter_region_candidate_exposure,1,11,9,1.0,False,insufficient_minimum_mappable_traces,trace share with at least one feasible domestic or international inter-region submarine-corridor candidate; not actual cable use or traffic dependency
TL,island_or_archipelagic,catalog_island_or_archipelagic_list,all_publicly_visible,8,8,4,4,0,4,0.5,0.5,0.5,0.0,0.5,0.5,very_high_candidate_dependency_proxy,1,4,2,1.0,False,"insufficient_minimum_mappable_traces,minimum_unique_probes,minimum_unique_probe_asns",trace share with at least one feasible domestic or international inter-region submarine-corridor candidate; not actual cable use or traffic dependency
TL,island_or_archipelagic,catalog_island_or_archipelagic_list,resolved_entry_only,8,8,4,4,0,4,0.5,0.5,0.5,0.0,0.5,0.5,very_high_candidate_dependency_proxy,1,4,2,1.0,False,"insufficient_minimum_mappable_traces,minimum_unique_probes,minimum_unique_probe_asns",trace share with at least one feasible domestic or international inter-region submarine-corridor candidate; not actual cable use or traffic dependency
TN,coastal_mainland_or_mixed,catalog_default_alpha2_rule,all_publicly_visible,16,14,0,0,0,0,0.0,0.0,0.0,0.0,0.0,0.0,no_observed_inter_region_candidate_exposure,1,8,5,0.75,False,"insufficient_minimum_mappable_traces,minimum_unique_probes",trace share with at least one feasible domestic or international inter-region submarine-corridor candidate; not actual cable use or traffic dependency
TN,coastal_mainland_or_mixed,catalog_default_alpha2_rule,resolved_entry_only,12,12,0,0,0,0,0.0,0.0,0.0,0.0,0.0,0.0,no_observed_inter_region_candidate_exposure,1,6,3,1.0,False,"insufficient_minimum_mappable_traces,minimum_unique_probes",trace share with at least one feasible domestic or international inter-region submarine-corridor candidate; not actual cable use or traffic dependency
TO,island_or_archipelagic,catalog_island_or_archipelagic_list,all_publicly_visible,2,2,2,0,2,2,1.0,1.0,0.0,1.0,1.0,1.0,very_high_candidate_dependency_proxy,1,1,1,1.0,False,"insufficient_minimum_mappable_traces,minimum_unique_probes,minimum_unique_probe_asns",trace share with at least one feasible domestic or international inter-region submarine-corridor candidate; not actual cable use or traffic dependency
TO,island_or_archipelagic,catalog_island_or_archipelagic_list,resolved_entry_only,2,2,2,0,2,2,1.0,1.0,0.0,1.0,1.0,1.0,very_high_candidate_dependency_proxy,1,1,1,1.0,False,"insufficient_minimum_mappable_traces,minimum_unique_probes,minimum_unique_probe_asns",trace share with at least one feasible domestic or international inter-region submarine-corridor candidate; not actual cable use or traffic dependency
TR,coastal_mainland_or_mixed,catalog_default_alpha2_rule,all_publicly_visible,138,129,0,0,0,0,0.0,0.0,0.0,0.0,0.0,0.0,no_observed_inter_region_candidate_exposure,1,69,30,0.9130434782608695,True,eligible,trace share with at least one feasible domestic or international inter-region submarine-corridor candidate; not actual cable use or traffic dependency
TR,coastal_mainland_or_mixed,catalog_default_alpha2_rule,resolved_entry_only,126,126,0,0,0,0,0.0,0.0,0.0,0.0,0.0,0.0,no_observed_inter_region_candidate_exposure,1,64,27,1.0,True,eligible,trace share with at least one feasible domestic or international inter-region submarine-corridor candidate; not actual cable use or traffic dependency
TT,island_or_archipelagic,catalog_island_or_archipelagic_list,all_publicly_visible,2,2,0,0,0,0,0.0,0.0,0.0,0.0,0.0,0.0,no_observed_inter_region_candidate_exposure,1,1,1,1.0,False,"insufficient_minimum_mappable_traces,minimum_unique_probes,minimum_unique_probe_asns",trace share with at least one feasible domestic or international inter-region submarine-corridor candidate; not actual cable use or traffic dependency
TT,island_or_archipelagic,catalog_island_or_archipelagic_list,resolved_entry_only,2,2,0,0,0,0,0.0,0.0,0.0,0.0,0.0,0.0,no_observed_inter_region_candidate_exposure,1,1,1,1.0,False,"insufficient_minimum_mappable_traces,minimum_unique_probes,minimum_unique_probe_asns",trace share with at least one feasible domestic or international inter-region submarine-corridor candidate; not actual cable use or traffic dependency
TV,island_or_archipelagic,catalog_island_or_archipelagic_list,all_publicly_visible,2,2,2,0,2,2,1.0,1.0,0.0,1.0,1.0,1.0,very_high_candidate_dependency_proxy,1,1,1,1.0,False,"insufficient_minimum_mappable_traces,minimum_unique_probes,minimum_unique_probe_asns",trace share with at least one feasible domestic or international inter-region submarine-corridor candidate; not actual cable use or traffic dependency
TV,island_or_archipelagic,catalog_island_or_archipelagic_list,resolved_entry_only,2,2,2,0,2,2,1.0,1.0,0.0,1.0,1.0,1.0,very_high_candidate_dependency_proxy,1,1,1,1.0,False,"insufficient_minimum_mappable_traces,minimum_unique_probes,minimum_unique_probe_asns",trace share with at least one feasible domestic or international inter-region submarine-corridor candidate; not actual cable use or traffic dependency
TW,island_or_archipelagic,catalog_island_or_archipelagic_list,all_publicly_visible,162,155,85,53,60,119,0.5246913580246914,0.5483870967741935,0.3271604938271605,0.37037037037037035,0.7345679012345679,0.5246913580246914,very_high_candidate_dependency_proxy,1,81,34,0.8950617283950617,True,eligible,trace share with at least one feasible domestic or international inter-region submarine-corridor candidate; not actual cable use or traffic dependency
TW,island_or_archipelagic,catalog_island_or_archipelagic_list,resolved_entry_only,145,145,81,49,60,109,0.5586206896551724,0.5586206896551724,0.33793103448275863,0.41379310344827586,0.7517241379310344,0.5586206896551724,very_high_candidate_dependency_proxy,1,73,30,1.0,True,eligible,trace share with at least one feasible domestic or international inter-region submarine-corridor candidate; not actual cable use or traffic dependency
TZ,coastal_mainland_or_mixed,catalog_default_alpha2_rule,all_publicly_visible,12,10,0,0,0,0,0.0,0.0,0.0,0.0,0.0,0.0,no_observed_inter_region_candidate_exposure,1,6,5,0.8333333333333334,False,"insufficient_minimum_mappable_traces,minimum_unique_probes",trace share with at least one feasible domestic or international inter-region submarine-corridor candidate; not actual cable use or traffic dependency
TZ,coastal_mainland_or_mixed,catalog_default_alpha2_rule,resolved_entry_only,10,10,0,0,0,0,0.0,0.0,0.0,0.0,0.0,0.0,no_observed_inter_region_candidate_exposure,1,5,4,1.0,False,"insufficient_minimum_mappable_traces,minimum_unique_probes",trace share with at least one feasible domestic or international inter-region submarine-corridor candidate; not actual cable use or traffic dependency
UA,coastal_mainland_or_mixed,catalog_default_alpha2_rule,all_publicly_visible,328,320,0,0,0,0,0.0,0.0,0.0,0.0,0.0,0.0,no_observed_inter_region_candidate_exposure,1,165,115,0.9512195121951219,True,eligible,trace share with at least one feasible domestic or international inter-region submarine-corridor candidate; not actual cable use or traffic dependency
UA,coastal_mainland_or_mixed,catalog_default_alpha2_rule,resolved_entry_only,312,312,0,0,0,0,0.0,0.0,0.0,0.0,0.0,0.0,no_observed_inter_region_candidate_exposure,1,157,111,1.0,True,eligible,trace share with at least one feasible domestic or international inter-region submarine-corridor candidate; not actual cable use or traffic dependency
UG,landlocked,catalog_landlocked_list,all_publicly_visible,12,12,0,0,0,0,0.0,0.0,0.0,0.0,0.0,0.0,no_observed_inter_region_candidate_exposure,1,6,4,1.0,False,"insufficient_minimum_mappable_traces,minimum_unique_probes",trace share with at least one feasible domestic or international inter-region submarine-corridor candidate; not actual cable use or traffic dependency
UG,landlocked,catalog_landlocked_list,resolved_entry_only,12,12,0,0,0,0,0.0,0.0,0.0,0.0,0.0,0.0,no_observed_inter_region_candidate_exposure,1,6,4,1.0,False,"insufficient_minimum_mappable_traces,minimum_unique_probes",trace share with at least one feasible domestic or international inter-region submarine-corridor candidate; not actual cable use or traffic dependency
US,coastal_mainland_or_mixed,catalog_default_alpha2_rule,all_publicly_visible,3783,3620,94,90,6,264,0.024848004229447527,0.025966850828729283,0.023790642347343377,0.0015860428231562252,0.06978588421887391,0.024848004229447527,low_candidate_dependency_proxy,1,1891,513,0.6687813904308749,True,eligible,trace share with at least one feasible domestic or international inter-region submarine-corridor candidate; not actual cable use or traffic dependency
US,coastal_mainland_or_mixed,catalog_default_alpha2_rule,resolved_entry_only,2530,2530,50,48,4,258,0.019762845849802372,0.019762845849802372,0.018972332015810278,0.0015810276679841897,0.10197628458498023,0.019762845849802372,low_candidate_dependency_proxy,1,1273,424,1.0,True,eligible,trace share with at least one feasible domestic or international inter-region submarine-corridor candidate; not actual cable use or traffic dependency
UY,coastal_mainland_or_mixed,catalog_default_alpha2_rule,all_publicly_visible,42,42,0,0,0,0,0.0,0.0,0.0,0.0,0.0,0.0,no_observed_inter_region_candidate_exposure,1,21,5,0.9523809523809523,True,eligible,trace share with at least one feasible domestic or international inter-region submarine-corridor candidate; not actual cable use or traffic dependency
UY,coastal_mainland_or_mixed,catalog_default_alpha2_rule,resolved_entry_only,40,40,0,0,0,0,0.0,0.0,0.0,0.0,0.0,0.0,no_observed_inter_region_candidate_exposure,1,20,4,1.0,True,eligible,trace share with at least one feasible domestic or international inter-region submarine-corridor candidate; not actual cable use or traffic dependency
UZ,landlocked,catalog_landlocked_list,all_publicly_visible,20,18,0,0,0,0,0.0,0.0,0.0,0.0,0.0,0.0,no_observed_inter_region_candidate_exposure,1,10,8,0.9,False,insufficient_minimum_mappable_traces,trace share with at least one feasible domestic or international inter-region submarine-corridor candidate; not actual cable use or traffic dependency
UZ,landlocked,catalog_landlocked_list,resolved_entry_only,18,18,0,0,0,0,0.0,0.0,0.0,0.0,0.0,0.0,no_observed_inter_region_candidate_exposure,1,9,8,1.0,False,"insufficient_minimum_mappable_traces,minimum_unique_probes",trace share with at least one feasible domestic or international inter-region submarine-corridor candidate; not actual cable use or traffic dependency
VA,landlocked,catalog_landlocked_list,all_publicly_visible,2,2,0,0,0,0,0.0,0.0,0.0,0.0,0.0,0.0,no_observed_inter_region_candidate_exposure,1,1,1,1.0,False,"insufficient_minimum_mappable_traces,minimum_unique_probes,minimum_unique_probe_asns",trace share with at least one feasible domestic or international inter-region submarine-corridor candidate; not actual cable use or traffic dependency
VA,landlocked,catalog_landlocked_list,resolved_entry_only,2,2,0,0,0,0,0.0,0.0,0.0,0.0,0.0,0.0,no_observed_inter_region_candidate_exposure,1,1,1,1.0,False,"insufficient_minimum_mappable_traces,minimum_unique_probes,minimum_unique_probe_asns",trace share with at least one feasible domestic or international inter-region submarine-corridor candidate; not actual cable use or traffic dependency
VE,coastal_mainland_or_mixed,catalog_default_alpha2_rule,all_publicly_visible,78,59,14,14,4,7,0.1794871794871795,0.23728813559322035,0.1794871794871795,0.05128205128205128,0.08974358974358974,0.1794871794871795,high_candidate_dependency_proxy,1,39,25,0.47435897435897434,True,eligible,trace share with at least one feasible domestic or international inter-region submarine-corridor candidate; not actual cable use or traffic dependency
VE,coastal_mainland_or_mixed,catalog_default_alpha2_rule,resolved_entry_only,37,37,0,0,0,7,0.0,0.0,0.0,0.0,0.1891891891891892,0.0,no_observed_inter_region_candidate_exposure,1,19,12,1.0,True,eligible,trace share with at least one feasible domestic or international inter-region submarine-corridor candidate; not actual cable use or traffic dependency
VI,island_or_archipelagic,catalog_island_or_archipelagic_list,all_publicly_visible,6,6,4,0,4,4,0.6666666666666666,0.6666666666666666,0.0,0.6666666666666666,0.6666666666666666,0.6666666666666666,very_high_candidate_dependency_proxy,1,3,2,0.3333333333333333,False,"insufficient_minimum_mappable_traces,minimum_unique_probes,minimum_unique_probe_asns",trace share with at least one feasible domestic or international inter-region submarine-corridor candidate; not actual cable use or traffic dependency
VI,island_or_archipelagic,catalog_island_or_archipelagic_list,resolved_entry_only,2,2,0,0,0,0,0.0,0.0,0.0,0.0,0.0,0.0,no_observed_inter_region_candidate_exposure,1,1,1,1.0,False,"insufficient_minimum_mappable_traces,minimum_unique_probes,minimum_unique_probe_asns",trace share with at least one feasible domestic or international inter-region submarine-corridor candidate; not actual cable use or traffic dependency
VN,coastal_mainland_or_mixed,catalog_default_alpha2_rule,all_publicly_visible,56,56,4,2,2,6,0.07142857142857142,0.07142857142857142,0.03571428571428571,0.03571428571428571,0.10714285714285714,0.07142857142857142,moderate_candidate_dependency_proxy,1,28,16,1.0,True,eligible,trace share with at least one feasible domestic or international inter-region submarine-corridor candidate; not actual cable use or traffic dependency
VN,coastal_mainland_or_mixed,catalog_default_alpha2_rule,resolved_entry_only,56,56,4,2,2,6,0.07142857142857142,0.07142857142857142,0.03571428571428571,0.03571428571428571,0.10714285714285714,0.07142857142857142,moderate_candidate_dependency_proxy,1,28,16,1.0,True,eligible,trace share with at least one feasible domestic or international inter-region submarine-corridor candidate; not actual cable use or traffic dependency
VU,island_or_archipelagic,catalog_island_or_archipelagic_list,all_publicly_visible,4,2,2,0,2,2,0.5,1.0,0.0,0.5,0.5,0.5,very_high_candidate_dependency_proxy,1,2,1,0.5,False,"insufficient_minimum_mappable_traces,minimum_unique_probes,minimum_unique_probe_asns",trace share with at least one feasible domestic or international inter-region submarine-corridor candidate; not actual cable use or traffic dependency
VU,island_or_archipelagic,catalog_island_or_archipelagic_list,resolved_entry_only,2,2,2,0,2,2,1.0,1.0,0.0,1.0,1.0,1.0,very_high_candidate_dependency_proxy,1,1,1,1.0,False,"insufficient_minimum_mappable_traces,minimum_unique_probes,minimum_unique_probe_asns",trace share with at least one feasible domestic or international inter-region submarine-corridor candidate; not actual cable use or traffic dependency
YE,coastal_mainland_or_mixed,catalog_default_alpha2_rule,all_publicly_visible,2,2,0,0,0,0,0.0,0.0,0.0,0.0,0.0,0.0,no_observed_inter_region_candidate_exposure,1,1,1,1.0,False,"insufficient_minimum_mappable_traces,minimum_unique_probes,minimum_unique_probe_asns",trace share with at least one feasible domestic or international inter-region submarine-corridor candidate; not actual cable use or traffic dependency
YE,coastal_mainland_or_mixed,catalog_default_alpha2_rule,resolved_entry_only,2,2,0,0,0,0,0.0,0.0,0.0,0.0,0.0,0.0,no_observed_inter_region_candidate_exposure,1,1,1,1.0,False,"insufficient_minimum_mappable_traces,minimum_unique_probes,minimum_unique_probe_asns",trace share with at least one feasible domestic or international inter-region submarine-corridor candidate; not actual cable use or traffic dependency
ZA,coastal_mainland_or_mixed,catalog_default_alpha2_rule,all_publicly_visible,265,208,0,0,0,0,0.0,0.0,0.0,0.0,0.0,0.0,no_observed_inter_region_candidate_exposure,1,133,71,0.7773584905660378,True,eligible,trace share with at least one feasible domestic or international inter-region submarine-corridor candidate; not actual cable use or traffic dependency
ZA,coastal_mainland_or_mixed,catalog_default_alpha2_rule,resolved_entry_only,206,206,0,0,0,0,0.0,0.0,0.0,0.0,0.0,0.0,no_observed_inter_region_candidate_exposure,1,104,60,1.0,True,eligible,trace share with at least one feasible domestic or international inter-region submarine-corridor candidate; not actual cable use or traffic dependency
ZM,landlocked,catalog_landlocked_list,all_publicly_visible,8,6,0,0,0,0,0.0,0.0,0.0,0.0,0.0,0.0,no_observed_inter_region_candidate_exposure,1,4,4,0.5,False,"insufficient_minimum_mappable_traces,minimum_unique_probes",trace share with at least one feasible domestic or international inter-region submarine-corridor candidate; not actual cable use or traffic dependency
ZM,landlocked,catalog_landlocked_list,resolved_entry_only,4,4,0,0,0,0,0.0,0.0,0.0,0.0,0.0,0.0,no_observed_inter_region_candidate_exposure,1,2,2,1.0,False,"insufficient_minimum_mappable_traces,minimum_unique_probes,minimum_unique_probe_asns",trace share with at least one feasible domestic or international inter-region submarine-corridor candidate; not actual cable use or traffic dependency
ZW,landlocked,catalog_landlocked_list,all_publicly_visible,6,6,0,0,0,0,0.0,0.0,0.0,0.0,0.0,0.0,no_observed_inter_region_candidate_exposure,1,3,2,1.0,False,"insufficient_minimum_mappable_traces,minimum_unique_probes,minimum_unique_probe_asns",trace share with at least one feasible domestic or international inter-region submarine-corridor candidate; not actual cable use or traffic dependency
ZW,landlocked,catalog_landlocked_list,resolved_entry_only,6,6,0,0,0,0,0.0,0.0,0.0,0.0,0.0,0.0,no_observed_inter_region_candidate_exposure,1,3,2,1.0,False,"insufficient_minimum_mappable_traces,minimum_unique_probes,minimum_unique_probe_asns",trace share with at least one feasible domestic or international inter-region submarine-corridor candidate; not actual cable use or traffic dependency
