probe_country,service_id,path_scope_stratum,msm_id,file_name,total_mappable_segments,top1_network_transition_share,top2_network_transition_share,top3_network_transition_share,network_transition_entropy,network_transition_normalized_entropy,effective_network_transition_count,network_transition_concentration_tier,top1_corridor_share,top2_corridor_share,top3_corridor_share,corridor_entropy,corridor_normalized_entropy,effective_corridor_count,corridor_minus_network_normalized_entropy,normalized_entropy_reduction,corridor_concentration_tier,cross_layer_distribution_class,country_fallback_share,auditable_cross_layer_case,sufficient_trace_observation,sufficient_corridor_observation,sufficient_network_transition_resolution,auditable_paper_case,observation_sufficiency_reason,failed_thresholds,unique_probes,unique_probe_asns,domestic_segment_share,international_segment_share,analysis_scope
AD,H-Root,all_publicly_visible,,,0.0,,,,,,,,,,,,,,,,,unknown_cross_layer_distribution_class,,False,False,False,False,False,insufficient_no_inter_region_projection_segments,"minimum_mappable_segments,minimum_unique_probes,minimum_unique_probe_asns,maximum_country_fallback_share",0.0,0.0,,,probe_country_service
AD,H-Root,resolved_entry_only,,,0.0,,,,,,,,,,,,,,,,,unknown_cross_layer_distribution_class,,False,False,False,False,False,insufficient_no_inter_region_projection_segments,"minimum_mappable_segments,minimum_unique_probes,minimum_unique_probe_asns,maximum_country_fallback_share",0.0,0.0,,,probe_country_service
AE,H-Root,all_publicly_visible,5015,dns-root_h-root_msm5015_20260701T000000Z_010000Z.json,4.0,0.5,0.75,1.0,1.0397207708399179,0.946394630357186,2.82842712474619,weak_network_transition_concentration,1.0,1.0,1.0,-0.0,0.0,1.0,-0.946394630357186,0.946394630357186,severe_corridor_observation_concentration,network_broad_physical_concentrated,0.0,False,False,False,True,False,"insufficient_minimum_mappable_segments,minimum_unique_probes,minimum_unique_probe_asns","minimum_mappable_segments,minimum_unique_probes,minimum_unique_probe_asns",3.0,2.0,1.0,0.0,probe_country_service
AE,H-Root,resolved_entry_only,5015,dns-root_h-root_msm5015_20260701T000000Z_010000Z.json,4.0,0.5,0.75,1.0,1.0397207708399179,0.946394630357186,2.82842712474619,weak_network_transition_concentration,1.0,1.0,1.0,-0.0,0.0,1.0,-0.946394630357186,0.946394630357186,severe_corridor_observation_concentration,network_broad_physical_concentrated,0.0,False,False,False,True,False,"insufficient_minimum_mappable_segments,minimum_unique_probes,minimum_unique_probe_asns","minimum_mappable_segments,minimum_unique_probes,minimum_unique_probe_asns",3.0,2.0,1.0,0.0,probe_country_service
AF,H-Root,all_publicly_visible,,,0.0,,,,,,,,,,,,,,,,,unknown_cross_layer_distribution_class,,False,False,False,False,False,insufficient_no_inter_region_projection_segments,"minimum_mappable_segments,minimum_unique_probes,minimum_unique_probe_asns,maximum_country_fallback_share",0.0,0.0,,,probe_country_service
AF,H-Root,resolved_entry_only,,,0.0,,,,,,,,,,,,,,,,,unknown_cross_layer_distribution_class,,False,False,False,False,False,insufficient_no_inter_region_projection_segments,"minimum_mappable_segments,minimum_unique_probes,minimum_unique_probe_asns,maximum_country_fallback_share",0.0,0.0,,,probe_country_service
AL,H-Root,all_publicly_visible,5015,dns-root_h-root_msm5015_20260701T000000Z_010000Z.json,4.0,1.0,1.0,1.0,-0.0,0.0,1.0,severe_network_transition_concentration,1.0,1.0,1.0,-0.0,0.0,1.0,0.0,0.0,severe_corridor_observation_concentration,network_and_physical_both_concentrated,0.0,False,False,False,True,False,"insufficient_minimum_mappable_segments,minimum_unique_probes,minimum_unique_probe_asns","minimum_mappable_segments,minimum_unique_probes,minimum_unique_probe_asns",2.0,2.0,0.0,1.0,probe_country_service
AL,H-Root,resolved_entry_only,5015,dns-root_h-root_msm5015_20260701T000000Z_010000Z.json,4.0,1.0,1.0,1.0,-0.0,0.0,1.0,severe_network_transition_concentration,1.0,1.0,1.0,-0.0,0.0,1.0,0.0,0.0,severe_corridor_observation_concentration,network_and_physical_both_concentrated,0.0,False,False,False,True,False,"insufficient_minimum_mappable_segments,minimum_unique_probes,minimum_unique_probe_asns","minimum_mappable_segments,minimum_unique_probes,minimum_unique_probe_asns",2.0,2.0,0.0,1.0,probe_country_service
AM,H-Root,all_publicly_visible,,,0.0,,,,,,,,,,,,,,,,,unknown_cross_layer_distribution_class,,False,False,False,False,False,insufficient_no_inter_region_projection_segments,"minimum_mappable_segments,minimum_unique_probes,minimum_unique_probe_asns,maximum_country_fallback_share",0.0,0.0,,,probe_country_service
AM,H-Root,resolved_entry_only,,,0.0,,,,,,,,,,,,,,,,,unknown_cross_layer_distribution_class,,False,False,False,False,False,insufficient_no_inter_region_projection_segments,"minimum_mappable_segments,minimum_unique_probes,minimum_unique_probe_asns,maximum_country_fallback_share",0.0,0.0,,,probe_country_service
AO,H-Root,all_publicly_visible,,,0.0,,,,,,,,,,,,,,,,,unknown_cross_layer_distribution_class,,False,False,False,False,False,insufficient_no_inter_region_projection_segments,"minimum_mappable_segments,minimum_unique_probes,minimum_unique_probe_asns,maximum_country_fallback_share",0.0,0.0,,,probe_country_service
AO,H-Root,resolved_entry_only,,,0.0,,,,,,,,,,,,,,,,,unknown_cross_layer_distribution_class,,False,False,False,False,False,insufficient_no_inter_region_projection_segments,"minimum_mappable_segments,minimum_unique_probes,minimum_unique_probe_asns,maximum_country_fallback_share",0.0,0.0,,,probe_country_service
AR,H-Root,all_publicly_visible,5015,dns-root_h-root_msm5015_20260701T000000Z_010000Z.json,4.0,1.0,1.0,1.0,-0.0,0.0,1.0,severe_network_transition_concentration,1.0,1.0,1.0,-0.0,0.0,1.0,0.0,0.0,severe_corridor_observation_concentration,network_and_physical_both_concentrated,0.0,False,False,False,True,False,"insufficient_minimum_mappable_segments,minimum_unique_probes,minimum_unique_probe_asns","minimum_mappable_segments,minimum_unique_probes,minimum_unique_probe_asns",1.0,1.0,1.0,0.0,probe_country_service
AR,H-Root,resolved_entry_only,5015,dns-root_h-root_msm5015_20260701T000000Z_010000Z.json,4.0,1.0,1.0,1.0,-0.0,0.0,1.0,severe_network_transition_concentration,1.0,1.0,1.0,-0.0,0.0,1.0,0.0,0.0,severe_corridor_observation_concentration,network_and_physical_both_concentrated,0.0,False,False,False,True,False,"insufficient_minimum_mappable_segments,minimum_unique_probes,minimum_unique_probe_asns","minimum_mappable_segments,minimum_unique_probes,minimum_unique_probe_asns",1.0,1.0,1.0,0.0,probe_country_service
AT,H-Root,all_publicly_visible,,,0.0,,,,,,,,,,,,,,,,,unknown_cross_layer_distribution_class,,False,False,False,False,False,insufficient_no_inter_region_projection_segments,"minimum_mappable_segments,minimum_unique_probes,minimum_unique_probe_asns,maximum_country_fallback_share",0.0,0.0,,,probe_country_service
AT,H-Root,resolved_entry_only,,,0.0,,,,,,,,,,,,,,,,,unknown_cross_layer_distribution_class,,False,False,False,False,False,insufficient_no_inter_region_projection_segments,"minimum_mappable_segments,minimum_unique_probes,minimum_unique_probe_asns,maximum_country_fallback_share",0.0,0.0,,,probe_country_service
AU,H-Root,all_publicly_visible,5015,dns-root_h-root_msm5015_20260701T000000Z_010000Z.json,149.0,0.5838926174496645,0.7718120805369129,0.8389261744966443,1.4371419573663413,0.5783484693434866,4.208650110179209,weak_network_transition_concentration,0.21140939597315436,0.4228187919463087,0.610738255033557,1.90296722394817,0.9151337923214209,6.705762450220636,0.3367853229779343,-0.3367853229779343,broad_corridor_observation_distribution,network_and_physical_both_broad,0.22818791946308725,True,True,True,True,True,auditable,,56.0,27.0,0.959731543624161,0.040268456375838924,probe_country_service
AU,H-Root,resolved_entry_only,5015,dns-root_h-root_msm5015_20260701T000000Z_010000Z.json,149.0,0.5838926174496645,0.7718120805369129,0.8389261744966443,1.4371419573663413,0.5783484693434866,4.208650110179209,weak_network_transition_concentration,0.21140939597315436,0.4228187919463087,0.610738255033557,1.90296722394817,0.9151337923214209,6.705762450220636,0.3367853229779343,-0.3367853229779343,broad_corridor_observation_distribution,network_and_physical_both_broad,0.22818791946308725,True,True,True,True,True,auditable,,56.0,27.0,0.959731543624161,0.040268456375838924,probe_country_service
AX,H-Root,all_publicly_visible,5015,dns-root_h-root_msm5015_20260701T000000Z_010000Z.json,12.0,0.5,1.0,1.0,0.6931471805599453,1.0,2.0,moderate_network_transition_concentration,0.4166666666666667,0.5833333333333334,0.6666666666666666,1.6987829895138005,0.8730017623570717,5.4672895924780605,-0.12699823764292828,0.12699823764292828,broad_corridor_observation_distribution,network_concentrated_physical_broad,0.0,False,False,False,True,False,"insufficient_minimum_mappable_segments,minimum_unique_probes,minimum_unique_probe_asns","minimum_mappable_segments,minimum_unique_probes,minimum_unique_probe_asns",2.0,2.0,0.6666666666666666,0.3333333333333333,probe_country_service
AX,H-Root,resolved_entry_only,5015,dns-root_h-root_msm5015_20260701T000000Z_010000Z.json,12.0,0.5,1.0,1.0,0.6931471805599453,1.0,2.0,moderate_network_transition_concentration,0.4166666666666667,0.5833333333333334,0.6666666666666666,1.6987829895138005,0.8730017623570717,5.4672895924780605,-0.12699823764292828,0.12699823764292828,broad_corridor_observation_distribution,network_concentrated_physical_broad,0.0,False,False,False,True,False,"insufficient_minimum_mappable_segments,minimum_unique_probes,minimum_unique_probe_asns","minimum_mappable_segments,minimum_unique_probes,minimum_unique_probe_asns",2.0,2.0,0.6666666666666666,0.3333333333333333,probe_country_service
AZ,H-Root,all_publicly_visible,,,0.0,,,,,,,,,,,,,,,,,unknown_cross_layer_distribution_class,,False,False,False,False,False,insufficient_no_inter_region_projection_segments,"minimum_mappable_segments,minimum_unique_probes,minimum_unique_probe_asns,maximum_country_fallback_share",0.0,0.0,,,probe_country_service
AZ,H-Root,resolved_entry_only,,,0.0,,,,,,,,,,,,,,,,,unknown_cross_layer_distribution_class,,False,False,False,False,False,insufficient_no_inter_region_projection_segments,"minimum_mappable_segments,minimum_unique_probes,minimum_unique_probe_asns,maximum_country_fallback_share",0.0,0.0,,,probe_country_service
BA,H-Root,all_publicly_visible,,,0.0,,,,,,,,,,,,,,,,,unknown_cross_layer_distribution_class,,False,False,False,False,False,insufficient_no_inter_region_projection_segments,"minimum_mappable_segments,minimum_unique_probes,minimum_unique_probe_asns,maximum_country_fallback_share",0.0,0.0,,,probe_country_service
BA,H-Root,resolved_entry_only,,,0.0,,,,,,,,,,,,,,,,,unknown_cross_layer_distribution_class,,False,False,False,False,False,insufficient_no_inter_region_projection_segments,"minimum_mappable_segments,minimum_unique_probes,minimum_unique_probe_asns,maximum_country_fallback_share",0.0,0.0,,,probe_country_service
BB,H-Root,all_publicly_visible,5015,dns-root_h-root_msm5015_20260701T000000Z_010000Z.json,1.0,1.0,1.0,1.0,-0.0,0.0,1.0,severe_network_transition_concentration,1.0,1.0,1.0,-0.0,0.0,1.0,0.0,0.0,severe_corridor_observation_concentration,network_and_physical_both_concentrated,0.0,False,False,False,True,False,"insufficient_minimum_mappable_segments,minimum_unique_probes,minimum_unique_probe_asns","minimum_mappable_segments,minimum_unique_probes,minimum_unique_probe_asns",1.0,1.0,0.0,1.0,probe_country_service
BB,H-Root,resolved_entry_only,,,0.0,,,,,,,,,,,,,,,,,unknown_cross_layer_distribution_class,,False,False,False,False,False,insufficient_no_inter_region_projection_segments,"minimum_mappable_segments,minimum_unique_probes,minimum_unique_probe_asns,maximum_country_fallback_share",0.0,0.0,,,probe_country_service
BD,H-Root,all_publicly_visible,,,0.0,,,,,,,,,,,,,,,,,unknown_cross_layer_distribution_class,,False,False,False,False,False,insufficient_no_inter_region_projection_segments,"minimum_mappable_segments,minimum_unique_probes,minimum_unique_probe_asns,maximum_country_fallback_share",0.0,0.0,,,probe_country_service
BD,H-Root,resolved_entry_only,,,0.0,,,,,,,,,,,,,,,,,unknown_cross_layer_distribution_class,,False,False,False,False,False,insufficient_no_inter_region_projection_segments,"minimum_mappable_segments,minimum_unique_probes,minimum_unique_probe_asns,maximum_country_fallback_share",0.0,0.0,,,probe_country_service
BE,H-Root,all_publicly_visible,5015,dns-root_h-root_msm5015_20260701T000000Z_010000Z.json,1.0,1.0,1.0,1.0,-0.0,0.0,1.0,severe_network_transition_concentration,1.0,1.0,1.0,-0.0,0.0,1.0,0.0,0.0,severe_corridor_observation_concentration,network_and_physical_both_concentrated,0.0,False,False,False,True,False,"insufficient_minimum_mappable_segments,minimum_unique_probes,minimum_unique_probe_asns","minimum_mappable_segments,minimum_unique_probes,minimum_unique_probe_asns",1.0,1.0,0.0,1.0,probe_country_service
BE,H-Root,resolved_entry_only,5015,dns-root_h-root_msm5015_20260701T000000Z_010000Z.json,1.0,1.0,1.0,1.0,-0.0,0.0,1.0,severe_network_transition_concentration,1.0,1.0,1.0,-0.0,0.0,1.0,0.0,0.0,severe_corridor_observation_concentration,network_and_physical_both_concentrated,0.0,False,False,False,True,False,"insufficient_minimum_mappable_segments,minimum_unique_probes,minimum_unique_probe_asns","minimum_mappable_segments,minimum_unique_probes,minimum_unique_probe_asns",1.0,1.0,0.0,1.0,probe_country_service
BF,H-Root,all_publicly_visible,5015,dns-root_h-root_msm5015_20260701T000000Z_010000Z.json,8.0,1.0,1.0,1.0,-0.0,0.0,1.0,severe_network_transition_concentration,0.375,0.6875,1.0,1.094780226007948,0.9965119062478287,2.988525810966443,0.9965119062478287,-0.9965119062478287,weak_corridor_observation_concentration,network_and_physical_both_concentrated,0.0,False,False,False,True,False,"insufficient_minimum_mappable_segments,minimum_unique_probes,minimum_unique_probe_asns","minimum_mappable_segments,minimum_unique_probes,minimum_unique_probe_asns",3.0,2.0,0.0,1.0,probe_country_service
BF,H-Root,resolved_entry_only,5015,dns-root_h-root_msm5015_20260701T000000Z_010000Z.json,8.0,1.0,1.0,1.0,-0.0,0.0,1.0,severe_network_transition_concentration,0.375,0.6875,1.0,1.094780226007948,0.9965119062478287,2.988525810966443,0.9965119062478287,-0.9965119062478287,weak_corridor_observation_concentration,network_and_physical_both_concentrated,0.0,False,False,False,True,False,"insufficient_minimum_mappable_segments,minimum_unique_probes,minimum_unique_probe_asns","minimum_mappable_segments,minimum_unique_probes,minimum_unique_probe_asns",3.0,2.0,0.0,1.0,probe_country_service
BG,H-Root,all_publicly_visible,,,0.0,,,,,,,,,,,,,,,,,unknown_cross_layer_distribution_class,,False,False,False,False,False,insufficient_no_inter_region_projection_segments,"minimum_mappable_segments,minimum_unique_probes,minimum_unique_probe_asns,maximum_country_fallback_share",0.0,0.0,,,probe_country_service
BG,H-Root,resolved_entry_only,,,0.0,,,,,,,,,,,,,,,,,unknown_cross_layer_distribution_class,,False,False,False,False,False,insufficient_no_inter_region_projection_segments,"minimum_mappable_segments,minimum_unique_probes,minimum_unique_probe_asns,maximum_country_fallback_share",0.0,0.0,,,probe_country_service
BH,H-Root,all_publicly_visible,,,0.0,,,,,,,,,,,,,,,,,unknown_cross_layer_distribution_class,,False,False,False,False,False,insufficient_no_inter_region_projection_segments,"minimum_mappable_segments,minimum_unique_probes,minimum_unique_probe_asns,maximum_country_fallback_share",0.0,0.0,,,probe_country_service
BH,H-Root,resolved_entry_only,,,0.0,,,,,,,,,,,,,,,,,unknown_cross_layer_distribution_class,,False,False,False,False,False,insufficient_no_inter_region_projection_segments,"minimum_mappable_segments,minimum_unique_probes,minimum_unique_probe_asns,maximum_country_fallback_share",0.0,0.0,,,probe_country_service
BI,H-Root,all_publicly_visible,,,0.0,,,,,,,,,,,,,,,,,unknown_cross_layer_distribution_class,,False,False,False,False,False,insufficient_no_inter_region_projection_segments,"minimum_mappable_segments,minimum_unique_probes,minimum_unique_probe_asns,maximum_country_fallback_share",0.0,0.0,,,probe_country_service
BI,H-Root,resolved_entry_only,,,0.0,,,,,,,,,,,,,,,,,unknown_cross_layer_distribution_class,,False,False,False,False,False,insufficient_no_inter_region_projection_segments,"minimum_mappable_segments,minimum_unique_probes,minimum_unique_probe_asns,maximum_country_fallback_share",0.0,0.0,,,probe_country_service
BJ,H-Root,all_publicly_visible,5015,dns-root_h-root_msm5015_20260701T000000Z_010000Z.json,1.0,1.0,1.0,1.0,-0.0,0.0,1.0,severe_network_transition_concentration,0.5,1.0,1.0,0.6931471805599453,1.0,2.0,1.0,-1.0,moderate_corridor_observation_concentration,network_and_physical_both_concentrated,0.0,False,False,False,True,False,"insufficient_minimum_mappable_segments,minimum_unique_probes,minimum_unique_probe_asns","minimum_mappable_segments,minimum_unique_probes,minimum_unique_probe_asns",1.0,1.0,0.0,1.0,probe_country_service
BJ,H-Root,resolved_entry_only,5015,dns-root_h-root_msm5015_20260701T000000Z_010000Z.json,1.0,1.0,1.0,1.0,-0.0,0.0,1.0,severe_network_transition_concentration,0.5,1.0,1.0,0.6931471805599453,1.0,2.0,1.0,-1.0,moderate_corridor_observation_concentration,network_and_physical_both_concentrated,0.0,False,False,False,True,False,"insufficient_minimum_mappable_segments,minimum_unique_probes,minimum_unique_probe_asns","minimum_mappable_segments,minimum_unique_probes,minimum_unique_probe_asns",1.0,1.0,0.0,1.0,probe_country_service
BL,H-Root,all_publicly_visible,,,0.0,,,,,,,,,,,,,,,,,unknown_cross_layer_distribution_class,,False,False,False,False,False,insufficient_no_inter_region_projection_segments,"minimum_mappable_segments,minimum_unique_probes,minimum_unique_probe_asns,maximum_country_fallback_share",0.0,0.0,,,probe_country_service
BL,H-Root,resolved_entry_only,,,0.0,,,,,,,,,,,,,,,,,unknown_cross_layer_distribution_class,,False,False,False,False,False,insufficient_no_inter_region_projection_segments,"minimum_mappable_segments,minimum_unique_probes,minimum_unique_probe_asns,maximum_country_fallback_share",0.0,0.0,,,probe_country_service
BO,H-Root,all_publicly_visible,5015,dns-root_h-root_msm5015_20260701T000000Z_010000Z.json,20.0,0.6,1.0,1.0,0.6730116670092565,0.9709505944546688,1.9601317042077895,moderate_network_transition_concentration,0.6,1.0,1.0,0.6730116670092565,0.9709505944546688,1.9601317042077895,0.0,0.0,moderate_corridor_observation_concentration,network_and_physical_both_concentrated,0.0,False,False,False,True,False,insufficient_minimum_mappable_segments,minimum_mappable_segments,10.0,5.0,0.4,0.6,probe_country_service
BO,H-Root,resolved_entry_only,5015,dns-root_h-root_msm5015_20260701T000000Z_010000Z.json,20.0,0.6,1.0,1.0,0.6730116670092565,0.9709505944546688,1.9601317042077895,moderate_network_transition_concentration,0.6,1.0,1.0,0.6730116670092565,0.9709505944546688,1.9601317042077895,0.0,0.0,moderate_corridor_observation_concentration,network_and_physical_both_concentrated,0.0,False,False,False,True,False,insufficient_minimum_mappable_segments,minimum_mappable_segments,10.0,5.0,0.4,0.6,probe_country_service
BR,H-Root,all_publicly_visible,5015,dns-root_h-root_msm5015_20260701T000000Z_010000Z.json,17.0,0.5294117647058824,0.6470588235294118,0.7647058823529411,1.3437898946147138,0.8349436062323009,3.833544739498124,weak_network_transition_concentration,0.47058823529411764,0.6470588235294118,0.7647058823529411,1.4161396803619402,0.8798970556249557,4.121180619167736,0.044953449392654776,-0.044953449392654776,broad_corridor_observation_distribution,network_and_physical_both_broad,0.5294117647058824,False,False,False,False,False,"insufficient_minimum_mappable_segments,maximum_country_fallback_share","minimum_mappable_segments,maximum_country_fallback_share",10.0,9.0,0.8823529411764706,0.11764705882352941,probe_country_service
BR,H-Root,resolved_entry_only,5015,dns-root_h-root_msm5015_20260701T000000Z_010000Z.json,13.0,0.6923076923076923,0.8461538461538461,1.0,0.8305178252872478,0.7559699029892673,2.2945065862214054,moderate_network_transition_concentration,0.46153846153846156,0.6923076923076923,0.8461538461538463,1.2711814802605796,0.916963608820915,3.5650621256370636,0.16099370583164774,-0.16099370583164774,weak_corridor_observation_concentration,network_and_physical_both_concentrated,0.6923076923076923,False,False,False,False,False,"insufficient_minimum_mappable_segments,minimum_unique_probes,maximum_country_fallback_share","minimum_mappable_segments,minimum_unique_probes,maximum_country_fallback_share",8.0,7.0,1.0,0.0,probe_country_service
BT,H-Root,all_publicly_visible,5015,dns-root_h-root_msm5015_20260701T000000Z_010000Z.json,1.0,1.0,1.0,1.0,-0.0,0.0,1.0,severe_network_transition_concentration,0.5,1.0,1.0,0.6931471805599453,1.0,2.0,1.0,-1.0,moderate_corridor_observation_concentration,network_and_physical_both_concentrated,0.0,False,False,False,True,False,"insufficient_minimum_mappable_segments,minimum_unique_probes,minimum_unique_probe_asns","minimum_mappable_segments,minimum_unique_probes,minimum_unique_probe_asns",1.0,1.0,0.0,1.0,probe_country_service
BT,H-Root,resolved_entry_only,5015,dns-root_h-root_msm5015_20260701T000000Z_010000Z.json,1.0,1.0,1.0,1.0,-0.0,0.0,1.0,severe_network_transition_concentration,0.5,1.0,1.0,0.6931471805599453,1.0,2.0,1.0,-1.0,moderate_corridor_observation_concentration,network_and_physical_both_concentrated,0.0,False,False,False,True,False,"insufficient_minimum_mappable_segments,minimum_unique_probes,minimum_unique_probe_asns","minimum_mappable_segments,minimum_unique_probes,minimum_unique_probe_asns",1.0,1.0,0.0,1.0,probe_country_service
BW,H-Root,all_publicly_visible,,,0.0,,,,,,,,,,,,,,,,,unknown_cross_layer_distribution_class,,False,False,False,False,False,insufficient_no_inter_region_projection_segments,"minimum_mappable_segments,minimum_unique_probes,minimum_unique_probe_asns,maximum_country_fallback_share",0.0,0.0,,,probe_country_service
BW,H-Root,resolved_entry_only,,,0.0,,,,,,,,,,,,,,,,,unknown_cross_layer_distribution_class,,False,False,False,False,False,insufficient_no_inter_region_projection_segments,"minimum_mappable_segments,minimum_unique_probes,minimum_unique_probe_asns,maximum_country_fallback_share",0.0,0.0,,,probe_country_service
BY,H-Root,all_publicly_visible,,,0.0,,,,,,,,,,,,,,,,,unknown_cross_layer_distribution_class,,False,False,False,False,False,insufficient_no_inter_region_projection_segments,"minimum_mappable_segments,minimum_unique_probes,minimum_unique_probe_asns,maximum_country_fallback_share",0.0,0.0,,,probe_country_service
BY,H-Root,resolved_entry_only,,,0.0,,,,,,,,,,,,,,,,,unknown_cross_layer_distribution_class,,False,False,False,False,False,insufficient_no_inter_region_projection_segments,"minimum_mappable_segments,minimum_unique_probes,minimum_unique_probe_asns,maximum_country_fallback_share",0.0,0.0,,,probe_country_service
BZ,H-Root,all_publicly_visible,5015,dns-root_h-root_msm5015_20260701T000000Z_010000Z.json,2.0,1.0,1.0,1.0,-0.0,0.0,1.0,severe_network_transition_concentration,1.0,1.0,1.0,-0.0,0.0,1.0,0.0,0.0,severe_corridor_observation_concentration,network_and_physical_both_concentrated,0.0,False,False,False,True,False,"insufficient_minimum_mappable_segments,minimum_unique_probes,minimum_unique_probe_asns","minimum_mappable_segments,minimum_unique_probes,minimum_unique_probe_asns",1.0,1.0,0.0,1.0,probe_country_service
BZ,H-Root,resolved_entry_only,5015,dns-root_h-root_msm5015_20260701T000000Z_010000Z.json,2.0,1.0,1.0,1.0,-0.0,0.0,1.0,severe_network_transition_concentration,1.0,1.0,1.0,-0.0,0.0,1.0,0.0,0.0,severe_corridor_observation_concentration,network_and_physical_both_concentrated,0.0,False,False,False,True,False,"insufficient_minimum_mappable_segments,minimum_unique_probes,minimum_unique_probe_asns","minimum_mappable_segments,minimum_unique_probes,minimum_unique_probe_asns",1.0,1.0,0.0,1.0,probe_country_service
CA,H-Root,all_publicly_visible,5015,dns-root_h-root_msm5015_20260701T000000Z_010000Z.json,113.0,0.4778761061946903,0.6017699115044248,0.672566371681416,1.9113305238835125,0.705795824281831,6.7620799245927845,broad_network_transition_distribution,0.16725663716814157,0.3315634218289085,0.49292035398230083,2.399468083530732,0.6987411253008676,11.017314530726555,-0.0070546989809633365,0.0070546989809633365,broad_corridor_observation_distribution,network_and_physical_both_broad,0.0,True,True,True,True,True,auditable,,48.0,14.0,0.24778761061946905,0.7522123893805309,probe_country_service
CA,H-Root,resolved_entry_only,5015,dns-root_h-root_msm5015_20260701T000000Z_010000Z.json,113.0,0.4778761061946903,0.6017699115044248,0.672566371681416,1.9113305238835125,0.705795824281831,6.7620799245927845,broad_network_transition_distribution,0.16725663716814157,0.3315634218289085,0.49292035398230083,2.399468083530732,0.6987411253008676,11.017314530726555,-0.0070546989809633365,0.0070546989809633365,broad_corridor_observation_distribution,network_and_physical_both_broad,0.0,True,True,True,True,True,auditable,,48.0,14.0,0.24778761061946905,0.7522123893805309,probe_country_service
CD,H-Root,all_publicly_visible,,,0.0,,,,,,,,,,,,,,,,,unknown_cross_layer_distribution_class,,False,False,False,False,False,insufficient_no_inter_region_projection_segments,"minimum_mappable_segments,minimum_unique_probes,minimum_unique_probe_asns,maximum_country_fallback_share",0.0,0.0,,,probe_country_service
CD,H-Root,resolved_entry_only,,,0.0,,,,,,,,,,,,,,,,,unknown_cross_layer_distribution_class,,False,False,False,False,False,insufficient_no_inter_region_projection_segments,"minimum_mappable_segments,minimum_unique_probes,minimum_unique_probe_asns,maximum_country_fallback_share",0.0,0.0,,,probe_country_service
CG,H-Root,all_publicly_visible,,,0.0,,,,,,,,,,,,,,,,,unknown_cross_layer_distribution_class,,False,False,False,False,False,insufficient_no_inter_region_projection_segments,"minimum_mappable_segments,minimum_unique_probes,minimum_unique_probe_asns,maximum_country_fallback_share",0.0,0.0,,,probe_country_service
CG,H-Root,resolved_entry_only,,,0.0,,,,,,,,,,,,,,,,,unknown_cross_layer_distribution_class,,False,False,False,False,False,insufficient_no_inter_region_projection_segments,"minimum_mappable_segments,minimum_unique_probes,minimum_unique_probe_asns,maximum_country_fallback_share",0.0,0.0,,,probe_country_service
CH,H-Root,all_publicly_visible,,,0.0,,,,,,,,,,,,,,,,,unknown_cross_layer_distribution_class,,False,False,False,False,False,insufficient_no_inter_region_projection_segments,"minimum_mappable_segments,minimum_unique_probes,minimum_unique_probe_asns,maximum_country_fallback_share",0.0,0.0,,,probe_country_service
CH,H-Root,resolved_entry_only,,,0.0,,,,,,,,,,,,,,,,,unknown_cross_layer_distribution_class,,False,False,False,False,False,insufficient_no_inter_region_projection_segments,"minimum_mappable_segments,minimum_unique_probes,minimum_unique_probe_asns,maximum_country_fallback_share",0.0,0.0,,,probe_country_service
CI,H-Root,all_publicly_visible,5015,dns-root_h-root_msm5015_20260701T000000Z_010000Z.json,2.0,1.0,1.0,1.0,-0.0,0.0,1.0,severe_network_transition_concentration,0.5,1.0,1.0,0.6931471805599453,1.0,2.0,1.0,-1.0,moderate_corridor_observation_concentration,network_and_physical_both_concentrated,0.0,False,False,False,True,False,"insufficient_minimum_mappable_segments,minimum_unique_probes,minimum_unique_probe_asns","minimum_mappable_segments,minimum_unique_probes,minimum_unique_probe_asns",1.0,1.0,0.0,1.0,probe_country_service
CI,H-Root,resolved_entry_only,5015,dns-root_h-root_msm5015_20260701T000000Z_010000Z.json,2.0,1.0,1.0,1.0,-0.0,0.0,1.0,severe_network_transition_concentration,0.5,1.0,1.0,0.6931471805599453,1.0,2.0,1.0,-1.0,moderate_corridor_observation_concentration,network_and_physical_both_concentrated,0.0,False,False,False,True,False,"insufficient_minimum_mappable_segments,minimum_unique_probes,minimum_unique_probe_asns","minimum_mappable_segments,minimum_unique_probes,minimum_unique_probe_asns",1.0,1.0,0.0,1.0,probe_country_service
CK,H-Root,all_publicly_visible,,,0.0,,,,,,,,,,,,,,,,,unknown_cross_layer_distribution_class,,False,False,False,False,False,insufficient_no_inter_region_projection_segments,"minimum_mappable_segments,minimum_unique_probes,minimum_unique_probe_asns,maximum_country_fallback_share",0.0,0.0,,,probe_country_service
CK,H-Root,resolved_entry_only,,,0.0,,,,,,,,,,,,,,,,,unknown_cross_layer_distribution_class,,False,False,False,False,False,insufficient_no_inter_region_projection_segments,"minimum_mappable_segments,minimum_unique_probes,minimum_unique_probe_asns,maximum_country_fallback_share",0.0,0.0,,,probe_country_service
CL,H-Root,all_publicly_visible,5015,dns-root_h-root_msm5015_20260701T000000Z_010000Z.json,94.0,0.9574468085106383,0.9787234042553192,1.0,0.20547074980230556,0.187027536394487,1.2281030581792565,severe_network_transition_concentration,0.9787234042553191,1.0,1.0,0.10296666046541245,0.14854949043034824,1.1084544531043852,-0.03847804596413876,0.03847804596413876,severe_corridor_observation_concentration,network_and_physical_both_concentrated,0.0,True,True,True,True,True,auditable,,28.0,7.0,1.0,0.0,probe_country_service
CL,H-Root,resolved_entry_only,5015,dns-root_h-root_msm5015_20260701T000000Z_010000Z.json,94.0,0.9574468085106383,0.9787234042553192,1.0,0.20547074980230556,0.187027536394487,1.2281030581792565,severe_network_transition_concentration,0.9787234042553191,1.0,1.0,0.10296666046541245,0.14854949043034824,1.1084544531043852,-0.03847804596413876,0.03847804596413876,severe_corridor_observation_concentration,network_and_physical_both_concentrated,0.0,True,True,True,True,True,auditable,,28.0,7.0,1.0,0.0,probe_country_service
CM,H-Root,all_publicly_visible,5015,dns-root_h-root_msm5015_20260701T000000Z_010000Z.json,1.0,1.0,1.0,1.0,-0.0,0.0,1.0,severe_network_transition_concentration,0.5,1.0,1.0,0.6931471805599453,1.0,2.0,1.0,-1.0,moderate_corridor_observation_concentration,network_and_physical_both_concentrated,0.0,False,False,False,True,False,"insufficient_minimum_mappable_segments,minimum_unique_probes,minimum_unique_probe_asns","minimum_mappable_segments,minimum_unique_probes,minimum_unique_probe_asns",1.0,1.0,0.0,1.0,probe_country_service
CM,H-Root,resolved_entry_only,5015,dns-root_h-root_msm5015_20260701T000000Z_010000Z.json,1.0,1.0,1.0,1.0,-0.0,0.0,1.0,severe_network_transition_concentration,0.5,1.0,1.0,0.6931471805599453,1.0,2.0,1.0,-1.0,moderate_corridor_observation_concentration,network_and_physical_both_concentrated,0.0,False,False,False,True,False,"insufficient_minimum_mappable_segments,minimum_unique_probes,minimum_unique_probe_asns","minimum_mappable_segments,minimum_unique_probes,minimum_unique_probe_asns",1.0,1.0,0.0,1.0,probe_country_service
CN,H-Root,all_publicly_visible,5015,dns-root_h-root_msm5015_20260701T000000Z_010000Z.json,50.0,0.26,0.52,0.72,1.8631459051634434,0.8091539855931227,6.4439770584259595,broad_network_transition_distribution,0.32,0.4933333333333333,0.6666666666666666,1.9042184653607903,0.7424000243206929,6.71415822937946,-0.06675396127242983,0.06675396127242983,broad_corridor_observation_distribution,network_and_physical_both_broad,0.0,True,True,True,True,True,auditable,,19.0,7.0,0.86,0.14,probe_country_service
CN,H-Root,resolved_entry_only,5015,dns-root_h-root_msm5015_20260701T000000Z_010000Z.json,48.0,0.2708333333333333,0.5416666666666666,0.7291666666666666,1.804679650922044,0.821345104882236,6.0780240472135665,broad_network_transition_distribution,0.3125,0.4930555555555556,0.6736111111111112,1.8721090675015477,0.7298814933930411,6.501995095022012,-0.09146361148919491,0.09146361148919491,broad_corridor_observation_distribution,network_and_physical_both_broad,0.0,True,True,True,True,True,auditable,,18.0,7.0,0.875,0.125,probe_country_service
CO,H-Root,all_publicly_visible,5015,dns-root_h-root_msm5015_20260701T000000Z_010000Z.json,9.0,0.4444444444444444,0.7777777777777777,1.0,1.0608569471580214,0.965633607142825,2.8888455168024434,weak_network_transition_concentration,0.4444444444444444,0.8333333333333333,1.0,1.0263306332944864,0.9342064019134054,2.790806531070013,-0.03142720522941955,0.03142720522941955,moderate_corridor_observation_concentration,network_broad_physical_concentrated,0.0,False,False,False,True,False,"insufficient_minimum_mappable_segments,minimum_unique_probes","minimum_mappable_segments,minimum_unique_probes",7.0,6.0,0.4444444444444444,0.5555555555555556,probe_country_service
CO,H-Root,resolved_entry_only,5015,dns-root_h-root_msm5015_20260701T000000Z_010000Z.json,9.0,0.4444444444444444,0.7777777777777777,1.0,1.0608569471580214,0.965633607142825,2.8888455168024434,weak_network_transition_concentration,0.4444444444444444,0.8333333333333333,1.0,1.0263306332944864,0.9342064019134054,2.790806531070013,-0.03142720522941955,0.03142720522941955,moderate_corridor_observation_concentration,network_broad_physical_concentrated,0.0,False,False,False,True,False,"insufficient_minimum_mappable_segments,minimum_unique_probes","minimum_mappable_segments,minimum_unique_probes",7.0,6.0,0.4444444444444444,0.5555555555555556,probe_country_service
CR,H-Root,all_publicly_visible,,,0.0,,,,,,,,,,,,,,,,,unknown_cross_layer_distribution_class,,False,False,False,False,False,insufficient_no_inter_region_projection_segments,"minimum_mappable_segments,minimum_unique_probes,minimum_unique_probe_asns,maximum_country_fallback_share",0.0,0.0,,,probe_country_service
CR,H-Root,resolved_entry_only,,,0.0,,,,,,,,,,,,,,,,,unknown_cross_layer_distribution_class,,False,False,False,False,False,insufficient_no_inter_region_projection_segments,"minimum_mappable_segments,minimum_unique_probes,minimum_unique_probe_asns,maximum_country_fallback_share",0.0,0.0,,,probe_country_service
CU,H-Root,all_publicly_visible,5015,dns-root_h-root_msm5015_20260701T000000Z_010000Z.json,1.0,1.0,1.0,1.0,-0.0,0.0,1.0,severe_network_transition_concentration,1.0,1.0,1.0,-0.0,0.0,1.0,0.0,0.0,severe_corridor_observation_concentration,network_and_physical_both_concentrated,0.0,False,False,False,True,False,"insufficient_minimum_mappable_segments,minimum_unique_probes,minimum_unique_probe_asns","minimum_mappable_segments,minimum_unique_probes,minimum_unique_probe_asns",1.0,1.0,0.0,1.0,probe_country_service
CU,H-Root,resolved_entry_only,5015,dns-root_h-root_msm5015_20260701T000000Z_010000Z.json,1.0,1.0,1.0,1.0,-0.0,0.0,1.0,severe_network_transition_concentration,1.0,1.0,1.0,-0.0,0.0,1.0,0.0,0.0,severe_corridor_observation_concentration,network_and_physical_both_concentrated,0.0,False,False,False,True,False,"insufficient_minimum_mappable_segments,minimum_unique_probes,minimum_unique_probe_asns","minimum_mappable_segments,minimum_unique_probes,minimum_unique_probe_asns",1.0,1.0,0.0,1.0,probe_country_service
CV,H-Root,all_publicly_visible,5015,dns-root_h-root_msm5015_20260701T000000Z_010000Z.json,2.0,1.0,1.0,1.0,-0.0,0.0,1.0,severe_network_transition_concentration,0.5,1.0,1.0,0.6931471805599453,1.0,2.0,1.0,-1.0,moderate_corridor_observation_concentration,network_and_physical_both_concentrated,0.0,False,False,False,True,False,"insufficient_minimum_mappable_segments,minimum_unique_probes,minimum_unique_probe_asns","minimum_mappable_segments,minimum_unique_probes,minimum_unique_probe_asns",1.0,1.0,0.0,1.0,probe_country_service
CV,H-Root,resolved_entry_only,5015,dns-root_h-root_msm5015_20260701T000000Z_010000Z.json,2.0,1.0,1.0,1.0,-0.0,0.0,1.0,severe_network_transition_concentration,0.5,1.0,1.0,0.6931471805599453,1.0,2.0,1.0,-1.0,moderate_corridor_observation_concentration,network_and_physical_both_concentrated,0.0,False,False,False,True,False,"insufficient_minimum_mappable_segments,minimum_unique_probes,minimum_unique_probe_asns","minimum_mappable_segments,minimum_unique_probes,minimum_unique_probe_asns",1.0,1.0,0.0,1.0,probe_country_service
CW,H-Root,all_publicly_visible,5015,dns-root_h-root_msm5015_20260701T000000Z_010000Z.json,1.0,1.0,1.0,1.0,-0.0,0.0,1.0,severe_network_transition_concentration,1.0,1.0,1.0,-0.0,0.0,1.0,0.0,0.0,severe_corridor_observation_concentration,network_and_physical_both_concentrated,0.0,False,False,False,True,False,"insufficient_minimum_mappable_segments,minimum_unique_probes,minimum_unique_probe_asns","minimum_mappable_segments,minimum_unique_probes,minimum_unique_probe_asns",1.0,1.0,0.0,1.0,probe_country_service
CW,H-Root,resolved_entry_only,,,0.0,,,,,,,,,,,,,,,,,unknown_cross_layer_distribution_class,,False,False,False,False,False,insufficient_no_inter_region_projection_segments,"minimum_mappable_segments,minimum_unique_probes,minimum_unique_probe_asns,maximum_country_fallback_share",0.0,0.0,,,probe_country_service
CY,H-Root,all_publicly_visible,5015,dns-root_h-root_msm5015_20260701T000000Z_010000Z.json,12.0,0.3333333333333333,0.6666666666666666,1.0,1.0986122886681096,0.9999999999999998,2.9999999999999996,weak_network_transition_concentration,0.4166666666666667,0.7083333333333334,1.0,1.0835291213181606,0.9862707094162991,2.95509004158139,-0.013729290583700648,0.013729290583700648,weak_corridor_observation_concentration,network_and_physical_both_concentrated,0.0,False,False,False,True,False,"insufficient_minimum_mappable_segments,minimum_unique_probes,minimum_unique_probe_asns","minimum_mappable_segments,minimum_unique_probes,minimum_unique_probe_asns",5.0,2.0,0.4166666666666667,0.5833333333333334,probe_country_service
CY,H-Root,resolved_entry_only,5015,dns-root_h-root_msm5015_20260701T000000Z_010000Z.json,12.0,0.3333333333333333,0.6666666666666666,1.0,1.0986122886681096,0.9999999999999998,2.9999999999999996,weak_network_transition_concentration,0.4166666666666667,0.7083333333333334,1.0,1.0835291213181606,0.9862707094162991,2.95509004158139,-0.013729290583700648,0.013729290583700648,weak_corridor_observation_concentration,network_and_physical_both_concentrated,0.0,False,False,False,True,False,"insufficient_minimum_mappable_segments,minimum_unique_probes,minimum_unique_probe_asns","minimum_mappable_segments,minimum_unique_probes,minimum_unique_probe_asns",5.0,2.0,0.4166666666666667,0.5833333333333334,probe_country_service
CZ,H-Root,all_publicly_visible,,,0.0,,,,,,,,,,,,,,,,,unknown_cross_layer_distribution_class,,False,False,False,False,False,insufficient_no_inter_region_projection_segments,"minimum_mappable_segments,minimum_unique_probes,minimum_unique_probe_asns,maximum_country_fallback_share",0.0,0.0,,,probe_country_service
CZ,H-Root,resolved_entry_only,,,0.0,,,,,,,,,,,,,,,,,unknown_cross_layer_distribution_class,,False,False,False,False,False,insufficient_no_inter_region_projection_segments,"minimum_mappable_segments,minimum_unique_probes,minimum_unique_probe_asns,maximum_country_fallback_share",0.0,0.0,,,probe_country_service
DE,H-Root,all_publicly_visible,5015,dns-root_h-root_msm5015_20260701T000000Z_010000Z.json,9.0,0.4444444444444444,0.6666666666666666,0.8888888888888888,1.2730283365896258,0.9182958340544897,3.5716523669284492,weak_network_transition_concentration,0.4444444444444444,0.6666666666666666,0.7777777777777777,1.4270610433807247,0.886682880001534,4.166436205292808,-0.03161295405295572,0.03161295405295572,broad_corridor_observation_distribution,network_and_physical_both_broad,0.0,False,False,False,True,False,"insufficient_minimum_mappable_segments,minimum_unique_probes","minimum_mappable_segments,minimum_unique_probes",5.0,5.0,0.8888888888888888,0.1111111111111111,probe_country_service
DE,H-Root,resolved_entry_only,5015,dns-root_h-root_msm5015_20260701T000000Z_010000Z.json,7.0,0.5714285714285714,0.8571428571428571,1.0,0.9556998911125343,0.8699155297736259,2.6004900059896596,moderate_network_transition_concentration,0.5714285714285714,0.8571428571428571,1.0,0.9556998911125343,0.8699155297736259,2.6004900059896596,0.0,0.0,moderate_corridor_observation_concentration,network_and_physical_both_concentrated,0.0,False,False,False,True,False,"insufficient_minimum_mappable_segments,minimum_unique_probes","minimum_mappable_segments,minimum_unique_probes",4.0,4.0,0.8571428571428571,0.14285714285714285,probe_country_service
DJ,H-Root,all_publicly_visible,,,0.0,,,,,,,,,,,,,,,,,unknown_cross_layer_distribution_class,,False,False,False,False,False,insufficient_no_inter_region_projection_segments,"minimum_mappable_segments,minimum_unique_probes,minimum_unique_probe_asns,maximum_country_fallback_share",0.0,0.0,,,probe_country_service
DJ,H-Root,resolved_entry_only,,,0.0,,,,,,,,,,,,,,,,,unknown_cross_layer_distribution_class,,False,False,False,False,False,insufficient_no_inter_region_projection_segments,"minimum_mappable_segments,minimum_unique_probes,minimum_unique_probe_asns,maximum_country_fallback_share",0.0,0.0,,,probe_country_service
DK,H-Root,all_publicly_visible,5015,dns-root_h-root_msm5015_20260701T000000Z_010000Z.json,49.0,0.3673469387755102,0.6122448979591837,0.7755102040816326,1.6839598021746083,0.8098134852178891,5.386844632951874,broad_network_transition_distribution,0.5306122448979592,0.8367346938775511,0.9795918367346939,1.0560522563049353,0.7617806765453653,2.874998798410163,-0.0480328086725238,0.0480328086725238,moderate_corridor_observation_concentration,network_broad_physical_concentrated,0.24489795918367346,True,True,True,True,True,auditable,,21.0,8.0,0.7755102040816326,0.22448979591836735,probe_country_service
DK,H-Root,resolved_entry_only,5015,dns-root_h-root_msm5015_20260701T000000Z_010000Z.json,49.0,0.3673469387755102,0.6122448979591837,0.7755102040816326,1.6839598021746083,0.8098134852178891,5.386844632951874,broad_network_transition_distribution,0.5306122448979592,0.8367346938775511,0.9795918367346939,1.0560522563049353,0.7617806765453653,2.874998798410163,-0.0480328086725238,0.0480328086725238,moderate_corridor_observation_concentration,network_broad_physical_concentrated,0.24489795918367346,True,True,True,True,True,auditable,,21.0,8.0,0.7755102040816326,0.22448979591836735,probe_country_service
DO,H-Root,all_publicly_visible,5015,dns-root_h-root_msm5015_20260701T000000Z_010000Z.json,1.0,1.0,1.0,1.0,-0.0,0.0,1.0,severe_network_transition_concentration,1.0,1.0,1.0,-0.0,0.0,1.0,0.0,0.0,severe_corridor_observation_concentration,network_and_physical_both_concentrated,0.0,False,False,False,True,False,"insufficient_minimum_mappable_segments,minimum_unique_probes,minimum_unique_probe_asns","minimum_mappable_segments,minimum_unique_probes,minimum_unique_probe_asns",1.0,1.0,0.0,1.0,probe_country_service
DO,H-Root,resolved_entry_only,,,0.0,,,,,,,,,,,,,,,,,unknown_cross_layer_distribution_class,,False,False,False,False,False,insufficient_no_inter_region_projection_segments,"minimum_mappable_segments,minimum_unique_probes,minimum_unique_probe_asns,maximum_country_fallback_share",0.0,0.0,,,probe_country_service
DZ,H-Root,all_publicly_visible,,,0.0,,,,,,,,,,,,,,,,,unknown_cross_layer_distribution_class,,False,False,False,False,False,insufficient_no_inter_region_projection_segments,"minimum_mappable_segments,minimum_unique_probes,minimum_unique_probe_asns,maximum_country_fallback_share",0.0,0.0,,,probe_country_service
DZ,H-Root,resolved_entry_only,,,0.0,,,,,,,,,,,,,,,,,unknown_cross_layer_distribution_class,,False,False,False,False,False,insufficient_no_inter_region_projection_segments,"minimum_mappable_segments,minimum_unique_probes,minimum_unique_probe_asns,maximum_country_fallback_share",0.0,0.0,,,probe_country_service
EC,H-Root,all_publicly_visible,5015,dns-root_h-root_msm5015_20260701T000000Z_010000Z.json,10.0,0.5,0.9,1.0,0.9433483923290391,0.8586727110732548,2.568567607415555,moderate_network_transition_concentration,0.6,1.0,1.0,0.6730116670092565,0.9709505944546688,1.9601317042077895,0.11227788338141398,-0.11227788338141398,moderate_corridor_observation_concentration,network_and_physical_both_concentrated,0.0,False,False,False,True,False,"insufficient_minimum_mappable_segments,minimum_unique_probes","minimum_mappable_segments,minimum_unique_probes",5.0,5.0,0.6,0.4,probe_country_service
EC,H-Root,resolved_entry_only,,,0.0,,,,,,,,,,,,,,,,,unknown_cross_layer_distribution_class,,False,False,False,False,False,insufficient_no_inter_region_projection_segments,"minimum_mappable_segments,minimum_unique_probes,minimum_unique_probe_asns,maximum_country_fallback_share",0.0,0.0,,,probe_country_service
EE,H-Root,all_publicly_visible,5015,dns-root_h-root_msm5015_20260701T000000Z_010000Z.json,80.0,0.6,0.75,0.8999999999999999,1.1058898790247633,0.7977309221191609,3.0219124091258887,weak_network_transition_concentration,0.225,0.45,0.65,1.8336944186127058,0.9423325221377332,6.256959840178053,0.14460160001857236,-0.14460160001857236,broad_corridor_observation_distribution,network_and_physical_both_broad,0.0,True,True,True,True,True,auditable,,22.0,12.0,0.45,0.55,probe_country_service
EE,H-Root,resolved_entry_only,5015,dns-root_h-root_msm5015_20260701T000000Z_010000Z.json,80.0,0.6,0.75,0.8999999999999999,1.1058898790247633,0.7977309221191609,3.0219124091258887,weak_network_transition_concentration,0.225,0.45,0.65,1.8336944186127058,0.9423325221377332,6.256959840178053,0.14460160001857236,-0.14460160001857236,broad_corridor_observation_distribution,network_and_physical_both_broad,0.0,True,True,True,True,True,auditable,,22.0,12.0,0.45,0.55,probe_country_service
EG,H-Root,all_publicly_visible,,,0.0,,,,,,,,,,,,,,,,,unknown_cross_layer_distribution_class,,False,False,False,False,False,insufficient_no_inter_region_projection_segments,"minimum_mappable_segments,minimum_unique_probes,minimum_unique_probe_asns,maximum_country_fallback_share",0.0,0.0,,,probe_country_service
EG,H-Root,resolved_entry_only,,,0.0,,,,,,,,,,,,,,,,,unknown_cross_layer_distribution_class,,False,False,False,False,False,insufficient_no_inter_region_projection_segments,"minimum_mappable_segments,minimum_unique_probes,minimum_unique_probe_asns,maximum_country_fallback_share",0.0,0.0,,,probe_country_service
ES,H-Root,all_publicly_visible,5015,dns-root_h-root_msm5015_20260701T000000Z_010000Z.json,12.0,1.0,1.0,1.0,-0.0,0.0,1.0,severe_network_transition_concentration,1.0,1.0,1.0,-0.0,0.0,1.0,0.0,0.0,severe_corridor_observation_concentration,network_and_physical_both_concentrated,0.0,False,False,False,True,False,insufficient_minimum_mappable_segments,minimum_mappable_segments,10.0,3.0,0.0,1.0,probe_country_service
ES,H-Root,resolved_entry_only,5015,dns-root_h-root_msm5015_20260701T000000Z_010000Z.json,12.0,1.0,1.0,1.0,-0.0,0.0,1.0,severe_network_transition_concentration,1.0,1.0,1.0,-0.0,0.0,1.0,0.0,0.0,severe_corridor_observation_concentration,network_and_physical_both_concentrated,0.0,False,False,False,True,False,insufficient_minimum_mappable_segments,minimum_mappable_segments,10.0,3.0,0.0,1.0,probe_country_service
ET,H-Root,all_publicly_visible,,,0.0,,,,,,,,,,,,,,,,,unknown_cross_layer_distribution_class,,False,False,False,False,False,insufficient_no_inter_region_projection_segments,"minimum_mappable_segments,minimum_unique_probes,minimum_unique_probe_asns,maximum_country_fallback_share",0.0,0.0,,,probe_country_service
ET,H-Root,resolved_entry_only,,,0.0,,,,,,,,,,,,,,,,,unknown_cross_layer_distribution_class,,False,False,False,False,False,insufficient_no_inter_region_projection_segments,"minimum_mappable_segments,minimum_unique_probes,minimum_unique_probe_asns,maximum_country_fallback_share",0.0,0.0,,,probe_country_service
FI,H-Root,all_publicly_visible,5015,dns-root_h-root_msm5015_20260701T000000Z_010000Z.json,206.0,0.6504854368932039,0.7087378640776699,0.7572815533980582,1.526253799184706,0.5387006249940994,4.600908569888786,broad_network_transition_distribution,0.24271844660194175,0.412621359223301,0.5436893203883495,2.1005606731769304,0.7959511336129882,8.170749748771566,0.25725050861888876,-0.25725050861888876,broad_corridor_observation_distribution,network_and_physical_both_broad,0.019417475728155338,True,True,True,True,True,auditable,,44.0,22.0,0.6699029126213591,0.3300970873786407,probe_country_service
FI,H-Root,resolved_entry_only,5015,dns-root_h-root_msm5015_20260701T000000Z_010000Z.json,206.0,0.6504854368932039,0.7087378640776699,0.7572815533980582,1.526253799184706,0.5387006249940994,4.600908569888786,broad_network_transition_distribution,0.24271844660194175,0.412621359223301,0.5436893203883495,2.1005606731769304,0.7959511336129882,8.170749748771566,0.25725050861888876,-0.25725050861888876,broad_corridor_observation_distribution,network_and_physical_both_broad,0.019417475728155338,True,True,True,True,True,auditable,,44.0,22.0,0.6699029126213591,0.3300970873786407,probe_country_service
FJ,H-Root,all_publicly_visible,5015,dns-root_h-root_msm5015_20260701T000000Z_010000Z.json,1.0,1.0,1.0,1.0,-0.0,0.0,1.0,severe_network_transition_concentration,1.0,1.0,1.0,-0.0,0.0,1.0,0.0,0.0,severe_corridor_observation_concentration,network_and_physical_both_concentrated,0.0,False,False,False,True,False,"insufficient_minimum_mappable_segments,minimum_unique_probes,minimum_unique_probe_asns","minimum_mappable_segments,minimum_unique_probes,minimum_unique_probe_asns",1.0,1.0,0.0,1.0,probe_country_service
FJ,H-Root,resolved_entry_only,5015,dns-root_h-root_msm5015_20260701T000000Z_010000Z.json,1.0,1.0,1.0,1.0,-0.0,0.0,1.0,severe_network_transition_concentration,1.0,1.0,1.0,-0.0,0.0,1.0,0.0,0.0,severe_corridor_observation_concentration,network_and_physical_both_concentrated,0.0,False,False,False,True,False,"insufficient_minimum_mappable_segments,minimum_unique_probes,minimum_unique_probe_asns","minimum_mappable_segments,minimum_unique_probes,minimum_unique_probe_asns",1.0,1.0,0.0,1.0,probe_country_service
FM,H-Root,all_publicly_visible,5015,dns-root_h-root_msm5015_20260701T000000Z_010000Z.json,6.0,1.0,1.0,1.0,-0.0,0.0,1.0,severe_network_transition_concentration,0.6666666666666666,1.0,1.0,0.6365141682948128,0.9182958340544894,1.8898815748423097,0.9182958340544894,-0.9182958340544894,moderate_corridor_observation_concentration,network_and_physical_both_concentrated,0.0,False,False,False,True,False,"insufficient_minimum_mappable_segments,minimum_unique_probes,minimum_unique_probe_asns","minimum_mappable_segments,minimum_unique_probes,minimum_unique_probe_asns",1.0,1.0,0.6666666666666666,0.3333333333333333,probe_country_service
FM,H-Root,resolved_entry_only,5015,dns-root_h-root_msm5015_20260701T000000Z_010000Z.json,6.0,1.0,1.0,1.0,-0.0,0.0,1.0,severe_network_transition_concentration,0.6666666666666666,1.0,1.0,0.6365141682948128,0.9182958340544894,1.8898815748423097,0.9182958340544894,-0.9182958340544894,moderate_corridor_observation_concentration,network_and_physical_both_concentrated,0.0,False,False,False,True,False,"insufficient_minimum_mappable_segments,minimum_unique_probes,minimum_unique_probe_asns","minimum_mappable_segments,minimum_unique_probes,minimum_unique_probe_asns",1.0,1.0,0.6666666666666666,0.3333333333333333,probe_country_service
FR,H-Root,all_publicly_visible,5015,dns-root_h-root_msm5015_20260701T000000Z_010000Z.json,21.0,1.0,1.0,1.0,-0.0,0.0,1.0,severe_network_transition_concentration,1.0,1.0,1.0,-0.0,0.0,1.0,0.0,0.0,severe_corridor_observation_concentration,network_and_physical_both_concentrated,0.0,False,False,False,True,False,"insufficient_minimum_mappable_segments,minimum_unique_probe_asns","minimum_mappable_segments,minimum_unique_probe_asns",17.0,1.0,0.0,1.0,probe_country_service
FR,H-Root,resolved_entry_only,5015,dns-root_h-root_msm5015_20260701T000000Z_010000Z.json,21.0,1.0,1.0,1.0,-0.0,0.0,1.0,severe_network_transition_concentration,1.0,1.0,1.0,-0.0,0.0,1.0,0.0,0.0,severe_corridor_observation_concentration,network_and_physical_both_concentrated,0.0,False,False,False,True,False,"insufficient_minimum_mappable_segments,minimum_unique_probe_asns","minimum_mappable_segments,minimum_unique_probe_asns",17.0,1.0,0.0,1.0,probe_country_service
GB,H-Root,all_publicly_visible,,,0.0,,,,,,,,,,,,,,,,,unknown_cross_layer_distribution_class,,False,False,False,False,False,insufficient_no_inter_region_projection_segments,"minimum_mappable_segments,minimum_unique_probes,minimum_unique_probe_asns,maximum_country_fallback_share",0.0,0.0,,,probe_country_service
GB,H-Root,resolved_entry_only,,,0.0,,,,,,,,,,,,,,,,,unknown_cross_layer_distribution_class,,False,False,False,False,False,insufficient_no_inter_region_projection_segments,"minimum_mappable_segments,minimum_unique_probes,minimum_unique_probe_asns,maximum_country_fallback_share",0.0,0.0,,,probe_country_service
GE,H-Root,all_publicly_visible,,,0.0,,,,,,,,,,,,,,,,,unknown_cross_layer_distribution_class,,False,False,False,False,False,insufficient_no_inter_region_projection_segments,"minimum_mappable_segments,minimum_unique_probes,minimum_unique_probe_asns,maximum_country_fallback_share",0.0,0.0,,,probe_country_service
GE,H-Root,resolved_entry_only,,,0.0,,,,,,,,,,,,,,,,,unknown_cross_layer_distribution_class,,False,False,False,False,False,insufficient_no_inter_region_projection_segments,"minimum_mappable_segments,minimum_unique_probes,minimum_unique_probe_asns,maximum_country_fallback_share",0.0,0.0,,,probe_country_service
GF,H-Root,all_publicly_visible,,,0.0,,,,,,,,,,,,,,,,,unknown_cross_layer_distribution_class,,False,False,False,False,False,insufficient_no_inter_region_projection_segments,"minimum_mappable_segments,minimum_unique_probes,minimum_unique_probe_asns,maximum_country_fallback_share",0.0,0.0,,,probe_country_service
GF,H-Root,resolved_entry_only,,,0.0,,,,,,,,,,,,,,,,,unknown_cross_layer_distribution_class,,False,False,False,False,False,insufficient_no_inter_region_projection_segments,"minimum_mappable_segments,minimum_unique_probes,minimum_unique_probe_asns,maximum_country_fallback_share",0.0,0.0,,,probe_country_service
GG,H-Root,all_publicly_visible,,,0.0,,,,,,,,,,,,,,,,,unknown_cross_layer_distribution_class,,False,False,False,False,False,insufficient_no_inter_region_projection_segments,"minimum_mappable_segments,minimum_unique_probes,minimum_unique_probe_asns,maximum_country_fallback_share",0.0,0.0,,,probe_country_service
GG,H-Root,resolved_entry_only,,,0.0,,,,,,,,,,,,,,,,,unknown_cross_layer_distribution_class,,False,False,False,False,False,insufficient_no_inter_region_projection_segments,"minimum_mappable_segments,minimum_unique_probes,minimum_unique_probe_asns,maximum_country_fallback_share",0.0,0.0,,,probe_country_service
GH,H-Root,all_publicly_visible,5015,dns-root_h-root_msm5015_20260701T000000Z_010000Z.json,6.0,0.6666666666666666,1.0,1.0,0.6365141682948128,0.9182958340544894,1.8898815748423097,moderate_network_transition_concentration,0.6666666666666666,0.8333333333333333,1.0,0.8675632284814613,0.7896900821428475,2.3811015779522995,-0.12860575191164192,0.12860575191164192,moderate_corridor_observation_concentration,network_and_physical_both_concentrated,0.0,False,False,False,True,False,"insufficient_minimum_mappable_segments,minimum_unique_probes,minimum_unique_probe_asns","minimum_mappable_segments,minimum_unique_probes,minimum_unique_probe_asns",2.0,2.0,0.0,1.0,probe_country_service
GH,H-Root,resolved_entry_only,5015,dns-root_h-root_msm5015_20260701T000000Z_010000Z.json,6.0,0.6666666666666666,1.0,1.0,0.6365141682948128,0.9182958340544894,1.8898815748423097,moderate_network_transition_concentration,0.6666666666666666,0.8333333333333333,1.0,0.8675632284814613,0.7896900821428475,2.3811015779522995,-0.12860575191164192,0.12860575191164192,moderate_corridor_observation_concentration,network_and_physical_both_concentrated,0.0,False,False,False,True,False,"insufficient_minimum_mappable_segments,minimum_unique_probes,minimum_unique_probe_asns","minimum_mappable_segments,minimum_unique_probes,minimum_unique_probe_asns",2.0,2.0,0.0,1.0,probe_country_service
GP,H-Root,all_publicly_visible,5015,dns-root_h-root_msm5015_20260701T000000Z_010000Z.json,4.0,0.5,0.75,1.0,1.0397207708399179,0.946394630357186,2.82842712474619,weak_network_transition_concentration,0.25,0.5,0.75,1.559581156259877,0.9690222556651344,4.756828460010884,0.022627625307948485,-0.022627625307948485,broad_corridor_observation_distribution,network_and_physical_both_broad,0.0,False,False,False,True,False,"insufficient_minimum_mappable_segments,minimum_unique_probes,minimum_unique_probe_asns","minimum_mappable_segments,minimum_unique_probes,minimum_unique_probe_asns",2.0,2.0,1.0,0.0,probe_country_service
GP,H-Root,resolved_entry_only,5015,dns-root_h-root_msm5015_20260701T000000Z_010000Z.json,3.0,0.6666666666666666,1.0,1.0,0.6365141682948128,0.9182958340544894,1.8898815748423097,moderate_network_transition_concentration,0.3333333333333333,0.6666666666666666,1.0,1.0986122886681096,0.9999999999999998,2.9999999999999996,0.08170416594551033,-0.08170416594551033,weak_corridor_observation_concentration,network_and_physical_both_concentrated,0.0,False,False,False,True,False,"insufficient_minimum_mappable_segments,minimum_unique_probes,minimum_unique_probe_asns","minimum_mappable_segments,minimum_unique_probes,minimum_unique_probe_asns",2.0,2.0,1.0,0.0,probe_country_service
GQ,H-Root,all_publicly_visible,5015,dns-root_h-root_msm5015_20260701T000000Z_010000Z.json,4.0,0.5,1.0,1.0,0.6931471805599453,1.0,2.0,moderate_network_transition_concentration,0.5,0.75,1.0,1.0397207708399179,0.946394630357186,2.82842712474619,-0.05360536964281404,0.05360536964281404,weak_corridor_observation_concentration,network_and_physical_both_concentrated,0.0,False,False,False,True,False,"insufficient_minimum_mappable_segments,minimum_unique_probes,minimum_unique_probe_asns","minimum_mappable_segments,minimum_unique_probes,minimum_unique_probe_asns",1.0,1.0,0.5,0.5,probe_country_service
GQ,H-Root,resolved_entry_only,5015,dns-root_h-root_msm5015_20260701T000000Z_010000Z.json,4.0,0.5,1.0,1.0,0.6931471805599453,1.0,2.0,moderate_network_transition_concentration,0.5,0.75,1.0,1.0397207708399179,0.946394630357186,2.82842712474619,-0.05360536964281404,0.05360536964281404,weak_corridor_observation_concentration,network_and_physical_both_concentrated,0.0,False,False,False,True,False,"insufficient_minimum_mappable_segments,minimum_unique_probes,minimum_unique_probe_asns","minimum_mappable_segments,minimum_unique_probes,minimum_unique_probe_asns",1.0,1.0,0.5,0.5,probe_country_service
GR,H-Root,all_publicly_visible,,,0.0,,,,,,,,,,,,,,,,,unknown_cross_layer_distribution_class,,False,False,False,False,False,insufficient_no_inter_region_projection_segments,"minimum_mappable_segments,minimum_unique_probes,minimum_unique_probe_asns,maximum_country_fallback_share",0.0,0.0,,,probe_country_service
GR,H-Root,resolved_entry_only,,,0.0,,,,,,,,,,,,,,,,,unknown_cross_layer_distribution_class,,False,False,False,False,False,insufficient_no_inter_region_projection_segments,"minimum_mappable_segments,minimum_unique_probes,minimum_unique_probe_asns,maximum_country_fallback_share",0.0,0.0,,,probe_country_service
GT,H-Root,all_publicly_visible,5015,dns-root_h-root_msm5015_20260701T000000Z_010000Z.json,2.0,1.0,1.0,1.0,-0.0,0.0,1.0,severe_network_transition_concentration,1.0,1.0,1.0,-0.0,0.0,1.0,0.0,0.0,severe_corridor_observation_concentration,network_and_physical_both_concentrated,0.0,False,False,False,True,False,"insufficient_minimum_mappable_segments,minimum_unique_probes,minimum_unique_probe_asns","minimum_mappable_segments,minimum_unique_probes,minimum_unique_probe_asns",1.0,1.0,0.0,1.0,probe_country_service
GT,H-Root,resolved_entry_only,5015,dns-root_h-root_msm5015_20260701T000000Z_010000Z.json,2.0,1.0,1.0,1.0,-0.0,0.0,1.0,severe_network_transition_concentration,1.0,1.0,1.0,-0.0,0.0,1.0,0.0,0.0,severe_corridor_observation_concentration,network_and_physical_both_concentrated,0.0,False,False,False,True,False,"insufficient_minimum_mappable_segments,minimum_unique_probes,minimum_unique_probe_asns","minimum_mappable_segments,minimum_unique_probes,minimum_unique_probe_asns",1.0,1.0,0.0,1.0,probe_country_service
GU,H-Root,all_publicly_visible,5015,dns-root_h-root_msm5015_20260701T000000Z_010000Z.json,41.0,0.3902439024390244,0.5853658536585367,0.7317073170731707,1.659324311711075,0.852724013242149,5.255758390012576,broad_network_transition_distribution,0.43902439024390244,0.5853658536585366,0.7317073170731707,1.7408440751316694,0.7922922823128813,5.702154438715509,-0.06043173092926768,0.06043173092926768,broad_corridor_observation_distribution,network_and_physical_both_broad,0.0,False,False,False,True,False,insufficient_minimum_unique_probes,minimum_unique_probes,9.0,5.0,0.5365853658536586,0.4634146341463415,probe_country_service
GU,H-Root,resolved_entry_only,5015,dns-root_h-root_msm5015_20260701T000000Z_010000Z.json,6.0,1.0,1.0,1.0,-0.0,0.0,1.0,severe_network_transition_concentration,1.0,1.0,1.0,-0.0,0.0,1.0,0.0,0.0,severe_corridor_observation_concentration,network_and_physical_both_concentrated,0.0,False,False,False,True,False,"insufficient_minimum_mappable_segments,minimum_unique_probes,minimum_unique_probe_asns","minimum_mappable_segments,minimum_unique_probes,minimum_unique_probe_asns",2.0,1.0,0.0,1.0,probe_country_service
HK,H-Root,all_publicly_visible,5015,dns-root_h-root_msm5015_20260701T000000Z_010000Z.json,5.0,0.4,0.8,1.0,1.0549201679861442,0.9602297178607612,2.8717458874925876,moderate_network_transition_concentration,0.8,1.0,1.0,0.5004024235381879,0.7219280948873623,1.6493848884661177,-0.23830162297339885,0.23830162297339885,severe_corridor_observation_concentration,network_and_physical_both_concentrated,0.0,False,False,False,True,False,"insufficient_minimum_mappable_segments,minimum_unique_probes","minimum_mappable_segments,minimum_unique_probes",3.0,3.0,0.8,0.2,probe_country_service
HK,H-Root,resolved_entry_only,5015,dns-root_h-root_msm5015_20260701T000000Z_010000Z.json,5.0,0.4,0.8,1.0,1.0549201679861442,0.9602297178607612,2.8717458874925876,moderate_network_transition_concentration,0.8,1.0,1.0,0.5004024235381879,0.7219280948873623,1.6493848884661177,-0.23830162297339885,0.23830162297339885,severe_corridor_observation_concentration,network_and_physical_both_concentrated,0.0,False,False,False,True,False,"insufficient_minimum_mappable_segments,minimum_unique_probes","minimum_mappable_segments,minimum_unique_probes",3.0,3.0,0.8,0.2,probe_country_service
HN,H-Root,all_publicly_visible,5015,dns-root_h-root_msm5015_20260701T000000Z_010000Z.json,14.0,0.5714285714285714,0.8571428571428571,1.0,0.9556998911125343,0.8699155297736259,2.6004900059896596,moderate_network_transition_concentration,0.42857142857142855,0.8571428571428571,1.0,1.0042424730540764,0.914100892018565,2.729838563103603,0.044185362244939186,-0.044185362244939186,moderate_corridor_observation_concentration,network_and_physical_both_concentrated,0.0,False,False,False,True,False,"insufficient_minimum_mappable_segments,minimum_unique_probes","minimum_mappable_segments,minimum_unique_probes",7.0,5.0,0.0,1.0,probe_country_service
HN,H-Root,resolved_entry_only,5015,dns-root_h-root_msm5015_20260701T000000Z_010000Z.json,14.0,0.5714285714285714,0.8571428571428571,1.0,0.9556998911125343,0.8699155297736259,2.6004900059896596,moderate_network_transition_concentration,0.42857142857142855,0.8571428571428571,1.0,1.0042424730540764,0.914100892018565,2.729838563103603,0.044185362244939186,-0.044185362244939186,moderate_corridor_observation_concentration,network_and_physical_both_concentrated,0.0,False,False,False,True,False,"insufficient_minimum_mappable_segments,minimum_unique_probes","minimum_mappable_segments,minimum_unique_probes",7.0,5.0,0.0,1.0,probe_country_service
HR,H-Root,all_publicly_visible,,,0.0,,,,,,,,,,,,,,,,,unknown_cross_layer_distribution_class,,False,False,False,False,False,insufficient_no_inter_region_projection_segments,"minimum_mappable_segments,minimum_unique_probes,minimum_unique_probe_asns,maximum_country_fallback_share",0.0,0.0,,,probe_country_service
HR,H-Root,resolved_entry_only,,,0.0,,,,,,,,,,,,,,,,,unknown_cross_layer_distribution_class,,False,False,False,False,False,insufficient_no_inter_region_projection_segments,"minimum_mappable_segments,minimum_unique_probes,minimum_unique_probe_asns,maximum_country_fallback_share",0.0,0.0,,,probe_country_service
HT,H-Root,all_publicly_visible,,,0.0,,,,,,,,,,,,,,,,,unknown_cross_layer_distribution_class,,False,False,False,False,False,insufficient_no_inter_region_projection_segments,"minimum_mappable_segments,minimum_unique_probes,minimum_unique_probe_asns,maximum_country_fallback_share",0.0,0.0,,,probe_country_service
HT,H-Root,resolved_entry_only,,,0.0,,,,,,,,,,,,,,,,,unknown_cross_layer_distribution_class,,False,False,False,False,False,insufficient_no_inter_region_projection_segments,"minimum_mappable_segments,minimum_unique_probes,minimum_unique_probe_asns,maximum_country_fallback_share",0.0,0.0,,,probe_country_service
HU,H-Root,all_publicly_visible,,,0.0,,,,,,,,,,,,,,,,,unknown_cross_layer_distribution_class,,False,False,False,False,False,insufficient_no_inter_region_projection_segments,"minimum_mappable_segments,minimum_unique_probes,minimum_unique_probe_asns,maximum_country_fallback_share",0.0,0.0,,,probe_country_service
HU,H-Root,resolved_entry_only,,,0.0,,,,,,,,,,,,,,,,,unknown_cross_layer_distribution_class,,False,False,False,False,False,insufficient_no_inter_region_projection_segments,"minimum_mappable_segments,minimum_unique_probes,minimum_unique_probe_asns,maximum_country_fallback_share",0.0,0.0,,,probe_country_service
ID,H-Root,all_publicly_visible,5015,dns-root_h-root_msm5015_20260701T000000Z_010000Z.json,148.0,0.13513513513513514,0.21621621621621623,0.28378378378378377,3.238055826510837,0.9107563508576272,25.48412798750846,broad_network_transition_distribution,0.27364864864864863,0.5472972972972973,0.6554054054054054,2.2349547082658225,0.7230423852113768,9.346058543411356,-0.18771396564625042,0.18771396564625042,broad_corridor_observation_distribution,network_and_physical_both_broad,0.14189189189189189,True,True,True,True,True,auditable,,56.0,43.0,0.5878378378378379,0.41216216216216217,probe_country_service
ID,H-Root,resolved_entry_only,5015,dns-root_h-root_msm5015_20260701T000000Z_010000Z.json,143.0,0.13986013986013987,0.2097902097902098,0.27972027972027974,3.220455331834745,0.9132518667203734,25.039518876117558,broad_network_transition_distribution,0.2762237762237762,0.5524475524475524,0.6573426573426573,2.236895184008713,0.7236701591006619,9.364211950733452,-0.1895817076197115,0.1895817076197115,broad_corridor_observation_distribution,network_and_physical_both_broad,0.13286713286713286,True,True,True,True,True,auditable,,54.0,41.0,0.5944055944055945,0.4055944055944056,probe_country_service
IE,H-Root,all_publicly_visible,,,0.0,,,,,,,,,,,,,,,,,unknown_cross_layer_distribution_class,,False,False,False,False,False,insufficient_no_inter_region_projection_segments,"minimum_mappable_segments,minimum_unique_probes,minimum_unique_probe_asns,maximum_country_fallback_share",0.0,0.0,,,probe_country_service
IE,H-Root,resolved_entry_only,,,0.0,,,,,,,,,,,,,,,,,unknown_cross_layer_distribution_class,,False,False,False,False,False,insufficient_no_inter_region_projection_segments,"minimum_mappable_segments,minimum_unique_probes,minimum_unique_probe_asns,maximum_country_fallback_share",0.0,0.0,,,probe_country_service
IL,H-Root,all_publicly_visible,5015,dns-root_h-root_msm5015_20260701T000000Z_010000Z.json,27.0,0.4074074074074074,0.7037037037037037,0.8518518518518519,1.3947203289324732,0.8665884643062186,4.033846264770918,weak_network_transition_concentration,0.38271604938271603,0.691358024691358,1.0,1.093246752419975,0.9951160784350594,2.9839464975937746,0.12852761412884084,-0.12852761412884084,weak_corridor_observation_concentration,network_and_physical_both_concentrated,0.0,False,False,False,True,False,insufficient_minimum_mappable_segments,minimum_mappable_segments,12.0,7.0,1.0,0.0,probe_country_service
IL,H-Root,resolved_entry_only,5015,dns-root_h-root_msm5015_20260701T000000Z_010000Z.json,25.0,0.44,0.6799999999999999,0.84,1.4010689855534109,0.8705331064523303,4.059537234850817,weak_network_transition_concentration,0.3333333333333333,0.6666666666666666,1.0,1.0986122886681096,0.9999999999999998,2.9999999999999996,0.1294668935476695,-0.1294668935476695,weak_corridor_observation_concentration,network_and_physical_both_concentrated,0.0,False,False,False,True,False,insufficient_minimum_mappable_segments,minimum_mappable_segments,11.0,7.0,1.0,0.0,probe_country_service
IM,H-Root,all_publicly_visible,5015,dns-root_h-root_msm5015_20260701T000000Z_010000Z.json,2.0,1.0,1.0,1.0,-0.0,0.0,1.0,severe_network_transition_concentration,1.0,1.0,1.0,-0.0,0.0,1.0,0.0,0.0,severe_corridor_observation_concentration,network_and_physical_both_concentrated,0.0,False,False,False,True,False,"insufficient_minimum_mappable_segments,minimum_unique_probes,minimum_unique_probe_asns","minimum_mappable_segments,minimum_unique_probes,minimum_unique_probe_asns",1.0,1.0,0.0,1.0,probe_country_service
IM,H-Root,resolved_entry_only,5015,dns-root_h-root_msm5015_20260701T000000Z_010000Z.json,2.0,1.0,1.0,1.0,-0.0,0.0,1.0,severe_network_transition_concentration,1.0,1.0,1.0,-0.0,0.0,1.0,0.0,0.0,severe_corridor_observation_concentration,network_and_physical_both_concentrated,0.0,False,False,False,True,False,"insufficient_minimum_mappable_segments,minimum_unique_probes,minimum_unique_probe_asns","minimum_mappable_segments,minimum_unique_probes,minimum_unique_probe_asns",1.0,1.0,0.0,1.0,probe_country_service
IN,H-Root,all_publicly_visible,5015,dns-root_h-root_msm5015_20260701T000000Z_010000Z.json,69.0,0.5507246376811594,0.8115942028985508,0.927536231884058,1.155328598950131,0.7178460194235277,3.175066569670254,moderate_network_transition_concentration,0.37681159420289856,0.6376811594202898,0.8260869565217391,1.4153573949052332,0.8794109943419057,4.117957940196693,0.16156497491837807,-0.16156497491837807,weak_corridor_observation_concentration,network_and_physical_both_concentrated,0.11594202898550725,True,True,True,True,True,auditable,,41.0,20.0,0.2608695652173913,0.7391304347826086,probe_country_service
IN,H-Root,resolved_entry_only,5015,dns-root_h-root_msm5015_20260701T000000Z_010000Z.json,67.0,0.5671641791044776,0.835820895522388,0.9253731343283582,1.121846351158406,0.6970423291829475,3.0705182276815326,moderate_network_transition_concentration,0.3880597014925373,0.6567164179104478,0.8507462686567164,1.3971796347305474,0.868116516913327,4.043778935008944,0.17107418773037952,-0.17107418773037952,weak_corridor_observation_concentration,network_and_physical_both_concentrated,0.08955223880597014,True,True,True,True,True,auditable,,40.0,19.0,0.26865671641791045,0.7313432835820896,probe_country_service
IQ,H-Root,all_publicly_visible,5015,dns-root_h-root_msm5015_20260701T000000Z_010000Z.json,4.0,1.0,1.0,1.0,-0.0,0.0,1.0,severe_network_transition_concentration,0.25,0.5,0.75,1.3862943611198906,1.0,4.0,1.0,-1.0,weak_corridor_observation_concentration,network_and_physical_both_concentrated,0.0,False,False,False,True,False,"insufficient_minimum_mappable_segments,minimum_unique_probes,minimum_unique_probe_asns","minimum_mappable_segments,minimum_unique_probes,minimum_unique_probe_asns",1.0,1.0,0.5,0.5,probe_country_service
IQ,H-Root,resolved_entry_only,5015,dns-root_h-root_msm5015_20260701T000000Z_010000Z.json,4.0,1.0,1.0,1.0,-0.0,0.0,1.0,severe_network_transition_concentration,0.25,0.5,0.75,1.3862943611198906,1.0,4.0,1.0,-1.0,weak_corridor_observation_concentration,network_and_physical_both_concentrated,0.0,False,False,False,True,False,"insufficient_minimum_mappable_segments,minimum_unique_probes,minimum_unique_probe_asns","minimum_mappable_segments,minimum_unique_probes,minimum_unique_probe_asns",1.0,1.0,0.5,0.5,probe_country_service
IR,H-Root,all_publicly_visible,,,0.0,,,,,,,,,,,,,,,,,unknown_cross_layer_distribution_class,,False,False,False,False,False,insufficient_no_inter_region_projection_segments,"minimum_mappable_segments,minimum_unique_probes,minimum_unique_probe_asns,maximum_country_fallback_share",0.0,0.0,,,probe_country_service
IR,H-Root,resolved_entry_only,,,0.0,,,,,,,,,,,,,,,,,unknown_cross_layer_distribution_class,,False,False,False,False,False,insufficient_no_inter_region_projection_segments,"minimum_mappable_segments,minimum_unique_probes,minimum_unique_probe_asns,maximum_country_fallback_share",0.0,0.0,,,probe_country_service
IS,H-Root,all_publicly_visible,5015,dns-root_h-root_msm5015_20260701T000000Z_010000Z.json,4.0,0.5,1.0,1.0,0.6931471805599453,1.0,2.0,moderate_network_transition_concentration,1.0,1.0,1.0,-0.0,0.0,1.0,-1.0,1.0,severe_corridor_observation_concentration,network_and_physical_both_concentrated,0.0,False,False,False,True,False,"insufficient_minimum_mappable_segments,minimum_unique_probes,minimum_unique_probe_asns","minimum_mappable_segments,minimum_unique_probes,minimum_unique_probe_asns",1.0,1.0,0.5,0.5,probe_country_service
IS,H-Root,resolved_entry_only,5015,dns-root_h-root_msm5015_20260701T000000Z_010000Z.json,4.0,0.5,1.0,1.0,0.6931471805599453,1.0,2.0,moderate_network_transition_concentration,1.0,1.0,1.0,-0.0,0.0,1.0,-1.0,1.0,severe_corridor_observation_concentration,network_and_physical_both_concentrated,0.0,False,False,False,True,False,"insufficient_minimum_mappable_segments,minimum_unique_probes,minimum_unique_probe_asns","minimum_mappable_segments,minimum_unique_probes,minimum_unique_probe_asns",1.0,1.0,0.5,0.5,probe_country_service
IT,H-Root,all_publicly_visible,5015,dns-root_h-root_msm5015_20260701T000000Z_010000Z.json,2.0,1.0,1.0,1.0,-0.0,0.0,1.0,severe_network_transition_concentration,1.0,1.0,1.0,-0.0,0.0,1.0,0.0,0.0,severe_corridor_observation_concentration,network_and_physical_both_concentrated,0.0,False,False,False,True,False,"insufficient_minimum_mappable_segments,minimum_unique_probes,minimum_unique_probe_asns","minimum_mappable_segments,minimum_unique_probes,minimum_unique_probe_asns",1.0,1.0,1.0,0.0,probe_country_service
IT,H-Root,resolved_entry_only,5015,dns-root_h-root_msm5015_20260701T000000Z_010000Z.json,2.0,1.0,1.0,1.0,-0.0,0.0,1.0,severe_network_transition_concentration,1.0,1.0,1.0,-0.0,0.0,1.0,0.0,0.0,severe_corridor_observation_concentration,network_and_physical_both_concentrated,0.0,False,False,False,True,False,"insufficient_minimum_mappable_segments,minimum_unique_probes,minimum_unique_probe_asns","minimum_mappable_segments,minimum_unique_probes,minimum_unique_probe_asns",1.0,1.0,1.0,0.0,probe_country_service
JO,H-Root,all_publicly_visible,,,0.0,,,,,,,,,,,,,,,,,unknown_cross_layer_distribution_class,,False,False,False,False,False,insufficient_no_inter_region_projection_segments,"minimum_mappable_segments,minimum_unique_probes,minimum_unique_probe_asns,maximum_country_fallback_share",0.0,0.0,,,probe_country_service
JO,H-Root,resolved_entry_only,,,0.0,,,,,,,,,,,,,,,,,unknown_cross_layer_distribution_class,,False,False,False,False,False,insufficient_no_inter_region_projection_segments,"minimum_mappable_segments,minimum_unique_probes,minimum_unique_probe_asns,maximum_country_fallback_share",0.0,0.0,,,probe_country_service
JP,H-Root,all_publicly_visible,5015,dns-root_h-root_msm5015_20260701T000000Z_010000Z.json,124.0,0.0967741935483871,0.1935483870967742,0.27419354838709675,3.2046179912774058,0.9332061537945859,24.646083199157726,broad_network_transition_distribution,0.3279569892473118,0.6397849462365591,0.8870967741935484,1.6063418133262122,0.55575612685042,4.984543444321673,-0.37745002694416596,0.37745002694416596,weak_corridor_observation_concentration,network_and_physical_both_broad,0.06451612903225806,True,True,True,True,True,auditable,,43.0,25.0,0.967741935483871,0.03225806451612904,probe_country_service
JP,H-Root,resolved_entry_only,5015,dns-root_h-root_msm5015_20260701T000000Z_010000Z.json,124.0,0.0967741935483871,0.1935483870967742,0.27419354838709675,3.2046179912774058,0.9332061537945859,24.646083199157726,broad_network_transition_distribution,0.3279569892473118,0.6397849462365591,0.8870967741935484,1.6063418133262122,0.55575612685042,4.984543444321673,-0.37745002694416596,0.37745002694416596,weak_corridor_observation_concentration,network_and_physical_both_broad,0.06451612903225806,True,True,True,True,True,auditable,,43.0,25.0,0.967741935483871,0.03225806451612904,probe_country_service
KE,H-Root,all_publicly_visible,,,0.0,,,,,,,,,,,,,,,,,unknown_cross_layer_distribution_class,,False,False,False,False,False,insufficient_no_inter_region_projection_segments,"minimum_mappable_segments,minimum_unique_probes,minimum_unique_probe_asns,maximum_country_fallback_share",0.0,0.0,,,probe_country_service
KE,H-Root,resolved_entry_only,,,0.0,,,,,,,,,,,,,,,,,unknown_cross_layer_distribution_class,,False,False,False,False,False,insufficient_no_inter_region_projection_segments,"minimum_mappable_segments,minimum_unique_probes,minimum_unique_probe_asns,maximum_country_fallback_share",0.0,0.0,,,probe_country_service
KG,H-Root,all_publicly_visible,,,0.0,,,,,,,,,,,,,,,,,unknown_cross_layer_distribution_class,,False,False,False,False,False,insufficient_no_inter_region_projection_segments,"minimum_mappable_segments,minimum_unique_probes,minimum_unique_probe_asns,maximum_country_fallback_share",0.0,0.0,,,probe_country_service
KG,H-Root,resolved_entry_only,,,0.0,,,,,,,,,,,,,,,,,unknown_cross_layer_distribution_class,,False,False,False,False,False,insufficient_no_inter_region_projection_segments,"minimum_mappable_segments,minimum_unique_probes,minimum_unique_probe_asns,maximum_country_fallback_share",0.0,0.0,,,probe_country_service
KH,H-Root,all_publicly_visible,,,0.0,,,,,,,,,,,,,,,,,unknown_cross_layer_distribution_class,,False,False,False,False,False,insufficient_no_inter_region_projection_segments,"minimum_mappable_segments,minimum_unique_probes,minimum_unique_probe_asns,maximum_country_fallback_share",0.0,0.0,,,probe_country_service
KH,H-Root,resolved_entry_only,,,0.0,,,,,,,,,,,,,,,,,unknown_cross_layer_distribution_class,,False,False,False,False,False,insufficient_no_inter_region_projection_segments,"minimum_mappable_segments,minimum_unique_probes,minimum_unique_probe_asns,maximum_country_fallback_share",0.0,0.0,,,probe_country_service
KI,H-Root,all_publicly_visible,,,0.0,,,,,,,,,,,,,,,,,unknown_cross_layer_distribution_class,,False,False,False,False,False,insufficient_no_inter_region_projection_segments,"minimum_mappable_segments,minimum_unique_probes,minimum_unique_probe_asns,maximum_country_fallback_share",0.0,0.0,,,probe_country_service
KI,H-Root,resolved_entry_only,,,0.0,,,,,,,,,,,,,,,,,unknown_cross_layer_distribution_class,,False,False,False,False,False,insufficient_no_inter_region_projection_segments,"minimum_mappable_segments,minimum_unique_probes,minimum_unique_probe_asns,maximum_country_fallback_share",0.0,0.0,,,probe_country_service
KN,H-Root,all_publicly_visible,5015,dns-root_h-root_msm5015_20260701T000000Z_010000Z.json,1.0,1.0,1.0,1.0,-0.0,0.0,1.0,severe_network_transition_concentration,1.0,1.0,1.0,-0.0,0.0,1.0,0.0,0.0,severe_corridor_observation_concentration,network_and_physical_both_concentrated,0.0,False,False,False,True,False,"insufficient_minimum_mappable_segments,minimum_unique_probes,minimum_unique_probe_asns","minimum_mappable_segments,minimum_unique_probes,minimum_unique_probe_asns",1.0,1.0,1.0,0.0,probe_country_service
KN,H-Root,resolved_entry_only,5015,dns-root_h-root_msm5015_20260701T000000Z_010000Z.json,1.0,1.0,1.0,1.0,-0.0,0.0,1.0,severe_network_transition_concentration,1.0,1.0,1.0,-0.0,0.0,1.0,0.0,0.0,severe_corridor_observation_concentration,network_and_physical_both_concentrated,0.0,False,False,False,True,False,"insufficient_minimum_mappable_segments,minimum_unique_probes,minimum_unique_probe_asns","minimum_mappable_segments,minimum_unique_probes,minimum_unique_probe_asns",1.0,1.0,1.0,0.0,probe_country_service
KR,H-Root,all_publicly_visible,,,0.0,,,,,,,,,,,,,,,,,unknown_cross_layer_distribution_class,,False,False,False,False,False,insufficient_no_inter_region_projection_segments,"minimum_mappable_segments,minimum_unique_probes,minimum_unique_probe_asns,maximum_country_fallback_share",0.0,0.0,,,probe_country_service
KR,H-Root,resolved_entry_only,,,0.0,,,,,,,,,,,,,,,,,unknown_cross_layer_distribution_class,,False,False,False,False,False,insufficient_no_inter_region_projection_segments,"minimum_mappable_segments,minimum_unique_probes,minimum_unique_probe_asns,maximum_country_fallback_share",0.0,0.0,,,probe_country_service
KW,H-Root,all_publicly_visible,,,0.0,,,,,,,,,,,,,,,,,unknown_cross_layer_distribution_class,,False,False,False,False,False,insufficient_no_inter_region_projection_segments,"minimum_mappable_segments,minimum_unique_probes,minimum_unique_probe_asns,maximum_country_fallback_share",0.0,0.0,,,probe_country_service
KW,H-Root,resolved_entry_only,,,0.0,,,,,,,,,,,,,,,,,unknown_cross_layer_distribution_class,,False,False,False,False,False,insufficient_no_inter_region_projection_segments,"minimum_mappable_segments,minimum_unique_probes,minimum_unique_probe_asns,maximum_country_fallback_share",0.0,0.0,,,probe_country_service
KY,H-Root,all_publicly_visible,5015,dns-root_h-root_msm5015_20260701T000000Z_010000Z.json,2.0,1.0,1.0,1.0,-0.0,0.0,1.0,severe_network_transition_concentration,1.0,1.0,1.0,-0.0,0.0,1.0,0.0,0.0,severe_corridor_observation_concentration,network_and_physical_both_concentrated,0.0,False,False,False,True,False,"insufficient_minimum_mappable_segments,minimum_unique_probes,minimum_unique_probe_asns","minimum_mappable_segments,minimum_unique_probes,minimum_unique_probe_asns",1.0,1.0,0.0,1.0,probe_country_service
KY,H-Root,resolved_entry_only,,,0.0,,,,,,,,,,,,,,,,,unknown_cross_layer_distribution_class,,False,False,False,False,False,insufficient_no_inter_region_projection_segments,"minimum_mappable_segments,minimum_unique_probes,minimum_unique_probe_asns,maximum_country_fallback_share",0.0,0.0,,,probe_country_service
KZ,H-Root,all_publicly_visible,,,0.0,,,,,,,,,,,,,,,,,unknown_cross_layer_distribution_class,,False,False,False,False,False,insufficient_no_inter_region_projection_segments,"minimum_mappable_segments,minimum_unique_probes,minimum_unique_probe_asns,maximum_country_fallback_share",0.0,0.0,,,probe_country_service
KZ,H-Root,resolved_entry_only,,,0.0,,,,,,,,,,,,,,,,,unknown_cross_layer_distribution_class,,False,False,False,False,False,insufficient_no_inter_region_projection_segments,"minimum_mappable_segments,minimum_unique_probes,minimum_unique_probe_asns,maximum_country_fallback_share",0.0,0.0,,,probe_country_service
LA,H-Root,all_publicly_visible,5015,dns-root_h-root_msm5015_20260701T000000Z_010000Z.json,1.0,1.0,1.0,1.0,-0.0,0.0,1.0,severe_network_transition_concentration,1.0,1.0,1.0,-0.0,0.0,1.0,0.0,0.0,severe_corridor_observation_concentration,network_and_physical_both_concentrated,0.0,False,False,False,True,False,"insufficient_minimum_mappable_segments,minimum_unique_probes,minimum_unique_probe_asns","minimum_mappable_segments,minimum_unique_probes,minimum_unique_probe_asns",1.0,1.0,0.0,1.0,probe_country_service
LA,H-Root,resolved_entry_only,5015,dns-root_h-root_msm5015_20260701T000000Z_010000Z.json,1.0,1.0,1.0,1.0,-0.0,0.0,1.0,severe_network_transition_concentration,1.0,1.0,1.0,-0.0,0.0,1.0,0.0,0.0,severe_corridor_observation_concentration,network_and_physical_both_concentrated,0.0,False,False,False,True,False,"insufficient_minimum_mappable_segments,minimum_unique_probes,minimum_unique_probe_asns","minimum_mappable_segments,minimum_unique_probes,minimum_unique_probe_asns",1.0,1.0,0.0,1.0,probe_country_service
LB,H-Root,all_publicly_visible,,,0.0,,,,,,,,,,,,,,,,,unknown_cross_layer_distribution_class,,False,False,False,False,False,insufficient_no_inter_region_projection_segments,"minimum_mappable_segments,minimum_unique_probes,minimum_unique_probe_asns,maximum_country_fallback_share",0.0,0.0,,,probe_country_service
LB,H-Root,resolved_entry_only,,,0.0,,,,,,,,,,,,,,,,,unknown_cross_layer_distribution_class,,False,False,False,False,False,insufficient_no_inter_region_projection_segments,"minimum_mappable_segments,minimum_unique_probes,minimum_unique_probe_asns,maximum_country_fallback_share",0.0,0.0,,,probe_country_service
LC,H-Root,all_publicly_visible,5015,dns-root_h-root_msm5015_20260701T000000Z_010000Z.json,6.0,0.6666666666666666,1.0,1.0,0.6365141682948128,0.9182958340544894,1.8898815748423097,moderate_network_transition_concentration,0.16666666666666666,0.3333333333333333,0.5,2.253857589601352,0.9070190181162902,9.5244063118092,-0.011276815938199292,0.011276815938199292,broad_corridor_observation_distribution,network_concentrated_physical_broad,0.0,False,False,False,True,False,"insufficient_minimum_mappable_segments,minimum_unique_probes,minimum_unique_probe_asns","minimum_mappable_segments,minimum_unique_probes,minimum_unique_probe_asns",2.0,2.0,0.6666666666666666,0.3333333333333333,probe_country_service
LC,H-Root,resolved_entry_only,,,0.0,,,,,,,,,,,,,,,,,unknown_cross_layer_distribution_class,,False,False,False,False,False,insufficient_no_inter_region_projection_segments,"minimum_mappable_segments,minimum_unique_probes,minimum_unique_probe_asns,maximum_country_fallback_share",0.0,0.0,,,probe_country_service
LI,H-Root,all_publicly_visible,,,0.0,,,,,,,,,,,,,,,,,unknown_cross_layer_distribution_class,,False,False,False,False,False,insufficient_no_inter_region_projection_segments,"minimum_mappable_segments,minimum_unique_probes,minimum_unique_probe_asns,maximum_country_fallback_share",0.0,0.0,,,probe_country_service
LI,H-Root,resolved_entry_only,,,0.0,,,,,,,,,,,,,,,,,unknown_cross_layer_distribution_class,,False,False,False,False,False,insufficient_no_inter_region_projection_segments,"minimum_mappable_segments,minimum_unique_probes,minimum_unique_probe_asns,maximum_country_fallback_share",0.0,0.0,,,probe_country_service
LK,H-Root,all_publicly_visible,5015,dns-root_h-root_msm5015_20260701T000000Z_010000Z.json,16.0,0.75,0.875,0.9375,0.8222653373287878,0.5931390622295665,2.2756491157934366,moderate_network_transition_concentration,0.8125,0.9375,0.96875,0.645245670517286,0.4654463645051813,1.9064553316130282,-0.12769269772438518,0.12769269772438518,severe_corridor_observation_concentration,network_and_physical_both_concentrated,0.0,False,False,False,True,False,"insufficient_minimum_mappable_segments,minimum_unique_probes","minimum_mappable_segments,minimum_unique_probes",9.0,4.0,0.0,1.0,probe_country_service
LK,H-Root,resolved_entry_only,5015,dns-root_h-root_msm5015_20260701T000000Z_010000Z.json,16.0,0.75,0.875,0.9375,0.8222653373287878,0.5931390622295665,2.2756491157934366,moderate_network_transition_concentration,0.8125,0.9375,0.96875,0.645245670517286,0.4654463645051813,1.9064553316130282,-0.12769269772438518,0.12769269772438518,severe_corridor_observation_concentration,network_and_physical_both_concentrated,0.0,False,False,False,True,False,"insufficient_minimum_mappable_segments,minimum_unique_probes","minimum_mappable_segments,minimum_unique_probes",9.0,4.0,0.0,1.0,probe_country_service
LS,H-Root,all_publicly_visible,,,0.0,,,,,,,,,,,,,,,,,unknown_cross_layer_distribution_class,,False,False,False,False,False,insufficient_no_inter_region_projection_segments,"minimum_mappable_segments,minimum_unique_probes,minimum_unique_probe_asns,maximum_country_fallback_share",0.0,0.0,,,probe_country_service
LS,H-Root,resolved_entry_only,,,0.0,,,,,,,,,,,,,,,,,unknown_cross_layer_distribution_class,,False,False,False,False,False,insufficient_no_inter_region_projection_segments,"minimum_mappable_segments,minimum_unique_probes,minimum_unique_probe_asns,maximum_country_fallback_share",0.0,0.0,,,probe_country_service
LT,H-Root,all_publicly_visible,,,0.0,,,,,,,,,,,,,,,,,unknown_cross_layer_distribution_class,,False,False,False,False,False,insufficient_no_inter_region_projection_segments,"minimum_mappable_segments,minimum_unique_probes,minimum_unique_probe_asns,maximum_country_fallback_share",0.0,0.0,,,probe_country_service
LT,H-Root,resolved_entry_only,,,0.0,,,,,,,,,,,,,,,,,unknown_cross_layer_distribution_class,,False,False,False,False,False,insufficient_no_inter_region_projection_segments,"minimum_mappable_segments,minimum_unique_probes,minimum_unique_probe_asns,maximum_country_fallback_share",0.0,0.0,,,probe_country_service
LU,H-Root,all_publicly_visible,,,0.0,,,,,,,,,,,,,,,,,unknown_cross_layer_distribution_class,,False,False,False,False,False,insufficient_no_inter_region_projection_segments,"minimum_mappable_segments,minimum_unique_probes,minimum_unique_probe_asns,maximum_country_fallback_share",0.0,0.0,,,probe_country_service
LU,H-Root,resolved_entry_only,,,0.0,,,,,,,,,,,,,,,,,unknown_cross_layer_distribution_class,,False,False,False,False,False,insufficient_no_inter_region_projection_segments,"minimum_mappable_segments,minimum_unique_probes,minimum_unique_probe_asns,maximum_country_fallback_share",0.0,0.0,,,probe_country_service
LV,H-Root,all_publicly_visible,,,0.0,,,,,,,,,,,,,,,,,unknown_cross_layer_distribution_class,,False,False,False,False,False,insufficient_no_inter_region_projection_segments,"minimum_mappable_segments,minimum_unique_probes,minimum_unique_probe_asns,maximum_country_fallback_share",0.0,0.0,,,probe_country_service
LV,H-Root,resolved_entry_only,,,0.0,,,,,,,,,,,,,,,,,unknown_cross_layer_distribution_class,,False,False,False,False,False,insufficient_no_inter_region_projection_segments,"minimum_mappable_segments,minimum_unique_probes,minimum_unique_probe_asns,maximum_country_fallback_share",0.0,0.0,,,probe_country_service
MA,H-Root,all_publicly_visible,,,0.0,,,,,,,,,,,,,,,,,unknown_cross_layer_distribution_class,,False,False,False,False,False,insufficient_no_inter_region_projection_segments,"minimum_mappable_segments,minimum_unique_probes,minimum_unique_probe_asns,maximum_country_fallback_share",0.0,0.0,,,probe_country_service
MA,H-Root,resolved_entry_only,,,0.0,,,,,,,,,,,,,,,,,unknown_cross_layer_distribution_class,,False,False,False,False,False,insufficient_no_inter_region_projection_segments,"minimum_mappable_segments,minimum_unique_probes,minimum_unique_probe_asns,maximum_country_fallback_share",0.0,0.0,,,probe_country_service
MD,H-Root,all_publicly_visible,,,0.0,,,,,,,,,,,,,,,,,unknown_cross_layer_distribution_class,,False,False,False,False,False,insufficient_no_inter_region_projection_segments,"minimum_mappable_segments,minimum_unique_probes,minimum_unique_probe_asns,maximum_country_fallback_share",0.0,0.0,,,probe_country_service
MD,H-Root,resolved_entry_only,,,0.0,,,,,,,,,,,,,,,,,unknown_cross_layer_distribution_class,,False,False,False,False,False,insufficient_no_inter_region_projection_segments,"minimum_mappable_segments,minimum_unique_probes,minimum_unique_probe_asns,maximum_country_fallback_share",0.0,0.0,,,probe_country_service
ME,H-Root,all_publicly_visible,5015,dns-root_h-root_msm5015_20260701T000000Z_010000Z.json,2.0,1.0,1.0,1.0,-0.0,0.0,1.0,severe_network_transition_concentration,1.0,1.0,1.0,-0.0,0.0,1.0,0.0,0.0,severe_corridor_observation_concentration,network_and_physical_both_concentrated,0.0,False,False,False,True,False,"insufficient_minimum_mappable_segments,minimum_unique_probes,minimum_unique_probe_asns","minimum_mappable_segments,minimum_unique_probes,minimum_unique_probe_asns",1.0,1.0,1.0,0.0,probe_country_service
ME,H-Root,resolved_entry_only,5015,dns-root_h-root_msm5015_20260701T000000Z_010000Z.json,2.0,1.0,1.0,1.0,-0.0,0.0,1.0,severe_network_transition_concentration,1.0,1.0,1.0,-0.0,0.0,1.0,0.0,0.0,severe_corridor_observation_concentration,network_and_physical_both_concentrated,0.0,False,False,False,True,False,"insufficient_minimum_mappable_segments,minimum_unique_probes,minimum_unique_probe_asns","minimum_mappable_segments,minimum_unique_probes,minimum_unique_probe_asns",1.0,1.0,1.0,0.0,probe_country_service
MG,H-Root,all_publicly_visible,,,0.0,,,,,,,,,,,,,,,,,unknown_cross_layer_distribution_class,,False,False,False,False,False,insufficient_no_inter_region_projection_segments,"minimum_mappable_segments,minimum_unique_probes,minimum_unique_probe_asns,maximum_country_fallback_share",0.0,0.0,,,probe_country_service
MG,H-Root,resolved_entry_only,,,0.0,,,,,,,,,,,,,,,,,unknown_cross_layer_distribution_class,,False,False,False,False,False,insufficient_no_inter_region_projection_segments,"minimum_mappable_segments,minimum_unique_probes,minimum_unique_probe_asns,maximum_country_fallback_share",0.0,0.0,,,probe_country_service
MH,H-Root,all_publicly_visible,,,0.0,,,,,,,,,,,,,,,,,unknown_cross_layer_distribution_class,,False,False,False,False,False,insufficient_no_inter_region_projection_segments,"minimum_mappable_segments,minimum_unique_probes,minimum_unique_probe_asns,maximum_country_fallback_share",0.0,0.0,,,probe_country_service
MH,H-Root,resolved_entry_only,,,0.0,,,,,,,,,,,,,,,,,unknown_cross_layer_distribution_class,,False,False,False,False,False,insufficient_no_inter_region_projection_segments,"minimum_mappable_segments,minimum_unique_probes,minimum_unique_probe_asns,maximum_country_fallback_share",0.0,0.0,,,probe_country_service
MK,H-Root,all_publicly_visible,,,0.0,,,,,,,,,,,,,,,,,unknown_cross_layer_distribution_class,,False,False,False,False,False,insufficient_no_inter_region_projection_segments,"minimum_mappable_segments,minimum_unique_probes,minimum_unique_probe_asns,maximum_country_fallback_share",0.0,0.0,,,probe_country_service
MK,H-Root,resolved_entry_only,,,0.0,,,,,,,,,,,,,,,,,unknown_cross_layer_distribution_class,,False,False,False,False,False,insufficient_no_inter_region_projection_segments,"minimum_mappable_segments,minimum_unique_probes,minimum_unique_probe_asns,maximum_country_fallback_share",0.0,0.0,,,probe_country_service
ML,H-Root,all_publicly_visible,5015,dns-root_h-root_msm5015_20260701T000000Z_010000Z.json,4.0,0.5,1.0,1.0,0.6931471805599453,1.0,2.0,moderate_network_transition_concentration,0.5,1.0,1.0,0.6931471805599453,1.0,2.0,0.0,0.0,moderate_corridor_observation_concentration,network_and_physical_both_concentrated,0.0,False,False,False,True,False,"insufficient_minimum_mappable_segments,minimum_unique_probes,minimum_unique_probe_asns","minimum_mappable_segments,minimum_unique_probes,minimum_unique_probe_asns",1.0,1.0,0.5,0.5,probe_country_service
ML,H-Root,resolved_entry_only,5015,dns-root_h-root_msm5015_20260701T000000Z_010000Z.json,4.0,0.5,1.0,1.0,0.6931471805599453,1.0,2.0,moderate_network_transition_concentration,0.5,1.0,1.0,0.6931471805599453,1.0,2.0,0.0,0.0,moderate_corridor_observation_concentration,network_and_physical_both_concentrated,0.0,False,False,False,True,False,"insufficient_minimum_mappable_segments,minimum_unique_probes,minimum_unique_probe_asns","minimum_mappable_segments,minimum_unique_probes,minimum_unique_probe_asns",1.0,1.0,0.5,0.5,probe_country_service
MM,H-Root,all_publicly_visible,5015,dns-root_h-root_msm5015_20260701T000000Z_010000Z.json,7.0,0.5714285714285714,1.0,1.0,0.6829081047004717,0.9852281360342515,1.9796263300525183,moderate_network_transition_concentration,0.5714285714285714,1.0,1.0,0.6829081047004717,0.9852281360342515,1.9796263300525183,0.0,0.0,moderate_corridor_observation_concentration,network_and_physical_both_concentrated,0.0,False,False,False,True,False,"insufficient_minimum_mappable_segments,minimum_unique_probes,minimum_unique_probe_asns","minimum_mappable_segments,minimum_unique_probes,minimum_unique_probe_asns",2.0,2.0,0.0,1.0,probe_country_service
MM,H-Root,resolved_entry_only,5015,dns-root_h-root_msm5015_20260701T000000Z_010000Z.json,7.0,0.5714285714285714,1.0,1.0,0.6829081047004717,0.9852281360342515,1.9796263300525183,moderate_network_transition_concentration,0.5714285714285714,1.0,1.0,0.6829081047004717,0.9852281360342515,1.9796263300525183,0.0,0.0,moderate_corridor_observation_concentration,network_and_physical_both_concentrated,0.0,False,False,False,True,False,"insufficient_minimum_mappable_segments,minimum_unique_probes,minimum_unique_probe_asns","minimum_mappable_segments,minimum_unique_probes,minimum_unique_probe_asns",2.0,2.0,0.0,1.0,probe_country_service
MN,H-Root,all_publicly_visible,,,0.0,,,,,,,,,,,,,,,,,unknown_cross_layer_distribution_class,,False,False,False,False,False,insufficient_no_inter_region_projection_segments,"minimum_mappable_segments,minimum_unique_probes,minimum_unique_probe_asns,maximum_country_fallback_share",0.0,0.0,,,probe_country_service
MN,H-Root,resolved_entry_only,,,0.0,,,,,,,,,,,,,,,,,unknown_cross_layer_distribution_class,,False,False,False,False,False,insufficient_no_inter_region_projection_segments,"minimum_mappable_segments,minimum_unique_probes,minimum_unique_probe_asns,maximum_country_fallback_share",0.0,0.0,,,probe_country_service
MP,H-Root,all_publicly_visible,5015,dns-root_h-root_msm5015_20260701T000000Z_010000Z.json,4.0,1.0,1.0,1.0,-0.0,0.0,1.0,severe_network_transition_concentration,0.5,0.75,1.0,1.0397207708399179,0.946394630357186,2.82842712474619,0.946394630357186,-0.946394630357186,weak_corridor_observation_concentration,network_and_physical_both_concentrated,0.0,False,False,False,True,False,"insufficient_minimum_mappable_segments,minimum_unique_probes,minimum_unique_probe_asns","minimum_mappable_segments,minimum_unique_probes,minimum_unique_probe_asns",1.0,1.0,0.0,1.0,probe_country_service
MP,H-Root,resolved_entry_only,,,0.0,,,,,,,,,,,,,,,,,unknown_cross_layer_distribution_class,,False,False,False,False,False,insufficient_no_inter_region_projection_segments,"minimum_mappable_segments,minimum_unique_probes,minimum_unique_probe_asns,maximum_country_fallback_share",0.0,0.0,,,probe_country_service
MT,H-Root,all_publicly_visible,5015,dns-root_h-root_msm5015_20260701T000000Z_010000Z.json,26.0,0.3076923076923077,0.5384615384615385,0.6923076923076923,1.7782333057997077,0.9138311481971518,5.91938942435933,broad_network_transition_distribution,0.8461538461538461,0.9230769230769231,1.0,0.5359610497090694,0.4878527713892913,1.7090899736570637,-0.42597837680786055,0.42597837680786055,severe_corridor_observation_concentration,network_broad_physical_concentrated,0.0,False,False,False,True,False,"insufficient_minimum_mappable_segments,minimum_unique_probes,minimum_unique_probe_asns","minimum_mappable_segments,minimum_unique_probes,minimum_unique_probe_asns",8.0,2.0,0.8461538461538461,0.15384615384615385,probe_country_service
MT,H-Root,resolved_entry_only,5015,dns-root_h-root_msm5015_20260701T000000Z_010000Z.json,26.0,0.3076923076923077,0.5384615384615385,0.6923076923076923,1.7782333057997077,0.9138311481971518,5.91938942435933,broad_network_transition_distribution,0.8461538461538461,0.9230769230769231,1.0,0.5359610497090694,0.4878527713892913,1.7090899736570637,-0.42597837680786055,0.42597837680786055,severe_corridor_observation_concentration,network_broad_physical_concentrated,0.0,False,False,False,True,False,"insufficient_minimum_mappable_segments,minimum_unique_probes,minimum_unique_probe_asns","minimum_mappable_segments,minimum_unique_probes,minimum_unique_probe_asns",8.0,2.0,0.8461538461538461,0.15384615384615385,probe_country_service
MU,H-Root,all_publicly_visible,,,0.0,,,,,,,,,,,,,,,,,unknown_cross_layer_distribution_class,,False,False,False,False,False,insufficient_no_inter_region_projection_segments,"minimum_mappable_segments,minimum_unique_probes,minimum_unique_probe_asns,maximum_country_fallback_share",0.0,0.0,,,probe_country_service
MU,H-Root,resolved_entry_only,,,0.0,,,,,,,,,,,,,,,,,unknown_cross_layer_distribution_class,,False,False,False,False,False,insufficient_no_inter_region_projection_segments,"minimum_mappable_segments,minimum_unique_probes,minimum_unique_probe_asns,maximum_country_fallback_share",0.0,0.0,,,probe_country_service
MV,H-Root,all_publicly_visible,5015,dns-root_h-root_msm5015_20260701T000000Z_010000Z.json,3.0,0.6666666666666666,1.0,1.0,0.6365141682948128,0.9182958340544894,1.8898815748423097,moderate_network_transition_concentration,0.6666666666666666,1.0,1.0,0.6365141682948128,0.9182958340544894,1.8898815748423097,0.0,0.0,moderate_corridor_observation_concentration,network_and_physical_both_concentrated,0.0,False,False,False,True,False,"insufficient_minimum_mappable_segments,minimum_unique_probes,minimum_unique_probe_asns","minimum_mappable_segments,minimum_unique_probes,minimum_unique_probe_asns",1.0,1.0,0.0,1.0,probe_country_service
MV,H-Root,resolved_entry_only,5015,dns-root_h-root_msm5015_20260701T000000Z_010000Z.json,3.0,0.6666666666666666,1.0,1.0,0.6365141682948128,0.9182958340544894,1.8898815748423097,moderate_network_transition_concentration,0.6666666666666666,1.0,1.0,0.6365141682948128,0.9182958340544894,1.8898815748423097,0.0,0.0,moderate_corridor_observation_concentration,network_and_physical_both_concentrated,0.0,False,False,False,True,False,"insufficient_minimum_mappable_segments,minimum_unique_probes,minimum_unique_probe_asns","minimum_mappable_segments,minimum_unique_probes,minimum_unique_probe_asns",1.0,1.0,0.0,1.0,probe_country_service
MW,H-Root,all_publicly_visible,,,0.0,,,,,,,,,,,,,,,,,unknown_cross_layer_distribution_class,,False,False,False,False,False,insufficient_no_inter_region_projection_segments,"minimum_mappable_segments,minimum_unique_probes,minimum_unique_probe_asns,maximum_country_fallback_share",0.0,0.0,,,probe_country_service
MW,H-Root,resolved_entry_only,,,0.0,,,,,,,,,,,,,,,,,unknown_cross_layer_distribution_class,,False,False,False,False,False,insufficient_no_inter_region_projection_segments,"minimum_mappable_segments,minimum_unique_probes,minimum_unique_probe_asns,maximum_country_fallback_share",0.0,0.0,,,probe_country_service
MX,H-Root,all_publicly_visible,5015,dns-root_h-root_msm5015_20260701T000000Z_010000Z.json,4.0,1.0,1.0,1.0,-0.0,0.0,1.0,severe_network_transition_concentration,1.0,1.0,1.0,-0.0,0.0,1.0,0.0,0.0,severe_corridor_observation_concentration,network_and_physical_both_concentrated,0.0,False,False,False,True,False,"insufficient_minimum_mappable_segments,minimum_unique_probes,minimum_unique_probe_asns","minimum_mappable_segments,minimum_unique_probes,minimum_unique_probe_asns",2.0,2.0,0.0,1.0,probe_country_service
MX,H-Root,resolved_entry_only,5015,dns-root_h-root_msm5015_20260701T000000Z_010000Z.json,4.0,1.0,1.0,1.0,-0.0,0.0,1.0,severe_network_transition_concentration,1.0,1.0,1.0,-0.0,0.0,1.0,0.0,0.0,severe_corridor_observation_concentration,network_and_physical_both_concentrated,0.0,False,False,False,True,False,"insufficient_minimum_mappable_segments,minimum_unique_probes,minimum_unique_probe_asns","minimum_mappable_segments,minimum_unique_probes,minimum_unique_probe_asns",2.0,2.0,0.0,1.0,probe_country_service
MY,H-Root,all_publicly_visible,5015,dns-root_h-root_msm5015_20260701T000000Z_010000Z.json,8.0,0.5,0.75,0.875,1.2130075659799042,0.875,3.363585661014858,weak_network_transition_concentration,0.29166666666666663,0.5416666666666666,0.7083333333333333,1.5631321797763216,0.9712286306293442,4.773750096519176,0.09622863062934417,-0.09622863062934417,broad_corridor_observation_distribution,network_and_physical_both_broad,0.0,False,False,False,True,False,"insufficient_minimum_mappable_segments,minimum_unique_probes","minimum_mappable_segments,minimum_unique_probes",4.0,4.0,0.6250000000000001,0.37500000000000006,probe_country_service
MY,H-Root,resolved_entry_only,5015,dns-root_h-root_msm5015_20260701T000000Z_010000Z.json,8.0,0.5,0.75,0.875,1.2130075659799042,0.875,3.363585661014858,weak_network_transition_concentration,0.29166666666666663,0.5416666666666666,0.7083333333333333,1.5631321797763216,0.9712286306293442,4.773750096519176,0.09622863062934417,-0.09622863062934417,broad_corridor_observation_distribution,network_and_physical_both_broad,0.0,False,False,False,True,False,"insufficient_minimum_mappable_segments,minimum_unique_probes","minimum_mappable_segments,minimum_unique_probes",4.0,4.0,0.6250000000000001,0.37500000000000006,probe_country_service
MZ,H-Root,all_publicly_visible,,,0.0,,,,,,,,,,,,,,,,,unknown_cross_layer_distribution_class,,False,False,False,False,False,insufficient_no_inter_region_projection_segments,"minimum_mappable_segments,minimum_unique_probes,minimum_unique_probe_asns,maximum_country_fallback_share",0.0,0.0,,,probe_country_service
MZ,H-Root,resolved_entry_only,,,0.0,,,,,,,,,,,,,,,,,unknown_cross_layer_distribution_class,,False,False,False,False,False,insufficient_no_inter_region_projection_segments,"minimum_mappable_segments,minimum_unique_probes,minimum_unique_probe_asns,maximum_country_fallback_share",0.0,0.0,,,probe_country_service
NA,H-Root,all_publicly_visible,5015,dns-root_h-root_msm5015_20260701T000000Z_010000Z.json,534.0,0.22846441947565543,0.27340823970037453,0.30711610486891383,3.8914328365157083,0.8311242568281964,48.98101805947295,broad_network_transition_distribution,0.1104868913857678,0.16853932584269665,0.22284644194756556,4.12154583014191,0.8494476757060457,61.65447598524796,0.018323418877849385,-0.018323418877849385,broad_corridor_observation_distribution,network_and_physical_both_broad,0.06554307116104868,False,False,False,True,False,insufficient_minimum_unique_probe_asns,minimum_unique_probe_asns,206.0,0.0,0.6142322097378277,0.3857677902621723,probe_country_service
NA,H-Root,resolved_entry_only,5015,dns-root_h-root_msm5015_20260701T000000Z_010000Z.json,508.0,0.23228346456692914,0.2795275590551181,0.31496062992125984,3.8089793211656633,0.8289183841535928,45.104378279538636,broad_network_transition_distribution,0.11614173228346457,0.17716535433070868,0.234251968503937,4.046308631907513,0.8466633343414809,57.18597247775551,0.01774495018788813,-0.01774495018788813,broad_corridor_observation_distribution,network_and_physical_both_broad,0.05905511811023622,False,False,False,True,False,insufficient_minimum_unique_probe_asns,minimum_unique_probe_asns,194.0,0.0,0.6161417322834646,0.3838582677165356,probe_country_service
NC,H-Root,all_publicly_visible,,,0.0,,,,,,,,,,,,,,,,,unknown_cross_layer_distribution_class,,False,False,False,False,False,insufficient_no_inter_region_projection_segments,"minimum_mappable_segments,minimum_unique_probes,minimum_unique_probe_asns,maximum_country_fallback_share",0.0,0.0,,,probe_country_service
NC,H-Root,resolved_entry_only,,,0.0,,,,,,,,,,,,,,,,,unknown_cross_layer_distribution_class,,False,False,False,False,False,insufficient_no_inter_region_projection_segments,"minimum_mappable_segments,minimum_unique_probes,minimum_unique_probe_asns,maximum_country_fallback_share",0.0,0.0,,,probe_country_service
NG,H-Root,all_publicly_visible,5015,dns-root_h-root_msm5015_20260701T000000Z_010000Z.json,10.0,0.4,0.8,1.0,1.0549201679861442,0.9602297178607612,2.8717458874925876,moderate_network_transition_concentration,0.4,0.7,1.0,1.0888999753452238,0.9911594714322187,2.971004096610006,0.030929753571457552,-0.030929753571457552,weak_corridor_observation_concentration,network_and_physical_both_concentrated,0.0,False,False,False,True,False,"insufficient_minimum_mappable_segments,minimum_unique_probes","minimum_mappable_segments,minimum_unique_probes",5.0,4.0,0.0,1.0,probe_country_service
NG,H-Root,resolved_entry_only,5015,dns-root_h-root_msm5015_20260701T000000Z_010000Z.json,10.0,0.4,0.8,1.0,1.0549201679861442,0.9602297178607612,2.8717458874925876,moderate_network_transition_concentration,0.4,0.7,1.0,1.0888999753452238,0.9911594714322187,2.971004096610006,0.030929753571457552,-0.030929753571457552,weak_corridor_observation_concentration,network_and_physical_both_concentrated,0.0,False,False,False,True,False,"insufficient_minimum_mappable_segments,minimum_unique_probes","minimum_mappable_segments,minimum_unique_probes",5.0,4.0,0.0,1.0,probe_country_service
NI,H-Root,all_publicly_visible,,,0.0,,,,,,,,,,,,,,,,,unknown_cross_layer_distribution_class,,False,False,False,False,False,insufficient_no_inter_region_projection_segments,"minimum_mappable_segments,minimum_unique_probes,minimum_unique_probe_asns,maximum_country_fallback_share",0.0,0.0,,,probe_country_service
NI,H-Root,resolved_entry_only,,,0.0,,,,,,,,,,,,,,,,,unknown_cross_layer_distribution_class,,False,False,False,False,False,insufficient_no_inter_region_projection_segments,"minimum_mappable_segments,minimum_unique_probes,minimum_unique_probe_asns,maximum_country_fallback_share",0.0,0.0,,,probe_country_service
NL,H-Root,all_publicly_visible,5015,dns-root_h-root_msm5015_20260701T000000Z_010000Z.json,156.0,0.9551282051282052,0.9807692307692308,0.9935897435897436,0.22601324191958272,0.1630340916463098,1.253592265136244,severe_network_transition_concentration,0.9615384615384616,0.9743589743589743,0.9807692307692308,0.2230509529190353,0.12448710708649555,1.2498842573649058,-0.03854698455981426,0.03854698455981426,severe_corridor_observation_concentration,network_and_physical_both_concentrated,0.0,True,True,True,True,True,auditable,,118.0,19.0,0.02564102564102564,0.9743589743589743,probe_country_service
NL,H-Root,resolved_entry_only,5015,dns-root_h-root_msm5015_20260701T000000Z_010000Z.json,156.0,0.9551282051282052,0.9807692307692308,0.9935897435897436,0.22601324191958272,0.1630340916463098,1.253592265136244,severe_network_transition_concentration,0.9615384615384616,0.9743589743589743,0.9807692307692308,0.2230509529190353,0.12448710708649555,1.2498842573649058,-0.03854698455981426,0.03854698455981426,severe_corridor_observation_concentration,network_and_physical_both_concentrated,0.0,True,True,True,True,True,auditable,,118.0,19.0,0.02564102564102564,0.9743589743589743,probe_country_service
NO,H-Root,all_publicly_visible,5015,dns-root_h-root_msm5015_20260701T000000Z_010000Z.json,150.0,0.37333333333333335,0.6799999999999999,0.7333333333333333,1.8946370800546566,0.6833458799197998,6.650134500182999,broad_network_transition_distribution,0.32,0.4088888888888889,0.4955555555555556,2.8227531190409265,0.7415296540280463,16.823102979010745,0.05818377410824649,-0.05818377410824649,broad_corridor_observation_distribution,network_and_physical_both_broad,0.0,True,True,True,True,True,auditable,,61.0,22.0,0.9866666666666667,0.013333333333333334,probe_country_service
NO,H-Root,resolved_entry_only,5015,dns-root_h-root_msm5015_20260701T000000Z_010000Z.json,148.0,0.3783783783783784,0.6891891891891893,0.7432432432432432,1.8672065371230326,0.6734524028557134,6.470196876103463,broad_network_transition_distribution,0.32432432432432434,0.41216216216216217,0.49774774774774777,2.814709771018736,0.7394166881310682,16.6883316399195,0.0659642852753548,-0.0659642852753548,broad_corridor_observation_distribution,network_and_physical_both_broad,0.0,True,True,True,True,True,auditable,,60.0,22.0,0.9864864864864865,0.013513513513513514,probe_country_service
NP,H-Root,all_publicly_visible,,,0.0,,,,,,,,,,,,,,,,,unknown_cross_layer_distribution_class,,False,False,False,False,False,insufficient_no_inter_region_projection_segments,"minimum_mappable_segments,minimum_unique_probes,minimum_unique_probe_asns,maximum_country_fallback_share",0.0,0.0,,,probe_country_service
NP,H-Root,resolved_entry_only,,,0.0,,,,,,,,,,,,,,,,,unknown_cross_layer_distribution_class,,False,False,False,False,False,insufficient_no_inter_region_projection_segments,"minimum_mappable_segments,minimum_unique_probes,minimum_unique_probe_asns,maximum_country_fallback_share",0.0,0.0,,,probe_country_service
NZ,H-Root,all_publicly_visible,5015,dns-root_h-root_msm5015_20260701T000000Z_010000Z.json,162.0,0.6172839506172839,0.8271604938271604,0.9135802469135802,1.1498622494338724,0.5909123039376198,3.157757896790842,moderate_network_transition_concentration,0.2654320987654321,0.5308641975308642,0.6728395061728395,1.8312373569061036,0.7952962791594165,6.241604975405095,0.20438397522179663,-0.20438397522179663,broad_corridor_observation_distribution,network_concentrated_physical_broad,0.08641975308641975,True,True,True,True,True,auditable,,53.0,13.0,0.43209876543209874,0.5679012345679012,probe_country_service
NZ,H-Root,resolved_entry_only,5015,dns-root_h-root_msm5015_20260701T000000Z_010000Z.json,162.0,0.6172839506172839,0.8271604938271604,0.9135802469135802,1.1498622494338724,0.5909123039376198,3.157757896790842,moderate_network_transition_concentration,0.2654320987654321,0.5308641975308642,0.6728395061728395,1.8312373569061036,0.7952962791594165,6.241604975405095,0.20438397522179663,-0.20438397522179663,broad_corridor_observation_distribution,network_concentrated_physical_broad,0.08641975308641975,True,True,True,True,True,auditable,,53.0,13.0,0.43209876543209874,0.5679012345679012,probe_country_service
OM,H-Root,all_publicly_visible,,,0.0,,,,,,,,,,,,,,,,,unknown_cross_layer_distribution_class,,False,False,False,False,False,insufficient_no_inter_region_projection_segments,"minimum_mappable_segments,minimum_unique_probes,minimum_unique_probe_asns,maximum_country_fallback_share",0.0,0.0,,,probe_country_service
OM,H-Root,resolved_entry_only,,,0.0,,,,,,,,,,,,,,,,,unknown_cross_layer_distribution_class,,False,False,False,False,False,insufficient_no_inter_region_projection_segments,"minimum_mappable_segments,minimum_unique_probes,minimum_unique_probe_asns,maximum_country_fallback_share",0.0,0.0,,,probe_country_service
PA,H-Root,all_publicly_visible,5015,dns-root_h-root_msm5015_20260701T000000Z_010000Z.json,14.0,0.2857142857142857,0.5714285714285714,0.7142857142857142,1.549826045878202,0.9629610647945147,4.710650674213248,broad_network_transition_distribution,0.2857142857142857,0.42857142857142855,0.5714285714285714,1.8468891232610356,0.9491132589845684,6.3400656498473476,-0.013847805809946268,0.013847805809946268,broad_corridor_observation_distribution,network_and_physical_both_broad,0.0,False,False,False,True,False,"insufficient_minimum_mappable_segments,minimum_unique_probes","minimum_mappable_segments,minimum_unique_probes",6.0,5.0,0.42857142857142855,0.5714285714285714,probe_country_service
PA,H-Root,resolved_entry_only,5015,dns-root_h-root_msm5015_20260701T000000Z_010000Z.json,8.0,0.5,0.75,1.0,1.0397207708399179,0.946394630357186,2.82842712474619,weak_network_transition_concentration,0.25,0.5,0.75,1.3862943611198906,1.0,4.0,0.05360536964281404,-0.05360536964281404,weak_corridor_observation_concentration,network_and_physical_both_concentrated,0.0,False,False,False,True,False,"insufficient_minimum_mappable_segments,minimum_unique_probes","minimum_mappable_segments,minimum_unique_probes",4.0,4.0,0.25,0.75,probe_country_service
PE,H-Root,all_publicly_visible,5015,dns-root_h-root_msm5015_20260701T000000Z_010000Z.json,32.0,0.5,0.6875,0.875,1.3642100419343188,0.761380121251466,3.912631016434835,weak_network_transition_concentration,0.75,0.9375,0.96875,0.7462406295585069,0.5382988277869579,2.1090563702358125,-0.2230812934645081,0.2230812934645081,moderate_corridor_observation_concentration,network_broad_physical_concentrated,0.0,True,True,True,True,True,auditable,,16.0,12.0,0.03125,0.96875,probe_country_service
PE,H-Root,resolved_entry_only,5015,dns-root_h-root_msm5015_20260701T000000Z_010000Z.json,30.0,0.5333333333333333,0.7333333333333334,0.9333333333333333,1.1595697967390537,0.836452797660028,3.1885612515644772,weak_network_transition_concentration,0.8,1.0,1.0,0.5004024235381879,0.7219280948873623,1.6493848884661177,-0.11452470277266569,0.11452470277266569,severe_corridor_observation_concentration,network_broad_physical_concentrated,0.0,True,True,True,True,True,auditable,,15.0,11.0,0.0,1.0,probe_country_service
PF,H-Root,all_publicly_visible,,,0.0,,,,,,,,,,,,,,,,,unknown_cross_layer_distribution_class,,False,False,False,False,False,insufficient_no_inter_region_projection_segments,"minimum_mappable_segments,minimum_unique_probes,minimum_unique_probe_asns,maximum_country_fallback_share",0.0,0.0,,,probe_country_service
PF,H-Root,resolved_entry_only,,,0.0,,,,,,,,,,,,,,,,,unknown_cross_layer_distribution_class,,False,False,False,False,False,insufficient_no_inter_region_projection_segments,"minimum_mappable_segments,minimum_unique_probes,minimum_unique_probe_asns,maximum_country_fallback_share",0.0,0.0,,,probe_country_service
PG,H-Root,all_publicly_visible,,,0.0,,,,,,,,,,,,,,,,,unknown_cross_layer_distribution_class,,False,False,False,False,False,insufficient_no_inter_region_projection_segments,"minimum_mappable_segments,minimum_unique_probes,minimum_unique_probe_asns,maximum_country_fallback_share",0.0,0.0,,,probe_country_service
PG,H-Root,resolved_entry_only,,,0.0,,,,,,,,,,,,,,,,,unknown_cross_layer_distribution_class,,False,False,False,False,False,insufficient_no_inter_region_projection_segments,"minimum_mappable_segments,minimum_unique_probes,minimum_unique_probe_asns,maximum_country_fallback_share",0.0,0.0,,,probe_country_service
PH,H-Root,all_publicly_visible,5015,dns-root_h-root_msm5015_20260701T000000Z_010000Z.json,157.0,0.31210191082802546,0.4267515923566879,0.5159235668789809,2.528505579367855,0.7671816543618133,12.534759928940451,broad_network_transition_distribution,0.43260539884743704,0.5599939338792842,0.6746436154079466,2.17584444817402,0.5561941852476114,8.80962125061207,-0.21098746911420185,0.21098746911420185,broad_corridor_observation_distribution,network_and_physical_both_broad,0.0,True,True,True,True,True,auditable,,44.0,26.0,0.6178343949044586,0.3821656050955414,probe_country_service
PH,H-Root,resolved_entry_only,5015,dns-root_h-root_msm5015_20260701T000000Z_010000Z.json,157.0,0.31210191082802546,0.4267515923566879,0.5159235668789809,2.528505579367855,0.7671816543618133,12.534759928940451,broad_network_transition_distribution,0.43260539884743704,0.5599939338792842,0.6746436154079466,2.17584444817402,0.5561941852476114,8.80962125061207,-0.21098746911420185,0.21098746911420185,broad_corridor_observation_distribution,network_and_physical_both_broad,0.0,True,True,True,True,True,auditable,,44.0,26.0,0.6178343949044586,0.3821656050955414,probe_country_service
PK,H-Root,all_publicly_visible,5015,dns-root_h-root_msm5015_20260701T000000Z_010000Z.json,4.0,1.0,1.0,1.0,-0.0,0.0,1.0,severe_network_transition_concentration,0.5,1.0,1.0,0.6931471805599453,1.0,2.0,1.0,-1.0,moderate_corridor_observation_concentration,network_and_physical_both_concentrated,0.0,False,False,False,True,False,"insufficient_minimum_mappable_segments,minimum_unique_probes,minimum_unique_probe_asns","minimum_mappable_segments,minimum_unique_probes,minimum_unique_probe_asns",1.0,1.0,1.0,0.0,probe_country_service
PK,H-Root,resolved_entry_only,5015,dns-root_h-root_msm5015_20260701T000000Z_010000Z.json,4.0,1.0,1.0,1.0,-0.0,0.0,1.0,severe_network_transition_concentration,0.5,1.0,1.0,0.6931471805599453,1.0,2.0,1.0,-1.0,moderate_corridor_observation_concentration,network_and_physical_both_concentrated,0.0,False,False,False,True,False,"insufficient_minimum_mappable_segments,minimum_unique_probes,minimum_unique_probe_asns","minimum_mappable_segments,minimum_unique_probes,minimum_unique_probe_asns",1.0,1.0,1.0,0.0,probe_country_service
PL,H-Root,all_publicly_visible,,,0.0,,,,,,,,,,,,,,,,,unknown_cross_layer_distribution_class,,False,False,False,False,False,insufficient_no_inter_region_projection_segments,"minimum_mappable_segments,minimum_unique_probes,minimum_unique_probe_asns,maximum_country_fallback_share",0.0,0.0,,,probe_country_service
PL,H-Root,resolved_entry_only,,,0.0,,,,,,,,,,,,,,,,,unknown_cross_layer_distribution_class,,False,False,False,False,False,insufficient_no_inter_region_projection_segments,"minimum_mappable_segments,minimum_unique_probes,minimum_unique_probe_asns,maximum_country_fallback_share",0.0,0.0,,,probe_country_service
PR,H-Root,all_publicly_visible,5015,dns-root_h-root_msm5015_20260701T000000Z_010000Z.json,2.0,1.0,1.0,1.0,-0.0,0.0,1.0,severe_network_transition_concentration,0.5,1.0,1.0,0.6931471805599453,1.0,2.0,1.0,-1.0,moderate_corridor_observation_concentration,network_and_physical_both_concentrated,0.0,False,False,False,True,False,"insufficient_minimum_mappable_segments,minimum_unique_probes,minimum_unique_probe_asns","minimum_mappable_segments,minimum_unique_probes,minimum_unique_probe_asns",1.0,1.0,0.0,1.0,probe_country_service
PR,H-Root,resolved_entry_only,5015,dns-root_h-root_msm5015_20260701T000000Z_010000Z.json,2.0,1.0,1.0,1.0,-0.0,0.0,1.0,severe_network_transition_concentration,0.5,1.0,1.0,0.6931471805599453,1.0,2.0,1.0,-1.0,moderate_corridor_observation_concentration,network_and_physical_both_concentrated,0.0,False,False,False,True,False,"insufficient_minimum_mappable_segments,minimum_unique_probes,minimum_unique_probe_asns","minimum_mappable_segments,minimum_unique_probes,minimum_unique_probe_asns",1.0,1.0,0.0,1.0,probe_country_service
PS,H-Root,all_publicly_visible,,,0.0,,,,,,,,,,,,,,,,,unknown_cross_layer_distribution_class,,False,False,False,False,False,insufficient_no_inter_region_projection_segments,"minimum_mappable_segments,minimum_unique_probes,minimum_unique_probe_asns,maximum_country_fallback_share",0.0,0.0,,,probe_country_service
PS,H-Root,resolved_entry_only,,,0.0,,,,,,,,,,,,,,,,,unknown_cross_layer_distribution_class,,False,False,False,False,False,insufficient_no_inter_region_projection_segments,"minimum_mappable_segments,minimum_unique_probes,minimum_unique_probe_asns,maximum_country_fallback_share",0.0,0.0,,,probe_country_service
PT,H-Root,all_publicly_visible,5015,dns-root_h-root_msm5015_20260701T000000Z_010000Z.json,20.0,0.4,0.7,0.8,1.4184836619456564,0.881353453268883,4.130851920890753,weak_network_transition_concentration,0.5,0.9,1.0,0.9433483923290391,0.8586727110732548,2.568567607415555,-0.022680742195628212,0.022680742195628212,moderate_corridor_observation_concentration,network_broad_physical_concentrated,0.0,False,False,False,True,False,insufficient_minimum_mappable_segments,minimum_mappable_segments,10.0,6.0,1.0,0.0,probe_country_service
PT,H-Root,resolved_entry_only,5015,dns-root_h-root_msm5015_20260701T000000Z_010000Z.json,20.0,0.4,0.7,0.8,1.4184836619456564,0.881353453268883,4.130851920890753,weak_network_transition_concentration,0.5,0.9,1.0,0.9433483923290391,0.8586727110732548,2.568567607415555,-0.022680742195628212,0.022680742195628212,moderate_corridor_observation_concentration,network_broad_physical_concentrated,0.0,False,False,False,True,False,insufficient_minimum_mappable_segments,minimum_mappable_segments,10.0,6.0,1.0,0.0,probe_country_service
PW,H-Root,all_publicly_visible,5015,dns-root_h-root_msm5015_20260701T000000Z_010000Z.json,2.0,0.5,1.0,1.0,0.6931471805599453,1.0,2.0,moderate_network_transition_concentration,0.5,1.0,1.0,0.6931471805599453,1.0,2.0,0.0,0.0,moderate_corridor_observation_concentration,network_and_physical_both_concentrated,0.0,False,False,False,True,False,"insufficient_minimum_mappable_segments,minimum_unique_probes,minimum_unique_probe_asns","minimum_mappable_segments,minimum_unique_probes,minimum_unique_probe_asns",1.0,1.0,0.0,1.0,probe_country_service
PW,H-Root,resolved_entry_only,5015,dns-root_h-root_msm5015_20260701T000000Z_010000Z.json,2.0,0.5,1.0,1.0,0.6931471805599453,1.0,2.0,moderate_network_transition_concentration,0.5,1.0,1.0,0.6931471805599453,1.0,2.0,0.0,0.0,moderate_corridor_observation_concentration,network_and_physical_both_concentrated,0.0,False,False,False,True,False,"insufficient_minimum_mappable_segments,minimum_unique_probes,minimum_unique_probe_asns","minimum_mappable_segments,minimum_unique_probes,minimum_unique_probe_asns",1.0,1.0,0.0,1.0,probe_country_service
PY,H-Root,all_publicly_visible,,,0.0,,,,,,,,,,,,,,,,,unknown_cross_layer_distribution_class,,False,False,False,False,False,insufficient_no_inter_region_projection_segments,"minimum_mappable_segments,minimum_unique_probes,minimum_unique_probe_asns,maximum_country_fallback_share",0.0,0.0,,,probe_country_service
PY,H-Root,resolved_entry_only,,,0.0,,,,,,,,,,,,,,,,,unknown_cross_layer_distribution_class,,False,False,False,False,False,insufficient_no_inter_region_projection_segments,"minimum_mappable_segments,minimum_unique_probes,minimum_unique_probe_asns,maximum_country_fallback_share",0.0,0.0,,,probe_country_service
QA,H-Root,all_publicly_visible,5015,dns-root_h-root_msm5015_20260701T000000Z_010000Z.json,2.0,1.0,1.0,1.0,-0.0,0.0,1.0,severe_network_transition_concentration,1.0,1.0,1.0,-0.0,0.0,1.0,0.0,0.0,severe_corridor_observation_concentration,network_and_physical_both_concentrated,0.0,False,False,False,True,False,"insufficient_minimum_mappable_segments,minimum_unique_probes,minimum_unique_probe_asns","minimum_mappable_segments,minimum_unique_probes,minimum_unique_probe_asns",1.0,1.0,0.0,1.0,probe_country_service
QA,H-Root,resolved_entry_only,5015,dns-root_h-root_msm5015_20260701T000000Z_010000Z.json,2.0,1.0,1.0,1.0,-0.0,0.0,1.0,severe_network_transition_concentration,1.0,1.0,1.0,-0.0,0.0,1.0,0.0,0.0,severe_corridor_observation_concentration,network_and_physical_both_concentrated,0.0,False,False,False,True,False,"insufficient_minimum_mappable_segments,minimum_unique_probes,minimum_unique_probe_asns","minimum_mappable_segments,minimum_unique_probes,minimum_unique_probe_asns",1.0,1.0,0.0,1.0,probe_country_service
RE,H-Root,all_publicly_visible,,,0.0,,,,,,,,,,,,,,,,,unknown_cross_layer_distribution_class,,False,False,False,False,False,insufficient_no_inter_region_projection_segments,"minimum_mappable_segments,minimum_unique_probes,minimum_unique_probe_asns,maximum_country_fallback_share",0.0,0.0,,,probe_country_service
RE,H-Root,resolved_entry_only,,,0.0,,,,,,,,,,,,,,,,,unknown_cross_layer_distribution_class,,False,False,False,False,False,insufficient_no_inter_region_projection_segments,"minimum_mappable_segments,minimum_unique_probes,minimum_unique_probe_asns,maximum_country_fallback_share",0.0,0.0,,,probe_country_service
RO,H-Root,all_publicly_visible,5015,dns-root_h-root_msm5015_20260701T000000Z_010000Z.json,6.0,0.6666666666666666,1.0,1.0,0.6365141682948128,0.9182958340544894,1.8898815748423097,moderate_network_transition_concentration,0.5,0.8333333333333333,1.0,1.0114042647073518,0.920619835714305,2.7494592739972052,0.0023240016598155,-0.0023240016598155,moderate_corridor_observation_concentration,network_and_physical_both_concentrated,0.0,False,False,False,True,False,"insufficient_minimum_mappable_segments,minimum_unique_probes,minimum_unique_probe_asns","minimum_mappable_segments,minimum_unique_probes,minimum_unique_probe_asns",1.0,1.0,0.6666666666666666,0.3333333333333333,probe_country_service
RO,H-Root,resolved_entry_only,5015,dns-root_h-root_msm5015_20260701T000000Z_010000Z.json,6.0,0.6666666666666666,1.0,1.0,0.6365141682948128,0.9182958340544894,1.8898815748423097,moderate_network_transition_concentration,0.5,0.8333333333333333,1.0,1.0114042647073518,0.920619835714305,2.7494592739972052,0.0023240016598155,-0.0023240016598155,moderate_corridor_observation_concentration,network_and_physical_both_concentrated,0.0,False,False,False,True,False,"insufficient_minimum_mappable_segments,minimum_unique_probes,minimum_unique_probe_asns","minimum_mappable_segments,minimum_unique_probes,minimum_unique_probe_asns",1.0,1.0,0.6666666666666666,0.3333333333333333,probe_country_service
RS,H-Root,all_publicly_visible,,,0.0,,,,,,,,,,,,,,,,,unknown_cross_layer_distribution_class,,False,False,False,False,False,insufficient_no_inter_region_projection_segments,"minimum_mappable_segments,minimum_unique_probes,minimum_unique_probe_asns,maximum_country_fallback_share",0.0,0.0,,,probe_country_service
RS,H-Root,resolved_entry_only,,,0.0,,,,,,,,,,,,,,,,,unknown_cross_layer_distribution_class,,False,False,False,False,False,insufficient_no_inter_region_projection_segments,"minimum_mappable_segments,minimum_unique_probes,minimum_unique_probe_asns,maximum_country_fallback_share",0.0,0.0,,,probe_country_service
RU,H-Root,all_publicly_visible,5015,dns-root_h-root_msm5015_20260701T000000Z_010000Z.json,122.0,0.9590163934426229,1.0,1.0,0.17105760265532244,0.24678395505718848,1.186559096007836,severe_network_transition_concentration,0.47540983606557374,0.7131147540983607,0.9508196721311475,1.2125219043027782,0.676721359717535,3.3619524929772373,0.4299374046603465,-0.4299374046603465,weak_corridor_observation_concentration,network_and_physical_both_concentrated,0.0,True,True,True,True,True,auditable,,34.0,28.0,0.9508196721311475,0.04918032786885246,probe_country_service
RU,H-Root,resolved_entry_only,5015,dns-root_h-root_msm5015_20260701T000000Z_010000Z.json,122.0,0.9590163934426229,1.0,1.0,0.17105760265532244,0.24678395505718848,1.186559096007836,severe_network_transition_concentration,0.47540983606557374,0.7131147540983607,0.9508196721311475,1.2125219043027782,0.676721359717535,3.3619524929772373,0.4299374046603465,-0.4299374046603465,weak_corridor_observation_concentration,network_and_physical_both_concentrated,0.0,True,True,True,True,True,auditable,,34.0,28.0,0.9508196721311475,0.04918032786885246,probe_country_service
RW,H-Root,all_publicly_visible,,,0.0,,,,,,,,,,,,,,,,,unknown_cross_layer_distribution_class,,False,False,False,False,False,insufficient_no_inter_region_projection_segments,"minimum_mappable_segments,minimum_unique_probes,minimum_unique_probe_asns,maximum_country_fallback_share",0.0,0.0,,,probe_country_service
RW,H-Root,resolved_entry_only,,,0.0,,,,,,,,,,,,,,,,,unknown_cross_layer_distribution_class,,False,False,False,False,False,insufficient_no_inter_region_projection_segments,"minimum_mappable_segments,minimum_unique_probes,minimum_unique_probe_asns,maximum_country_fallback_share",0.0,0.0,,,probe_country_service
SA,H-Root,all_publicly_visible,5015,dns-root_h-root_msm5015_20260701T000000Z_010000Z.json,4.0,1.0,1.0,1.0,-0.0,0.0,1.0,severe_network_transition_concentration,1.0,1.0,1.0,-0.0,0.0,1.0,0.0,0.0,severe_corridor_observation_concentration,network_and_physical_both_concentrated,0.0,False,False,False,True,False,"insufficient_minimum_mappable_segments,minimum_unique_probes,minimum_unique_probe_asns","minimum_mappable_segments,minimum_unique_probes,minimum_unique_probe_asns",2.0,1.0,1.0,0.0,probe_country_service
SA,H-Root,resolved_entry_only,,,0.0,,,,,,,,,,,,,,,,,unknown_cross_layer_distribution_class,,False,False,False,False,False,insufficient_no_inter_region_projection_segments,"minimum_mappable_segments,minimum_unique_probes,minimum_unique_probe_asns,maximum_country_fallback_share",0.0,0.0,,,probe_country_service
SE,H-Root,all_publicly_visible,5015,dns-root_h-root_msm5015_20260701T000000Z_010000Z.json,363.0,0.6336088154269972,0.7878787878787878,0.8539944903581267,1.3770064858374027,0.508486321736925,3.963020495219139,weak_network_transition_concentration,0.4012855831037649,0.660238751147842,0.9026629935720845,1.449986716642994,0.58351758073757,4.263057887072861,0.075031259000645,-0.075031259000645,weak_corridor_observation_concentration,network_and_physical_both_concentrated,0.0,True,True,True,True,True,auditable,,110.0,34.0,1.0,0.0,probe_country_service
SE,H-Root,resolved_entry_only,5015,dns-root_h-root_msm5015_20260701T000000Z_010000Z.json,363.0,0.6336088154269972,0.7878787878787878,0.8539944903581267,1.3770064858374027,0.508486321736925,3.963020495219139,weak_network_transition_concentration,0.4012855831037649,0.660238751147842,0.9026629935720845,1.449986716642994,0.58351758073757,4.263057887072861,0.075031259000645,-0.075031259000645,weak_corridor_observation_concentration,network_and_physical_both_concentrated,0.0,True,True,True,True,True,auditable,,110.0,34.0,1.0,0.0,probe_country_service
SG,H-Root,all_publicly_visible,5015,dns-root_h-root_msm5015_20260701T000000Z_010000Z.json,89.0,0.2808988764044944,0.5056179775280899,0.6629213483146068,2.0512711393755594,0.8254922330988022,7.777781469597475,broad_network_transition_distribution,0.8764044943820225,0.901123595505618,0.9258426966292135,0.5880080481876625,0.2827720983743798,1.8003985340267368,-0.5427201347244224,0.5427201347244224,severe_corridor_observation_concentration,network_broad_physical_concentrated,0.0449438202247191,True,True,True,True,True,auditable,,52.0,24.0,0.12359550561797751,0.8764044943820223,probe_country_service
SG,H-Root,resolved_entry_only,5015,dns-root_h-root_msm5015_20260701T000000Z_010000Z.json,89.0,0.2808988764044944,0.5056179775280899,0.6629213483146068,2.0512711393755594,0.8254922330988022,7.777781469597475,broad_network_transition_distribution,0.8764044943820225,0.901123595505618,0.9258426966292135,0.5880080481876625,0.2827720983743798,1.8003985340267368,-0.5427201347244224,0.5427201347244224,severe_corridor_observation_concentration,network_broad_physical_concentrated,0.0449438202247191,True,True,True,True,True,auditable,,52.0,24.0,0.12359550561797751,0.8764044943820223,probe_country_service
SI,H-Root,all_publicly_visible,,,0.0,,,,,,,,,,,,,,,,,unknown_cross_layer_distribution_class,,False,False,False,False,False,insufficient_no_inter_region_projection_segments,"minimum_mappable_segments,minimum_unique_probes,minimum_unique_probe_asns,maximum_country_fallback_share",0.0,0.0,,,probe_country_service
SI,H-Root,resolved_entry_only,,,0.0,,,,,,,,,,,,,,,,,unknown_cross_layer_distribution_class,,False,False,False,False,False,insufficient_no_inter_region_projection_segments,"minimum_mappable_segments,minimum_unique_probes,minimum_unique_probe_asns,maximum_country_fallback_share",0.0,0.0,,,probe_country_service
SK,H-Root,all_publicly_visible,,,0.0,,,,,,,,,,,,,,,,,unknown_cross_layer_distribution_class,,False,False,False,False,False,insufficient_no_inter_region_projection_segments,"minimum_mappable_segments,minimum_unique_probes,minimum_unique_probe_asns,maximum_country_fallback_share",0.0,0.0,,,probe_country_service
SK,H-Root,resolved_entry_only,,,0.0,,,,,,,,,,,,,,,,,unknown_cross_layer_distribution_class,,False,False,False,False,False,insufficient_no_inter_region_projection_segments,"minimum_mappable_segments,minimum_unique_probes,minimum_unique_probe_asns,maximum_country_fallback_share",0.0,0.0,,,probe_country_service
SL,H-Root,all_publicly_visible,5015,dns-root_h-root_msm5015_20260701T000000Z_010000Z.json,2.0,1.0,1.0,1.0,-0.0,0.0,1.0,severe_network_transition_concentration,1.0,1.0,1.0,-0.0,0.0,1.0,0.0,0.0,severe_corridor_observation_concentration,network_and_physical_both_concentrated,0.0,False,False,False,True,False,"insufficient_minimum_mappable_segments,minimum_unique_probes,minimum_unique_probe_asns","minimum_mappable_segments,minimum_unique_probes,minimum_unique_probe_asns",1.0,1.0,0.0,1.0,probe_country_service
SL,H-Root,resolved_entry_only,5015,dns-root_h-root_msm5015_20260701T000000Z_010000Z.json,2.0,1.0,1.0,1.0,-0.0,0.0,1.0,severe_network_transition_concentration,1.0,1.0,1.0,-0.0,0.0,1.0,0.0,0.0,severe_corridor_observation_concentration,network_and_physical_both_concentrated,0.0,False,False,False,True,False,"insufficient_minimum_mappable_segments,minimum_unique_probes,minimum_unique_probe_asns","minimum_mappable_segments,minimum_unique_probes,minimum_unique_probe_asns",1.0,1.0,0.0,1.0,probe_country_service
SM,H-Root,all_publicly_visible,,,0.0,,,,,,,,,,,,,,,,,unknown_cross_layer_distribution_class,,False,False,False,False,False,insufficient_no_inter_region_projection_segments,"minimum_mappable_segments,minimum_unique_probes,minimum_unique_probe_asns,maximum_country_fallback_share",0.0,0.0,,,probe_country_service
SM,H-Root,resolved_entry_only,,,0.0,,,,,,,,,,,,,,,,,unknown_cross_layer_distribution_class,,False,False,False,False,False,insufficient_no_inter_region_projection_segments,"minimum_mappable_segments,minimum_unique_probes,minimum_unique_probe_asns,maximum_country_fallback_share",0.0,0.0,,,probe_country_service
SN,H-Root,all_publicly_visible,,,0.0,,,,,,,,,,,,,,,,,unknown_cross_layer_distribution_class,,False,False,False,False,False,insufficient_no_inter_region_projection_segments,"minimum_mappable_segments,minimum_unique_probes,minimum_unique_probe_asns,maximum_country_fallback_share",0.0,0.0,,,probe_country_service
SN,H-Root,resolved_entry_only,,,0.0,,,,,,,,,,,,,,,,,unknown_cross_layer_distribution_class,,False,False,False,False,False,insufficient_no_inter_region_projection_segments,"minimum_mappable_segments,minimum_unique_probes,minimum_unique_probe_asns,maximum_country_fallback_share",0.0,0.0,,,probe_country_service
SS,H-Root,all_publicly_visible,,,0.0,,,,,,,,,,,,,,,,,unknown_cross_layer_distribution_class,,False,False,False,False,False,insufficient_no_inter_region_projection_segments,"minimum_mappable_segments,minimum_unique_probes,minimum_unique_probe_asns,maximum_country_fallback_share",0.0,0.0,,,probe_country_service
SS,H-Root,resolved_entry_only,,,0.0,,,,,,,,,,,,,,,,,unknown_cross_layer_distribution_class,,False,False,False,False,False,insufficient_no_inter_region_projection_segments,"minimum_mappable_segments,minimum_unique_probes,minimum_unique_probe_asns,maximum_country_fallback_share",0.0,0.0,,,probe_country_service
SV,H-Root,all_publicly_visible,5015,dns-root_h-root_msm5015_20260701T000000Z_010000Z.json,4.0,1.0,1.0,1.0,-0.0,0.0,1.0,severe_network_transition_concentration,0.5,0.75,1.0,1.0397207708399179,0.946394630357186,2.82842712474619,0.946394630357186,-0.946394630357186,weak_corridor_observation_concentration,network_and_physical_both_concentrated,0.0,False,False,False,True,False,"insufficient_minimum_mappable_segments,minimum_unique_probes,minimum_unique_probe_asns","minimum_mappable_segments,minimum_unique_probes,minimum_unique_probe_asns",2.0,2.0,0.0,1.0,probe_country_service
SV,H-Root,resolved_entry_only,5015,dns-root_h-root_msm5015_20260701T000000Z_010000Z.json,4.0,1.0,1.0,1.0,-0.0,0.0,1.0,severe_network_transition_concentration,0.5,0.75,1.0,1.0397207708399179,0.946394630357186,2.82842712474619,0.946394630357186,-0.946394630357186,weak_corridor_observation_concentration,network_and_physical_both_concentrated,0.0,False,False,False,True,False,"insufficient_minimum_mappable_segments,minimum_unique_probes,minimum_unique_probe_asns","minimum_mappable_segments,minimum_unique_probes,minimum_unique_probe_asns",2.0,2.0,0.0,1.0,probe_country_service
SY,H-Root,all_publicly_visible,,,0.0,,,,,,,,,,,,,,,,,unknown_cross_layer_distribution_class,,False,False,False,False,False,insufficient_no_inter_region_projection_segments,"minimum_mappable_segments,minimum_unique_probes,minimum_unique_probe_asns,maximum_country_fallback_share",0.0,0.0,,,probe_country_service
SY,H-Root,resolved_entry_only,,,0.0,,,,,,,,,,,,,,,,,unknown_cross_layer_distribution_class,,False,False,False,False,False,insufficient_no_inter_region_projection_segments,"minimum_mappable_segments,minimum_unique_probes,minimum_unique_probe_asns,maximum_country_fallback_share",0.0,0.0,,,probe_country_service
TD,H-Root,all_publicly_visible,,,0.0,,,,,,,,,,,,,,,,,unknown_cross_layer_distribution_class,,False,False,False,False,False,insufficient_no_inter_region_projection_segments,"minimum_mappable_segments,minimum_unique_probes,minimum_unique_probe_asns,maximum_country_fallback_share",0.0,0.0,,,probe_country_service
TD,H-Root,resolved_entry_only,,,0.0,,,,,,,,,,,,,,,,,unknown_cross_layer_distribution_class,,False,False,False,False,False,insufficient_no_inter_region_projection_segments,"minimum_mappable_segments,minimum_unique_probes,minimum_unique_probe_asns,maximum_country_fallback_share",0.0,0.0,,,probe_country_service
TG,H-Root,all_publicly_visible,,,0.0,,,,,,,,,,,,,,,,,unknown_cross_layer_distribution_class,,False,False,False,False,False,insufficient_no_inter_region_projection_segments,"minimum_mappable_segments,minimum_unique_probes,minimum_unique_probe_asns,maximum_country_fallback_share",0.0,0.0,,,probe_country_service
TG,H-Root,resolved_entry_only,,,0.0,,,,,,,,,,,,,,,,,unknown_cross_layer_distribution_class,,False,False,False,False,False,insufficient_no_inter_region_projection_segments,"minimum_mappable_segments,minimum_unique_probes,minimum_unique_probe_asns,maximum_country_fallback_share",0.0,0.0,,,probe_country_service
TH,H-Root,all_publicly_visible,5015,dns-root_h-root_msm5015_20260701T000000Z_010000Z.json,71.0,0.352112676056338,0.45070422535211263,0.5352112676056338,2.2283702252836015,0.8228688760557789,9.28472173716661,broad_network_transition_distribution,0.4507042253521127,0.6056338028169014,0.7323943661971831,1.7135344916077249,0.7145993868230996,5.5485381219282885,-0.1082694892326792,0.1082694892326792,broad_corridor_observation_distribution,network_and_physical_both_broad,0.352112676056338,False,True,True,False,False,insufficient_maximum_country_fallback_share,maximum_country_fallback_share,29.0,19.0,0.22535211267605634,0.7746478873239436,probe_country_service
TH,H-Root,resolved_entry_only,5015,dns-root_h-root_msm5015_20260701T000000Z_010000Z.json,69.0,0.34782608695652173,0.4492753623188406,0.536231884057971,2.2016806845763406,0.8342678500649768,9.040194454048551,broad_network_transition_distribution,0.4492753623188406,0.6086956521739131,0.7391304347826086,1.7210646502110862,0.7177397068732633,5.590477199783722,-0.11652814319171356,0.11652814319171356,broad_corridor_observation_distribution,network_and_physical_both_broad,0.34782608695652173,False,True,True,False,False,insufficient_maximum_country_fallback_share,maximum_country_fallback_share,28.0,18.0,0.2318840579710145,0.7681159420289855,probe_country_service
TJ,H-Root,all_publicly_visible,,,0.0,,,,,,,,,,,,,,,,,unknown_cross_layer_distribution_class,,False,False,False,False,False,insufficient_no_inter_region_projection_segments,"minimum_mappable_segments,minimum_unique_probes,minimum_unique_probe_asns,maximum_country_fallback_share",0.0,0.0,,,probe_country_service
TJ,H-Root,resolved_entry_only,,,0.0,,,,,,,,,,,,,,,,,unknown_cross_layer_distribution_class,,False,False,False,False,False,insufficient_no_inter_region_projection_segments,"minimum_mappable_segments,minimum_unique_probes,minimum_unique_probe_asns,maximum_country_fallback_share",0.0,0.0,,,probe_country_service
TL,H-Root,all_publicly_visible,5015,dns-root_h-root_msm5015_20260701T000000Z_010000Z.json,8.0,0.5,0.75,1.0,1.0397207708399179,0.946394630357186,2.82842712474619,weak_network_transition_concentration,0.25,0.375,0.5,2.1808078187068776,0.947112801755864,8.853455357602577,0.0007181713986780247,-0.0007181713986780247,broad_corridor_observation_distribution,network_and_physical_both_broad,0.25,False,False,False,True,False,"insufficient_minimum_mappable_segments,minimum_unique_probes,minimum_unique_probe_asns","minimum_mappable_segments,minimum_unique_probes,minimum_unique_probe_asns",3.0,2.0,0.7500000000000001,0.25000000000000006,probe_country_service
TL,H-Root,resolved_entry_only,5015,dns-root_h-root_msm5015_20260701T000000Z_010000Z.json,8.0,0.5,0.75,1.0,1.0397207708399179,0.946394630357186,2.82842712474619,weak_network_transition_concentration,0.25,0.375,0.5,2.1808078187068776,0.947112801755864,8.853455357602577,0.0007181713986780247,-0.0007181713986780247,broad_corridor_observation_distribution,network_and_physical_both_broad,0.25,False,False,False,True,False,"insufficient_minimum_mappable_segments,minimum_unique_probes,minimum_unique_probe_asns","minimum_mappable_segments,minimum_unique_probes,minimum_unique_probe_asns",3.0,2.0,0.7500000000000001,0.25000000000000006,probe_country_service
TN,H-Root,all_publicly_visible,,,0.0,,,,,,,,,,,,,,,,,unknown_cross_layer_distribution_class,,False,False,False,False,False,insufficient_no_inter_region_projection_segments,"minimum_mappable_segments,minimum_unique_probes,minimum_unique_probe_asns,maximum_country_fallback_share",0.0,0.0,,,probe_country_service
TN,H-Root,resolved_entry_only,,,0.0,,,,,,,,,,,,,,,,,unknown_cross_layer_distribution_class,,False,False,False,False,False,insufficient_no_inter_region_projection_segments,"minimum_mappable_segments,minimum_unique_probes,minimum_unique_probe_asns,maximum_country_fallback_share",0.0,0.0,,,probe_country_service
TO,H-Root,all_publicly_visible,5015,dns-root_h-root_msm5015_20260701T000000Z_010000Z.json,4.0,0.5,1.0,1.0,0.6931471805599453,1.0,2.0,moderate_network_transition_concentration,0.5,1.0,1.0,0.6931471805599453,1.0,2.0,0.0,0.0,moderate_corridor_observation_concentration,network_and_physical_both_concentrated,0.0,False,False,False,True,False,"insufficient_minimum_mappable_segments,minimum_unique_probes,minimum_unique_probe_asns","minimum_mappable_segments,minimum_unique_probes,minimum_unique_probe_asns",1.0,1.0,0.0,1.0,probe_country_service
TO,H-Root,resolved_entry_only,5015,dns-root_h-root_msm5015_20260701T000000Z_010000Z.json,4.0,0.5,1.0,1.0,0.6931471805599453,1.0,2.0,moderate_network_transition_concentration,0.5,1.0,1.0,0.6931471805599453,1.0,2.0,0.0,0.0,moderate_corridor_observation_concentration,network_and_physical_both_concentrated,0.0,False,False,False,True,False,"insufficient_minimum_mappable_segments,minimum_unique_probes,minimum_unique_probe_asns","minimum_mappable_segments,minimum_unique_probes,minimum_unique_probe_asns",1.0,1.0,0.0,1.0,probe_country_service
TR,H-Root,all_publicly_visible,,,0.0,,,,,,,,,,,,,,,,,unknown_cross_layer_distribution_class,,False,False,False,False,False,insufficient_no_inter_region_projection_segments,"minimum_mappable_segments,minimum_unique_probes,minimum_unique_probe_asns,maximum_country_fallback_share",0.0,0.0,,,probe_country_service
TR,H-Root,resolved_entry_only,,,0.0,,,,,,,,,,,,,,,,,unknown_cross_layer_distribution_class,,False,False,False,False,False,insufficient_no_inter_region_projection_segments,"minimum_mappable_segments,minimum_unique_probes,minimum_unique_probe_asns,maximum_country_fallback_share",0.0,0.0,,,probe_country_service
TT,H-Root,all_publicly_visible,,,0.0,,,,,,,,,,,,,,,,,unknown_cross_layer_distribution_class,,False,False,False,False,False,insufficient_no_inter_region_projection_segments,"minimum_mappable_segments,minimum_unique_probes,minimum_unique_probe_asns,maximum_country_fallback_share",0.0,0.0,,,probe_country_service
TT,H-Root,resolved_entry_only,,,0.0,,,,,,,,,,,,,,,,,unknown_cross_layer_distribution_class,,False,False,False,False,False,insufficient_no_inter_region_projection_segments,"minimum_mappable_segments,minimum_unique_probes,minimum_unique_probe_asns,maximum_country_fallback_share",0.0,0.0,,,probe_country_service
TV,H-Root,all_publicly_visible,5015,dns-root_h-root_msm5015_20260701T000000Z_010000Z.json,2.0,1.0,1.0,1.0,-0.0,0.0,1.0,severe_network_transition_concentration,1.0,1.0,1.0,-0.0,0.0,1.0,0.0,0.0,severe_corridor_observation_concentration,network_and_physical_both_concentrated,1.0,False,False,False,False,False,"insufficient_minimum_mappable_segments,minimum_unique_probes,minimum_unique_probe_asns,maximum_country_fallback_share","minimum_mappable_segments,minimum_unique_probes,minimum_unique_probe_asns,maximum_country_fallback_share",1.0,1.0,0.0,1.0,probe_country_service
TV,H-Root,resolved_entry_only,5015,dns-root_h-root_msm5015_20260701T000000Z_010000Z.json,2.0,1.0,1.0,1.0,-0.0,0.0,1.0,severe_network_transition_concentration,1.0,1.0,1.0,-0.0,0.0,1.0,0.0,0.0,severe_corridor_observation_concentration,network_and_physical_both_concentrated,1.0,False,False,False,False,False,"insufficient_minimum_mappable_segments,minimum_unique_probes,minimum_unique_probe_asns,maximum_country_fallback_share","minimum_mappable_segments,minimum_unique_probes,minimum_unique_probe_asns,maximum_country_fallback_share",1.0,1.0,0.0,1.0,probe_country_service
TW,H-Root,all_publicly_visible,5015,dns-root_h-root_msm5015_20260701T000000Z_010000Z.json,93.0,0.25806451612903225,0.44086021505376344,0.5806451612903225,2.1409431033188446,0.8346921537030579,8.507457257797142,broad_network_transition_distribution,0.25806451612903225,0.4247311827956989,0.5913978494623655,2.062512325675538,0.8041142487572357,7.865706223490194,-0.030577904945822243,0.030577904945822243,broad_corridor_observation_distribution,network_and_physical_both_broad,0.5053763440860215,False,True,True,False,False,insufficient_maximum_country_fallback_share,maximum_country_fallback_share,39.0,13.0,0.3763440860215054,0.6236559139784946,probe_country_service
TW,H-Root,resolved_entry_only,5015,dns-root_h-root_msm5015_20260701T000000Z_010000Z.json,81.0,0.2962962962962963,0.5061728395061729,0.6666666666666666,1.9498578094435515,0.8131538652094866,7.027688238641284,broad_network_transition_distribution,0.2222222222222222,0.4135802469135802,0.6049382716049383,1.9330334446374706,0.8061375601202128,6.910440919454727,-0.0070163050892738665,0.0070163050892738665,broad_corridor_observation_distribution,network_and_physical_both_broad,0.5802469135802469,False,True,True,False,False,insufficient_maximum_country_fallback_share,maximum_country_fallback_share,37.0,12.0,0.2839506172839506,0.7160493827160493,probe_country_service
TZ,H-Root,all_publicly_visible,,,0.0,,,,,,,,,,,,,,,,,unknown_cross_layer_distribution_class,,False,False,False,False,False,insufficient_no_inter_region_projection_segments,"minimum_mappable_segments,minimum_unique_probes,minimum_unique_probe_asns,maximum_country_fallback_share",0.0,0.0,,,probe_country_service
TZ,H-Root,resolved_entry_only,,,0.0,,,,,,,,,,,,,,,,,unknown_cross_layer_distribution_class,,False,False,False,False,False,insufficient_no_inter_region_projection_segments,"minimum_mappable_segments,minimum_unique_probes,minimum_unique_probe_asns,maximum_country_fallback_share",0.0,0.0,,,probe_country_service
UA,H-Root,all_publicly_visible,,,0.0,,,,,,,,,,,,,,,,,unknown_cross_layer_distribution_class,,False,False,False,False,False,insufficient_no_inter_region_projection_segments,"minimum_mappable_segments,minimum_unique_probes,minimum_unique_probe_asns,maximum_country_fallback_share",0.0,0.0,,,probe_country_service
UA,H-Root,resolved_entry_only,,,0.0,,,,,,,,,,,,,,,,,unknown_cross_layer_distribution_class,,False,False,False,False,False,insufficient_no_inter_region_projection_segments,"minimum_mappable_segments,minimum_unique_probes,minimum_unique_probe_asns,maximum_country_fallback_share",0.0,0.0,,,probe_country_service
UG,H-Root,all_publicly_visible,,,0.0,,,,,,,,,,,,,,,,,unknown_cross_layer_distribution_class,,False,False,False,False,False,insufficient_no_inter_region_projection_segments,"minimum_mappable_segments,minimum_unique_probes,minimum_unique_probe_asns,maximum_country_fallback_share",0.0,0.0,,,probe_country_service
UG,H-Root,resolved_entry_only,,,0.0,,,,,,,,,,,,,,,,,unknown_cross_layer_distribution_class,,False,False,False,False,False,insufficient_no_inter_region_projection_segments,"minimum_mappable_segments,minimum_unique_probes,minimum_unique_probe_asns,maximum_country_fallback_share",0.0,0.0,,,probe_country_service
US,H-Root,all_publicly_visible,5015,dns-root_h-root_msm5015_20260701T000000Z_010000Z.json,440.0,0.29772727272727273,0.38181818181818183,0.46136363636363636,2.8828042761870867,0.7369088249703639,17.86429943261133,broad_network_transition_distribution,0.2590909090909091,0.446969696969697,0.6257575757575757,2.185817994444029,0.6306937561740521,8.897924029735787,-0.10621506879631182,0.10621506879631182,broad_corridor_observation_distribution,network_and_physical_both_broad,0.08409090909090909,True,True,True,True,True,auditable,,158.0,58.0,0.9795454545454545,0.020454545454545454,probe_country_service
US,H-Root,resolved_entry_only,5015,dns-root_h-root_msm5015_20260701T000000Z_010000Z.json,256.0,0.50390625,0.6171875,0.6875,2.1379212773190526,0.6114447744601419,8.48178800580303,broad_network_transition_distribution,0.421875,0.6578125,0.737890625,1.9600900738809748,0.601605891970059,7.099966557898065,-0.009838882490082912,0.009838882490082912,broad_corridor_observation_distribution,network_and_physical_both_broad,0.015625,True,True,True,True,True,auditable,,101.0,39.0,0.98046875,0.01953125,probe_country_service
UY,H-Root,all_publicly_visible,,,0.0,,,,,,,,,,,,,,,,,unknown_cross_layer_distribution_class,,False,False,False,False,False,insufficient_no_inter_region_projection_segments,"minimum_mappable_segments,minimum_unique_probes,minimum_unique_probe_asns,maximum_country_fallback_share",0.0,0.0,,,probe_country_service
UY,H-Root,resolved_entry_only,,,0.0,,,,,,,,,,,,,,,,,unknown_cross_layer_distribution_class,,False,False,False,False,False,insufficient_no_inter_region_projection_segments,"minimum_mappable_segments,minimum_unique_probes,minimum_unique_probe_asns,maximum_country_fallback_share",0.0,0.0,,,probe_country_service
UZ,H-Root,all_publicly_visible,,,0.0,,,,,,,,,,,,,,,,,unknown_cross_layer_distribution_class,,False,False,False,False,False,insufficient_no_inter_region_projection_segments,"minimum_mappable_segments,minimum_unique_probes,minimum_unique_probe_asns,maximum_country_fallback_share",0.0,0.0,,,probe_country_service
UZ,H-Root,resolved_entry_only,,,0.0,,,,,,,,,,,,,,,,,unknown_cross_layer_distribution_class,,False,False,False,False,False,insufficient_no_inter_region_projection_segments,"minimum_mappable_segments,minimum_unique_probes,minimum_unique_probe_asns,maximum_country_fallback_share",0.0,0.0,,,probe_country_service
VA,H-Root,all_publicly_visible,,,0.0,,,,,,,,,,,,,,,,,unknown_cross_layer_distribution_class,,False,False,False,False,False,insufficient_no_inter_region_projection_segments,"minimum_mappable_segments,minimum_unique_probes,minimum_unique_probe_asns,maximum_country_fallback_share",0.0,0.0,,,probe_country_service
VA,H-Root,resolved_entry_only,,,0.0,,,,,,,,,,,,,,,,,unknown_cross_layer_distribution_class,,False,False,False,False,False,insufficient_no_inter_region_projection_segments,"minimum_mappable_segments,minimum_unique_probes,minimum_unique_probe_asns,maximum_country_fallback_share",0.0,0.0,,,probe_country_service
VE,H-Root,all_publicly_visible,5015,dns-root_h-root_msm5015_20260701T000000Z_010000Z.json,25.0,0.56,0.7200000000000001,0.8400000000000001,1.276459598974709,0.7931089413969392,3.583928692950867,weak_network_transition_concentration,0.6,0.76,0.84,1.2890609447604988,0.6624462827260051,3.6293767697429185,-0.13066265867093407,0.13066265867093407,weak_corridor_observation_concentration,network_and_physical_both_concentrated,0.0,False,False,False,True,False,"insufficient_minimum_mappable_segments,minimum_unique_probes","minimum_mappable_segments,minimum_unique_probes",9.0,8.0,0.84,0.16,probe_country_service
VE,H-Root,resolved_entry_only,5015,dns-root_h-root_msm5015_20260701T000000Z_010000Z.json,2.0,1.0,1.0,1.0,-0.0,0.0,1.0,severe_network_transition_concentration,1.0,1.0,1.0,-0.0,0.0,1.0,0.0,0.0,severe_corridor_observation_concentration,network_and_physical_both_concentrated,0.0,False,False,False,True,False,"insufficient_minimum_mappable_segments,minimum_unique_probes,minimum_unique_probe_asns","minimum_mappable_segments,minimum_unique_probes,minimum_unique_probe_asns",1.0,1.0,1.0,0.0,probe_country_service
VI,H-Root,all_publicly_visible,5015,dns-root_h-root_msm5015_20260701T000000Z_010000Z.json,4.0,1.0,1.0,1.0,-0.0,0.0,1.0,severe_network_transition_concentration,0.5,1.0,1.0,0.6931471805599453,1.0,2.0,1.0,-1.0,moderate_corridor_observation_concentration,network_and_physical_both_concentrated,0.0,False,False,False,True,False,"insufficient_minimum_mappable_segments,minimum_unique_probes,minimum_unique_probe_asns","minimum_mappable_segments,minimum_unique_probes,minimum_unique_probe_asns",1.0,1.0,0.5,0.5,probe_country_service
VI,H-Root,resolved_entry_only,,,0.0,,,,,,,,,,,,,,,,,unknown_cross_layer_distribution_class,,False,False,False,False,False,insufficient_no_inter_region_projection_segments,"minimum_mappable_segments,minimum_unique_probes,minimum_unique_probe_asns,maximum_country_fallback_share",0.0,0.0,,,probe_country_service
VN,H-Root,all_publicly_visible,5015,dns-root_h-root_msm5015_20260701T000000Z_010000Z.json,9.0,0.4444444444444444,0.6666666666666666,0.8888888888888888,1.2730283365896258,0.9182958340544897,3.5716523669284492,weak_network_transition_concentration,0.3333333333333333,0.5555555555555556,0.7777777777777777,1.5229550675313184,0.946265187221801,4.585756412345816,0.027969353167311306,-0.027969353167311306,broad_corridor_observation_distribution,network_and_physical_both_broad,0.0,False,False,False,True,False,"insufficient_minimum_mappable_segments,minimum_unique_probes","minimum_mappable_segments,minimum_unique_probes",6.0,3.0,0.0,1.0,probe_country_service
VN,H-Root,resolved_entry_only,5015,dns-root_h-root_msm5015_20260701T000000Z_010000Z.json,9.0,0.4444444444444444,0.6666666666666666,0.8888888888888888,1.2730283365896258,0.9182958340544897,3.5716523669284492,weak_network_transition_concentration,0.3333333333333333,0.5555555555555556,0.7777777777777777,1.5229550675313184,0.946265187221801,4.585756412345816,0.027969353167311306,-0.027969353167311306,broad_corridor_observation_distribution,network_and_physical_both_broad,0.0,False,False,False,True,False,"insufficient_minimum_mappable_segments,minimum_unique_probes","minimum_mappable_segments,minimum_unique_probes",6.0,3.0,0.0,1.0,probe_country_service
VU,H-Root,all_publicly_visible,,,0.0,,,,,,,,,,,,,,,,,unknown_cross_layer_distribution_class,,False,False,False,False,False,insufficient_no_inter_region_projection_segments,"minimum_mappable_segments,minimum_unique_probes,minimum_unique_probe_asns,maximum_country_fallback_share",0.0,0.0,,,probe_country_service
VU,H-Root,resolved_entry_only,,,0.0,,,,,,,,,,,,,,,,,unknown_cross_layer_distribution_class,,False,False,False,False,False,insufficient_no_inter_region_projection_segments,"minimum_mappable_segments,minimum_unique_probes,minimum_unique_probe_asns,maximum_country_fallback_share",0.0,0.0,,,probe_country_service
XK,H-Root,all_publicly_visible,,,0.0,,,,,,,,,,,,,,,,,unknown_cross_layer_distribution_class,,False,False,False,False,False,insufficient_no_inter_region_projection_segments,"minimum_mappable_segments,minimum_unique_probes,minimum_unique_probe_asns,maximum_country_fallback_share",0.0,0.0,,,probe_country_service
XK,H-Root,resolved_entry_only,,,0.0,,,,,,,,,,,,,,,,,unknown_cross_layer_distribution_class,,False,False,False,False,False,insufficient_no_inter_region_projection_segments,"minimum_mappable_segments,minimum_unique_probes,minimum_unique_probe_asns,maximum_country_fallback_share",0.0,0.0,,,probe_country_service
YE,H-Root,all_publicly_visible,,,0.0,,,,,,,,,,,,,,,,,unknown_cross_layer_distribution_class,,False,False,False,False,False,insufficient_no_inter_region_projection_segments,"minimum_mappable_segments,minimum_unique_probes,minimum_unique_probe_asns,maximum_country_fallback_share",0.0,0.0,,,probe_country_service
YE,H-Root,resolved_entry_only,,,0.0,,,,,,,,,,,,,,,,,unknown_cross_layer_distribution_class,,False,False,False,False,False,insufficient_no_inter_region_projection_segments,"minimum_mappable_segments,minimum_unique_probes,minimum_unique_probe_asns,maximum_country_fallback_share",0.0,0.0,,,probe_country_service
ZA,H-Root,all_publicly_visible,5015,dns-root_h-root_msm5015_20260701T000000Z_010000Z.json,18.0,0.2222222222222222,0.4444444444444444,0.5555555555555556,1.8891591637540213,0.970835762725816,6.613805215240194,broad_network_transition_distribution,1.0,1.0,1.0,-0.0,0.0,1.0,-0.970835762725816,0.970835762725816,severe_corridor_observation_concentration,network_broad_physical_concentrated,0.0,False,False,False,True,False,"insufficient_minimum_mappable_segments,minimum_unique_probes","minimum_mappable_segments,minimum_unique_probes",6.0,5.0,1.0,0.0,probe_country_service
ZA,H-Root,resolved_entry_only,5015,dns-root_h-root_msm5015_20260701T000000Z_010000Z.json,18.0,0.2222222222222222,0.4444444444444444,0.5555555555555556,1.8891591637540213,0.970835762725816,6.613805215240194,broad_network_transition_distribution,1.0,1.0,1.0,-0.0,0.0,1.0,-0.970835762725816,0.970835762725816,severe_corridor_observation_concentration,network_broad_physical_concentrated,0.0,False,False,False,True,False,"insufficient_minimum_mappable_segments,minimum_unique_probes","minimum_mappable_segments,minimum_unique_probes",6.0,5.0,1.0,0.0,probe_country_service
ZM,H-Root,all_publicly_visible,,,0.0,,,,,,,,,,,,,,,,,unknown_cross_layer_distribution_class,,False,False,False,False,False,insufficient_no_inter_region_projection_segments,"minimum_mappable_segments,minimum_unique_probes,minimum_unique_probe_asns,maximum_country_fallback_share",0.0,0.0,,,probe_country_service
ZM,H-Root,resolved_entry_only,,,0.0,,,,,,,,,,,,,,,,,unknown_cross_layer_distribution_class,,False,False,False,False,False,insufficient_no_inter_region_projection_segments,"minimum_mappable_segments,minimum_unique_probes,minimum_unique_probe_asns,maximum_country_fallback_share",0.0,0.0,,,probe_country_service
ZW,H-Root,all_publicly_visible,,,0.0,,,,,,,,,,,,,,,,,unknown_cross_layer_distribution_class,,False,False,False,False,False,insufficient_no_inter_region_projection_segments,"minimum_mappable_segments,minimum_unique_probes,minimum_unique_probe_asns,maximum_country_fallback_share",0.0,0.0,,,probe_country_service
ZW,H-Root,resolved_entry_only,,,0.0,,,,,,,,,,,,,,,,,unknown_cross_layer_distribution_class,,False,False,False,False,False,insufficient_no_inter_region_projection_segments,"minimum_mappable_segments,minimum_unique_probes,minimum_unique_probe_asns,maximum_country_fallback_share",0.0,0.0,,,probe_country_service
