probe_country,service_id,path_scope_stratum,msm_id,file_name,total_mappable_segments,top1_network_transition_share,top2_network_transition_share,top3_network_transition_share,network_transition_entropy,network_transition_normalized_entropy,effective_network_transition_count,network_transition_concentration_tier,top1_corridor_share,top2_corridor_share,top3_corridor_share,corridor_entropy,corridor_normalized_entropy,effective_corridor_count,corridor_minus_network_normalized_entropy,normalized_entropy_reduction,corridor_concentration_tier,cross_layer_distribution_class,country_fallback_share,auditable_cross_layer_case,sufficient_trace_observation,sufficient_corridor_observation,sufficient_network_transition_resolution,auditable_paper_case,observation_sufficiency_reason,failed_thresholds,unique_probes,unique_probe_asns,domestic_segment_share,international_segment_share,analysis_scope
?,H-Root,all_publicly_visible,,,0.0,,,,,,,,,,,,,,,,,unknown_cross_layer_distribution_class,,False,False,False,False,False,insufficient_no_inter_region_projection_segments,"minimum_mappable_segments,minimum_unique_probes,minimum_unique_probe_asns,maximum_country_fallback_share",0.0,0.0,,,probe_country_service
?,H-Root,resolved_entry_only,,,0.0,,,,,,,,,,,,,,,,,unknown_cross_layer_distribution_class,,False,False,False,False,False,insufficient_no_inter_region_projection_segments,"minimum_mappable_segments,minimum_unique_probes,minimum_unique_probe_asns,maximum_country_fallback_share",0.0,0.0,,,probe_country_service
AD,H-Root,all_publicly_visible,,,0.0,,,,,,,,,,,,,,,,,unknown_cross_layer_distribution_class,,False,False,False,False,False,insufficient_no_inter_region_projection_segments,"minimum_mappable_segments,minimum_unique_probes,minimum_unique_probe_asns,maximum_country_fallback_share",0.0,0.0,,,probe_country_service
AD,H-Root,resolved_entry_only,,,0.0,,,,,,,,,,,,,,,,,unknown_cross_layer_distribution_class,,False,False,False,False,False,insufficient_no_inter_region_projection_segments,"minimum_mappable_segments,minimum_unique_probes,minimum_unique_probe_asns,maximum_country_fallback_share",0.0,0.0,,,probe_country_service
AE,H-Root,all_publicly_visible,5015,dns-root_h-root_msm5015_20260701T000000Z_010000Z.json,3.0,0.6666666666666666,1.0,1.0,0.6365141682948128,0.9182958340544894,1.8898815748423097,moderate_network_transition_concentration,1.0,1.0,1.0,-0.0,0.0,1.0,-0.9182958340544894,0.9182958340544894,severe_corridor_observation_concentration,network_and_physical_both_concentrated,0.0,False,False,False,True,False,"insufficient_minimum_mappable_segments,minimum_unique_probes,minimum_unique_probe_asns","minimum_mappable_segments,minimum_unique_probes,minimum_unique_probe_asns",2.0,1.0,1.0,0.0,probe_country_service
AE,H-Root,resolved_entry_only,5015,dns-root_h-root_msm5015_20260701T000000Z_010000Z.json,3.0,0.6666666666666666,1.0,1.0,0.6365141682948128,0.9182958340544894,1.8898815748423097,moderate_network_transition_concentration,1.0,1.0,1.0,-0.0,0.0,1.0,-0.9182958340544894,0.9182958340544894,severe_corridor_observation_concentration,network_and_physical_both_concentrated,0.0,False,False,False,True,False,"insufficient_minimum_mappable_segments,minimum_unique_probes,minimum_unique_probe_asns","minimum_mappable_segments,minimum_unique_probes,minimum_unique_probe_asns",2.0,1.0,1.0,0.0,probe_country_service
AF,H-Root,all_publicly_visible,,,0.0,,,,,,,,,,,,,,,,,unknown_cross_layer_distribution_class,,False,False,False,False,False,insufficient_no_inter_region_projection_segments,"minimum_mappable_segments,minimum_unique_probes,minimum_unique_probe_asns,maximum_country_fallback_share",0.0,0.0,,,probe_country_service
AF,H-Root,resolved_entry_only,,,0.0,,,,,,,,,,,,,,,,,unknown_cross_layer_distribution_class,,False,False,False,False,False,insufficient_no_inter_region_projection_segments,"minimum_mappable_segments,minimum_unique_probes,minimum_unique_probe_asns,maximum_country_fallback_share",0.0,0.0,,,probe_country_service
AL,H-Root,all_publicly_visible,5015,dns-root_h-root_msm5015_20260701T000000Z_010000Z.json,4.0,1.0,1.0,1.0,-0.0,0.0,1.0,severe_network_transition_concentration,1.0,1.0,1.0,-0.0,0.0,1.0,0.0,0.0,severe_corridor_observation_concentration,network_and_physical_both_concentrated,0.0,False,False,False,True,False,"insufficient_minimum_mappable_segments,minimum_unique_probes,minimum_unique_probe_asns","minimum_mappable_segments,minimum_unique_probes,minimum_unique_probe_asns",2.0,2.0,0.0,1.0,probe_country_service
AL,H-Root,resolved_entry_only,5015,dns-root_h-root_msm5015_20260701T000000Z_010000Z.json,4.0,1.0,1.0,1.0,-0.0,0.0,1.0,severe_network_transition_concentration,1.0,1.0,1.0,-0.0,0.0,1.0,0.0,0.0,severe_corridor_observation_concentration,network_and_physical_both_concentrated,0.0,False,False,False,True,False,"insufficient_minimum_mappable_segments,minimum_unique_probes,minimum_unique_probe_asns","minimum_mappable_segments,minimum_unique_probes,minimum_unique_probe_asns",2.0,2.0,0.0,1.0,probe_country_service
AM,H-Root,all_publicly_visible,,,0.0,,,,,,,,,,,,,,,,,unknown_cross_layer_distribution_class,,False,False,False,False,False,insufficient_no_inter_region_projection_segments,"minimum_mappable_segments,minimum_unique_probes,minimum_unique_probe_asns,maximum_country_fallback_share",0.0,0.0,,,probe_country_service
AM,H-Root,resolved_entry_only,,,0.0,,,,,,,,,,,,,,,,,unknown_cross_layer_distribution_class,,False,False,False,False,False,insufficient_no_inter_region_projection_segments,"minimum_mappable_segments,minimum_unique_probes,minimum_unique_probe_asns,maximum_country_fallback_share",0.0,0.0,,,probe_country_service
AO,H-Root,all_publicly_visible,,,0.0,,,,,,,,,,,,,,,,,unknown_cross_layer_distribution_class,,False,False,False,False,False,insufficient_no_inter_region_projection_segments,"minimum_mappable_segments,minimum_unique_probes,minimum_unique_probe_asns,maximum_country_fallback_share",0.0,0.0,,,probe_country_service
AO,H-Root,resolved_entry_only,,,0.0,,,,,,,,,,,,,,,,,unknown_cross_layer_distribution_class,,False,False,False,False,False,insufficient_no_inter_region_projection_segments,"minimum_mappable_segments,minimum_unique_probes,minimum_unique_probe_asns,maximum_country_fallback_share",0.0,0.0,,,probe_country_service
AR,H-Root,all_publicly_visible,,,0.0,,,,,,,,,,,,,,,,,unknown_cross_layer_distribution_class,,False,False,False,False,False,insufficient_no_inter_region_projection_segments,"minimum_mappable_segments,minimum_unique_probes,minimum_unique_probe_asns,maximum_country_fallback_share",0.0,0.0,,,probe_country_service
AR,H-Root,resolved_entry_only,,,0.0,,,,,,,,,,,,,,,,,unknown_cross_layer_distribution_class,,False,False,False,False,False,insufficient_no_inter_region_projection_segments,"minimum_mappable_segments,minimum_unique_probes,minimum_unique_probe_asns,maximum_country_fallback_share",0.0,0.0,,,probe_country_service
AT,H-Root,all_publicly_visible,,,0.0,,,,,,,,,,,,,,,,,unknown_cross_layer_distribution_class,,False,False,False,False,False,insufficient_no_inter_region_projection_segments,"minimum_mappable_segments,minimum_unique_probes,minimum_unique_probe_asns,maximum_country_fallback_share",0.0,0.0,,,probe_country_service
AT,H-Root,resolved_entry_only,,,0.0,,,,,,,,,,,,,,,,,unknown_cross_layer_distribution_class,,False,False,False,False,False,insufficient_no_inter_region_projection_segments,"minimum_mappable_segments,minimum_unique_probes,minimum_unique_probe_asns,maximum_country_fallback_share",0.0,0.0,,,probe_country_service
AU,H-Root,all_publicly_visible,5015,dns-root_h-root_msm5015_20260701T000000Z_010000Z.json,125.0,0.512,0.696,0.76,1.7545853509941445,0.6328328961739184,5.781050138216511,broad_network_transition_distribution,0.632,0.792,0.896,1.2120118615453046,0.5828545007166707,3.360238190678124,-0.04997839545724769,0.04997839545724769,weak_corridor_observation_concentration,network_and_physical_both_broad,0.184,True,True,True,True,True,auditable,,51.0,28.0,0.936,0.064,probe_country_service
AU,H-Root,resolved_entry_only,5015,dns-root_h-root_msm5015_20260701T000000Z_010000Z.json,125.0,0.512,0.696,0.76,1.7545853509941445,0.6328328961739184,5.781050138216511,broad_network_transition_distribution,0.632,0.792,0.896,1.2120118615453046,0.5828545007166707,3.360238190678124,-0.04997839545724769,0.04997839545724769,weak_corridor_observation_concentration,network_and_physical_both_broad,0.184,True,True,True,True,True,auditable,,51.0,28.0,0.936,0.064,probe_country_service
AX,H-Root,all_publicly_visible,5015,dns-root_h-root_msm5015_20260701T000000Z_010000Z.json,8.0,0.75,1.0,1.0,0.5623351446188083,0.8112781244591328,1.7547653506033232,moderate_network_transition_concentration,0.25,0.5,0.625,1.7328679513998633,0.967132018086354,5.656854249492381,0.15585389362722113,-0.15585389362722113,broad_corridor_observation_distribution,network_concentrated_physical_broad,0.0,False,False,False,True,False,"insufficient_minimum_mappable_segments,minimum_unique_probes,minimum_unique_probe_asns","minimum_mappable_segments,minimum_unique_probes,minimum_unique_probe_asns",2.0,2.0,0.5,0.5,probe_country_service
AX,H-Root,resolved_entry_only,5015,dns-root_h-root_msm5015_20260701T000000Z_010000Z.json,8.0,0.75,1.0,1.0,0.5623351446188083,0.8112781244591328,1.7547653506033232,moderate_network_transition_concentration,0.25,0.5,0.625,1.7328679513998633,0.967132018086354,5.656854249492381,0.15585389362722113,-0.15585389362722113,broad_corridor_observation_distribution,network_concentrated_physical_broad,0.0,False,False,False,True,False,"insufficient_minimum_mappable_segments,minimum_unique_probes,minimum_unique_probe_asns","minimum_mappable_segments,minimum_unique_probes,minimum_unique_probe_asns",2.0,2.0,0.5,0.5,probe_country_service
AZ,H-Root,all_publicly_visible,,,0.0,,,,,,,,,,,,,,,,,unknown_cross_layer_distribution_class,,False,False,False,False,False,insufficient_no_inter_region_projection_segments,"minimum_mappable_segments,minimum_unique_probes,minimum_unique_probe_asns,maximum_country_fallback_share",0.0,0.0,,,probe_country_service
AZ,H-Root,resolved_entry_only,,,0.0,,,,,,,,,,,,,,,,,unknown_cross_layer_distribution_class,,False,False,False,False,False,insufficient_no_inter_region_projection_segments,"minimum_mappable_segments,minimum_unique_probes,minimum_unique_probe_asns,maximum_country_fallback_share",0.0,0.0,,,probe_country_service
BA,H-Root,all_publicly_visible,,,0.0,,,,,,,,,,,,,,,,,unknown_cross_layer_distribution_class,,False,False,False,False,False,insufficient_no_inter_region_projection_segments,"minimum_mappable_segments,minimum_unique_probes,minimum_unique_probe_asns,maximum_country_fallback_share",0.0,0.0,,,probe_country_service
BA,H-Root,resolved_entry_only,,,0.0,,,,,,,,,,,,,,,,,unknown_cross_layer_distribution_class,,False,False,False,False,False,insufficient_no_inter_region_projection_segments,"minimum_mappable_segments,minimum_unique_probes,minimum_unique_probe_asns,maximum_country_fallback_share",0.0,0.0,,,probe_country_service
BB,H-Root,all_publicly_visible,5015,dns-root_h-root_msm5015_20260701T000000Z_010000Z.json,1.0,1.0,1.0,1.0,-0.0,0.0,1.0,severe_network_transition_concentration,1.0,1.0,1.0,-0.0,0.0,1.0,0.0,0.0,severe_corridor_observation_concentration,network_and_physical_both_concentrated,0.0,False,False,False,True,False,"insufficient_minimum_mappable_segments,minimum_unique_probes,minimum_unique_probe_asns","minimum_mappable_segments,minimum_unique_probes,minimum_unique_probe_asns",1.0,1.0,0.0,1.0,probe_country_service
BB,H-Root,resolved_entry_only,,,0.0,,,,,,,,,,,,,,,,,unknown_cross_layer_distribution_class,,False,False,False,False,False,insufficient_no_inter_region_projection_segments,"minimum_mappable_segments,minimum_unique_probes,minimum_unique_probe_asns,maximum_country_fallback_share",0.0,0.0,,,probe_country_service
BD,H-Root,all_publicly_visible,,,0.0,,,,,,,,,,,,,,,,,unknown_cross_layer_distribution_class,,False,False,False,False,False,insufficient_no_inter_region_projection_segments,"minimum_mappable_segments,minimum_unique_probes,minimum_unique_probe_asns,maximum_country_fallback_share",0.0,0.0,,,probe_country_service
BD,H-Root,resolved_entry_only,,,0.0,,,,,,,,,,,,,,,,,unknown_cross_layer_distribution_class,,False,False,False,False,False,insufficient_no_inter_region_projection_segments,"minimum_mappable_segments,minimum_unique_probes,minimum_unique_probe_asns,maximum_country_fallback_share",0.0,0.0,,,probe_country_service
BE,H-Root,all_publicly_visible,,,0.0,,,,,,,,,,,,,,,,,unknown_cross_layer_distribution_class,,False,False,False,False,False,insufficient_no_inter_region_projection_segments,"minimum_mappable_segments,minimum_unique_probes,minimum_unique_probe_asns,maximum_country_fallback_share",0.0,0.0,,,probe_country_service
BE,H-Root,resolved_entry_only,,,0.0,,,,,,,,,,,,,,,,,unknown_cross_layer_distribution_class,,False,False,False,False,False,insufficient_no_inter_region_projection_segments,"minimum_mappable_segments,minimum_unique_probes,minimum_unique_probe_asns,maximum_country_fallback_share",0.0,0.0,,,probe_country_service
BF,H-Root,all_publicly_visible,5015,dns-root_h-root_msm5015_20260701T000000Z_010000Z.json,8.0,1.0,1.0,1.0,-0.0,0.0,1.0,severe_network_transition_concentration,0.625,1.0,1.0,0.6615632381579821,0.954434002924965,1.9378192408783848,0.954434002924965,-0.954434002924965,moderate_corridor_observation_concentration,network_and_physical_both_concentrated,0.0,False,False,False,True,False,"insufficient_minimum_mappable_segments,minimum_unique_probes,minimum_unique_probe_asns","minimum_mappable_segments,minimum_unique_probes,minimum_unique_probe_asns",3.0,2.0,0.0,1.0,probe_country_service
BF,H-Root,resolved_entry_only,5015,dns-root_h-root_msm5015_20260701T000000Z_010000Z.json,8.0,1.0,1.0,1.0,-0.0,0.0,1.0,severe_network_transition_concentration,0.625,1.0,1.0,0.6615632381579821,0.954434002924965,1.9378192408783848,0.954434002924965,-0.954434002924965,moderate_corridor_observation_concentration,network_and_physical_both_concentrated,0.0,False,False,False,True,False,"insufficient_minimum_mappable_segments,minimum_unique_probes,minimum_unique_probe_asns","minimum_mappable_segments,minimum_unique_probes,minimum_unique_probe_asns",3.0,2.0,0.0,1.0,probe_country_service
BG,H-Root,all_publicly_visible,,,0.0,,,,,,,,,,,,,,,,,unknown_cross_layer_distribution_class,,False,False,False,False,False,insufficient_no_inter_region_projection_segments,"minimum_mappable_segments,minimum_unique_probes,minimum_unique_probe_asns,maximum_country_fallback_share",0.0,0.0,,,probe_country_service
BG,H-Root,resolved_entry_only,,,0.0,,,,,,,,,,,,,,,,,unknown_cross_layer_distribution_class,,False,False,False,False,False,insufficient_no_inter_region_projection_segments,"minimum_mappable_segments,minimum_unique_probes,minimum_unique_probe_asns,maximum_country_fallback_share",0.0,0.0,,,probe_country_service
BH,H-Root,all_publicly_visible,5015,dns-root_h-root_msm5015_20260701T000000Z_010000Z.json,9.0,0.7777777777777778,1.0,1.0,0.5297061990576545,0.7642045065086203,1.6984332340231805,moderate_network_transition_concentration,0.7777777777777778,0.8888888888888888,1.0,0.6837389058487535,0.6223659728744494,1.9812716892692186,-0.14183853363417087,0.14183853363417087,moderate_corridor_observation_concentration,network_and_physical_both_concentrated,0.0,False,False,False,True,False,"insufficient_minimum_mappable_segments,minimum_unique_probes","minimum_mappable_segments,minimum_unique_probes",3.0,3.0,0.7777777777777778,0.2222222222222222,probe_country_service
BH,H-Root,resolved_entry_only,5015,dns-root_h-root_msm5015_20260701T000000Z_010000Z.json,9.0,0.7777777777777778,1.0,1.0,0.5297061990576545,0.7642045065086203,1.6984332340231805,moderate_network_transition_concentration,0.7777777777777778,0.8888888888888888,1.0,0.6837389058487535,0.6223659728744494,1.9812716892692186,-0.14183853363417087,0.14183853363417087,moderate_corridor_observation_concentration,network_and_physical_both_concentrated,0.0,False,False,False,True,False,"insufficient_minimum_mappable_segments,minimum_unique_probes","minimum_mappable_segments,minimum_unique_probes",3.0,3.0,0.7777777777777778,0.2222222222222222,probe_country_service
BI,H-Root,all_publicly_visible,,,0.0,,,,,,,,,,,,,,,,,unknown_cross_layer_distribution_class,,False,False,False,False,False,insufficient_no_inter_region_projection_segments,"minimum_mappable_segments,minimum_unique_probes,minimum_unique_probe_asns,maximum_country_fallback_share",0.0,0.0,,,probe_country_service
BI,H-Root,resolved_entry_only,,,0.0,,,,,,,,,,,,,,,,,unknown_cross_layer_distribution_class,,False,False,False,False,False,insufficient_no_inter_region_projection_segments,"minimum_mappable_segments,minimum_unique_probes,minimum_unique_probe_asns,maximum_country_fallback_share",0.0,0.0,,,probe_country_service
BJ,H-Root,all_publicly_visible,5015,dns-root_h-root_msm5015_20260701T000000Z_010000Z.json,1.0,1.0,1.0,1.0,-0.0,0.0,1.0,severe_network_transition_concentration,1.0,1.0,1.0,-0.0,0.0,1.0,0.0,0.0,severe_corridor_observation_concentration,network_and_physical_both_concentrated,0.0,False,False,False,True,False,"insufficient_minimum_mappable_segments,minimum_unique_probes,minimum_unique_probe_asns","minimum_mappable_segments,minimum_unique_probes,minimum_unique_probe_asns",1.0,1.0,0.0,1.0,probe_country_service
BJ,H-Root,resolved_entry_only,5015,dns-root_h-root_msm5015_20260701T000000Z_010000Z.json,1.0,1.0,1.0,1.0,-0.0,0.0,1.0,severe_network_transition_concentration,1.0,1.0,1.0,-0.0,0.0,1.0,0.0,0.0,severe_corridor_observation_concentration,network_and_physical_both_concentrated,0.0,False,False,False,True,False,"insufficient_minimum_mappable_segments,minimum_unique_probes,minimum_unique_probe_asns","minimum_mappable_segments,minimum_unique_probes,minimum_unique_probe_asns",1.0,1.0,0.0,1.0,probe_country_service
BL,H-Root,all_publicly_visible,,,0.0,,,,,,,,,,,,,,,,,unknown_cross_layer_distribution_class,,False,False,False,False,False,insufficient_no_inter_region_projection_segments,"minimum_mappable_segments,minimum_unique_probes,minimum_unique_probe_asns,maximum_country_fallback_share",0.0,0.0,,,probe_country_service
BL,H-Root,resolved_entry_only,,,0.0,,,,,,,,,,,,,,,,,unknown_cross_layer_distribution_class,,False,False,False,False,False,insufficient_no_inter_region_projection_segments,"minimum_mappable_segments,minimum_unique_probes,minimum_unique_probe_asns,maximum_country_fallback_share",0.0,0.0,,,probe_country_service
BO,H-Root,all_publicly_visible,5015,dns-root_h-root_msm5015_20260701T000000Z_010000Z.json,12.0,1.0,1.0,1.0,-0.0,0.0,1.0,severe_network_transition_concentration,1.0,1.0,1.0,-0.0,0.0,1.0,0.0,0.0,severe_corridor_observation_concentration,network_and_physical_both_concentrated,0.0,False,False,False,True,False,"insufficient_minimum_mappable_segments,minimum_unique_probes,minimum_unique_probe_asns","minimum_mappable_segments,minimum_unique_probes,minimum_unique_probe_asns",6.0,2.0,0.0,1.0,probe_country_service
BO,H-Root,resolved_entry_only,5015,dns-root_h-root_msm5015_20260701T000000Z_010000Z.json,12.0,1.0,1.0,1.0,-0.0,0.0,1.0,severe_network_transition_concentration,1.0,1.0,1.0,-0.0,0.0,1.0,0.0,0.0,severe_corridor_observation_concentration,network_and_physical_both_concentrated,0.0,False,False,False,True,False,"insufficient_minimum_mappable_segments,minimum_unique_probes,minimum_unique_probe_asns","minimum_mappable_segments,minimum_unique_probes,minimum_unique_probe_asns",6.0,2.0,0.0,1.0,probe_country_service
BR,H-Root,all_publicly_visible,5015,dns-root_h-root_msm5015_20260701T000000Z_010000Z.json,7.0,0.42857142857142855,0.7142857142857142,1.0,1.0789922078775833,0.9821410328348751,2.941713421083178,weak_network_transition_concentration,0.5714285714285714,1.0,1.0,0.6829081047004717,0.9852281360342515,1.9796263300525183,0.0030871031993764397,-0.0030871031993764397,moderate_corridor_observation_concentration,network_broad_physical_concentrated,0.42857142857142855,False,False,False,False,False,"insufficient_minimum_mappable_segments,minimum_unique_probes,maximum_country_fallback_share","minimum_mappable_segments,minimum_unique_probes,maximum_country_fallback_share",4.0,3.0,1.0,0.0,probe_country_service
BR,H-Root,resolved_entry_only,5015,dns-root_h-root_msm5015_20260701T000000Z_010000Z.json,5.0,0.6,1.0,1.0,0.6730116670092565,0.9709505944546688,1.9601317042077895,moderate_network_transition_concentration,0.6,1.0,1.0,0.6730116670092565,0.9709505944546688,1.9601317042077895,0.0,0.0,moderate_corridor_observation_concentration,network_and_physical_both_concentrated,0.6,False,False,False,False,False,"insufficient_minimum_mappable_segments,minimum_unique_probes,minimum_unique_probe_asns,maximum_country_fallback_share","minimum_mappable_segments,minimum_unique_probes,minimum_unique_probe_asns,maximum_country_fallback_share",3.0,2.0,1.0,0.0,probe_country_service
BT,H-Root,all_publicly_visible,,,0.0,,,,,,,,,,,,,,,,,unknown_cross_layer_distribution_class,,False,False,False,False,False,insufficient_no_inter_region_projection_segments,"minimum_mappable_segments,minimum_unique_probes,minimum_unique_probe_asns,maximum_country_fallback_share",0.0,0.0,,,probe_country_service
BT,H-Root,resolved_entry_only,,,0.0,,,,,,,,,,,,,,,,,unknown_cross_layer_distribution_class,,False,False,False,False,False,insufficient_no_inter_region_projection_segments,"minimum_mappable_segments,minimum_unique_probes,minimum_unique_probe_asns,maximum_country_fallback_share",0.0,0.0,,,probe_country_service
BW,H-Root,all_publicly_visible,,,0.0,,,,,,,,,,,,,,,,,unknown_cross_layer_distribution_class,,False,False,False,False,False,insufficient_no_inter_region_projection_segments,"minimum_mappable_segments,minimum_unique_probes,minimum_unique_probe_asns,maximum_country_fallback_share",0.0,0.0,,,probe_country_service
BW,H-Root,resolved_entry_only,,,0.0,,,,,,,,,,,,,,,,,unknown_cross_layer_distribution_class,,False,False,False,False,False,insufficient_no_inter_region_projection_segments,"minimum_mappable_segments,minimum_unique_probes,minimum_unique_probe_asns,maximum_country_fallback_share",0.0,0.0,,,probe_country_service
BY,H-Root,all_publicly_visible,,,0.0,,,,,,,,,,,,,,,,,unknown_cross_layer_distribution_class,,False,False,False,False,False,insufficient_no_inter_region_projection_segments,"minimum_mappable_segments,minimum_unique_probes,minimum_unique_probe_asns,maximum_country_fallback_share",0.0,0.0,,,probe_country_service
BY,H-Root,resolved_entry_only,,,0.0,,,,,,,,,,,,,,,,,unknown_cross_layer_distribution_class,,False,False,False,False,False,insufficient_no_inter_region_projection_segments,"minimum_mappable_segments,minimum_unique_probes,minimum_unique_probe_asns,maximum_country_fallback_share",0.0,0.0,,,probe_country_service
CA,H-Root,all_publicly_visible,5015,dns-root_h-root_msm5015_20260701T000000Z_010000Z.json,313.0,0.21405750798722045,0.4057507987220447,0.5175718849840255,2.5668129787238874,0.7622772421317665,13.024249665488236,broad_network_transition_distribution,0.4894568690095846,0.776996805111821,0.9143769968051119,1.286831069256464,0.5588636325197436,3.621292727942268,-0.20341360961202293,0.20341360961202293,weak_corridor_observation_concentration,network_and_physical_both_broad,0.12140575079872204,True,True,True,True,True,auditable,,61.0,19.0,0.6421725239616612,0.35782747603833864,probe_country_service
CA,H-Root,resolved_entry_only,5015,dns-root_h-root_msm5015_20260701T000000Z_010000Z.json,313.0,0.21405750798722045,0.4057507987220447,0.5175718849840255,2.5668129787238874,0.7622772421317665,13.024249665488236,broad_network_transition_distribution,0.4894568690095846,0.776996805111821,0.9143769968051119,1.286831069256464,0.5588636325197436,3.621292727942268,-0.20341360961202293,0.20341360961202293,weak_corridor_observation_concentration,network_and_physical_both_broad,0.12140575079872204,True,True,True,True,True,auditable,,61.0,19.0,0.6421725239616612,0.35782747603833864,probe_country_service
CD,H-Root,all_publicly_visible,,,0.0,,,,,,,,,,,,,,,,,unknown_cross_layer_distribution_class,,False,False,False,False,False,insufficient_no_inter_region_projection_segments,"minimum_mappable_segments,minimum_unique_probes,minimum_unique_probe_asns,maximum_country_fallback_share",0.0,0.0,,,probe_country_service
CD,H-Root,resolved_entry_only,,,0.0,,,,,,,,,,,,,,,,,unknown_cross_layer_distribution_class,,False,False,False,False,False,insufficient_no_inter_region_projection_segments,"minimum_mappable_segments,minimum_unique_probes,minimum_unique_probe_asns,maximum_country_fallback_share",0.0,0.0,,,probe_country_service
CG,H-Root,all_publicly_visible,,,0.0,,,,,,,,,,,,,,,,,unknown_cross_layer_distribution_class,,False,False,False,False,False,insufficient_no_inter_region_projection_segments,"minimum_mappable_segments,minimum_unique_probes,minimum_unique_probe_asns,maximum_country_fallback_share",0.0,0.0,,,probe_country_service
CG,H-Root,resolved_entry_only,,,0.0,,,,,,,,,,,,,,,,,unknown_cross_layer_distribution_class,,False,False,False,False,False,insufficient_no_inter_region_projection_segments,"minimum_mappable_segments,minimum_unique_probes,minimum_unique_probe_asns,maximum_country_fallback_share",0.0,0.0,,,probe_country_service
CH,H-Root,all_publicly_visible,,,0.0,,,,,,,,,,,,,,,,,unknown_cross_layer_distribution_class,,False,False,False,False,False,insufficient_no_inter_region_projection_segments,"minimum_mappable_segments,minimum_unique_probes,minimum_unique_probe_asns,maximum_country_fallback_share",0.0,0.0,,,probe_country_service
CH,H-Root,resolved_entry_only,,,0.0,,,,,,,,,,,,,,,,,unknown_cross_layer_distribution_class,,False,False,False,False,False,insufficient_no_inter_region_projection_segments,"minimum_mappable_segments,minimum_unique_probes,minimum_unique_probe_asns,maximum_country_fallback_share",0.0,0.0,,,probe_country_service
CI,H-Root,all_publicly_visible,5015,dns-root_h-root_msm5015_20260701T000000Z_010000Z.json,2.0,1.0,1.0,1.0,-0.0,0.0,1.0,severe_network_transition_concentration,1.0,1.0,1.0,-0.0,0.0,1.0,0.0,0.0,severe_corridor_observation_concentration,network_and_physical_both_concentrated,0.0,False,False,False,True,False,"insufficient_minimum_mappable_segments,minimum_unique_probes,minimum_unique_probe_asns","minimum_mappable_segments,minimum_unique_probes,minimum_unique_probe_asns",1.0,1.0,0.0,1.0,probe_country_service
CI,H-Root,resolved_entry_only,5015,dns-root_h-root_msm5015_20260701T000000Z_010000Z.json,2.0,1.0,1.0,1.0,-0.0,0.0,1.0,severe_network_transition_concentration,1.0,1.0,1.0,-0.0,0.0,1.0,0.0,0.0,severe_corridor_observation_concentration,network_and_physical_both_concentrated,0.0,False,False,False,True,False,"insufficient_minimum_mappable_segments,minimum_unique_probes,minimum_unique_probe_asns","minimum_mappable_segments,minimum_unique_probes,minimum_unique_probe_asns",1.0,1.0,0.0,1.0,probe_country_service
CK,H-Root,all_publicly_visible,,,0.0,,,,,,,,,,,,,,,,,unknown_cross_layer_distribution_class,,False,False,False,False,False,insufficient_no_inter_region_projection_segments,"minimum_mappable_segments,minimum_unique_probes,minimum_unique_probe_asns,maximum_country_fallback_share",0.0,0.0,,,probe_country_service
CK,H-Root,resolved_entry_only,,,0.0,,,,,,,,,,,,,,,,,unknown_cross_layer_distribution_class,,False,False,False,False,False,insufficient_no_inter_region_projection_segments,"minimum_mappable_segments,minimum_unique_probes,minimum_unique_probe_asns,maximum_country_fallback_share",0.0,0.0,,,probe_country_service
CL,H-Root,all_publicly_visible,,,0.0,,,,,,,,,,,,,,,,,unknown_cross_layer_distribution_class,,False,False,False,False,False,insufficient_no_inter_region_projection_segments,"minimum_mappable_segments,minimum_unique_probes,minimum_unique_probe_asns,maximum_country_fallback_share",0.0,0.0,,,probe_country_service
CL,H-Root,resolved_entry_only,,,0.0,,,,,,,,,,,,,,,,,unknown_cross_layer_distribution_class,,False,False,False,False,False,insufficient_no_inter_region_projection_segments,"minimum_mappable_segments,minimum_unique_probes,minimum_unique_probe_asns,maximum_country_fallback_share",0.0,0.0,,,probe_country_service
CM,H-Root,all_publicly_visible,5015,dns-root_h-root_msm5015_20260701T000000Z_010000Z.json,1.0,1.0,1.0,1.0,-0.0,0.0,1.0,severe_network_transition_concentration,1.0,1.0,1.0,-0.0,0.0,1.0,0.0,0.0,severe_corridor_observation_concentration,network_and_physical_both_concentrated,0.0,False,False,False,True,False,"insufficient_minimum_mappable_segments,minimum_unique_probes,minimum_unique_probe_asns","minimum_mappable_segments,minimum_unique_probes,minimum_unique_probe_asns",1.0,1.0,0.0,1.0,probe_country_service
CM,H-Root,resolved_entry_only,5015,dns-root_h-root_msm5015_20260701T000000Z_010000Z.json,1.0,1.0,1.0,1.0,-0.0,0.0,1.0,severe_network_transition_concentration,1.0,1.0,1.0,-0.0,0.0,1.0,0.0,0.0,severe_corridor_observation_concentration,network_and_physical_both_concentrated,0.0,False,False,False,True,False,"insufficient_minimum_mappable_segments,minimum_unique_probes,minimum_unique_probe_asns","minimum_mappable_segments,minimum_unique_probes,minimum_unique_probe_asns",1.0,1.0,0.0,1.0,probe_country_service
CN,H-Root,all_publicly_visible,5015,dns-root_h-root_msm5015_20260701T000000Z_010000Z.json,19.0,0.5789473684210527,0.8947368421052632,1.0,0.9174021803627407,0.8350554511591554,2.5027801659408815,moderate_network_transition_concentration,0.2894736842105263,0.5789473684210527,0.6842105263157895,1.811553835121048,0.824473680936732,6.119949440421345,-0.010581770222423348,0.010581770222423348,broad_corridor_observation_distribution,network_concentrated_physical_broad,0.0,False,False,False,True,False,"insufficient_minimum_mappable_segments,minimum_unique_probes","minimum_mappable_segments,minimum_unique_probes",8.0,5.0,0.3157894736842105,0.6842105263157895,probe_country_service
CN,H-Root,resolved_entry_only,5015,dns-root_h-root_msm5015_20260701T000000Z_010000Z.json,19.0,0.5789473684210527,0.8947368421052632,1.0,0.9174021803627407,0.8350554511591554,2.5027801659408815,moderate_network_transition_concentration,0.2894736842105263,0.5789473684210527,0.6842105263157895,1.811553835121048,0.824473680936732,6.119949440421345,-0.010581770222423348,0.010581770222423348,broad_corridor_observation_distribution,network_concentrated_physical_broad,0.0,False,False,False,True,False,"insufficient_minimum_mappable_segments,minimum_unique_probes","minimum_mappable_segments,minimum_unique_probes",8.0,5.0,0.3157894736842105,0.6842105263157895,probe_country_service
CO,H-Root,all_publicly_visible,5015,dns-root_h-root_msm5015_20260701T000000Z_010000Z.json,11.0,0.36363636363636365,0.6363636363636364,0.8181818181818181,1.4681399390162087,0.9122066329329885,4.341152817605064,weak_network_transition_concentration,0.45454545454545453,0.7272727272727273,0.9090909090909091,1.2406842919533958,0.8949645376549995,3.4579789224902,-0.017242095277989034,0.017242095277989034,weak_corridor_observation_concentration,network_and_physical_both_concentrated,0.0,False,False,False,True,False,"insufficient_minimum_mappable_segments,minimum_unique_probes","minimum_mappable_segments,minimum_unique_probes",8.0,6.0,0.45454545454545453,0.5454545454545454,probe_country_service
CO,H-Root,resolved_entry_only,5015,dns-root_h-root_msm5015_20260701T000000Z_010000Z.json,9.0,0.4444444444444444,0.7777777777777777,1.0,1.0608569471580214,0.965633607142825,2.8888455168024434,weak_network_transition_concentration,0.4444444444444444,0.7777777777777777,1.0,1.0608569471580214,0.965633607142825,2.8888455168024434,0.0,0.0,weak_corridor_observation_concentration,network_and_physical_both_concentrated,0.0,False,False,False,True,False,"insufficient_minimum_mappable_segments,minimum_unique_probes","minimum_mappable_segments,minimum_unique_probes",7.0,5.0,0.4444444444444444,0.5555555555555556,probe_country_service
CR,H-Root,all_publicly_visible,,,0.0,,,,,,,,,,,,,,,,,unknown_cross_layer_distribution_class,,False,False,False,False,False,insufficient_no_inter_region_projection_segments,"minimum_mappable_segments,minimum_unique_probes,minimum_unique_probe_asns,maximum_country_fallback_share",0.0,0.0,,,probe_country_service
CR,H-Root,resolved_entry_only,,,0.0,,,,,,,,,,,,,,,,,unknown_cross_layer_distribution_class,,False,False,False,False,False,insufficient_no_inter_region_projection_segments,"minimum_mappable_segments,minimum_unique_probes,minimum_unique_probe_asns,maximum_country_fallback_share",0.0,0.0,,,probe_country_service
CU,H-Root,all_publicly_visible,5015,dns-root_h-root_msm5015_20260701T000000Z_010000Z.json,1.0,1.0,1.0,1.0,-0.0,0.0,1.0,severe_network_transition_concentration,1.0,1.0,1.0,-0.0,0.0,1.0,0.0,0.0,severe_corridor_observation_concentration,network_and_physical_both_concentrated,0.0,False,False,False,True,False,"insufficient_minimum_mappable_segments,minimum_unique_probes,minimum_unique_probe_asns","minimum_mappable_segments,minimum_unique_probes,minimum_unique_probe_asns",1.0,1.0,0.0,1.0,probe_country_service
CU,H-Root,resolved_entry_only,5015,dns-root_h-root_msm5015_20260701T000000Z_010000Z.json,1.0,1.0,1.0,1.0,-0.0,0.0,1.0,severe_network_transition_concentration,1.0,1.0,1.0,-0.0,0.0,1.0,0.0,0.0,severe_corridor_observation_concentration,network_and_physical_both_concentrated,0.0,False,False,False,True,False,"insufficient_minimum_mappable_segments,minimum_unique_probes,minimum_unique_probe_asns","minimum_mappable_segments,minimum_unique_probes,minimum_unique_probe_asns",1.0,1.0,0.0,1.0,probe_country_service
CV,H-Root,all_publicly_visible,5015,dns-root_h-root_msm5015_20260701T000000Z_010000Z.json,8.0,0.75,1.0,1.0,0.5623351446188083,0.8112781244591328,1.7547653506033232,moderate_network_transition_concentration,0.25,0.5,0.75,1.3862943611198906,1.0,4.0,0.18872187554086717,-0.18872187554086717,weak_corridor_observation_concentration,network_and_physical_both_concentrated,0.0,False,False,False,True,False,"insufficient_minimum_mappable_segments,minimum_unique_probes,minimum_unique_probe_asns","minimum_mappable_segments,minimum_unique_probes,minimum_unique_probe_asns",1.0,1.0,0.75,0.25,probe_country_service
CV,H-Root,resolved_entry_only,5015,dns-root_h-root_msm5015_20260701T000000Z_010000Z.json,8.0,0.75,1.0,1.0,0.5623351446188083,0.8112781244591328,1.7547653506033232,moderate_network_transition_concentration,0.25,0.5,0.75,1.3862943611198906,1.0,4.0,0.18872187554086717,-0.18872187554086717,weak_corridor_observation_concentration,network_and_physical_both_concentrated,0.0,False,False,False,True,False,"insufficient_minimum_mappable_segments,minimum_unique_probes,minimum_unique_probe_asns","minimum_mappable_segments,minimum_unique_probes,minimum_unique_probe_asns",1.0,1.0,0.75,0.25,probe_country_service
CW,H-Root,all_publicly_visible,5015,dns-root_h-root_msm5015_20260701T000000Z_010000Z.json,1.0,1.0,1.0,1.0,-0.0,0.0,1.0,severe_network_transition_concentration,1.0,1.0,1.0,-0.0,0.0,1.0,0.0,0.0,severe_corridor_observation_concentration,network_and_physical_both_concentrated,0.0,False,False,False,True,False,"insufficient_minimum_mappable_segments,minimum_unique_probes,minimum_unique_probe_asns","minimum_mappable_segments,minimum_unique_probes,minimum_unique_probe_asns",1.0,1.0,0.0,1.0,probe_country_service
CW,H-Root,resolved_entry_only,,,0.0,,,,,,,,,,,,,,,,,unknown_cross_layer_distribution_class,,False,False,False,False,False,insufficient_no_inter_region_projection_segments,"minimum_mappable_segments,minimum_unique_probes,minimum_unique_probe_asns,maximum_country_fallback_share",0.0,0.0,,,probe_country_service
CY,H-Root,all_publicly_visible,5015,dns-root_h-root_msm5015_20260701T000000Z_010000Z.json,6.0,0.6666666666666666,1.0,1.0,0.6365141682948128,0.9182958340544894,1.8898815748423097,moderate_network_transition_concentration,1.0,1.0,1.0,-0.0,0.0,1.0,-0.9182958340544894,0.9182958340544894,severe_corridor_observation_concentration,network_and_physical_both_concentrated,0.0,False,False,False,True,False,"insufficient_minimum_mappable_segments,minimum_unique_probes,minimum_unique_probe_asns","minimum_mappable_segments,minimum_unique_probes,minimum_unique_probe_asns",4.0,2.0,0.0,1.0,probe_country_service
CY,H-Root,resolved_entry_only,5015,dns-root_h-root_msm5015_20260701T000000Z_010000Z.json,6.0,0.6666666666666666,1.0,1.0,0.6365141682948128,0.9182958340544894,1.8898815748423097,moderate_network_transition_concentration,1.0,1.0,1.0,-0.0,0.0,1.0,-0.9182958340544894,0.9182958340544894,severe_corridor_observation_concentration,network_and_physical_both_concentrated,0.0,False,False,False,True,False,"insufficient_minimum_mappable_segments,minimum_unique_probes,minimum_unique_probe_asns","minimum_mappable_segments,minimum_unique_probes,minimum_unique_probe_asns",4.0,2.0,0.0,1.0,probe_country_service
CZ,H-Root,all_publicly_visible,,,0.0,,,,,,,,,,,,,,,,,unknown_cross_layer_distribution_class,,False,False,False,False,False,insufficient_no_inter_region_projection_segments,"minimum_mappable_segments,minimum_unique_probes,minimum_unique_probe_asns,maximum_country_fallback_share",0.0,0.0,,,probe_country_service
CZ,H-Root,resolved_entry_only,,,0.0,,,,,,,,,,,,,,,,,unknown_cross_layer_distribution_class,,False,False,False,False,False,insufficient_no_inter_region_projection_segments,"minimum_mappable_segments,minimum_unique_probes,minimum_unique_probe_asns,maximum_country_fallback_share",0.0,0.0,,,probe_country_service
DE,H-Root,all_publicly_visible,5015,dns-root_h-root_msm5015_20260701T000000Z_010000Z.json,2.0,1.0,1.0,1.0,-0.0,0.0,1.0,severe_network_transition_concentration,0.5,1.0,1.0,0.6931471805599453,1.0,2.0,1.0,-1.0,moderate_corridor_observation_concentration,network_and_physical_both_concentrated,0.0,False,False,False,True,False,"insufficient_minimum_mappable_segments,minimum_unique_probes,minimum_unique_probe_asns","minimum_mappable_segments,minimum_unique_probes,minimum_unique_probe_asns",1.0,1.0,0.0,1.0,probe_country_service
DE,H-Root,resolved_entry_only,5015,dns-root_h-root_msm5015_20260701T000000Z_010000Z.json,2.0,1.0,1.0,1.0,-0.0,0.0,1.0,severe_network_transition_concentration,0.5,1.0,1.0,0.6931471805599453,1.0,2.0,1.0,-1.0,moderate_corridor_observation_concentration,network_and_physical_both_concentrated,0.0,False,False,False,True,False,"insufficient_minimum_mappable_segments,minimum_unique_probes,minimum_unique_probe_asns","minimum_mappable_segments,minimum_unique_probes,minimum_unique_probe_asns",1.0,1.0,0.0,1.0,probe_country_service
DJ,H-Root,all_publicly_visible,,,0.0,,,,,,,,,,,,,,,,,unknown_cross_layer_distribution_class,,False,False,False,False,False,insufficient_no_inter_region_projection_segments,"minimum_mappable_segments,minimum_unique_probes,minimum_unique_probe_asns,maximum_country_fallback_share",0.0,0.0,,,probe_country_service
DJ,H-Root,resolved_entry_only,,,0.0,,,,,,,,,,,,,,,,,unknown_cross_layer_distribution_class,,False,False,False,False,False,insufficient_no_inter_region_projection_segments,"minimum_mappable_segments,minimum_unique_probes,minimum_unique_probe_asns,maximum_country_fallback_share",0.0,0.0,,,probe_country_service
DK,H-Root,all_publicly_visible,5015,dns-root_h-root_msm5015_20260701T000000Z_010000Z.json,294.0,0.24489795918367346,0.3945578231292517,0.4897959183673469,2.6920888901459605,0.7915121023732955,14.762480936051668,broad_network_transition_distribution,0.9727891156462585,0.9863945578231292,1.0,0.1437702000480797,0.13086527570374976,1.1546187467035358,-0.6606468266695458,0.6606468266695458,severe_corridor_observation_concentration,network_broad_physical_concentrated,0.061224489795918366,True,True,True,True,True,auditable,,47.0,26.0,0.9523809523809523,0.047619047619047616,probe_country_service
DK,H-Root,resolved_entry_only,5015,dns-root_h-root_msm5015_20260701T000000Z_010000Z.json,294.0,0.24489795918367346,0.3945578231292517,0.4897959183673469,2.6920888901459605,0.7915121023732955,14.762480936051668,broad_network_transition_distribution,0.9727891156462585,0.9863945578231292,1.0,0.1437702000480797,0.13086527570374976,1.1546187467035358,-0.6606468266695458,0.6606468266695458,severe_corridor_observation_concentration,network_broad_physical_concentrated,0.061224489795918366,True,True,True,True,True,auditable,,47.0,26.0,0.9523809523809523,0.047619047619047616,probe_country_service
DO,H-Root,all_publicly_visible,5015,dns-root_h-root_msm5015_20260701T000000Z_010000Z.json,1.0,1.0,1.0,1.0,-0.0,0.0,1.0,severe_network_transition_concentration,1.0,1.0,1.0,-0.0,0.0,1.0,0.0,0.0,severe_corridor_observation_concentration,network_and_physical_both_concentrated,0.0,False,False,False,True,False,"insufficient_minimum_mappable_segments,minimum_unique_probes,minimum_unique_probe_asns","minimum_mappable_segments,minimum_unique_probes,minimum_unique_probe_asns",1.0,1.0,0.0,1.0,probe_country_service
DO,H-Root,resolved_entry_only,,,0.0,,,,,,,,,,,,,,,,,unknown_cross_layer_distribution_class,,False,False,False,False,False,insufficient_no_inter_region_projection_segments,"minimum_mappable_segments,minimum_unique_probes,minimum_unique_probe_asns,maximum_country_fallback_share",0.0,0.0,,,probe_country_service
DZ,H-Root,all_publicly_visible,,,0.0,,,,,,,,,,,,,,,,,unknown_cross_layer_distribution_class,,False,False,False,False,False,insufficient_no_inter_region_projection_segments,"minimum_mappable_segments,minimum_unique_probes,minimum_unique_probe_asns,maximum_country_fallback_share",0.0,0.0,,,probe_country_service
DZ,H-Root,resolved_entry_only,,,0.0,,,,,,,,,,,,,,,,,unknown_cross_layer_distribution_class,,False,False,False,False,False,insufficient_no_inter_region_projection_segments,"minimum_mappable_segments,minimum_unique_probes,minimum_unique_probe_asns,maximum_country_fallback_share",0.0,0.0,,,probe_country_service
EC,H-Root,all_publicly_visible,5015,dns-root_h-root_msm5015_20260701T000000Z_010000Z.json,14.0,0.5,0.7857142857142857,1.0,1.0346012329101812,0.9417346261113357,2.8139838876955348,weak_network_transition_concentration,0.5714285714285714,1.0,1.0,0.6829081047004717,0.9852281360342515,1.9796263300525183,0.043493509922915785,-0.043493509922915785,moderate_corridor_observation_concentration,network_broad_physical_concentrated,0.0,False,False,False,True,False,"insufficient_minimum_mappable_segments,minimum_unique_probes","minimum_mappable_segments,minimum_unique_probes",7.0,7.0,0.5714285714285714,0.42857142857142855,probe_country_service
EC,H-Root,resolved_entry_only,,,0.0,,,,,,,,,,,,,,,,,unknown_cross_layer_distribution_class,,False,False,False,False,False,insufficient_no_inter_region_projection_segments,"minimum_mappable_segments,minimum_unique_probes,minimum_unique_probe_asns,maximum_country_fallback_share",0.0,0.0,,,probe_country_service
EE,H-Root,all_publicly_visible,5015,dns-root_h-root_msm5015_20260701T000000Z_010000Z.json,88.0,0.6590909090909091,0.7954545454545454,0.9090909090909091,1.0115872954722125,0.7297059873020197,2.7499625556876897,weak_network_transition_concentration,0.23295454545454544,0.4659090909090909,0.6931818181818181,1.6991266258554147,0.9483006257460722,5.4691686747141475,0.21859463844405247,-0.21859463844405247,broad_corridor_observation_distribution,network_and_physical_both_broad,0.0,True,True,True,True,True,auditable,,25.0,12.0,0.4431818181818182,0.5568181818181818,probe_country_service
EE,H-Root,resolved_entry_only,5015,dns-root_h-root_msm5015_20260701T000000Z_010000Z.json,88.0,0.6590909090909091,0.7954545454545454,0.9090909090909091,1.0115872954722125,0.7297059873020197,2.7499625556876897,weak_network_transition_concentration,0.23295454545454544,0.4659090909090909,0.6931818181818181,1.6991266258554147,0.9483006257460722,5.4691686747141475,0.21859463844405247,-0.21859463844405247,broad_corridor_observation_distribution,network_and_physical_both_broad,0.0,True,True,True,True,True,auditable,,25.0,12.0,0.4431818181818182,0.5568181818181818,probe_country_service
EG,H-Root,all_publicly_visible,,,0.0,,,,,,,,,,,,,,,,,unknown_cross_layer_distribution_class,,False,False,False,False,False,insufficient_no_inter_region_projection_segments,"minimum_mappable_segments,minimum_unique_probes,minimum_unique_probe_asns,maximum_country_fallback_share",0.0,0.0,,,probe_country_service
EG,H-Root,resolved_entry_only,,,0.0,,,,,,,,,,,,,,,,,unknown_cross_layer_distribution_class,,False,False,False,False,False,insufficient_no_inter_region_projection_segments,"minimum_mappable_segments,minimum_unique_probes,minimum_unique_probe_asns,maximum_country_fallback_share",0.0,0.0,,,probe_country_service
ES,H-Root,all_publicly_visible,5015,dns-root_h-root_msm5015_20260701T000000Z_010000Z.json,23.0,0.6521739130434783,0.8260869565217391,1.0,0.8871851765599204,0.807550748986696,2.428284829269948,moderate_network_transition_concentration,0.6521739130434783,0.8695652173913043,0.9347826086956522,0.966609959275752,0.6972616973605051,2.6290168612192026,-0.11028905162619085,0.11028905162619085,moderate_corridor_observation_concentration,network_and_physical_both_concentrated,0.0,False,False,False,True,False,insufficient_minimum_mappable_segments,minimum_mappable_segments,18.0,4.0,0.34782608695652173,0.6521739130434783,probe_country_service
ES,H-Root,resolved_entry_only,5015,dns-root_h-root_msm5015_20260701T000000Z_010000Z.json,23.0,0.6521739130434783,0.8260869565217391,1.0,0.8871851765599204,0.807550748986696,2.428284829269948,moderate_network_transition_concentration,0.6521739130434783,0.8695652173913043,0.9347826086956522,0.966609959275752,0.6972616973605051,2.6290168612192026,-0.11028905162619085,0.11028905162619085,moderate_corridor_observation_concentration,network_and_physical_both_concentrated,0.0,False,False,False,True,False,insufficient_minimum_mappable_segments,minimum_mappable_segments,18.0,4.0,0.34782608695652173,0.6521739130434783,probe_country_service
ET,H-Root,all_publicly_visible,,,0.0,,,,,,,,,,,,,,,,,unknown_cross_layer_distribution_class,,False,False,False,False,False,insufficient_no_inter_region_projection_segments,"minimum_mappable_segments,minimum_unique_probes,minimum_unique_probe_asns,maximum_country_fallback_share",0.0,0.0,,,probe_country_service
ET,H-Root,resolved_entry_only,,,0.0,,,,,,,,,,,,,,,,,unknown_cross_layer_distribution_class,,False,False,False,False,False,insufficient_no_inter_region_projection_segments,"minimum_mappable_segments,minimum_unique_probes,minimum_unique_probe_asns,maximum_country_fallback_share",0.0,0.0,,,probe_country_service
FI,H-Root,all_publicly_visible,5015,dns-root_h-root_msm5015_20260701T000000Z_010000Z.json,289.0,0.629757785467128,0.754325259515571,0.8027681660899654,1.4616781133966037,0.5538637213348063,4.313191483037845,weak_network_transition_concentration,0.2491349480968858,0.4256055363321799,0.6020761245674741,1.9000867420579726,0.8251971872133048,6.686474415676259,0.2713334658784985,-0.2713334658784985,broad_corridor_observation_distribution,network_and_physical_both_broad,0.01384083044982699,True,True,True,True,True,auditable,,73.0,29.0,0.5813148788927336,0.4186851211072664,probe_country_service
FI,H-Root,resolved_entry_only,5015,dns-root_h-root_msm5015_20260701T000000Z_010000Z.json,289.0,0.629757785467128,0.754325259515571,0.8027681660899654,1.4616781133966037,0.5538637213348063,4.313191483037845,weak_network_transition_concentration,0.2491349480968858,0.4256055363321799,0.6020761245674741,1.9000867420579726,0.8251971872133048,6.686474415676259,0.2713334658784985,-0.2713334658784985,broad_corridor_observation_distribution,network_and_physical_both_broad,0.01384083044982699,True,True,True,True,True,auditable,,73.0,29.0,0.5813148788927336,0.4186851211072664,probe_country_service
FJ,H-Root,all_publicly_visible,5015,dns-root_h-root_msm5015_20260701T000000Z_010000Z.json,2.0,1.0,1.0,1.0,-0.0,0.0,1.0,severe_network_transition_concentration,0.25,0.5,0.75,1.3862943611198906,1.0,4.0,1.0,-1.0,weak_corridor_observation_concentration,network_and_physical_both_concentrated,0.0,False,False,False,True,False,"insufficient_minimum_mappable_segments,minimum_unique_probes,minimum_unique_probe_asns","minimum_mappable_segments,minimum_unique_probes,minimum_unique_probe_asns",1.0,1.0,0.0,1.0,probe_country_service
FJ,H-Root,resolved_entry_only,5015,dns-root_h-root_msm5015_20260701T000000Z_010000Z.json,2.0,1.0,1.0,1.0,-0.0,0.0,1.0,severe_network_transition_concentration,0.25,0.5,0.75,1.3862943611198906,1.0,4.0,1.0,-1.0,weak_corridor_observation_concentration,network_and_physical_both_concentrated,0.0,False,False,False,True,False,"insufficient_minimum_mappable_segments,minimum_unique_probes,minimum_unique_probe_asns","minimum_mappable_segments,minimum_unique_probes,minimum_unique_probe_asns",1.0,1.0,0.0,1.0,probe_country_service
FM,H-Root,all_publicly_visible,,,0.0,,,,,,,,,,,,,,,,,unknown_cross_layer_distribution_class,,False,False,False,False,False,insufficient_no_inter_region_projection_segments,"minimum_mappable_segments,minimum_unique_probes,minimum_unique_probe_asns,maximum_country_fallback_share",0.0,0.0,,,probe_country_service
FM,H-Root,resolved_entry_only,,,0.0,,,,,,,,,,,,,,,,,unknown_cross_layer_distribution_class,,False,False,False,False,False,insufficient_no_inter_region_projection_segments,"minimum_mappable_segments,minimum_unique_probes,minimum_unique_probe_asns,maximum_country_fallback_share",0.0,0.0,,,probe_country_service
FR,H-Root,all_publicly_visible,,,0.0,,,,,,,,,,,,,,,,,unknown_cross_layer_distribution_class,,False,False,False,False,False,insufficient_no_inter_region_projection_segments,"minimum_mappable_segments,minimum_unique_probes,minimum_unique_probe_asns,maximum_country_fallback_share",0.0,0.0,,,probe_country_service
FR,H-Root,resolved_entry_only,,,0.0,,,,,,,,,,,,,,,,,unknown_cross_layer_distribution_class,,False,False,False,False,False,insufficient_no_inter_region_projection_segments,"minimum_mappable_segments,minimum_unique_probes,minimum_unique_probe_asns,maximum_country_fallback_share",0.0,0.0,,,probe_country_service
GB,H-Root,all_publicly_visible,,,0.0,,,,,,,,,,,,,,,,,unknown_cross_layer_distribution_class,,False,False,False,False,False,insufficient_no_inter_region_projection_segments,"minimum_mappable_segments,minimum_unique_probes,minimum_unique_probe_asns,maximum_country_fallback_share",0.0,0.0,,,probe_country_service
GB,H-Root,resolved_entry_only,,,0.0,,,,,,,,,,,,,,,,,unknown_cross_layer_distribution_class,,False,False,False,False,False,insufficient_no_inter_region_projection_segments,"minimum_mappable_segments,minimum_unique_probes,minimum_unique_probe_asns,maximum_country_fallback_share",0.0,0.0,,,probe_country_service
GE,H-Root,all_publicly_visible,,,0.0,,,,,,,,,,,,,,,,,unknown_cross_layer_distribution_class,,False,False,False,False,False,insufficient_no_inter_region_projection_segments,"minimum_mappable_segments,minimum_unique_probes,minimum_unique_probe_asns,maximum_country_fallback_share",0.0,0.0,,,probe_country_service
GE,H-Root,resolved_entry_only,,,0.0,,,,,,,,,,,,,,,,,unknown_cross_layer_distribution_class,,False,False,False,False,False,insufficient_no_inter_region_projection_segments,"minimum_mappable_segments,minimum_unique_probes,minimum_unique_probe_asns,maximum_country_fallback_share",0.0,0.0,,,probe_country_service
GF,H-Root,all_publicly_visible,,,0.0,,,,,,,,,,,,,,,,,unknown_cross_layer_distribution_class,,False,False,False,False,False,insufficient_no_inter_region_projection_segments,"minimum_mappable_segments,minimum_unique_probes,minimum_unique_probe_asns,maximum_country_fallback_share",0.0,0.0,,,probe_country_service
GF,H-Root,resolved_entry_only,,,0.0,,,,,,,,,,,,,,,,,unknown_cross_layer_distribution_class,,False,False,False,False,False,insufficient_no_inter_region_projection_segments,"minimum_mappable_segments,minimum_unique_probes,minimum_unique_probe_asns,maximum_country_fallback_share",0.0,0.0,,,probe_country_service
GG,H-Root,all_publicly_visible,5015,dns-root_h-root_msm5015_20260701T000000Z_010000Z.json,4.0,1.0,1.0,1.0,-0.0,0.0,1.0,severe_network_transition_concentration,1.0,1.0,1.0,-0.0,0.0,1.0,0.0,0.0,severe_corridor_observation_concentration,network_and_physical_both_concentrated,0.0,False,False,False,True,False,"insufficient_minimum_mappable_segments,minimum_unique_probes,minimum_unique_probe_asns","minimum_mappable_segments,minimum_unique_probes,minimum_unique_probe_asns",1.0,1.0,1.0,0.0,probe_country_service
GG,H-Root,resolved_entry_only,5015,dns-root_h-root_msm5015_20260701T000000Z_010000Z.json,4.0,1.0,1.0,1.0,-0.0,0.0,1.0,severe_network_transition_concentration,1.0,1.0,1.0,-0.0,0.0,1.0,0.0,0.0,severe_corridor_observation_concentration,network_and_physical_both_concentrated,0.0,False,False,False,True,False,"insufficient_minimum_mappable_segments,minimum_unique_probes,minimum_unique_probe_asns","minimum_mappable_segments,minimum_unique_probes,minimum_unique_probe_asns",1.0,1.0,1.0,0.0,probe_country_service
GH,H-Root,all_publicly_visible,5015,dns-root_h-root_msm5015_20260701T000000Z_010000Z.json,6.0,0.6666666666666666,1.0,1.0,0.6365141682948128,0.9182958340544894,1.8898815748423097,moderate_network_transition_concentration,0.6666666666666666,1.0,1.0,0.6365141682948128,0.9182958340544894,1.8898815748423097,0.0,0.0,moderate_corridor_observation_concentration,network_and_physical_both_concentrated,0.0,False,False,False,True,False,"insufficient_minimum_mappable_segments,minimum_unique_probes,minimum_unique_probe_asns","minimum_mappable_segments,minimum_unique_probes,minimum_unique_probe_asns",2.0,2.0,0.0,1.0,probe_country_service
GH,H-Root,resolved_entry_only,5015,dns-root_h-root_msm5015_20260701T000000Z_010000Z.json,6.0,0.6666666666666666,1.0,1.0,0.6365141682948128,0.9182958340544894,1.8898815748423097,moderate_network_transition_concentration,0.6666666666666666,1.0,1.0,0.6365141682948128,0.9182958340544894,1.8898815748423097,0.0,0.0,moderate_corridor_observation_concentration,network_and_physical_both_concentrated,0.0,False,False,False,True,False,"insufficient_minimum_mappable_segments,minimum_unique_probes,minimum_unique_probe_asns","minimum_mappable_segments,minimum_unique_probes,minimum_unique_probe_asns",2.0,2.0,0.0,1.0,probe_country_service
GP,H-Root,all_publicly_visible,5015,dns-root_h-root_msm5015_20260701T000000Z_010000Z.json,2.0,1.0,1.0,1.0,-0.0,0.0,1.0,severe_network_transition_concentration,0.25,0.5,0.75,1.3862943611198906,1.0,4.0,1.0,-1.0,weak_corridor_observation_concentration,network_and_physical_both_concentrated,0.0,False,False,False,True,False,"insufficient_minimum_mappable_segments,minimum_unique_probes,minimum_unique_probe_asns","minimum_mappable_segments,minimum_unique_probes,minimum_unique_probe_asns",1.0,1.0,1.0,0.0,probe_country_service
GP,H-Root,resolved_entry_only,5015,dns-root_h-root_msm5015_20260701T000000Z_010000Z.json,2.0,1.0,1.0,1.0,-0.0,0.0,1.0,severe_network_transition_concentration,0.25,0.5,0.75,1.3862943611198906,1.0,4.0,1.0,-1.0,weak_corridor_observation_concentration,network_and_physical_both_concentrated,0.0,False,False,False,True,False,"insufficient_minimum_mappable_segments,minimum_unique_probes,minimum_unique_probe_asns","minimum_mappable_segments,minimum_unique_probes,minimum_unique_probe_asns",1.0,1.0,1.0,0.0,probe_country_service
GQ,H-Root,all_publicly_visible,5015,dns-root_h-root_msm5015_20260701T000000Z_010000Z.json,2.0,1.0,1.0,1.0,-0.0,0.0,1.0,severe_network_transition_concentration,1.0,1.0,1.0,-0.0,0.0,1.0,0.0,0.0,severe_corridor_observation_concentration,network_and_physical_both_concentrated,0.0,False,False,False,True,False,"insufficient_minimum_mappable_segments,minimum_unique_probes,minimum_unique_probe_asns","minimum_mappable_segments,minimum_unique_probes,minimum_unique_probe_asns",1.0,1.0,1.0,0.0,probe_country_service
GQ,H-Root,resolved_entry_only,5015,dns-root_h-root_msm5015_20260701T000000Z_010000Z.json,2.0,1.0,1.0,1.0,-0.0,0.0,1.0,severe_network_transition_concentration,1.0,1.0,1.0,-0.0,0.0,1.0,0.0,0.0,severe_corridor_observation_concentration,network_and_physical_both_concentrated,0.0,False,False,False,True,False,"insufficient_minimum_mappable_segments,minimum_unique_probes,minimum_unique_probe_asns","minimum_mappable_segments,minimum_unique_probes,minimum_unique_probe_asns",1.0,1.0,1.0,0.0,probe_country_service
GR,H-Root,all_publicly_visible,,,0.0,,,,,,,,,,,,,,,,,unknown_cross_layer_distribution_class,,False,False,False,False,False,insufficient_no_inter_region_projection_segments,"minimum_mappable_segments,minimum_unique_probes,minimum_unique_probe_asns,maximum_country_fallback_share",0.0,0.0,,,probe_country_service
GR,H-Root,resolved_entry_only,,,0.0,,,,,,,,,,,,,,,,,unknown_cross_layer_distribution_class,,False,False,False,False,False,insufficient_no_inter_region_projection_segments,"minimum_mappable_segments,minimum_unique_probes,minimum_unique_probe_asns,maximum_country_fallback_share",0.0,0.0,,,probe_country_service
GT,H-Root,all_publicly_visible,,,0.0,,,,,,,,,,,,,,,,,unknown_cross_layer_distribution_class,,False,False,False,False,False,insufficient_no_inter_region_projection_segments,"minimum_mappable_segments,minimum_unique_probes,minimum_unique_probe_asns,maximum_country_fallback_share",0.0,0.0,,,probe_country_service
GT,H-Root,resolved_entry_only,,,0.0,,,,,,,,,,,,,,,,,unknown_cross_layer_distribution_class,,False,False,False,False,False,insufficient_no_inter_region_projection_segments,"minimum_mappable_segments,minimum_unique_probes,minimum_unique_probe_asns,maximum_country_fallback_share",0.0,0.0,,,probe_country_service
GU,H-Root,all_publicly_visible,5015,dns-root_h-root_msm5015_20260701T000000Z_010000Z.json,25.0,0.32,0.56,0.76,1.6351893530947132,0.9126165543856191,5.130429367736222,broad_network_transition_distribution,0.24,0.48,0.64,1.9307514696885786,0.8787228622889807,6.894689445460629,-0.033893692096638395,0.033893692096638395,broad_corridor_observation_distribution,network_and_physical_both_broad,0.0,False,False,False,True,False,"insufficient_minimum_mappable_segments,minimum_unique_probes","minimum_mappable_segments,minimum_unique_probes",6.0,4.0,0.48,0.52,probe_country_service
GU,H-Root,resolved_entry_only,5015,dns-root_h-root_msm5015_20260701T000000Z_010000Z.json,6.0,1.0,1.0,1.0,-0.0,0.0,1.0,severe_network_transition_concentration,1.0,1.0,1.0,-0.0,0.0,1.0,0.0,0.0,severe_corridor_observation_concentration,network_and_physical_both_concentrated,0.0,False,False,False,True,False,"insufficient_minimum_mappable_segments,minimum_unique_probes,minimum_unique_probe_asns","minimum_mappable_segments,minimum_unique_probes,minimum_unique_probe_asns",2.0,1.0,0.0,1.0,probe_country_service
HK,H-Root,all_publicly_visible,5015,dns-root_h-root_msm5015_20260701T000000Z_010000Z.json,19.0,0.3157894736842105,0.5263157894736842,0.631578947368421,1.794917310517627,0.9224050305657796,6.0189769951370105,broad_network_transition_distribution,0.21052631578947367,0.42105263157894735,0.631578947368421,1.8224566865052347,0.8764164079520116,6.187039411045665,-0.045988622613768015,0.045988622613768015,broad_corridor_observation_distribution,network_and_physical_both_broad,0.0,False,False,False,True,False,"insufficient_minimum_mappable_segments,minimum_unique_probes","minimum_mappable_segments,minimum_unique_probes",4.0,4.0,0.8421052631578947,0.15789473684210525,probe_country_service
HK,H-Root,resolved_entry_only,5015,dns-root_h-root_msm5015_20260701T000000Z_010000Z.json,19.0,0.3157894736842105,0.5263157894736842,0.631578947368421,1.794917310517627,0.9224050305657796,6.0189769951370105,broad_network_transition_distribution,0.21052631578947367,0.42105263157894735,0.631578947368421,1.8224566865052347,0.8764164079520116,6.187039411045665,-0.045988622613768015,0.045988622613768015,broad_corridor_observation_distribution,network_and_physical_both_broad,0.0,False,False,False,True,False,"insufficient_minimum_mappable_segments,minimum_unique_probes","minimum_mappable_segments,minimum_unique_probes",4.0,4.0,0.8421052631578947,0.15789473684210525,probe_country_service
HN,H-Root,all_publicly_visible,5015,dns-root_h-root_msm5015_20260701T000000Z_010000Z.json,14.0,0.5714285714285714,0.8571428571428571,1.0,0.9556998911125343,0.8699155297736259,2.6004900059896596,moderate_network_transition_concentration,1.0,1.0,1.0,-0.0,0.0,1.0,-0.8699155297736259,0.8699155297736259,severe_corridor_observation_concentration,network_and_physical_both_concentrated,0.0,False,False,False,True,False,"insufficient_minimum_mappable_segments,minimum_unique_probes","minimum_mappable_segments,minimum_unique_probes",7.0,5.0,0.0,1.0,probe_country_service
HN,H-Root,resolved_entry_only,5015,dns-root_h-root_msm5015_20260701T000000Z_010000Z.json,12.0,0.6666666666666666,1.0,1.0,0.6365141682948128,0.9182958340544894,1.8898815748423097,moderate_network_transition_concentration,1.0,1.0,1.0,-0.0,0.0,1.0,-0.9182958340544894,0.9182958340544894,severe_corridor_observation_concentration,network_and_physical_both_concentrated,0.0,False,False,False,True,False,"insufficient_minimum_mappable_segments,minimum_unique_probes","minimum_mappable_segments,minimum_unique_probes",6.0,4.0,0.0,1.0,probe_country_service
HR,H-Root,all_publicly_visible,,,0.0,,,,,,,,,,,,,,,,,unknown_cross_layer_distribution_class,,False,False,False,False,False,insufficient_no_inter_region_projection_segments,"minimum_mappable_segments,minimum_unique_probes,minimum_unique_probe_asns,maximum_country_fallback_share",0.0,0.0,,,probe_country_service
HR,H-Root,resolved_entry_only,,,0.0,,,,,,,,,,,,,,,,,unknown_cross_layer_distribution_class,,False,False,False,False,False,insufficient_no_inter_region_projection_segments,"minimum_mappable_segments,minimum_unique_probes,minimum_unique_probe_asns,maximum_country_fallback_share",0.0,0.0,,,probe_country_service
HT,H-Root,all_publicly_visible,,,0.0,,,,,,,,,,,,,,,,,unknown_cross_layer_distribution_class,,False,False,False,False,False,insufficient_no_inter_region_projection_segments,"minimum_mappable_segments,minimum_unique_probes,minimum_unique_probe_asns,maximum_country_fallback_share",0.0,0.0,,,probe_country_service
HT,H-Root,resolved_entry_only,,,0.0,,,,,,,,,,,,,,,,,unknown_cross_layer_distribution_class,,False,False,False,False,False,insufficient_no_inter_region_projection_segments,"minimum_mappable_segments,minimum_unique_probes,minimum_unique_probe_asns,maximum_country_fallback_share",0.0,0.0,,,probe_country_service
HU,H-Root,all_publicly_visible,,,0.0,,,,,,,,,,,,,,,,,unknown_cross_layer_distribution_class,,False,False,False,False,False,insufficient_no_inter_region_projection_segments,"minimum_mappable_segments,minimum_unique_probes,minimum_unique_probe_asns,maximum_country_fallback_share",0.0,0.0,,,probe_country_service
HU,H-Root,resolved_entry_only,,,0.0,,,,,,,,,,,,,,,,,unknown_cross_layer_distribution_class,,False,False,False,False,False,insufficient_no_inter_region_projection_segments,"minimum_mappable_segments,minimum_unique_probes,minimum_unique_probe_asns,maximum_country_fallback_share",0.0,0.0,,,probe_country_service
ID,H-Root,all_publicly_visible,5015,dns-root_h-root_msm5015_20260701T000000Z_010000Z.json,478.0,0.09832635983263599,0.16108786610878661,0.2217573221757322,3.9933983878551023,0.8874593994910024,54.23890133778063,broad_network_transition_distribution,0.44142259414225943,0.500139470013947,0.5588563458856346,2.3609517331499927,0.724641429619427,10.60103601016376,-0.16281796987157537,0.16281796987157537,broad_corridor_observation_distribution,network_and_physical_both_broad,0.1192468619246862,True,True,True,True,True,auditable,,85.0,60.0,0.8410041841004184,0.1589958158995816,probe_country_service
ID,H-Root,resolved_entry_only,5015,dns-root_h-root_msm5015_20260701T000000Z_010000Z.json,464.0,0.10129310344827586,0.15948275862068964,0.21551724137931033,3.9780015158947832,0.8907486249612343,53.41018808594838,broad_network_transition_distribution,0.4418103448275862,0.5008620689655172,0.5599137931034482,2.355608356737809,0.723001399512944,10.544541753857684,-0.16774722544829035,0.16774722544829035,broad_corridor_observation_distribution,network_and_physical_both_broad,0.11422413793103449,True,True,True,True,True,auditable,,83.0,58.0,0.8448275862068966,0.15517241379310345,probe_country_service
IE,H-Root,all_publicly_visible,,,0.0,,,,,,,,,,,,,,,,,unknown_cross_layer_distribution_class,,False,False,False,False,False,insufficient_no_inter_region_projection_segments,"minimum_mappable_segments,minimum_unique_probes,minimum_unique_probe_asns,maximum_country_fallback_share",0.0,0.0,,,probe_country_service
IE,H-Root,resolved_entry_only,,,0.0,,,,,,,,,,,,,,,,,unknown_cross_layer_distribution_class,,False,False,False,False,False,insufficient_no_inter_region_projection_segments,"minimum_mappable_segments,minimum_unique_probes,minimum_unique_probe_asns,maximum_country_fallback_share",0.0,0.0,,,probe_country_service
IL,H-Root,all_publicly_visible,5015,dns-root_h-root_msm5015_20260701T000000Z_010000Z.json,68.0,0.38235294117647056,0.6911764705882353,0.75,1.7073578381368617,0.7414960877371044,5.514372348372776,broad_network_transition_distribution,0.6617647058823529,0.7656862745098039,0.8588235294117647,1.1786048770970563,0.5667891371184898,3.249837116536915,-0.17470695061861463,0.17470695061861463,weak_corridor_observation_concentration,network_and_physical_both_broad,0.0,True,True,True,True,True,auditable,,19.0,8.0,1.0,0.0,probe_country_service
IL,H-Root,resolved_entry_only,5015,dns-root_h-root_msm5015_20260701T000000Z_010000Z.json,64.0,0.34375,0.671875,0.734375,1.75077972485978,0.7603539735346959,5.75909143254048,broad_network_transition_distribution,0.703125,0.8135416666666666,0.8927083333333333,1.0796926936129612,0.5192224315864887,2.9437747712611255,-0.24113154194820718,0.24113154194820718,moderate_corridor_observation_concentration,network_broad_physical_concentrated,0.0,True,True,True,True,True,auditable,,18.0,8.0,1.0,0.0,probe_country_service
IM,H-Root,all_publicly_visible,,,0.0,,,,,,,,,,,,,,,,,unknown_cross_layer_distribution_class,,False,False,False,False,False,insufficient_no_inter_region_projection_segments,"minimum_mappable_segments,minimum_unique_probes,minimum_unique_probe_asns,maximum_country_fallback_share",0.0,0.0,,,probe_country_service
IM,H-Root,resolved_entry_only,,,0.0,,,,,,,,,,,,,,,,,unknown_cross_layer_distribution_class,,False,False,False,False,False,insufficient_no_inter_region_projection_segments,"minimum_mappable_segments,minimum_unique_probes,minimum_unique_probe_asns,maximum_country_fallback_share",0.0,0.0,,,probe_country_service
IN,H-Root,all_publicly_visible,5015,dns-root_h-root_msm5015_20260701T000000Z_010000Z.json,156.0,0.41025641025641024,0.8076923076923077,0.9358974358974359,1.2126699366576577,0.6768039781478666,3.3624502075597875,moderate_network_transition_concentration,0.5064102564102564,0.7051282051282051,0.8397435897435896,1.4754469317008727,0.6153091623467816,4.37298976400008,-0.06149481580108507,0.06149481580108507,weak_corridor_observation_concentration,network_and_physical_both_concentrated,0.05128205128205128,True,True,True,True,True,auditable,,81.0,31.0,0.23717948717948717,0.7628205128205128,probe_country_service
IN,H-Root,resolved_entry_only,5015,dns-root_h-root_msm5015_20260701T000000Z_010000Z.json,154.0,0.4155844155844156,0.8181818181818182,0.948051948051948,1.1881470732301045,0.6631175074754843,3.2809961259652773,moderate_network_transition_concentration,0.512987012987013,0.7142857142857143,0.8506493506493507,1.4543367565206338,0.6065055355079817,4.281642752027615,-0.05661197196750256,0.05661197196750256,weak_corridor_observation_concentration,network_and_physical_both_concentrated,0.03896103896103896,True,True,True,True,True,auditable,,80.0,30.0,0.24025974025974026,0.7597402597402597,probe_country_service
IQ,H-Root,all_publicly_visible,,,0.0,,,,,,,,,,,,,,,,,unknown_cross_layer_distribution_class,,False,False,False,False,False,insufficient_no_inter_region_projection_segments,"minimum_mappable_segments,minimum_unique_probes,minimum_unique_probe_asns,maximum_country_fallback_share",0.0,0.0,,,probe_country_service
IQ,H-Root,resolved_entry_only,,,0.0,,,,,,,,,,,,,,,,,unknown_cross_layer_distribution_class,,False,False,False,False,False,insufficient_no_inter_region_projection_segments,"minimum_mappable_segments,minimum_unique_probes,minimum_unique_probe_asns,maximum_country_fallback_share",0.0,0.0,,,probe_country_service
IR,H-Root,all_publicly_visible,,,0.0,,,,,,,,,,,,,,,,,unknown_cross_layer_distribution_class,,False,False,False,False,False,insufficient_no_inter_region_projection_segments,"minimum_mappable_segments,minimum_unique_probes,minimum_unique_probe_asns,maximum_country_fallback_share",0.0,0.0,,,probe_country_service
IR,H-Root,resolved_entry_only,,,0.0,,,,,,,,,,,,,,,,,unknown_cross_layer_distribution_class,,False,False,False,False,False,insufficient_no_inter_region_projection_segments,"minimum_mappable_segments,minimum_unique_probes,minimum_unique_probe_asns,maximum_country_fallback_share",0.0,0.0,,,probe_country_service
IS,H-Root,all_publicly_visible,5015,dns-root_h-root_msm5015_20260701T000000Z_010000Z.json,6.0,0.6666666666666666,1.0,1.0,0.6365141682948128,0.9182958340544894,1.8898815748423097,moderate_network_transition_concentration,1.0,1.0,1.0,-0.0,0.0,1.0,-0.9182958340544894,0.9182958340544894,severe_corridor_observation_concentration,network_and_physical_both_concentrated,0.0,False,False,False,True,False,"insufficient_minimum_mappable_segments,minimum_unique_probes,minimum_unique_probe_asns","minimum_mappable_segments,minimum_unique_probes,minimum_unique_probe_asns",1.0,1.0,0.6666666666666666,0.3333333333333333,probe_country_service
IS,H-Root,resolved_entry_only,5015,dns-root_h-root_msm5015_20260701T000000Z_010000Z.json,6.0,0.6666666666666666,1.0,1.0,0.6365141682948128,0.9182958340544894,1.8898815748423097,moderate_network_transition_concentration,1.0,1.0,1.0,-0.0,0.0,1.0,-0.9182958340544894,0.9182958340544894,severe_corridor_observation_concentration,network_and_physical_both_concentrated,0.0,False,False,False,True,False,"insufficient_minimum_mappable_segments,minimum_unique_probes,minimum_unique_probe_asns","minimum_mappable_segments,minimum_unique_probes,minimum_unique_probe_asns",1.0,1.0,0.6666666666666666,0.3333333333333333,probe_country_service
IT,H-Root,all_publicly_visible,,,0.0,,,,,,,,,,,,,,,,,unknown_cross_layer_distribution_class,,False,False,False,False,False,insufficient_no_inter_region_projection_segments,"minimum_mappable_segments,minimum_unique_probes,minimum_unique_probe_asns,maximum_country_fallback_share",0.0,0.0,,,probe_country_service
IT,H-Root,resolved_entry_only,,,0.0,,,,,,,,,,,,,,,,,unknown_cross_layer_distribution_class,,False,False,False,False,False,insufficient_no_inter_region_projection_segments,"minimum_mappable_segments,minimum_unique_probes,minimum_unique_probe_asns,maximum_country_fallback_share",0.0,0.0,,,probe_country_service
JM,H-Root,all_publicly_visible,5015,dns-root_h-root_msm5015_20260701T000000Z_010000Z.json,10.0,0.4,0.8,1.0,1.0549201679861442,0.9602297178607612,2.8717458874925876,moderate_network_transition_concentration,0.8,1.0,1.0,0.5004024235381879,0.7219280948873623,1.6493848884661177,-0.23830162297339885,0.23830162297339885,severe_corridor_observation_concentration,network_and_physical_both_concentrated,0.0,False,False,False,True,False,"insufficient_minimum_mappable_segments,minimum_unique_probes,minimum_unique_probe_asns","minimum_mappable_segments,minimum_unique_probes,minimum_unique_probe_asns",4.0,2.0,1.0,0.0,probe_country_service
JM,H-Root,resolved_entry_only,5015,dns-root_h-root_msm5015_20260701T000000Z_010000Z.json,2.0,1.0,1.0,1.0,-0.0,0.0,1.0,severe_network_transition_concentration,1.0,1.0,1.0,-0.0,0.0,1.0,0.0,0.0,severe_corridor_observation_concentration,network_and_physical_both_concentrated,0.0,False,False,False,True,False,"insufficient_minimum_mappable_segments,minimum_unique_probes,minimum_unique_probe_asns","minimum_mappable_segments,minimum_unique_probes,minimum_unique_probe_asns",1.0,1.0,1.0,0.0,probe_country_service
JO,H-Root,all_publicly_visible,,,0.0,,,,,,,,,,,,,,,,,unknown_cross_layer_distribution_class,,False,False,False,False,False,insufficient_no_inter_region_projection_segments,"minimum_mappable_segments,minimum_unique_probes,minimum_unique_probe_asns,maximum_country_fallback_share",0.0,0.0,,,probe_country_service
JO,H-Root,resolved_entry_only,,,0.0,,,,,,,,,,,,,,,,,unknown_cross_layer_distribution_class,,False,False,False,False,False,insufficient_no_inter_region_projection_segments,"minimum_mappable_segments,minimum_unique_probes,minimum_unique_probe_asns,maximum_country_fallback_share",0.0,0.0,,,probe_country_service
JP,H-Root,all_publicly_visible,5015,dns-root_h-root_msm5015_20260701T000000Z_010000Z.json,40.0,0.65,0.8500000000000001,0.9,1.051256318980014,0.6531822761588254,2.861243495514534,moderate_network_transition_concentration,0.65,0.7333333333333334,0.8166666666666667,1.2008087852624942,0.6701841435110928,3.322803270566246,0.017001867352267386,-0.017001867352267386,weak_corridor_observation_concentration,network_and_physical_both_concentrated,0.0,True,True,True,True,True,auditable,,15.0,12.0,0.95,0.05,probe_country_service
JP,H-Root,resolved_entry_only,5015,dns-root_h-root_msm5015_20260701T000000Z_010000Z.json,40.0,0.65,0.8500000000000001,0.9,1.051256318980014,0.6531822761588254,2.861243495514534,moderate_network_transition_concentration,0.65,0.7333333333333334,0.8166666666666667,1.2008087852624942,0.6701841435110928,3.322803270566246,0.017001867352267386,-0.017001867352267386,weak_corridor_observation_concentration,network_and_physical_both_concentrated,0.0,True,True,True,True,True,auditable,,15.0,12.0,0.95,0.05,probe_country_service
KE,H-Root,all_publicly_visible,,,0.0,,,,,,,,,,,,,,,,,unknown_cross_layer_distribution_class,,False,False,False,False,False,insufficient_no_inter_region_projection_segments,"minimum_mappable_segments,minimum_unique_probes,minimum_unique_probe_asns,maximum_country_fallback_share",0.0,0.0,,,probe_country_service
KE,H-Root,resolved_entry_only,,,0.0,,,,,,,,,,,,,,,,,unknown_cross_layer_distribution_class,,False,False,False,False,False,insufficient_no_inter_region_projection_segments,"minimum_mappable_segments,minimum_unique_probes,minimum_unique_probe_asns,maximum_country_fallback_share",0.0,0.0,,,probe_country_service
KG,H-Root,all_publicly_visible,,,0.0,,,,,,,,,,,,,,,,,unknown_cross_layer_distribution_class,,False,False,False,False,False,insufficient_no_inter_region_projection_segments,"minimum_mappable_segments,minimum_unique_probes,minimum_unique_probe_asns,maximum_country_fallback_share",0.0,0.0,,,probe_country_service
KG,H-Root,resolved_entry_only,,,0.0,,,,,,,,,,,,,,,,,unknown_cross_layer_distribution_class,,False,False,False,False,False,insufficient_no_inter_region_projection_segments,"minimum_mappable_segments,minimum_unique_probes,minimum_unique_probe_asns,maximum_country_fallback_share",0.0,0.0,,,probe_country_service
KH,H-Root,all_publicly_visible,,,0.0,,,,,,,,,,,,,,,,,unknown_cross_layer_distribution_class,,False,False,False,False,False,insufficient_no_inter_region_projection_segments,"minimum_mappable_segments,minimum_unique_probes,minimum_unique_probe_asns,maximum_country_fallback_share",0.0,0.0,,,probe_country_service
KH,H-Root,resolved_entry_only,,,0.0,,,,,,,,,,,,,,,,,unknown_cross_layer_distribution_class,,False,False,False,False,False,insufficient_no_inter_region_projection_segments,"minimum_mappable_segments,minimum_unique_probes,minimum_unique_probe_asns,maximum_country_fallback_share",0.0,0.0,,,probe_country_service
KI,H-Root,all_publicly_visible,,,0.0,,,,,,,,,,,,,,,,,unknown_cross_layer_distribution_class,,False,False,False,False,False,insufficient_no_inter_region_projection_segments,"minimum_mappable_segments,minimum_unique_probes,minimum_unique_probe_asns,maximum_country_fallback_share",0.0,0.0,,,probe_country_service
KI,H-Root,resolved_entry_only,,,0.0,,,,,,,,,,,,,,,,,unknown_cross_layer_distribution_class,,False,False,False,False,False,insufficient_no_inter_region_projection_segments,"minimum_mappable_segments,minimum_unique_probes,minimum_unique_probe_asns,maximum_country_fallback_share",0.0,0.0,,,probe_country_service
KN,H-Root,all_publicly_visible,5015,dns-root_h-root_msm5015_20260701T000000Z_010000Z.json,2.0,1.0,1.0,1.0,-0.0,0.0,1.0,severe_network_transition_concentration,1.0,1.0,1.0,-0.0,0.0,1.0,0.0,0.0,severe_corridor_observation_concentration,network_and_physical_both_concentrated,0.0,False,False,False,True,False,"insufficient_minimum_mappable_segments,minimum_unique_probes,minimum_unique_probe_asns","minimum_mappable_segments,minimum_unique_probes,minimum_unique_probe_asns",1.0,1.0,1.0,0.0,probe_country_service
KN,H-Root,resolved_entry_only,5015,dns-root_h-root_msm5015_20260701T000000Z_010000Z.json,2.0,1.0,1.0,1.0,-0.0,0.0,1.0,severe_network_transition_concentration,1.0,1.0,1.0,-0.0,0.0,1.0,0.0,0.0,severe_corridor_observation_concentration,network_and_physical_both_concentrated,0.0,False,False,False,True,False,"insufficient_minimum_mappable_segments,minimum_unique_probes,minimum_unique_probe_asns","minimum_mappable_segments,minimum_unique_probes,minimum_unique_probe_asns",1.0,1.0,1.0,0.0,probe_country_service
KR,H-Root,all_publicly_visible,,,0.0,,,,,,,,,,,,,,,,,unknown_cross_layer_distribution_class,,False,False,False,False,False,insufficient_no_inter_region_projection_segments,"minimum_mappable_segments,minimum_unique_probes,minimum_unique_probe_asns,maximum_country_fallback_share",0.0,0.0,,,probe_country_service
KR,H-Root,resolved_entry_only,,,0.0,,,,,,,,,,,,,,,,,unknown_cross_layer_distribution_class,,False,False,False,False,False,insufficient_no_inter_region_projection_segments,"minimum_mappable_segments,minimum_unique_probes,minimum_unique_probe_asns,maximum_country_fallback_share",0.0,0.0,,,probe_country_service
KW,H-Root,all_publicly_visible,,,0.0,,,,,,,,,,,,,,,,,unknown_cross_layer_distribution_class,,False,False,False,False,False,insufficient_no_inter_region_projection_segments,"minimum_mappable_segments,minimum_unique_probes,minimum_unique_probe_asns,maximum_country_fallback_share",0.0,0.0,,,probe_country_service
KW,H-Root,resolved_entry_only,,,0.0,,,,,,,,,,,,,,,,,unknown_cross_layer_distribution_class,,False,False,False,False,False,insufficient_no_inter_region_projection_segments,"minimum_mappable_segments,minimum_unique_probes,minimum_unique_probe_asns,maximum_country_fallback_share",0.0,0.0,,,probe_country_service
KY,H-Root,all_publicly_visible,5015,dns-root_h-root_msm5015_20260701T000000Z_010000Z.json,2.0,1.0,1.0,1.0,-0.0,0.0,1.0,severe_network_transition_concentration,1.0,1.0,1.0,-0.0,0.0,1.0,0.0,0.0,severe_corridor_observation_concentration,network_and_physical_both_concentrated,0.0,False,False,False,True,False,"insufficient_minimum_mappable_segments,minimum_unique_probes,minimum_unique_probe_asns","minimum_mappable_segments,minimum_unique_probes,minimum_unique_probe_asns",1.0,1.0,0.0,1.0,probe_country_service
KY,H-Root,resolved_entry_only,,,0.0,,,,,,,,,,,,,,,,,unknown_cross_layer_distribution_class,,False,False,False,False,False,insufficient_no_inter_region_projection_segments,"minimum_mappable_segments,minimum_unique_probes,minimum_unique_probe_asns,maximum_country_fallback_share",0.0,0.0,,,probe_country_service
KZ,H-Root,all_publicly_visible,,,0.0,,,,,,,,,,,,,,,,,unknown_cross_layer_distribution_class,,False,False,False,False,False,insufficient_no_inter_region_projection_segments,"minimum_mappable_segments,minimum_unique_probes,minimum_unique_probe_asns,maximum_country_fallback_share",0.0,0.0,,,probe_country_service
KZ,H-Root,resolved_entry_only,,,0.0,,,,,,,,,,,,,,,,,unknown_cross_layer_distribution_class,,False,False,False,False,False,insufficient_no_inter_region_projection_segments,"minimum_mappable_segments,minimum_unique_probes,minimum_unique_probe_asns,maximum_country_fallback_share",0.0,0.0,,,probe_country_service
LA,H-Root,all_publicly_visible,,,0.0,,,,,,,,,,,,,,,,,unknown_cross_layer_distribution_class,,False,False,False,False,False,insufficient_no_inter_region_projection_segments,"minimum_mappable_segments,minimum_unique_probes,minimum_unique_probe_asns,maximum_country_fallback_share",0.0,0.0,,,probe_country_service
LA,H-Root,resolved_entry_only,,,0.0,,,,,,,,,,,,,,,,,unknown_cross_layer_distribution_class,,False,False,False,False,False,insufficient_no_inter_region_projection_segments,"minimum_mappable_segments,minimum_unique_probes,minimum_unique_probe_asns,maximum_country_fallback_share",0.0,0.0,,,probe_country_service
LB,H-Root,all_publicly_visible,,,0.0,,,,,,,,,,,,,,,,,unknown_cross_layer_distribution_class,,False,False,False,False,False,insufficient_no_inter_region_projection_segments,"minimum_mappable_segments,minimum_unique_probes,minimum_unique_probe_asns,maximum_country_fallback_share",0.0,0.0,,,probe_country_service
LB,H-Root,resolved_entry_only,,,0.0,,,,,,,,,,,,,,,,,unknown_cross_layer_distribution_class,,False,False,False,False,False,insufficient_no_inter_region_projection_segments,"minimum_mappable_segments,minimum_unique_probes,minimum_unique_probe_asns,maximum_country_fallback_share",0.0,0.0,,,probe_country_service
LC,H-Root,all_publicly_visible,5015,dns-root_h-root_msm5015_20260701T000000Z_010000Z.json,3.0,1.0,1.0,1.0,-0.0,0.0,1.0,severe_network_transition_concentration,0.6666666666666666,1.0,1.0,0.6365141682948128,0.9182958340544894,1.8898815748423097,0.9182958340544894,-0.9182958340544894,moderate_corridor_observation_concentration,network_and_physical_both_concentrated,0.0,False,False,False,True,False,"insufficient_minimum_mappable_segments,minimum_unique_probes,minimum_unique_probe_asns","minimum_mappable_segments,minimum_unique_probes,minimum_unique_probe_asns",2.0,1.0,0.3333333333333333,0.6666666666666666,probe_country_service
LC,H-Root,resolved_entry_only,,,0.0,,,,,,,,,,,,,,,,,unknown_cross_layer_distribution_class,,False,False,False,False,False,insufficient_no_inter_region_projection_segments,"minimum_mappable_segments,minimum_unique_probes,minimum_unique_probe_asns,maximum_country_fallback_share",0.0,0.0,,,probe_country_service
LI,H-Root,all_publicly_visible,,,0.0,,,,,,,,,,,,,,,,,unknown_cross_layer_distribution_class,,False,False,False,False,False,insufficient_no_inter_region_projection_segments,"minimum_mappable_segments,minimum_unique_probes,minimum_unique_probe_asns,maximum_country_fallback_share",0.0,0.0,,,probe_country_service
LI,H-Root,resolved_entry_only,,,0.0,,,,,,,,,,,,,,,,,unknown_cross_layer_distribution_class,,False,False,False,False,False,insufficient_no_inter_region_projection_segments,"minimum_mappable_segments,minimum_unique_probes,minimum_unique_probe_asns,maximum_country_fallback_share",0.0,0.0,,,probe_country_service
LK,H-Root,all_publicly_visible,5015,dns-root_h-root_msm5015_20260701T000000Z_010000Z.json,18.0,0.6666666666666666,0.7777777777777777,0.8888888888888888,1.0797346179130656,0.6708768381627621,2.94389818954517,weak_network_transition_concentration,0.7222222222222222,0.8333333333333333,0.8888888888888888,1.09894234909995,0.4772645981439052,3.0009903447233337,-0.1936122400188569,0.1936122400188569,moderate_corridor_observation_concentration,network_broad_physical_concentrated,0.0,False,False,False,True,False,"insufficient_minimum_mappable_segments,minimum_unique_probes","minimum_mappable_segments,minimum_unique_probes",9.0,4.0,0.05555555555555555,0.9444444444444444,probe_country_service
LK,H-Root,resolved_entry_only,5015,dns-root_h-root_msm5015_20260701T000000Z_010000Z.json,18.0,0.6666666666666666,0.7777777777777777,0.8888888888888888,1.0797346179130656,0.6708768381627621,2.94389818954517,weak_network_transition_concentration,0.7222222222222222,0.8333333333333333,0.8888888888888888,1.09894234909995,0.4772645981439052,3.0009903447233337,-0.1936122400188569,0.1936122400188569,moderate_corridor_observation_concentration,network_broad_physical_concentrated,0.0,False,False,False,True,False,"insufficient_minimum_mappable_segments,minimum_unique_probes","minimum_mappable_segments,minimum_unique_probes",9.0,4.0,0.05555555555555555,0.9444444444444444,probe_country_service
LR,H-Root,all_publicly_visible,,,0.0,,,,,,,,,,,,,,,,,unknown_cross_layer_distribution_class,,False,False,False,False,False,insufficient_no_inter_region_projection_segments,"minimum_mappable_segments,minimum_unique_probes,minimum_unique_probe_asns,maximum_country_fallback_share",0.0,0.0,,,probe_country_service
LR,H-Root,resolved_entry_only,,,0.0,,,,,,,,,,,,,,,,,unknown_cross_layer_distribution_class,,False,False,False,False,False,insufficient_no_inter_region_projection_segments,"minimum_mappable_segments,minimum_unique_probes,minimum_unique_probe_asns,maximum_country_fallback_share",0.0,0.0,,,probe_country_service
LS,H-Root,all_publicly_visible,,,0.0,,,,,,,,,,,,,,,,,unknown_cross_layer_distribution_class,,False,False,False,False,False,insufficient_no_inter_region_projection_segments,"minimum_mappable_segments,minimum_unique_probes,minimum_unique_probe_asns,maximum_country_fallback_share",0.0,0.0,,,probe_country_service
LS,H-Root,resolved_entry_only,,,0.0,,,,,,,,,,,,,,,,,unknown_cross_layer_distribution_class,,False,False,False,False,False,insufficient_no_inter_region_projection_segments,"minimum_mappable_segments,minimum_unique_probes,minimum_unique_probe_asns,maximum_country_fallback_share",0.0,0.0,,,probe_country_service
LT,H-Root,all_publicly_visible,,,0.0,,,,,,,,,,,,,,,,,unknown_cross_layer_distribution_class,,False,False,False,False,False,insufficient_no_inter_region_projection_segments,"minimum_mappable_segments,minimum_unique_probes,minimum_unique_probe_asns,maximum_country_fallback_share",0.0,0.0,,,probe_country_service
LT,H-Root,resolved_entry_only,,,0.0,,,,,,,,,,,,,,,,,unknown_cross_layer_distribution_class,,False,False,False,False,False,insufficient_no_inter_region_projection_segments,"minimum_mappable_segments,minimum_unique_probes,minimum_unique_probe_asns,maximum_country_fallback_share",0.0,0.0,,,probe_country_service
LU,H-Root,all_publicly_visible,,,0.0,,,,,,,,,,,,,,,,,unknown_cross_layer_distribution_class,,False,False,False,False,False,insufficient_no_inter_region_projection_segments,"minimum_mappable_segments,minimum_unique_probes,minimum_unique_probe_asns,maximum_country_fallback_share",0.0,0.0,,,probe_country_service
LU,H-Root,resolved_entry_only,,,0.0,,,,,,,,,,,,,,,,,unknown_cross_layer_distribution_class,,False,False,False,False,False,insufficient_no_inter_region_projection_segments,"minimum_mappable_segments,minimum_unique_probes,minimum_unique_probe_asns,maximum_country_fallback_share",0.0,0.0,,,probe_country_service
LV,H-Root,all_publicly_visible,,,0.0,,,,,,,,,,,,,,,,,unknown_cross_layer_distribution_class,,False,False,False,False,False,insufficient_no_inter_region_projection_segments,"minimum_mappable_segments,minimum_unique_probes,minimum_unique_probe_asns,maximum_country_fallback_share",0.0,0.0,,,probe_country_service
LV,H-Root,resolved_entry_only,,,0.0,,,,,,,,,,,,,,,,,unknown_cross_layer_distribution_class,,False,False,False,False,False,insufficient_no_inter_region_projection_segments,"minimum_mappable_segments,minimum_unique_probes,minimum_unique_probe_asns,maximum_country_fallback_share",0.0,0.0,,,probe_country_service
MA,H-Root,all_publicly_visible,,,0.0,,,,,,,,,,,,,,,,,unknown_cross_layer_distribution_class,,False,False,False,False,False,insufficient_no_inter_region_projection_segments,"minimum_mappable_segments,minimum_unique_probes,minimum_unique_probe_asns,maximum_country_fallback_share",0.0,0.0,,,probe_country_service
MA,H-Root,resolved_entry_only,,,0.0,,,,,,,,,,,,,,,,,unknown_cross_layer_distribution_class,,False,False,False,False,False,insufficient_no_inter_region_projection_segments,"minimum_mappable_segments,minimum_unique_probes,minimum_unique_probe_asns,maximum_country_fallback_share",0.0,0.0,,,probe_country_service
MD,H-Root,all_publicly_visible,,,0.0,,,,,,,,,,,,,,,,,unknown_cross_layer_distribution_class,,False,False,False,False,False,insufficient_no_inter_region_projection_segments,"minimum_mappable_segments,minimum_unique_probes,minimum_unique_probe_asns,maximum_country_fallback_share",0.0,0.0,,,probe_country_service
MD,H-Root,resolved_entry_only,,,0.0,,,,,,,,,,,,,,,,,unknown_cross_layer_distribution_class,,False,False,False,False,False,insufficient_no_inter_region_projection_segments,"minimum_mappable_segments,minimum_unique_probes,minimum_unique_probe_asns,maximum_country_fallback_share",0.0,0.0,,,probe_country_service
ME,H-Root,all_publicly_visible,,,0.0,,,,,,,,,,,,,,,,,unknown_cross_layer_distribution_class,,False,False,False,False,False,insufficient_no_inter_region_projection_segments,"minimum_mappable_segments,minimum_unique_probes,minimum_unique_probe_asns,maximum_country_fallback_share",0.0,0.0,,,probe_country_service
ME,H-Root,resolved_entry_only,,,0.0,,,,,,,,,,,,,,,,,unknown_cross_layer_distribution_class,,False,False,False,False,False,insufficient_no_inter_region_projection_segments,"minimum_mappable_segments,minimum_unique_probes,minimum_unique_probe_asns,maximum_country_fallback_share",0.0,0.0,,,probe_country_service
MG,H-Root,all_publicly_visible,,,0.0,,,,,,,,,,,,,,,,,unknown_cross_layer_distribution_class,,False,False,False,False,False,insufficient_no_inter_region_projection_segments,"minimum_mappable_segments,minimum_unique_probes,minimum_unique_probe_asns,maximum_country_fallback_share",0.0,0.0,,,probe_country_service
MG,H-Root,resolved_entry_only,,,0.0,,,,,,,,,,,,,,,,,unknown_cross_layer_distribution_class,,False,False,False,False,False,insufficient_no_inter_region_projection_segments,"minimum_mappable_segments,minimum_unique_probes,minimum_unique_probe_asns,maximum_country_fallback_share",0.0,0.0,,,probe_country_service
MH,H-Root,all_publicly_visible,,,0.0,,,,,,,,,,,,,,,,,unknown_cross_layer_distribution_class,,False,False,False,False,False,insufficient_no_inter_region_projection_segments,"minimum_mappable_segments,minimum_unique_probes,minimum_unique_probe_asns,maximum_country_fallback_share",0.0,0.0,,,probe_country_service
MH,H-Root,resolved_entry_only,,,0.0,,,,,,,,,,,,,,,,,unknown_cross_layer_distribution_class,,False,False,False,False,False,insufficient_no_inter_region_projection_segments,"minimum_mappable_segments,minimum_unique_probes,minimum_unique_probe_asns,maximum_country_fallback_share",0.0,0.0,,,probe_country_service
MK,H-Root,all_publicly_visible,,,0.0,,,,,,,,,,,,,,,,,unknown_cross_layer_distribution_class,,False,False,False,False,False,insufficient_no_inter_region_projection_segments,"minimum_mappable_segments,minimum_unique_probes,minimum_unique_probe_asns,maximum_country_fallback_share",0.0,0.0,,,probe_country_service
MK,H-Root,resolved_entry_only,,,0.0,,,,,,,,,,,,,,,,,unknown_cross_layer_distribution_class,,False,False,False,False,False,insufficient_no_inter_region_projection_segments,"minimum_mappable_segments,minimum_unique_probes,minimum_unique_probe_asns,maximum_country_fallback_share",0.0,0.0,,,probe_country_service
ML,H-Root,all_publicly_visible,5015,dns-root_h-root_msm5015_20260701T000000Z_010000Z.json,10.0,0.8,1.0,1.0,0.5004024235381879,0.7219280948873623,1.6493848884661177,severe_network_transition_concentration,0.8,0.9,1.0,0.639031859650177,0.5816718657178868,1.8946457081379977,-0.14025622916947555,0.14025622916947555,severe_corridor_observation_concentration,network_and_physical_both_concentrated,0.0,False,False,False,True,False,"insufficient_minimum_mappable_segments,minimum_unique_probes,minimum_unique_probe_asns","minimum_mappable_segments,minimum_unique_probes,minimum_unique_probe_asns",1.0,1.0,0.8,0.2,probe_country_service
ML,H-Root,resolved_entry_only,5015,dns-root_h-root_msm5015_20260701T000000Z_010000Z.json,10.0,0.8,1.0,1.0,0.5004024235381879,0.7219280948873623,1.6493848884661177,severe_network_transition_concentration,0.8,0.9,1.0,0.639031859650177,0.5816718657178868,1.8946457081379977,-0.14025622916947555,0.14025622916947555,severe_corridor_observation_concentration,network_and_physical_both_concentrated,0.0,False,False,False,True,False,"insufficient_minimum_mappable_segments,minimum_unique_probes,minimum_unique_probe_asns","minimum_mappable_segments,minimum_unique_probes,minimum_unique_probe_asns",1.0,1.0,0.8,0.2,probe_country_service
MM,H-Root,all_publicly_visible,5015,dns-root_h-root_msm5015_20260701T000000Z_010000Z.json,21.0,0.5238095238095238,0.8095238095238095,1.0,1.0124947110267577,0.9216124027287591,2.7524590469913566,moderate_network_transition_concentration,0.19047619047619047,0.36507936507936506,0.5396825396825397,1.9840423939824032,0.9541227075706268,7.272080262286675,0.03251030484186768,-0.03251030484186768,broad_corridor_observation_distribution,network_concentrated_physical_broad,0.0,False,False,False,True,False,"insufficient_minimum_mappable_segments,minimum_unique_probes","minimum_mappable_segments,minimum_unique_probes",3.0,3.0,0.5238095238095238,0.47619047619047616,probe_country_service
MM,H-Root,resolved_entry_only,5015,dns-root_h-root_msm5015_20260701T000000Z_010000Z.json,21.0,0.5238095238095238,0.8095238095238095,1.0,1.0124947110267577,0.9216124027287591,2.7524590469913566,moderate_network_transition_concentration,0.19047619047619047,0.36507936507936506,0.5396825396825397,1.9840423939824032,0.9541227075706268,7.272080262286675,0.03251030484186768,-0.03251030484186768,broad_corridor_observation_distribution,network_concentrated_physical_broad,0.0,False,False,False,True,False,"insufficient_minimum_mappable_segments,minimum_unique_probes","minimum_mappable_segments,minimum_unique_probes",3.0,3.0,0.5238095238095238,0.47619047619047616,probe_country_service
MN,H-Root,all_publicly_visible,,,0.0,,,,,,,,,,,,,,,,,unknown_cross_layer_distribution_class,,False,False,False,False,False,insufficient_no_inter_region_projection_segments,"minimum_mappable_segments,minimum_unique_probes,minimum_unique_probe_asns,maximum_country_fallback_share",0.0,0.0,,,probe_country_service
MN,H-Root,resolved_entry_only,,,0.0,,,,,,,,,,,,,,,,,unknown_cross_layer_distribution_class,,False,False,False,False,False,insufficient_no_inter_region_projection_segments,"minimum_mappable_segments,minimum_unique_probes,minimum_unique_probe_asns,maximum_country_fallback_share",0.0,0.0,,,probe_country_service
MP,H-Root,all_publicly_visible,5015,dns-root_h-root_msm5015_20260701T000000Z_010000Z.json,2.0,1.0,1.0,1.0,-0.0,0.0,1.0,severe_network_transition_concentration,1.0,1.0,1.0,-0.0,0.0,1.0,0.0,0.0,severe_corridor_observation_concentration,network_and_physical_both_concentrated,0.0,False,False,False,True,False,"insufficient_minimum_mappable_segments,minimum_unique_probes,minimum_unique_probe_asns","minimum_mappable_segments,minimum_unique_probes,minimum_unique_probe_asns",1.0,1.0,0.0,1.0,probe_country_service
MP,H-Root,resolved_entry_only,,,0.0,,,,,,,,,,,,,,,,,unknown_cross_layer_distribution_class,,False,False,False,False,False,insufficient_no_inter_region_projection_segments,"minimum_mappable_segments,minimum_unique_probes,minimum_unique_probe_asns,maximum_country_fallback_share",0.0,0.0,,,probe_country_service
MT,H-Root,all_publicly_visible,5015,dns-root_h-root_msm5015_20260701T000000Z_010000Z.json,4.0,1.0,1.0,1.0,-0.0,0.0,1.0,severe_network_transition_concentration,1.0,1.0,1.0,-0.0,0.0,1.0,0.0,0.0,severe_corridor_observation_concentration,network_and_physical_both_concentrated,0.0,False,False,False,True,False,"insufficient_minimum_mappable_segments,minimum_unique_probes,minimum_unique_probe_asns","minimum_mappable_segments,minimum_unique_probes,minimum_unique_probe_asns",2.0,2.0,0.0,1.0,probe_country_service
MT,H-Root,resolved_entry_only,5015,dns-root_h-root_msm5015_20260701T000000Z_010000Z.json,4.0,1.0,1.0,1.0,-0.0,0.0,1.0,severe_network_transition_concentration,1.0,1.0,1.0,-0.0,0.0,1.0,0.0,0.0,severe_corridor_observation_concentration,network_and_physical_both_concentrated,0.0,False,False,False,True,False,"insufficient_minimum_mappable_segments,minimum_unique_probes,minimum_unique_probe_asns","minimum_mappable_segments,minimum_unique_probes,minimum_unique_probe_asns",2.0,2.0,0.0,1.0,probe_country_service
MU,H-Root,all_publicly_visible,,,0.0,,,,,,,,,,,,,,,,,unknown_cross_layer_distribution_class,,False,False,False,False,False,insufficient_no_inter_region_projection_segments,"minimum_mappable_segments,minimum_unique_probes,minimum_unique_probe_asns,maximum_country_fallback_share",0.0,0.0,,,probe_country_service
MU,H-Root,resolved_entry_only,,,0.0,,,,,,,,,,,,,,,,,unknown_cross_layer_distribution_class,,False,False,False,False,False,insufficient_no_inter_region_projection_segments,"minimum_mappable_segments,minimum_unique_probes,minimum_unique_probe_asns,maximum_country_fallback_share",0.0,0.0,,,probe_country_service
MV,H-Root,all_publicly_visible,5015,dns-root_h-root_msm5015_20260701T000000Z_010000Z.json,45.0,0.7555555555555555,0.8444444444444444,0.8888888888888888,0.9266554149972371,0.5171762342612141,2.5260464562673257,moderate_network_transition_concentration,0.9333333333333333,0.9555555555555556,0.9777777777777777,0.318170846039176,0.22951175086808256,1.3746110880271727,-0.2876644833931315,0.2876644833931315,severe_corridor_observation_concentration,network_and_physical_both_concentrated,0.0,True,True,True,True,True,auditable,,10.0,3.0,0.9333333333333333,0.06666666666666667,probe_country_service
MV,H-Root,resolved_entry_only,5015,dns-root_h-root_msm5015_20260701T000000Z_010000Z.json,45.0,0.7555555555555555,0.8444444444444444,0.8888888888888888,0.9266554149972371,0.5171762342612141,2.5260464562673257,moderate_network_transition_concentration,0.9333333333333333,0.9555555555555556,0.9777777777777777,0.318170846039176,0.22951175086808256,1.3746110880271727,-0.2876644833931315,0.2876644833931315,severe_corridor_observation_concentration,network_and_physical_both_concentrated,0.0,True,True,True,True,True,auditable,,10.0,3.0,0.9333333333333333,0.06666666666666667,probe_country_service
MW,H-Root,all_publicly_visible,,,0.0,,,,,,,,,,,,,,,,,unknown_cross_layer_distribution_class,,False,False,False,False,False,insufficient_no_inter_region_projection_segments,"minimum_mappable_segments,minimum_unique_probes,minimum_unique_probe_asns,maximum_country_fallback_share",0.0,0.0,,,probe_country_service
MW,H-Root,resolved_entry_only,,,0.0,,,,,,,,,,,,,,,,,unknown_cross_layer_distribution_class,,False,False,False,False,False,insufficient_no_inter_region_projection_segments,"minimum_mappable_segments,minimum_unique_probes,minimum_unique_probe_asns,maximum_country_fallback_share",0.0,0.0,,,probe_country_service
MX,H-Root,all_publicly_visible,5015,dns-root_h-root_msm5015_20260701T000000Z_010000Z.json,4.0,1.0,1.0,1.0,-0.0,0.0,1.0,severe_network_transition_concentration,1.0,1.0,1.0,-0.0,0.0,1.0,0.0,0.0,severe_corridor_observation_concentration,network_and_physical_both_concentrated,0.0,False,False,False,True,False,"insufficient_minimum_mappable_segments,minimum_unique_probes,minimum_unique_probe_asns","minimum_mappable_segments,minimum_unique_probes,minimum_unique_probe_asns",2.0,2.0,0.0,1.0,probe_country_service
MX,H-Root,resolved_entry_only,5015,dns-root_h-root_msm5015_20260701T000000Z_010000Z.json,4.0,1.0,1.0,1.0,-0.0,0.0,1.0,severe_network_transition_concentration,1.0,1.0,1.0,-0.0,0.0,1.0,0.0,0.0,severe_corridor_observation_concentration,network_and_physical_both_concentrated,0.0,False,False,False,True,False,"insufficient_minimum_mappable_segments,minimum_unique_probes,minimum_unique_probe_asns","minimum_mappable_segments,minimum_unique_probes,minimum_unique_probe_asns",2.0,2.0,0.0,1.0,probe_country_service
MY,H-Root,all_publicly_visible,5015,dns-root_h-root_msm5015_20260701T000000Z_010000Z.json,16.0,0.25,0.5,0.75,1.64622455382987,0.9187754171820363,5.187358218604039,broad_network_transition_distribution,0.375,0.47916666666666663,0.5833333333333333,1.8713135540666979,0.8999115948001087,6.496824727391719,-0.01886382238192752,0.01886382238192752,broad_corridor_observation_distribution,network_and_physical_both_broad,0.0,False,False,False,True,False,"insufficient_minimum_mappable_segments,minimum_unique_probes","minimum_mappable_segments,minimum_unique_probes",6.0,6.0,0.625,0.375,probe_country_service
MY,H-Root,resolved_entry_only,5015,dns-root_h-root_msm5015_20260701T000000Z_010000Z.json,16.0,0.25,0.5,0.75,1.64622455382987,0.9187754171820363,5.187358218604039,broad_network_transition_distribution,0.375,0.47916666666666663,0.5833333333333333,1.8713135540666979,0.8999115948001087,6.496824727391719,-0.01886382238192752,0.01886382238192752,broad_corridor_observation_distribution,network_and_physical_both_broad,0.0,False,False,False,True,False,"insufficient_minimum_mappable_segments,minimum_unique_probes","minimum_mappable_segments,minimum_unique_probes",6.0,6.0,0.625,0.375,probe_country_service
MZ,H-Root,all_publicly_visible,,,0.0,,,,,,,,,,,,,,,,,unknown_cross_layer_distribution_class,,False,False,False,False,False,insufficient_no_inter_region_projection_segments,"minimum_mappable_segments,minimum_unique_probes,minimum_unique_probe_asns,maximum_country_fallback_share",0.0,0.0,,,probe_country_service
MZ,H-Root,resolved_entry_only,,,0.0,,,,,,,,,,,,,,,,,unknown_cross_layer_distribution_class,,False,False,False,False,False,insufficient_no_inter_region_projection_segments,"minimum_mappable_segments,minimum_unique_probes,minimum_unique_probe_asns,maximum_country_fallback_share",0.0,0.0,,,probe_country_service
NA,H-Root,all_publicly_visible,,,0.0,,,,,,,,,,,,,,,,,unknown_cross_layer_distribution_class,,False,False,False,False,False,insufficient_no_inter_region_projection_segments,"minimum_mappable_segments,minimum_unique_probes,minimum_unique_probe_asns,maximum_country_fallback_share",0.0,0.0,,,probe_country_service
NA,H-Root,resolved_entry_only,,,0.0,,,,,,,,,,,,,,,,,unknown_cross_layer_distribution_class,,False,False,False,False,False,insufficient_no_inter_region_projection_segments,"minimum_mappable_segments,minimum_unique_probes,minimum_unique_probe_asns,maximum_country_fallback_share",0.0,0.0,,,probe_country_service
NC,H-Root,all_publicly_visible,5015,dns-root_h-root_msm5015_20260701T000000Z_010000Z.json,10.0,1.0,1.0,1.0,-0.0,0.0,1.0,severe_network_transition_concentration,1.0,1.0,1.0,-0.0,0.0,1.0,0.0,0.0,severe_corridor_observation_concentration,network_and_physical_both_concentrated,0.0,False,False,False,True,False,"insufficient_minimum_mappable_segments,minimum_unique_probes,minimum_unique_probe_asns","minimum_mappable_segments,minimum_unique_probes,minimum_unique_probe_asns",5.0,2.0,0.0,1.0,probe_country_service
NC,H-Root,resolved_entry_only,5015,dns-root_h-root_msm5015_20260701T000000Z_010000Z.json,10.0,1.0,1.0,1.0,-0.0,0.0,1.0,severe_network_transition_concentration,1.0,1.0,1.0,-0.0,0.0,1.0,0.0,0.0,severe_corridor_observation_concentration,network_and_physical_both_concentrated,0.0,False,False,False,True,False,"insufficient_minimum_mappable_segments,minimum_unique_probes,minimum_unique_probe_asns","minimum_mappable_segments,minimum_unique_probes,minimum_unique_probe_asns",5.0,2.0,0.0,1.0,probe_country_service
NG,H-Root,all_publicly_visible,5015,dns-root_h-root_msm5015_20260701T000000Z_010000Z.json,11.0,0.36363636363636365,0.7272727272727273,0.9090909090909092,1.2636544318820966,0.9115339911368306,3.538328469525938,weak_network_transition_concentration,0.6363636363636364,0.8181818181818181,1.0,0.9075352941050092,0.8260742242427029,2.4782069486465024,-0.08545976689412771,0.08545976689412771,moderate_corridor_observation_concentration,network_broad_physical_concentrated,0.09090909090909091,False,False,False,True,False,"insufficient_minimum_mappable_segments,minimum_unique_probes","minimum_mappable_segments,minimum_unique_probes",6.0,5.0,0.0,1.0,probe_country_service
NG,H-Root,resolved_entry_only,5015,dns-root_h-root_msm5015_20260701T000000Z_010000Z.json,10.0,0.4,0.8,1.0,1.0549201679861442,0.9602297178607612,2.8717458874925876,moderate_network_transition_concentration,0.6,0.8,1.0,0.9502705392332347,0.8649735207179272,2.586409289858933,-0.09525619714283395,0.09525619714283395,moderate_corridor_observation_concentration,network_and_physical_both_concentrated,0.0,False,False,False,True,False,"insufficient_minimum_mappable_segments,minimum_unique_probes","minimum_mappable_segments,minimum_unique_probes",5.0,4.0,0.0,1.0,probe_country_service
NI,H-Root,all_publicly_visible,,,0.0,,,,,,,,,,,,,,,,,unknown_cross_layer_distribution_class,,False,False,False,False,False,insufficient_no_inter_region_projection_segments,"minimum_mappable_segments,minimum_unique_probes,minimum_unique_probe_asns,maximum_country_fallback_share",0.0,0.0,,,probe_country_service
NI,H-Root,resolved_entry_only,,,0.0,,,,,,,,,,,,,,,,,unknown_cross_layer_distribution_class,,False,False,False,False,False,insufficient_no_inter_region_projection_segments,"minimum_mappable_segments,minimum_unique_probes,minimum_unique_probe_asns,maximum_country_fallback_share",0.0,0.0,,,probe_country_service
NL,H-Root,all_publicly_visible,5015,dns-root_h-root_msm5015_20260701T000000Z_010000Z.json,2.0,1.0,1.0,1.0,-0.0,0.0,1.0,severe_network_transition_concentration,1.0,1.0,1.0,-0.0,0.0,1.0,0.0,0.0,severe_corridor_observation_concentration,network_and_physical_both_concentrated,0.0,False,False,False,True,False,"insufficient_minimum_mappable_segments,minimum_unique_probes,minimum_unique_probe_asns","minimum_mappable_segments,minimum_unique_probes,minimum_unique_probe_asns",1.0,1.0,0.0,1.0,probe_country_service
NL,H-Root,resolved_entry_only,,,0.0,,,,,,,,,,,,,,,,,unknown_cross_layer_distribution_class,,False,False,False,False,False,insufficient_no_inter_region_projection_segments,"minimum_mappable_segments,minimum_unique_probes,minimum_unique_probe_asns,maximum_country_fallback_share",0.0,0.0,,,probe_country_service
NO,H-Root,all_publicly_visible,5015,dns-root_h-root_msm5015_20260701T000000Z_010000Z.json,383.0,0.18276762402088773,0.3342036553524804,0.4360313315926893,2.732371742964018,0.8114439244190177,15.369295845936088,broad_network_transition_distribution,0.5831157528285466,0.7241079199303743,0.7641427328111401,1.713013002865628,0.5257711006641551,5.545645376095358,-0.2856728237548626,0.2856728237548626,broad_corridor_observation_distribution,network_and_physical_both_broad,0.0,True,True,True,True,True,auditable,,78.0,29.0,0.9947780678851175,0.005221932114882507,probe_country_service
NO,H-Root,resolved_entry_only,5015,dns-root_h-root_msm5015_20260701T000000Z_010000Z.json,371.0,0.18867924528301888,0.3450134770889488,0.4366576819407008,2.7407099323881408,0.813920151589161,15.497983712329392,broad_network_transition_distribution,0.5696316262353999,0.7151841868823001,0.7565139263252472,1.750601636297237,0.537308092583503,5.758065895546619,-0.276612059005658,0.276612059005658,broad_corridor_observation_distribution,network_and_physical_both_broad,0.0,True,True,True,True,True,auditable,,77.0,29.0,0.9946091644204852,0.005390835579514825,probe_country_service
NP,H-Root,all_publicly_visible,,,0.0,,,,,,,,,,,,,,,,,unknown_cross_layer_distribution_class,,False,False,False,False,False,insufficient_no_inter_region_projection_segments,"minimum_mappable_segments,minimum_unique_probes,minimum_unique_probe_asns,maximum_country_fallback_share",0.0,0.0,,,probe_country_service
NP,H-Root,resolved_entry_only,,,0.0,,,,,,,,,,,,,,,,,unknown_cross_layer_distribution_class,,False,False,False,False,False,insufficient_no_inter_region_projection_segments,"minimum_mappable_segments,minimum_unique_probes,minimum_unique_probe_asns,maximum_country_fallback_share",0.0,0.0,,,probe_country_service
NU,H-Root,all_publicly_visible,5015,dns-root_h-root_msm5015_20260701T000000Z_010000Z.json,2.0,1.0,1.0,1.0,-0.0,0.0,1.0,severe_network_transition_concentration,1.0,1.0,1.0,-0.0,0.0,1.0,0.0,0.0,severe_corridor_observation_concentration,network_and_physical_both_concentrated,0.0,False,False,False,True,False,"insufficient_minimum_mappable_segments,minimum_unique_probes,minimum_unique_probe_asns","minimum_mappable_segments,minimum_unique_probes,minimum_unique_probe_asns",1.0,1.0,0.0,1.0,probe_country_service
NU,H-Root,resolved_entry_only,5015,dns-root_h-root_msm5015_20260701T000000Z_010000Z.json,2.0,1.0,1.0,1.0,-0.0,0.0,1.0,severe_network_transition_concentration,1.0,1.0,1.0,-0.0,0.0,1.0,0.0,0.0,severe_corridor_observation_concentration,network_and_physical_both_concentrated,0.0,False,False,False,True,False,"insufficient_minimum_mappable_segments,minimum_unique_probes,minimum_unique_probe_asns","minimum_mappable_segments,minimum_unique_probes,minimum_unique_probe_asns",1.0,1.0,0.0,1.0,probe_country_service
NZ,H-Root,all_publicly_visible,5015,dns-root_h-root_msm5015_20260701T000000Z_010000Z.json,287.0,0.4808362369337979,0.7003484320557491,0.7909407665505226,1.6818326611125,0.5936131370554244,5.375398232907687,broad_network_transition_distribution,0.445993031358885,0.5644599303135889,0.6829268292682926,1.7675898081209431,0.7371422047378016,5.856720516563272,0.14352906768237716,-0.14352906768237716,broad_corridor_observation_distribution,network_and_physical_both_broad,0.09059233449477352,True,True,True,True,True,auditable,,80.0,22.0,0.5331010452961672,0.46689895470383275,probe_country_service
NZ,H-Root,resolved_entry_only,5015,dns-root_h-root_msm5015_20260701T000000Z_010000Z.json,287.0,0.4808362369337979,0.7003484320557491,0.7909407665505226,1.6818326611125,0.5936131370554244,5.375398232907687,broad_network_transition_distribution,0.445993031358885,0.5644599303135889,0.6829268292682926,1.7675898081209431,0.7371422047378016,5.856720516563272,0.14352906768237716,-0.14352906768237716,broad_corridor_observation_distribution,network_and_physical_both_broad,0.09059233449477352,True,True,True,True,True,auditable,,80.0,22.0,0.5331010452961672,0.46689895470383275,probe_country_service
OM,H-Root,all_publicly_visible,,,0.0,,,,,,,,,,,,,,,,,unknown_cross_layer_distribution_class,,False,False,False,False,False,insufficient_no_inter_region_projection_segments,"minimum_mappable_segments,minimum_unique_probes,minimum_unique_probe_asns,maximum_country_fallback_share",0.0,0.0,,,probe_country_service
OM,H-Root,resolved_entry_only,,,0.0,,,,,,,,,,,,,,,,,unknown_cross_layer_distribution_class,,False,False,False,False,False,insufficient_no_inter_region_projection_segments,"minimum_mappable_segments,minimum_unique_probes,minimum_unique_probe_asns,maximum_country_fallback_share",0.0,0.0,,,probe_country_service
PA,H-Root,all_publicly_visible,5015,dns-root_h-root_msm5015_20260701T000000Z_010000Z.json,6.0,0.6666666666666666,1.0,1.0,0.6365141682948128,0.9182958340544894,1.8898815748423097,moderate_network_transition_concentration,0.6666666666666666,1.0,1.0,0.6365141682948128,0.9182958340544894,1.8898815748423097,0.0,0.0,moderate_corridor_observation_concentration,network_and_physical_both_concentrated,0.0,False,False,False,True,False,"insufficient_minimum_mappable_segments,minimum_unique_probes,minimum_unique_probe_asns","minimum_mappable_segments,minimum_unique_probes,minimum_unique_probe_asns",2.0,1.0,0.6666666666666666,0.3333333333333333,probe_country_service
PA,H-Root,resolved_entry_only,,,0.0,,,,,,,,,,,,,,,,,unknown_cross_layer_distribution_class,,False,False,False,False,False,insufficient_no_inter_region_projection_segments,"minimum_mappable_segments,minimum_unique_probes,minimum_unique_probe_asns,maximum_country_fallback_share",0.0,0.0,,,probe_country_service
PE,H-Root,all_publicly_visible,5015,dns-root_h-root_msm5015_20260701T000000Z_010000Z.json,26.0,0.8461538461538461,0.9230769230769231,0.9615384615384616,0.589280063598296,0.4250757127239973,1.802690125868382,severe_network_transition_concentration,0.9230769230769231,0.9615384615384616,1.0,0.32450838693107065,0.29538026315406024,1.3833504056486075,-0.12969544956993706,0.12969544956993706,severe_corridor_observation_concentration,network_and_physical_both_concentrated,0.0,False,False,False,True,False,insufficient_minimum_mappable_segments,minimum_mappable_segments,13.0,10.0,0.038461538461538464,0.9615384615384616,probe_country_service
PE,H-Root,resolved_entry_only,5015,dns-root_h-root_msm5015_20260701T000000Z_010000Z.json,24.0,0.9166666666666666,1.0,1.0,0.2868359830561607,0.4138168503036338,1.3322056912494478,severe_network_transition_concentration,1.0,1.0,1.0,-0.0,0.0,1.0,-0.4138168503036338,0.4138168503036338,severe_corridor_observation_concentration,network_and_physical_both_concentrated,0.0,False,False,False,True,False,insufficient_minimum_mappable_segments,minimum_mappable_segments,12.0,9.0,0.0,1.0,probe_country_service
PF,H-Root,all_publicly_visible,,,0.0,,,,,,,,,,,,,,,,,unknown_cross_layer_distribution_class,,False,False,False,False,False,insufficient_no_inter_region_projection_segments,"minimum_mappable_segments,minimum_unique_probes,minimum_unique_probe_asns,maximum_country_fallback_share",0.0,0.0,,,probe_country_service
PF,H-Root,resolved_entry_only,,,0.0,,,,,,,,,,,,,,,,,unknown_cross_layer_distribution_class,,False,False,False,False,False,insufficient_no_inter_region_projection_segments,"minimum_mappable_segments,minimum_unique_probes,minimum_unique_probe_asns,maximum_country_fallback_share",0.0,0.0,,,probe_country_service
PG,H-Root,all_publicly_visible,5015,dns-root_h-root_msm5015_20260701T000000Z_010000Z.json,2.0,1.0,1.0,1.0,-0.0,0.0,1.0,severe_network_transition_concentration,1.0,1.0,1.0,-0.0,0.0,1.0,0.0,0.0,severe_corridor_observation_concentration,network_and_physical_both_concentrated,0.0,False,False,False,True,False,"insufficient_minimum_mappable_segments,minimum_unique_probes,minimum_unique_probe_asns","minimum_mappable_segments,minimum_unique_probes,minimum_unique_probe_asns",1.0,1.0,0.0,1.0,probe_country_service
PG,H-Root,resolved_entry_only,5015,dns-root_h-root_msm5015_20260701T000000Z_010000Z.json,2.0,1.0,1.0,1.0,-0.0,0.0,1.0,severe_network_transition_concentration,1.0,1.0,1.0,-0.0,0.0,1.0,0.0,0.0,severe_corridor_observation_concentration,network_and_physical_both_concentrated,0.0,False,False,False,True,False,"insufficient_minimum_mappable_segments,minimum_unique_probes,minimum_unique_probe_asns","minimum_mappable_segments,minimum_unique_probes,minimum_unique_probe_asns",1.0,1.0,0.0,1.0,probe_country_service
PH,H-Root,all_publicly_visible,5015,dns-root_h-root_msm5015_20260701T000000Z_010000Z.json,94.0,0.3191489361702128,0.425531914893617,0.5319148936170213,2.4055260684138853,0.8169726339837006,11.084259827668744,broad_network_transition_distribution,0.40425531914893614,0.6170212765957447,0.6843971631205673,1.921313978086919,0.7094824081565846,6.829926950154478,-0.10749022582711598,0.10749022582711598,broad_corridor_observation_distribution,network_and_physical_both_broad,0.0,True,True,True,True,True,auditable,,34.0,19.0,0.30851063829787234,0.6914893617021277,probe_country_service
PH,H-Root,resolved_entry_only,5015,dns-root_h-root_msm5015_20260701T000000Z_010000Z.json,94.0,0.3191489361702128,0.425531914893617,0.5319148936170213,2.4055260684138853,0.8169726339837006,11.084259827668744,broad_network_transition_distribution,0.40425531914893614,0.6170212765957447,0.6843971631205673,1.921313978086919,0.7094824081565846,6.829926950154478,-0.10749022582711598,0.10749022582711598,broad_corridor_observation_distribution,network_and_physical_both_broad,0.0,True,True,True,True,True,auditable,,34.0,19.0,0.30851063829787234,0.6914893617021277,probe_country_service
PK,H-Root,all_publicly_visible,,,0.0,,,,,,,,,,,,,,,,,unknown_cross_layer_distribution_class,,False,False,False,False,False,insufficient_no_inter_region_projection_segments,"minimum_mappable_segments,minimum_unique_probes,minimum_unique_probe_asns,maximum_country_fallback_share",0.0,0.0,,,probe_country_service
PK,H-Root,resolved_entry_only,,,0.0,,,,,,,,,,,,,,,,,unknown_cross_layer_distribution_class,,False,False,False,False,False,insufficient_no_inter_region_projection_segments,"minimum_mappable_segments,minimum_unique_probes,minimum_unique_probe_asns,maximum_country_fallback_share",0.0,0.0,,,probe_country_service
PL,H-Root,all_publicly_visible,5015,dns-root_h-root_msm5015_20260701T000000Z_010000Z.json,1.0,1.0,1.0,1.0,-0.0,0.0,1.0,severe_network_transition_concentration,1.0,1.0,1.0,-0.0,0.0,1.0,0.0,0.0,severe_corridor_observation_concentration,network_and_physical_both_concentrated,0.0,False,False,False,True,False,"insufficient_minimum_mappable_segments,minimum_unique_probes,minimum_unique_probe_asns","minimum_mappable_segments,minimum_unique_probes,minimum_unique_probe_asns",1.0,1.0,0.0,1.0,probe_country_service
PL,H-Root,resolved_entry_only,5015,dns-root_h-root_msm5015_20260701T000000Z_010000Z.json,1.0,1.0,1.0,1.0,-0.0,0.0,1.0,severe_network_transition_concentration,1.0,1.0,1.0,-0.0,0.0,1.0,0.0,0.0,severe_corridor_observation_concentration,network_and_physical_both_concentrated,0.0,False,False,False,True,False,"insufficient_minimum_mappable_segments,minimum_unique_probes,minimum_unique_probe_asns","minimum_mappable_segments,minimum_unique_probes,minimum_unique_probe_asns",1.0,1.0,0.0,1.0,probe_country_service
PR,H-Root,all_publicly_visible,5015,dns-root_h-root_msm5015_20260701T000000Z_010000Z.json,4.0,0.5,1.0,1.0,0.6931471805599453,1.0,2.0,moderate_network_transition_concentration,1.0,1.0,1.0,-0.0,0.0,1.0,-1.0,1.0,severe_corridor_observation_concentration,network_and_physical_both_concentrated,0.0,False,False,False,True,False,"insufficient_minimum_mappable_segments,minimum_unique_probes,minimum_unique_probe_asns","minimum_mappable_segments,minimum_unique_probes,minimum_unique_probe_asns",2.0,2.0,0.0,1.0,probe_country_service
PR,H-Root,resolved_entry_only,5015,dns-root_h-root_msm5015_20260701T000000Z_010000Z.json,2.0,1.0,1.0,1.0,-0.0,0.0,1.0,severe_network_transition_concentration,1.0,1.0,1.0,-0.0,0.0,1.0,0.0,0.0,severe_corridor_observation_concentration,network_and_physical_both_concentrated,0.0,False,False,False,True,False,"insufficient_minimum_mappable_segments,minimum_unique_probes,minimum_unique_probe_asns","minimum_mappable_segments,minimum_unique_probes,minimum_unique_probe_asns",1.0,1.0,0.0,1.0,probe_country_service
PS,H-Root,all_publicly_visible,,,0.0,,,,,,,,,,,,,,,,,unknown_cross_layer_distribution_class,,False,False,False,False,False,insufficient_no_inter_region_projection_segments,"minimum_mappable_segments,minimum_unique_probes,minimum_unique_probe_asns,maximum_country_fallback_share",0.0,0.0,,,probe_country_service
PS,H-Root,resolved_entry_only,,,0.0,,,,,,,,,,,,,,,,,unknown_cross_layer_distribution_class,,False,False,False,False,False,insufficient_no_inter_region_projection_segments,"minimum_mappable_segments,minimum_unique_probes,minimum_unique_probe_asns,maximum_country_fallback_share",0.0,0.0,,,probe_country_service
PT,H-Root,all_publicly_visible,5015,dns-root_h-root_msm5015_20260701T000000Z_010000Z.json,347.0,0.4610951008645533,0.7319884726224783,0.7953890489913544,1.7098644638973695,0.5915725059332647,5.528212154515047,broad_network_transition_distribution,0.9942363112391931,1.0,1.0,0.03546564958104072,0.05116611677247319,1.0361020569770412,-0.5404063891607915,0.5404063891607915,severe_corridor_observation_concentration,network_broad_physical_concentrated,0.0,True,True,True,True,True,auditable,,84.0,17.0,1.0,0.0,probe_country_service
PT,H-Root,resolved_entry_only,5015,dns-root_h-root_msm5015_20260701T000000Z_010000Z.json,347.0,0.4610951008645533,0.7319884726224783,0.7953890489913544,1.7098644638973695,0.5915725059332647,5.528212154515047,broad_network_transition_distribution,0.9942363112391931,1.0,1.0,0.03546564958104072,0.05116611677247319,1.0361020569770412,-0.5404063891607915,0.5404063891607915,severe_corridor_observation_concentration,network_broad_physical_concentrated,0.0,True,True,True,True,True,auditable,,84.0,17.0,1.0,0.0,probe_country_service
PW,H-Root,all_publicly_visible,5015,dns-root_h-root_msm5015_20260701T000000Z_010000Z.json,2.0,0.5,1.0,1.0,0.6931471805599453,1.0,2.0,moderate_network_transition_concentration,0.5,1.0,1.0,0.6931471805599453,1.0,2.0,0.0,0.0,moderate_corridor_observation_concentration,network_and_physical_both_concentrated,0.0,False,False,False,True,False,"insufficient_minimum_mappable_segments,minimum_unique_probes,minimum_unique_probe_asns","minimum_mappable_segments,minimum_unique_probes,minimum_unique_probe_asns",1.0,1.0,0.0,1.0,probe_country_service
PW,H-Root,resolved_entry_only,5015,dns-root_h-root_msm5015_20260701T000000Z_010000Z.json,2.0,0.5,1.0,1.0,0.6931471805599453,1.0,2.0,moderate_network_transition_concentration,0.5,1.0,1.0,0.6931471805599453,1.0,2.0,0.0,0.0,moderate_corridor_observation_concentration,network_and_physical_both_concentrated,0.0,False,False,False,True,False,"insufficient_minimum_mappable_segments,minimum_unique_probes,minimum_unique_probe_asns","minimum_mappable_segments,minimum_unique_probes,minimum_unique_probe_asns",1.0,1.0,0.0,1.0,probe_country_service
PY,H-Root,all_publicly_visible,,,0.0,,,,,,,,,,,,,,,,,unknown_cross_layer_distribution_class,,False,False,False,False,False,insufficient_no_inter_region_projection_segments,"minimum_mappable_segments,minimum_unique_probes,minimum_unique_probe_asns,maximum_country_fallback_share",0.0,0.0,,,probe_country_service
PY,H-Root,resolved_entry_only,,,0.0,,,,,,,,,,,,,,,,,unknown_cross_layer_distribution_class,,False,False,False,False,False,insufficient_no_inter_region_projection_segments,"minimum_mappable_segments,minimum_unique_probes,minimum_unique_probe_asns,maximum_country_fallback_share",0.0,0.0,,,probe_country_service
QA,H-Root,all_publicly_visible,5015,dns-root_h-root_msm5015_20260701T000000Z_010000Z.json,2.0,1.0,1.0,1.0,-0.0,0.0,1.0,severe_network_transition_concentration,1.0,1.0,1.0,-0.0,0.0,1.0,0.0,0.0,severe_corridor_observation_concentration,network_and_physical_both_concentrated,0.0,False,False,False,True,False,"insufficient_minimum_mappable_segments,minimum_unique_probes,minimum_unique_probe_asns","minimum_mappable_segments,minimum_unique_probes,minimum_unique_probe_asns",1.0,1.0,0.0,1.0,probe_country_service
QA,H-Root,resolved_entry_only,5015,dns-root_h-root_msm5015_20260701T000000Z_010000Z.json,2.0,1.0,1.0,1.0,-0.0,0.0,1.0,severe_network_transition_concentration,1.0,1.0,1.0,-0.0,0.0,1.0,0.0,0.0,severe_corridor_observation_concentration,network_and_physical_both_concentrated,0.0,False,False,False,True,False,"insufficient_minimum_mappable_segments,minimum_unique_probes,minimum_unique_probe_asns","minimum_mappable_segments,minimum_unique_probes,minimum_unique_probe_asns",1.0,1.0,0.0,1.0,probe_country_service
RE,H-Root,all_publicly_visible,,,0.0,,,,,,,,,,,,,,,,,unknown_cross_layer_distribution_class,,False,False,False,False,False,insufficient_no_inter_region_projection_segments,"minimum_mappable_segments,minimum_unique_probes,minimum_unique_probe_asns,maximum_country_fallback_share",0.0,0.0,,,probe_country_service
RE,H-Root,resolved_entry_only,,,0.0,,,,,,,,,,,,,,,,,unknown_cross_layer_distribution_class,,False,False,False,False,False,insufficient_no_inter_region_projection_segments,"minimum_mappable_segments,minimum_unique_probes,minimum_unique_probe_asns,maximum_country_fallback_share",0.0,0.0,,,probe_country_service
RO,H-Root,all_publicly_visible,5015,dns-root_h-root_msm5015_20260701T000000Z_010000Z.json,6.0,0.6666666666666666,1.0,1.0,0.6365141682948128,0.9182958340544894,1.8898815748423097,moderate_network_transition_concentration,0.4166666666666667,0.75,1.0,1.077556327066801,0.9808340377961402,2.9374925023243565,0.06253820374165076,-0.06253820374165076,weak_corridor_observation_concentration,network_and_physical_both_concentrated,0.0,False,False,False,True,False,"insufficient_minimum_mappable_segments,minimum_unique_probes,minimum_unique_probe_asns","minimum_mappable_segments,minimum_unique_probes,minimum_unique_probe_asns",1.0,1.0,0.6666666666666666,0.3333333333333333,probe_country_service
RO,H-Root,resolved_entry_only,5015,dns-root_h-root_msm5015_20260701T000000Z_010000Z.json,6.0,0.6666666666666666,1.0,1.0,0.6365141682948128,0.9182958340544894,1.8898815748423097,moderate_network_transition_concentration,0.4166666666666667,0.75,1.0,1.077556327066801,0.9808340377961402,2.9374925023243565,0.06253820374165076,-0.06253820374165076,weak_corridor_observation_concentration,network_and_physical_both_concentrated,0.0,False,False,False,True,False,"insufficient_minimum_mappable_segments,minimum_unique_probes,minimum_unique_probe_asns","minimum_mappable_segments,minimum_unique_probes,minimum_unique_probe_asns",1.0,1.0,0.6666666666666666,0.3333333333333333,probe_country_service
RS,H-Root,all_publicly_visible,,,0.0,,,,,,,,,,,,,,,,,unknown_cross_layer_distribution_class,,False,False,False,False,False,insufficient_no_inter_region_projection_segments,"minimum_mappable_segments,minimum_unique_probes,minimum_unique_probe_asns,maximum_country_fallback_share",0.0,0.0,,,probe_country_service
RS,H-Root,resolved_entry_only,,,0.0,,,,,,,,,,,,,,,,,unknown_cross_layer_distribution_class,,False,False,False,False,False,insufficient_no_inter_region_projection_segments,"minimum_mappable_segments,minimum_unique_probes,minimum_unique_probe_asns,maximum_country_fallback_share",0.0,0.0,,,probe_country_service
RU,H-Root,all_publicly_visible,5015,dns-root_h-root_msm5015_20260701T000000Z_010000Z.json,136.0,0.9485294117647058,1.0,1.0,0.20282274451514842,0.2926113676914938,1.224855336677611,severe_network_transition_concentration,0.47058823529411764,0.7279411764705882,0.9411764705882353,1.2274673679449972,0.6850625817949928,3.412575783709727,0.392451214103499,-0.392451214103499,weak_corridor_observation_concentration,network_and_physical_both_concentrated,0.0,True,True,True,True,True,auditable,,38.0,30.0,0.9411764705882353,0.058823529411764705,probe_country_service
RU,H-Root,resolved_entry_only,5015,dns-root_h-root_msm5015_20260701T000000Z_010000Z.json,136.0,0.9485294117647058,1.0,1.0,0.20282274451514842,0.2926113676914938,1.224855336677611,severe_network_transition_concentration,0.47058823529411764,0.7279411764705882,0.9411764705882353,1.2274673679449972,0.6850625817949928,3.412575783709727,0.392451214103499,-0.392451214103499,weak_corridor_observation_concentration,network_and_physical_both_concentrated,0.0,True,True,True,True,True,auditable,,38.0,30.0,0.9411764705882353,0.058823529411764705,probe_country_service
RW,H-Root,all_publicly_visible,,,0.0,,,,,,,,,,,,,,,,,unknown_cross_layer_distribution_class,,False,False,False,False,False,insufficient_no_inter_region_projection_segments,"minimum_mappable_segments,minimum_unique_probes,minimum_unique_probe_asns,maximum_country_fallback_share",0.0,0.0,,,probe_country_service
RW,H-Root,resolved_entry_only,,,0.0,,,,,,,,,,,,,,,,,unknown_cross_layer_distribution_class,,False,False,False,False,False,insufficient_no_inter_region_projection_segments,"minimum_mappable_segments,minimum_unique_probes,minimum_unique_probe_asns,maximum_country_fallback_share",0.0,0.0,,,probe_country_service
SA,H-Root,all_publicly_visible,,,0.0,,,,,,,,,,,,,,,,,unknown_cross_layer_distribution_class,,False,False,False,False,False,insufficient_no_inter_region_projection_segments,"minimum_mappable_segments,minimum_unique_probes,minimum_unique_probe_asns,maximum_country_fallback_share",0.0,0.0,,,probe_country_service
SA,H-Root,resolved_entry_only,,,0.0,,,,,,,,,,,,,,,,,unknown_cross_layer_distribution_class,,False,False,False,False,False,insufficient_no_inter_region_projection_segments,"minimum_mappable_segments,minimum_unique_probes,minimum_unique_probe_asns,maximum_country_fallback_share",0.0,0.0,,,probe_country_service
SE,H-Root,all_publicly_visible,5015,dns-root_h-root_msm5015_20260701T000000Z_010000Z.json,629.0,0.48966613672496023,0.7583465818759936,0.8171701112877583,1.5607974377812628,0.5763546913369623,4.762617622479186,weak_network_transition_concentration,0.6677265500794912,0.8434022257551669,0.9968203497615262,0.8810813545243543,0.6355658503960083,2.413508153796519,0.05921115905904606,-0.05921115905904606,moderate_corridor_observation_concentration,network_broad_physical_concentrated,0.0,True,True,True,True,True,auditable,,136.0,33.0,1.0,0.0,probe_country_service
SE,H-Root,resolved_entry_only,5015,dns-root_h-root_msm5015_20260701T000000Z_010000Z.json,627.0,0.49122807017543857,0.7607655502392344,0.8197767145135566,1.5558540551262667,0.5745292515231124,4.7391322774813895,weak_network_transition_concentration,0.6698564593301436,0.8444976076555024,0.9968102073365231,0.8781178837330721,0.6334281580888073,2.406366380323446,0.05889890656569485,-0.05889890656569485,moderate_corridor_observation_concentration,network_broad_physical_concentrated,0.0,True,True,True,True,True,auditable,,135.0,33.0,1.0,0.0,probe_country_service
SG,H-Root,all_publicly_visible,5015,dns-root_h-root_msm5015_20260701T000000Z_010000Z.json,669.0,0.2705530642750374,0.3961136023916293,0.4469357249626308,3.0288574129621946,0.7367916197475672,20.67359770474213,broad_network_transition_distribution,0.25062282012954656,0.5012456402590931,0.7518684603886396,1.7895033787339323,0.7771714427313717,5.986478715391316,0.04037982298380449,-0.04037982298380449,broad_corridor_observation_distribution,network_and_physical_both_broad,0.01195814648729447,True,True,True,True,True,auditable,,104.0,42.0,0.7698056801195815,0.23019431988041852,probe_country_service
SG,H-Root,resolved_entry_only,5015,dns-root_h-root_msm5015_20260701T000000Z_010000Z.json,669.0,0.2705530642750374,0.3961136023916293,0.4469357249626308,3.0288574129621946,0.7367916197475672,20.67359770474213,broad_network_transition_distribution,0.25062282012954656,0.5012456402590931,0.7518684603886396,1.7895033787339323,0.7771714427313717,5.986478715391316,0.04037982298380449,-0.04037982298380449,broad_corridor_observation_distribution,network_and_physical_both_broad,0.01195814648729447,True,True,True,True,True,auditable,,104.0,42.0,0.7698056801195815,0.23019431988041852,probe_country_service
SI,H-Root,all_publicly_visible,,,0.0,,,,,,,,,,,,,,,,,unknown_cross_layer_distribution_class,,False,False,False,False,False,insufficient_no_inter_region_projection_segments,"minimum_mappable_segments,minimum_unique_probes,minimum_unique_probe_asns,maximum_country_fallback_share",0.0,0.0,,,probe_country_service
SI,H-Root,resolved_entry_only,,,0.0,,,,,,,,,,,,,,,,,unknown_cross_layer_distribution_class,,False,False,False,False,False,insufficient_no_inter_region_projection_segments,"minimum_mappable_segments,minimum_unique_probes,minimum_unique_probe_asns,maximum_country_fallback_share",0.0,0.0,,,probe_country_service
SK,H-Root,all_publicly_visible,,,0.0,,,,,,,,,,,,,,,,,unknown_cross_layer_distribution_class,,False,False,False,False,False,insufficient_no_inter_region_projection_segments,"minimum_mappable_segments,minimum_unique_probes,minimum_unique_probe_asns,maximum_country_fallback_share",0.0,0.0,,,probe_country_service
SK,H-Root,resolved_entry_only,,,0.0,,,,,,,,,,,,,,,,,unknown_cross_layer_distribution_class,,False,False,False,False,False,insufficient_no_inter_region_projection_segments,"minimum_mappable_segments,minimum_unique_probes,minimum_unique_probe_asns,maximum_country_fallback_share",0.0,0.0,,,probe_country_service
SL,H-Root,all_publicly_visible,5015,dns-root_h-root_msm5015_20260701T000000Z_010000Z.json,2.0,1.0,1.0,1.0,-0.0,0.0,1.0,severe_network_transition_concentration,1.0,1.0,1.0,-0.0,0.0,1.0,0.0,0.0,severe_corridor_observation_concentration,network_and_physical_both_concentrated,0.0,False,False,False,True,False,"insufficient_minimum_mappable_segments,minimum_unique_probes,minimum_unique_probe_asns","minimum_mappable_segments,minimum_unique_probes,minimum_unique_probe_asns",1.0,1.0,0.0,1.0,probe_country_service
SL,H-Root,resolved_entry_only,5015,dns-root_h-root_msm5015_20260701T000000Z_010000Z.json,2.0,1.0,1.0,1.0,-0.0,0.0,1.0,severe_network_transition_concentration,1.0,1.0,1.0,-0.0,0.0,1.0,0.0,0.0,severe_corridor_observation_concentration,network_and_physical_both_concentrated,0.0,False,False,False,True,False,"insufficient_minimum_mappable_segments,minimum_unique_probes,minimum_unique_probe_asns","minimum_mappable_segments,minimum_unique_probes,minimum_unique_probe_asns",1.0,1.0,0.0,1.0,probe_country_service
SM,H-Root,all_publicly_visible,,,0.0,,,,,,,,,,,,,,,,,unknown_cross_layer_distribution_class,,False,False,False,False,False,insufficient_no_inter_region_projection_segments,"minimum_mappable_segments,minimum_unique_probes,minimum_unique_probe_asns,maximum_country_fallback_share",0.0,0.0,,,probe_country_service
SM,H-Root,resolved_entry_only,,,0.0,,,,,,,,,,,,,,,,,unknown_cross_layer_distribution_class,,False,False,False,False,False,insufficient_no_inter_region_projection_segments,"minimum_mappable_segments,minimum_unique_probes,minimum_unique_probe_asns,maximum_country_fallback_share",0.0,0.0,,,probe_country_service
SN,H-Root,all_publicly_visible,,,0.0,,,,,,,,,,,,,,,,,unknown_cross_layer_distribution_class,,False,False,False,False,False,insufficient_no_inter_region_projection_segments,"minimum_mappable_segments,minimum_unique_probes,minimum_unique_probe_asns,maximum_country_fallback_share",0.0,0.0,,,probe_country_service
SN,H-Root,resolved_entry_only,,,0.0,,,,,,,,,,,,,,,,,unknown_cross_layer_distribution_class,,False,False,False,False,False,insufficient_no_inter_region_projection_segments,"minimum_mappable_segments,minimum_unique_probes,minimum_unique_probe_asns,maximum_country_fallback_share",0.0,0.0,,,probe_country_service
SR,H-Root,all_publicly_visible,5015,dns-root_h-root_msm5015_20260701T000000Z_010000Z.json,1.0,1.0,1.0,1.0,-0.0,0.0,1.0,severe_network_transition_concentration,1.0,1.0,1.0,-0.0,0.0,1.0,0.0,0.0,severe_corridor_observation_concentration,network_and_physical_both_concentrated,0.0,False,False,False,True,False,"insufficient_minimum_mappable_segments,minimum_unique_probes,minimum_unique_probe_asns","minimum_mappable_segments,minimum_unique_probes,minimum_unique_probe_asns",1.0,1.0,0.0,1.0,probe_country_service
SR,H-Root,resolved_entry_only,,,0.0,,,,,,,,,,,,,,,,,unknown_cross_layer_distribution_class,,False,False,False,False,False,insufficient_no_inter_region_projection_segments,"minimum_mappable_segments,minimum_unique_probes,minimum_unique_probe_asns,maximum_country_fallback_share",0.0,0.0,,,probe_country_service
SS,H-Root,all_publicly_visible,,,0.0,,,,,,,,,,,,,,,,,unknown_cross_layer_distribution_class,,False,False,False,False,False,insufficient_no_inter_region_projection_segments,"minimum_mappable_segments,minimum_unique_probes,minimum_unique_probe_asns,maximum_country_fallback_share",0.0,0.0,,,probe_country_service
SS,H-Root,resolved_entry_only,,,0.0,,,,,,,,,,,,,,,,,unknown_cross_layer_distribution_class,,False,False,False,False,False,insufficient_no_inter_region_projection_segments,"minimum_mappable_segments,minimum_unique_probes,minimum_unique_probe_asns,maximum_country_fallback_share",0.0,0.0,,,probe_country_service
SV,H-Root,all_publicly_visible,5015,dns-root_h-root_msm5015_20260701T000000Z_010000Z.json,5.0,1.0,1.0,1.0,-0.0,0.0,1.0,severe_network_transition_concentration,1.0,1.0,1.0,-0.0,0.0,1.0,0.0,0.0,severe_corridor_observation_concentration,network_and_physical_both_concentrated,0.0,False,False,False,True,False,"insufficient_minimum_mappable_segments,minimum_unique_probes,minimum_unique_probe_asns","minimum_mappable_segments,minimum_unique_probes,minimum_unique_probe_asns",3.0,2.0,0.0,1.0,probe_country_service
SV,H-Root,resolved_entry_only,5015,dns-root_h-root_msm5015_20260701T000000Z_010000Z.json,5.0,1.0,1.0,1.0,-0.0,0.0,1.0,severe_network_transition_concentration,1.0,1.0,1.0,-0.0,0.0,1.0,0.0,0.0,severe_corridor_observation_concentration,network_and_physical_both_concentrated,0.0,False,False,False,True,False,"insufficient_minimum_mappable_segments,minimum_unique_probes,minimum_unique_probe_asns","minimum_mappable_segments,minimum_unique_probes,minimum_unique_probe_asns",3.0,2.0,0.0,1.0,probe_country_service
SY,H-Root,all_publicly_visible,,,0.0,,,,,,,,,,,,,,,,,unknown_cross_layer_distribution_class,,False,False,False,False,False,insufficient_no_inter_region_projection_segments,"minimum_mappable_segments,minimum_unique_probes,minimum_unique_probe_asns,maximum_country_fallback_share",0.0,0.0,,,probe_country_service
SY,H-Root,resolved_entry_only,,,0.0,,,,,,,,,,,,,,,,,unknown_cross_layer_distribution_class,,False,False,False,False,False,insufficient_no_inter_region_projection_segments,"minimum_mappable_segments,minimum_unique_probes,minimum_unique_probe_asns,maximum_country_fallback_share",0.0,0.0,,,probe_country_service
TD,H-Root,all_publicly_visible,,,0.0,,,,,,,,,,,,,,,,,unknown_cross_layer_distribution_class,,False,False,False,False,False,insufficient_no_inter_region_projection_segments,"minimum_mappable_segments,minimum_unique_probes,minimum_unique_probe_asns,maximum_country_fallback_share",0.0,0.0,,,probe_country_service
TD,H-Root,resolved_entry_only,,,0.0,,,,,,,,,,,,,,,,,unknown_cross_layer_distribution_class,,False,False,False,False,False,insufficient_no_inter_region_projection_segments,"minimum_mappable_segments,minimum_unique_probes,minimum_unique_probe_asns,maximum_country_fallback_share",0.0,0.0,,,probe_country_service
TG,H-Root,all_publicly_visible,,,0.0,,,,,,,,,,,,,,,,,unknown_cross_layer_distribution_class,,False,False,False,False,False,insufficient_no_inter_region_projection_segments,"minimum_mappable_segments,minimum_unique_probes,minimum_unique_probe_asns,maximum_country_fallback_share",0.0,0.0,,,probe_country_service
TG,H-Root,resolved_entry_only,,,0.0,,,,,,,,,,,,,,,,,unknown_cross_layer_distribution_class,,False,False,False,False,False,insufficient_no_inter_region_projection_segments,"minimum_mappable_segments,minimum_unique_probes,minimum_unique_probe_asns,maximum_country_fallback_share",0.0,0.0,,,probe_country_service
TH,H-Root,all_publicly_visible,5015,dns-root_h-root_msm5015_20260701T000000Z_010000Z.json,53.0,0.4716981132075472,0.6603773584905661,0.7924528301886793,1.541372656424644,0.7921088531106838,4.670997547280371,broad_network_transition_distribution,0.16037735849056603,0.32075471698113206,0.4811320754716981,2.0920679041932546,0.9085735465580314,8.101651292666485,0.11646469344734756,-0.11646469344734756,broad_corridor_observation_distribution,network_and_physical_both_broad,0.4716981132075472,False,True,True,False,False,insufficient_maximum_country_fallback_share,maximum_country_fallback_share,23.0,13.0,0.3018867924528302,0.6981132075471698,probe_country_service
TH,H-Root,resolved_entry_only,5015,dns-root_h-root_msm5015_20260701T000000Z_010000Z.json,52.0,0.46153846153846156,0.6538461538461539,0.7884615384615385,1.5563568544583115,0.7998092076419256,4.741515709168697,broad_network_transition_distribution,0.15865384615384615,0.3173076923076923,0.47596153846153844,2.097000284954808,0.9107156523054197,8.141710433893538,0.11090644466349409,-0.11090644466349409,broad_corridor_observation_distribution,network_and_physical_both_broad,0.46153846153846156,False,True,True,False,False,insufficient_maximum_country_fallback_share,maximum_country_fallback_share,22.0,12.0,0.3076923076923077,0.6923076923076923,probe_country_service
TJ,H-Root,all_publicly_visible,,,0.0,,,,,,,,,,,,,,,,,unknown_cross_layer_distribution_class,,False,False,False,False,False,insufficient_no_inter_region_projection_segments,"minimum_mappable_segments,minimum_unique_probes,minimum_unique_probe_asns,maximum_country_fallback_share",0.0,0.0,,,probe_country_service
TJ,H-Root,resolved_entry_only,,,0.0,,,,,,,,,,,,,,,,,unknown_cross_layer_distribution_class,,False,False,False,False,False,insufficient_no_inter_region_projection_segments,"minimum_mappable_segments,minimum_unique_probes,minimum_unique_probe_asns,maximum_country_fallback_share",0.0,0.0,,,probe_country_service
TL,H-Root,all_publicly_visible,5015,dns-root_h-root_msm5015_20260701T000000Z_010000Z.json,5.0,0.4,0.8,1.0,1.0549201679861442,0.9602297178607612,2.8717458874925876,moderate_network_transition_concentration,0.4,0.6000000000000001,0.7333333333333334,1.4943650834533881,0.9285012313356799,4.456506144915009,-0.03172848652508131,0.03172848652508131,broad_corridor_observation_distribution,network_concentrated_physical_broad,0.2,False,False,False,True,False,"insufficient_minimum_mappable_segments,minimum_unique_probes,minimum_unique_probe_asns","minimum_mappable_segments,minimum_unique_probes,minimum_unique_probe_asns",3.0,2.0,1.0,0.0,probe_country_service
TL,H-Root,resolved_entry_only,5015,dns-root_h-root_msm5015_20260701T000000Z_010000Z.json,5.0,0.4,0.8,1.0,1.0549201679861442,0.9602297178607612,2.8717458874925876,moderate_network_transition_concentration,0.4,0.6000000000000001,0.7333333333333334,1.4943650834533881,0.9285012313356799,4.456506144915009,-0.03172848652508131,0.03172848652508131,broad_corridor_observation_distribution,network_concentrated_physical_broad,0.2,False,False,False,True,False,"insufficient_minimum_mappable_segments,minimum_unique_probes,minimum_unique_probe_asns","minimum_mappable_segments,minimum_unique_probes,minimum_unique_probe_asns",3.0,2.0,1.0,0.0,probe_country_service
TN,H-Root,all_publicly_visible,,,0.0,,,,,,,,,,,,,,,,,unknown_cross_layer_distribution_class,,False,False,False,False,False,insufficient_no_inter_region_projection_segments,"minimum_mappable_segments,minimum_unique_probes,minimum_unique_probe_asns,maximum_country_fallback_share",0.0,0.0,,,probe_country_service
TN,H-Root,resolved_entry_only,,,0.0,,,,,,,,,,,,,,,,,unknown_cross_layer_distribution_class,,False,False,False,False,False,insufficient_no_inter_region_projection_segments,"minimum_mappable_segments,minimum_unique_probes,minimum_unique_probe_asns,maximum_country_fallback_share",0.0,0.0,,,probe_country_service
TO,H-Root,all_publicly_visible,5015,dns-root_h-root_msm5015_20260701T000000Z_010000Z.json,4.0,0.5,1.0,1.0,0.6931471805599453,1.0,2.0,moderate_network_transition_concentration,0.5,1.0,1.0,0.6931471805599453,1.0,2.0,0.0,0.0,moderate_corridor_observation_concentration,network_and_physical_both_concentrated,0.0,False,False,False,True,False,"insufficient_minimum_mappable_segments,minimum_unique_probes,minimum_unique_probe_asns","minimum_mappable_segments,minimum_unique_probes,minimum_unique_probe_asns",1.0,1.0,0.0,1.0,probe_country_service
TO,H-Root,resolved_entry_only,5015,dns-root_h-root_msm5015_20260701T000000Z_010000Z.json,4.0,0.5,1.0,1.0,0.6931471805599453,1.0,2.0,moderate_network_transition_concentration,0.5,1.0,1.0,0.6931471805599453,1.0,2.0,0.0,0.0,moderate_corridor_observation_concentration,network_and_physical_both_concentrated,0.0,False,False,False,True,False,"insufficient_minimum_mappable_segments,minimum_unique_probes,minimum_unique_probe_asns","minimum_mappable_segments,minimum_unique_probes,minimum_unique_probe_asns",1.0,1.0,0.0,1.0,probe_country_service
TR,H-Root,all_publicly_visible,,,0.0,,,,,,,,,,,,,,,,,unknown_cross_layer_distribution_class,,False,False,False,False,False,insufficient_no_inter_region_projection_segments,"minimum_mappable_segments,minimum_unique_probes,minimum_unique_probe_asns,maximum_country_fallback_share",0.0,0.0,,,probe_country_service
TR,H-Root,resolved_entry_only,,,0.0,,,,,,,,,,,,,,,,,unknown_cross_layer_distribution_class,,False,False,False,False,False,insufficient_no_inter_region_projection_segments,"minimum_mappable_segments,minimum_unique_probes,minimum_unique_probe_asns,maximum_country_fallback_share",0.0,0.0,,,probe_country_service
TT,H-Root,all_publicly_visible,,,0.0,,,,,,,,,,,,,,,,,unknown_cross_layer_distribution_class,,False,False,False,False,False,insufficient_no_inter_region_projection_segments,"minimum_mappable_segments,minimum_unique_probes,minimum_unique_probe_asns,maximum_country_fallback_share",0.0,0.0,,,probe_country_service
TT,H-Root,resolved_entry_only,,,0.0,,,,,,,,,,,,,,,,,unknown_cross_layer_distribution_class,,False,False,False,False,False,insufficient_no_inter_region_projection_segments,"minimum_mappable_segments,minimum_unique_probes,minimum_unique_probe_asns,maximum_country_fallback_share",0.0,0.0,,,probe_country_service
TV,H-Root,all_publicly_visible,5015,dns-root_h-root_msm5015_20260701T000000Z_010000Z.json,2.0,1.0,1.0,1.0,-0.0,0.0,1.0,severe_network_transition_concentration,1.0,1.0,1.0,-0.0,0.0,1.0,0.0,0.0,severe_corridor_observation_concentration,network_and_physical_both_concentrated,1.0,False,False,False,False,False,"insufficient_minimum_mappable_segments,minimum_unique_probes,minimum_unique_probe_asns,maximum_country_fallback_share","minimum_mappable_segments,minimum_unique_probes,minimum_unique_probe_asns,maximum_country_fallback_share",1.0,1.0,0.0,1.0,probe_country_service
TV,H-Root,resolved_entry_only,5015,dns-root_h-root_msm5015_20260701T000000Z_010000Z.json,2.0,1.0,1.0,1.0,-0.0,0.0,1.0,severe_network_transition_concentration,1.0,1.0,1.0,-0.0,0.0,1.0,0.0,0.0,severe_corridor_observation_concentration,network_and_physical_both_concentrated,1.0,False,False,False,False,False,"insufficient_minimum_mappable_segments,minimum_unique_probes,minimum_unique_probe_asns,maximum_country_fallback_share","minimum_mappable_segments,minimum_unique_probes,minimum_unique_probe_asns,maximum_country_fallback_share",1.0,1.0,0.0,1.0,probe_country_service
TW,H-Root,all_publicly_visible,5015,dns-root_h-root_msm5015_20260701T000000Z_010000Z.json,130.0,0.33076923076923076,0.6384615384615384,0.7538461538461538,1.8014314981482702,0.7249493651208021,6.058313724943993,broad_network_transition_distribution,0.3769230769230769,0.49230769230769234,0.6076923076923078,1.8319514621852977,0.8809824298813382,6.2460637302894,0.15603306476053613,-0.15603306476053613,broad_corridor_observation_distribution,network_and_physical_both_broad,0.6384615384615384,False,True,True,False,False,insufficient_maximum_country_fallback_share,maximum_country_fallback_share,48.0,14.0,0.5384615384615384,0.46153846153846156,probe_country_service
TW,H-Root,resolved_entry_only,5015,dns-root_h-root_msm5015_20260701T000000Z_010000Z.json,118.0,0.3644067796610169,0.7033898305084745,0.8305084745762712,1.5996571794750698,0.6947222859829425,4.951334714240957,weak_network_transition_concentration,0.3644067796610169,0.4915254237288135,0.6186440677966101,1.8168071595252056,0.8736995597661927,6.1521841156391295,0.17897727378325023,-0.17897727378325023,broad_corridor_observation_distribution,network_and_physical_both_broad,0.7033898305084746,False,True,True,False,False,insufficient_maximum_country_fallback_share,maximum_country_fallback_share,46.0,13.0,0.4915254237288136,0.5084745762711864,probe_country_service
TZ,H-Root,all_publicly_visible,,,0.0,,,,,,,,,,,,,,,,,unknown_cross_layer_distribution_class,,False,False,False,False,False,insufficient_no_inter_region_projection_segments,"minimum_mappable_segments,minimum_unique_probes,minimum_unique_probe_asns,maximum_country_fallback_share",0.0,0.0,,,probe_country_service
TZ,H-Root,resolved_entry_only,,,0.0,,,,,,,,,,,,,,,,,unknown_cross_layer_distribution_class,,False,False,False,False,False,insufficient_no_inter_region_projection_segments,"minimum_mappable_segments,minimum_unique_probes,minimum_unique_probe_asns,maximum_country_fallback_share",0.0,0.0,,,probe_country_service
UA,H-Root,all_publicly_visible,,,0.0,,,,,,,,,,,,,,,,,unknown_cross_layer_distribution_class,,False,False,False,False,False,insufficient_no_inter_region_projection_segments,"minimum_mappable_segments,minimum_unique_probes,minimum_unique_probe_asns,maximum_country_fallback_share",0.0,0.0,,,probe_country_service
UA,H-Root,resolved_entry_only,,,0.0,,,,,,,,,,,,,,,,,unknown_cross_layer_distribution_class,,False,False,False,False,False,insufficient_no_inter_region_projection_segments,"minimum_mappable_segments,minimum_unique_probes,minimum_unique_probe_asns,maximum_country_fallback_share",0.0,0.0,,,probe_country_service
UG,H-Root,all_publicly_visible,,,0.0,,,,,,,,,,,,,,,,,unknown_cross_layer_distribution_class,,False,False,False,False,False,insufficient_no_inter_region_projection_segments,"minimum_mappable_segments,minimum_unique_probes,minimum_unique_probe_asns,maximum_country_fallback_share",0.0,0.0,,,probe_country_service
UG,H-Root,resolved_entry_only,,,0.0,,,,,,,,,,,,,,,,,unknown_cross_layer_distribution_class,,False,False,False,False,False,insufficient_no_inter_region_projection_segments,"minimum_mappable_segments,minimum_unique_probes,minimum_unique_probe_asns,maximum_country_fallback_share",0.0,0.0,,,probe_country_service
US,H-Root,all_publicly_visible,5015,dns-root_h-root_msm5015_20260701T000000Z_010000Z.json,669.0,0.21225710014947682,0.3542600896860987,0.4349775784753363,3.1976764304872347,0.7718012185599994,24.47559333187119,broad_network_transition_distribution,0.7002989536621823,0.8602391629297459,0.9050822122571001,1.1225953166677103,0.3631769325743318,3.0728188013473776,-0.4086242859856676,0.4086242859856676,moderate_corridor_observation_concentration,network_broad_physical_concentrated,0.14200298953662183,True,True,True,True,True,auditable,,157.0,65.0,0.9910313901345291,0.008968609865470854,probe_country_service
US,H-Root,resolved_entry_only,5015,dns-root_h-root_msm5015_20260701T000000Z_010000Z.json,550.0,0.2581818181818182,0.3563636363636363,0.44727272727272727,3.0931515360970643,0.7684177119769037,22.04644878520011,broad_network_transition_distribution,0.8445454545454546,0.8990909090909092,0.933939393939394,0.7512791898981621,0.25515189657992043,2.119709794439039,-0.5132658153969832,0.5132658153969832,severe_corridor_observation_concentration,network_broad_physical_concentrated,0.09090909090909091,True,True,True,True,True,auditable,,134.0,57.0,0.9927272727272727,0.007272727272727273,probe_country_service
UY,H-Root,all_publicly_visible,,,0.0,,,,,,,,,,,,,,,,,unknown_cross_layer_distribution_class,,False,False,False,False,False,insufficient_no_inter_region_projection_segments,"minimum_mappable_segments,minimum_unique_probes,minimum_unique_probe_asns,maximum_country_fallback_share",0.0,0.0,,,probe_country_service
UY,H-Root,resolved_entry_only,,,0.0,,,,,,,,,,,,,,,,,unknown_cross_layer_distribution_class,,False,False,False,False,False,insufficient_no_inter_region_projection_segments,"minimum_mappable_segments,minimum_unique_probes,minimum_unique_probe_asns,maximum_country_fallback_share",0.0,0.0,,,probe_country_service
UZ,H-Root,all_publicly_visible,,,0.0,,,,,,,,,,,,,,,,,unknown_cross_layer_distribution_class,,False,False,False,False,False,insufficient_no_inter_region_projection_segments,"minimum_mappable_segments,minimum_unique_probes,minimum_unique_probe_asns,maximum_country_fallback_share",0.0,0.0,,,probe_country_service
UZ,H-Root,resolved_entry_only,,,0.0,,,,,,,,,,,,,,,,,unknown_cross_layer_distribution_class,,False,False,False,False,False,insufficient_no_inter_region_projection_segments,"minimum_mappable_segments,minimum_unique_probes,minimum_unique_probe_asns,maximum_country_fallback_share",0.0,0.0,,,probe_country_service
VA,H-Root,all_publicly_visible,,,0.0,,,,,,,,,,,,,,,,,unknown_cross_layer_distribution_class,,False,False,False,False,False,insufficient_no_inter_region_projection_segments,"minimum_mappable_segments,minimum_unique_probes,minimum_unique_probe_asns,maximum_country_fallback_share",0.0,0.0,,,probe_country_service
VA,H-Root,resolved_entry_only,,,0.0,,,,,,,,,,,,,,,,,unknown_cross_layer_distribution_class,,False,False,False,False,False,insufficient_no_inter_region_projection_segments,"minimum_mappable_segments,minimum_unique_probes,minimum_unique_probe_asns,maximum_country_fallback_share",0.0,0.0,,,probe_country_service
VE,H-Root,all_publicly_visible,5015,dns-root_h-root_msm5015_20260701T000000Z_010000Z.json,33.0,0.42424242424242425,0.6060606060606061,0.7878787878787878,1.5256108954859067,0.8514596527530488,4.597951579383284,broad_network_transition_distribution,0.45454545454545453,0.8484848484848484,0.9090909090909091,1.2131321364769951,0.6770619367786289,3.3640046906514818,-0.1743977159744199,0.1743977159744199,moderate_corridor_observation_concentration,network_broad_physical_concentrated,0.0,True,True,True,True,True,auditable,,11.0,7.0,0.8484848484848485,0.15151515151515152,probe_country_service
VE,H-Root,resolved_entry_only,5015,dns-root_h-root_msm5015_20260701T000000Z_010000Z.json,13.0,0.46153846153846156,0.9230769230769231,1.0,0.9110175397125628,0.8292439007914473,2.486851716775397,moderate_network_transition_concentration,1.0,1.0,1.0,-0.0,0.0,1.0,-0.8292439007914473,0.8292439007914473,severe_corridor_observation_concentration,network_and_physical_both_concentrated,0.0,False,False,False,True,False,"insufficient_minimum_mappable_segments,minimum_unique_probes,minimum_unique_probe_asns","minimum_mappable_segments,minimum_unique_probes,minimum_unique_probe_asns",4.0,2.0,1.0,0.0,probe_country_service
VI,H-Root,all_publicly_visible,5015,dns-root_h-root_msm5015_20260701T000000Z_010000Z.json,4.0,1.0,1.0,1.0,-0.0,0.0,1.0,severe_network_transition_concentration,1.0,1.0,1.0,-0.0,0.0,1.0,0.0,0.0,severe_corridor_observation_concentration,network_and_physical_both_concentrated,0.0,False,False,False,True,False,"insufficient_minimum_mappable_segments,minimum_unique_probes,minimum_unique_probe_asns","minimum_mappable_segments,minimum_unique_probes,minimum_unique_probe_asns",2.0,1.0,0.0,1.0,probe_country_service
VI,H-Root,resolved_entry_only,,,0.0,,,,,,,,,,,,,,,,,unknown_cross_layer_distribution_class,,False,False,False,False,False,insufficient_no_inter_region_projection_segments,"minimum_mappable_segments,minimum_unique_probes,minimum_unique_probe_asns,maximum_country_fallback_share",0.0,0.0,,,probe_country_service
VN,H-Root,all_publicly_visible,5015,dns-root_h-root_msm5015_20260701T000000Z_010000Z.json,6.0,0.3333333333333333,0.6666666666666666,1.0,1.0986122886681096,0.9999999999999998,2.9999999999999996,weak_network_transition_concentration,0.3333333333333333,0.5555555555555556,0.7777777777777777,1.3689223607402192,0.9874687506009635,3.9311120913133446,-0.01253124939903627,0.01253124939903627,weak_corridor_observation_concentration,network_and_physical_both_concentrated,0.0,False,False,False,True,False,"insufficient_minimum_mappable_segments,minimum_unique_probes,minimum_unique_probe_asns","minimum_mappable_segments,minimum_unique_probes,minimum_unique_probe_asns",2.0,2.0,0.6666666666666667,0.33333333333333337,probe_country_service
VN,H-Root,resolved_entry_only,5015,dns-root_h-root_msm5015_20260701T000000Z_010000Z.json,6.0,0.3333333333333333,0.6666666666666666,1.0,1.0986122886681096,0.9999999999999998,2.9999999999999996,weak_network_transition_concentration,0.3333333333333333,0.5555555555555556,0.7777777777777777,1.3689223607402192,0.9874687506009635,3.9311120913133446,-0.01253124939903627,0.01253124939903627,weak_corridor_observation_concentration,network_and_physical_both_concentrated,0.0,False,False,False,True,False,"insufficient_minimum_mappable_segments,minimum_unique_probes,minimum_unique_probe_asns","minimum_mappable_segments,minimum_unique_probes,minimum_unique_probe_asns",2.0,2.0,0.6666666666666667,0.33333333333333337,probe_country_service
VU,H-Root,all_publicly_visible,5015,dns-root_h-root_msm5015_20260701T000000Z_010000Z.json,2.0,1.0,1.0,1.0,-0.0,0.0,1.0,severe_network_transition_concentration,1.0,1.0,1.0,-0.0,0.0,1.0,0.0,0.0,severe_corridor_observation_concentration,network_and_physical_both_concentrated,0.0,False,False,False,True,False,"insufficient_minimum_mappable_segments,minimum_unique_probes,minimum_unique_probe_asns","minimum_mappable_segments,minimum_unique_probes,minimum_unique_probe_asns",1.0,1.0,0.0,1.0,probe_country_service
VU,H-Root,resolved_entry_only,5015,dns-root_h-root_msm5015_20260701T000000Z_010000Z.json,2.0,1.0,1.0,1.0,-0.0,0.0,1.0,severe_network_transition_concentration,1.0,1.0,1.0,-0.0,0.0,1.0,0.0,0.0,severe_corridor_observation_concentration,network_and_physical_both_concentrated,0.0,False,False,False,True,False,"insufficient_minimum_mappable_segments,minimum_unique_probes,minimum_unique_probe_asns","minimum_mappable_segments,minimum_unique_probes,minimum_unique_probe_asns",1.0,1.0,0.0,1.0,probe_country_service
YE,H-Root,all_publicly_visible,,,0.0,,,,,,,,,,,,,,,,,unknown_cross_layer_distribution_class,,False,False,False,False,False,insufficient_no_inter_region_projection_segments,"minimum_mappable_segments,minimum_unique_probes,minimum_unique_probe_asns,maximum_country_fallback_share",0.0,0.0,,,probe_country_service
YE,H-Root,resolved_entry_only,,,0.0,,,,,,,,,,,,,,,,,unknown_cross_layer_distribution_class,,False,False,False,False,False,insufficient_no_inter_region_projection_segments,"minimum_mappable_segments,minimum_unique_probes,minimum_unique_probe_asns,maximum_country_fallback_share",0.0,0.0,,,probe_country_service
ZA,H-Root,all_publicly_visible,,,0.0,,,,,,,,,,,,,,,,,unknown_cross_layer_distribution_class,,False,False,False,False,False,insufficient_no_inter_region_projection_segments,"minimum_mappable_segments,minimum_unique_probes,minimum_unique_probe_asns,maximum_country_fallback_share",0.0,0.0,,,probe_country_service
ZA,H-Root,resolved_entry_only,,,0.0,,,,,,,,,,,,,,,,,unknown_cross_layer_distribution_class,,False,False,False,False,False,insufficient_no_inter_region_projection_segments,"minimum_mappable_segments,minimum_unique_probes,minimum_unique_probe_asns,maximum_country_fallback_share",0.0,0.0,,,probe_country_service
ZM,H-Root,all_publicly_visible,,,0.0,,,,,,,,,,,,,,,,,unknown_cross_layer_distribution_class,,False,False,False,False,False,insufficient_no_inter_region_projection_segments,"minimum_mappable_segments,minimum_unique_probes,minimum_unique_probe_asns,maximum_country_fallback_share",0.0,0.0,,,probe_country_service
ZM,H-Root,resolved_entry_only,,,0.0,,,,,,,,,,,,,,,,,unknown_cross_layer_distribution_class,,False,False,False,False,False,insufficient_no_inter_region_projection_segments,"minimum_mappable_segments,minimum_unique_probes,minimum_unique_probe_asns,maximum_country_fallback_share",0.0,0.0,,,probe_country_service
ZW,H-Root,all_publicly_visible,,,0.0,,,,,,,,,,,,,,,,,unknown_cross_layer_distribution_class,,False,False,False,False,False,insufficient_no_inter_region_projection_segments,"minimum_mappable_segments,minimum_unique_probes,minimum_unique_probe_asns,maximum_country_fallback_share",0.0,0.0,,,probe_country_service
ZW,H-Root,resolved_entry_only,,,0.0,,,,,,,,,,,,,,,,,unknown_cross_layer_distribution_class,,False,False,False,False,False,insufficient_no_inter_region_projection_segments,"minimum_mappable_segments,minimum_unique_probes,minimum_unique_probe_asns,maximum_country_fallback_share",0.0,0.0,,,probe_country_service
