probe_country,country_geography_type,country_geography_classification_source,path_scope_stratum,total_valid_traces,mappable_traces,traces_with_inter_region_candidates,traces_with_domestic_inter_region_candidates,traces_with_international_inter_region_candidates,traces_with_intra_region_candidates,inter_region_candidate_exposure_rate,inter_region_candidate_rate_among_mappable_traces,domestic_inter_region_candidate_exposure_rate,international_inter_region_candidate_exposure_rate,intra_region_candidate_rate,candidate_dependency_proxy_rate,candidate_dependency_proxy_tier,unique_services,unique_probes,unique_probe_asns,service_entry_resolution_rate,geography_summary_eligible,geography_summary_eligibility_reason,candidate_dependency_proxy_interpretation
?,unknown,unclassified_or_missing_country_code,all_publicly_visible,2,2,0,0,0,0,0.0,0.0,0.0,0.0,0.0,0.0,no_observed_inter_region_candidate_exposure,1,1,1,1.0,False,"insufficient_minimum_mappable_traces,minimum_unique_probes,minimum_unique_probe_asns",trace share with at least one feasible domestic or international inter-region submarine-corridor candidate; not actual cable use or traffic dependency
?,unknown,unclassified_or_missing_country_code,resolved_entry_only,2,2,0,0,0,0,0.0,0.0,0.0,0.0,0.0,0.0,no_observed_inter_region_candidate_exposure,1,1,1,1.0,False,"insufficient_minimum_mappable_traces,minimum_unique_probes,minimum_unique_probe_asns",trace share with at least one feasible domestic or international inter-region submarine-corridor candidate; not actual cable use or traffic dependency
AD,landlocked,catalog_landlocked_list,all_publicly_visible,6,6,6,0,6,0,1.0,1.0,0.0,1.0,0.0,1.0,very_high_candidate_dependency_proxy,1,3,1,1.0,False,"insufficient_minimum_mappable_traces,minimum_unique_probes,minimum_unique_probe_asns",trace share with at least one feasible domestic or international inter-region submarine-corridor candidate; not actual cable use or traffic dependency
AD,landlocked,catalog_landlocked_list,resolved_entry_only,6,6,6,0,6,0,1.0,1.0,0.0,1.0,0.0,1.0,very_high_candidate_dependency_proxy,1,3,1,1.0,False,"insufficient_minimum_mappable_traces,minimum_unique_probes,minimum_unique_probe_asns",trace share with at least one feasible domestic or international inter-region submarine-corridor candidate; not actual cable use or traffic dependency
AE,coastal_mainland_or_mixed,catalog_default_alpha2_rule,all_publicly_visible,44,42,1,1,0,2,0.022727272727272728,0.023809523809523808,0.022727272727272728,0.0,0.045454545454545456,0.022727272727272728,low_candidate_dependency_proxy,1,22,14,0.9318181818181818,True,eligible,trace share with at least one feasible domestic or international inter-region submarine-corridor candidate; not actual cable use or traffic dependency
AE,coastal_mainland_or_mixed,catalog_default_alpha2_rule,resolved_entry_only,41,41,1,1,0,2,0.024390243902439025,0.024390243902439025,0.024390243902439025,0.0,0.04878048780487805,0.024390243902439025,low_candidate_dependency_proxy,1,21,13,1.0,True,eligible,trace share with at least one feasible domestic or international inter-region submarine-corridor candidate; not actual cable use or traffic dependency
AF,landlocked,catalog_landlocked_list,all_publicly_visible,12,12,0,0,0,0,0.0,0.0,0.0,0.0,0.0,0.0,no_observed_inter_region_candidate_exposure,1,6,2,1.0,False,"insufficient_minimum_mappable_traces,minimum_unique_probes,minimum_unique_probe_asns",trace share with at least one feasible domestic or international inter-region submarine-corridor candidate; not actual cable use or traffic dependency
AF,landlocked,catalog_landlocked_list,resolved_entry_only,12,12,0,0,0,0,0.0,0.0,0.0,0.0,0.0,0.0,no_observed_inter_region_candidate_exposure,1,6,2,1.0,False,"insufficient_minimum_mappable_traces,minimum_unique_probes,minimum_unique_probe_asns",trace share with at least one feasible domestic or international inter-region submarine-corridor candidate; not actual cable use or traffic dependency
AL,coastal_mainland_or_mixed,catalog_default_alpha2_rule,all_publicly_visible,58,50,2,2,0,0,0.034482758620689655,0.04,0.034482758620689655,0.0,0.0,0.034482758620689655,low_candidate_dependency_proxy,1,29,20,0.8275862068965517,True,eligible,trace share with at least one feasible domestic or international inter-region submarine-corridor candidate; not actual cable use or traffic dependency
AL,coastal_mainland_or_mixed,catalog_default_alpha2_rule,resolved_entry_only,48,48,0,0,0,0,0.0,0.0,0.0,0.0,0.0,0.0,no_observed_inter_region_candidate_exposure,1,24,16,1.0,True,eligible,trace share with at least one feasible domestic or international inter-region submarine-corridor candidate; not actual cable use or traffic dependency
AM,landlocked,catalog_landlocked_list,all_publicly_visible,42,41,0,0,0,0,0.0,0.0,0.0,0.0,0.0,0.0,no_observed_inter_region_candidate_exposure,1,21,10,0.9761904761904762,True,eligible,trace share with at least one feasible domestic or international inter-region submarine-corridor candidate; not actual cable use or traffic dependency
AM,landlocked,catalog_landlocked_list,resolved_entry_only,41,41,0,0,0,0,0.0,0.0,0.0,0.0,0.0,0.0,no_observed_inter_region_candidate_exposure,1,21,10,1.0,True,eligible,trace share with at least one feasible domestic or international inter-region submarine-corridor candidate; not actual cable use or traffic dependency
AO,coastal_mainland_or_mixed,catalog_default_alpha2_rule,all_publicly_visible,23,23,0,0,0,0,0.0,0.0,0.0,0.0,0.0,0.0,no_observed_inter_region_candidate_exposure,1,12,5,1.0,False,insufficient_minimum_mappable_traces,trace share with at least one feasible domestic or international inter-region submarine-corridor candidate; not actual cable use or traffic dependency
AO,coastal_mainland_or_mixed,catalog_default_alpha2_rule,resolved_entry_only,23,23,0,0,0,0,0.0,0.0,0.0,0.0,0.0,0.0,no_observed_inter_region_candidate_exposure,1,12,5,1.0,False,insufficient_minimum_mappable_traces,trace share with at least one feasible domestic or international inter-region submarine-corridor candidate; not actual cable use or traffic dependency
AR,coastal_mainland_or_mixed,catalog_default_alpha2_rule,all_publicly_visible,116,107,0,0,0,2,0.0,0.0,0.0,0.0,0.017241379310344827,0.0,no_observed_inter_region_candidate_exposure,1,58,43,0.9224137931034483,True,eligible,trace share with at least one feasible domestic or international inter-region submarine-corridor candidate; not actual cable use or traffic dependency
AR,coastal_mainland_or_mixed,catalog_default_alpha2_rule,resolved_entry_only,107,107,0,0,0,2,0.0,0.0,0.0,0.0,0.018691588785046728,0.0,no_observed_inter_region_candidate_exposure,1,55,42,1.0,True,eligible,trace share with at least one feasible domestic or international inter-region submarine-corridor candidate; not actual cable use or traffic dependency
AT,landlocked,catalog_landlocked_list,all_publicly_visible,454,412,0,0,0,6,0.0,0.0,0.0,0.0,0.013215859030837005,0.0,no_observed_inter_region_candidate_exposure,1,226,86,0.8898678414096917,True,eligible,trace share with at least one feasible domestic or international inter-region submarine-corridor candidate; not actual cable use or traffic dependency
AT,landlocked,catalog_landlocked_list,resolved_entry_only,404,404,0,0,0,6,0.0,0.0,0.0,0.0,0.01485148514851485,0.0,no_observed_inter_region_candidate_exposure,1,202,79,1.0,True,eligible,trace share with at least one feasible domestic or international inter-region submarine-corridor candidate; not actual cable use or traffic dependency
AU,coastal_mainland_or_mixed,catalog_default_alpha2_rule,all_publicly_visible,559,497,315,230,226,343,0.5635062611806798,0.6338028169014085,0.41144901610017887,0.40429338103756707,0.6135957066189625,0.5635062611806798,very_high_candidate_dependency_proxy,1,280,77,0.8872987477638641,True,eligible,trace share with at least one feasible domestic or international inter-region submarine-corridor candidate; not actual cable use or traffic dependency
AU,coastal_mainland_or_mixed,catalog_default_alpha2_rule,resolved_entry_only,496,496,314,229,226,343,0.6330645161290323,0.6330645161290323,0.46169354838709675,0.45564516129032256,0.6915322580645161,0.6330645161290323,very_high_candidate_dependency_proxy,1,249,73,1.0,True,eligible,trace share with at least one feasible domestic or international inter-region submarine-corridor candidate; not actual cable use or traffic dependency
AX,coastal_mainland_or_mixed,catalog_default_alpha2_rule,all_publicly_visible,4,4,4,2,2,2,1.0,1.0,0.5,0.5,0.5,1.0,very_high_candidate_dependency_proxy,1,2,2,1.0,False,"insufficient_minimum_mappable_traces,minimum_unique_probes,minimum_unique_probe_asns",trace share with at least one feasible domestic or international inter-region submarine-corridor candidate; not actual cable use or traffic dependency
AX,coastal_mainland_or_mixed,catalog_default_alpha2_rule,resolved_entry_only,4,4,4,2,2,2,1.0,1.0,0.5,0.5,0.5,1.0,very_high_candidate_dependency_proxy,1,2,2,1.0,False,"insufficient_minimum_mappable_traces,minimum_unique_probes,minimum_unique_probe_asns",trace share with at least one feasible domestic or international inter-region submarine-corridor candidate; not actual cable use or traffic dependency
AZ,landlocked,catalog_landlocked_list,all_publicly_visible,18,12,0,0,0,0,0.0,0.0,0.0,0.0,0.0,0.0,no_observed_inter_region_candidate_exposure,1,9,8,0.6666666666666666,False,"insufficient_minimum_mappable_traces,minimum_unique_probes",trace share with at least one feasible domestic or international inter-region submarine-corridor candidate; not actual cable use or traffic dependency
AZ,landlocked,catalog_landlocked_list,resolved_entry_only,12,12,0,0,0,0,0.0,0.0,0.0,0.0,0.0,0.0,no_observed_inter_region_candidate_exposure,1,6,6,1.0,False,"insufficient_minimum_mappable_traces,minimum_unique_probes",trace share with at least one feasible domestic or international inter-region submarine-corridor candidate; not actual cable use or traffic dependency
BA,coastal_mainland_or_mixed,catalog_default_alpha2_rule,all_publicly_visible,30,28,0,0,0,0,0.0,0.0,0.0,0.0,0.0,0.0,no_observed_inter_region_candidate_exposure,1,15,7,0.9333333333333333,False,insufficient_minimum_mappable_traces,trace share with at least one feasible domestic or international inter-region submarine-corridor candidate; not actual cable use or traffic dependency
BA,coastal_mainland_or_mixed,catalog_default_alpha2_rule,resolved_entry_only,28,28,0,0,0,0,0.0,0.0,0.0,0.0,0.0,0.0,no_observed_inter_region_candidate_exposure,1,14,7,1.0,False,insufficient_minimum_mappable_traces,trace share with at least one feasible domestic or international inter-region submarine-corridor candidate; not actual cable use or traffic dependency
BB,island_or_archipelagic,catalog_island_or_archipelagic_list,all_publicly_visible,2,2,2,0,2,0,1.0,1.0,0.0,1.0,0.0,1.0,very_high_candidate_dependency_proxy,1,1,1,1.0,False,"insufficient_minimum_mappable_traces,minimum_unique_probes,minimum_unique_probe_asns",trace share with at least one feasible domestic or international inter-region submarine-corridor candidate; not actual cable use or traffic dependency
BB,island_or_archipelagic,catalog_island_or_archipelagic_list,resolved_entry_only,2,2,2,0,2,0,1.0,1.0,0.0,1.0,0.0,1.0,very_high_candidate_dependency_proxy,1,1,1,1.0,False,"insufficient_minimum_mappable_traces,minimum_unique_probes,minimum_unique_probe_asns",trace share with at least one feasible domestic or international inter-region submarine-corridor candidate; not actual cable use or traffic dependency
BD,coastal_mainland_or_mixed,catalog_default_alpha2_rule,all_publicly_visible,22,22,8,6,5,13,0.36363636363636365,0.36363636363636365,0.2727272727272727,0.22727272727272727,0.5909090909090909,0.36363636363636365,very_high_candidate_dependency_proxy,1,11,7,0.9090909090909091,False,insufficient_minimum_mappable_traces,trace share with at least one feasible domestic or international inter-region submarine-corridor candidate; not actual cable use or traffic dependency
BD,coastal_mainland_or_mixed,catalog_default_alpha2_rule,resolved_entry_only,20,20,8,6,5,13,0.4,0.4,0.3,0.25,0.65,0.4,very_high_candidate_dependency_proxy,1,11,7,1.0,False,insufficient_minimum_mappable_traces,trace share with at least one feasible domestic or international inter-region submarine-corridor candidate; not actual cable use or traffic dependency
BE,coastal_mainland_or_mixed,catalog_default_alpha2_rule,all_publicly_visible,324,311,0,0,0,0,0.0,0.0,0.0,0.0,0.0,0.0,no_observed_inter_region_candidate_exposure,1,161,28,0.9598765432098766,True,eligible,trace share with at least one feasible domestic or international inter-region submarine-corridor candidate; not actual cable use or traffic dependency
BE,coastal_mainland_or_mixed,catalog_default_alpha2_rule,resolved_entry_only,311,311,0,0,0,0,0.0,0.0,0.0,0.0,0.0,0.0,no_observed_inter_region_candidate_exposure,1,155,26,1.0,True,eligible,trace share with at least one feasible domestic or international inter-region submarine-corridor candidate; not actual cable use or traffic dependency
BF,landlocked,catalog_landlocked_list,all_publicly_visible,8,6,0,0,0,0,0.0,0.0,0.0,0.0,0.0,0.0,no_observed_inter_region_candidate_exposure,1,4,3,0.75,False,"insufficient_minimum_mappable_traces,minimum_unique_probes",trace share with at least one feasible domestic or international inter-region submarine-corridor candidate; not actual cable use or traffic dependency
BF,landlocked,catalog_landlocked_list,resolved_entry_only,6,6,0,0,0,0,0.0,0.0,0.0,0.0,0.0,0.0,no_observed_inter_region_candidate_exposure,1,3,2,1.0,False,"insufficient_minimum_mappable_traces,minimum_unique_probes,minimum_unique_probe_asns",trace share with at least one feasible domestic or international inter-region submarine-corridor candidate; not actual cable use or traffic dependency
BG,coastal_mainland_or_mixed,catalog_default_alpha2_rule,all_publicly_visible,180,168,2,2,0,2,0.011111111111111112,0.011904761904761904,0.011111111111111112,0.0,0.011111111111111112,0.011111111111111112,low_candidate_dependency_proxy,1,90,50,0.9222222222222223,True,eligible,trace share with at least one feasible domestic or international inter-region submarine-corridor candidate; not actual cable use or traffic dependency
BG,coastal_mainland_or_mixed,catalog_default_alpha2_rule,resolved_entry_only,166,166,2,2,0,2,0.012048192771084338,0.012048192771084338,0.012048192771084338,0.0,0.012048192771084338,0.012048192771084338,low_candidate_dependency_proxy,1,83,44,1.0,True,eligible,trace share with at least one feasible domestic or international inter-region submarine-corridor candidate; not actual cable use or traffic dependency
BH,island_or_archipelagic,catalog_island_or_archipelagic_list,all_publicly_visible,12,8,0,0,0,4,0.0,0.0,0.0,0.0,0.3333333333333333,0.0,no_observed_inter_region_candidate_exposure,1,6,3,0.6666666666666666,False,"insufficient_minimum_mappable_traces,minimum_unique_probes",trace share with at least one feasible domestic or international inter-region submarine-corridor candidate; not actual cable use or traffic dependency
BH,island_or_archipelagic,catalog_island_or_archipelagic_list,resolved_entry_only,8,8,0,0,0,4,0.0,0.0,0.0,0.0,0.5,0.0,no_observed_inter_region_candidate_exposure,1,4,2,1.0,False,"insufficient_minimum_mappable_traces,minimum_unique_probes,minimum_unique_probe_asns",trace share with at least one feasible domestic or international inter-region submarine-corridor candidate; not actual cable use or traffic dependency
BI,landlocked,catalog_landlocked_list,all_publicly_visible,2,2,0,0,0,0,0.0,0.0,0.0,0.0,0.0,0.0,no_observed_inter_region_candidate_exposure,1,1,1,1.0,False,"insufficient_minimum_mappable_traces,minimum_unique_probes,minimum_unique_probe_asns",trace share with at least one feasible domestic or international inter-region submarine-corridor candidate; not actual cable use or traffic dependency
BI,landlocked,catalog_landlocked_list,resolved_entry_only,2,2,0,0,0,0,0.0,0.0,0.0,0.0,0.0,0.0,no_observed_inter_region_candidate_exposure,1,1,1,1.0,False,"insufficient_minimum_mappable_traces,minimum_unique_probes,minimum_unique_probe_asns",trace share with at least one feasible domestic or international inter-region submarine-corridor candidate; not actual cable use or traffic dependency
BJ,coastal_mainland_or_mixed,catalog_default_alpha2_rule,all_publicly_visible,20,18,8,0,8,0,0.4,0.4444444444444444,0.0,0.4,0.0,0.4,very_high_candidate_dependency_proxy,1,10,5,0.9,False,insufficient_minimum_mappable_traces,trace share with at least one feasible domestic or international inter-region submarine-corridor candidate; not actual cable use or traffic dependency
BJ,coastal_mainland_or_mixed,catalog_default_alpha2_rule,resolved_entry_only,18,18,8,0,8,0,0.4444444444444444,0.4444444444444444,0.0,0.4444444444444444,0.0,0.4444444444444444,very_high_candidate_dependency_proxy,1,9,4,1.0,False,"insufficient_minimum_mappable_traces,minimum_unique_probes",trace share with at least one feasible domestic or international inter-region submarine-corridor candidate; not actual cable use or traffic dependency
BL,island_or_archipelagic,catalog_island_or_archipelagic_list,all_publicly_visible,2,2,0,0,0,0,0.0,0.0,0.0,0.0,0.0,0.0,no_observed_inter_region_candidate_exposure,1,1,1,1.0,False,"insufficient_minimum_mappable_traces,minimum_unique_probes,minimum_unique_probe_asns",trace share with at least one feasible domestic or international inter-region submarine-corridor candidate; not actual cable use or traffic dependency
BL,island_or_archipelagic,catalog_island_or_archipelagic_list,resolved_entry_only,2,2,0,0,0,0,0.0,0.0,0.0,0.0,0.0,0.0,no_observed_inter_region_candidate_exposure,1,1,1,1.0,False,"insufficient_minimum_mappable_traces,minimum_unique_probes,minimum_unique_probe_asns",trace share with at least one feasible domestic or international inter-region submarine-corridor candidate; not actual cable use or traffic dependency
BO,landlocked,catalog_landlocked_list,all_publicly_visible,36,36,2,2,0,2,0.05555555555555555,0.05555555555555555,0.05555555555555555,0.0,0.05555555555555555,0.05555555555555555,moderate_candidate_dependency_proxy,1,18,8,1.0,True,eligible,trace share with at least one feasible domestic or international inter-region submarine-corridor candidate; not actual cable use or traffic dependency
BO,landlocked,catalog_landlocked_list,resolved_entry_only,36,36,2,2,0,2,0.05555555555555555,0.05555555555555555,0.05555555555555555,0.0,0.05555555555555555,0.05555555555555555,moderate_candidate_dependency_proxy,1,18,8,1.0,True,eligible,trace share with at least one feasible domestic or international inter-region submarine-corridor candidate; not actual cable use or traffic dependency
BR,coastal_mainland_or_mixed,catalog_default_alpha2_rule,all_publicly_visible,217,184,9,6,6,3,0.041474654377880185,0.04891304347826087,0.027649769585253458,0.027649769585253458,0.013824884792626729,0.041474654377880185,low_candidate_dependency_proxy,1,109,70,0.783410138248848,True,eligible,trace share with at least one feasible domestic or international inter-region submarine-corridor candidate; not actual cable use or traffic dependency
BR,coastal_mainland_or_mixed,catalog_default_alpha2_rule,resolved_entry_only,170,170,9,6,6,3,0.052941176470588235,0.052941176470588235,0.03529411764705882,0.03529411764705882,0.01764705882352941,0.052941176470588235,moderate_candidate_dependency_proxy,1,86,59,1.0,True,eligible,trace share with at least one feasible domestic or international inter-region submarine-corridor candidate; not actual cable use or traffic dependency
BT,landlocked,catalog_landlocked_list,all_publicly_visible,4,2,0,0,0,0,0.0,0.0,0.0,0.0,0.0,0.0,no_observed_inter_region_candidate_exposure,1,2,2,0.5,False,"insufficient_minimum_mappable_traces,minimum_unique_probes,minimum_unique_probe_asns",trace share with at least one feasible domestic or international inter-region submarine-corridor candidate; not actual cable use or traffic dependency
BT,landlocked,catalog_landlocked_list,resolved_entry_only,2,2,0,0,0,0,0.0,0.0,0.0,0.0,0.0,0.0,no_observed_inter_region_candidate_exposure,1,1,1,1.0,False,"insufficient_minimum_mappable_traces,minimum_unique_probes,minimum_unique_probe_asns",trace share with at least one feasible domestic or international inter-region submarine-corridor candidate; not actual cable use or traffic dependency
BW,landlocked,catalog_landlocked_list,all_publicly_visible,2,2,0,0,0,0,0.0,0.0,0.0,0.0,0.0,0.0,no_observed_inter_region_candidate_exposure,1,1,1,1.0,False,"insufficient_minimum_mappable_traces,minimum_unique_probes,minimum_unique_probe_asns",trace share with at least one feasible domestic or international inter-region submarine-corridor candidate; not actual cable use or traffic dependency
BW,landlocked,catalog_landlocked_list,resolved_entry_only,2,2,0,0,0,0,0.0,0.0,0.0,0.0,0.0,0.0,no_observed_inter_region_candidate_exposure,1,1,1,1.0,False,"insufficient_minimum_mappable_traces,minimum_unique_probes,minimum_unique_probe_asns",trace share with at least one feasible domestic or international inter-region submarine-corridor candidate; not actual cable use or traffic dependency
BY,landlocked,catalog_landlocked_list,all_publicly_visible,54,54,0,0,0,0,0.0,0.0,0.0,0.0,0.0,0.0,no_observed_inter_region_candidate_exposure,1,27,14,0.9629629629629629,True,eligible,trace share with at least one feasible domestic or international inter-region submarine-corridor candidate; not actual cable use or traffic dependency
BY,landlocked,catalog_landlocked_list,resolved_entry_only,52,52,0,0,0,0,0.0,0.0,0.0,0.0,0.0,0.0,no_observed_inter_region_candidate_exposure,1,26,13,1.0,True,eligible,trace share with at least one feasible domestic or international inter-region submarine-corridor candidate; not actual cable use or traffic dependency
CA,coastal_mainland_or_mixed,catalog_default_alpha2_rule,all_publicly_visible,627,599,153,145,51,143,0.24401913875598086,0.25542570951585974,0.23125996810207336,0.08133971291866028,0.22807017543859648,0.24401913875598086,high_candidate_dependency_proxy,1,313,96,0.94896331738437,True,eligible,trace share with at least one feasible domestic or international inter-region submarine-corridor candidate; not actual cable use or traffic dependency
CA,coastal_mainland_or_mixed,catalog_default_alpha2_rule,resolved_entry_only,595,595,153,145,51,143,0.2571428571428571,0.2571428571428571,0.24369747899159663,0.08571428571428572,0.24033613445378152,0.2571428571428571,high_candidate_dependency_proxy,1,298,90,1.0,True,eligible,trace share with at least one feasible domestic or international inter-region submarine-corridor candidate; not actual cable use or traffic dependency
CD,coastal_mainland_or_mixed,catalog_default_alpha2_rule,all_publicly_visible,6,6,1,0,1,0,0.16666666666666666,0.16666666666666666,0.0,0.16666666666666666,0.0,0.16666666666666666,high_candidate_dependency_proxy,1,3,3,1.0,False,"insufficient_minimum_mappable_traces,minimum_unique_probes",trace share with at least one feasible domestic or international inter-region submarine-corridor candidate; not actual cable use or traffic dependency
CD,coastal_mainland_or_mixed,catalog_default_alpha2_rule,resolved_entry_only,6,6,1,0,1,0,0.16666666666666666,0.16666666666666666,0.0,0.16666666666666666,0.0,0.16666666666666666,high_candidate_dependency_proxy,1,3,3,1.0,False,"insufficient_minimum_mappable_traces,minimum_unique_probes",trace share with at least one feasible domestic or international inter-region submarine-corridor candidate; not actual cable use or traffic dependency
CG,coastal_mainland_or_mixed,catalog_default_alpha2_rule,all_publicly_visible,6,4,0,0,0,0,0.0,0.0,0.0,0.0,0.0,0.0,no_observed_inter_region_candidate_exposure,1,3,2,0.6666666666666666,False,"insufficient_minimum_mappable_traces,minimum_unique_probes,minimum_unique_probe_asns",trace share with at least one feasible domestic or international inter-region submarine-corridor candidate; not actual cable use or traffic dependency
CG,coastal_mainland_or_mixed,catalog_default_alpha2_rule,resolved_entry_only,4,4,0,0,0,0,0.0,0.0,0.0,0.0,0.0,0.0,no_observed_inter_region_candidate_exposure,1,2,1,1.0,False,"insufficient_minimum_mappable_traces,minimum_unique_probes,minimum_unique_probe_asns",trace share with at least one feasible domestic or international inter-region submarine-corridor candidate; not actual cable use or traffic dependency
CH,landlocked,catalog_landlocked_list,all_publicly_visible,683,635,0,0,0,40,0.0,0.0,0.0,0.0,0.05856515373352855,0.0,no_observed_inter_region_candidate_exposure,1,342,86,0.91800878477306,True,eligible,trace share with at least one feasible domestic or international inter-region submarine-corridor candidate; not actual cable use or traffic dependency
CH,landlocked,catalog_landlocked_list,resolved_entry_only,627,627,0,0,0,38,0.0,0.0,0.0,0.0,0.06060606060606061,0.0,no_observed_inter_region_candidate_exposure,1,314,77,1.0,True,eligible,trace share with at least one feasible domestic or international inter-region submarine-corridor candidate; not actual cable use or traffic dependency
CI,coastal_mainland_or_mixed,catalog_default_alpha2_rule,all_publicly_visible,4,4,0,0,0,0,0.0,0.0,0.0,0.0,0.0,0.0,no_observed_inter_region_candidate_exposure,1,2,2,1.0,False,"insufficient_minimum_mappable_traces,minimum_unique_probes,minimum_unique_probe_asns",trace share with at least one feasible domestic or international inter-region submarine-corridor candidate; not actual cable use or traffic dependency
CI,coastal_mainland_or_mixed,catalog_default_alpha2_rule,resolved_entry_only,4,4,0,0,0,0,0.0,0.0,0.0,0.0,0.0,0.0,no_observed_inter_region_candidate_exposure,1,2,2,1.0,False,"insufficient_minimum_mappable_traces,minimum_unique_probes,minimum_unique_probe_asns",trace share with at least one feasible domestic or international inter-region submarine-corridor candidate; not actual cable use or traffic dependency
CK,island_or_archipelagic,catalog_island_or_archipelagic_list,all_publicly_visible,2,2,2,0,2,2,1.0,1.0,0.0,1.0,1.0,1.0,very_high_candidate_dependency_proxy,1,1,1,1.0,False,"insufficient_minimum_mappable_traces,minimum_unique_probes,minimum_unique_probe_asns",trace share with at least one feasible domestic or international inter-region submarine-corridor candidate; not actual cable use or traffic dependency
CK,island_or_archipelagic,catalog_island_or_archipelagic_list,resolved_entry_only,2,2,2,0,2,2,1.0,1.0,0.0,1.0,1.0,1.0,very_high_candidate_dependency_proxy,1,1,1,1.0,False,"insufficient_minimum_mappable_traces,minimum_unique_probes,minimum_unique_probe_asns",trace share with at least one feasible domestic or international inter-region submarine-corridor candidate; not actual cable use or traffic dependency
CL,coastal_mainland_or_mixed,catalog_default_alpha2_rule,all_publicly_visible,176,76,0,0,0,1,0.0,0.0,0.0,0.0,0.005681818181818182,0.0,no_observed_inter_region_candidate_exposure,1,87,37,0.4318181818181818,True,eligible,trace share with at least one feasible domestic or international inter-region submarine-corridor candidate; not actual cable use or traffic dependency
CL,coastal_mainland_or_mixed,catalog_default_alpha2_rule,resolved_entry_only,76,76,0,0,0,1,0.0,0.0,0.0,0.0,0.013157894736842105,0.0,no_observed_inter_region_candidate_exposure,1,38,22,1.0,True,eligible,trace share with at least one feasible domestic or international inter-region submarine-corridor candidate; not actual cable use or traffic dependency
CM,coastal_mainland_or_mixed,catalog_default_alpha2_rule,all_publicly_visible,4,4,4,0,4,0,1.0,1.0,0.0,1.0,0.0,1.0,very_high_candidate_dependency_proxy,1,2,2,1.0,False,"insufficient_minimum_mappable_traces,minimum_unique_probes,minimum_unique_probe_asns",trace share with at least one feasible domestic or international inter-region submarine-corridor candidate; not actual cable use or traffic dependency
CM,coastal_mainland_or_mixed,catalog_default_alpha2_rule,resolved_entry_only,4,4,4,0,4,0,1.0,1.0,0.0,1.0,0.0,1.0,very_high_candidate_dependency_proxy,1,2,2,1.0,False,"insufficient_minimum_mappable_traces,minimum_unique_probes,minimum_unique_probe_asns",trace share with at least one feasible domestic or international inter-region submarine-corridor candidate; not actual cable use or traffic dependency
CN,coastal_mainland_or_mixed,catalog_default_alpha2_rule,all_publicly_visible,159,148,35,27,32,72,0.22012578616352202,0.23648648648648649,0.16981132075471697,0.20125786163522014,0.4528301886792453,0.22012578616352202,high_candidate_dependency_proxy,1,79,27,0.49056603773584906,True,eligible,trace share with at least one feasible domestic or international inter-region submarine-corridor candidate; not actual cable use or traffic dependency
CN,coastal_mainland_or_mixed,catalog_default_alpha2_rule,resolved_entry_only,78,78,32,24,31,64,0.41025641025641024,0.41025641025641024,0.3076923076923077,0.3974358974358974,0.8205128205128205,0.41025641025641024,very_high_candidate_dependency_proxy,1,39,19,1.0,True,eligible,trace share with at least one feasible domestic or international inter-region submarine-corridor candidate; not actual cable use or traffic dependency
CO,coastal_mainland_or_mixed,catalog_default_alpha2_rule,all_publicly_visible,86,80,24,0,24,0,0.27906976744186046,0.3,0.0,0.27906976744186046,0.0,0.27906976744186046,high_candidate_dependency_proxy,1,43,29,0.9186046511627907,True,eligible,trace share with at least one feasible domestic or international inter-region submarine-corridor candidate; not actual cable use or traffic dependency
CO,coastal_mainland_or_mixed,catalog_default_alpha2_rule,resolved_entry_only,79,79,23,0,23,0,0.2911392405063291,0.2911392405063291,0.0,0.2911392405063291,0.0,0.2911392405063291,high_candidate_dependency_proxy,1,40,27,1.0,True,eligible,trace share with at least one feasible domestic or international inter-region submarine-corridor candidate; not actual cable use or traffic dependency
CR,coastal_mainland_or_mixed,catalog_default_alpha2_rule,all_publicly_visible,36,30,0,0,0,0,0.0,0.0,0.0,0.0,0.0,0.0,no_observed_inter_region_candidate_exposure,1,18,9,0.8333333333333334,True,eligible,trace share with at least one feasible domestic or international inter-region submarine-corridor candidate; not actual cable use or traffic dependency
CR,coastal_mainland_or_mixed,catalog_default_alpha2_rule,resolved_entry_only,30,30,0,0,0,0,0.0,0.0,0.0,0.0,0.0,0.0,no_observed_inter_region_candidate_exposure,1,15,9,1.0,True,eligible,trace share with at least one feasible domestic or international inter-region submarine-corridor candidate; not actual cable use or traffic dependency
CU,island_or_archipelagic,catalog_island_or_archipelagic_list,all_publicly_visible,2,2,1,0,1,0,0.5,0.5,0.0,0.5,0.0,0.5,very_high_candidate_dependency_proxy,1,1,1,1.0,False,"insufficient_minimum_mappable_traces,minimum_unique_probes,minimum_unique_probe_asns",trace share with at least one feasible domestic or international inter-region submarine-corridor candidate; not actual cable use or traffic dependency
CU,island_or_archipelagic,catalog_island_or_archipelagic_list,resolved_entry_only,2,2,1,0,1,0,0.5,0.5,0.0,0.5,0.0,0.5,very_high_candidate_dependency_proxy,1,1,1,1.0,False,"insufficient_minimum_mappable_traces,minimum_unique_probes,minimum_unique_probe_asns",trace share with at least one feasible domestic or international inter-region submarine-corridor candidate; not actual cable use or traffic dependency
CV,island_or_archipelagic,catalog_island_or_archipelagic_list,all_publicly_visible,8,8,2,2,2,6,0.25,0.25,0.25,0.25,0.75,0.25,high_candidate_dependency_proxy,1,4,2,1.0,False,"insufficient_minimum_mappable_traces,minimum_unique_probes,minimum_unique_probe_asns",trace share with at least one feasible domestic or international inter-region submarine-corridor candidate; not actual cable use or traffic dependency
CV,island_or_archipelagic,catalog_island_or_archipelagic_list,resolved_entry_only,8,8,2,2,2,6,0.25,0.25,0.25,0.25,0.75,0.25,high_candidate_dependency_proxy,1,4,2,1.0,False,"insufficient_minimum_mappable_traces,minimum_unique_probes,minimum_unique_probe_asns",trace share with at least one feasible domestic or international inter-region submarine-corridor candidate; not actual cable use or traffic dependency
CW,island_or_archipelagic,catalog_island_or_archipelagic_list,all_publicly_visible,4,4,3,0,3,0,0.75,0.75,0.0,0.75,0.0,0.75,very_high_candidate_dependency_proxy,1,2,2,1.0,False,"insufficient_minimum_mappable_traces,minimum_unique_probes,minimum_unique_probe_asns",trace share with at least one feasible domestic or international inter-region submarine-corridor candidate; not actual cable use or traffic dependency
CW,island_or_archipelagic,catalog_island_or_archipelagic_list,resolved_entry_only,4,4,3,0,3,0,0.75,0.75,0.0,0.75,0.0,0.75,very_high_candidate_dependency_proxy,1,2,2,1.0,False,"insufficient_minimum_mappable_traces,minimum_unique_probes,minimum_unique_probe_asns",trace share with at least one feasible domestic or international inter-region submarine-corridor candidate; not actual cable use or traffic dependency
CY,island_or_archipelagic,catalog_island_or_archipelagic_list,all_publicly_visible,28,26,8,0,8,0,0.2857142857142857,0.3076923076923077,0.0,0.2857142857142857,0.0,0.2857142857142857,high_candidate_dependency_proxy,1,14,7,0.9285714285714286,False,insufficient_minimum_mappable_traces,trace share with at least one feasible domestic or international inter-region submarine-corridor candidate; not actual cable use or traffic dependency
CY,island_or_archipelagic,catalog_island_or_archipelagic_list,resolved_entry_only,26,26,8,0,8,0,0.3076923076923077,0.3076923076923077,0.0,0.3076923076923077,0.0,0.3076923076923077,very_high_candidate_dependency_proxy,1,13,7,1.0,False,insufficient_minimum_mappable_traces,trace share with at least one feasible domestic or international inter-region submarine-corridor candidate; not actual cable use or traffic dependency
CZ,landlocked,catalog_landlocked_list,all_publicly_visible,572,564,0,0,0,0,0.0,0.0,0.0,0.0,0.0,0.0,no_observed_inter_region_candidate_exposure,1,287,113,0.9825174825174825,True,eligible,trace share with at least one feasible domestic or international inter-region submarine-corridor candidate; not actual cable use or traffic dependency
CZ,landlocked,catalog_landlocked_list,resolved_entry_only,562,562,0,0,0,0,0.0,0.0,0.0,0.0,0.0,0.0,no_observed_inter_region_candidate_exposure,1,282,113,1.0,True,eligible,trace share with at least one feasible domestic or international inter-region submarine-corridor candidate; not actual cable use or traffic dependency
DE,coastal_mainland_or_mixed,catalog_default_alpha2_rule,all_publicly_visible,3623,3496,30,0,30,20,0.008280430582390284,0.008581235697940504,0.0,0.008280430582390284,0.005520287054926856,0.008280430582390284,low_candidate_dependency_proxy,1,1815,408,0.9544576317968534,True,eligible,trace share with at least one feasible domestic or international inter-region submarine-corridor candidate; not actual cable use or traffic dependency
DE,coastal_mainland_or_mixed,catalog_default_alpha2_rule,resolved_entry_only,3458,3458,22,0,22,20,0.006362058993637941,0.006362058993637941,0.0,0.006362058993637941,0.00578368999421631,0.006362058993637941,low_candidate_dependency_proxy,1,1735,388,1.0,True,eligible,trace share with at least one feasible domestic or international inter-region submarine-corridor candidate; not actual cable use or traffic dependency
DJ,coastal_mainland_or_mixed,catalog_default_alpha2_rule,all_publicly_visible,6,6,4,0,4,0,0.6666666666666666,0.6666666666666666,0.0,0.6666666666666666,0.0,0.6666666666666666,very_high_candidate_dependency_proxy,1,3,2,1.0,False,"insufficient_minimum_mappable_traces,minimum_unique_probes,minimum_unique_probe_asns",trace share with at least one feasible domestic or international inter-region submarine-corridor candidate; not actual cable use or traffic dependency
DJ,coastal_mainland_or_mixed,catalog_default_alpha2_rule,resolved_entry_only,6,6,4,0,4,0,0.6666666666666666,0.6666666666666666,0.0,0.6666666666666666,0.0,0.6666666666666666,very_high_candidate_dependency_proxy,1,3,2,1.0,False,"insufficient_minimum_mappable_traces,minimum_unique_probes,minimum_unique_probe_asns",trace share with at least one feasible domestic or international inter-region submarine-corridor candidate; not actual cable use or traffic dependency
DK,coastal_mainland_or_mixed,catalog_default_alpha2_rule,all_publicly_visible,220,210,18,8,10,180,0.08181818181818182,0.08571428571428572,0.03636363636363636,0.045454545454545456,0.8181818181818182,0.08181818181818182,moderate_candidate_dependency_proxy,1,110,36,0.9545454545454546,True,eligible,trace share with at least one feasible domestic or international inter-region submarine-corridor candidate; not actual cable use or traffic dependency
DK,coastal_mainland_or_mixed,catalog_default_alpha2_rule,resolved_entry_only,210,210,18,8,10,180,0.08571428571428572,0.08571428571428572,0.0380952380952381,0.047619047619047616,0.8571428571428571,0.08571428571428572,moderate_candidate_dependency_proxy,1,105,35,1.0,True,eligible,trace share with at least one feasible domestic or international inter-region submarine-corridor candidate; not actual cable use or traffic dependency
DO,island_or_archipelagic,catalog_island_or_archipelagic_list,all_publicly_visible,18,18,8,0,8,0,0.4444444444444444,0.4444444444444444,0.0,0.4444444444444444,0.0,0.4444444444444444,very_high_candidate_dependency_proxy,1,9,7,1.0,False,"insufficient_minimum_mappable_traces,minimum_unique_probes",trace share with at least one feasible domestic or international inter-region submarine-corridor candidate; not actual cable use or traffic dependency
DO,island_or_archipelagic,catalog_island_or_archipelagic_list,resolved_entry_only,18,18,8,0,8,0,0.4444444444444444,0.4444444444444444,0.0,0.4444444444444444,0.0,0.4444444444444444,very_high_candidate_dependency_proxy,1,9,7,1.0,False,"insufficient_minimum_mappable_traces,minimum_unique_probes",trace share with at least one feasible domestic or international inter-region submarine-corridor candidate; not actual cable use or traffic dependency
DZ,coastal_mainland_or_mixed,catalog_default_alpha2_rule,all_publicly_visible,2,2,0,0,0,0,0.0,0.0,0.0,0.0,0.0,0.0,no_observed_inter_region_candidate_exposure,1,1,1,1.0,False,"insufficient_minimum_mappable_traces,minimum_unique_probes,minimum_unique_probe_asns",trace share with at least one feasible domestic or international inter-region submarine-corridor candidate; not actual cable use or traffic dependency
DZ,coastal_mainland_or_mixed,catalog_default_alpha2_rule,resolved_entry_only,2,2,0,0,0,0,0.0,0.0,0.0,0.0,0.0,0.0,no_observed_inter_region_candidate_exposure,1,1,1,1.0,False,"insufficient_minimum_mappable_traces,minimum_unique_probes,minimum_unique_probe_asns",trace share with at least one feasible domestic or international inter-region submarine-corridor candidate; not actual cable use or traffic dependency
EC,coastal_mainland_or_mixed,catalog_default_alpha2_rule,all_publicly_visible,54,52,18,8,10,0,0.3333333333333333,0.34615384615384615,0.14814814814814814,0.18518518518518517,0.0,0.3333333333333333,very_high_candidate_dependency_proxy,1,27,20,0.9259259259259259,True,eligible,trace share with at least one feasible domestic or international inter-region submarine-corridor candidate; not actual cable use or traffic dependency
EC,coastal_mainland_or_mixed,catalog_default_alpha2_rule,resolved_entry_only,50,50,18,8,10,0,0.36,0.36,0.16,0.2,0.0,0.36,very_high_candidate_dependency_proxy,1,25,20,1.0,True,eligible,trace share with at least one feasible domestic or international inter-region submarine-corridor candidate; not actual cable use or traffic dependency
EE,coastal_mainland_or_mixed,catalog_default_alpha2_rule,all_publicly_visible,84,72,17,0,17,0,0.20238095238095238,0.2361111111111111,0.0,0.20238095238095238,0.0,0.20238095238095238,high_candidate_dependency_proxy,1,43,22,0.8571428571428571,True,eligible,trace share with at least one feasible domestic or international inter-region submarine-corridor candidate; not actual cable use or traffic dependency
EE,coastal_mainland_or_mixed,catalog_default_alpha2_rule,resolved_entry_only,72,72,17,0,17,0,0.2361111111111111,0.2361111111111111,0.0,0.2361111111111111,0.0,0.2361111111111111,high_candidate_dependency_proxy,1,37,19,1.0,True,eligible,trace share with at least one feasible domestic or international inter-region submarine-corridor candidate; not actual cable use or traffic dependency
EG,coastal_mainland_or_mixed,catalog_default_alpha2_rule,all_publicly_visible,6,6,0,0,0,0,0.0,0.0,0.0,0.0,0.0,0.0,no_observed_inter_region_candidate_exposure,1,3,2,1.0,False,"insufficient_minimum_mappable_traces,minimum_unique_probes,minimum_unique_probe_asns",trace share with at least one feasible domestic or international inter-region submarine-corridor candidate; not actual cable use or traffic dependency
EG,coastal_mainland_or_mixed,catalog_default_alpha2_rule,resolved_entry_only,6,6,0,0,0,0,0.0,0.0,0.0,0.0,0.0,0.0,no_observed_inter_region_candidate_exposure,1,3,2,1.0,False,"insufficient_minimum_mappable_traces,minimum_unique_probes,minimum_unique_probe_asns",trace share with at least one feasible domestic or international inter-region submarine-corridor candidate; not actual cable use or traffic dependency
ES,coastal_mainland_or_mixed,catalog_default_alpha2_rule,all_publicly_visible,503,420,17,8,9,16,0.033797216699801194,0.04047619047619048,0.015904572564612324,0.017892644135188866,0.03180914512922465,0.033797216699801194,low_candidate_dependency_proxy,1,251,79,0.8151093439363817,True,eligible,trace share with at least one feasible domestic or international inter-region submarine-corridor candidate; not actual cable use or traffic dependency
ES,coastal_mainland_or_mixed,catalog_default_alpha2_rule,resolved_entry_only,410,410,17,8,9,16,0.041463414634146344,0.041463414634146344,0.01951219512195122,0.02195121951219512,0.03902439024390244,0.041463414634146344,low_candidate_dependency_proxy,1,209,57,1.0,True,eligible,trace share with at least one feasible domestic or international inter-region submarine-corridor candidate; not actual cable use or traffic dependency
ET,landlocked,catalog_landlocked_list,all_publicly_visible,2,2,0,0,0,0,0.0,0.0,0.0,0.0,0.0,0.0,no_observed_inter_region_candidate_exposure,1,1,1,0.0,False,"insufficient_minimum_mappable_traces,minimum_unique_probes,minimum_unique_probe_asns",trace share with at least one feasible domestic or international inter-region submarine-corridor candidate; not actual cable use or traffic dependency
ET,landlocked,catalog_landlocked_list,resolved_entry_only,0,0,0,0,0,0,,,,,,,unknown_candidate_dependency_proxy,0,0,0,,False,"insufficient_minimum_mappable_traces,minimum_unique_probes,minimum_unique_probe_asns",trace share with at least one feasible domestic or international inter-region submarine-corridor candidate; not actual cable use or traffic dependency
FI,coastal_mainland_or_mixed,catalog_default_alpha2_rule,all_publicly_visible,352,339,137,58,87,0,0.38920454545454547,0.40412979351032446,0.16477272727272727,0.2471590909090909,0.0,0.38920454545454547,very_high_candidate_dependency_proxy,1,177,62,0.9573863636363636,True,eligible,trace share with at least one feasible domestic or international inter-region submarine-corridor candidate; not actual cable use or traffic dependency
FI,coastal_mainland_or_mixed,catalog_default_alpha2_rule,resolved_entry_only,337,337,137,58,87,0,0.4065281899109792,0.4065281899109792,0.17210682492581603,0.258160237388724,0.0,0.4065281899109792,very_high_candidate_dependency_proxy,1,169,61,1.0,True,eligible,trace share with at least one feasible domestic or international inter-region submarine-corridor candidate; not actual cable use or traffic dependency
FJ,island_or_archipelagic,catalog_island_or_archipelagic_list,all_publicly_visible,4,2,0,0,0,2,0.0,0.0,0.0,0.0,0.5,0.0,no_observed_inter_region_candidate_exposure,1,2,2,0.5,False,"insufficient_minimum_mappable_traces,minimum_unique_probes,minimum_unique_probe_asns",trace share with at least one feasible domestic or international inter-region submarine-corridor candidate; not actual cable use or traffic dependency
FJ,island_or_archipelagic,catalog_island_or_archipelagic_list,resolved_entry_only,2,2,0,0,0,2,0.0,0.0,0.0,0.0,1.0,0.0,no_observed_inter_region_candidate_exposure,1,1,1,1.0,False,"insufficient_minimum_mappable_traces,minimum_unique_probes,minimum_unique_probe_asns",trace share with at least one feasible domestic or international inter-region submarine-corridor candidate; not actual cable use or traffic dependency
FM,island_or_archipelagic,catalog_island_or_archipelagic_list,all_publicly_visible,5,3,0,0,0,3,0.0,0.0,0.0,0.0,0.6,0.0,no_observed_inter_region_candidate_exposure,1,3,1,0.6,False,"insufficient_minimum_mappable_traces,minimum_unique_probes,minimum_unique_probe_asns",trace share with at least one feasible domestic or international inter-region submarine-corridor candidate; not actual cable use or traffic dependency
FM,island_or_archipelagic,catalog_island_or_archipelagic_list,resolved_entry_only,3,3,0,0,0,3,0.0,0.0,0.0,0.0,1.0,0.0,no_observed_inter_region_candidate_exposure,1,2,1,1.0,False,"insufficient_minimum_mappable_traces,minimum_unique_probes,minimum_unique_probe_asns",trace share with at least one feasible domestic or international inter-region submarine-corridor candidate; not actual cable use or traffic dependency
FR,coastal_mainland_or_mixed,catalog_default_alpha2_rule,all_publicly_visible,2145,2034,25,21,4,35,0.011655011655011656,0.012291052114060964,0.009790209790209791,0.0018648018648018648,0.016317016317016316,0.011655011655011656,low_candidate_dependency_proxy,1,1074,179,0.9407925407925408,True,eligible,trace share with at least one feasible domestic or international inter-region submarine-corridor candidate; not actual cable use or traffic dependency
FR,coastal_mainland_or_mixed,catalog_default_alpha2_rule,resolved_entry_only,2018,2018,25,21,4,35,0.012388503468780971,0.012388503468780971,0.010406342913776016,0.0019821605550049554,0.01734390485629336,0.012388503468780971,low_candidate_dependency_proxy,1,1012,159,1.0,True,eligible,trace share with at least one feasible domestic or international inter-region submarine-corridor candidate; not actual cable use or traffic dependency
GB,island_or_archipelagic,catalog_island_or_archipelagic_list,all_publicly_visible,1225,1141,18,18,1,30,0.014693877551020407,0.015775635407537247,0.014693877551020407,0.0008163265306122449,0.024489795918367346,0.014693877551020407,low_candidate_dependency_proxy,1,613,205,0.926530612244898,True,eligible,trace share with at least one feasible domestic or international inter-region submarine-corridor candidate; not actual cable use or traffic dependency
GB,island_or_archipelagic,catalog_island_or_archipelagic_list,resolved_entry_only,1135,1135,18,18,1,30,0.015859030837004406,0.015859030837004406,0.015859030837004406,0.000881057268722467,0.02643171806167401,0.015859030837004406,low_candidate_dependency_proxy,1,568,197,1.0,True,eligible,trace share with at least one feasible domestic or international inter-region submarine-corridor candidate; not actual cable use or traffic dependency
GE,coastal_mainland_or_mixed,catalog_default_alpha2_rule,all_publicly_visible,32,32,0,0,0,0,0.0,0.0,0.0,0.0,0.0,0.0,no_observed_inter_region_candidate_exposure,1,16,11,1.0,True,eligible,trace share with at least one feasible domestic or international inter-region submarine-corridor candidate; not actual cable use or traffic dependency
GE,coastal_mainland_or_mixed,catalog_default_alpha2_rule,resolved_entry_only,32,32,0,0,0,0,0.0,0.0,0.0,0.0,0.0,0.0,no_observed_inter_region_candidate_exposure,1,16,11,1.0,True,eligible,trace share with at least one feasible domestic or international inter-region submarine-corridor candidate; not actual cable use or traffic dependency
GF,coastal_mainland_or_mixed,catalog_default_alpha2_rule,all_publicly_visible,2,2,0,0,0,0,0.0,0.0,0.0,0.0,0.0,0.0,no_observed_inter_region_candidate_exposure,1,1,1,1.0,False,"insufficient_minimum_mappable_traces,minimum_unique_probes,minimum_unique_probe_asns",trace share with at least one feasible domestic or international inter-region submarine-corridor candidate; not actual cable use or traffic dependency
GF,coastal_mainland_or_mixed,catalog_default_alpha2_rule,resolved_entry_only,2,2,0,0,0,0,0.0,0.0,0.0,0.0,0.0,0.0,no_observed_inter_region_candidate_exposure,1,1,1,1.0,False,"insufficient_minimum_mappable_traces,minimum_unique_probes,minimum_unique_probe_asns",trace share with at least one feasible domestic or international inter-region submarine-corridor candidate; not actual cable use or traffic dependency
GG,island_or_archipelagic,catalog_island_or_archipelagic_list,all_publicly_visible,2,2,2,2,0,2,1.0,1.0,1.0,0.0,1.0,1.0,very_high_candidate_dependency_proxy,1,1,1,1.0,False,"insufficient_minimum_mappable_traces,minimum_unique_probes,minimum_unique_probe_asns",trace share with at least one feasible domestic or international inter-region submarine-corridor candidate; not actual cable use or traffic dependency
GG,island_or_archipelagic,catalog_island_or_archipelagic_list,resolved_entry_only,2,2,2,2,0,2,1.0,1.0,1.0,0.0,1.0,1.0,very_high_candidate_dependency_proxy,1,1,1,1.0,False,"insufficient_minimum_mappable_traces,minimum_unique_probes,minimum_unique_probe_asns",trace share with at least one feasible domestic or international inter-region submarine-corridor candidate; not actual cable use or traffic dependency
GH,coastal_mainland_or_mixed,catalog_default_alpha2_rule,all_publicly_visible,6,6,2,0,2,0,0.3333333333333333,0.3333333333333333,0.0,0.3333333333333333,0.0,0.3333333333333333,very_high_candidate_dependency_proxy,1,3,3,1.0,False,"insufficient_minimum_mappable_traces,minimum_unique_probes",trace share with at least one feasible domestic or international inter-region submarine-corridor candidate; not actual cable use or traffic dependency
GH,coastal_mainland_or_mixed,catalog_default_alpha2_rule,resolved_entry_only,6,6,2,0,2,0,0.3333333333333333,0.3333333333333333,0.0,0.3333333333333333,0.0,0.3333333333333333,very_high_candidate_dependency_proxy,1,3,3,1.0,False,"insufficient_minimum_mappable_traces,minimum_unique_probes",trace share with at least one feasible domestic or international inter-region submarine-corridor candidate; not actual cable use or traffic dependency
GP,island_or_archipelagic,catalog_island_or_archipelagic_list,all_publicly_visible,4,4,2,2,2,2,0.5,0.5,0.5,0.5,0.5,0.5,very_high_candidate_dependency_proxy,1,2,2,1.0,False,"insufficient_minimum_mappable_traces,minimum_unique_probes,minimum_unique_probe_asns",trace share with at least one feasible domestic or international inter-region submarine-corridor candidate; not actual cable use or traffic dependency
GP,island_or_archipelagic,catalog_island_or_archipelagic_list,resolved_entry_only,4,4,2,2,2,2,0.5,0.5,0.5,0.5,0.5,0.5,very_high_candidate_dependency_proxy,1,2,2,1.0,False,"insufficient_minimum_mappable_traces,minimum_unique_probes,minimum_unique_probe_asns",trace share with at least one feasible domestic or international inter-region submarine-corridor candidate; not actual cable use or traffic dependency
GQ,coastal_mainland_or_mixed,catalog_default_alpha2_rule,all_publicly_visible,2,2,2,1,1,0,1.0,1.0,0.5,0.5,0.0,1.0,very_high_candidate_dependency_proxy,1,1,1,0.0,False,"insufficient_minimum_mappable_traces,minimum_unique_probes,minimum_unique_probe_asns",trace share with at least one feasible domestic or international inter-region submarine-corridor candidate; not actual cable use or traffic dependency
GQ,coastal_mainland_or_mixed,catalog_default_alpha2_rule,resolved_entry_only,0,0,0,0,0,0,,,,,,,unknown_candidate_dependency_proxy,0,0,0,,False,"insufficient_minimum_mappable_traces,minimum_unique_probes,minimum_unique_probe_asns",trace share with at least one feasible domestic or international inter-region submarine-corridor candidate; not actual cable use or traffic dependency
GR,coastal_mainland_or_mixed,catalog_default_alpha2_rule,all_publicly_visible,154,142,0,0,0,0,0.0,0.0,0.0,0.0,0.0,0.0,no_observed_inter_region_candidate_exposure,1,77,26,0.922077922077922,True,eligible,trace share with at least one feasible domestic or international inter-region submarine-corridor candidate; not actual cable use or traffic dependency
GR,coastal_mainland_or_mixed,catalog_default_alpha2_rule,resolved_entry_only,142,142,0,0,0,0,0.0,0.0,0.0,0.0,0.0,0.0,no_observed_inter_region_candidate_exposure,1,71,26,1.0,True,eligible,trace share with at least one feasible domestic or international inter-region submarine-corridor candidate; not actual cable use or traffic dependency
GT,coastal_mainland_or_mixed,catalog_default_alpha2_rule,all_publicly_visible,8,4,2,0,2,0,0.25,0.5,0.0,0.25,0.0,0.25,high_candidate_dependency_proxy,1,4,3,0.5,False,"insufficient_minimum_mappable_traces,minimum_unique_probes",trace share with at least one feasible domestic or international inter-region submarine-corridor candidate; not actual cable use or traffic dependency
GT,coastal_mainland_or_mixed,catalog_default_alpha2_rule,resolved_entry_only,4,4,2,0,2,0,0.5,0.5,0.0,0.5,0.0,0.5,very_high_candidate_dependency_proxy,1,2,2,1.0,False,"insufficient_minimum_mappable_traces,minimum_unique_probes,minimum_unique_probe_asns",trace share with at least one feasible domestic or international inter-region submarine-corridor candidate; not actual cable use or traffic dependency
GU,island_or_archipelagic,catalog_island_or_archipelagic_list,all_publicly_visible,18,16,2,0,2,12,0.1111111111111111,0.125,0.0,0.1111111111111111,0.6666666666666666,0.1111111111111111,moderate_candidate_dependency_proxy,1,9,5,0.7777777777777778,False,"insufficient_minimum_mappable_traces,minimum_unique_probes",trace share with at least one feasible domestic or international inter-region submarine-corridor candidate; not actual cable use or traffic dependency
GU,island_or_archipelagic,catalog_island_or_archipelagic_list,resolved_entry_only,14,14,0,0,0,10,0.0,0.0,0.0,0.0,0.7142857142857143,0.0,no_observed_inter_region_candidate_exposure,1,7,3,1.0,False,"insufficient_minimum_mappable_traces,minimum_unique_probes",trace share with at least one feasible domestic or international inter-region submarine-corridor candidate; not actual cable use or traffic dependency
HK,coastal_mainland_or_mixed,catalog_default_alpha2_rule,all_publicly_visible,132,130,22,12,12,85,0.16666666666666666,0.16923076923076924,0.09090909090909091,0.09090909090909091,0.6439393939393939,0.16666666666666666,high_candidate_dependency_proxy,1,66,40,0.9242424242424242,True,eligible,trace share with at least one feasible domestic or international inter-region submarine-corridor candidate; not actual cable use or traffic dependency
HK,coastal_mainland_or_mixed,catalog_default_alpha2_rule,resolved_entry_only,122,122,16,6,10,77,0.13114754098360656,0.13114754098360656,0.04918032786885246,0.08196721311475409,0.6311475409836066,0.13114754098360656,moderate_candidate_dependency_proxy,1,61,35,1.0,True,eligible,trace share with at least one feasible domestic or international inter-region submarine-corridor candidate; not actual cable use or traffic dependency
HN,coastal_mainland_or_mixed,catalog_default_alpha2_rule,all_publicly_visible,22,10,2,0,2,0,0.09090909090909091,0.2,0.0,0.09090909090909091,0.0,0.09090909090909091,moderate_candidate_dependency_proxy,1,11,8,0.45454545454545453,False,insufficient_minimum_mappable_traces,trace share with at least one feasible domestic or international inter-region submarine-corridor candidate; not actual cable use or traffic dependency
HN,coastal_mainland_or_mixed,catalog_default_alpha2_rule,resolved_entry_only,10,10,2,0,2,0,0.2,0.2,0.0,0.2,0.0,0.2,high_candidate_dependency_proxy,1,5,4,1.0,False,"insufficient_minimum_mappable_traces,minimum_unique_probes",trace share with at least one feasible domestic or international inter-region submarine-corridor candidate; not actual cable use or traffic dependency
HR,coastal_mainland_or_mixed,catalog_default_alpha2_rule,all_publicly_visible,94,94,0,0,0,0,0.0,0.0,0.0,0.0,0.0,0.0,no_observed_inter_region_candidate_exposure,1,47,22,1.0,True,eligible,trace share with at least one feasible domestic or international inter-region submarine-corridor candidate; not actual cable use or traffic dependency
HR,coastal_mainland_or_mixed,catalog_default_alpha2_rule,resolved_entry_only,94,94,0,0,0,0,0.0,0.0,0.0,0.0,0.0,0.0,no_observed_inter_region_candidate_exposure,1,47,22,1.0,True,eligible,trace share with at least one feasible domestic or international inter-region submarine-corridor candidate; not actual cable use or traffic dependency
HT,island_or_archipelagic,catalog_island_or_archipelagic_list,all_publicly_visible,2,2,0,0,0,0,0.0,0.0,0.0,0.0,0.0,0.0,no_observed_inter_region_candidate_exposure,1,1,1,1.0,False,"insufficient_minimum_mappable_traces,minimum_unique_probes,minimum_unique_probe_asns",trace share with at least one feasible domestic or international inter-region submarine-corridor candidate; not actual cable use or traffic dependency
HT,island_or_archipelagic,catalog_island_or_archipelagic_list,resolved_entry_only,2,2,0,0,0,0,0.0,0.0,0.0,0.0,0.0,0.0,no_observed_inter_region_candidate_exposure,1,1,1,1.0,False,"insufficient_minimum_mappable_traces,minimum_unique_probes,minimum_unique_probe_asns",trace share with at least one feasible domestic or international inter-region submarine-corridor candidate; not actual cable use or traffic dependency
HU,landlocked,catalog_landlocked_list,all_publicly_visible,110,104,0,0,0,0,0.0,0.0,0.0,0.0,0.0,0.0,no_observed_inter_region_candidate_exposure,1,55,21,0.9454545454545454,True,eligible,trace share with at least one feasible domestic or international inter-region submarine-corridor candidate; not actual cable use or traffic dependency
HU,landlocked,catalog_landlocked_list,resolved_entry_only,104,104,0,0,0,0,0.0,0.0,0.0,0.0,0.0,0.0,no_observed_inter_region_candidate_exposure,1,52,21,1.0,True,eligible,trace share with at least one feasible domestic or international inter-region submarine-corridor candidate; not actual cable use or traffic dependency
ID,island_or_archipelagic,catalog_island_or_archipelagic_list,all_publicly_visible,191,177,30,26,4,155,0.15706806282722513,0.1694915254237288,0.13612565445026178,0.020942408376963352,0.8115183246073299,0.15706806282722513,high_candidate_dependency_proxy,1,96,66,0.9162303664921466,True,eligible,trace share with at least one feasible domestic or international inter-region submarine-corridor candidate; not actual cable use or traffic dependency
ID,island_or_archipelagic,catalog_island_or_archipelagic_list,resolved_entry_only,175,175,30,26,4,153,0.17142857142857143,0.17142857142857143,0.14857142857142858,0.022857142857142857,0.8742857142857143,0.17142857142857143,high_candidate_dependency_proxy,1,88,62,1.0,True,eligible,trace share with at least one feasible domestic or international inter-region submarine-corridor candidate; not actual cable use or traffic dependency
IE,island_or_archipelagic,catalog_island_or_archipelagic_list,all_publicly_visible,198,190,0,0,0,0,0.0,0.0,0.0,0.0,0.0,0.0,no_observed_inter_region_candidate_exposure,1,99,26,0.9494949494949495,True,eligible,trace share with at least one feasible domestic or international inter-region submarine-corridor candidate; not actual cable use or traffic dependency
IE,island_or_archipelagic,catalog_island_or_archipelagic_list,resolved_entry_only,188,188,0,0,0,0,0.0,0.0,0.0,0.0,0.0,0.0,no_observed_inter_region_candidate_exposure,1,94,24,1.0,True,eligible,trace share with at least one feasible domestic or international inter-region submarine-corridor candidate; not actual cable use or traffic dependency
IL,coastal_mainland_or_mixed,catalog_default_alpha2_rule,all_publicly_visible,71,67,47,41,20,41,0.6619718309859155,0.7014925373134329,0.5774647887323944,0.28169014084507044,0.5774647887323944,0.6619718309859155,very_high_candidate_dependency_proxy,1,36,14,0.9295774647887324,True,eligible,trace share with at least one feasible domestic or international inter-region submarine-corridor candidate; not actual cable use or traffic dependency
IL,coastal_mainland_or_mixed,catalog_default_alpha2_rule,resolved_entry_only,66,66,46,40,20,40,0.696969696969697,0.696969696969697,0.6060606060606061,0.30303030303030304,0.6060606060606061,0.696969696969697,very_high_candidate_dependency_proxy,1,33,14,1.0,True,eligible,trace share with at least one feasible domestic or international inter-region submarine-corridor candidate; not actual cable use or traffic dependency
IM,island_or_archipelagic,catalog_island_or_archipelagic_list,all_publicly_visible,6,6,0,0,0,4,0.0,0.0,0.0,0.0,0.6666666666666666,0.0,no_observed_inter_region_candidate_exposure,1,3,3,1.0,False,"insufficient_minimum_mappable_traces,minimum_unique_probes",trace share with at least one feasible domestic or international inter-region submarine-corridor candidate; not actual cable use or traffic dependency
IM,island_or_archipelagic,catalog_island_or_archipelagic_list,resolved_entry_only,6,6,0,0,0,4,0.0,0.0,0.0,0.0,0.6666666666666666,0.0,no_observed_inter_region_candidate_exposure,1,3,3,1.0,False,"insufficient_minimum_mappable_traces,minimum_unique_probes",trace share with at least one feasible domestic or international inter-region submarine-corridor candidate; not actual cable use or traffic dependency
IN,coastal_mainland_or_mixed,catalog_default_alpha2_rule,all_publicly_visible,306,258,9,9,0,0,0.029411764705882353,0.03488372093023256,0.029411764705882353,0.0,0.0,0.029411764705882353,low_candidate_dependency_proxy,1,152,63,0.8366013071895425,True,eligible,trace share with at least one feasible domestic or international inter-region submarine-corridor candidate; not actual cable use or traffic dependency
IN,coastal_mainland_or_mixed,catalog_default_alpha2_rule,resolved_entry_only,256,256,9,9,0,0,0.03515625,0.03515625,0.03515625,0.0,0.0,0.03515625,low_candidate_dependency_proxy,1,128,54,1.0,True,eligible,trace share with at least one feasible domestic or international inter-region submarine-corridor candidate; not actual cable use or traffic dependency
IQ,coastal_mainland_or_mixed,catalog_default_alpha2_rule,all_publicly_visible,20,18,0,0,0,0,0.0,0.0,0.0,0.0,0.0,0.0,no_observed_inter_region_candidate_exposure,1,10,8,0.9,False,insufficient_minimum_mappable_traces,trace share with at least one feasible domestic or international inter-region submarine-corridor candidate; not actual cable use or traffic dependency
IQ,coastal_mainland_or_mixed,catalog_default_alpha2_rule,resolved_entry_only,18,18,0,0,0,0,0.0,0.0,0.0,0.0,0.0,0.0,no_observed_inter_region_candidate_exposure,1,9,7,1.0,False,"insufficient_minimum_mappable_traces,minimum_unique_probes",trace share with at least one feasible domestic or international inter-region submarine-corridor candidate; not actual cable use or traffic dependency
IR,coastal_mainland_or_mixed,catalog_default_alpha2_rule,all_publicly_visible,94,20,0,0,0,0,0.0,0.0,0.0,0.0,0.0,0.0,no_observed_inter_region_candidate_exposure,1,47,24,0.19148936170212766,False,insufficient_minimum_mappable_traces,trace share with at least one feasible domestic or international inter-region submarine-corridor candidate; not actual cable use or traffic dependency
IR,coastal_mainland_or_mixed,catalog_default_alpha2_rule,resolved_entry_only,18,18,0,0,0,0,0.0,0.0,0.0,0.0,0.0,0.0,no_observed_inter_region_candidate_exposure,1,9,5,1.0,False,"insufficient_minimum_mappable_traces,minimum_unique_probes",trace share with at least one feasible domestic or international inter-region submarine-corridor candidate; not actual cable use or traffic dependency
IS,island_or_archipelagic,catalog_island_or_archipelagic_list,all_publicly_visible,24,24,0,0,0,0,0.0,0.0,0.0,0.0,0.0,0.0,no_observed_inter_region_candidate_exposure,1,12,9,1.0,False,insufficient_minimum_mappable_traces,trace share with at least one feasible domestic or international inter-region submarine-corridor candidate; not actual cable use or traffic dependency
IS,island_or_archipelagic,catalog_island_or_archipelagic_list,resolved_entry_only,24,24,0,0,0,0,0.0,0.0,0.0,0.0,0.0,0.0,no_observed_inter_region_candidate_exposure,1,12,9,1.0,False,insufficient_minimum_mappable_traces,trace share with at least one feasible domestic or international inter-region submarine-corridor candidate; not actual cable use or traffic dependency
IT,coastal_mainland_or_mixed,catalog_default_alpha2_rule,all_publicly_visible,688,578,0,0,0,0,0.0,0.0,0.0,0.0,0.0,0.0,no_observed_inter_region_candidate_exposure,1,345,117,0.813953488372093,True,eligible,trace share with at least one feasible domestic or international inter-region submarine-corridor candidate; not actual cable use or traffic dependency
IT,coastal_mainland_or_mixed,catalog_default_alpha2_rule,resolved_entry_only,560,560,0,0,0,0,0.0,0.0,0.0,0.0,0.0,0.0,no_observed_inter_region_candidate_exposure,1,281,95,1.0,True,eligible,trace share with at least one feasible domestic or international inter-region submarine-corridor candidate; not actual cable use or traffic dependency
JM,island_or_archipelagic,catalog_island_or_archipelagic_list,all_publicly_visible,12,12,4,4,0,8,0.3333333333333333,0.3333333333333333,0.3333333333333333,0.0,0.6666666666666666,0.3333333333333333,very_high_candidate_dependency_proxy,1,6,3,1.0,False,"insufficient_minimum_mappable_traces,minimum_unique_probes",trace share with at least one feasible domestic or international inter-region submarine-corridor candidate; not actual cable use or traffic dependency
JM,island_or_archipelagic,catalog_island_or_archipelagic_list,resolved_entry_only,12,12,4,4,0,8,0.3333333333333333,0.3333333333333333,0.3333333333333333,0.0,0.6666666666666666,0.3333333333333333,very_high_candidate_dependency_proxy,1,6,3,1.0,False,"insufficient_minimum_mappable_traces,minimum_unique_probes",trace share with at least one feasible domestic or international inter-region submarine-corridor candidate; not actual cable use or traffic dependency
JO,coastal_mainland_or_mixed,catalog_default_alpha2_rule,all_publicly_visible,8,4,0,0,0,0,0.0,0.0,0.0,0.0,0.0,0.0,no_observed_inter_region_candidate_exposure,1,4,4,0.5,False,"insufficient_minimum_mappable_traces,minimum_unique_probes",trace share with at least one feasible domestic or international inter-region submarine-corridor candidate; not actual cable use or traffic dependency
JO,coastal_mainland_or_mixed,catalog_default_alpha2_rule,resolved_entry_only,4,4,0,0,0,0,0.0,0.0,0.0,0.0,0.0,0.0,no_observed_inter_region_candidate_exposure,1,2,2,1.0,False,"insufficient_minimum_mappable_traces,minimum_unique_probes,minimum_unique_probe_asns",trace share with at least one feasible domestic or international inter-region submarine-corridor candidate; not actual cable use or traffic dependency
JP,island_or_archipelagic,catalog_island_or_archipelagic_list,all_publicly_visible,581,547,22,6,20,129,0.0378657487091222,0.04021937842778794,0.010327022375215147,0.03442340791738382,0.22203098106712565,0.0378657487091222,low_candidate_dependency_proxy,1,291,117,0.9311531841652324,True,eligible,trace share with at least one feasible domestic or international inter-region submarine-corridor candidate; not actual cable use or traffic dependency
JP,island_or_archipelagic,catalog_island_or_archipelagic_list,resolved_entry_only,541,541,18,4,18,127,0.033271719038817,0.033271719038817,0.0073937153419593345,0.033271719038817,0.23475046210720887,0.033271719038817,low_candidate_dependency_proxy,1,271,112,1.0,True,eligible,trace share with at least one feasible domestic or international inter-region submarine-corridor candidate; not actual cable use or traffic dependency
KE,coastal_mainland_or_mixed,catalog_default_alpha2_rule,all_publicly_visible,34,32,2,0,2,3,0.058823529411764705,0.0625,0.0,0.058823529411764705,0.08823529411764706,0.058823529411764705,moderate_candidate_dependency_proxy,1,17,11,0.9411764705882353,True,eligible,trace share with at least one feasible domestic or international inter-region submarine-corridor candidate; not actual cable use or traffic dependency
KE,coastal_mainland_or_mixed,catalog_default_alpha2_rule,resolved_entry_only,32,32,2,0,2,3,0.0625,0.0625,0.0,0.0625,0.09375,0.0625,moderate_candidate_dependency_proxy,1,16,11,1.0,True,eligible,trace share with at least one feasible domestic or international inter-region submarine-corridor candidate; not actual cable use or traffic dependency
KG,landlocked,catalog_landlocked_list,all_publicly_visible,46,38,0,0,0,0,0.0,0.0,0.0,0.0,0.0,0.0,no_observed_inter_region_candidate_exposure,1,23,12,0.8260869565217391,True,eligible,trace share with at least one feasible domestic or international inter-region submarine-corridor candidate; not actual cable use or traffic dependency
KG,landlocked,catalog_landlocked_list,resolved_entry_only,38,38,0,0,0,0,0.0,0.0,0.0,0.0,0.0,0.0,no_observed_inter_region_candidate_exposure,1,19,9,1.0,True,eligible,trace share with at least one feasible domestic or international inter-region submarine-corridor candidate; not actual cable use or traffic dependency
KH,coastal_mainland_or_mixed,catalog_default_alpha2_rule,all_publicly_visible,14,12,8,0,8,10,0.5714285714285714,0.6666666666666666,0.0,0.5714285714285714,0.7142857142857143,0.5714285714285714,very_high_candidate_dependency_proxy,1,7,7,0.8571428571428571,False,"insufficient_minimum_mappable_traces,minimum_unique_probes",trace share with at least one feasible domestic or international inter-region submarine-corridor candidate; not actual cable use or traffic dependency
KH,coastal_mainland_or_mixed,catalog_default_alpha2_rule,resolved_entry_only,12,12,8,0,8,10,0.6666666666666666,0.6666666666666666,0.0,0.6666666666666666,0.8333333333333334,0.6666666666666666,very_high_candidate_dependency_proxy,1,6,6,1.0,False,"insufficient_minimum_mappable_traces,minimum_unique_probes",trace share with at least one feasible domestic or international inter-region submarine-corridor candidate; not actual cable use or traffic dependency
KI,island_or_archipelagic,catalog_island_or_archipelagic_list,all_publicly_visible,4,4,3,0,3,4,0.75,0.75,0.0,0.75,1.0,0.75,very_high_candidate_dependency_proxy,1,2,1,1.0,False,"insufficient_minimum_mappable_traces,minimum_unique_probes,minimum_unique_probe_asns",trace share with at least one feasible domestic or international inter-region submarine-corridor candidate; not actual cable use or traffic dependency
KI,island_or_archipelagic,catalog_island_or_archipelagic_list,resolved_entry_only,4,4,3,0,3,4,0.75,0.75,0.0,0.75,1.0,0.75,very_high_candidate_dependency_proxy,1,2,1,1.0,False,"insufficient_minimum_mappable_traces,minimum_unique_probes,minimum_unique_probe_asns",trace share with at least one feasible domestic or international inter-region submarine-corridor candidate; not actual cable use or traffic dependency
KN,island_or_archipelagic,catalog_island_or_archipelagic_list,all_publicly_visible,2,2,0,0,0,2,0.0,0.0,0.0,0.0,1.0,0.0,no_observed_inter_region_candidate_exposure,1,1,1,1.0,False,"insufficient_minimum_mappable_traces,minimum_unique_probes,minimum_unique_probe_asns",trace share with at least one feasible domestic or international inter-region submarine-corridor candidate; not actual cable use or traffic dependency
KN,island_or_archipelagic,catalog_island_or_archipelagic_list,resolved_entry_only,2,2,0,0,0,2,0.0,0.0,0.0,0.0,1.0,0.0,no_observed_inter_region_candidate_exposure,1,1,1,1.0,False,"insufficient_minimum_mappable_traces,minimum_unique_probes,minimum_unique_probe_asns",trace share with at least one feasible domestic or international inter-region submarine-corridor candidate; not actual cable use or traffic dependency
KR,coastal_mainland_or_mixed,catalog_default_alpha2_rule,all_publicly_visible,69,61,2,0,2,8,0.028985507246376812,0.03278688524590164,0.0,0.028985507246376812,0.11594202898550725,0.028985507246376812,low_candidate_dependency_proxy,1,35,14,0.855072463768116,True,eligible,trace share with at least one feasible domestic or international inter-region submarine-corridor candidate; not actual cable use or traffic dependency
KR,coastal_mainland_or_mixed,catalog_default_alpha2_rule,resolved_entry_only,59,59,2,0,2,8,0.03389830508474576,0.03389830508474576,0.0,0.03389830508474576,0.13559322033898305,0.03389830508474576,low_candidate_dependency_proxy,1,30,13,1.0,True,eligible,trace share with at least one feasible domestic or international inter-region submarine-corridor candidate; not actual cable use or traffic dependency
KW,coastal_mainland_or_mixed,catalog_default_alpha2_rule,all_publicly_visible,4,2,0,0,0,0,0.0,0.0,0.0,0.0,0.0,0.0,no_observed_inter_region_candidate_exposure,1,2,2,0.5,False,"insufficient_minimum_mappable_traces,minimum_unique_probes,minimum_unique_probe_asns",trace share with at least one feasible domestic or international inter-region submarine-corridor candidate; not actual cable use or traffic dependency
KW,coastal_mainland_or_mixed,catalog_default_alpha2_rule,resolved_entry_only,2,2,0,0,0,0,0.0,0.0,0.0,0.0,0.0,0.0,no_observed_inter_region_candidate_exposure,1,1,1,1.0,False,"insufficient_minimum_mappable_traces,minimum_unique_probes,minimum_unique_probe_asns",trace share with at least one feasible domestic or international inter-region submarine-corridor candidate; not actual cable use or traffic dependency
KY,island_or_archipelagic,catalog_island_or_archipelagic_list,all_publicly_visible,2,2,2,0,2,0,1.0,1.0,0.0,1.0,0.0,1.0,very_high_candidate_dependency_proxy,1,1,1,1.0,False,"insufficient_minimum_mappable_traces,minimum_unique_probes,minimum_unique_probe_asns",trace share with at least one feasible domestic or international inter-region submarine-corridor candidate; not actual cable use or traffic dependency
KY,island_or_archipelagic,catalog_island_or_archipelagic_list,resolved_entry_only,2,2,2,0,2,0,1.0,1.0,0.0,1.0,0.0,1.0,very_high_candidate_dependency_proxy,1,1,1,1.0,False,"insufficient_minimum_mappable_traces,minimum_unique_probes,minimum_unique_probe_asns",trace share with at least one feasible domestic or international inter-region submarine-corridor candidate; not actual cable use or traffic dependency
KZ,landlocked,catalog_landlocked_list,all_publicly_visible,145,145,0,0,0,0,0.0,0.0,0.0,0.0,0.0,0.0,no_observed_inter_region_candidate_exposure,1,73,23,1.0,True,eligible,trace share with at least one feasible domestic or international inter-region submarine-corridor candidate; not actual cable use or traffic dependency
KZ,landlocked,catalog_landlocked_list,resolved_entry_only,145,145,0,0,0,0,0.0,0.0,0.0,0.0,0.0,0.0,no_observed_inter_region_candidate_exposure,1,73,23,1.0,True,eligible,trace share with at least one feasible domestic or international inter-region submarine-corridor candidate; not actual cable use or traffic dependency
LA,landlocked,catalog_landlocked_list,all_publicly_visible,8,8,0,0,0,0,0.0,0.0,0.0,0.0,0.0,0.0,no_observed_inter_region_candidate_exposure,1,4,1,1.0,False,"insufficient_minimum_mappable_traces,minimum_unique_probes,minimum_unique_probe_asns",trace share with at least one feasible domestic or international inter-region submarine-corridor candidate; not actual cable use or traffic dependency
LA,landlocked,catalog_landlocked_list,resolved_entry_only,8,8,0,0,0,0,0.0,0.0,0.0,0.0,0.0,0.0,no_observed_inter_region_candidate_exposure,1,4,1,1.0,False,"insufficient_minimum_mappable_traces,minimum_unique_probes,minimum_unique_probe_asns",trace share with at least one feasible domestic or international inter-region submarine-corridor candidate; not actual cable use or traffic dependency
LB,coastal_mainland_or_mixed,catalog_default_alpha2_rule,all_publicly_visible,8,4,0,0,0,2,0.0,0.0,0.0,0.0,0.25,0.0,no_observed_inter_region_candidate_exposure,1,4,4,0.5,False,"insufficient_minimum_mappable_traces,minimum_unique_probes",trace share with at least one feasible domestic or international inter-region submarine-corridor candidate; not actual cable use or traffic dependency
LB,coastal_mainland_or_mixed,catalog_default_alpha2_rule,resolved_entry_only,4,4,0,0,0,2,0.0,0.0,0.0,0.0,0.5,0.0,no_observed_inter_region_candidate_exposure,1,2,2,1.0,False,"insufficient_minimum_mappable_traces,minimum_unique_probes,minimum_unique_probe_asns",trace share with at least one feasible domestic or international inter-region submarine-corridor candidate; not actual cable use or traffic dependency
LC,island_or_archipelagic,catalog_island_or_archipelagic_list,all_publicly_visible,4,4,0,0,0,0,0.0,0.0,0.0,0.0,0.0,0.0,no_observed_inter_region_candidate_exposure,1,2,1,1.0,False,"insufficient_minimum_mappable_traces,minimum_unique_probes,minimum_unique_probe_asns",trace share with at least one feasible domestic or international inter-region submarine-corridor candidate; not actual cable use or traffic dependency
LC,island_or_archipelagic,catalog_island_or_archipelagic_list,resolved_entry_only,4,4,0,0,0,0,0.0,0.0,0.0,0.0,0.0,0.0,no_observed_inter_region_candidate_exposure,1,2,1,1.0,False,"insufficient_minimum_mappable_traces,minimum_unique_probes,minimum_unique_probe_asns",trace share with at least one feasible domestic or international inter-region submarine-corridor candidate; not actual cable use or traffic dependency
LI,landlocked,catalog_landlocked_list,all_publicly_visible,6,6,0,0,0,0,0.0,0.0,0.0,0.0,0.0,0.0,no_observed_inter_region_candidate_exposure,1,3,3,1.0,False,"insufficient_minimum_mappable_traces,minimum_unique_probes",trace share with at least one feasible domestic or international inter-region submarine-corridor candidate; not actual cable use or traffic dependency
LI,landlocked,catalog_landlocked_list,resolved_entry_only,6,6,0,0,0,0,0.0,0.0,0.0,0.0,0.0,0.0,no_observed_inter_region_candidate_exposure,1,3,3,1.0,False,"insufficient_minimum_mappable_traces,minimum_unique_probes",trace share with at least one feasible domestic or international inter-region submarine-corridor candidate; not actual cable use or traffic dependency
LK,island_or_archipelagic,catalog_island_or_archipelagic_list,all_publicly_visible,26,24,6,0,6,0,0.23076923076923078,0.25,0.0,0.23076923076923078,0.0,0.23076923076923078,high_candidate_dependency_proxy,1,13,6,0.9230769230769231,False,insufficient_minimum_mappable_traces,trace share with at least one feasible domestic or international inter-region submarine-corridor candidate; not actual cable use or traffic dependency
LK,island_or_archipelagic,catalog_island_or_archipelagic_list,resolved_entry_only,24,24,6,0,6,0,0.25,0.25,0.0,0.25,0.0,0.25,high_candidate_dependency_proxy,1,12,6,1.0,False,insufficient_minimum_mappable_traces,trace share with at least one feasible domestic or international inter-region submarine-corridor candidate; not actual cable use or traffic dependency
LR,coastal_mainland_or_mixed,catalog_default_alpha2_rule,all_publicly_visible,2,2,0,0,0,0,0.0,0.0,0.0,0.0,0.0,0.0,no_observed_inter_region_candidate_exposure,1,1,1,0.0,False,"insufficient_minimum_mappable_traces,minimum_unique_probes,minimum_unique_probe_asns",trace share with at least one feasible domestic or international inter-region submarine-corridor candidate; not actual cable use or traffic dependency
LR,coastal_mainland_or_mixed,catalog_default_alpha2_rule,resolved_entry_only,0,0,0,0,0,0,,,,,,,unknown_candidate_dependency_proxy,0,0,0,,False,"insufficient_minimum_mappable_traces,minimum_unique_probes,minimum_unique_probe_asns",trace share with at least one feasible domestic or international inter-region submarine-corridor candidate; not actual cable use or traffic dependency
LS,landlocked,catalog_landlocked_list,all_publicly_visible,2,2,0,0,0,0,0.0,0.0,0.0,0.0,0.0,0.0,no_observed_inter_region_candidate_exposure,1,1,1,1.0,False,"insufficient_minimum_mappable_traces,minimum_unique_probes,minimum_unique_probe_asns",trace share with at least one feasible domestic or international inter-region submarine-corridor candidate; not actual cable use or traffic dependency
LS,landlocked,catalog_landlocked_list,resolved_entry_only,2,2,0,0,0,0,0.0,0.0,0.0,0.0,0.0,0.0,no_observed_inter_region_candidate_exposure,1,1,1,1.0,False,"insufficient_minimum_mappable_traces,minimum_unique_probes,minimum_unique_probe_asns",trace share with at least one feasible domestic or international inter-region submarine-corridor candidate; not actual cable use or traffic dependency
LT,coastal_mainland_or_mixed,catalog_default_alpha2_rule,all_publicly_visible,86,82,0,0,0,0,0.0,0.0,0.0,0.0,0.0,0.0,no_observed_inter_region_candidate_exposure,1,43,25,0.9302325581395349,True,eligible,trace share with at least one feasible domestic or international inter-region submarine-corridor candidate; not actual cable use or traffic dependency
LT,coastal_mainland_or_mixed,catalog_default_alpha2_rule,resolved_entry_only,80,80,0,0,0,0,0.0,0.0,0.0,0.0,0.0,0.0,no_observed_inter_region_candidate_exposure,1,40,23,1.0,True,eligible,trace share with at least one feasible domestic or international inter-region submarine-corridor candidate; not actual cable use or traffic dependency
LU,landlocked,catalog_landlocked_list,all_publicly_visible,96,77,0,0,0,0,0.0,0.0,0.0,0.0,0.0,0.0,no_observed_inter_region_candidate_exposure,1,48,22,0.8020833333333334,True,eligible,trace share with at least one feasible domestic or international inter-region submarine-corridor candidate; not actual cable use or traffic dependency
LU,landlocked,catalog_landlocked_list,resolved_entry_only,77,77,0,0,0,0,0.0,0.0,0.0,0.0,0.0,0.0,no_observed_inter_region_candidate_exposure,1,39,18,1.0,True,eligible,trace share with at least one feasible domestic or international inter-region submarine-corridor candidate; not actual cable use or traffic dependency
LV,coastal_mainland_or_mixed,catalog_default_alpha2_rule,all_publicly_visible,63,61,0,0,0,0,0.0,0.0,0.0,0.0,0.0,0.0,no_observed_inter_region_candidate_exposure,1,32,21,0.9682539682539683,True,eligible,trace share with at least one feasible domestic or international inter-region submarine-corridor candidate; not actual cable use or traffic dependency
LV,coastal_mainland_or_mixed,catalog_default_alpha2_rule,resolved_entry_only,61,61,0,0,0,0,0.0,0.0,0.0,0.0,0.0,0.0,no_observed_inter_region_candidate_exposure,1,32,21,1.0,True,eligible,trace share with at least one feasible domestic or international inter-region submarine-corridor candidate; not actual cable use or traffic dependency
MA,coastal_mainland_or_mixed,catalog_default_alpha2_rule,all_publicly_visible,2,2,0,0,0,0,0.0,0.0,0.0,0.0,0.0,0.0,no_observed_inter_region_candidate_exposure,1,1,1,1.0,False,"insufficient_minimum_mappable_traces,minimum_unique_probes,minimum_unique_probe_asns",trace share with at least one feasible domestic or international inter-region submarine-corridor candidate; not actual cable use or traffic dependency
MA,coastal_mainland_or_mixed,catalog_default_alpha2_rule,resolved_entry_only,2,2,0,0,0,0,0.0,0.0,0.0,0.0,0.0,0.0,no_observed_inter_region_candidate_exposure,1,1,1,1.0,False,"insufficient_minimum_mappable_traces,minimum_unique_probes,minimum_unique_probe_asns",trace share with at least one feasible domestic or international inter-region submarine-corridor candidate; not actual cable use or traffic dependency
MD,landlocked,catalog_landlocked_list,all_publicly_visible,52,32,0,0,0,0,0.0,0.0,0.0,0.0,0.0,0.0,no_observed_inter_region_candidate_exposure,1,26,14,0.6153846153846154,True,eligible,trace share with at least one feasible domestic or international inter-region submarine-corridor candidate; not actual cable use or traffic dependency
MD,landlocked,catalog_landlocked_list,resolved_entry_only,32,32,0,0,0,0,0.0,0.0,0.0,0.0,0.0,0.0,no_observed_inter_region_candidate_exposure,1,16,10,1.0,True,eligible,trace share with at least one feasible domestic or international inter-region submarine-corridor candidate; not actual cable use or traffic dependency
ME,coastal_mainland_or_mixed,catalog_default_alpha2_rule,all_publicly_visible,12,12,0,0,0,0,0.0,0.0,0.0,0.0,0.0,0.0,no_observed_inter_region_candidate_exposure,1,6,5,1.0,False,"insufficient_minimum_mappable_traces,minimum_unique_probes",trace share with at least one feasible domestic or international inter-region submarine-corridor candidate; not actual cable use or traffic dependency
ME,coastal_mainland_or_mixed,catalog_default_alpha2_rule,resolved_entry_only,12,12,0,0,0,0,0.0,0.0,0.0,0.0,0.0,0.0,no_observed_inter_region_candidate_exposure,1,6,5,1.0,False,"insufficient_minimum_mappable_traces,minimum_unique_probes",trace share with at least one feasible domestic or international inter-region submarine-corridor candidate; not actual cable use or traffic dependency
MG,island_or_archipelagic,catalog_island_or_archipelagic_list,all_publicly_visible,4,4,0,0,0,0,0.0,0.0,0.0,0.0,0.0,0.0,no_observed_inter_region_candidate_exposure,1,2,1,1.0,False,"insufficient_minimum_mappable_traces,minimum_unique_probes,minimum_unique_probe_asns",trace share with at least one feasible domestic or international inter-region submarine-corridor candidate; not actual cable use or traffic dependency
MG,island_or_archipelagic,catalog_island_or_archipelagic_list,resolved_entry_only,4,4,0,0,0,0,0.0,0.0,0.0,0.0,0.0,0.0,no_observed_inter_region_candidate_exposure,1,2,1,1.0,False,"insufficient_minimum_mappable_traces,minimum_unique_probes,minimum_unique_probe_asns",trace share with at least one feasible domestic or international inter-region submarine-corridor candidate; not actual cable use or traffic dependency
MH,island_or_archipelagic,catalog_island_or_archipelagic_list,all_publicly_visible,2,2,0,0,0,2,0.0,0.0,0.0,0.0,1.0,0.0,no_observed_inter_region_candidate_exposure,1,1,1,0.0,False,"insufficient_minimum_mappable_traces,minimum_unique_probes,minimum_unique_probe_asns",trace share with at least one feasible domestic or international inter-region submarine-corridor candidate; not actual cable use or traffic dependency
MH,island_or_archipelagic,catalog_island_or_archipelagic_list,resolved_entry_only,0,0,0,0,0,0,,,,,,,unknown_candidate_dependency_proxy,0,0,0,,False,"insufficient_minimum_mappable_traces,minimum_unique_probes,minimum_unique_probe_asns",trace share with at least one feasible domestic or international inter-region submarine-corridor candidate; not actual cable use or traffic dependency
MK,landlocked,catalog_landlocked_list,all_publicly_visible,26,20,0,0,0,0,0.0,0.0,0.0,0.0,0.0,0.0,no_observed_inter_region_candidate_exposure,1,13,10,0.5384615384615384,False,insufficient_minimum_mappable_traces,trace share with at least one feasible domestic or international inter-region submarine-corridor candidate; not actual cable use or traffic dependency
MK,landlocked,catalog_landlocked_list,resolved_entry_only,14,14,0,0,0,0,0.0,0.0,0.0,0.0,0.0,0.0,no_observed_inter_region_candidate_exposure,1,7,7,1.0,False,"insufficient_minimum_mappable_traces,minimum_unique_probes",trace share with at least one feasible domestic or international inter-region submarine-corridor candidate; not actual cable use or traffic dependency
ML,landlocked,catalog_landlocked_list,all_publicly_visible,2,2,2,0,2,2,1.0,1.0,0.0,1.0,1.0,1.0,very_high_candidate_dependency_proxy,1,1,1,1.0,False,"insufficient_minimum_mappable_traces,minimum_unique_probes,minimum_unique_probe_asns",trace share with at least one feasible domestic or international inter-region submarine-corridor candidate; not actual cable use or traffic dependency
ML,landlocked,catalog_landlocked_list,resolved_entry_only,2,2,2,0,2,2,1.0,1.0,0.0,1.0,1.0,1.0,very_high_candidate_dependency_proxy,1,1,1,1.0,False,"insufficient_minimum_mappable_traces,minimum_unique_probes,minimum_unique_probe_asns",trace share with at least one feasible domestic or international inter-region submarine-corridor candidate; not actual cable use or traffic dependency
MM,coastal_mainland_or_mixed,catalog_default_alpha2_rule,all_publicly_visible,6,4,4,3,4,3,0.6666666666666666,1.0,0.5,0.6666666666666666,0.5,0.6666666666666666,very_high_candidate_dependency_proxy,1,3,3,0.6666666666666666,False,"insufficient_minimum_mappable_traces,minimum_unique_probes",trace share with at least one feasible domestic or international inter-region submarine-corridor candidate; not actual cable use or traffic dependency
MM,coastal_mainland_or_mixed,catalog_default_alpha2_rule,resolved_entry_only,4,4,4,3,4,3,1.0,1.0,0.75,1.0,0.75,1.0,very_high_candidate_dependency_proxy,1,2,2,1.0,False,"insufficient_minimum_mappable_traces,minimum_unique_probes,minimum_unique_probe_asns",trace share with at least one feasible domestic or international inter-region submarine-corridor candidate; not actual cable use or traffic dependency
MN,landlocked,catalog_landlocked_list,all_publicly_visible,16,16,6,6,0,14,0.375,0.375,0.375,0.0,0.875,0.375,very_high_candidate_dependency_proxy,1,8,8,1.0,False,"insufficient_minimum_mappable_traces,minimum_unique_probes",trace share with at least one feasible domestic or international inter-region submarine-corridor candidate; not actual cable use or traffic dependency
MN,landlocked,catalog_landlocked_list,resolved_entry_only,16,16,6,6,0,14,0.375,0.375,0.375,0.0,0.875,0.375,very_high_candidate_dependency_proxy,1,8,8,1.0,False,"insufficient_minimum_mappable_traces,minimum_unique_probes",trace share with at least one feasible domestic or international inter-region submarine-corridor candidate; not actual cable use or traffic dependency
MP,island_or_archipelagic,catalog_island_or_archipelagic_list,all_publicly_visible,2,2,2,0,2,2,1.0,1.0,0.0,1.0,1.0,1.0,very_high_candidate_dependency_proxy,1,1,1,1.0,False,"insufficient_minimum_mappable_traces,minimum_unique_probes,minimum_unique_probe_asns",trace share with at least one feasible domestic or international inter-region submarine-corridor candidate; not actual cable use or traffic dependency
MP,island_or_archipelagic,catalog_island_or_archipelagic_list,resolved_entry_only,2,2,2,0,2,2,1.0,1.0,0.0,1.0,1.0,1.0,very_high_candidate_dependency_proxy,1,1,1,1.0,False,"insufficient_minimum_mappable_traces,minimum_unique_probes,minimum_unique_probe_asns",trace share with at least one feasible domestic or international inter-region submarine-corridor candidate; not actual cable use or traffic dependency
MT,island_or_archipelagic,catalog_island_or_archipelagic_list,all_publicly_visible,18,18,4,0,4,18,0.2222222222222222,0.2222222222222222,0.0,0.2222222222222222,1.0,0.2222222222222222,high_candidate_dependency_proxy,1,9,3,0.9444444444444444,False,"insufficient_minimum_mappable_traces,minimum_unique_probes",trace share with at least one feasible domestic or international inter-region submarine-corridor candidate; not actual cable use or traffic dependency
MT,island_or_archipelagic,catalog_island_or_archipelagic_list,resolved_entry_only,17,17,4,0,4,17,0.23529411764705882,0.23529411764705882,0.0,0.23529411764705882,1.0,0.23529411764705882,high_candidate_dependency_proxy,1,9,3,1.0,False,"insufficient_minimum_mappable_traces,minimum_unique_probes",trace share with at least one feasible domestic or international inter-region submarine-corridor candidate; not actual cable use or traffic dependency
MU,island_or_archipelagic,catalog_island_or_archipelagic_list,all_publicly_visible,16,14,0,0,0,0,0.0,0.0,0.0,0.0,0.0,0.0,no_observed_inter_region_candidate_exposure,1,8,4,0.875,False,"insufficient_minimum_mappable_traces,minimum_unique_probes",trace share with at least one feasible domestic or international inter-region submarine-corridor candidate; not actual cable use or traffic dependency
MU,island_or_archipelagic,catalog_island_or_archipelagic_list,resolved_entry_only,14,14,0,0,0,0,0.0,0.0,0.0,0.0,0.0,0.0,no_observed_inter_region_candidate_exposure,1,7,4,1.0,False,"insufficient_minimum_mappable_traces,minimum_unique_probes",trace share with at least one feasible domestic or international inter-region submarine-corridor candidate; not actual cable use or traffic dependency
MV,island_or_archipelagic,catalog_island_or_archipelagic_list,all_publicly_visible,24,24,20,0,20,22,0.8333333333333334,0.8333333333333334,0.0,0.8333333333333334,0.9166666666666666,0.8333333333333334,very_high_candidate_dependency_proxy,1,12,4,0.9166666666666666,False,insufficient_minimum_mappable_traces,trace share with at least one feasible domestic or international inter-region submarine-corridor candidate; not actual cable use or traffic dependency
MV,island_or_archipelagic,catalog_island_or_archipelagic_list,resolved_entry_only,22,22,18,0,18,20,0.8181818181818182,0.8181818181818182,0.0,0.8181818181818182,0.9090909090909091,0.8181818181818182,very_high_candidate_dependency_proxy,1,11,3,1.0,False,insufficient_minimum_mappable_traces,trace share with at least one feasible domestic or international inter-region submarine-corridor candidate; not actual cable use or traffic dependency
MW,landlocked,catalog_landlocked_list,all_publicly_visible,2,2,0,0,0,0,0.0,0.0,0.0,0.0,0.0,0.0,no_observed_inter_region_candidate_exposure,1,1,1,1.0,False,"insufficient_minimum_mappable_traces,minimum_unique_probes,minimum_unique_probe_asns",trace share with at least one feasible domestic or international inter-region submarine-corridor candidate; not actual cable use or traffic dependency
MW,landlocked,catalog_landlocked_list,resolved_entry_only,2,2,0,0,0,0,0.0,0.0,0.0,0.0,0.0,0.0,no_observed_inter_region_candidate_exposure,1,1,1,1.0,False,"insufficient_minimum_mappable_traces,minimum_unique_probes,minimum_unique_probe_asns",trace share with at least one feasible domestic or international inter-region submarine-corridor candidate; not actual cable use or traffic dependency
MX,coastal_mainland_or_mixed,catalog_default_alpha2_rule,all_publicly_visible,114,99,2,0,2,7,0.017543859649122806,0.020202020202020204,0.0,0.017543859649122806,0.06140350877192982,0.017543859649122806,low_candidate_dependency_proxy,1,57,26,0.868421052631579,True,eligible,trace share with at least one feasible domestic or international inter-region submarine-corridor candidate; not actual cable use or traffic dependency
MX,coastal_mainland_or_mixed,catalog_default_alpha2_rule,resolved_entry_only,99,99,2,0,2,7,0.020202020202020204,0.020202020202020204,0.0,0.020202020202020204,0.0707070707070707,0.020202020202020204,low_candidate_dependency_proxy,1,51,23,1.0,True,eligible,trace share with at least one feasible domestic or international inter-region submarine-corridor candidate; not actual cable use or traffic dependency
MY,coastal_mainland_or_mixed,catalog_default_alpha2_rule,all_publicly_visible,71,69,9,2,9,16,0.1267605633802817,0.13043478260869565,0.028169014084507043,0.1267605633802817,0.22535211267605634,0.1267605633802817,moderate_candidate_dependency_proxy,1,36,20,0.971830985915493,True,eligible,trace share with at least one feasible domestic or international inter-region submarine-corridor candidate; not actual cable use or traffic dependency
MY,coastal_mainland_or_mixed,catalog_default_alpha2_rule,resolved_entry_only,69,69,9,2,9,16,0.13043478260869565,0.13043478260869565,0.028985507246376812,0.13043478260869565,0.2318840579710145,0.13043478260869565,moderate_candidate_dependency_proxy,1,35,19,1.0,True,eligible,trace share with at least one feasible domestic or international inter-region submarine-corridor candidate; not actual cable use or traffic dependency
MZ,coastal_mainland_or_mixed,catalog_default_alpha2_rule,all_publicly_visible,6,4,0,0,0,0,0.0,0.0,0.0,0.0,0.0,0.0,no_observed_inter_region_candidate_exposure,1,3,3,0.6666666666666666,False,"insufficient_minimum_mappable_traces,minimum_unique_probes",trace share with at least one feasible domestic or international inter-region submarine-corridor candidate; not actual cable use or traffic dependency
MZ,coastal_mainland_or_mixed,catalog_default_alpha2_rule,resolved_entry_only,4,4,0,0,0,0,0.0,0.0,0.0,0.0,0.0,0.0,no_observed_inter_region_candidate_exposure,1,2,2,1.0,False,"insufficient_minimum_mappable_traces,minimum_unique_probes,minimum_unique_probe_asns",trace share with at least one feasible domestic or international inter-region submarine-corridor candidate; not actual cable use or traffic dependency
NA,unknown,unclassified_or_missing_country_code,all_publicly_visible,8,6,0,0,0,0,0.0,0.0,0.0,0.0,0.0,0.0,no_observed_inter_region_candidate_exposure,1,4,3,0.75,False,"insufficient_minimum_mappable_traces,minimum_unique_probes",trace share with at least one feasible domestic or international inter-region submarine-corridor candidate; not actual cable use or traffic dependency
NA,unknown,unclassified_or_missing_country_code,resolved_entry_only,6,6,0,0,0,0,0.0,0.0,0.0,0.0,0.0,0.0,no_observed_inter_region_candidate_exposure,1,4,3,1.0,False,"insufficient_minimum_mappable_traces,minimum_unique_probes",trace share with at least one feasible domestic or international inter-region submarine-corridor candidate; not actual cable use or traffic dependency
NC,island_or_archipelagic,catalog_island_or_archipelagic_list,all_publicly_visible,10,10,10,0,10,10,1.0,1.0,0.0,1.0,1.0,1.0,very_high_candidate_dependency_proxy,1,5,2,1.0,False,"insufficient_minimum_mappable_traces,minimum_unique_probes,minimum_unique_probe_asns",trace share with at least one feasible domestic or international inter-region submarine-corridor candidate; not actual cable use or traffic dependency
NC,island_or_archipelagic,catalog_island_or_archipelagic_list,resolved_entry_only,10,10,10,0,10,10,1.0,1.0,0.0,1.0,1.0,1.0,very_high_candidate_dependency_proxy,1,5,2,1.0,False,"insufficient_minimum_mappable_traces,minimum_unique_probes,minimum_unique_probe_asns",trace share with at least one feasible domestic or international inter-region submarine-corridor candidate; not actual cable use or traffic dependency
NG,coastal_mainland_or_mixed,catalog_default_alpha2_rule,all_publicly_visible,21,21,6,0,6,0,0.2857142857142857,0.2857142857142857,0.0,0.2857142857142857,0.0,0.2857142857142857,high_candidate_dependency_proxy,1,10,6,0.5714285714285714,False,insufficient_minimum_mappable_traces,trace share with at least one feasible domestic or international inter-region submarine-corridor candidate; not actual cable use or traffic dependency
NG,coastal_mainland_or_mixed,catalog_default_alpha2_rule,resolved_entry_only,12,12,6,0,6,0,0.5,0.5,0.0,0.5,0.0,0.5,very_high_candidate_dependency_proxy,1,6,5,1.0,False,"insufficient_minimum_mappable_traces,minimum_unique_probes",trace share with at least one feasible domestic or international inter-region submarine-corridor candidate; not actual cable use or traffic dependency
NI,coastal_mainland_or_mixed,catalog_default_alpha2_rule,all_publicly_visible,14,10,0,0,0,0,0.0,0.0,0.0,0.0,0.0,0.0,no_observed_inter_region_candidate_exposure,1,7,5,0.7142857142857143,False,"insufficient_minimum_mappable_traces,minimum_unique_probes",trace share with at least one feasible domestic or international inter-region submarine-corridor candidate; not actual cable use or traffic dependency
NI,coastal_mainland_or_mixed,catalog_default_alpha2_rule,resolved_entry_only,10,10,0,0,0,0,0.0,0.0,0.0,0.0,0.0,0.0,no_observed_inter_region_candidate_exposure,1,5,4,1.0,False,"insufficient_minimum_mappable_traces,minimum_unique_probes",trace share with at least one feasible domestic or international inter-region submarine-corridor candidate; not actual cable use or traffic dependency
NL,coastal_mainland_or_mixed,catalog_default_alpha2_rule,all_publicly_visible,1337,1277,5,5,0,20,0.0037397157816005983,0.003915426781519186,0.0037397157816005983,0.0,0.014958863126402393,0.0037397157816005983,low_candidate_dependency_proxy,1,671,185,0.949887808526552,True,eligible,trace share with at least one feasible domestic or international inter-region submarine-corridor candidate; not actual cable use or traffic dependency
NL,coastal_mainland_or_mixed,catalog_default_alpha2_rule,resolved_entry_only,1270,1270,5,5,0,20,0.003937007874015748,0.003937007874015748,0.003937007874015748,0.0,0.015748031496062992,0.003937007874015748,low_candidate_dependency_proxy,1,639,175,1.0,True,eligible,trace share with at least one feasible domestic or international inter-region submarine-corridor candidate; not actual cable use or traffic dependency
NO,coastal_mainland_or_mixed,catalog_default_alpha2_rule,all_publicly_visible,186,178,139,131,8,50,0.7473118279569892,0.7808988764044944,0.7043010752688172,0.043010752688172046,0.26881720430107525,0.7473118279569892,very_high_candidate_dependency_proxy,1,93,35,0.946236559139785,True,eligible,trace share with at least one feasible domestic or international inter-region submarine-corridor candidate; not actual cable use or traffic dependency
NO,coastal_mainland_or_mixed,catalog_default_alpha2_rule,resolved_entry_only,176,176,137,129,8,48,0.7784090909090909,0.7784090909090909,0.7329545454545454,0.045454545454545456,0.2727272727272727,0.7784090909090909,very_high_candidate_dependency_proxy,1,88,34,1.0,True,eligible,trace share with at least one feasible domestic or international inter-region submarine-corridor candidate; not actual cable use or traffic dependency
NP,landlocked,catalog_landlocked_list,all_publicly_visible,31,31,0,0,0,0,0.0,0.0,0.0,0.0,0.0,0.0,no_observed_inter_region_candidate_exposure,1,16,10,1.0,True,eligible,trace share with at least one feasible domestic or international inter-region submarine-corridor candidate; not actual cable use or traffic dependency
NP,landlocked,catalog_landlocked_list,resolved_entry_only,31,31,0,0,0,0,0.0,0.0,0.0,0.0,0.0,0.0,no_observed_inter_region_candidate_exposure,1,16,10,1.0,True,eligible,trace share with at least one feasible domestic or international inter-region submarine-corridor candidate; not actual cable use or traffic dependency
NU,island_or_archipelagic,catalog_island_or_archipelagic_list,all_publicly_visible,2,2,2,0,2,2,1.0,1.0,0.0,1.0,1.0,1.0,very_high_candidate_dependency_proxy,1,1,1,1.0,False,"insufficient_minimum_mappable_traces,minimum_unique_probes,minimum_unique_probe_asns",trace share with at least one feasible domestic or international inter-region submarine-corridor candidate; not actual cable use or traffic dependency
NU,island_or_archipelagic,catalog_island_or_archipelagic_list,resolved_entry_only,2,2,2,0,2,2,1.0,1.0,0.0,1.0,1.0,1.0,very_high_candidate_dependency_proxy,1,1,1,1.0,False,"insufficient_minimum_mappable_traces,minimum_unique_probes,minimum_unique_probe_asns",trace share with at least one feasible domestic or international inter-region submarine-corridor candidate; not actual cable use or traffic dependency
NZ,island_or_archipelagic,catalog_island_or_archipelagic_list,all_publicly_visible,231,210,90,74,16,191,0.38961038961038963,0.42857142857142855,0.3203463203463203,0.06926406926406926,0.8268398268398268,0.38961038961038963,very_high_candidate_dependency_proxy,1,116,35,0.9004329004329005,True,eligible,trace share with at least one feasible domestic or international inter-region submarine-corridor candidate; not actual cable use or traffic dependency
NZ,island_or_archipelagic,catalog_island_or_archipelagic_list,resolved_entry_only,208,208,90,74,16,189,0.4326923076923077,0.4326923076923077,0.3557692307692308,0.07692307692307693,0.9086538461538461,0.4326923076923077,very_high_candidate_dependency_proxy,1,105,31,1.0,True,eligible,trace share with at least one feasible domestic or international inter-region submarine-corridor candidate; not actual cable use or traffic dependency
OM,coastal_mainland_or_mixed,catalog_default_alpha2_rule,all_publicly_visible,4,4,0,0,0,0,0.0,0.0,0.0,0.0,0.0,0.0,no_observed_inter_region_candidate_exposure,1,2,2,1.0,False,"insufficient_minimum_mappable_traces,minimum_unique_probes,minimum_unique_probe_asns",trace share with at least one feasible domestic or international inter-region submarine-corridor candidate; not actual cable use or traffic dependency
OM,coastal_mainland_or_mixed,catalog_default_alpha2_rule,resolved_entry_only,4,4,0,0,0,0,0.0,0.0,0.0,0.0,0.0,0.0,no_observed_inter_region_candidate_exposure,1,2,2,1.0,False,"insufficient_minimum_mappable_traces,minimum_unique_probes,minimum_unique_probe_asns",trace share with at least one feasible domestic or international inter-region submarine-corridor candidate; not actual cable use or traffic dependency
PA,coastal_mainland_or_mixed,catalog_default_alpha2_rule,all_publicly_visible,44,38,2,0,2,0,0.045454545454545456,0.05263157894736842,0.0,0.045454545454545456,0.0,0.045454545454545456,low_candidate_dependency_proxy,1,22,10,0.8636363636363636,True,eligible,trace share with at least one feasible domestic or international inter-region submarine-corridor candidate; not actual cable use or traffic dependency
PA,coastal_mainland_or_mixed,catalog_default_alpha2_rule,resolved_entry_only,38,38,2,0,2,0,0.05263157894736842,0.05263157894736842,0.0,0.05263157894736842,0.0,0.05263157894736842,moderate_candidate_dependency_proxy,1,19,8,1.0,True,eligible,trace share with at least one feasible domestic or international inter-region submarine-corridor candidate; not actual cable use or traffic dependency
PE,coastal_mainland_or_mixed,catalog_default_alpha2_rule,all_publicly_visible,49,41,26,8,24,0,0.5306122448979592,0.6341463414634146,0.16326530612244897,0.4897959183673469,0.0,0.5306122448979592,very_high_candidate_dependency_proxy,1,25,20,0.7959183673469388,True,eligible,trace share with at least one feasible domestic or international inter-region submarine-corridor candidate; not actual cable use or traffic dependency
PE,coastal_mainland_or_mixed,catalog_default_alpha2_rule,resolved_entry_only,39,39,24,8,22,0,0.6153846153846154,0.6153846153846154,0.20512820512820512,0.5641025641025641,0.0,0.6153846153846154,very_high_candidate_dependency_proxy,1,20,15,1.0,True,eligible,trace share with at least one feasible domestic or international inter-region submarine-corridor candidate; not actual cable use or traffic dependency
PF,island_or_archipelagic,catalog_island_or_archipelagic_list,all_publicly_visible,12,12,0,0,0,0,0.0,0.0,0.0,0.0,0.0,0.0,no_observed_inter_region_candidate_exposure,1,6,1,1.0,False,"insufficient_minimum_mappable_traces,minimum_unique_probes,minimum_unique_probe_asns",trace share with at least one feasible domestic or international inter-region submarine-corridor candidate; not actual cable use or traffic dependency
PF,island_or_archipelagic,catalog_island_or_archipelagic_list,resolved_entry_only,12,12,0,0,0,0,0.0,0.0,0.0,0.0,0.0,0.0,no_observed_inter_region_candidate_exposure,1,6,1,1.0,False,"insufficient_minimum_mappable_traces,minimum_unique_probes,minimum_unique_probe_asns",trace share with at least one feasible domestic or international inter-region submarine-corridor candidate; not actual cable use or traffic dependency
PG,island_or_archipelagic,catalog_island_or_archipelagic_list,all_publicly_visible,2,2,2,2,2,1,1.0,1.0,1.0,1.0,0.5,1.0,very_high_candidate_dependency_proxy,1,1,1,1.0,False,"insufficient_minimum_mappable_traces,minimum_unique_probes,minimum_unique_probe_asns",trace share with at least one feasible domestic or international inter-region submarine-corridor candidate; not actual cable use or traffic dependency
PG,island_or_archipelagic,catalog_island_or_archipelagic_list,resolved_entry_only,2,2,2,2,2,1,1.0,1.0,1.0,1.0,0.5,1.0,very_high_candidate_dependency_proxy,1,1,1,1.0,False,"insufficient_minimum_mappable_traces,minimum_unique_probes,minimum_unique_probe_asns",trace share with at least one feasible domestic or international inter-region submarine-corridor candidate; not actual cable use or traffic dependency
PH,island_or_archipelagic,catalog_island_or_archipelagic_list,all_publicly_visible,132,126,63,12,61,23,0.4772727272727273,0.5,0.09090909090909091,0.4621212121212121,0.17424242424242425,0.4772727272727273,very_high_candidate_dependency_proxy,1,66,35,0.8939393939393939,True,eligible,trace share with at least one feasible domestic or international inter-region submarine-corridor candidate; not actual cable use or traffic dependency
PH,island_or_archipelagic,catalog_island_or_archipelagic_list,resolved_entry_only,118,118,55,12,53,23,0.4661016949152542,0.4661016949152542,0.1016949152542373,0.4491525423728814,0.19491525423728814,0.4661016949152542,very_high_candidate_dependency_proxy,1,59,33,1.0,True,eligible,trace share with at least one feasible domestic or international inter-region submarine-corridor candidate; not actual cable use or traffic dependency
PK,coastal_mainland_or_mixed,catalog_default_alpha2_rule,all_publicly_visible,26,12,0,0,0,0,0.0,0.0,0.0,0.0,0.0,0.0,no_observed_inter_region_candidate_exposure,1,13,9,0.46153846153846156,False,insufficient_minimum_mappable_traces,trace share with at least one feasible domestic or international inter-region submarine-corridor candidate; not actual cable use or traffic dependency
PK,coastal_mainland_or_mixed,catalog_default_alpha2_rule,resolved_entry_only,12,12,0,0,0,0,0.0,0.0,0.0,0.0,0.0,0.0,no_observed_inter_region_candidate_exposure,1,6,6,1.0,False,"insufficient_minimum_mappable_traces,minimum_unique_probes",trace share with at least one feasible domestic or international inter-region submarine-corridor candidate; not actual cable use or traffic dependency
PL,coastal_mainland_or_mixed,catalog_default_alpha2_rule,all_publicly_visible,467,417,4,4,0,2,0.008565310492505354,0.009592326139088728,0.008565310492505354,0.0,0.004282655246252677,0.008565310492505354,low_candidate_dependency_proxy,1,234,133,0.892933618843683,True,eligible,trace share with at least one feasible domestic or international inter-region submarine-corridor candidate; not actual cable use or traffic dependency
PL,coastal_mainland_or_mixed,catalog_default_alpha2_rule,resolved_entry_only,417,417,4,4,0,2,0.009592326139088728,0.009592326139088728,0.009592326139088728,0.0,0.004796163069544364,0.009592326139088728,low_candidate_dependency_proxy,1,209,119,1.0,True,eligible,trace share with at least one feasible domestic or international inter-region submarine-corridor candidate; not actual cable use or traffic dependency
PR,island_or_archipelagic,catalog_island_or_archipelagic_list,all_publicly_visible,4,4,4,0,4,4,1.0,1.0,0.0,1.0,1.0,1.0,very_high_candidate_dependency_proxy,1,2,2,0.5,False,"insufficient_minimum_mappable_traces,minimum_unique_probes,minimum_unique_probe_asns",trace share with at least one feasible domestic or international inter-region submarine-corridor candidate; not actual cable use or traffic dependency
PR,island_or_archipelagic,catalog_island_or_archipelagic_list,resolved_entry_only,2,2,2,0,2,2,1.0,1.0,0.0,1.0,1.0,1.0,very_high_candidate_dependency_proxy,1,1,1,1.0,False,"insufficient_minimum_mappable_traces,minimum_unique_probes,minimum_unique_probe_asns",trace share with at least one feasible domestic or international inter-region submarine-corridor candidate; not actual cable use or traffic dependency
PS,coastal_mainland_or_mixed,catalog_default_alpha2_rule,all_publicly_visible,2,2,0,0,0,0,0.0,0.0,0.0,0.0,0.0,0.0,no_observed_inter_region_candidate_exposure,1,1,1,1.0,False,"insufficient_minimum_mappable_traces,minimum_unique_probes,minimum_unique_probe_asns",trace share with at least one feasible domestic or international inter-region submarine-corridor candidate; not actual cable use or traffic dependency
PS,coastal_mainland_or_mixed,catalog_default_alpha2_rule,resolved_entry_only,2,2,0,0,0,0,0.0,0.0,0.0,0.0,0.0,0.0,no_observed_inter_region_candidate_exposure,1,1,1,1.0,False,"insufficient_minimum_mappable_traces,minimum_unique_probes,minimum_unique_probe_asns",trace share with at least one feasible domestic or international inter-region submarine-corridor candidate; not actual cable use or traffic dependency
PT,coastal_mainland_or_mixed,catalog_default_alpha2_rule,all_publicly_visible,210,198,0,0,0,110,0.0,0.0,0.0,0.0,0.5238095238095238,0.0,no_observed_inter_region_candidate_exposure,1,105,23,0.9380952380952381,True,eligible,trace share with at least one feasible domestic or international inter-region submarine-corridor candidate; not actual cable use or traffic dependency
PT,coastal_mainland_or_mixed,catalog_default_alpha2_rule,resolved_entry_only,197,197,0,0,0,109,0.0,0.0,0.0,0.0,0.5532994923857868,0.0,no_observed_inter_region_candidate_exposure,1,99,22,1.0,True,eligible,trace share with at least one feasible domestic or international inter-region submarine-corridor candidate; not actual cable use or traffic dependency
PW,island_or_archipelagic,catalog_island_or_archipelagic_list,all_publicly_visible,2,2,0,0,0,0,0.0,0.0,0.0,0.0,0.0,0.0,no_observed_inter_region_candidate_exposure,1,1,1,1.0,False,"insufficient_minimum_mappable_traces,minimum_unique_probes,minimum_unique_probe_asns",trace share with at least one feasible domestic or international inter-region submarine-corridor candidate; not actual cable use or traffic dependency
PW,island_or_archipelagic,catalog_island_or_archipelagic_list,resolved_entry_only,2,2,0,0,0,0,0.0,0.0,0.0,0.0,0.0,0.0,no_observed_inter_region_candidate_exposure,1,1,1,1.0,False,"insufficient_minimum_mappable_traces,minimum_unique_probes,minimum_unique_probe_asns",trace share with at least one feasible domestic or international inter-region submarine-corridor candidate; not actual cable use or traffic dependency
PY,landlocked,catalog_landlocked_list,all_publicly_visible,22,20,0,0,0,0,0.0,0.0,0.0,0.0,0.0,0.0,no_observed_inter_region_candidate_exposure,1,11,8,0.8181818181818182,False,insufficient_minimum_mappable_traces,trace share with at least one feasible domestic or international inter-region submarine-corridor candidate; not actual cable use or traffic dependency
PY,landlocked,catalog_landlocked_list,resolved_entry_only,18,18,0,0,0,0,0.0,0.0,0.0,0.0,0.0,0.0,no_observed_inter_region_candidate_exposure,1,9,7,1.0,False,"insufficient_minimum_mappable_traces,minimum_unique_probes",trace share with at least one feasible domestic or international inter-region submarine-corridor candidate; not actual cable use or traffic dependency
QA,coastal_mainland_or_mixed,catalog_default_alpha2_rule,all_publicly_visible,2,2,2,0,2,0,1.0,1.0,0.0,1.0,0.0,1.0,very_high_candidate_dependency_proxy,1,1,1,1.0,False,"insufficient_minimum_mappable_traces,minimum_unique_probes,minimum_unique_probe_asns",trace share with at least one feasible domestic or international inter-region submarine-corridor candidate; not actual cable use or traffic dependency
QA,coastal_mainland_or_mixed,catalog_default_alpha2_rule,resolved_entry_only,2,2,2,0,2,0,1.0,1.0,0.0,1.0,0.0,1.0,very_high_candidate_dependency_proxy,1,1,1,1.0,False,"insufficient_minimum_mappable_traces,minimum_unique_probes,minimum_unique_probe_asns",trace share with at least one feasible domestic or international inter-region submarine-corridor candidate; not actual cable use or traffic dependency
RE,island_or_archipelagic,catalog_island_or_archipelagic_list,all_publicly_visible,103,103,0,0,0,0,0.0,0.0,0.0,0.0,0.0,0.0,no_observed_inter_region_candidate_exposure,1,52,5,1.0,True,eligible,trace share with at least one feasible domestic or international inter-region submarine-corridor candidate; not actual cable use or traffic dependency
RE,island_or_archipelagic,catalog_island_or_archipelagic_list,resolved_entry_only,103,103,0,0,0,0,0.0,0.0,0.0,0.0,0.0,0.0,no_observed_inter_region_candidate_exposure,1,52,5,1.0,True,eligible,trace share with at least one feasible domestic or international inter-region submarine-corridor candidate; not actual cable use or traffic dependency
RO,coastal_mainland_or_mixed,catalog_default_alpha2_rule,all_publicly_visible,179,167,0,0,0,2,0.0,0.0,0.0,0.0,0.0111731843575419,0.0,no_observed_inter_region_candidate_exposure,1,90,47,0.9106145251396648,True,eligible,trace share with at least one feasible domestic or international inter-region submarine-corridor candidate; not actual cable use or traffic dependency
RO,coastal_mainland_or_mixed,catalog_default_alpha2_rule,resolved_entry_only,163,163,0,0,0,2,0.0,0.0,0.0,0.0,0.012269938650306749,0.0,no_observed_inter_region_candidate_exposure,1,82,41,1.0,True,eligible,trace share with at least one feasible domestic or international inter-region submarine-corridor candidate; not actual cable use or traffic dependency
RS,landlocked,catalog_landlocked_list,all_publicly_visible,102,97,0,0,0,0,0.0,0.0,0.0,0.0,0.0,0.0,no_observed_inter_region_candidate_exposure,1,51,21,0.8529411764705882,True,eligible,trace share with at least one feasible domestic or international inter-region submarine-corridor candidate; not actual cable use or traffic dependency
RS,landlocked,catalog_landlocked_list,resolved_entry_only,87,87,0,0,0,0,0.0,0.0,0.0,0.0,0.0,0.0,no_observed_inter_region_candidate_exposure,1,44,20,1.0,True,eligible,trace share with at least one feasible domestic or international inter-region submarine-corridor candidate; not actual cable use or traffic dependency
RU,coastal_mainland_or_mixed,catalog_default_alpha2_rule,all_publicly_visible,1048,976,0,0,0,2,0.0,0.0,0.0,0.0,0.0019083969465648854,0.0,no_observed_inter_region_candidate_exposure,1,522,310,0.9141221374045801,True,eligible,trace share with at least one feasible domestic or international inter-region submarine-corridor candidate; not actual cable use or traffic dependency
RU,coastal_mainland_or_mixed,catalog_default_alpha2_rule,resolved_entry_only,958,958,0,0,0,2,0.0,0.0,0.0,0.0,0.0020876826722338203,0.0,no_observed_inter_region_candidate_exposure,1,478,286,1.0,True,eligible,trace share with at least one feasible domestic or international inter-region submarine-corridor candidate; not actual cable use or traffic dependency
RW,landlocked,catalog_landlocked_list,all_publicly_visible,2,2,0,0,0,0,0.0,0.0,0.0,0.0,0.0,0.0,no_observed_inter_region_candidate_exposure,1,1,1,1.0,False,"insufficient_minimum_mappable_traces,minimum_unique_probes,minimum_unique_probe_asns",trace share with at least one feasible domestic or international inter-region submarine-corridor candidate; not actual cable use or traffic dependency
RW,landlocked,catalog_landlocked_list,resolved_entry_only,2,2,0,0,0,0,0.0,0.0,0.0,0.0,0.0,0.0,no_observed_inter_region_candidate_exposure,1,1,1,1.0,False,"insufficient_minimum_mappable_traces,minimum_unique_probes,minimum_unique_probe_asns",trace share with at least one feasible domestic or international inter-region submarine-corridor candidate; not actual cable use or traffic dependency
SA,coastal_mainland_or_mixed,catalog_default_alpha2_rule,all_publicly_visible,48,35,0,0,0,0,0.0,0.0,0.0,0.0,0.0,0.0,no_observed_inter_region_candidate_exposure,1,24,12,0.7291666666666666,True,eligible,trace share with at least one feasible domestic or international inter-region submarine-corridor candidate; not actual cable use or traffic dependency
SA,coastal_mainland_or_mixed,catalog_default_alpha2_rule,resolved_entry_only,35,35,0,0,0,0,0.0,0.0,0.0,0.0,0.0,0.0,no_observed_inter_region_candidate_exposure,1,18,9,1.0,True,eligible,trace share with at least one feasible domestic or international inter-region submarine-corridor candidate; not actual cable use or traffic dependency
SE,coastal_mainland_or_mixed,catalog_default_alpha2_rule,all_publicly_visible,467,442,42,36,6,54,0.08993576017130621,0.09502262443438914,0.07708779443254818,0.01284796573875803,0.11563169164882227,0.08993576017130621,moderate_candidate_dependency_proxy,1,233,78,0.9421841541755889,True,eligible,trace share with at least one feasible domestic or international inter-region submarine-corridor candidate; not actual cable use or traffic dependency
SE,coastal_mainland_or_mixed,catalog_default_alpha2_rule,resolved_entry_only,440,440,40,34,6,52,0.09090909090909091,0.09090909090909091,0.07727272727272727,0.013636363636363636,0.11818181818181818,0.09090909090909091,moderate_candidate_dependency_proxy,1,220,74,1.0,True,eligible,trace share with at least one feasible domestic or international inter-region submarine-corridor candidate; not actual cable use or traffic dependency
SG,island_or_archipelagic,catalog_island_or_archipelagic_list,all_publicly_visible,300,276,173,148,117,241,0.5766666666666667,0.6268115942028986,0.49333333333333335,0.39,0.8033333333333333,0.5766666666666667,very_high_candidate_dependency_proxy,1,150,67,0.8833333333333333,True,eligible,trace share with at least one feasible domestic or international inter-region submarine-corridor candidate; not actual cable use or traffic dependency
SG,island_or_archipelagic,catalog_island_or_archipelagic_list,resolved_entry_only,265,265,162,137,106,230,0.6113207547169811,0.6113207547169811,0.5169811320754717,0.4,0.8679245283018868,0.6113207547169811,very_high_candidate_dependency_proxy,1,135,61,1.0,True,eligible,trace share with at least one feasible domestic or international inter-region submarine-corridor candidate; not actual cable use or traffic dependency
SI,coastal_mainland_or_mixed,catalog_default_alpha2_rule,all_publicly_visible,98,90,0,0,0,0,0.0,0.0,0.0,0.0,0.0,0.0,no_observed_inter_region_candidate_exposure,1,49,22,0.9183673469387755,True,eligible,trace share with at least one feasible domestic or international inter-region submarine-corridor candidate; not actual cable use or traffic dependency
SI,coastal_mainland_or_mixed,catalog_default_alpha2_rule,resolved_entry_only,90,90,0,0,0,0,0.0,0.0,0.0,0.0,0.0,0.0,no_observed_inter_region_candidate_exposure,1,45,21,1.0,True,eligible,trace share with at least one feasible domestic or international inter-region submarine-corridor candidate; not actual cable use or traffic dependency
SK,landlocked,catalog_landlocked_list,all_publicly_visible,112,102,0,0,0,0,0.0,0.0,0.0,0.0,0.0,0.0,no_observed_inter_region_candidate_exposure,1,56,22,0.9107142857142857,True,eligible,trace share with at least one feasible domestic or international inter-region submarine-corridor candidate; not actual cable use or traffic dependency
SK,landlocked,catalog_landlocked_list,resolved_entry_only,102,102,0,0,0,0,0.0,0.0,0.0,0.0,0.0,0.0,no_observed_inter_region_candidate_exposure,1,51,22,1.0,True,eligible,trace share with at least one feasible domestic or international inter-region submarine-corridor candidate; not actual cable use or traffic dependency
SL,coastal_mainland_or_mixed,catalog_default_alpha2_rule,all_publicly_visible,4,2,2,0,2,0,0.5,1.0,0.0,0.5,0.0,0.5,very_high_candidate_dependency_proxy,1,2,2,0.5,False,"insufficient_minimum_mappable_traces,minimum_unique_probes,minimum_unique_probe_asns",trace share with at least one feasible domestic or international inter-region submarine-corridor candidate; not actual cable use or traffic dependency
SL,coastal_mainland_or_mixed,catalog_default_alpha2_rule,resolved_entry_only,2,2,2,0,2,0,1.0,1.0,0.0,1.0,0.0,1.0,very_high_candidate_dependency_proxy,1,1,1,1.0,False,"insufficient_minimum_mappable_traces,minimum_unique_probes,minimum_unique_probe_asns",trace share with at least one feasible domestic or international inter-region submarine-corridor candidate; not actual cable use or traffic dependency
SM,landlocked,catalog_landlocked_list,all_publicly_visible,2,2,0,0,0,0,0.0,0.0,0.0,0.0,0.0,0.0,no_observed_inter_region_candidate_exposure,1,1,1,1.0,False,"insufficient_minimum_mappable_traces,minimum_unique_probes,minimum_unique_probe_asns",trace share with at least one feasible domestic or international inter-region submarine-corridor candidate; not actual cable use or traffic dependency
SM,landlocked,catalog_landlocked_list,resolved_entry_only,2,2,0,0,0,0,0.0,0.0,0.0,0.0,0.0,0.0,no_observed_inter_region_candidate_exposure,1,1,1,1.0,False,"insufficient_minimum_mappable_traces,minimum_unique_probes,minimum_unique_probe_asns",trace share with at least one feasible domestic or international inter-region submarine-corridor candidate; not actual cable use or traffic dependency
SN,coastal_mainland_or_mixed,catalog_default_alpha2_rule,all_publicly_visible,4,4,0,0,0,0,0.0,0.0,0.0,0.0,0.0,0.0,no_observed_inter_region_candidate_exposure,1,2,2,1.0,False,"insufficient_minimum_mappable_traces,minimum_unique_probes,minimum_unique_probe_asns",trace share with at least one feasible domestic or international inter-region submarine-corridor candidate; not actual cable use or traffic dependency
SN,coastal_mainland_or_mixed,catalog_default_alpha2_rule,resolved_entry_only,4,4,0,0,0,0,0.0,0.0,0.0,0.0,0.0,0.0,no_observed_inter_region_candidate_exposure,1,2,2,1.0,False,"insufficient_minimum_mappable_traces,minimum_unique_probes,minimum_unique_probe_asns",trace share with at least one feasible domestic or international inter-region submarine-corridor candidate; not actual cable use or traffic dependency
SR,coastal_mainland_or_mixed,catalog_default_alpha2_rule,all_publicly_visible,2,2,1,0,1,0,0.5,0.5,0.0,0.5,0.0,0.5,very_high_candidate_dependency_proxy,1,1,1,1.0,False,"insufficient_minimum_mappable_traces,minimum_unique_probes,minimum_unique_probe_asns",trace share with at least one feasible domestic or international inter-region submarine-corridor candidate; not actual cable use or traffic dependency
SR,coastal_mainland_or_mixed,catalog_default_alpha2_rule,resolved_entry_only,2,2,1,0,1,0,0.5,0.5,0.0,0.5,0.0,0.5,very_high_candidate_dependency_proxy,1,1,1,1.0,False,"insufficient_minimum_mappable_traces,minimum_unique_probes,minimum_unique_probe_asns",trace share with at least one feasible domestic or international inter-region submarine-corridor candidate; not actual cable use or traffic dependency
SS,landlocked,catalog_landlocked_list,all_publicly_visible,2,2,0,0,0,0,0.0,0.0,0.0,0.0,0.0,0.0,no_observed_inter_region_candidate_exposure,1,1,1,1.0,False,"insufficient_minimum_mappable_traces,minimum_unique_probes,minimum_unique_probe_asns",trace share with at least one feasible domestic or international inter-region submarine-corridor candidate; not actual cable use or traffic dependency
SS,landlocked,catalog_landlocked_list,resolved_entry_only,2,2,0,0,0,0,0.0,0.0,0.0,0.0,0.0,0.0,no_observed_inter_region_candidate_exposure,1,1,1,1.0,False,"insufficient_minimum_mappable_traces,minimum_unique_probes,minimum_unique_probe_asns",trace share with at least one feasible domestic or international inter-region submarine-corridor candidate; not actual cable use or traffic dependency
SV,coastal_mainland_or_mixed,catalog_default_alpha2_rule,all_publicly_visible,30,20,10,0,10,0,0.3333333333333333,0.5,0.0,0.3333333333333333,0.0,0.3333333333333333,very_high_candidate_dependency_proxy,1,15,10,0.5333333333333333,False,insufficient_minimum_mappable_traces,trace share with at least one feasible domestic or international inter-region submarine-corridor candidate; not actual cable use or traffic dependency
SV,coastal_mainland_or_mixed,catalog_default_alpha2_rule,resolved_entry_only,16,16,10,0,10,0,0.625,0.625,0.0,0.625,0.0,0.625,very_high_candidate_dependency_proxy,1,8,6,1.0,False,"insufficient_minimum_mappable_traces,minimum_unique_probes",trace share with at least one feasible domestic or international inter-region submarine-corridor candidate; not actual cable use or traffic dependency
SY,coastal_mainland_or_mixed,catalog_default_alpha2_rule,all_publicly_visible,6,0,0,0,0,0,0.0,,0.0,0.0,0.0,0.0,no_observed_inter_region_candidate_exposure,1,3,2,0.0,False,"insufficient_minimum_mappable_traces,minimum_unique_probes,minimum_unique_probe_asns",trace share with at least one feasible domestic or international inter-region submarine-corridor candidate; not actual cable use or traffic dependency
SY,coastal_mainland_or_mixed,catalog_default_alpha2_rule,resolved_entry_only,0,0,0,0,0,0,,,,,,,unknown_candidate_dependency_proxy,0,0,0,,False,"insufficient_minimum_mappable_traces,minimum_unique_probes,minimum_unique_probe_asns",trace share with at least one feasible domestic or international inter-region submarine-corridor candidate; not actual cable use or traffic dependency
TD,landlocked,catalog_landlocked_list,all_publicly_visible,2,2,0,0,0,0,0.0,0.0,0.0,0.0,0.0,0.0,no_observed_inter_region_candidate_exposure,1,1,1,1.0,False,"insufficient_minimum_mappable_traces,minimum_unique_probes,minimum_unique_probe_asns",trace share with at least one feasible domestic or international inter-region submarine-corridor candidate; not actual cable use or traffic dependency
TD,landlocked,catalog_landlocked_list,resolved_entry_only,2,2,0,0,0,0,0.0,0.0,0.0,0.0,0.0,0.0,no_observed_inter_region_candidate_exposure,1,1,1,1.0,False,"insufficient_minimum_mappable_traces,minimum_unique_probes,minimum_unique_probe_asns",trace share with at least one feasible domestic or international inter-region submarine-corridor candidate; not actual cable use or traffic dependency
TG,coastal_mainland_or_mixed,catalog_default_alpha2_rule,all_publicly_visible,2,0,0,0,0,0,0.0,,0.0,0.0,0.0,0.0,no_observed_inter_region_candidate_exposure,1,1,1,0.0,False,"insufficient_minimum_mappable_traces,minimum_unique_probes,minimum_unique_probe_asns",trace share with at least one feasible domestic or international inter-region submarine-corridor candidate; not actual cable use or traffic dependency
TG,coastal_mainland_or_mixed,catalog_default_alpha2_rule,resolved_entry_only,0,0,0,0,0,0,,,,,,,unknown_candidate_dependency_proxy,0,0,0,,False,"insufficient_minimum_mappable_traces,minimum_unique_probes,minimum_unique_probe_asns",trace share with at least one feasible domestic or international inter-region submarine-corridor candidate; not actual cable use or traffic dependency
TH,coastal_mainland_or_mixed,catalog_default_alpha2_rule,all_publicly_visible,98,80,12,7,5,25,0.12244897959183673,0.15,0.07142857142857142,0.05102040816326531,0.25510204081632654,0.12244897959183673,moderate_candidate_dependency_proxy,1,49,29,0.8163265306122449,True,eligible,trace share with at least one feasible domestic or international inter-region submarine-corridor candidate; not actual cable use or traffic dependency
TH,coastal_mainland_or_mixed,catalog_default_alpha2_rule,resolved_entry_only,80,80,12,7,5,25,0.15,0.15,0.0875,0.0625,0.3125,0.15,high_candidate_dependency_proxy,1,40,24,1.0,True,eligible,trace share with at least one feasible domestic or international inter-region submarine-corridor candidate; not actual cable use or traffic dependency
TJ,landlocked,catalog_landlocked_list,all_publicly_visible,28,26,4,4,4,4,0.14285714285714285,0.15384615384615385,0.14285714285714285,0.14285714285714285,0.14285714285714285,0.14285714285714285,moderate_candidate_dependency_proxy,1,14,11,0.7142857142857143,False,insufficient_minimum_mappable_traces,trace share with at least one feasible domestic or international inter-region submarine-corridor candidate; not actual cable use or traffic dependency
TJ,landlocked,catalog_landlocked_list,resolved_entry_only,20,20,2,2,2,2,0.1,0.1,0.1,0.1,0.1,0.1,moderate_candidate_dependency_proxy,1,10,8,1.0,False,insufficient_minimum_mappable_traces,trace share with at least one feasible domestic or international inter-region submarine-corridor candidate; not actual cable use or traffic dependency
TL,island_or_archipelagic,catalog_island_or_archipelagic_list,all_publicly_visible,8,8,8,8,8,8,1.0,1.0,1.0,1.0,1.0,1.0,very_high_candidate_dependency_proxy,1,4,2,1.0,False,"insufficient_minimum_mappable_traces,minimum_unique_probes,minimum_unique_probe_asns",trace share with at least one feasible domestic or international inter-region submarine-corridor candidate; not actual cable use or traffic dependency
TL,island_or_archipelagic,catalog_island_or_archipelagic_list,resolved_entry_only,8,8,8,8,8,8,1.0,1.0,1.0,1.0,1.0,1.0,very_high_candidate_dependency_proxy,1,4,2,1.0,False,"insufficient_minimum_mappable_traces,minimum_unique_probes,minimum_unique_probe_asns",trace share with at least one feasible domestic or international inter-region submarine-corridor candidate; not actual cable use or traffic dependency
TN,coastal_mainland_or_mixed,catalog_default_alpha2_rule,all_publicly_visible,16,12,0,0,0,0,0.0,0.0,0.0,0.0,0.0,0.0,no_observed_inter_region_candidate_exposure,1,8,5,0.625,False,"insufficient_minimum_mappable_traces,minimum_unique_probes",trace share with at least one feasible domestic or international inter-region submarine-corridor candidate; not actual cable use or traffic dependency
TN,coastal_mainland_or_mixed,catalog_default_alpha2_rule,resolved_entry_only,10,10,0,0,0,0,0.0,0.0,0.0,0.0,0.0,0.0,no_observed_inter_region_candidate_exposure,1,5,2,1.0,False,"insufficient_minimum_mappable_traces,minimum_unique_probes,minimum_unique_probe_asns",trace share with at least one feasible domestic or international inter-region submarine-corridor candidate; not actual cable use or traffic dependency
TO,island_or_archipelagic,catalog_island_or_archipelagic_list,all_publicly_visible,2,2,2,2,2,2,1.0,1.0,1.0,1.0,1.0,1.0,very_high_candidate_dependency_proxy,1,1,1,1.0,False,"insufficient_minimum_mappable_traces,minimum_unique_probes,minimum_unique_probe_asns",trace share with at least one feasible domestic or international inter-region submarine-corridor candidate; not actual cable use or traffic dependency
TO,island_or_archipelagic,catalog_island_or_archipelagic_list,resolved_entry_only,2,2,2,2,2,2,1.0,1.0,1.0,1.0,1.0,1.0,very_high_candidate_dependency_proxy,1,1,1,1.0,False,"insufficient_minimum_mappable_traces,minimum_unique_probes,minimum_unique_probe_asns",trace share with at least one feasible domestic or international inter-region submarine-corridor candidate; not actual cable use or traffic dependency
TR,coastal_mainland_or_mixed,catalog_default_alpha2_rule,all_publicly_visible,138,78,6,0,6,0,0.043478260869565216,0.07692307692307693,0.0,0.043478260869565216,0.0,0.043478260869565216,low_candidate_dependency_proxy,1,69,30,0.5652173913043478,True,eligible,trace share with at least one feasible domestic or international inter-region submarine-corridor candidate; not actual cable use or traffic dependency
TR,coastal_mainland_or_mixed,catalog_default_alpha2_rule,resolved_entry_only,78,78,6,0,6,0,0.07692307692307693,0.07692307692307693,0.0,0.07692307692307693,0.0,0.07692307692307693,moderate_candidate_dependency_proxy,1,40,21,1.0,True,eligible,trace share with at least one feasible domestic or international inter-region submarine-corridor candidate; not actual cable use or traffic dependency
TT,island_or_archipelagic,catalog_island_or_archipelagic_list,all_publicly_visible,2,2,0,0,0,0,0.0,0.0,0.0,0.0,0.0,0.0,no_observed_inter_region_candidate_exposure,1,1,1,1.0,False,"insufficient_minimum_mappable_traces,minimum_unique_probes,minimum_unique_probe_asns",trace share with at least one feasible domestic or international inter-region submarine-corridor candidate; not actual cable use or traffic dependency
TT,island_or_archipelagic,catalog_island_or_archipelagic_list,resolved_entry_only,2,2,0,0,0,0,0.0,0.0,0.0,0.0,0.0,0.0,no_observed_inter_region_candidate_exposure,1,1,1,1.0,False,"insufficient_minimum_mappable_traces,minimum_unique_probes,minimum_unique_probe_asns",trace share with at least one feasible domestic or international inter-region submarine-corridor candidate; not actual cable use or traffic dependency
TV,island_or_archipelagic,catalog_island_or_archipelagic_list,all_publicly_visible,2,2,2,2,2,0,1.0,1.0,1.0,1.0,0.0,1.0,very_high_candidate_dependency_proxy,1,1,1,1.0,False,"insufficient_minimum_mappable_traces,minimum_unique_probes,minimum_unique_probe_asns",trace share with at least one feasible domestic or international inter-region submarine-corridor candidate; not actual cable use or traffic dependency
TV,island_or_archipelagic,catalog_island_or_archipelagic_list,resolved_entry_only,2,2,2,2,2,0,1.0,1.0,1.0,1.0,0.0,1.0,very_high_candidate_dependency_proxy,1,1,1,1.0,False,"insufficient_minimum_mappable_traces,minimum_unique_probes,minimum_unique_probe_asns",trace share with at least one feasible domestic or international inter-region submarine-corridor candidate; not actual cable use or traffic dependency
TW,island_or_archipelagic,catalog_island_or_archipelagic_list,all_publicly_visible,162,146,52,47,5,112,0.32098765432098764,0.3561643835616438,0.29012345679012347,0.030864197530864196,0.691358024691358,0.32098765432098764,very_high_candidate_dependency_proxy,1,81,34,0.8950617283950617,True,eligible,trace share with at least one feasible domestic or international inter-region submarine-corridor candidate; not actual cable use or traffic dependency
TW,island_or_archipelagic,catalog_island_or_archipelagic_list,resolved_entry_only,145,145,52,47,5,112,0.3586206896551724,0.3586206896551724,0.32413793103448274,0.034482758620689655,0.7724137931034483,0.3586206896551724,very_high_candidate_dependency_proxy,1,73,29,1.0,True,eligible,trace share with at least one feasible domestic or international inter-region submarine-corridor candidate; not actual cable use or traffic dependency
TZ,coastal_mainland_or_mixed,catalog_default_alpha2_rule,all_publicly_visible,12,10,0,0,0,0,0.0,0.0,0.0,0.0,0.0,0.0,no_observed_inter_region_candidate_exposure,1,6,5,0.6666666666666666,False,"insufficient_minimum_mappable_traces,minimum_unique_probes",trace share with at least one feasible domestic or international inter-region submarine-corridor candidate; not actual cable use or traffic dependency
TZ,coastal_mainland_or_mixed,catalog_default_alpha2_rule,resolved_entry_only,8,8,0,0,0,0,0.0,0.0,0.0,0.0,0.0,0.0,no_observed_inter_region_candidate_exposure,1,4,3,1.0,False,"insufficient_minimum_mappable_traces,minimum_unique_probes",trace share with at least one feasible domestic or international inter-region submarine-corridor candidate; not actual cable use or traffic dependency
UA,coastal_mainland_or_mixed,catalog_default_alpha2_rule,all_publicly_visible,330,304,0,0,0,0,0.0,0.0,0.0,0.0,0.0,0.0,no_observed_inter_region_candidate_exposure,1,165,115,0.9212121212121213,True,eligible,trace share with at least one feasible domestic or international inter-region submarine-corridor candidate; not actual cable use or traffic dependency
UA,coastal_mainland_or_mixed,catalog_default_alpha2_rule,resolved_entry_only,304,304,0,0,0,0,0.0,0.0,0.0,0.0,0.0,0.0,no_observed_inter_region_candidate_exposure,1,152,110,1.0,True,eligible,trace share with at least one feasible domestic or international inter-region submarine-corridor candidate; not actual cable use or traffic dependency
UG,landlocked,catalog_landlocked_list,all_publicly_visible,12,12,1,0,1,0,0.08333333333333333,0.08333333333333333,0.0,0.08333333333333333,0.0,0.08333333333333333,moderate_candidate_dependency_proxy,1,6,4,1.0,False,"insufficient_minimum_mappable_traces,minimum_unique_probes",trace share with at least one feasible domestic or international inter-region submarine-corridor candidate; not actual cable use or traffic dependency
UG,landlocked,catalog_landlocked_list,resolved_entry_only,12,12,1,0,1,0,0.08333333333333333,0.08333333333333333,0.0,0.08333333333333333,0.0,0.08333333333333333,moderate_candidate_dependency_proxy,1,6,4,1.0,False,"insufficient_minimum_mappable_traces,minimum_unique_probes",trace share with at least one feasible domestic or international inter-region submarine-corridor candidate; not actual cable use or traffic dependency
US,coastal_mainland_or_mixed,catalog_default_alpha2_rule,all_publicly_visible,3786,3632,344,313,48,346,0.09086106708927628,0.0947136563876652,0.0826730058108822,0.012678288431061807,0.09138932910723718,0.09086106708927628,moderate_candidate_dependency_proxy,1,1892,513,0.8248811410459588,True,eligible,trace share with at least one feasible domestic or international inter-region submarine-corridor candidate; not actual cable use or traffic dependency
US,coastal_mainland_or_mixed,catalog_default_alpha2_rule,resolved_entry_only,3123,3123,313,282,46,274,0.10022414345180916,0.10022414345180916,0.09029779058597502,0.01472942683317323,0.0877361511367275,0.10022414345180916,moderate_candidate_dependency_proxy,1,1563,489,1.0,True,eligible,trace share with at least one feasible domestic or international inter-region submarine-corridor candidate; not actual cable use or traffic dependency
UY,coastal_mainland_or_mixed,catalog_default_alpha2_rule,all_publicly_visible,42,42,0,0,0,0,0.0,0.0,0.0,0.0,0.0,0.0,no_observed_inter_region_candidate_exposure,1,21,5,0.9523809523809523,True,eligible,trace share with at least one feasible domestic or international inter-region submarine-corridor candidate; not actual cable use or traffic dependency
UY,coastal_mainland_or_mixed,catalog_default_alpha2_rule,resolved_entry_only,40,40,0,0,0,0,0.0,0.0,0.0,0.0,0.0,0.0,no_observed_inter_region_candidate_exposure,1,20,4,1.0,True,eligible,trace share with at least one feasible domestic or international inter-region submarine-corridor candidate; not actual cable use or traffic dependency
UZ,landlocked,catalog_landlocked_list,all_publicly_visible,20,18,10,9,10,10,0.5,0.5555555555555556,0.45,0.5,0.5,0.5,very_high_candidate_dependency_proxy,1,10,8,0.9,False,insufficient_minimum_mappable_traces,trace share with at least one feasible domestic or international inter-region submarine-corridor candidate; not actual cable use or traffic dependency
UZ,landlocked,catalog_landlocked_list,resolved_entry_only,18,18,10,9,10,10,0.5555555555555556,0.5555555555555556,0.5,0.5555555555555556,0.5555555555555556,0.5555555555555556,very_high_candidate_dependency_proxy,1,9,8,1.0,False,"insufficient_minimum_mappable_traces,minimum_unique_probes",trace share with at least one feasible domestic or international inter-region submarine-corridor candidate; not actual cable use or traffic dependency
VA,landlocked,catalog_landlocked_list,all_publicly_visible,2,2,0,0,0,0,0.0,0.0,0.0,0.0,0.0,0.0,no_observed_inter_region_candidate_exposure,1,1,1,1.0,False,"insufficient_minimum_mappable_traces,minimum_unique_probes,minimum_unique_probe_asns",trace share with at least one feasible domestic or international inter-region submarine-corridor candidate; not actual cable use or traffic dependency
VA,landlocked,catalog_landlocked_list,resolved_entry_only,2,2,0,0,0,0,0.0,0.0,0.0,0.0,0.0,0.0,no_observed_inter_region_candidate_exposure,1,1,1,1.0,False,"insufficient_minimum_mappable_traces,minimum_unique_probes,minimum_unique_probe_asns",trace share with at least one feasible domestic or international inter-region submarine-corridor candidate; not actual cable use or traffic dependency
VE,coastal_mainland_or_mixed,catalog_default_alpha2_rule,all_publicly_visible,77,45,10,4,6,10,0.12987012987012986,0.2222222222222222,0.05194805194805195,0.07792207792207792,0.12987012987012986,0.12987012987012986,moderate_candidate_dependency_proxy,1,39,25,0.5584415584415584,True,eligible,trace share with at least one feasible domestic or international inter-region submarine-corridor candidate; not actual cable use or traffic dependency
VE,coastal_mainland_or_mixed,catalog_default_alpha2_rule,resolved_entry_only,43,43,10,4,6,10,0.23255813953488372,0.23255813953488372,0.09302325581395349,0.13953488372093023,0.23255813953488372,0.23255813953488372,high_candidate_dependency_proxy,1,22,15,1.0,True,eligible,trace share with at least one feasible domestic or international inter-region submarine-corridor candidate; not actual cable use or traffic dependency
VI,island_or_archipelagic,catalog_island_or_archipelagic_list,all_publicly_visible,6,6,4,0,4,4,0.6666666666666666,0.6666666666666666,0.0,0.6666666666666666,0.6666666666666666,0.6666666666666666,very_high_candidate_dependency_proxy,1,3,2,1.0,False,"insufficient_minimum_mappable_traces,minimum_unique_probes,minimum_unique_probe_asns",trace share with at least one feasible domestic or international inter-region submarine-corridor candidate; not actual cable use or traffic dependency
VI,island_or_archipelagic,catalog_island_or_archipelagic_list,resolved_entry_only,6,6,4,0,4,4,0.6666666666666666,0.6666666666666666,0.0,0.6666666666666666,0.6666666666666666,0.6666666666666666,very_high_candidate_dependency_proxy,1,3,2,1.0,False,"insufficient_minimum_mappable_traces,minimum_unique_probes,minimum_unique_probe_asns",trace share with at least one feasible domestic or international inter-region submarine-corridor candidate; not actual cable use or traffic dependency
VN,coastal_mainland_or_mixed,catalog_default_alpha2_rule,all_publicly_visible,56,55,0,0,0,0,0.0,0.0,0.0,0.0,0.0,0.0,no_observed_inter_region_candidate_exposure,1,28,16,0.9821428571428571,True,eligible,trace share with at least one feasible domestic or international inter-region submarine-corridor candidate; not actual cable use or traffic dependency
VN,coastal_mainland_or_mixed,catalog_default_alpha2_rule,resolved_entry_only,55,55,0,0,0,0,0.0,0.0,0.0,0.0,0.0,0.0,no_observed_inter_region_candidate_exposure,1,28,16,1.0,True,eligible,trace share with at least one feasible domestic or international inter-region submarine-corridor candidate; not actual cable use or traffic dependency
VU,island_or_archipelagic,catalog_island_or_archipelagic_list,all_publicly_visible,4,2,2,2,2,2,0.5,1.0,0.5,0.5,0.5,0.5,very_high_candidate_dependency_proxy,1,2,1,0.5,False,"insufficient_minimum_mappable_traces,minimum_unique_probes,minimum_unique_probe_asns",trace share with at least one feasible domestic or international inter-region submarine-corridor candidate; not actual cable use or traffic dependency
VU,island_or_archipelagic,catalog_island_or_archipelagic_list,resolved_entry_only,2,2,2,2,2,2,1.0,1.0,1.0,1.0,1.0,1.0,very_high_candidate_dependency_proxy,1,1,1,1.0,False,"insufficient_minimum_mappable_traces,minimum_unique_probes,minimum_unique_probe_asns",trace share with at least one feasible domestic or international inter-region submarine-corridor candidate; not actual cable use or traffic dependency
YE,coastal_mainland_or_mixed,catalog_default_alpha2_rule,all_publicly_visible,2,2,0,0,0,0,0.0,0.0,0.0,0.0,0.0,0.0,no_observed_inter_region_candidate_exposure,1,1,1,1.0,False,"insufficient_minimum_mappable_traces,minimum_unique_probes,minimum_unique_probe_asns",trace share with at least one feasible domestic or international inter-region submarine-corridor candidate; not actual cable use or traffic dependency
YE,coastal_mainland_or_mixed,catalog_default_alpha2_rule,resolved_entry_only,2,2,0,0,0,0,0.0,0.0,0.0,0.0,0.0,0.0,no_observed_inter_region_candidate_exposure,1,1,1,1.0,False,"insufficient_minimum_mappable_traces,minimum_unique_probes,minimum_unique_probe_asns",trace share with at least one feasible domestic or international inter-region submarine-corridor candidate; not actual cable use or traffic dependency
ZA,coastal_mainland_or_mixed,catalog_default_alpha2_rule,all_publicly_visible,270,222,44,2,42,2,0.16296296296296298,0.1981981981981982,0.007407407407407408,0.15555555555555556,0.007407407407407408,0.16296296296296298,high_candidate_dependency_proxy,1,134,71,0.8222222222222222,True,eligible,trace share with at least one feasible domestic or international inter-region submarine-corridor candidate; not actual cable use or traffic dependency
ZA,coastal_mainland_or_mixed,catalog_default_alpha2_rule,resolved_entry_only,222,222,44,2,42,2,0.1981981981981982,0.1981981981981982,0.009009009009009009,0.1891891891891892,0.009009009009009009,0.1981981981981982,high_candidate_dependency_proxy,1,110,61,1.0,True,eligible,trace share with at least one feasible domestic or international inter-region submarine-corridor candidate; not actual cable use or traffic dependency
ZM,landlocked,catalog_landlocked_list,all_publicly_visible,8,6,0,0,0,0,0.0,0.0,0.0,0.0,0.0,0.0,no_observed_inter_region_candidate_exposure,1,4,4,0.75,False,"insufficient_minimum_mappable_traces,minimum_unique_probes",trace share with at least one feasible domestic or international inter-region submarine-corridor candidate; not actual cable use or traffic dependency
ZM,landlocked,catalog_landlocked_list,resolved_entry_only,6,6,0,0,0,0,0.0,0.0,0.0,0.0,0.0,0.0,no_observed_inter_region_candidate_exposure,1,3,3,1.0,False,"insufficient_minimum_mappable_traces,minimum_unique_probes",trace share with at least one feasible domestic or international inter-region submarine-corridor candidate; not actual cable use or traffic dependency
ZW,landlocked,catalog_landlocked_list,all_publicly_visible,6,6,0,0,0,0,0.0,0.0,0.0,0.0,0.0,0.0,no_observed_inter_region_candidate_exposure,1,3,2,1.0,False,"insufficient_minimum_mappable_traces,minimum_unique_probes,minimum_unique_probe_asns",trace share with at least one feasible domestic or international inter-region submarine-corridor candidate; not actual cable use or traffic dependency
ZW,landlocked,catalog_landlocked_list,resolved_entry_only,6,6,0,0,0,0,0.0,0.0,0.0,0.0,0.0,0.0,no_observed_inter_region_candidate_exposure,1,3,2,1.0,False,"insufficient_minimum_mappable_traces,minimum_unique_probes,minimum_unique_probe_asns",trace share with at least one feasible domestic or international inter-region submarine-corridor candidate; not actual cable use or traffic dependency
