probe_country,service_id,path_scope_stratum,msm_id,file_name,total_mappable_segments,unique_network_transitions_observed,top1_network_transition_key,top1_network_transition_share,top2_network_transition_share,top3_network_transition_share,network_transition_entropy,network_transition_normalized_entropy,effective_network_transition_count,network_transition_concentration_tier,country_fallback_share,sufficient_network_transition_resolution,auditable_paper_case,observation_sufficiency_reason,failed_thresholds,unique_probes,unique_probe_asns,domestic_segment_share,international_segment_share
?,K-Root,all_publicly_visible,,,0.0,0.0,,,,,,,,unknown_network_transition_concentration,,False,False,insufficient_no_inter_region_projection_segments,"minimum_mappable_segments,minimum_unique_probes,minimum_unique_probe_asns,maximum_country_fallback_share",0.0,0.0,,
?,K-Root,resolved_entry_only,,,0.0,0.0,,,,,,,,unknown_network_transition_concentration,,False,False,insufficient_no_inter_region_projection_segments,"minimum_mappable_segments,minimum_unique_probes,minimum_unique_probe_asns,maximum_country_fallback_share",0.0,0.0,,
AD,K-Root,all_publicly_visible,5001,dns-root_k-root_msm5001_20260701T000000Z_010000Z.json,6.0,2.0,6939->6939,0.6666666666666666,1.0,1.0,0.6365141682948128,0.9182958340544894,1.8898815748423097,moderate_network_transition_concentration,0.3333333333333333,False,False,"insufficient_minimum_mappable_segments,minimum_unique_probes,minimum_unique_probe_asns,maximum_country_fallback_share","minimum_mappable_segments,minimum_unique_probes,minimum_unique_probe_asns,maximum_country_fallback_share",3.0,1.0,0.0,1.0
AD,K-Root,resolved_entry_only,5001,dns-root_k-root_msm5001_20260701T000000Z_010000Z.json,6.0,2.0,6939->6939,0.6666666666666666,1.0,1.0,0.6365141682948128,0.9182958340544894,1.8898815748423097,moderate_network_transition_concentration,0.3333333333333333,False,False,"insufficient_minimum_mappable_segments,minimum_unique_probes,minimum_unique_probe_asns,maximum_country_fallback_share","minimum_mappable_segments,minimum_unique_probes,minimum_unique_probe_asns,maximum_country_fallback_share",3.0,1.0,0.0,1.0
AE,K-Root,all_publicly_visible,5001,dns-root_k-root_msm5001_20260701T000000Z_010000Z.json,2.0,1.0,8966->8966,1.0,1.0,1.0,-0.0,0.0,1.0,severe_network_transition_concentration,0.0,True,False,"insufficient_minimum_mappable_segments,minimum_unique_probes,minimum_unique_probe_asns","minimum_mappable_segments,minimum_unique_probes,minimum_unique_probe_asns",1.0,1.0,1.0,0.0
AE,K-Root,resolved_entry_only,5001,dns-root_k-root_msm5001_20260701T000000Z_010000Z.json,2.0,1.0,8966->8966,1.0,1.0,1.0,-0.0,0.0,1.0,severe_network_transition_concentration,0.0,True,False,"insufficient_minimum_mappable_segments,minimum_unique_probes,minimum_unique_probe_asns","minimum_mappable_segments,minimum_unique_probes,minimum_unique_probe_asns",1.0,1.0,1.0,0.0
AF,K-Root,all_publicly_visible,,,0.0,0.0,,,,,,,,unknown_network_transition_concentration,,False,False,insufficient_no_inter_region_projection_segments,"minimum_mappable_segments,minimum_unique_probes,minimum_unique_probe_asns,maximum_country_fallback_share",0.0,0.0,,
AF,K-Root,resolved_entry_only,,,0.0,0.0,,,,,,,,unknown_network_transition_concentration,,False,False,insufficient_no_inter_region_projection_segments,"minimum_mappable_segments,minimum_unique_probes,minimum_unique_probe_asns,maximum_country_fallback_share",0.0,0.0,,
AL,K-Root,all_publicly_visible,5001,dns-root_k-root_msm5001_20260701T000000Z_010000Z.json,2.0,1.0,7578->7578,1.0,1.0,1.0,-0.0,0.0,1.0,severe_network_transition_concentration,0.0,True,False,"insufficient_minimum_mappable_segments,minimum_unique_probes,minimum_unique_probe_asns","minimum_mappable_segments,minimum_unique_probes,minimum_unique_probe_asns",1.0,1.0,1.0,0.0
AL,K-Root,resolved_entry_only,,,0.0,0.0,,,,,,,,unknown_network_transition_concentration,,False,False,insufficient_no_inter_region_projection_segments,"minimum_mappable_segments,minimum_unique_probes,minimum_unique_probe_asns,maximum_country_fallback_share",0.0,0.0,,
AM,K-Root,all_publicly_visible,,,0.0,0.0,,,,,,,,unknown_network_transition_concentration,,False,False,insufficient_no_inter_region_projection_segments,"minimum_mappable_segments,minimum_unique_probes,minimum_unique_probe_asns,maximum_country_fallback_share",0.0,0.0,,
AM,K-Root,resolved_entry_only,,,0.0,0.0,,,,,,,,unknown_network_transition_concentration,,False,False,insufficient_no_inter_region_projection_segments,"minimum_mappable_segments,minimum_unique_probes,minimum_unique_probe_asns,maximum_country_fallback_share",0.0,0.0,,
AO,K-Root,all_publicly_visible,,,0.0,0.0,,,,,,,,unknown_network_transition_concentration,,False,False,insufficient_no_inter_region_projection_segments,"minimum_mappable_segments,minimum_unique_probes,minimum_unique_probe_asns,maximum_country_fallback_share",0.0,0.0,,
AO,K-Root,resolved_entry_only,,,0.0,0.0,,,,,,,,unknown_network_transition_concentration,,False,False,insufficient_no_inter_region_projection_segments,"minimum_mappable_segments,minimum_unique_probes,minimum_unique_probe_asns,maximum_country_fallback_share",0.0,0.0,,
AR,K-Root,all_publicly_visible,,,0.0,0.0,,,,,,,,unknown_network_transition_concentration,,False,False,insufficient_no_inter_region_projection_segments,"minimum_mappable_segments,minimum_unique_probes,minimum_unique_probe_asns,maximum_country_fallback_share",0.0,0.0,,
AR,K-Root,resolved_entry_only,,,0.0,0.0,,,,,,,,unknown_network_transition_concentration,,False,False,insufficient_no_inter_region_projection_segments,"minimum_mappable_segments,minimum_unique_probes,minimum_unique_probe_asns,maximum_country_fallback_share",0.0,0.0,,
AT,K-Root,all_publicly_visible,,,0.0,0.0,,,,,,,,unknown_network_transition_concentration,,False,False,insufficient_no_inter_region_projection_segments,"minimum_mappable_segments,minimum_unique_probes,minimum_unique_probe_asns,maximum_country_fallback_share",0.0,0.0,,
AT,K-Root,resolved_entry_only,,,0.0,0.0,,,,,,,,unknown_network_transition_concentration,,False,False,insufficient_no_inter_region_projection_segments,"minimum_mappable_segments,minimum_unique_probes,minimum_unique_probe_asns,maximum_country_fallback_share",0.0,0.0,,
AU,K-Root,all_publicly_visible,5001,dns-root_k-root_msm5001_20260701T000000Z_010000Z.json,749.0,24.0,7578->7578,0.472630173564753,0.636849132176235,0.7276368491321763,1.9193679181423584,0.6039444328519189,6.816648427483699,broad_network_transition_distribution,0.18958611481975968,True,True,auditable,,161.0,61.0,0.6902536715620827,0.3097463284379172
AU,K-Root,resolved_entry_only,5001,dns-root_k-root_msm5001_20260701T000000Z_010000Z.json,748.0,24.0,7578->7578,0.47192513368983957,0.6363636363636364,0.7272727272727273,1.9209309929291982,0.604436266807629,6.827311690339064,broad_network_transition_distribution,0.18983957219251338,True,True,auditable,,160.0,60.0,0.6898395721925134,0.31016042780748665
AX,K-Root,all_publicly_visible,5001,dns-root_k-root_msm5001_20260701T000000Z_010000Z.json,4.0,2.0,7578->7578,0.5,1.0,1.0,0.6931471805599453,1.0,2.0,moderate_network_transition_concentration,0.0,True,False,"insufficient_minimum_mappable_segments,minimum_unique_probes,minimum_unique_probe_asns","minimum_mappable_segments,minimum_unique_probes,minimum_unique_probe_asns",2.0,2.0,0.5,0.5
AX,K-Root,resolved_entry_only,5001,dns-root_k-root_msm5001_20260701T000000Z_010000Z.json,4.0,2.0,7578->7578,0.5,1.0,1.0,0.6931471805599453,1.0,2.0,moderate_network_transition_concentration,0.0,True,False,"insufficient_minimum_mappable_segments,minimum_unique_probes,minimum_unique_probe_asns","minimum_mappable_segments,minimum_unique_probes,minimum_unique_probe_asns",2.0,2.0,0.5,0.5
AZ,K-Root,all_publicly_visible,,,0.0,0.0,,,,,,,,unknown_network_transition_concentration,,False,False,insufficient_no_inter_region_projection_segments,"minimum_mappable_segments,minimum_unique_probes,minimum_unique_probe_asns,maximum_country_fallback_share",0.0,0.0,,
AZ,K-Root,resolved_entry_only,,,0.0,0.0,,,,,,,,unknown_network_transition_concentration,,False,False,insufficient_no_inter_region_projection_segments,"minimum_mappable_segments,minimum_unique_probes,minimum_unique_probe_asns,maximum_country_fallback_share",0.0,0.0,,
BA,K-Root,all_publicly_visible,,,0.0,0.0,,,,,,,,unknown_network_transition_concentration,,False,False,insufficient_no_inter_region_projection_segments,"minimum_mappable_segments,minimum_unique_probes,minimum_unique_probe_asns,maximum_country_fallback_share",0.0,0.0,,
BA,K-Root,resolved_entry_only,,,0.0,0.0,,,,,,,,unknown_network_transition_concentration,,False,False,insufficient_no_inter_region_projection_segments,"minimum_mappable_segments,minimum_unique_probes,minimum_unique_probe_asns,maximum_country_fallback_share",0.0,0.0,,
BB,K-Root,all_publicly_visible,5001,dns-root_k-root_msm5001_20260701T000000Z_010000Z.json,2.0,1.0,23520->23520,1.0,1.0,1.0,-0.0,0.0,1.0,severe_network_transition_concentration,0.0,True,False,"insufficient_minimum_mappable_segments,minimum_unique_probes,minimum_unique_probe_asns","minimum_mappable_segments,minimum_unique_probes,minimum_unique_probe_asns",1.0,1.0,0.0,1.0
BB,K-Root,resolved_entry_only,5001,dns-root_k-root_msm5001_20260701T000000Z_010000Z.json,2.0,1.0,23520->23520,1.0,1.0,1.0,-0.0,0.0,1.0,severe_network_transition_concentration,0.0,True,False,"insufficient_minimum_mappable_segments,minimum_unique_probes,minimum_unique_probe_asns","minimum_mappable_segments,minimum_unique_probes,minimum_unique_probe_asns",1.0,1.0,0.0,1.0
BD,K-Root,all_publicly_visible,5001,dns-root_k-root_msm5001_20260701T000000Z_010000Z.json,12.0,5.0,COUNTRY_FALLBACK:SG->SG,0.3333333333333333,0.5,0.6666666666666666,1.5607104090414068,0.9697238998682475,4.7622031559046,broad_network_transition_distribution,0.6666666666666666,False,False,"insufficient_minimum_mappable_segments,minimum_unique_probes,maximum_country_fallback_share","minimum_mappable_segments,minimum_unique_probes,maximum_country_fallback_share",5.0,5.0,0.5,0.5
BD,K-Root,resolved_entry_only,5001,dns-root_k-root_msm5001_20260701T000000Z_010000Z.json,12.0,5.0,COUNTRY_FALLBACK:SG->SG,0.3333333333333333,0.5,0.6666666666666666,1.5607104090414068,0.9697238998682475,4.7622031559046,broad_network_transition_distribution,0.6666666666666666,False,False,"insufficient_minimum_mappable_segments,minimum_unique_probes,maximum_country_fallback_share","minimum_mappable_segments,minimum_unique_probes,maximum_country_fallback_share",5.0,5.0,0.5,0.5
BE,K-Root,all_publicly_visible,,,0.0,0.0,,,,,,,,unknown_network_transition_concentration,,False,False,insufficient_no_inter_region_projection_segments,"minimum_mappable_segments,minimum_unique_probes,minimum_unique_probe_asns,maximum_country_fallback_share",0.0,0.0,,
BE,K-Root,resolved_entry_only,,,0.0,0.0,,,,,,,,unknown_network_transition_concentration,,False,False,insufficient_no_inter_region_projection_segments,"minimum_mappable_segments,minimum_unique_probes,minimum_unique_probe_asns,maximum_country_fallback_share",0.0,0.0,,
BF,K-Root,all_publicly_visible,,,0.0,0.0,,,,,,,,unknown_network_transition_concentration,,False,False,insufficient_no_inter_region_projection_segments,"minimum_mappable_segments,minimum_unique_probes,minimum_unique_probe_asns,maximum_country_fallback_share",0.0,0.0,,
BF,K-Root,resolved_entry_only,,,0.0,0.0,,,,,,,,unknown_network_transition_concentration,,False,False,insufficient_no_inter_region_projection_segments,"minimum_mappable_segments,minimum_unique_probes,minimum_unique_probe_asns,maximum_country_fallback_share",0.0,0.0,,
BG,K-Root,all_publicly_visible,5001,dns-root_k-root_msm5001_20260701T000000Z_010000Z.json,2.0,1.0,7578->7578,1.0,1.0,1.0,-0.0,0.0,1.0,severe_network_transition_concentration,0.0,True,False,"insufficient_minimum_mappable_segments,minimum_unique_probes,minimum_unique_probe_asns","minimum_mappable_segments,minimum_unique_probes,minimum_unique_probe_asns",1.0,1.0,1.0,0.0
BG,K-Root,resolved_entry_only,5001,dns-root_k-root_msm5001_20260701T000000Z_010000Z.json,2.0,1.0,7578->7578,1.0,1.0,1.0,-0.0,0.0,1.0,severe_network_transition_concentration,0.0,True,False,"insufficient_minimum_mappable_segments,minimum_unique_probes,minimum_unique_probe_asns","minimum_mappable_segments,minimum_unique_probes,minimum_unique_probe_asns",1.0,1.0,1.0,0.0
BH,K-Root,all_publicly_visible,5001,dns-root_k-root_msm5001_20260701T000000Z_010000Z.json,6.0,1.0,5416->5416,1.0,1.0,1.0,-0.0,0.0,1.0,severe_network_transition_concentration,0.0,True,False,"insufficient_minimum_mappable_segments,minimum_unique_probes,minimum_unique_probe_asns","minimum_mappable_segments,minimum_unique_probes,minimum_unique_probe_asns",2.0,2.0,1.0,0.0
BH,K-Root,resolved_entry_only,5001,dns-root_k-root_msm5001_20260701T000000Z_010000Z.json,6.0,1.0,5416->5416,1.0,1.0,1.0,-0.0,0.0,1.0,severe_network_transition_concentration,0.0,True,False,"insufficient_minimum_mappable_segments,minimum_unique_probes,minimum_unique_probe_asns","minimum_mappable_segments,minimum_unique_probes,minimum_unique_probe_asns",2.0,2.0,1.0,0.0
BI,K-Root,all_publicly_visible,,,0.0,0.0,,,,,,,,unknown_network_transition_concentration,,False,False,insufficient_no_inter_region_projection_segments,"minimum_mappable_segments,minimum_unique_probes,minimum_unique_probe_asns,maximum_country_fallback_share",0.0,0.0,,
BI,K-Root,resolved_entry_only,,,0.0,0.0,,,,,,,,unknown_network_transition_concentration,,False,False,insufficient_no_inter_region_projection_segments,"minimum_mappable_segments,minimum_unique_probes,minimum_unique_probe_asns,maximum_country_fallback_share",0.0,0.0,,
BJ,K-Root,all_publicly_visible,5001,dns-root_k-root_msm5001_20260701T000000Z_010000Z.json,8.0,2.0,28683->174,0.75,1.0,1.0,0.5623351446188083,0.8112781244591328,1.7547653506033232,moderate_network_transition_concentration,0.25,True,False,"insufficient_minimum_mappable_segments,minimum_unique_probes,minimum_unique_probe_asns","minimum_mappable_segments,minimum_unique_probes,minimum_unique_probe_asns",4.0,2.0,0.0,1.0
BJ,K-Root,resolved_entry_only,5001,dns-root_k-root_msm5001_20260701T000000Z_010000Z.json,8.0,2.0,28683->174,0.75,1.0,1.0,0.5623351446188083,0.8112781244591328,1.7547653506033232,moderate_network_transition_concentration,0.25,True,False,"insufficient_minimum_mappable_segments,minimum_unique_probes,minimum_unique_probe_asns","minimum_mappable_segments,minimum_unique_probes,minimum_unique_probe_asns",4.0,2.0,0.0,1.0
BL,K-Root,all_publicly_visible,,,0.0,0.0,,,,,,,,unknown_network_transition_concentration,,False,False,insufficient_no_inter_region_projection_segments,"minimum_mappable_segments,minimum_unique_probes,minimum_unique_probe_asns,maximum_country_fallback_share",0.0,0.0,,
BL,K-Root,resolved_entry_only,,,0.0,0.0,,,,,,,,unknown_network_transition_concentration,,False,False,insufficient_no_inter_region_projection_segments,"minimum_mappable_segments,minimum_unique_probes,minimum_unique_probe_asns,maximum_country_fallback_share",0.0,0.0,,
BO,K-Root,all_publicly_visible,5001,dns-root_k-root_msm5001_20260701T000000Z_010000Z.json,2.0,1.0,7578->7578,1.0,1.0,1.0,-0.0,0.0,1.0,severe_network_transition_concentration,0.0,True,False,"insufficient_minimum_mappable_segments,minimum_unique_probes,minimum_unique_probe_asns","minimum_mappable_segments,minimum_unique_probes,minimum_unique_probe_asns",1.0,1.0,1.0,0.0
BO,K-Root,resolved_entry_only,5001,dns-root_k-root_msm5001_20260701T000000Z_010000Z.json,2.0,1.0,7578->7578,1.0,1.0,1.0,-0.0,0.0,1.0,severe_network_transition_concentration,0.0,True,False,"insufficient_minimum_mappable_segments,minimum_unique_probes,minimum_unique_probe_asns","minimum_mappable_segments,minimum_unique_probes,minimum_unique_probe_asns",1.0,1.0,1.0,0.0
BR,K-Root,all_publicly_visible,5001,dns-root_k-root_msm5001_20260701T000000Z_010000Z.json,15.0,4.0,COUNTRY_FALLBACK:BR->US,0.4,0.6000000000000001,0.8,1.3321790402101223,0.9609640474436812,3.7892914162759954,weak_network_transition_concentration,0.6,False,False,"insufficient_minimum_mappable_segments,minimum_unique_probes,maximum_country_fallback_share","minimum_mappable_segments,minimum_unique_probes,maximum_country_fallback_share",8.0,7.0,0.6,0.4
BR,K-Root,resolved_entry_only,5001,dns-root_k-root_msm5001_20260701T000000Z_010000Z.json,15.0,4.0,COUNTRY_FALLBACK:BR->US,0.4,0.6000000000000001,0.8,1.3321790402101223,0.9609640474436812,3.7892914162759954,weak_network_transition_concentration,0.6,False,False,"insufficient_minimum_mappable_segments,minimum_unique_probes,maximum_country_fallback_share","minimum_mappable_segments,minimum_unique_probes,maximum_country_fallback_share",8.0,7.0,0.6,0.4
BT,K-Root,all_publicly_visible,,,0.0,0.0,,,,,,,,unknown_network_transition_concentration,,False,False,insufficient_no_inter_region_projection_segments,"minimum_mappable_segments,minimum_unique_probes,minimum_unique_probe_asns,maximum_country_fallback_share",0.0,0.0,,
BT,K-Root,resolved_entry_only,,,0.0,0.0,,,,,,,,unknown_network_transition_concentration,,False,False,insufficient_no_inter_region_projection_segments,"minimum_mappable_segments,minimum_unique_probes,minimum_unique_probe_asns,maximum_country_fallback_share",0.0,0.0,,
BW,K-Root,all_publicly_visible,,,0.0,0.0,,,,,,,,unknown_network_transition_concentration,,False,False,insufficient_no_inter_region_projection_segments,"minimum_mappable_segments,minimum_unique_probes,minimum_unique_probe_asns,maximum_country_fallback_share",0.0,0.0,,
BW,K-Root,resolved_entry_only,,,0.0,0.0,,,,,,,,unknown_network_transition_concentration,,False,False,insufficient_no_inter_region_projection_segments,"minimum_mappable_segments,minimum_unique_probes,minimum_unique_probe_asns,maximum_country_fallback_share",0.0,0.0,,
BY,K-Root,all_publicly_visible,,,0.0,0.0,,,,,,,,unknown_network_transition_concentration,,False,False,insufficient_no_inter_region_projection_segments,"minimum_mappable_segments,minimum_unique_probes,minimum_unique_probe_asns,maximum_country_fallback_share",0.0,0.0,,
BY,K-Root,resolved_entry_only,,,0.0,0.0,,,,,,,,unknown_network_transition_concentration,,False,False,insufficient_no_inter_region_projection_segments,"minimum_mappable_segments,minimum_unique_probes,minimum_unique_probe_asns,maximum_country_fallback_share",0.0,0.0,,
CA,K-Root,all_publicly_visible,5001,dns-root_k-root_msm5001_20260701T000000Z_010000Z.json,427.0,22.0,6327->6327,0.22482435597189696,0.3559718969555035,0.4847775175644028,2.3413265103332725,0.7574553069594687,10.395016517910289,broad_network_transition_distribution,0.15456674473067916,True,True,auditable,,81.0,19.0,0.8805620608899297,0.11943793911007025
CA,K-Root,resolved_entry_only,5001,dns-root_k-root_msm5001_20260701T000000Z_010000Z.json,427.0,22.0,6327->6327,0.22482435597189696,0.3559718969555035,0.4847775175644028,2.3413265103332725,0.7574553069594687,10.395016517910289,broad_network_transition_distribution,0.15456674473067916,True,True,auditable,,81.0,19.0,0.8805620608899297,0.11943793911007025
CD,K-Root,all_publicly_visible,5001,dns-root_k-root_msm5001_20260701T000000Z_010000Z.json,1.0,1.0,30844->30844,1.0,1.0,1.0,-0.0,0.0,1.0,severe_network_transition_concentration,0.0,True,False,"insufficient_minimum_mappable_segments,minimum_unique_probes,minimum_unique_probe_asns","minimum_mappable_segments,minimum_unique_probes,minimum_unique_probe_asns",1.0,1.0,0.0,1.0
CD,K-Root,resolved_entry_only,5001,dns-root_k-root_msm5001_20260701T000000Z_010000Z.json,1.0,1.0,30844->30844,1.0,1.0,1.0,-0.0,0.0,1.0,severe_network_transition_concentration,0.0,True,False,"insufficient_minimum_mappable_segments,minimum_unique_probes,minimum_unique_probe_asns","minimum_mappable_segments,minimum_unique_probes,minimum_unique_probe_asns",1.0,1.0,0.0,1.0
CG,K-Root,all_publicly_visible,,,0.0,0.0,,,,,,,,unknown_network_transition_concentration,,False,False,insufficient_no_inter_region_projection_segments,"minimum_mappable_segments,minimum_unique_probes,minimum_unique_probe_asns,maximum_country_fallback_share",0.0,0.0,,
CG,K-Root,resolved_entry_only,,,0.0,0.0,,,,,,,,unknown_network_transition_concentration,,False,False,insufficient_no_inter_region_projection_segments,"minimum_mappable_segments,minimum_unique_probes,minimum_unique_probe_asns,maximum_country_fallback_share",0.0,0.0,,
CH,K-Root,all_publicly_visible,,,0.0,0.0,,,,,,,,unknown_network_transition_concentration,,False,False,insufficient_no_inter_region_projection_segments,"minimum_mappable_segments,minimum_unique_probes,minimum_unique_probe_asns,maximum_country_fallback_share",0.0,0.0,,
CH,K-Root,resolved_entry_only,,,0.0,0.0,,,,,,,,unknown_network_transition_concentration,,False,False,insufficient_no_inter_region_projection_segments,"minimum_mappable_segments,minimum_unique_probes,minimum_unique_probe_asns,maximum_country_fallback_share",0.0,0.0,,
CI,K-Root,all_publicly_visible,,,0.0,0.0,,,,,,,,unknown_network_transition_concentration,,False,False,insufficient_no_inter_region_projection_segments,"minimum_mappable_segments,minimum_unique_probes,minimum_unique_probe_asns,maximum_country_fallback_share",0.0,0.0,,
CI,K-Root,resolved_entry_only,,,0.0,0.0,,,,,,,,unknown_network_transition_concentration,,False,False,insufficient_no_inter_region_projection_segments,"minimum_mappable_segments,minimum_unique_probes,minimum_unique_probe_asns,maximum_country_fallback_share",0.0,0.0,,
CK,K-Root,all_publicly_visible,5001,dns-root_k-root_msm5001_20260701T000000Z_010000Z.json,2.0,1.0,COUNTRY_FALLBACK:AU->NZ,1.0,1.0,1.0,-0.0,0.0,1.0,severe_network_transition_concentration,1.0,False,False,"insufficient_minimum_mappable_segments,minimum_unique_probes,minimum_unique_probe_asns,maximum_country_fallback_share","minimum_mappable_segments,minimum_unique_probes,minimum_unique_probe_asns,maximum_country_fallback_share",1.0,1.0,0.0,1.0
CK,K-Root,resolved_entry_only,5001,dns-root_k-root_msm5001_20260701T000000Z_010000Z.json,2.0,1.0,COUNTRY_FALLBACK:AU->NZ,1.0,1.0,1.0,-0.0,0.0,1.0,severe_network_transition_concentration,1.0,False,False,"insufficient_minimum_mappable_segments,minimum_unique_probes,minimum_unique_probe_asns,maximum_country_fallback_share","minimum_mappable_segments,minimum_unique_probes,minimum_unique_probe_asns,maximum_country_fallback_share",1.0,1.0,0.0,1.0
CL,K-Root,all_publicly_visible,,,0.0,0.0,,,,,,,,unknown_network_transition_concentration,,False,False,insufficient_no_inter_region_projection_segments,"minimum_mappable_segments,minimum_unique_probes,minimum_unique_probe_asns,maximum_country_fallback_share",0.0,0.0,,
CL,K-Root,resolved_entry_only,,,0.0,0.0,,,,,,,,unknown_network_transition_concentration,,False,False,insufficient_no_inter_region_projection_segments,"minimum_mappable_segments,minimum_unique_probes,minimum_unique_probe_asns,maximum_country_fallback_share",0.0,0.0,,
CM,K-Root,all_publicly_visible,5001,dns-root_k-root_msm5001_20260701T000000Z_010000Z.json,4.0,2.0,COUNTRY_FALLBACK:NG->GH,0.5,1.0,1.0,0.6931471805599453,1.0,2.0,moderate_network_transition_concentration,0.5,False,False,"insufficient_minimum_mappable_segments,minimum_unique_probes,minimum_unique_probe_asns,maximum_country_fallback_share","minimum_mappable_segments,minimum_unique_probes,minimum_unique_probe_asns,maximum_country_fallback_share",2.0,2.0,0.0,1.0
CM,K-Root,resolved_entry_only,5001,dns-root_k-root_msm5001_20260701T000000Z_010000Z.json,4.0,2.0,COUNTRY_FALLBACK:NG->GH,0.5,1.0,1.0,0.6931471805599453,1.0,2.0,moderate_network_transition_concentration,0.5,False,False,"insufficient_minimum_mappable_segments,minimum_unique_probes,minimum_unique_probe_asns,maximum_country_fallback_share","minimum_mappable_segments,minimum_unique_probes,minimum_unique_probe_asns,maximum_country_fallback_share",2.0,2.0,0.0,1.0
CN,K-Root,all_publicly_visible,5001,dns-root_k-root_msm5001_20260701T000000Z_010000Z.json,150.0,12.0,58453->58453,0.24,0.42666666666666664,0.6133333333333333,1.9077453219474287,0.7677331951726186,6.737879909447342,broad_network_transition_distribution,0.05333333333333334,True,True,auditable,,18.0,10.0,0.5133333333333333,0.4866666666666667
CN,K-Root,resolved_entry_only,5001,dns-root_k-root_msm5001_20260701T000000Z_010000Z.json,143.0,9.0,58453->58453,0.2517482517482518,0.4475524475524476,0.6433566433566433,1.7565367700030923,0.7994343355346087,5.792342403735255,broad_network_transition_distribution,0.02097902097902098,True,True,auditable,,17.0,9.0,0.4965034965034965,0.5034965034965035
CO,K-Root,all_publicly_visible,5001,dns-root_k-root_msm5001_20260701T000000Z_010000Z.json,28.0,5.0,52320->52320,0.35714285714285715,0.5714285714285714,0.7857142857142857,1.5065388568649976,0.9360652220417257,4.511090213859215,broad_network_transition_distribution,0.0,True,False,insufficient_minimum_mappable_segments,minimum_mappable_segments,12.0,8.0,0.0,1.0
CO,K-Root,resolved_entry_only,5001,dns-root_k-root_msm5001_20260701T000000Z_010000Z.json,27.0,5.0,52320->52320,0.37037037037037035,0.5925925925925926,0.7777777777777777,1.5026786793566274,0.933666758902174,4.493710171483404,broad_network_transition_distribution,0.0,True,False,insufficient_minimum_mappable_segments,minimum_mappable_segments,12.0,8.0,0.0,1.0
CR,K-Root,all_publicly_visible,,,0.0,0.0,,,,,,,,unknown_network_transition_concentration,,False,False,insufficient_no_inter_region_projection_segments,"minimum_mappable_segments,minimum_unique_probes,minimum_unique_probe_asns,maximum_country_fallback_share",0.0,0.0,,
CR,K-Root,resolved_entry_only,,,0.0,0.0,,,,,,,,unknown_network_transition_concentration,,False,False,insufficient_no_inter_region_projection_segments,"minimum_mappable_segments,minimum_unique_probes,minimum_unique_probe_asns,maximum_country_fallback_share",0.0,0.0,,
CU,K-Root,all_publicly_visible,5001,dns-root_k-root_msm5001_20260701T000000Z_010000Z.json,1.0,1.0,23520->23520,1.0,1.0,1.0,-0.0,0.0,1.0,severe_network_transition_concentration,0.0,True,False,"insufficient_minimum_mappable_segments,minimum_unique_probes,minimum_unique_probe_asns","minimum_mappable_segments,minimum_unique_probes,minimum_unique_probe_asns",1.0,1.0,0.0,1.0
CU,K-Root,resolved_entry_only,5001,dns-root_k-root_msm5001_20260701T000000Z_010000Z.json,1.0,1.0,23520->23520,1.0,1.0,1.0,-0.0,0.0,1.0,severe_network_transition_concentration,0.0,True,False,"insufficient_minimum_mappable_segments,minimum_unique_probes,minimum_unique_probe_asns","minimum_mappable_segments,minimum_unique_probes,minimum_unique_probe_asns",1.0,1.0,0.0,1.0
CV,K-Root,all_publicly_visible,5001,dns-root_k-root_msm5001_20260701T000000Z_010000Z.json,14.0,3.0,COUNTRY_FALLBACK:PT->PT,0.42857142857142855,0.8571428571428571,1.0,1.0042424730540764,0.914100892018565,2.729838563103603,moderate_network_transition_concentration,0.5714285714285714,False,False,"insufficient_minimum_mappable_segments,minimum_unique_probes,minimum_unique_probe_asns,maximum_country_fallback_share","minimum_mappable_segments,minimum_unique_probes,minimum_unique_probe_asns,maximum_country_fallback_share",3.0,2.0,0.8571428571428571,0.14285714285714285
CV,K-Root,resolved_entry_only,5001,dns-root_k-root_msm5001_20260701T000000Z_010000Z.json,14.0,3.0,COUNTRY_FALLBACK:PT->PT,0.42857142857142855,0.8571428571428571,1.0,1.0042424730540764,0.914100892018565,2.729838563103603,moderate_network_transition_concentration,0.5714285714285714,False,False,"insufficient_minimum_mappable_segments,minimum_unique_probes,minimum_unique_probe_asns,maximum_country_fallback_share","minimum_mappable_segments,minimum_unique_probes,minimum_unique_probe_asns,maximum_country_fallback_share",3.0,2.0,0.8571428571428571,0.14285714285714285
CW,K-Root,all_publicly_visible,5001,dns-root_k-root_msm5001_20260701T000000Z_010000Z.json,4.0,3.0,23520->23520,0.5,0.75,1.0,1.0397207708399179,0.946394630357186,2.82842712474619,weak_network_transition_concentration,0.0,True,False,"insufficient_minimum_mappable_segments,minimum_unique_probes,minimum_unique_probe_asns","minimum_mappable_segments,minimum_unique_probes,minimum_unique_probe_asns",2.0,2.0,0.0,1.0
CW,K-Root,resolved_entry_only,5001,dns-root_k-root_msm5001_20260701T000000Z_010000Z.json,4.0,3.0,23520->23520,0.5,0.75,1.0,1.0397207708399179,0.946394630357186,2.82842712474619,weak_network_transition_concentration,0.0,True,False,"insufficient_minimum_mappable_segments,minimum_unique_probes,minimum_unique_probe_asns","minimum_mappable_segments,minimum_unique_probes,minimum_unique_probe_asns",2.0,2.0,0.0,1.0
CY,K-Root,all_publicly_visible,5001,dns-root_k-root_msm5001_20260701T000000Z_010000Z.json,8.0,2.0,35432->35432,0.5,1.0,1.0,0.6931471805599453,1.0,2.0,moderate_network_transition_concentration,0.0,True,False,"insufficient_minimum_mappable_segments,minimum_unique_probes,minimum_unique_probe_asns","minimum_mappable_segments,minimum_unique_probes,minimum_unique_probe_asns",5.0,2.0,0.0,1.0
CY,K-Root,resolved_entry_only,5001,dns-root_k-root_msm5001_20260701T000000Z_010000Z.json,8.0,2.0,35432->35432,0.5,1.0,1.0,0.6931471805599453,1.0,2.0,moderate_network_transition_concentration,0.0,True,False,"insufficient_minimum_mappable_segments,minimum_unique_probes,minimum_unique_probe_asns","minimum_mappable_segments,minimum_unique_probes,minimum_unique_probe_asns",5.0,2.0,0.0,1.0
CZ,K-Root,all_publicly_visible,,,0.0,0.0,,,,,,,,unknown_network_transition_concentration,,False,False,insufficient_no_inter_region_projection_segments,"minimum_mappable_segments,minimum_unique_probes,minimum_unique_probe_asns,maximum_country_fallback_share",0.0,0.0,,
CZ,K-Root,resolved_entry_only,,,0.0,0.0,,,,,,,,unknown_network_transition_concentration,,False,False,insufficient_no_inter_region_projection_segments,"minimum_mappable_segments,minimum_unique_probes,minimum_unique_probe_asns,maximum_country_fallback_share",0.0,0.0,,
DE,K-Root,all_publicly_visible,5001,dns-root_k-root_msm5001_20260701T000000Z_010000Z.json,38.0,3.0,COUNTRY_FALLBACK:AE->DJ,0.5789473684210527,0.7894736842105263,1.0,0.9724809323379562,0.8851902917606469,2.644497146094318,weak_network_transition_concentration,0.5789473684210527,False,False,insufficient_maximum_country_fallback_share,maximum_country_fallback_share,15.0,4.0,0.0,1.0
DE,K-Root,resolved_entry_only,5001,dns-root_k-root_msm5001_20260701T000000Z_010000Z.json,22.0,1.0,COUNTRY_FALLBACK:AE->DJ,1.0,1.0,1.0,-0.0,0.0,1.0,severe_network_transition_concentration,1.0,False,False,"insufficient_minimum_mappable_segments,maximum_country_fallback_share","minimum_mappable_segments,maximum_country_fallback_share",11.0,3.0,0.0,1.0
DJ,K-Root,all_publicly_visible,5001,dns-root_k-root_msm5001_20260701T000000Z_010000Z.json,4.0,1.0,COUNTRY_FALLBACK:DJ->FR,1.0,1.0,1.0,-0.0,0.0,1.0,severe_network_transition_concentration,1.0,False,False,"insufficient_minimum_mappable_segments,minimum_unique_probes,minimum_unique_probe_asns,maximum_country_fallback_share","minimum_mappable_segments,minimum_unique_probes,minimum_unique_probe_asns,maximum_country_fallback_share",2.0,2.0,0.0,1.0
DJ,K-Root,resolved_entry_only,5001,dns-root_k-root_msm5001_20260701T000000Z_010000Z.json,4.0,1.0,COUNTRY_FALLBACK:DJ->FR,1.0,1.0,1.0,-0.0,0.0,1.0,severe_network_transition_concentration,1.0,False,False,"insufficient_minimum_mappable_segments,minimum_unique_probes,minimum_unique_probe_asns,maximum_country_fallback_share","minimum_mappable_segments,minimum_unique_probes,minimum_unique_probe_asns,maximum_country_fallback_share",2.0,2.0,0.0,1.0
DK,K-Root,all_publicly_visible,5001,dns-root_k-root_msm5001_20260701T000000Z_010000Z.json,350.0,32.0,3292->3292,0.17142857142857143,0.33999999999999997,0.46571428571428575,2.7939397007751228,0.8061605901702128,16.345288665038808,broad_network_transition_distribution,0.07428571428571429,True,True,auditable,,77.0,28.0,0.9485714285714286,0.05142857142857143
DK,K-Root,resolved_entry_only,5001,dns-root_k-root_msm5001_20260701T000000Z_010000Z.json,350.0,32.0,3292->3292,0.17142857142857143,0.33999999999999997,0.46571428571428575,2.7939397007751228,0.8061605901702128,16.345288665038808,broad_network_transition_distribution,0.07428571428571429,True,True,auditable,,77.0,28.0,0.9485714285714286,0.05142857142857143
DO,K-Root,all_publicly_visible,5001,dns-root_k-root_msm5001_20260701T000000Z_010000Z.json,8.0,3.0,COUNTRY_FALLBACK:DO->US,0.75,0.875,1.0,0.7356219397587946,0.6695919455357792,2.0867794400977164,moderate_network_transition_concentration,0.75,False,False,"insufficient_minimum_mappable_segments,minimum_unique_probes,maximum_country_fallback_share","minimum_mappable_segments,minimum_unique_probes,maximum_country_fallback_share",5.0,5.0,0.0,1.0
DO,K-Root,resolved_entry_only,5001,dns-root_k-root_msm5001_20260701T000000Z_010000Z.json,8.0,3.0,COUNTRY_FALLBACK:DO->US,0.75,0.875,1.0,0.7356219397587946,0.6695919455357792,2.0867794400977164,moderate_network_transition_concentration,0.75,False,False,"insufficient_minimum_mappable_segments,minimum_unique_probes,maximum_country_fallback_share","minimum_mappable_segments,minimum_unique_probes,maximum_country_fallback_share",5.0,5.0,0.0,1.0
DZ,K-Root,all_publicly_visible,,,0.0,0.0,,,,,,,,unknown_network_transition_concentration,,False,False,insufficient_no_inter_region_projection_segments,"minimum_mappable_segments,minimum_unique_probes,minimum_unique_probe_asns,maximum_country_fallback_share",0.0,0.0,,
DZ,K-Root,resolved_entry_only,,,0.0,0.0,,,,,,,,unknown_network_transition_concentration,,False,False,insufficient_no_inter_region_projection_segments,"minimum_mappable_segments,minimum_unique_probes,minimum_unique_probe_asns,maximum_country_fallback_share",0.0,0.0,,
EC,K-Root,all_publicly_visible,5001,dns-root_k-root_msm5001_20260701T000000Z_010000Z.json,18.0,4.0,12956->12956,0.4444444444444444,0.8888888888888888,0.9444444444444444,1.0419792764029772,0.7516291673878228,2.8348223622634645,moderate_network_transition_concentration,0.0,True,False,insufficient_minimum_mappable_segments,minimum_mappable_segments,11.0,9.0,0.4444444444444444,0.5555555555555556
EC,K-Root,resolved_entry_only,5001,dns-root_k-root_msm5001_20260701T000000Z_010000Z.json,18.0,4.0,12956->12956,0.4444444444444444,0.8888888888888888,0.9444444444444444,1.0419792764029772,0.7516291673878228,2.8348223622634645,moderate_network_transition_concentration,0.0,True,False,insufficient_minimum_mappable_segments,minimum_mappable_segments,11.0,9.0,0.4444444444444444,0.5555555555555556
EE,K-Root,all_publicly_visible,5001,dns-root_k-root_msm5001_20260701T000000Z_010000Z.json,17.0,2.0,3327->3327,0.5882352941176471,1.0,1.0,0.6774944044487072,0.9774178175281716,1.9689381838052655,moderate_network_transition_concentration,0.0,True,False,"insufficient_minimum_mappable_segments,minimum_unique_probes","minimum_mappable_segments,minimum_unique_probes",9.0,5.0,0.0,1.0
EE,K-Root,resolved_entry_only,5001,dns-root_k-root_msm5001_20260701T000000Z_010000Z.json,17.0,2.0,3327->3327,0.5882352941176471,1.0,1.0,0.6774944044487072,0.9774178175281716,1.9689381838052655,moderate_network_transition_concentration,0.0,True,False,"insufficient_minimum_mappable_segments,minimum_unique_probes","minimum_mappable_segments,minimum_unique_probes",9.0,5.0,0.0,1.0
EG,K-Root,all_publicly_visible,,,0.0,0.0,,,,,,,,unknown_network_transition_concentration,,False,False,insufficient_no_inter_region_projection_segments,"minimum_mappable_segments,minimum_unique_probes,minimum_unique_probe_asns,maximum_country_fallback_share",0.0,0.0,,
EG,K-Root,resolved_entry_only,,,0.0,0.0,,,,,,,,unknown_network_transition_concentration,,False,False,insufficient_no_inter_region_projection_segments,"minimum_mappable_segments,minimum_unique_probes,minimum_unique_probe_asns,maximum_country_fallback_share",0.0,0.0,,
ES,K-Root,all_publicly_visible,5001,dns-root_k-root_msm5001_20260701T000000Z_010000Z.json,31.0,8.0,3352->3352,0.25806451612903225,0.4838709677419355,0.6129032258064516,1.8766088150856475,0.9024580770708592,6.53131835590138,broad_network_transition_distribution,0.0,True,True,auditable,,17.0,7.0,0.7096774193548387,0.2903225806451613
ES,K-Root,resolved_entry_only,5001,dns-root_k-root_msm5001_20260701T000000Z_010000Z.json,31.0,8.0,3352->3352,0.25806451612903225,0.4838709677419355,0.6129032258064516,1.8766088150856475,0.9024580770708592,6.53131835590138,broad_network_transition_distribution,0.0,True,True,auditable,,17.0,7.0,0.7096774193548387,0.2903225806451613
ET,K-Root,all_publicly_visible,,,0.0,0.0,,,,,,,,unknown_network_transition_concentration,,False,False,insufficient_no_inter_region_projection_segments,"minimum_mappable_segments,minimum_unique_probes,minimum_unique_probe_asns,maximum_country_fallback_share",0.0,0.0,,
ET,K-Root,resolved_entry_only,,,0.0,0.0,,,,,,,,unknown_network_transition_concentration,,False,False,insufficient_no_inter_region_projection_segments,"minimum_mappable_segments,minimum_unique_probes,minimum_unique_probe_asns,maximum_country_fallback_share",0.0,0.0,,
FI,K-Root,all_publicly_visible,5001,dns-root_k-root_msm5001_20260701T000000Z_010000Z.json,157.0,11.0,6667->6667,0.34394904458598724,0.6114649681528662,0.7197452229299363,1.8707616134649772,0.7801681894479809,6.493239855451604,broad_network_transition_distribution,0.05732484076433121,True,True,auditable,,73.0,23.0,0.445859872611465,0.554140127388535
FI,K-Root,resolved_entry_only,5001,dns-root_k-root_msm5001_20260701T000000Z_010000Z.json,157.0,11.0,6667->6667,0.34394904458598724,0.6114649681528662,0.7197452229299363,1.8707616134649772,0.7801681894479809,6.493239855451604,broad_network_transition_distribution,0.05732484076433121,True,True,auditable,,73.0,23.0,0.445859872611465,0.554140127388535
FJ,K-Root,all_publicly_visible,,,0.0,0.0,,,,,,,,unknown_network_transition_concentration,,False,False,insufficient_no_inter_region_projection_segments,"minimum_mappable_segments,minimum_unique_probes,minimum_unique_probe_asns,maximum_country_fallback_share",0.0,0.0,,
FJ,K-Root,resolved_entry_only,,,0.0,0.0,,,,,,,,unknown_network_transition_concentration,,False,False,insufficient_no_inter_region_projection_segments,"minimum_mappable_segments,minimum_unique_probes,minimum_unique_probe_asns,maximum_country_fallback_share",0.0,0.0,,
FM,K-Root,all_publicly_visible,,,0.0,0.0,,,,,,,,unknown_network_transition_concentration,,False,False,insufficient_no_inter_region_projection_segments,"minimum_mappable_segments,minimum_unique_probes,minimum_unique_probe_asns,maximum_country_fallback_share",0.0,0.0,,
FM,K-Root,resolved_entry_only,,,0.0,0.0,,,,,,,,unknown_network_transition_concentration,,False,False,insufficient_no_inter_region_projection_segments,"minimum_mappable_segments,minimum_unique_probes,minimum_unique_probe_asns,maximum_country_fallback_share",0.0,0.0,,
FR,K-Root,all_publicly_visible,5001,dns-root_k-root_msm5001_20260701T000000Z_010000Z.json,41.0,4.0,7578->7578,0.5121951219512195,0.7073170731707317,0.9024390243902439,1.2074449129592146,0.8709873940364325,3.344927144616252,weak_network_transition_concentration,0.0,True,True,auditable,,19.0,14.0,0.9024390243902439,0.0975609756097561
FR,K-Root,resolved_entry_only,5001,dns-root_k-root_msm5001_20260701T000000Z_010000Z.json,41.0,4.0,7578->7578,0.5121951219512195,0.7073170731707317,0.9024390243902439,1.2074449129592146,0.8709873940364325,3.344927144616252,weak_network_transition_concentration,0.0,True,True,auditable,,19.0,14.0,0.9024390243902439,0.0975609756097561
GB,K-Root,all_publicly_visible,5001,dns-root_k-root_msm5001_20260701T000000Z_010000Z.json,19.0,2.0,7578->7578,0.8947368421052632,1.0,1.0,0.336495757583516,0.4854607607459134,1.4000329297344922,severe_network_transition_concentration,0.0,True,False,insufficient_minimum_mappable_segments,minimum_mappable_segments,11.0,4.0,0.9473684210526315,0.05263157894736842
GB,K-Root,resolved_entry_only,5001,dns-root_k-root_msm5001_20260701T000000Z_010000Z.json,19.0,2.0,7578->7578,0.8947368421052632,1.0,1.0,0.336495757583516,0.4854607607459134,1.4000329297344922,severe_network_transition_concentration,0.0,True,False,insufficient_minimum_mappable_segments,minimum_mappable_segments,11.0,4.0,0.9473684210526315,0.05263157894736842
GE,K-Root,all_publicly_visible,,,0.0,0.0,,,,,,,,unknown_network_transition_concentration,,False,False,insufficient_no_inter_region_projection_segments,"minimum_mappable_segments,minimum_unique_probes,minimum_unique_probe_asns,maximum_country_fallback_share",0.0,0.0,,
GE,K-Root,resolved_entry_only,,,0.0,0.0,,,,,,,,unknown_network_transition_concentration,,False,False,insufficient_no_inter_region_projection_segments,"minimum_mappable_segments,minimum_unique_probes,minimum_unique_probe_asns,maximum_country_fallback_share",0.0,0.0,,
GF,K-Root,all_publicly_visible,,,0.0,0.0,,,,,,,,unknown_network_transition_concentration,,False,False,insufficient_no_inter_region_projection_segments,"minimum_mappable_segments,minimum_unique_probes,minimum_unique_probe_asns,maximum_country_fallback_share",0.0,0.0,,
GF,K-Root,resolved_entry_only,,,0.0,0.0,,,,,,,,unknown_network_transition_concentration,,False,False,insufficient_no_inter_region_projection_segments,"minimum_mappable_segments,minimum_unique_probes,minimum_unique_probe_asns,maximum_country_fallback_share",0.0,0.0,,
GG,K-Root,all_publicly_visible,5001,dns-root_k-root_msm5001_20260701T000000Z_010000Z.json,4.0,1.0,8680->8680,1.0,1.0,1.0,-0.0,0.0,1.0,severe_network_transition_concentration,0.0,True,False,"insufficient_minimum_mappable_segments,minimum_unique_probes,minimum_unique_probe_asns","minimum_mappable_segments,minimum_unique_probes,minimum_unique_probe_asns",1.0,1.0,1.0,0.0
GG,K-Root,resolved_entry_only,5001,dns-root_k-root_msm5001_20260701T000000Z_010000Z.json,4.0,1.0,8680->8680,1.0,1.0,1.0,-0.0,0.0,1.0,severe_network_transition_concentration,0.0,True,False,"insufficient_minimum_mappable_segments,minimum_unique_probes,minimum_unique_probe_asns","minimum_mappable_segments,minimum_unique_probes,minimum_unique_probe_asns",1.0,1.0,1.0,0.0
GH,K-Root,all_publicly_visible,5001,dns-root_k-root_msm5001_20260701T000000Z_010000Z.json,2.0,1.0,37468->37468,1.0,1.0,1.0,-0.0,0.0,1.0,severe_network_transition_concentration,0.0,True,False,"insufficient_minimum_mappable_segments,minimum_unique_probes,minimum_unique_probe_asns","minimum_mappable_segments,minimum_unique_probes,minimum_unique_probe_asns",1.0,1.0,0.0,1.0
GH,K-Root,resolved_entry_only,5001,dns-root_k-root_msm5001_20260701T000000Z_010000Z.json,2.0,1.0,37468->37468,1.0,1.0,1.0,-0.0,0.0,1.0,severe_network_transition_concentration,0.0,True,False,"insufficient_minimum_mappable_segments,minimum_unique_probes,minimum_unique_probe_asns","minimum_mappable_segments,minimum_unique_probes,minimum_unique_probe_asns",1.0,1.0,0.0,1.0
GP,K-Root,all_publicly_visible,5001,dns-root_k-root_msm5001_20260701T000000Z_010000Z.json,4.0,1.0,21351->21351,1.0,1.0,1.0,-0.0,0.0,1.0,severe_network_transition_concentration,0.0,True,False,"insufficient_minimum_mappable_segments,minimum_unique_probes,minimum_unique_probe_asns","minimum_mappable_segments,minimum_unique_probes,minimum_unique_probe_asns",1.0,1.0,0.5,0.5
GP,K-Root,resolved_entry_only,5001,dns-root_k-root_msm5001_20260701T000000Z_010000Z.json,4.0,1.0,21351->21351,1.0,1.0,1.0,-0.0,0.0,1.0,severe_network_transition_concentration,0.0,True,False,"insufficient_minimum_mappable_segments,minimum_unique_probes,minimum_unique_probe_asns","minimum_mappable_segments,minimum_unique_probes,minimum_unique_probe_asns",1.0,1.0,0.5,0.5
GQ,K-Root,all_publicly_visible,5001,dns-root_k-root_msm5001_20260701T000000Z_010000Z.json,2.0,1.0,37529->37529,1.0,1.0,1.0,-0.0,0.0,1.0,severe_network_transition_concentration,0.0,True,False,"insufficient_minimum_mappable_segments,minimum_unique_probes,minimum_unique_probe_asns","minimum_mappable_segments,minimum_unique_probes,minimum_unique_probe_asns",1.0,1.0,0.5,0.5
GQ,K-Root,resolved_entry_only,,,0.0,0.0,,,,,,,,unknown_network_transition_concentration,,False,False,insufficient_no_inter_region_projection_segments,"minimum_mappable_segments,minimum_unique_probes,minimum_unique_probe_asns,maximum_country_fallback_share",0.0,0.0,,
GR,K-Root,all_publicly_visible,,,0.0,0.0,,,,,,,,unknown_network_transition_concentration,,False,False,insufficient_no_inter_region_projection_segments,"minimum_mappable_segments,minimum_unique_probes,minimum_unique_probe_asns,maximum_country_fallback_share",0.0,0.0,,
GR,K-Root,resolved_entry_only,,,0.0,0.0,,,,,,,,unknown_network_transition_concentration,,False,False,insufficient_no_inter_region_projection_segments,"minimum_mappable_segments,minimum_unique_probes,minimum_unique_probe_asns,maximum_country_fallback_share",0.0,0.0,,
GT,K-Root,all_publicly_visible,5001,dns-root_k-root_msm5001_20260701T000000Z_010000Z.json,2.0,1.0,12956->12956,1.0,1.0,1.0,-0.0,0.0,1.0,severe_network_transition_concentration,0.0,True,False,"insufficient_minimum_mappable_segments,minimum_unique_probes,minimum_unique_probe_asns","minimum_mappable_segments,minimum_unique_probes,minimum_unique_probe_asns",1.0,1.0,0.0,1.0
GT,K-Root,resolved_entry_only,5001,dns-root_k-root_msm5001_20260701T000000Z_010000Z.json,2.0,1.0,12956->12956,1.0,1.0,1.0,-0.0,0.0,1.0,severe_network_transition_concentration,0.0,True,False,"insufficient_minimum_mappable_segments,minimum_unique_probes,minimum_unique_probe_asns","minimum_mappable_segments,minimum_unique_probes,minimum_unique_probe_asns",1.0,1.0,0.0,1.0
GU,K-Root,all_publicly_visible,5001,dns-root_k-root_msm5001_20260701T000000Z_010000Z.json,3.0,2.0,137074->137074,0.6666666666666666,1.0,1.0,0.6365141682948128,0.9182958340544894,1.8898815748423097,moderate_network_transition_concentration,0.3333333333333333,False,False,"insufficient_minimum_mappable_segments,minimum_unique_probes,minimum_unique_probe_asns,maximum_country_fallback_share","minimum_mappable_segments,minimum_unique_probes,minimum_unique_probe_asns,maximum_country_fallback_share",1.0,1.0,0.0,1.0
GU,K-Root,resolved_entry_only,,,0.0,0.0,,,,,,,,unknown_network_transition_concentration,,False,False,insufficient_no_inter_region_projection_segments,"minimum_mappable_segments,minimum_unique_probes,minimum_unique_probe_asns,maximum_country_fallback_share",0.0,0.0,,
HK,K-Root,all_publicly_visible,5001,dns-root_k-root_msm5001_20260701T000000Z_010000Z.json,32.0,11.0,7578->7578,0.25,0.375,0.5,2.252728336819822,0.9394606855331354,9.513656920021766,broad_network_transition_distribution,0.0625,True,True,auditable,,12.0,9.0,0.625,0.375
HK,K-Root,resolved_entry_only,5001,dns-root_k-root_msm5001_20260701T000000Z_010000Z.json,22.0,7.0,7578->7578,0.36363636363636365,0.5454545454545454,0.6363636363636364,1.7677614722893296,0.9084496903145964,5.857725991919796,broad_network_transition_distribution,0.0,True,False,"insufficient_minimum_mappable_segments,minimum_unique_probes","minimum_mappable_segments,minimum_unique_probes",9.0,6.0,0.5454545454545454,0.45454545454545453
HN,K-Root,all_publicly_visible,5001,dns-root_k-root_msm5001_20260701T000000Z_010000Z.json,2.0,1.0,12956->12956,1.0,1.0,1.0,-0.0,0.0,1.0,severe_network_transition_concentration,0.0,True,False,"insufficient_minimum_mappable_segments,minimum_unique_probes,minimum_unique_probe_asns","minimum_mappable_segments,minimum_unique_probes,minimum_unique_probe_asns",1.0,1.0,0.0,1.0
HN,K-Root,resolved_entry_only,5001,dns-root_k-root_msm5001_20260701T000000Z_010000Z.json,2.0,1.0,12956->12956,1.0,1.0,1.0,-0.0,0.0,1.0,severe_network_transition_concentration,0.0,True,False,"insufficient_minimum_mappable_segments,minimum_unique_probes,minimum_unique_probe_asns","minimum_mappable_segments,minimum_unique_probes,minimum_unique_probe_asns",1.0,1.0,0.0,1.0
HR,K-Root,all_publicly_visible,,,0.0,0.0,,,,,,,,unknown_network_transition_concentration,,False,False,insufficient_no_inter_region_projection_segments,"minimum_mappable_segments,minimum_unique_probes,minimum_unique_probe_asns,maximum_country_fallback_share",0.0,0.0,,
HR,K-Root,resolved_entry_only,,,0.0,0.0,,,,,,,,unknown_network_transition_concentration,,False,False,insufficient_no_inter_region_projection_segments,"minimum_mappable_segments,minimum_unique_probes,minimum_unique_probe_asns,maximum_country_fallback_share",0.0,0.0,,
HT,K-Root,all_publicly_visible,,,0.0,0.0,,,,,,,,unknown_network_transition_concentration,,False,False,insufficient_no_inter_region_projection_segments,"minimum_mappable_segments,minimum_unique_probes,minimum_unique_probe_asns,maximum_country_fallback_share",0.0,0.0,,
HT,K-Root,resolved_entry_only,,,0.0,0.0,,,,,,,,unknown_network_transition_concentration,,False,False,insufficient_no_inter_region_projection_segments,"minimum_mappable_segments,minimum_unique_probes,minimum_unique_probe_asns,maximum_country_fallback_share",0.0,0.0,,
HU,K-Root,all_publicly_visible,,,0.0,0.0,,,,,,,,unknown_network_transition_concentration,,False,False,insufficient_no_inter_region_projection_segments,"minimum_mappable_segments,minimum_unique_probes,minimum_unique_probe_asns,maximum_country_fallback_share",0.0,0.0,,
HU,K-Root,resolved_entry_only,,,0.0,0.0,,,,,,,,unknown_network_transition_concentration,,False,False,insufficient_no_inter_region_projection_segments,"minimum_mappable_segments,minimum_unique_probes,minimum_unique_probe_asns,maximum_country_fallback_share",0.0,0.0,,
ID,K-Root,all_publicly_visible,5001,dns-root_k-root_msm5001_20260701T000000Z_010000Z.json,398.0,63.0,COUNTRY_FALLBACK:ID->ID,0.3391959798994975,0.44974874371859297,0.4899497487437186,3.0543672065950154,0.7372116545327069,21.207761148541657,broad_network_transition_distribution,0.3492462311557789,False,False,insufficient_maximum_country_fallback_share,maximum_country_fallback_share,78.0,56.0,0.9899497487437185,0.010050251256281407
ID,K-Root,resolved_entry_only,5001,dns-root_k-root_msm5001_20260701T000000Z_010000Z.json,396.0,62.0,COUNTRY_FALLBACK:ID->ID,0.3409090909090909,0.452020202020202,0.4924242424242424,3.0380216468169294,0.7361092136532736,20.86392616395119,broad_network_transition_distribution,0.351010101010101,False,False,insufficient_maximum_country_fallback_share,maximum_country_fallback_share,77.0,55.0,0.98989898989899,0.010101010101010102
IE,K-Root,all_publicly_visible,,,0.0,0.0,,,,,,,,unknown_network_transition_concentration,,False,False,insufficient_no_inter_region_projection_segments,"minimum_mappable_segments,minimum_unique_probes,minimum_unique_probe_asns,maximum_country_fallback_share",0.0,0.0,,
IE,K-Root,resolved_entry_only,,,0.0,0.0,,,,,,,,unknown_network_transition_concentration,,False,False,insufficient_no_inter_region_projection_segments,"minimum_mappable_segments,minimum_unique_probes,minimum_unique_probe_asns,maximum_country_fallback_share",0.0,0.0,,
IL,K-Root,all_publicly_visible,5001,dns-root_k-root_msm5001_20260701T000000Z_010000Z.json,90.0,10.0,1680->1680,0.3888888888888889,0.6777777777777778,0.8111111111111111,1.6597862895349016,0.7208360266836807,5.25818699477373,weak_network_transition_concentration,0.0,True,True,auditable,,25.0,9.0,0.7777777777777778,0.2222222222222222
IL,K-Root,resolved_entry_only,5001,dns-root_k-root_msm5001_20260701T000000Z_010000Z.json,88.0,10.0,1680->1680,0.3977272727272727,0.6704545454545454,0.8068181818181818,1.6686449257125826,0.7246832834928362,5.304974290157705,weak_network_transition_concentration,0.0,True,True,auditable,,24.0,9.0,0.7727272727272727,0.22727272727272727
IM,K-Root,all_publicly_visible,,,0.0,0.0,,,,,,,,unknown_network_transition_concentration,,False,False,insufficient_no_inter_region_projection_segments,"minimum_mappable_segments,minimum_unique_probes,minimum_unique_probe_asns,maximum_country_fallback_share",0.0,0.0,,
IM,K-Root,resolved_entry_only,,,0.0,0.0,,,,,,,,unknown_network_transition_concentration,,False,False,insufficient_no_inter_region_projection_segments,"minimum_mappable_segments,minimum_unique_probes,minimum_unique_probe_asns,maximum_country_fallback_share",0.0,0.0,,
IN,K-Root,all_publicly_visible,5001,dns-root_k-root_msm5001_20260701T000000Z_010000Z.json,10.0,2.0,COUNTRY_FALLBACK:IN->IN,0.7,1.0,1.0,0.6108643020548935,0.8812908992306927,1.8420227750373133,moderate_network_transition_concentration,0.7,False,False,"insufficient_minimum_mappable_segments,minimum_unique_probes,maximum_country_fallback_share","minimum_mappable_segments,minimum_unique_probes,maximum_country_fallback_share",6.0,4.0,1.0,0.0
IN,K-Root,resolved_entry_only,5001,dns-root_k-root_msm5001_20260701T000000Z_010000Z.json,10.0,2.0,COUNTRY_FALLBACK:IN->IN,0.7,1.0,1.0,0.6108643020548935,0.8812908992306927,1.8420227750373133,moderate_network_transition_concentration,0.7,False,False,"insufficient_minimum_mappable_segments,minimum_unique_probes,maximum_country_fallback_share","minimum_mappable_segments,minimum_unique_probes,maximum_country_fallback_share",6.0,4.0,1.0,0.0
IQ,K-Root,all_publicly_visible,,,0.0,0.0,,,,,,,,unknown_network_transition_concentration,,False,False,insufficient_no_inter_region_projection_segments,"minimum_mappable_segments,minimum_unique_probes,minimum_unique_probe_asns,maximum_country_fallback_share",0.0,0.0,,
IQ,K-Root,resolved_entry_only,,,0.0,0.0,,,,,,,,unknown_network_transition_concentration,,False,False,insufficient_no_inter_region_projection_segments,"minimum_mappable_segments,minimum_unique_probes,minimum_unique_probe_asns,maximum_country_fallback_share",0.0,0.0,,
IR,K-Root,all_publicly_visible,,,0.0,0.0,,,,,,,,unknown_network_transition_concentration,,False,False,insufficient_no_inter_region_projection_segments,"minimum_mappable_segments,minimum_unique_probes,minimum_unique_probe_asns,maximum_country_fallback_share",0.0,0.0,,
IR,K-Root,resolved_entry_only,,,0.0,0.0,,,,,,,,unknown_network_transition_concentration,,False,False,insufficient_no_inter_region_projection_segments,"minimum_mappable_segments,minimum_unique_probes,minimum_unique_probe_asns,maximum_country_fallback_share",0.0,0.0,,
IS,K-Root,all_publicly_visible,,,0.0,0.0,,,,,,,,unknown_network_transition_concentration,,False,False,insufficient_no_inter_region_projection_segments,"minimum_mappable_segments,minimum_unique_probes,minimum_unique_probe_asns,maximum_country_fallback_share",0.0,0.0,,
IS,K-Root,resolved_entry_only,,,0.0,0.0,,,,,,,,unknown_network_transition_concentration,,False,False,insufficient_no_inter_region_projection_segments,"minimum_mappable_segments,minimum_unique_probes,minimum_unique_probe_asns,maximum_country_fallback_share",0.0,0.0,,
IT,K-Root,all_publicly_visible,,,0.0,0.0,,,,,,,,unknown_network_transition_concentration,,False,False,insufficient_no_inter_region_projection_segments,"minimum_mappable_segments,minimum_unique_probes,minimum_unique_probe_asns,maximum_country_fallback_share",0.0,0.0,,
IT,K-Root,resolved_entry_only,,,0.0,0.0,,,,,,,,unknown_network_transition_concentration,,False,False,insufficient_no_inter_region_projection_segments,"minimum_mappable_segments,minimum_unique_probes,minimum_unique_probe_asns,maximum_country_fallback_share",0.0,0.0,,
JM,K-Root,all_publicly_visible,5001,dns-root_k-root_msm5001_20260701T000000Z_010000Z.json,14.0,3.0,30689->30689,0.42857142857142855,0.7142857142857142,1.0,1.0789922078775833,0.9821410328348751,2.941713421083178,weak_network_transition_concentration,0.0,True,False,"insufficient_minimum_mappable_segments,minimum_unique_probes,minimum_unique_probe_asns","minimum_mappable_segments,minimum_unique_probes,minimum_unique_probe_asns",4.0,2.0,1.0,0.0
JM,K-Root,resolved_entry_only,5001,dns-root_k-root_msm5001_20260701T000000Z_010000Z.json,14.0,3.0,30689->30689,0.42857142857142855,0.7142857142857142,1.0,1.0789922078775833,0.9821410328348751,2.941713421083178,weak_network_transition_concentration,0.0,True,False,"insufficient_minimum_mappable_segments,minimum_unique_probes,minimum_unique_probe_asns","minimum_mappable_segments,minimum_unique_probes,minimum_unique_probe_asns",4.0,2.0,1.0,0.0
JO,K-Root,all_publicly_visible,,,0.0,0.0,,,,,,,,unknown_network_transition_concentration,,False,False,insufficient_no_inter_region_projection_segments,"minimum_mappable_segments,minimum_unique_probes,minimum_unique_probe_asns,maximum_country_fallback_share",0.0,0.0,,
JO,K-Root,resolved_entry_only,,,0.0,0.0,,,,,,,,unknown_network_transition_concentration,,False,False,insufficient_no_inter_region_projection_segments,"minimum_mappable_segments,minimum_unique_probes,minimum_unique_probe_asns,maximum_country_fallback_share",0.0,0.0,,
JP,K-Root,all_publicly_visible,5001,dns-root_k-root_msm5001_20260701T000000Z_010000Z.json,28.0,8.0,7578->44324,0.42857142857142855,0.5714285714285714,0.7142857142857142,1.7226288755403896,0.8284093786780838,5.599228808782296,broad_network_transition_distribution,0.03571428571428571,True,False,insufficient_minimum_mappable_segments,minimum_mappable_segments,13.0,12.0,0.21428571428571427,0.7857142857142857
JP,K-Root,resolved_entry_only,5001,dns-root_k-root_msm5001_20260701T000000Z_010000Z.json,22.0,5.0,7578->44324,0.5454545454545454,0.7272727272727273,0.9090909090909091,1.2315317857939916,0.7651937215343917,3.4264741428727947,weak_network_transition_concentration,0.045454545454545456,True,False,insufficient_minimum_mappable_segments,minimum_mappable_segments,11.0,10.0,0.18181818181818182,0.8181818181818182
KE,K-Root,all_publicly_visible,5001,dns-root_k-root_msm5001_20260701T000000Z_010000Z.json,3.0,2.0,6939->6939,0.6666666666666666,1.0,1.0,0.6365141682948128,0.9182958340544894,1.8898815748423097,moderate_network_transition_concentration,0.0,True,False,"insufficient_minimum_mappable_segments,minimum_unique_probes,minimum_unique_probe_asns","minimum_mappable_segments,minimum_unique_probes,minimum_unique_probe_asns",1.0,1.0,0.0,1.0
KE,K-Root,resolved_entry_only,5001,dns-root_k-root_msm5001_20260701T000000Z_010000Z.json,3.0,2.0,6939->6939,0.6666666666666666,1.0,1.0,0.6365141682948128,0.9182958340544894,1.8898815748423097,moderate_network_transition_concentration,0.0,True,False,"insufficient_minimum_mappable_segments,minimum_unique_probes,minimum_unique_probe_asns","minimum_mappable_segments,minimum_unique_probes,minimum_unique_probe_asns",1.0,1.0,0.0,1.0
KG,K-Root,all_publicly_visible,,,0.0,0.0,,,,,,,,unknown_network_transition_concentration,,False,False,insufficient_no_inter_region_projection_segments,"minimum_mappable_segments,minimum_unique_probes,minimum_unique_probe_asns,maximum_country_fallback_share",0.0,0.0,,
KG,K-Root,resolved_entry_only,,,0.0,0.0,,,,,,,,unknown_network_transition_concentration,,False,False,insufficient_no_inter_region_projection_segments,"minimum_mappable_segments,minimum_unique_probes,minimum_unique_probe_asns,maximum_country_fallback_share",0.0,0.0,,
KH,K-Root,all_publicly_visible,5001,dns-root_k-root_msm5001_20260701T000000Z_010000Z.json,8.0,1.0,COUNTRY_FALLBACK:HK->DJ,1.0,1.0,1.0,-0.0,0.0,1.0,severe_network_transition_concentration,1.0,False,False,"insufficient_minimum_mappable_segments,minimum_unique_probes,maximum_country_fallback_share","minimum_mappable_segments,minimum_unique_probes,maximum_country_fallback_share",5.0,5.0,0.0,1.0
KH,K-Root,resolved_entry_only,5001,dns-root_k-root_msm5001_20260701T000000Z_010000Z.json,8.0,1.0,COUNTRY_FALLBACK:HK->DJ,1.0,1.0,1.0,-0.0,0.0,1.0,severe_network_transition_concentration,1.0,False,False,"insufficient_minimum_mappable_segments,minimum_unique_probes,maximum_country_fallback_share","minimum_mappable_segments,minimum_unique_probes,maximum_country_fallback_share",5.0,5.0,0.0,1.0
KI,K-Root,all_publicly_visible,5001,dns-root_k-root_msm5001_20260701T000000Z_010000Z.json,3.0,1.0,COUNTRY_FALLBACK:AU->NZ,1.0,1.0,1.0,-0.0,0.0,1.0,severe_network_transition_concentration,1.0,False,False,"insufficient_minimum_mappable_segments,minimum_unique_probes,minimum_unique_probe_asns,maximum_country_fallback_share","minimum_mappable_segments,minimum_unique_probes,minimum_unique_probe_asns,maximum_country_fallback_share",2.0,1.0,0.0,1.0
KI,K-Root,resolved_entry_only,5001,dns-root_k-root_msm5001_20260701T000000Z_010000Z.json,3.0,1.0,COUNTRY_FALLBACK:AU->NZ,1.0,1.0,1.0,-0.0,0.0,1.0,severe_network_transition_concentration,1.0,False,False,"insufficient_minimum_mappable_segments,minimum_unique_probes,minimum_unique_probe_asns,maximum_country_fallback_share","minimum_mappable_segments,minimum_unique_probes,minimum_unique_probe_asns,maximum_country_fallback_share",2.0,1.0,0.0,1.0
KN,K-Root,all_publicly_visible,5001,dns-root_k-root_msm5001_20260701T000000Z_010000Z.json,2.0,1.0,36290->36290,1.0,1.0,1.0,-0.0,0.0,1.0,severe_network_transition_concentration,0.0,True,False,"insufficient_minimum_mappable_segments,minimum_unique_probes,minimum_unique_probe_asns","minimum_mappable_segments,minimum_unique_probes,minimum_unique_probe_asns",1.0,1.0,1.0,0.0
KN,K-Root,resolved_entry_only,5001,dns-root_k-root_msm5001_20260701T000000Z_010000Z.json,2.0,1.0,36290->36290,1.0,1.0,1.0,-0.0,0.0,1.0,severe_network_transition_concentration,0.0,True,False,"insufficient_minimum_mappable_segments,minimum_unique_probes,minimum_unique_probe_asns","minimum_mappable_segments,minimum_unique_probes,minimum_unique_probe_asns",1.0,1.0,1.0,0.0
KR,K-Root,all_publicly_visible,5001,dns-root_k-root_msm5001_20260701T000000Z_010000Z.json,2.0,1.0,7578->44324,1.0,1.0,1.0,-0.0,0.0,1.0,severe_network_transition_concentration,0.0,True,False,"insufficient_minimum_mappable_segments,minimum_unique_probes,minimum_unique_probe_asns","minimum_mappable_segments,minimum_unique_probes,minimum_unique_probe_asns",1.0,1.0,0.0,1.0
KR,K-Root,resolved_entry_only,5001,dns-root_k-root_msm5001_20260701T000000Z_010000Z.json,2.0,1.0,7578->44324,1.0,1.0,1.0,-0.0,0.0,1.0,severe_network_transition_concentration,0.0,True,False,"insufficient_minimum_mappable_segments,minimum_unique_probes,minimum_unique_probe_asns","minimum_mappable_segments,minimum_unique_probes,minimum_unique_probe_asns",1.0,1.0,0.0,1.0
KW,K-Root,all_publicly_visible,,,0.0,0.0,,,,,,,,unknown_network_transition_concentration,,False,False,insufficient_no_inter_region_projection_segments,"minimum_mappable_segments,minimum_unique_probes,minimum_unique_probe_asns,maximum_country_fallback_share",0.0,0.0,,
KW,K-Root,resolved_entry_only,,,0.0,0.0,,,,,,,,unknown_network_transition_concentration,,False,False,insufficient_no_inter_region_projection_segments,"minimum_mappable_segments,minimum_unique_probes,minimum_unique_probe_asns,maximum_country_fallback_share",0.0,0.0,,
KY,K-Root,all_publicly_visible,5001,dns-root_k-root_msm5001_20260701T000000Z_010000Z.json,2.0,1.0,36549->3855,1.0,1.0,1.0,-0.0,0.0,1.0,severe_network_transition_concentration,0.0,True,False,"insufficient_minimum_mappable_segments,minimum_unique_probes,minimum_unique_probe_asns","minimum_mappable_segments,minimum_unique_probes,minimum_unique_probe_asns",1.0,1.0,0.0,1.0
KY,K-Root,resolved_entry_only,5001,dns-root_k-root_msm5001_20260701T000000Z_010000Z.json,2.0,1.0,36549->3855,1.0,1.0,1.0,-0.0,0.0,1.0,severe_network_transition_concentration,0.0,True,False,"insufficient_minimum_mappable_segments,minimum_unique_probes,minimum_unique_probe_asns","minimum_mappable_segments,minimum_unique_probes,minimum_unique_probe_asns",1.0,1.0,0.0,1.0
KZ,K-Root,all_publicly_visible,,,0.0,0.0,,,,,,,,unknown_network_transition_concentration,,False,False,insufficient_no_inter_region_projection_segments,"minimum_mappable_segments,minimum_unique_probes,minimum_unique_probe_asns,maximum_country_fallback_share",0.0,0.0,,
KZ,K-Root,resolved_entry_only,,,0.0,0.0,,,,,,,,unknown_network_transition_concentration,,False,False,insufficient_no_inter_region_projection_segments,"minimum_mappable_segments,minimum_unique_probes,minimum_unique_probe_asns,maximum_country_fallback_share",0.0,0.0,,
LA,K-Root,all_publicly_visible,,,0.0,0.0,,,,,,,,unknown_network_transition_concentration,,False,False,insufficient_no_inter_region_projection_segments,"minimum_mappable_segments,minimum_unique_probes,minimum_unique_probe_asns,maximum_country_fallback_share",0.0,0.0,,
LA,K-Root,resolved_entry_only,,,0.0,0.0,,,,,,,,unknown_network_transition_concentration,,False,False,insufficient_no_inter_region_projection_segments,"minimum_mappable_segments,minimum_unique_probes,minimum_unique_probe_asns,maximum_country_fallback_share",0.0,0.0,,
LB,K-Root,all_publicly_visible,,,0.0,0.0,,,,,,,,unknown_network_transition_concentration,,False,False,insufficient_no_inter_region_projection_segments,"minimum_mappable_segments,minimum_unique_probes,minimum_unique_probe_asns,maximum_country_fallback_share",0.0,0.0,,
LB,K-Root,resolved_entry_only,,,0.0,0.0,,,,,,,,unknown_network_transition_concentration,,False,False,insufficient_no_inter_region_projection_segments,"minimum_mappable_segments,minimum_unique_probes,minimum_unique_probe_asns,maximum_country_fallback_share",0.0,0.0,,
LC,K-Root,all_publicly_visible,,,0.0,0.0,,,,,,,,unknown_network_transition_concentration,,False,False,insufficient_no_inter_region_projection_segments,"minimum_mappable_segments,minimum_unique_probes,minimum_unique_probe_asns,maximum_country_fallback_share",0.0,0.0,,
LC,K-Root,resolved_entry_only,,,0.0,0.0,,,,,,,,unknown_network_transition_concentration,,False,False,insufficient_no_inter_region_projection_segments,"minimum_mappable_segments,minimum_unique_probes,minimum_unique_probe_asns,maximum_country_fallback_share",0.0,0.0,,
LI,K-Root,all_publicly_visible,,,0.0,0.0,,,,,,,,unknown_network_transition_concentration,,False,False,insufficient_no_inter_region_projection_segments,"minimum_mappable_segments,minimum_unique_probes,minimum_unique_probe_asns,maximum_country_fallback_share",0.0,0.0,,
LI,K-Root,resolved_entry_only,,,0.0,0.0,,,,,,,,unknown_network_transition_concentration,,False,False,insufficient_no_inter_region_projection_segments,"minimum_mappable_segments,minimum_unique_probes,minimum_unique_probe_asns,maximum_country_fallback_share",0.0,0.0,,
LK,K-Root,all_publicly_visible,5001,dns-root_k-root_msm5001_20260701T000000Z_010000Z.json,6.0,1.0,18001->18001,1.0,1.0,1.0,-0.0,0.0,1.0,severe_network_transition_concentration,0.0,True,False,"insufficient_minimum_mappable_segments,minimum_unique_probes,minimum_unique_probe_asns","minimum_mappable_segments,minimum_unique_probes,minimum_unique_probe_asns",3.0,1.0,0.0,1.0
LK,K-Root,resolved_entry_only,5001,dns-root_k-root_msm5001_20260701T000000Z_010000Z.json,6.0,1.0,18001->18001,1.0,1.0,1.0,-0.0,0.0,1.0,severe_network_transition_concentration,0.0,True,False,"insufficient_minimum_mappable_segments,minimum_unique_probes,minimum_unique_probe_asns","minimum_mappable_segments,minimum_unique_probes,minimum_unique_probe_asns",3.0,1.0,0.0,1.0
LR,K-Root,all_publicly_visible,,,0.0,0.0,,,,,,,,unknown_network_transition_concentration,,False,False,insufficient_no_inter_region_projection_segments,"minimum_mappable_segments,minimum_unique_probes,minimum_unique_probe_asns,maximum_country_fallback_share",0.0,0.0,,
LR,K-Root,resolved_entry_only,,,0.0,0.0,,,,,,,,unknown_network_transition_concentration,,False,False,insufficient_no_inter_region_projection_segments,"minimum_mappable_segments,minimum_unique_probes,minimum_unique_probe_asns,maximum_country_fallback_share",0.0,0.0,,
LS,K-Root,all_publicly_visible,,,0.0,0.0,,,,,,,,unknown_network_transition_concentration,,False,False,insufficient_no_inter_region_projection_segments,"minimum_mappable_segments,minimum_unique_probes,minimum_unique_probe_asns,maximum_country_fallback_share",0.0,0.0,,
LS,K-Root,resolved_entry_only,,,0.0,0.0,,,,,,,,unknown_network_transition_concentration,,False,False,insufficient_no_inter_region_projection_segments,"minimum_mappable_segments,minimum_unique_probes,minimum_unique_probe_asns,maximum_country_fallback_share",0.0,0.0,,
LT,K-Root,all_publicly_visible,,,0.0,0.0,,,,,,,,unknown_network_transition_concentration,,False,False,insufficient_no_inter_region_projection_segments,"minimum_mappable_segments,minimum_unique_probes,minimum_unique_probe_asns,maximum_country_fallback_share",0.0,0.0,,
LT,K-Root,resolved_entry_only,,,0.0,0.0,,,,,,,,unknown_network_transition_concentration,,False,False,insufficient_no_inter_region_projection_segments,"minimum_mappable_segments,minimum_unique_probes,minimum_unique_probe_asns,maximum_country_fallback_share",0.0,0.0,,
LU,K-Root,all_publicly_visible,,,0.0,0.0,,,,,,,,unknown_network_transition_concentration,,False,False,insufficient_no_inter_region_projection_segments,"minimum_mappable_segments,minimum_unique_probes,minimum_unique_probe_asns,maximum_country_fallback_share",0.0,0.0,,
LU,K-Root,resolved_entry_only,,,0.0,0.0,,,,,,,,unknown_network_transition_concentration,,False,False,insufficient_no_inter_region_projection_segments,"minimum_mappable_segments,minimum_unique_probes,minimum_unique_probe_asns,maximum_country_fallback_share",0.0,0.0,,
LV,K-Root,all_publicly_visible,,,0.0,0.0,,,,,,,,unknown_network_transition_concentration,,False,False,insufficient_no_inter_region_projection_segments,"minimum_mappable_segments,minimum_unique_probes,minimum_unique_probe_asns,maximum_country_fallback_share",0.0,0.0,,
LV,K-Root,resolved_entry_only,,,0.0,0.0,,,,,,,,unknown_network_transition_concentration,,False,False,insufficient_no_inter_region_projection_segments,"minimum_mappable_segments,minimum_unique_probes,minimum_unique_probe_asns,maximum_country_fallback_share",0.0,0.0,,
MA,K-Root,all_publicly_visible,,,0.0,0.0,,,,,,,,unknown_network_transition_concentration,,False,False,insufficient_no_inter_region_projection_segments,"minimum_mappable_segments,minimum_unique_probes,minimum_unique_probe_asns,maximum_country_fallback_share",0.0,0.0,,
MA,K-Root,resolved_entry_only,,,0.0,0.0,,,,,,,,unknown_network_transition_concentration,,False,False,insufficient_no_inter_region_projection_segments,"minimum_mappable_segments,minimum_unique_probes,minimum_unique_probe_asns,maximum_country_fallback_share",0.0,0.0,,
MD,K-Root,all_publicly_visible,,,0.0,0.0,,,,,,,,unknown_network_transition_concentration,,False,False,insufficient_no_inter_region_projection_segments,"minimum_mappable_segments,minimum_unique_probes,minimum_unique_probe_asns,maximum_country_fallback_share",0.0,0.0,,
MD,K-Root,resolved_entry_only,,,0.0,0.0,,,,,,,,unknown_network_transition_concentration,,False,False,insufficient_no_inter_region_projection_segments,"minimum_mappable_segments,minimum_unique_probes,minimum_unique_probe_asns,maximum_country_fallback_share",0.0,0.0,,
ME,K-Root,all_publicly_visible,,,0.0,0.0,,,,,,,,unknown_network_transition_concentration,,False,False,insufficient_no_inter_region_projection_segments,"minimum_mappable_segments,minimum_unique_probes,minimum_unique_probe_asns,maximum_country_fallback_share",0.0,0.0,,
ME,K-Root,resolved_entry_only,,,0.0,0.0,,,,,,,,unknown_network_transition_concentration,,False,False,insufficient_no_inter_region_projection_segments,"minimum_mappable_segments,minimum_unique_probes,minimum_unique_probe_asns,maximum_country_fallback_share",0.0,0.0,,
MG,K-Root,all_publicly_visible,,,0.0,0.0,,,,,,,,unknown_network_transition_concentration,,False,False,insufficient_no_inter_region_projection_segments,"minimum_mappable_segments,minimum_unique_probes,minimum_unique_probe_asns,maximum_country_fallback_share",0.0,0.0,,
MG,K-Root,resolved_entry_only,,,0.0,0.0,,,,,,,,unknown_network_transition_concentration,,False,False,insufficient_no_inter_region_projection_segments,"minimum_mappable_segments,minimum_unique_probes,minimum_unique_probe_asns,maximum_country_fallback_share",0.0,0.0,,
MH,K-Root,all_publicly_visible,,,0.0,0.0,,,,,,,,unknown_network_transition_concentration,,False,False,insufficient_no_inter_region_projection_segments,"minimum_mappable_segments,minimum_unique_probes,minimum_unique_probe_asns,maximum_country_fallback_share",0.0,0.0,,
MH,K-Root,resolved_entry_only,,,0.0,0.0,,,,,,,,unknown_network_transition_concentration,,False,False,insufficient_no_inter_region_projection_segments,"minimum_mappable_segments,minimum_unique_probes,minimum_unique_probe_asns,maximum_country_fallback_share",0.0,0.0,,
MK,K-Root,all_publicly_visible,,,0.0,0.0,,,,,,,,unknown_network_transition_concentration,,False,False,insufficient_no_inter_region_projection_segments,"minimum_mappable_segments,minimum_unique_probes,minimum_unique_probe_asns,maximum_country_fallback_share",0.0,0.0,,
MK,K-Root,resolved_entry_only,,,0.0,0.0,,,,,,,,unknown_network_transition_concentration,,False,False,insufficient_no_inter_region_projection_segments,"minimum_mappable_segments,minimum_unique_probes,minimum_unique_probe_asns,maximum_country_fallback_share",0.0,0.0,,
ML,K-Root,all_publicly_visible,5001,dns-root_k-root_msm5001_20260701T000000Z_010000Z.json,5.0,2.0,6453->6453,0.8,1.0,1.0,0.5004024235381879,0.7219280948873623,1.6493848884661177,severe_network_transition_concentration,0.0,True,False,"insufficient_minimum_mappable_segments,minimum_unique_probes,minimum_unique_probe_asns","minimum_mappable_segments,minimum_unique_probes,minimum_unique_probe_asns",1.0,1.0,0.4,0.6
ML,K-Root,resolved_entry_only,5001,dns-root_k-root_msm5001_20260701T000000Z_010000Z.json,5.0,2.0,6453->6453,0.8,1.0,1.0,0.5004024235381879,0.7219280948873623,1.6493848884661177,severe_network_transition_concentration,0.0,True,False,"insufficient_minimum_mappable_segments,minimum_unique_probes,minimum_unique_probe_asns","minimum_mappable_segments,minimum_unique_probes,minimum_unique_probe_asns",1.0,1.0,0.4,0.6
MM,K-Root,all_publicly_visible,5001,dns-root_k-root_msm5001_20260701T000000Z_010000Z.json,15.0,6.0,4800->10217,0.26666666666666666,0.4666666666666667,0.6,1.7489707507713135,0.9761191615327831,5.748682802675187,broad_network_transition_distribution,0.26666666666666666,True,False,"insufficient_minimum_mappable_segments,minimum_unique_probes,minimum_unique_probe_asns","minimum_mappable_segments,minimum_unique_probes,minimum_unique_probe_asns",2.0,2.0,0.6,0.4
MM,K-Root,resolved_entry_only,5001,dns-root_k-root_msm5001_20260701T000000Z_010000Z.json,15.0,6.0,4800->10217,0.26666666666666666,0.4666666666666667,0.6,1.7489707507713135,0.9761191615327831,5.748682802675187,broad_network_transition_distribution,0.26666666666666666,True,False,"insufficient_minimum_mappable_segments,minimum_unique_probes,minimum_unique_probe_asns","minimum_mappable_segments,minimum_unique_probes,minimum_unique_probe_asns",2.0,2.0,0.6,0.4
MN,K-Root,all_publicly_visible,5001,dns-root_k-root_msm5001_20260701T000000Z_010000Z.json,12.0,2.0,COUNTRY_FALLBACK:HK->HK,0.5,1.0,1.0,0.6931471805599453,1.0,2.0,moderate_network_transition_concentration,0.5,False,False,"insufficient_minimum_mappable_segments,minimum_unique_probes,maximum_country_fallback_share","minimum_mappable_segments,minimum_unique_probes,maximum_country_fallback_share",3.0,3.0,1.0,0.0
MN,K-Root,resolved_entry_only,5001,dns-root_k-root_msm5001_20260701T000000Z_010000Z.json,12.0,2.0,COUNTRY_FALLBACK:HK->HK,0.5,1.0,1.0,0.6931471805599453,1.0,2.0,moderate_network_transition_concentration,0.5,False,False,"insufficient_minimum_mappable_segments,minimum_unique_probes,maximum_country_fallback_share","minimum_mappable_segments,minimum_unique_probes,maximum_country_fallback_share",3.0,3.0,1.0,0.0
MP,K-Root,all_publicly_visible,5001,dns-root_k-root_msm5001_20260701T000000Z_010000Z.json,2.0,1.0,7131->7131,1.0,1.0,1.0,-0.0,0.0,1.0,severe_network_transition_concentration,0.0,True,False,"insufficient_minimum_mappable_segments,minimum_unique_probes,minimum_unique_probe_asns","minimum_mappable_segments,minimum_unique_probes,minimum_unique_probe_asns",1.0,1.0,0.0,1.0
MP,K-Root,resolved_entry_only,5001,dns-root_k-root_msm5001_20260701T000000Z_010000Z.json,2.0,1.0,7131->7131,1.0,1.0,1.0,-0.0,0.0,1.0,severe_network_transition_concentration,0.0,True,False,"insufficient_minimum_mappable_segments,minimum_unique_probes,minimum_unique_probe_asns","minimum_mappable_segments,minimum_unique_probes,minimum_unique_probe_asns",1.0,1.0,0.0,1.0
MT,K-Root,all_publicly_visible,5001,dns-root_k-root_msm5001_20260701T000000Z_010000Z.json,4.0,1.0,15735->1299,1.0,1.0,1.0,-0.0,0.0,1.0,severe_network_transition_concentration,0.0,True,False,"insufficient_minimum_mappable_segments,minimum_unique_probes,minimum_unique_probe_asns","minimum_mappable_segments,minimum_unique_probes,minimum_unique_probe_asns",2.0,2.0,0.0,1.0
MT,K-Root,resolved_entry_only,5001,dns-root_k-root_msm5001_20260701T000000Z_010000Z.json,4.0,1.0,15735->1299,1.0,1.0,1.0,-0.0,0.0,1.0,severe_network_transition_concentration,0.0,True,False,"insufficient_minimum_mappable_segments,minimum_unique_probes,minimum_unique_probe_asns","minimum_mappable_segments,minimum_unique_probes,minimum_unique_probe_asns",2.0,2.0,0.0,1.0
MU,K-Root,all_publicly_visible,,,0.0,0.0,,,,,,,,unknown_network_transition_concentration,,False,False,insufficient_no_inter_region_projection_segments,"minimum_mappable_segments,minimum_unique_probes,minimum_unique_probe_asns,maximum_country_fallback_share",0.0,0.0,,
MU,K-Root,resolved_entry_only,,,0.0,0.0,,,,,,,,unknown_network_transition_concentration,,False,False,insufficient_no_inter_region_projection_segments,"minimum_mappable_segments,minimum_unique_probes,minimum_unique_probe_asns,maximum_country_fallback_share",0.0,0.0,,
MV,K-Root,all_publicly_visible,5001,dns-root_k-root_msm5001_20260701T000000Z_010000Z.json,62.0,6.0,7642->7642,0.5483870967741935,0.8387096774193548,0.9032258064516129,1.1976664817076772,0.6684303905052996,3.3123784016664795,moderate_network_transition_concentration,0.0,True,True,auditable,,11.0,4.0,0.6774193548387096,0.3225806451612903
MV,K-Root,resolved_entry_only,5001,dns-root_k-root_msm5001_20260701T000000Z_010000Z.json,58.0,4.0,7642->7642,0.5862068965517241,0.896551724137931,0.9655172413793103,0.9767460918450417,0.7045733714562589,2.655800436270829,moderate_network_transition_concentration,0.0,True,True,auditable,,10.0,3.0,0.6896551724137931,0.3103448275862069
MW,K-Root,all_publicly_visible,,,0.0,0.0,,,,,,,,unknown_network_transition_concentration,,False,False,insufficient_no_inter_region_projection_segments,"minimum_mappable_segments,minimum_unique_probes,minimum_unique_probe_asns,maximum_country_fallback_share",0.0,0.0,,
MW,K-Root,resolved_entry_only,,,0.0,0.0,,,,,,,,unknown_network_transition_concentration,,False,False,insufficient_no_inter_region_projection_segments,"minimum_mappable_segments,minimum_unique_probes,minimum_unique_probe_asns,maximum_country_fallback_share",0.0,0.0,,
MX,K-Root,all_publicly_visible,5001,dns-root_k-root_msm5001_20260701T000000Z_010000Z.json,6.0,2.0,COUNTRY_FALLBACK:ID->ID,0.6666666666666666,1.0,1.0,0.6365141682948128,0.9182958340544894,1.8898815748423097,moderate_network_transition_concentration,0.6666666666666666,False,False,"insufficient_minimum_mappable_segments,minimum_unique_probes,minimum_unique_probe_asns,maximum_country_fallback_share","minimum_mappable_segments,minimum_unique_probes,minimum_unique_probe_asns,maximum_country_fallback_share",3.0,2.0,0.6666666666666666,0.3333333333333333
MX,K-Root,resolved_entry_only,5001,dns-root_k-root_msm5001_20260701T000000Z_010000Z.json,6.0,2.0,COUNTRY_FALLBACK:ID->ID,0.6666666666666666,1.0,1.0,0.6365141682948128,0.9182958340544894,1.8898815748423097,moderate_network_transition_concentration,0.6666666666666666,False,False,"insufficient_minimum_mappable_segments,minimum_unique_probes,minimum_unique_probe_asns,maximum_country_fallback_share","minimum_mappable_segments,minimum_unique_probes,minimum_unique_probe_asns,maximum_country_fallback_share",3.0,2.0,0.6666666666666666,0.3333333333333333
MY,K-Root,all_publicly_visible,5001,dns-root_k-root_msm5001_20260701T000000Z_010000Z.json,25.0,9.0,COUNTRY_FALLBACK:SG->SG,0.32,0.48,0.56,1.998936787082697,0.9097553375750446,7.381204133934565,broad_network_transition_distribution,0.32,False,False,"insufficient_minimum_mappable_segments,minimum_unique_probes,maximum_country_fallback_share","minimum_mappable_segments,minimum_unique_probes,maximum_country_fallback_share",6.0,5.0,0.56,0.44
MY,K-Root,resolved_entry_only,5001,dns-root_k-root_msm5001_20260701T000000Z_010000Z.json,25.0,9.0,COUNTRY_FALLBACK:SG->SG,0.32,0.48,0.56,1.998936787082697,0.9097553375750446,7.381204133934565,broad_network_transition_distribution,0.32,False,False,"insufficient_minimum_mappable_segments,minimum_unique_probes,maximum_country_fallback_share","minimum_mappable_segments,minimum_unique_probes,maximum_country_fallback_share",6.0,5.0,0.56,0.44
MZ,K-Root,all_publicly_visible,,,0.0,0.0,,,,,,,,unknown_network_transition_concentration,,False,False,insufficient_no_inter_region_projection_segments,"minimum_mappable_segments,minimum_unique_probes,minimum_unique_probe_asns,maximum_country_fallback_share",0.0,0.0,,
MZ,K-Root,resolved_entry_only,,,0.0,0.0,,,,,,,,unknown_network_transition_concentration,,False,False,insufficient_no_inter_region_projection_segments,"minimum_mappable_segments,minimum_unique_probes,minimum_unique_probe_asns,maximum_country_fallback_share",0.0,0.0,,
NA,K-Root,all_publicly_visible,,,0.0,0.0,,,,,,,,unknown_network_transition_concentration,,False,False,insufficient_no_inter_region_projection_segments,"minimum_mappable_segments,minimum_unique_probes,minimum_unique_probe_asns,maximum_country_fallback_share",0.0,0.0,,
NA,K-Root,resolved_entry_only,,,0.0,0.0,,,,,,,,unknown_network_transition_concentration,,False,False,insufficient_no_inter_region_projection_segments,"minimum_mappable_segments,minimum_unique_probes,minimum_unique_probe_asns,maximum_country_fallback_share",0.0,0.0,,
NC,K-Root,all_publicly_visible,5001,dns-root_k-root_msm5001_20260701T000000Z_010000Z.json,20.0,2.0,COUNTRY_FALLBACK:NC->AU,0.5,1.0,1.0,0.6931471805599453,1.0,2.0,moderate_network_transition_concentration,1.0,False,False,"insufficient_minimum_mappable_segments,minimum_unique_probes,minimum_unique_probe_asns,maximum_country_fallback_share","minimum_mappable_segments,minimum_unique_probes,minimum_unique_probe_asns,maximum_country_fallback_share",5.0,2.0,0.0,1.0
NC,K-Root,resolved_entry_only,5001,dns-root_k-root_msm5001_20260701T000000Z_010000Z.json,20.0,2.0,COUNTRY_FALLBACK:NC->AU,0.5,1.0,1.0,0.6931471805599453,1.0,2.0,moderate_network_transition_concentration,1.0,False,False,"insufficient_minimum_mappable_segments,minimum_unique_probes,minimum_unique_probe_asns,maximum_country_fallback_share","minimum_mappable_segments,minimum_unique_probes,minimum_unique_probe_asns,maximum_country_fallback_share",5.0,2.0,0.0,1.0
NG,K-Root,all_publicly_visible,5001,dns-root_k-root_msm5001_20260701T000000Z_010000Z.json,6.0,2.0,37282->37282,0.6666666666666666,1.0,1.0,0.6365141682948128,0.9182958340544894,1.8898815748423097,moderate_network_transition_concentration,0.0,True,False,"insufficient_minimum_mappable_segments,minimum_unique_probes","minimum_mappable_segments,minimum_unique_probes",3.0,3.0,0.0,1.0
NG,K-Root,resolved_entry_only,5001,dns-root_k-root_msm5001_20260701T000000Z_010000Z.json,6.0,2.0,37282->37282,0.6666666666666666,1.0,1.0,0.6365141682948128,0.9182958340544894,1.8898815748423097,moderate_network_transition_concentration,0.0,True,False,"insufficient_minimum_mappable_segments,minimum_unique_probes","minimum_mappable_segments,minimum_unique_probes",3.0,3.0,0.0,1.0
NI,K-Root,all_publicly_visible,,,0.0,0.0,,,,,,,,unknown_network_transition_concentration,,False,False,insufficient_no_inter_region_projection_segments,"minimum_mappable_segments,minimum_unique_probes,minimum_unique_probe_asns,maximum_country_fallback_share",0.0,0.0,,
NI,K-Root,resolved_entry_only,,,0.0,0.0,,,,,,,,unknown_network_transition_concentration,,False,False,insufficient_no_inter_region_projection_segments,"minimum_mappable_segments,minimum_unique_probes,minimum_unique_probe_asns,maximum_country_fallback_share",0.0,0.0,,
NL,K-Root,all_publicly_visible,5001,dns-root_k-root_msm5001_20260701T000000Z_010000Z.json,7.0,2.0,7578->7578,0.7142857142857143,1.0,1.0,0.5982695885852573,0.8631205685666311,1.8189685116531733,moderate_network_transition_concentration,0.0,True,False,"insufficient_minimum_mappable_segments,minimum_unique_probes","minimum_mappable_segments,minimum_unique_probes",4.0,4.0,1.0,0.0
NL,K-Root,resolved_entry_only,5001,dns-root_k-root_msm5001_20260701T000000Z_010000Z.json,7.0,2.0,7578->7578,0.7142857142857143,1.0,1.0,0.5982695885852573,0.8631205685666311,1.8189685116531733,moderate_network_transition_concentration,0.0,True,False,"insufficient_minimum_mappable_segments,minimum_unique_probes","minimum_mappable_segments,minimum_unique_probes",4.0,4.0,1.0,0.0
NO,K-Root,all_publicly_visible,5001,dns-root_k-root_msm5001_20260701T000000Z_010000Z.json,289.0,22.0,COUNTRY_FALLBACK:NO->NO,0.2422145328719723,0.4290657439446367,0.5640138408304498,2.4586024939330566,0.7953958999372092,11.688465419403006,broad_network_transition_distribution,0.2422145328719723,True,True,auditable,,72.0,28.0,0.972318339100346,0.02768166089965398
NO,K-Root,resolved_entry_only,5001,dns-root_k-root_msm5001_20260701T000000Z_010000Z.json,283.0,22.0,COUNTRY_FALLBACK:NO->NO,0.24734982332155478,0.4381625441696113,0.5547703180212014,2.4667647865224693,0.798036527723005,11.784260516035111,broad_network_transition_distribution,0.24734982332155478,True,True,auditable,,71.0,28.0,0.9717314487632509,0.028268551236749116
NP,K-Root,all_publicly_visible,,,0.0,0.0,,,,,,,,unknown_network_transition_concentration,,False,False,insufficient_no_inter_region_projection_segments,"minimum_mappable_segments,minimum_unique_probes,minimum_unique_probe_asns,maximum_country_fallback_share",0.0,0.0,,
NP,K-Root,resolved_entry_only,,,0.0,0.0,,,,,,,,unknown_network_transition_concentration,,False,False,insufficient_no_inter_region_projection_segments,"minimum_mappable_segments,minimum_unique_probes,minimum_unique_probe_asns,maximum_country_fallback_share",0.0,0.0,,
NU,K-Root,all_publicly_visible,5001,dns-root_k-root_msm5001_20260701T000000Z_010000Z.json,4.0,2.0,55885->38800,0.5,1.0,1.0,0.6931471805599453,1.0,2.0,moderate_network_transition_concentration,0.5,False,False,"insufficient_minimum_mappable_segments,minimum_unique_probes,minimum_unique_probe_asns,maximum_country_fallback_share","minimum_mappable_segments,minimum_unique_probes,minimum_unique_probe_asns,maximum_country_fallback_share",1.0,1.0,0.0,1.0
NU,K-Root,resolved_entry_only,5001,dns-root_k-root_msm5001_20260701T000000Z_010000Z.json,4.0,2.0,55885->38800,0.5,1.0,1.0,0.6931471805599453,1.0,2.0,moderate_network_transition_concentration,0.5,False,False,"insufficient_minimum_mappable_segments,minimum_unique_probes,minimum_unique_probe_asns,maximum_country_fallback_share","minimum_mappable_segments,minimum_unique_probes,minimum_unique_probe_asns,maximum_country_fallback_share",1.0,1.0,0.0,1.0
NZ,K-Root,all_publicly_visible,5001,dns-root_k-root_msm5001_20260701T000000Z_010000Z.json,211.0,17.0,64073->64073,0.36492890995260663,0.5639810426540284,0.7156398104265402,1.9760479488382907,0.697458224592875,7.214175781040553,broad_network_transition_distribution,0.06635071090047394,True,True,auditable,,46.0,15.0,0.8767772511848341,0.12322274881516587
NZ,K-Root,resolved_entry_only,5001,dns-root_k-root_msm5001_20260701T000000Z_010000Z.json,211.0,17.0,64073->64073,0.36492890995260663,0.5639810426540284,0.7156398104265402,1.9760479488382907,0.697458224592875,7.214175781040553,broad_network_transition_distribution,0.06635071090047394,True,True,auditable,,46.0,15.0,0.8767772511848341,0.12322274881516587
OM,K-Root,all_publicly_visible,,,0.0,0.0,,,,,,,,unknown_network_transition_concentration,,False,False,insufficient_no_inter_region_projection_segments,"minimum_mappable_segments,minimum_unique_probes,minimum_unique_probe_asns,maximum_country_fallback_share",0.0,0.0,,
OM,K-Root,resolved_entry_only,,,0.0,0.0,,,,,,,,unknown_network_transition_concentration,,False,False,insufficient_no_inter_region_projection_segments,"minimum_mappable_segments,minimum_unique_probes,minimum_unique_probe_asns,maximum_country_fallback_share",0.0,0.0,,
PA,K-Root,all_publicly_visible,5001,dns-root_k-root_msm5001_20260701T000000Z_010000Z.json,2.0,1.0,12956->12956,1.0,1.0,1.0,-0.0,0.0,1.0,severe_network_transition_concentration,0.0,True,False,"insufficient_minimum_mappable_segments,minimum_unique_probes,minimum_unique_probe_asns","minimum_mappable_segments,minimum_unique_probes,minimum_unique_probe_asns",1.0,1.0,0.0,1.0
PA,K-Root,resolved_entry_only,5001,dns-root_k-root_msm5001_20260701T000000Z_010000Z.json,2.0,1.0,12956->12956,1.0,1.0,1.0,-0.0,0.0,1.0,severe_network_transition_concentration,0.0,True,False,"insufficient_minimum_mappable_segments,minimum_unique_probes,minimum_unique_probe_asns","minimum_mappable_segments,minimum_unique_probes,minimum_unique_probe_asns",1.0,1.0,0.0,1.0
PE,K-Root,all_publicly_visible,5001,dns-root_k-root_msm5001_20260701T000000Z_010000Z.json,32.0,6.0,3356->3549,0.5,0.75,0.875,1.342972662334894,0.7495273140169244,3.830413122794295,weak_network_transition_concentration,0.25,True,True,auditable,,13.0,11.0,0.25,0.75
PE,K-Root,resolved_entry_only,5001,dns-root_k-root_msm5001_20260701T000000Z_010000Z.json,30.0,6.0,3356->3549,0.4666666666666667,0.7333333333333334,0.8666666666666667,1.3840704898737632,0.7724644482945378,3.9911143988939473,weak_network_transition_concentration,0.26666666666666666,True,True,auditable,,12.0,10.0,0.26666666666666666,0.7333333333333333
PF,K-Root,all_publicly_visible,,,0.0,0.0,,,,,,,,unknown_network_transition_concentration,,False,False,insufficient_no_inter_region_projection_segments,"minimum_mappable_segments,minimum_unique_probes,minimum_unique_probe_asns,maximum_country_fallback_share",0.0,0.0,,
PF,K-Root,resolved_entry_only,,,0.0,0.0,,,,,,,,unknown_network_transition_concentration,,False,False,insufficient_no_inter_region_projection_segments,"minimum_mappable_segments,minimum_unique_probes,minimum_unique_probe_asns,maximum_country_fallback_share",0.0,0.0,,
PG,K-Root,all_publicly_visible,5001,dns-root_k-root_msm5001_20260701T000000Z_010000Z.json,6.0,2.0,6939->6939,0.6666666666666666,1.0,1.0,0.6365141682948128,0.9182958340544894,1.8898815748423097,moderate_network_transition_concentration,0.0,True,False,"insufficient_minimum_mappable_segments,minimum_unique_probes,minimum_unique_probe_asns","minimum_mappable_segments,minimum_unique_probes,minimum_unique_probe_asns",1.0,1.0,0.5,0.5
PG,K-Root,resolved_entry_only,5001,dns-root_k-root_msm5001_20260701T000000Z_010000Z.json,6.0,2.0,6939->6939,0.6666666666666666,1.0,1.0,0.6365141682948128,0.9182958340544894,1.8898815748423097,moderate_network_transition_concentration,0.0,True,False,"insufficient_minimum_mappable_segments,minimum_unique_probes,minimum_unique_probe_asns","minimum_mappable_segments,minimum_unique_probes,minimum_unique_probe_asns",1.0,1.0,0.5,0.5
PH,K-Root,all_publicly_visible,5001,dns-root_k-root_msm5001_20260701T000000Z_010000Z.json,86.0,19.0,9299->9299,0.20930232558139536,0.313953488372093,0.4069767441860465,2.6672612069508435,0.9058639781035419,14.400475213153056,broad_network_transition_distribution,0.26744186046511625,True,True,auditable,,35.0,19.0,0.13953488372093023,0.8604651162790697
PH,K-Root,resolved_entry_only,5001,dns-root_k-root_msm5001_20260701T000000Z_010000Z.json,78.0,18.0,9299->9299,0.23076923076923078,0.34615384615384615,0.42307692307692313,2.5996079119897137,0.8994026131371796,13.458460099519758,broad_network_transition_distribution,0.19230769230769232,True,True,auditable,,31.0,18.0,0.15384615384615385,0.8461538461538461
PK,K-Root,all_publicly_visible,,,0.0,0.0,,,,,,,,unknown_network_transition_concentration,,False,False,insufficient_no_inter_region_projection_segments,"minimum_mappable_segments,minimum_unique_probes,minimum_unique_probe_asns,maximum_country_fallback_share",0.0,0.0,,
PK,K-Root,resolved_entry_only,,,0.0,0.0,,,,,,,,unknown_network_transition_concentration,,False,False,insufficient_no_inter_region_projection_segments,"minimum_mappable_segments,minimum_unique_probes,minimum_unique_probe_asns,maximum_country_fallback_share",0.0,0.0,,
PL,K-Root,all_publicly_visible,5001,dns-root_k-root_msm5001_20260701T000000Z_010000Z.json,4.0,1.0,7578->7578,1.0,1.0,1.0,-0.0,0.0,1.0,severe_network_transition_concentration,0.0,True,False,"insufficient_minimum_mappable_segments,minimum_unique_probes,minimum_unique_probe_asns","minimum_mappable_segments,minimum_unique_probes,minimum_unique_probe_asns",1.0,1.0,1.0,0.0
PL,K-Root,resolved_entry_only,5001,dns-root_k-root_msm5001_20260701T000000Z_010000Z.json,4.0,1.0,7578->7578,1.0,1.0,1.0,-0.0,0.0,1.0,severe_network_transition_concentration,0.0,True,False,"insufficient_minimum_mappable_segments,minimum_unique_probes,minimum_unique_probe_asns","minimum_mappable_segments,minimum_unique_probes,minimum_unique_probe_asns",1.0,1.0,1.0,0.0
PR,K-Root,all_publicly_visible,5001,dns-root_k-root_msm5001_20260701T000000Z_010000Z.json,4.0,2.0,5786->20080,0.5,1.0,1.0,0.6931471805599453,1.0,2.0,moderate_network_transition_concentration,0.0,True,False,"insufficient_minimum_mappable_segments,minimum_unique_probes,minimum_unique_probe_asns","minimum_mappable_segments,minimum_unique_probes,minimum_unique_probe_asns",2.0,2.0,0.0,1.0
PR,K-Root,resolved_entry_only,5001,dns-root_k-root_msm5001_20260701T000000Z_010000Z.json,2.0,1.0,23114->23114,1.0,1.0,1.0,-0.0,0.0,1.0,severe_network_transition_concentration,0.0,True,False,"insufficient_minimum_mappable_segments,minimum_unique_probes,minimum_unique_probe_asns","minimum_mappable_segments,minimum_unique_probes,minimum_unique_probe_asns",1.0,1.0,0.0,1.0
PS,K-Root,all_publicly_visible,,,0.0,0.0,,,,,,,,unknown_network_transition_concentration,,False,False,insufficient_no_inter_region_projection_segments,"minimum_mappable_segments,minimum_unique_probes,minimum_unique_probe_asns,maximum_country_fallback_share",0.0,0.0,,
PS,K-Root,resolved_entry_only,,,0.0,0.0,,,,,,,,unknown_network_transition_concentration,,False,False,insufficient_no_inter_region_projection_segments,"minimum_mappable_segments,minimum_unique_probes,minimum_unique_probe_asns,maximum_country_fallback_share",0.0,0.0,,
PT,K-Root,all_publicly_visible,5001,dns-root_k-root_msm5001_20260701T000000Z_010000Z.json,216.0,16.0,6424->62416,0.2638888888888889,0.4814814814814815,0.5833333333333334,2.2169137204090106,0.7995826076281954,9.178958273940149,broad_network_transition_distribution,0.009259259259259259,True,True,auditable,,54.0,13.0,1.0,0.0
PT,K-Root,resolved_entry_only,5001,dns-root_k-root_msm5001_20260701T000000Z_010000Z.json,212.0,16.0,6424->62416,0.2688679245283019,0.49056603773584906,0.5943396226415094,2.19464386988152,0.7915504568988581,8.976803577372214,broad_network_transition_distribution,0.009433962264150943,True,True,auditable,,54.0,13.0,1.0,0.0
PW,K-Root,all_publicly_visible,,,0.0,0.0,,,,,,,,unknown_network_transition_concentration,,False,False,insufficient_no_inter_region_projection_segments,"minimum_mappable_segments,minimum_unique_probes,minimum_unique_probe_asns,maximum_country_fallback_share",0.0,0.0,,
PW,K-Root,resolved_entry_only,,,0.0,0.0,,,,,,,,unknown_network_transition_concentration,,False,False,insufficient_no_inter_region_projection_segments,"minimum_mappable_segments,minimum_unique_probes,minimum_unique_probe_asns,maximum_country_fallback_share",0.0,0.0,,
PY,K-Root,all_publicly_visible,,,0.0,0.0,,,,,,,,unknown_network_transition_concentration,,False,False,insufficient_no_inter_region_projection_segments,"minimum_mappable_segments,minimum_unique_probes,minimum_unique_probe_asns,maximum_country_fallback_share",0.0,0.0,,
PY,K-Root,resolved_entry_only,,,0.0,0.0,,,,,,,,unknown_network_transition_concentration,,False,False,insufficient_no_inter_region_projection_segments,"minimum_mappable_segments,minimum_unique_probes,minimum_unique_probe_asns,maximum_country_fallback_share",0.0,0.0,,
QA,K-Root,all_publicly_visible,5001,dns-root_k-root_msm5001_20260701T000000Z_010000Z.json,2.0,1.0,8781->8781,1.0,1.0,1.0,-0.0,0.0,1.0,severe_network_transition_concentration,0.0,True,False,"insufficient_minimum_mappable_segments,minimum_unique_probes,minimum_unique_probe_asns","minimum_mappable_segments,minimum_unique_probes,minimum_unique_probe_asns",1.0,1.0,0.0,1.0
QA,K-Root,resolved_entry_only,5001,dns-root_k-root_msm5001_20260701T000000Z_010000Z.json,2.0,1.0,8781->8781,1.0,1.0,1.0,-0.0,0.0,1.0,severe_network_transition_concentration,0.0,True,False,"insufficient_minimum_mappable_segments,minimum_unique_probes,minimum_unique_probe_asns","minimum_mappable_segments,minimum_unique_probes,minimum_unique_probe_asns",1.0,1.0,0.0,1.0
RE,K-Root,all_publicly_visible,,,0.0,0.0,,,,,,,,unknown_network_transition_concentration,,False,False,insufficient_no_inter_region_projection_segments,"minimum_mappable_segments,minimum_unique_probes,minimum_unique_probe_asns,maximum_country_fallback_share",0.0,0.0,,
RE,K-Root,resolved_entry_only,,,0.0,0.0,,,,,,,,unknown_network_transition_concentration,,False,False,insufficient_no_inter_region_projection_segments,"minimum_mappable_segments,minimum_unique_probes,minimum_unique_probe_asns,maximum_country_fallback_share",0.0,0.0,,
RO,K-Root,all_publicly_visible,5001,dns-root_k-root_msm5001_20260701T000000Z_010000Z.json,4.0,1.0,9158->9158,1.0,1.0,1.0,-0.0,0.0,1.0,severe_network_transition_concentration,0.0,True,False,"insufficient_minimum_mappable_segments,minimum_unique_probes,minimum_unique_probe_asns","minimum_mappable_segments,minimum_unique_probes,minimum_unique_probe_asns",1.0,1.0,1.0,0.0
RO,K-Root,resolved_entry_only,5001,dns-root_k-root_msm5001_20260701T000000Z_010000Z.json,4.0,1.0,9158->9158,1.0,1.0,1.0,-0.0,0.0,1.0,severe_network_transition_concentration,0.0,True,False,"insufficient_minimum_mappable_segments,minimum_unique_probes,minimum_unique_probe_asns","minimum_mappable_segments,minimum_unique_probes,minimum_unique_probe_asns",1.0,1.0,1.0,0.0
RS,K-Root,all_publicly_visible,,,0.0,0.0,,,,,,,,unknown_network_transition_concentration,,False,False,insufficient_no_inter_region_projection_segments,"minimum_mappable_segments,minimum_unique_probes,minimum_unique_probe_asns,maximum_country_fallback_share",0.0,0.0,,
RS,K-Root,resolved_entry_only,,,0.0,0.0,,,,,,,,unknown_network_transition_concentration,,False,False,insufficient_no_inter_region_projection_segments,"minimum_mappable_segments,minimum_unique_probes,minimum_unique_probe_asns,maximum_country_fallback_share",0.0,0.0,,
RU,K-Root,all_publicly_visible,,,0.0,0.0,,,,,,,,unknown_network_transition_concentration,,False,False,insufficient_no_inter_region_projection_segments,"minimum_mappable_segments,minimum_unique_probes,minimum_unique_probe_asns,maximum_country_fallback_share",0.0,0.0,,
RU,K-Root,resolved_entry_only,,,0.0,0.0,,,,,,,,unknown_network_transition_concentration,,False,False,insufficient_no_inter_region_projection_segments,"minimum_mappable_segments,minimum_unique_probes,minimum_unique_probe_asns,maximum_country_fallback_share",0.0,0.0,,
RW,K-Root,all_publicly_visible,,,0.0,0.0,,,,,,,,unknown_network_transition_concentration,,False,False,insufficient_no_inter_region_projection_segments,"minimum_mappable_segments,minimum_unique_probes,minimum_unique_probe_asns,maximum_country_fallback_share",0.0,0.0,,
RW,K-Root,resolved_entry_only,,,0.0,0.0,,,,,,,,unknown_network_transition_concentration,,False,False,insufficient_no_inter_region_projection_segments,"minimum_mappable_segments,minimum_unique_probes,minimum_unique_probe_asns,maximum_country_fallback_share",0.0,0.0,,
SA,K-Root,all_publicly_visible,,,0.0,0.0,,,,,,,,unknown_network_transition_concentration,,False,False,insufficient_no_inter_region_projection_segments,"minimum_mappable_segments,minimum_unique_probes,minimum_unique_probe_asns,maximum_country_fallback_share",0.0,0.0,,
SA,K-Root,resolved_entry_only,,,0.0,0.0,,,,,,,,unknown_network_transition_concentration,,False,False,insufficient_no_inter_region_projection_segments,"minimum_mappable_segments,minimum_unique_probes,minimum_unique_probe_asns,maximum_country_fallback_share",0.0,0.0,,
SE,K-Root,all_publicly_visible,5001,dns-root_k-root_msm5001_20260701T000000Z_010000Z.json,228.0,16.0,8473->8473,0.25,0.45175438596491224,0.618421052631579,2.1804692482696897,0.7864380428223918,8.8504583467298,broad_network_transition_distribution,0.043859649122807015,True,True,auditable,,36.0,16.0,0.956140350877193,0.043859649122807015
SE,K-Root,resolved_entry_only,5001,dns-root_k-root_msm5001_20260701T000000Z_010000Z.json,224.0,16.0,8473->8473,0.2544642857142857,0.45982142857142855,0.6116071428571428,2.1865933796966917,0.7886468563322638,8.90482602431436,broad_network_transition_distribution,0.044642857142857144,True,True,auditable,,35.0,16.0,0.9553571428571429,0.044642857142857144
SG,K-Root,all_publicly_visible,5001,dns-root_k-root_msm5001_20260701T000000Z_010000Z.json,538.0,53.0,3758->3758,0.08364312267657993,0.1654275092936803,0.23605947955390336,3.4580701597686794,0.870986374569831,31.755634042973643,broad_network_transition_distribution,0.1691449814126394,True,True,auditable,,94.0,45.0,0.7788104089219331,0.2211895910780669
SG,K-Root,resolved_entry_only,5001,dns-root_k-root_msm5001_20260701T000000Z_010000Z.json,502.0,50.0,3758->3758,0.08964143426294821,0.17729083665338646,0.25298804780876494,3.4103933632730596,0.8717723179390694,30.277151836790175,broad_network_transition_distribution,0.14741035856573706,True,True,auditable,,90.0,44.0,0.7848605577689243,0.2151394422310757
SI,K-Root,all_publicly_visible,,,0.0,0.0,,,,,,,,unknown_network_transition_concentration,,False,False,insufficient_no_inter_region_projection_segments,"minimum_mappable_segments,minimum_unique_probes,minimum_unique_probe_asns,maximum_country_fallback_share",0.0,0.0,,
SI,K-Root,resolved_entry_only,,,0.0,0.0,,,,,,,,unknown_network_transition_concentration,,False,False,insufficient_no_inter_region_projection_segments,"minimum_mappable_segments,minimum_unique_probes,minimum_unique_probe_asns,maximum_country_fallback_share",0.0,0.0,,
SK,K-Root,all_publicly_visible,,,0.0,0.0,,,,,,,,unknown_network_transition_concentration,,False,False,insufficient_no_inter_region_projection_segments,"minimum_mappable_segments,minimum_unique_probes,minimum_unique_probe_asns,maximum_country_fallback_share",0.0,0.0,,
SK,K-Root,resolved_entry_only,,,0.0,0.0,,,,,,,,unknown_network_transition_concentration,,False,False,insufficient_no_inter_region_projection_segments,"minimum_mappable_segments,minimum_unique_probes,minimum_unique_probe_asns,maximum_country_fallback_share",0.0,0.0,,
SL,K-Root,all_publicly_visible,5001,dns-root_k-root_msm5001_20260701T000000Z_010000Z.json,4.0,2.0,COUNTRY_FALLBACK:GH->NG,0.5,1.0,1.0,0.6931471805599453,1.0,2.0,moderate_network_transition_concentration,1.0,False,False,"insufficient_minimum_mappable_segments,minimum_unique_probes,minimum_unique_probe_asns,maximum_country_fallback_share","minimum_mappable_segments,minimum_unique_probes,minimum_unique_probe_asns,maximum_country_fallback_share",1.0,1.0,0.0,1.0
SL,K-Root,resolved_entry_only,5001,dns-root_k-root_msm5001_20260701T000000Z_010000Z.json,4.0,2.0,COUNTRY_FALLBACK:GH->NG,0.5,1.0,1.0,0.6931471805599453,1.0,2.0,moderate_network_transition_concentration,1.0,False,False,"insufficient_minimum_mappable_segments,minimum_unique_probes,minimum_unique_probe_asns,maximum_country_fallback_share","minimum_mappable_segments,minimum_unique_probes,minimum_unique_probe_asns,maximum_country_fallback_share",1.0,1.0,0.0,1.0
SM,K-Root,all_publicly_visible,,,0.0,0.0,,,,,,,,unknown_network_transition_concentration,,False,False,insufficient_no_inter_region_projection_segments,"minimum_mappable_segments,minimum_unique_probes,minimum_unique_probe_asns,maximum_country_fallback_share",0.0,0.0,,
SM,K-Root,resolved_entry_only,,,0.0,0.0,,,,,,,,unknown_network_transition_concentration,,False,False,insufficient_no_inter_region_projection_segments,"minimum_mappable_segments,minimum_unique_probes,minimum_unique_probe_asns,maximum_country_fallback_share",0.0,0.0,,
SN,K-Root,all_publicly_visible,,,0.0,0.0,,,,,,,,unknown_network_transition_concentration,,False,False,insufficient_no_inter_region_projection_segments,"minimum_mappable_segments,minimum_unique_probes,minimum_unique_probe_asns,maximum_country_fallback_share",0.0,0.0,,
SN,K-Root,resolved_entry_only,,,0.0,0.0,,,,,,,,unknown_network_transition_concentration,,False,False,insufficient_no_inter_region_projection_segments,"minimum_mappable_segments,minimum_unique_probes,minimum_unique_probe_asns,maximum_country_fallback_share",0.0,0.0,,
SR,K-Root,all_publicly_visible,5001,dns-root_k-root_msm5001_20260701T000000Z_010000Z.json,1.0,1.0,23520->23520,1.0,1.0,1.0,-0.0,0.0,1.0,severe_network_transition_concentration,0.0,True,False,"insufficient_minimum_mappable_segments,minimum_unique_probes,minimum_unique_probe_asns","minimum_mappable_segments,minimum_unique_probes,minimum_unique_probe_asns",1.0,1.0,0.0,1.0
SR,K-Root,resolved_entry_only,5001,dns-root_k-root_msm5001_20260701T000000Z_010000Z.json,1.0,1.0,23520->23520,1.0,1.0,1.0,-0.0,0.0,1.0,severe_network_transition_concentration,0.0,True,False,"insufficient_minimum_mappable_segments,minimum_unique_probes,minimum_unique_probe_asns","minimum_mappable_segments,minimum_unique_probes,minimum_unique_probe_asns",1.0,1.0,0.0,1.0
SS,K-Root,all_publicly_visible,,,0.0,0.0,,,,,,,,unknown_network_transition_concentration,,False,False,insufficient_no_inter_region_projection_segments,"minimum_mappable_segments,minimum_unique_probes,minimum_unique_probe_asns,maximum_country_fallback_share",0.0,0.0,,
SS,K-Root,resolved_entry_only,,,0.0,0.0,,,,,,,,unknown_network_transition_concentration,,False,False,insufficient_no_inter_region_projection_segments,"minimum_mappable_segments,minimum_unique_probes,minimum_unique_probe_asns,maximum_country_fallback_share",0.0,0.0,,
SV,K-Root,all_publicly_visible,5001,dns-root_k-root_msm5001_20260701T000000Z_010000Z.json,10.0,1.0,12956->12956,1.0,1.0,1.0,-0.0,0.0,1.0,severe_network_transition_concentration,0.0,True,False,"insufficient_minimum_mappable_segments,minimum_unique_probes","minimum_mappable_segments,minimum_unique_probes",5.0,3.0,0.0,1.0
SV,K-Root,resolved_entry_only,5001,dns-root_k-root_msm5001_20260701T000000Z_010000Z.json,10.0,1.0,12956->12956,1.0,1.0,1.0,-0.0,0.0,1.0,severe_network_transition_concentration,0.0,True,False,"insufficient_minimum_mappable_segments,minimum_unique_probes","minimum_mappable_segments,minimum_unique_probes",5.0,3.0,0.0,1.0
SY,K-Root,all_publicly_visible,,,0.0,0.0,,,,,,,,unknown_network_transition_concentration,,False,False,insufficient_no_inter_region_projection_segments,"minimum_mappable_segments,minimum_unique_probes,minimum_unique_probe_asns,maximum_country_fallback_share",0.0,0.0,,
SY,K-Root,resolved_entry_only,,,0.0,0.0,,,,,,,,unknown_network_transition_concentration,,False,False,insufficient_no_inter_region_projection_segments,"minimum_mappable_segments,minimum_unique_probes,minimum_unique_probe_asns,maximum_country_fallback_share",0.0,0.0,,
TD,K-Root,all_publicly_visible,,,0.0,0.0,,,,,,,,unknown_network_transition_concentration,,False,False,insufficient_no_inter_region_projection_segments,"minimum_mappable_segments,minimum_unique_probes,minimum_unique_probe_asns,maximum_country_fallback_share",0.0,0.0,,
TD,K-Root,resolved_entry_only,,,0.0,0.0,,,,,,,,unknown_network_transition_concentration,,False,False,insufficient_no_inter_region_projection_segments,"minimum_mappable_segments,minimum_unique_probes,minimum_unique_probe_asns,maximum_country_fallback_share",0.0,0.0,,
TG,K-Root,all_publicly_visible,,,0.0,0.0,,,,,,,,unknown_network_transition_concentration,,False,False,insufficient_no_inter_region_projection_segments,"minimum_mappable_segments,minimum_unique_probes,minimum_unique_probe_asns,maximum_country_fallback_share",0.0,0.0,,
TG,K-Root,resolved_entry_only,,,0.0,0.0,,,,,,,,unknown_network_transition_concentration,,False,False,insufficient_no_inter_region_projection_segments,"minimum_mappable_segments,minimum_unique_probes,minimum_unique_probe_asns,maximum_country_fallback_share",0.0,0.0,,
TH,K-Root,all_publicly_visible,5001,dns-root_k-root_msm5001_20260701T000000Z_010000Z.json,20.0,4.0,COUNTRY_FALLBACK:SG->SG,0.35,0.6,0.8,1.35778649882815,0.9794359242226802,3.887578611187184,weak_network_transition_concentration,0.35,False,False,"insufficient_minimum_mappable_segments,maximum_country_fallback_share","minimum_mappable_segments,maximum_country_fallback_share",11.0,6.0,0.75,0.25
TH,K-Root,resolved_entry_only,5001,dns-root_k-root_msm5001_20260701T000000Z_010000Z.json,20.0,4.0,COUNTRY_FALLBACK:SG->SG,0.35,0.6,0.8,1.35778649882815,0.9794359242226802,3.887578611187184,weak_network_transition_concentration,0.35,False,False,"insufficient_minimum_mappable_segments,maximum_country_fallback_share","minimum_mappable_segments,maximum_country_fallback_share",11.0,6.0,0.75,0.25
TJ,K-Root,all_publicly_visible,5001,dns-root_k-root_msm5001_20260701T000000Z_010000Z.json,15.0,4.0,58453->58453,0.4,0.6666666666666667,0.9333333333333333,1.2519894208137132,0.9031194643266949,3.497293630002279,weak_network_transition_concentration,0.0,True,False,"insufficient_minimum_mappable_segments,minimum_unique_probes,minimum_unique_probe_asns","minimum_mappable_segments,minimum_unique_probes,minimum_unique_probe_asns",2.0,2.0,0.5333333333333333,0.4666666666666667
TJ,K-Root,resolved_entry_only,5001,dns-root_k-root_msm5001_20260701T000000Z_010000Z.json,6.0,3.0,58453->58453,0.3333333333333333,0.6666666666666666,1.0,1.0986122886681096,0.9999999999999998,2.9999999999999996,weak_network_transition_concentration,0.0,True,False,"insufficient_minimum_mappable_segments,minimum_unique_probes,minimum_unique_probe_asns","minimum_mappable_segments,minimum_unique_probes,minimum_unique_probe_asns",1.0,1.0,0.5,0.5
TL,K-Root,all_publicly_visible,5001,dns-root_k-root_msm5001_20260701T000000Z_010000Z.json,20.0,5.0,1299->1299,0.3,0.6,0.8,1.5047882836811908,0.9349775297671233,4.503200128402044,weak_network_transition_concentration,0.0,True,False,"insufficient_minimum_mappable_segments,minimum_unique_probes,minimum_unique_probe_asns","minimum_mappable_segments,minimum_unique_probes,minimum_unique_probe_asns",4.0,2.0,0.6,0.4
TL,K-Root,resolved_entry_only,5001,dns-root_k-root_msm5001_20260701T000000Z_010000Z.json,20.0,5.0,1299->1299,0.3,0.6,0.8,1.5047882836811908,0.9349775297671233,4.503200128402044,weak_network_transition_concentration,0.0,True,False,"insufficient_minimum_mappable_segments,minimum_unique_probes,minimum_unique_probe_asns","minimum_mappable_segments,minimum_unique_probes,minimum_unique_probe_asns",4.0,2.0,0.6,0.4
TN,K-Root,all_publicly_visible,,,0.0,0.0,,,,,,,,unknown_network_transition_concentration,,False,False,insufficient_no_inter_region_projection_segments,"minimum_mappable_segments,minimum_unique_probes,minimum_unique_probe_asns,maximum_country_fallback_share",0.0,0.0,,
TN,K-Root,resolved_entry_only,,,0.0,0.0,,,,,,,,unknown_network_transition_concentration,,False,False,insufficient_no_inter_region_projection_segments,"minimum_mappable_segments,minimum_unique_probes,minimum_unique_probe_asns,maximum_country_fallback_share",0.0,0.0,,
TO,K-Root,all_publicly_visible,5001,dns-root_k-root_msm5001_20260701T000000Z_010000Z.json,10.0,3.0,7575->7575,0.6,0.8,1.0,0.9502705392332347,0.8649735207179272,2.586409289858933,moderate_network_transition_concentration,0.0,True,False,"insufficient_minimum_mappable_segments,minimum_unique_probes,minimum_unique_probe_asns","minimum_mappable_segments,minimum_unique_probes,minimum_unique_probe_asns",1.0,1.0,0.4,0.6
TO,K-Root,resolved_entry_only,5001,dns-root_k-root_msm5001_20260701T000000Z_010000Z.json,10.0,3.0,7575->7575,0.6,0.8,1.0,0.9502705392332347,0.8649735207179272,2.586409289858933,moderate_network_transition_concentration,0.0,True,False,"insufficient_minimum_mappable_segments,minimum_unique_probes,minimum_unique_probe_asns","minimum_mappable_segments,minimum_unique_probes,minimum_unique_probe_asns",1.0,1.0,0.4,0.6
TR,K-Root,all_publicly_visible,5001,dns-root_k-root_msm5001_20260701T000000Z_010000Z.json,6.0,1.0,COUNTRY_FALLBACK:TR->GR,1.0,1.0,1.0,-0.0,0.0,1.0,severe_network_transition_concentration,1.0,False,False,"insufficient_minimum_mappable_segments,minimum_unique_probes,minimum_unique_probe_asns,maximum_country_fallback_share","minimum_mappable_segments,minimum_unique_probes,minimum_unique_probe_asns,maximum_country_fallback_share",3.0,1.0,0.0,1.0
TR,K-Root,resolved_entry_only,5001,dns-root_k-root_msm5001_20260701T000000Z_010000Z.json,6.0,1.0,COUNTRY_FALLBACK:TR->GR,1.0,1.0,1.0,-0.0,0.0,1.0,severe_network_transition_concentration,1.0,False,False,"insufficient_minimum_mappable_segments,minimum_unique_probes,minimum_unique_probe_asns,maximum_country_fallback_share","minimum_mappable_segments,minimum_unique_probes,minimum_unique_probe_asns,maximum_country_fallback_share",3.0,1.0,0.0,1.0
TT,K-Root,all_publicly_visible,,,0.0,0.0,,,,,,,,unknown_network_transition_concentration,,False,False,insufficient_no_inter_region_projection_segments,"minimum_mappable_segments,minimum_unique_probes,minimum_unique_probe_asns,maximum_country_fallback_share",0.0,0.0,,
TT,K-Root,resolved_entry_only,,,0.0,0.0,,,,,,,,unknown_network_transition_concentration,,False,False,insufficient_no_inter_region_projection_segments,"minimum_mappable_segments,minimum_unique_probes,minimum_unique_probe_asns,maximum_country_fallback_share",0.0,0.0,,
TV,K-Root,all_publicly_visible,5001,dns-root_k-root_msm5001_20260701T000000Z_010000Z.json,4.0,2.0,COUNTRY_FALLBACK:FJ->AU,0.5,1.0,1.0,0.6931471805599453,1.0,2.0,moderate_network_transition_concentration,1.0,False,False,"insufficient_minimum_mappable_segments,minimum_unique_probes,minimum_unique_probe_asns,maximum_country_fallback_share","minimum_mappable_segments,minimum_unique_probes,minimum_unique_probe_asns,maximum_country_fallback_share",1.0,1.0,0.5,0.5
TV,K-Root,resolved_entry_only,5001,dns-root_k-root_msm5001_20260701T000000Z_010000Z.json,4.0,2.0,COUNTRY_FALLBACK:FJ->AU,0.5,1.0,1.0,0.6931471805599453,1.0,2.0,moderate_network_transition_concentration,1.0,False,False,"insufficient_minimum_mappable_segments,minimum_unique_probes,minimum_unique_probe_asns,maximum_country_fallback_share","minimum_mappable_segments,minimum_unique_probes,minimum_unique_probe_asns,maximum_country_fallback_share",1.0,1.0,0.5,0.5
TW,K-Root,all_publicly_visible,5001,dns-root_k-root_msm5001_20260701T000000Z_010000Z.json,66.0,9.0,COUNTRY_FALLBACK:TW->TW,0.5303030303030303,0.6818181818181818,0.7727272727272727,1.5614300773331369,0.7106374530117987,4.765631596036536,broad_network_transition_distribution,0.5303030303030303,False,False,insufficient_maximum_country_fallback_share,maximum_country_fallback_share,28.0,8.0,0.9242424242424242,0.07575757575757576
TW,K-Root,resolved_entry_only,5001,dns-root_k-root_msm5001_20260701T000000Z_010000Z.json,66.0,9.0,COUNTRY_FALLBACK:TW->TW,0.5303030303030303,0.6818181818181818,0.7727272727272727,1.5614300773331369,0.7106374530117987,4.765631596036536,broad_network_transition_distribution,0.5303030303030303,False,False,insufficient_maximum_country_fallback_share,maximum_country_fallback_share,28.0,8.0,0.9242424242424242,0.07575757575757576
TZ,K-Root,all_publicly_visible,,,0.0,0.0,,,,,,,,unknown_network_transition_concentration,,False,False,insufficient_no_inter_region_projection_segments,"minimum_mappable_segments,minimum_unique_probes,minimum_unique_probe_asns,maximum_country_fallback_share",0.0,0.0,,
TZ,K-Root,resolved_entry_only,,,0.0,0.0,,,,,,,,unknown_network_transition_concentration,,False,False,insufficient_no_inter_region_projection_segments,"minimum_mappable_segments,minimum_unique_probes,minimum_unique_probe_asns,maximum_country_fallback_share",0.0,0.0,,
UA,K-Root,all_publicly_visible,,,0.0,0.0,,,,,,,,unknown_network_transition_concentration,,False,False,insufficient_no_inter_region_projection_segments,"minimum_mappable_segments,minimum_unique_probes,minimum_unique_probe_asns,maximum_country_fallback_share",0.0,0.0,,
UA,K-Root,resolved_entry_only,,,0.0,0.0,,,,,,,,unknown_network_transition_concentration,,False,False,insufficient_no_inter_region_projection_segments,"minimum_mappable_segments,minimum_unique_probes,minimum_unique_probe_asns,maximum_country_fallback_share",0.0,0.0,,
UG,K-Root,all_publicly_visible,5001,dns-root_k-root_msm5001_20260701T000000Z_010000Z.json,1.0,1.0,30844->30844,1.0,1.0,1.0,-0.0,0.0,1.0,severe_network_transition_concentration,0.0,True,False,"insufficient_minimum_mappable_segments,minimum_unique_probes,minimum_unique_probe_asns","minimum_mappable_segments,minimum_unique_probes,minimum_unique_probe_asns",1.0,1.0,0.0,1.0
UG,K-Root,resolved_entry_only,5001,dns-root_k-root_msm5001_20260701T000000Z_010000Z.json,1.0,1.0,30844->30844,1.0,1.0,1.0,-0.0,0.0,1.0,severe_network_transition_concentration,0.0,True,False,"insufficient_minimum_mappable_segments,minimum_unique_probes,minimum_unique_probe_asns","minimum_mappable_segments,minimum_unique_probes,minimum_unique_probe_asns",1.0,1.0,0.0,1.0
US,K-Root,all_publicly_visible,5001,dns-root_k-root_msm5001_20260701T000000Z_010000Z.json,948.0,50.0,COUNTRY_FALLBACK:US->US,0.3639240506329114,0.6012658227848101,0.6592827004219409,2.367557045514648,0.6052001847201648,10.671290936831847,broad_network_transition_distribution,0.3681434599156118,False,False,insufficient_maximum_country_fallback_share,maximum_country_fallback_share,301.0,77.0,0.9483122362869199,0.05168776371308017
US,K-Root,resolved_entry_only,5001,dns-root_k-root_msm5001_20260701T000000Z_010000Z.json,713.0,46.0,COUNTRY_FALLBACK:US->US,0.48106591865357645,0.5582047685834503,0.6339410939691444,2.3438680237393195,0.6121931466051304,10.421469192421293,broad_network_transition_distribution,0.48667601683029454,False,False,insufficient_maximum_country_fallback_share,maximum_country_fallback_share,255.0,75.0,0.9340813464235624,0.06591865357643759
UY,K-Root,all_publicly_visible,,,0.0,0.0,,,,,,,,unknown_network_transition_concentration,,False,False,insufficient_no_inter_region_projection_segments,"minimum_mappable_segments,minimum_unique_probes,minimum_unique_probe_asns,maximum_country_fallback_share",0.0,0.0,,
UY,K-Root,resolved_entry_only,,,0.0,0.0,,,,,,,,unknown_network_transition_concentration,,False,False,insufficient_no_inter_region_projection_segments,"minimum_mappable_segments,minimum_unique_probes,minimum_unique_probe_asns,maximum_country_fallback_share",0.0,0.0,,
UZ,K-Root,all_publicly_visible,5001,dns-root_k-root_msm5001_20260701T000000Z_010000Z.json,43.0,4.0,58453->58453,0.3953488372093023,0.627906976744186,0.8372093023255813,1.3289473245700902,0.9586328573799625,3.777065270295774,weak_network_transition_concentration,0.0,True,False,insufficient_minimum_unique_probes,minimum_unique_probes,5.0,5.0,0.6046511627906976,0.3953488372093023
UZ,K-Root,resolved_entry_only,5001,dns-root_k-root_msm5001_20260701T000000Z_010000Z.json,43.0,4.0,58453->58453,0.3953488372093023,0.627906976744186,0.8372093023255813,1.3289473245700902,0.9586328573799625,3.777065270295774,weak_network_transition_concentration,0.0,True,False,insufficient_minimum_unique_probes,minimum_unique_probes,5.0,5.0,0.6046511627906976,0.3953488372093023
VA,K-Root,all_publicly_visible,,,0.0,0.0,,,,,,,,unknown_network_transition_concentration,,False,False,insufficient_no_inter_region_projection_segments,"minimum_mappable_segments,minimum_unique_probes,minimum_unique_probe_asns,maximum_country_fallback_share",0.0,0.0,,
VA,K-Root,resolved_entry_only,,,0.0,0.0,,,,,,,,unknown_network_transition_concentration,,False,False,insufficient_no_inter_region_projection_segments,"minimum_mappable_segments,minimum_unique_probes,minimum_unique_probe_asns,maximum_country_fallback_share",0.0,0.0,,
VE,K-Root,all_publicly_visible,5001,dns-root_k-root_msm5001_20260701T000000Z_010000Z.json,13.0,4.0,52320->52320,0.5384615384615384,0.6923076923076923,0.8461538461538461,1.1972375015579317,0.8636243031319604,3.3109577618186523,weak_network_transition_concentration,0.15384615384615385,True,False,"insufficient_minimum_mappable_segments,minimum_unique_probes","minimum_mappable_segments,minimum_unique_probes",6.0,5.0,0.46153846153846156,0.5384615384615384
VE,K-Root,resolved_entry_only,5001,dns-root_k-root_msm5001_20260701T000000Z_010000Z.json,13.0,4.0,52320->52320,0.5384615384615384,0.6923076923076923,0.8461538461538461,1.1972375015579317,0.8636243031319604,3.3109577618186523,weak_network_transition_concentration,0.15384615384615385,True,False,"insufficient_minimum_mappable_segments,minimum_unique_probes","minimum_mappable_segments,minimum_unique_probes",6.0,5.0,0.46153846153846156,0.5384615384615384
VI,K-Root,all_publicly_visible,5001,dns-root_k-root_msm5001_20260701T000000Z_010000Z.json,4.0,1.0,14434->14434,1.0,1.0,1.0,-0.0,0.0,1.0,severe_network_transition_concentration,0.0,True,False,"insufficient_minimum_mappable_segments,minimum_unique_probes,minimum_unique_probe_asns","minimum_mappable_segments,minimum_unique_probes,minimum_unique_probe_asns",2.0,1.0,0.0,1.0
VI,K-Root,resolved_entry_only,5001,dns-root_k-root_msm5001_20260701T000000Z_010000Z.json,4.0,1.0,14434->14434,1.0,1.0,1.0,-0.0,0.0,1.0,severe_network_transition_concentration,0.0,True,False,"insufficient_minimum_mappable_segments,minimum_unique_probes,minimum_unique_probe_asns","minimum_mappable_segments,minimum_unique_probes,minimum_unique_probe_asns",2.0,1.0,0.0,1.0
VN,K-Root,all_publicly_visible,,,0.0,0.0,,,,,,,,unknown_network_transition_concentration,,False,False,insufficient_no_inter_region_projection_segments,"minimum_mappable_segments,minimum_unique_probes,minimum_unique_probe_asns,maximum_country_fallback_share",0.0,0.0,,
VN,K-Root,resolved_entry_only,,,0.0,0.0,,,,,,,,unknown_network_transition_concentration,,False,False,insufficient_no_inter_region_projection_segments,"minimum_mappable_segments,minimum_unique_probes,minimum_unique_probe_asns,maximum_country_fallback_share",0.0,0.0,,
VU,K-Root,all_publicly_visible,5001,dns-root_k-root_msm5001_20260701T000000Z_010000Z.json,5.0,3.0,38442->38442,0.4,0.8,1.0,1.0549201679861442,0.9602297178607612,2.8717458874925876,moderate_network_transition_concentration,0.4,False,False,"insufficient_minimum_mappable_segments,minimum_unique_probes,minimum_unique_probe_asns,maximum_country_fallback_share","minimum_mappable_segments,minimum_unique_probes,minimum_unique_probe_asns,maximum_country_fallback_share",1.0,1.0,0.4,0.6
VU,K-Root,resolved_entry_only,5001,dns-root_k-root_msm5001_20260701T000000Z_010000Z.json,5.0,3.0,38442->38442,0.4,0.8,1.0,1.0549201679861442,0.9602297178607612,2.8717458874925876,moderate_network_transition_concentration,0.4,False,False,"insufficient_minimum_mappable_segments,minimum_unique_probes,minimum_unique_probe_asns,maximum_country_fallback_share","minimum_mappable_segments,minimum_unique_probes,minimum_unique_probe_asns,maximum_country_fallback_share",1.0,1.0,0.4,0.6
YE,K-Root,all_publicly_visible,,,0.0,0.0,,,,,,,,unknown_network_transition_concentration,,False,False,insufficient_no_inter_region_projection_segments,"minimum_mappable_segments,minimum_unique_probes,minimum_unique_probe_asns,maximum_country_fallback_share",0.0,0.0,,
YE,K-Root,resolved_entry_only,,,0.0,0.0,,,,,,,,unknown_network_transition_concentration,,False,False,insufficient_no_inter_region_projection_segments,"minimum_mappable_segments,minimum_unique_probes,minimum_unique_probe_asns,maximum_country_fallback_share",0.0,0.0,,
ZA,K-Root,all_publicly_visible,5001,dns-root_k-root_msm5001_20260701T000000Z_010000Z.json,72.0,4.0,37721->37721,0.9166666666666666,0.9444444444444444,0.9722222222222222,0.3783870071118365,0.2729485293485317,1.4599278360152208,severe_network_transition_concentration,0.027777777777777776,True,True,auditable,,22.0,10.0,0.027777777777777776,0.9722222222222222
ZA,K-Root,resolved_entry_only,5001,dns-root_k-root_msm5001_20260701T000000Z_010000Z.json,72.0,4.0,37721->37721,0.9166666666666666,0.9444444444444444,0.9722222222222222,0.3783870071118365,0.2729485293485317,1.4599278360152208,severe_network_transition_concentration,0.027777777777777776,True,True,auditable,,22.0,10.0,0.027777777777777776,0.9722222222222222
ZM,K-Root,all_publicly_visible,,,0.0,0.0,,,,,,,,unknown_network_transition_concentration,,False,False,insufficient_no_inter_region_projection_segments,"minimum_mappable_segments,minimum_unique_probes,minimum_unique_probe_asns,maximum_country_fallback_share",0.0,0.0,,
ZM,K-Root,resolved_entry_only,,,0.0,0.0,,,,,,,,unknown_network_transition_concentration,,False,False,insufficient_no_inter_region_projection_segments,"minimum_mappable_segments,minimum_unique_probes,minimum_unique_probe_asns,maximum_country_fallback_share",0.0,0.0,,
ZW,K-Root,all_publicly_visible,,,0.0,0.0,,,,,,,,unknown_network_transition_concentration,,False,False,insufficient_no_inter_region_projection_segments,"minimum_mappable_segments,minimum_unique_probes,minimum_unique_probe_asns,maximum_country_fallback_share",0.0,0.0,,
ZW,K-Root,resolved_entry_only,,,0.0,0.0,,,,,,,,unknown_network_transition_concentration,,False,False,insufficient_no_inter_region_projection_segments,"minimum_mappable_segments,minimum_unique_probes,minimum_unique_probe_asns,maximum_country_fallback_share",0.0,0.0,,
