probe_country,country_geography_type,country_geography_classification_source,path_scope_stratum,total_valid_traces,mappable_traces,traces_with_inter_region_candidates,traces_with_domestic_inter_region_candidates,traces_with_international_inter_region_candidates,traces_with_intra_region_candidates,inter_region_candidate_exposure_rate,inter_region_candidate_rate_among_mappable_traces,domestic_inter_region_candidate_exposure_rate,international_inter_region_candidate_exposure_rate,intra_region_candidate_rate,candidate_dependency_proxy_rate,candidate_dependency_proxy_tier,unique_services,unique_probes,unique_probe_asns,service_entry_resolution_rate,geography_summary_eligible,geography_summary_eligibility_reason,candidate_dependency_proxy_interpretation
?,unknown,unclassified_or_missing_country_code,all_publicly_visible,1,1,0,0,0,0,0.0,0.0,0.0,0.0,0.0,0.0,no_observed_inter_region_candidate_exposure,1,1,1,1.0,False,"insufficient_minimum_mappable_traces,minimum_unique_probes,minimum_unique_probe_asns",trace share with at least one feasible domestic or international inter-region submarine-corridor candidate; not actual cable use or traffic dependency
?,unknown,unclassified_or_missing_country_code,resolved_entry_only,1,1,0,0,0,0,0.0,0.0,0.0,0.0,0.0,0.0,no_observed_inter_region_candidate_exposure,1,1,1,1.0,False,"insufficient_minimum_mappable_traces,minimum_unique_probes,minimum_unique_probe_asns",trace share with at least one feasible domestic or international inter-region submarine-corridor candidate; not actual cable use or traffic dependency
AD,landlocked,catalog_landlocked_list,all_publicly_visible,3,3,1,0,1,1,0.3333333333333333,0.3333333333333333,0.0,0.3333333333333333,0.3333333333333333,0.3333333333333333,very_high_candidate_dependency_proxy,1,3,1,0.3333333333333333,False,"insufficient_minimum_mappable_traces,minimum_unique_probes,minimum_unique_probe_asns",trace share with at least one feasible domestic or international inter-region submarine-corridor candidate; not actual cable use or traffic dependency
AD,landlocked,catalog_landlocked_list,resolved_entry_only,1,1,0,0,0,0,0.0,0.0,0.0,0.0,0.0,0.0,no_observed_inter_region_candidate_exposure,1,1,1,1.0,False,"insufficient_minimum_mappable_traces,minimum_unique_probes,minimum_unique_probe_asns",trace share with at least one feasible domestic or international inter-region submarine-corridor candidate; not actual cable use or traffic dependency
AE,coastal_mainland_or_mixed,catalog_default_alpha2_rule,all_publicly_visible,22,20,6,4,4,1,0.2727272727272727,0.3,0.18181818181818182,0.18181818181818182,0.045454545454545456,0.2727272727272727,high_candidate_dependency_proxy,1,22,14,0.5454545454545454,False,insufficient_minimum_mappable_traces,trace share with at least one feasible domestic or international inter-region submarine-corridor candidate; not actual cable use or traffic dependency
AE,coastal_mainland_or_mixed,catalog_default_alpha2_rule,resolved_entry_only,12,12,3,2,2,0,0.25,0.25,0.16666666666666666,0.16666666666666666,0.0,0.25,high_candidate_dependency_proxy,1,12,9,1.0,False,insufficient_minimum_mappable_traces,trace share with at least one feasible domestic or international inter-region submarine-corridor candidate; not actual cable use or traffic dependency
AF,landlocked,catalog_landlocked_list,all_publicly_visible,8,8,3,3,0,2,0.375,0.375,0.375,0.0,0.25,0.375,very_high_candidate_dependency_proxy,1,6,2,0.875,False,"insufficient_minimum_mappable_traces,minimum_unique_probes,minimum_unique_probe_asns",trace share with at least one feasible domestic or international inter-region submarine-corridor candidate; not actual cable use or traffic dependency
AF,landlocked,catalog_landlocked_list,resolved_entry_only,7,7,2,2,0,2,0.2857142857142857,0.2857142857142857,0.2857142857142857,0.0,0.2857142857142857,0.2857142857142857,high_candidate_dependency_proxy,1,6,2,1.0,False,"insufficient_minimum_mappable_traces,minimum_unique_probes,minimum_unique_probe_asns",trace share with at least one feasible domestic or international inter-region submarine-corridor candidate; not actual cable use or traffic dependency
AL,coastal_mainland_or_mixed,catalog_default_alpha2_rule,all_publicly_visible,29,27,4,1,3,4,0.13793103448275862,0.14814814814814814,0.034482758620689655,0.10344827586206896,0.13793103448275862,0.13793103448275862,moderate_candidate_dependency_proxy,1,29,20,0.6896551724137931,False,insufficient_minimum_mappable_traces,trace share with at least one feasible domestic or international inter-region submarine-corridor candidate; not actual cable use or traffic dependency
AL,coastal_mainland_or_mixed,catalog_default_alpha2_rule,resolved_entry_only,20,20,4,1,3,4,0.2,0.2,0.05,0.15,0.2,0.2,high_candidate_dependency_proxy,1,20,14,1.0,False,insufficient_minimum_mappable_traces,trace share with at least one feasible domestic or international inter-region submarine-corridor candidate; not actual cable use or traffic dependency
AM,landlocked,catalog_landlocked_list,all_publicly_visible,21,21,4,2,3,3,0.19047619047619047,0.19047619047619047,0.09523809523809523,0.14285714285714285,0.14285714285714285,0.19047619047619047,high_candidate_dependency_proxy,1,21,10,0.7142857142857143,False,insufficient_minimum_mappable_traces,trace share with at least one feasible domestic or international inter-region submarine-corridor candidate; not actual cable use or traffic dependency
AM,landlocked,catalog_landlocked_list,resolved_entry_only,15,15,3,2,2,2,0.2,0.2,0.13333333333333333,0.13333333333333333,0.13333333333333333,0.2,high_candidate_dependency_proxy,1,15,8,1.0,False,insufficient_minimum_mappable_traces,trace share with at least one feasible domestic or international inter-region submarine-corridor candidate; not actual cable use or traffic dependency
AO,coastal_mainland_or_mixed,catalog_default_alpha2_rule,all_publicly_visible,11,11,3,0,3,1,0.2727272727272727,0.2727272727272727,0.0,0.2727272727272727,0.09090909090909091,0.2727272727272727,high_candidate_dependency_proxy,1,11,5,0.8181818181818182,False,insufficient_minimum_mappable_traces,trace share with at least one feasible domestic or international inter-region submarine-corridor candidate; not actual cable use or traffic dependency
AO,coastal_mainland_or_mixed,catalog_default_alpha2_rule,resolved_entry_only,9,9,2,0,2,1,0.2222222222222222,0.2222222222222222,0.0,0.2222222222222222,0.1111111111111111,0.2222222222222222,high_candidate_dependency_proxy,1,9,5,1.0,False,"insufficient_minimum_mappable_traces,minimum_unique_probes",trace share with at least one feasible domestic or international inter-region submarine-corridor candidate; not actual cable use or traffic dependency
AR,coastal_mainland_or_mixed,catalog_default_alpha2_rule,all_publicly_visible,55,54,12,7,7,8,0.21818181818181817,0.2222222222222222,0.12727272727272726,0.12727272727272726,0.14545454545454545,0.21818181818181817,high_candidate_dependency_proxy,1,54,41,0.45454545454545453,True,eligible,trace share with at least one feasible domestic or international inter-region submarine-corridor candidate; not actual cable use or traffic dependency
AR,coastal_mainland_or_mixed,catalog_default_alpha2_rule,resolved_entry_only,25,25,6,5,2,4,0.24,0.24,0.2,0.08,0.16,0.24,high_candidate_dependency_proxy,1,25,23,1.0,False,insufficient_minimum_mappable_traces,trace share with at least one feasible domestic or international inter-region submarine-corridor candidate; not actual cable use or traffic dependency
AT,landlocked,catalog_landlocked_list,all_publicly_visible,229,221,35,25,17,36,0.15283842794759825,0.1583710407239819,0.1091703056768559,0.07423580786026202,0.1572052401746725,0.15283842794759825,high_candidate_dependency_proxy,1,224,85,0.5545851528384279,True,eligible,trace share with at least one feasible domestic or international inter-region submarine-corridor candidate; not actual cable use or traffic dependency
AT,landlocked,catalog_landlocked_list,resolved_entry_only,127,127,22,17,9,20,0.1732283464566929,0.1732283464566929,0.13385826771653545,0.07086614173228346,0.15748031496062992,0.1732283464566929,high_candidate_dependency_proxy,1,124,63,1.0,True,eligible,trace share with at least one feasible domestic or international inter-region submarine-corridor candidate; not actual cable use or traffic dependency
AU,coastal_mainland_or_mixed,catalog_default_alpha2_rule,all_publicly_visible,286,260,151,115,70,159,0.527972027972028,0.5807692307692308,0.4020979020979021,0.24475524475524477,0.5559440559440559,0.527972027972028,very_high_candidate_dependency_proxy,1,280,77,0.5314685314685315,True,eligible,trace share with at least one feasible domestic or international inter-region submarine-corridor candidate; not actual cable use or traffic dependency
AU,coastal_mainland_or_mixed,catalog_default_alpha2_rule,resolved_entry_only,152,152,89,67,40,91,0.5855263157894737,0.5855263157894737,0.4407894736842105,0.2631578947368421,0.5986842105263158,0.5855263157894737,very_high_candidate_dependency_proxy,1,150,52,1.0,True,eligible,trace share with at least one feasible domestic or international inter-region submarine-corridor candidate; not actual cable use or traffic dependency
AX,coastal_mainland_or_mixed,catalog_default_alpha2_rule,all_publicly_visible,2,2,2,1,2,2,1.0,1.0,0.5,1.0,1.0,1.0,very_high_candidate_dependency_proxy,1,2,2,1.0,False,"insufficient_minimum_mappable_traces,minimum_unique_probes,minimum_unique_probe_asns",trace share with at least one feasible domestic or international inter-region submarine-corridor candidate; not actual cable use or traffic dependency
AX,coastal_mainland_or_mixed,catalog_default_alpha2_rule,resolved_entry_only,2,2,2,1,2,2,1.0,1.0,0.5,1.0,1.0,1.0,very_high_candidate_dependency_proxy,1,2,2,1.0,False,"insufficient_minimum_mappable_traces,minimum_unique_probes,minimum_unique_probe_asns",trace share with at least one feasible domestic or international inter-region submarine-corridor candidate; not actual cable use or traffic dependency
AZ,landlocked,catalog_landlocked_list,all_publicly_visible,9,7,1,1,0,1,0.1111111111111111,0.14285714285714285,0.1111111111111111,0.0,0.1111111111111111,0.1111111111111111,moderate_candidate_dependency_proxy,1,9,8,0.3333333333333333,False,"insufficient_minimum_mappable_traces,minimum_unique_probes",trace share with at least one feasible domestic or international inter-region submarine-corridor candidate; not actual cable use or traffic dependency
AZ,landlocked,catalog_landlocked_list,resolved_entry_only,3,3,0,0,0,0,0.0,0.0,0.0,0.0,0.0,0.0,no_observed_inter_region_candidate_exposure,1,3,3,1.0,False,"insufficient_minimum_mappable_traces,minimum_unique_probes",trace share with at least one feasible domestic or international inter-region submarine-corridor candidate; not actual cable use or traffic dependency
BA,coastal_mainland_or_mixed,catalog_default_alpha2_rule,all_publicly_visible,15,13,5,4,3,4,0.3333333333333333,0.38461538461538464,0.26666666666666666,0.2,0.26666666666666666,0.3333333333333333,very_high_candidate_dependency_proxy,1,15,7,0.4666666666666667,False,insufficient_minimum_mappable_traces,trace share with at least one feasible domestic or international inter-region submarine-corridor candidate; not actual cable use or traffic dependency
BA,coastal_mainland_or_mixed,catalog_default_alpha2_rule,resolved_entry_only,7,7,3,3,2,2,0.42857142857142855,0.42857142857142855,0.42857142857142855,0.2857142857142857,0.2857142857142857,0.42857142857142855,very_high_candidate_dependency_proxy,1,7,5,1.0,False,"insufficient_minimum_mappable_traces,minimum_unique_probes",trace share with at least one feasible domestic or international inter-region submarine-corridor candidate; not actual cable use or traffic dependency
BB,island_or_archipelagic,catalog_island_or_archipelagic_list,all_publicly_visible,1,1,1,0,1,0,1.0,1.0,0.0,1.0,0.0,1.0,very_high_candidate_dependency_proxy,1,1,1,1.0,False,"insufficient_minimum_mappable_traces,minimum_unique_probes,minimum_unique_probe_asns",trace share with at least one feasible domestic or international inter-region submarine-corridor candidate; not actual cable use or traffic dependency
BB,island_or_archipelagic,catalog_island_or_archipelagic_list,resolved_entry_only,1,1,1,0,1,0,1.0,1.0,0.0,1.0,0.0,1.0,very_high_candidate_dependency_proxy,1,1,1,1.0,False,"insufficient_minimum_mappable_traces,minimum_unique_probes,minimum_unique_probe_asns",trace share with at least one feasible domestic or international inter-region submarine-corridor candidate; not actual cable use or traffic dependency
BD,coastal_mainland_or_mixed,catalog_default_alpha2_rule,all_publicly_visible,12,12,2,2,1,1,0.16666666666666666,0.16666666666666666,0.16666666666666666,0.08333333333333333,0.08333333333333333,0.16666666666666666,high_candidate_dependency_proxy,1,11,7,0.6666666666666666,False,insufficient_minimum_mappable_traces,trace share with at least one feasible domestic or international inter-region submarine-corridor candidate; not actual cable use or traffic dependency
BD,coastal_mainland_or_mixed,catalog_default_alpha2_rule,resolved_entry_only,8,8,1,1,1,0,0.125,0.125,0.125,0.125,0.0,0.125,moderate_candidate_dependency_proxy,1,7,6,1.0,False,"insufficient_minimum_mappable_traces,minimum_unique_probes",trace share with at least one feasible domestic or international inter-region submarine-corridor candidate; not actual cable use or traffic dependency
BE,coastal_mainland_or_mixed,catalog_default_alpha2_rule,all_publicly_visible,166,161,21,12,10,11,0.12650602409638553,0.13043478260869565,0.07228915662650602,0.060240963855421686,0.06626506024096386,0.12650602409638553,moderate_candidate_dependency_proxy,1,160,28,0.5602409638554217,True,eligible,trace share with at least one feasible domestic or international inter-region submarine-corridor candidate; not actual cable use or traffic dependency
BE,coastal_mainland_or_mixed,catalog_default_alpha2_rule,resolved_entry_only,93,93,10,7,3,6,0.10752688172043011,0.10752688172043011,0.07526881720430108,0.03225806451612903,0.06451612903225806,0.10752688172043011,moderate_candidate_dependency_proxy,1,92,21,1.0,True,eligible,trace share with at least one feasible domestic or international inter-region submarine-corridor candidate; not actual cable use or traffic dependency
BF,landlocked,catalog_landlocked_list,all_publicly_visible,4,3,1,1,0,0,0.25,0.3333333333333333,0.25,0.0,0.0,0.25,high_candidate_dependency_proxy,1,4,3,0.25,False,"insufficient_minimum_mappable_traces,minimum_unique_probes",trace share with at least one feasible domestic or international inter-region submarine-corridor candidate; not actual cable use or traffic dependency
BF,landlocked,catalog_landlocked_list,resolved_entry_only,1,1,1,1,0,0,1.0,1.0,1.0,0.0,0.0,1.0,very_high_candidate_dependency_proxy,1,1,1,1.0,False,"insufficient_minimum_mappable_traces,minimum_unique_probes,minimum_unique_probe_asns",trace share with at least one feasible domestic or international inter-region submarine-corridor candidate; not actual cable use or traffic dependency
BG,coastal_mainland_or_mixed,catalog_default_alpha2_rule,all_publicly_visible,91,89,14,9,7,19,0.15384615384615385,0.15730337078651685,0.0989010989010989,0.07692307692307693,0.2087912087912088,0.15384615384615385,high_candidate_dependency_proxy,1,90,50,0.5494505494505495,True,eligible,trace share with at least one feasible domestic or international inter-region submarine-corridor candidate; not actual cable use or traffic dependency
BG,coastal_mainland_or_mixed,catalog_default_alpha2_rule,resolved_entry_only,50,50,10,6,5,10,0.2,0.2,0.12,0.1,0.2,0.2,high_candidate_dependency_proxy,1,50,32,1.0,True,eligible,trace share with at least one feasible domestic or international inter-region submarine-corridor candidate; not actual cable use or traffic dependency
BH,island_or_archipelagic,catalog_island_or_archipelagic_list,all_publicly_visible,6,6,5,4,4,2,0.8333333333333334,0.8333333333333334,0.6666666666666666,0.6666666666666666,0.3333333333333333,0.8333333333333334,very_high_candidate_dependency_proxy,1,6,3,0.6666666666666666,False,"insufficient_minimum_mappable_traces,minimum_unique_probes",trace share with at least one feasible domestic or international inter-region submarine-corridor candidate; not actual cable use or traffic dependency
BH,island_or_archipelagic,catalog_island_or_archipelagic_list,resolved_entry_only,4,4,4,3,3,1,1.0,1.0,0.75,0.75,0.25,1.0,very_high_candidate_dependency_proxy,1,4,2,1.0,False,"insufficient_minimum_mappable_traces,minimum_unique_probes,minimum_unique_probe_asns",trace share with at least one feasible domestic or international inter-region submarine-corridor candidate; not actual cable use or traffic dependency
BI,landlocked,catalog_landlocked_list,all_publicly_visible,1,1,0,0,0,0,0.0,0.0,0.0,0.0,0.0,0.0,no_observed_inter_region_candidate_exposure,1,1,1,1.0,False,"insufficient_minimum_mappable_traces,minimum_unique_probes,minimum_unique_probe_asns",trace share with at least one feasible domestic or international inter-region submarine-corridor candidate; not actual cable use or traffic dependency
BI,landlocked,catalog_landlocked_list,resolved_entry_only,1,1,0,0,0,0,0.0,0.0,0.0,0.0,0.0,0.0,no_observed_inter_region_candidate_exposure,1,1,1,1.0,False,"insufficient_minimum_mappable_traces,minimum_unique_probes,minimum_unique_probe_asns",trace share with at least one feasible domestic or international inter-region submarine-corridor candidate; not actual cable use or traffic dependency
BJ,coastal_mainland_or_mixed,catalog_default_alpha2_rule,all_publicly_visible,10,10,3,1,2,2,0.3,0.3,0.1,0.2,0.2,0.3,very_high_candidate_dependency_proxy,1,10,5,0.8,False,insufficient_minimum_mappable_traces,trace share with at least one feasible domestic or international inter-region submarine-corridor candidate; not actual cable use or traffic dependency
BJ,coastal_mainland_or_mixed,catalog_default_alpha2_rule,resolved_entry_only,8,8,2,1,1,2,0.25,0.25,0.125,0.125,0.25,0.25,high_candidate_dependency_proxy,1,8,4,1.0,False,"insufficient_minimum_mappable_traces,minimum_unique_probes",trace share with at least one feasible domestic or international inter-region submarine-corridor candidate; not actual cable use or traffic dependency
BL,island_or_archipelagic,catalog_island_or_archipelagic_list,all_publicly_visible,1,1,0,0,0,0,0.0,0.0,0.0,0.0,0.0,0.0,no_observed_inter_region_candidate_exposure,1,1,1,1.0,False,"insufficient_minimum_mappable_traces,minimum_unique_probes,minimum_unique_probe_asns",trace share with at least one feasible domestic or international inter-region submarine-corridor candidate; not actual cable use or traffic dependency
BL,island_or_archipelagic,catalog_island_or_archipelagic_list,resolved_entry_only,1,1,0,0,0,0,0.0,0.0,0.0,0.0,0.0,0.0,no_observed_inter_region_candidate_exposure,1,1,1,1.0,False,"insufficient_minimum_mappable_traces,minimum_unique_probes,minimum_unique_probe_asns",trace share with at least one feasible domestic or international inter-region submarine-corridor candidate; not actual cable use or traffic dependency
BO,landlocked,catalog_landlocked_list,all_publicly_visible,18,18,1,0,1,1,0.05555555555555555,0.05555555555555555,0.0,0.05555555555555555,0.05555555555555555,0.05555555555555555,moderate_candidate_dependency_proxy,1,18,8,0.5555555555555556,False,insufficient_minimum_mappable_traces,trace share with at least one feasible domestic or international inter-region submarine-corridor candidate; not actual cable use or traffic dependency
BO,landlocked,catalog_landlocked_list,resolved_entry_only,10,10,1,0,1,1,0.1,0.1,0.0,0.1,0.1,0.1,moderate_candidate_dependency_proxy,1,10,4,1.0,False,insufficient_minimum_mappable_traces,trace share with at least one feasible domestic or international inter-region submarine-corridor candidate; not actual cable use or traffic dependency
BR,coastal_mainland_or_mixed,catalog_default_alpha2_rule,all_publicly_visible,110,99,19,10,12,11,0.17272727272727273,0.1919191919191919,0.09090909090909091,0.10909090909090909,0.1,0.17272727272727273,high_candidate_dependency_proxy,1,109,70,0.5727272727272728,True,eligible,trace share with at least one feasible domestic or international inter-region submarine-corridor candidate; not actual cable use or traffic dependency
BR,coastal_mainland_or_mixed,catalog_default_alpha2_rule,resolved_entry_only,63,63,10,5,6,6,0.15873015873015872,0.15873015873015872,0.07936507936507936,0.09523809523809523,0.09523809523809523,0.15873015873015872,high_candidate_dependency_proxy,1,63,43,1.0,True,eligible,trace share with at least one feasible domestic or international inter-region submarine-corridor candidate; not actual cable use or traffic dependency
BT,landlocked,catalog_landlocked_list,all_publicly_visible,2,1,1,1,0,1,0.5,1.0,0.5,0.0,0.5,0.5,very_high_candidate_dependency_proxy,1,2,2,0.5,False,"insufficient_minimum_mappable_traces,minimum_unique_probes,minimum_unique_probe_asns",trace share with at least one feasible domestic or international inter-region submarine-corridor candidate; not actual cable use or traffic dependency
BT,landlocked,catalog_landlocked_list,resolved_entry_only,1,1,1,1,0,1,1.0,1.0,1.0,0.0,1.0,1.0,very_high_candidate_dependency_proxy,1,1,1,1.0,False,"insufficient_minimum_mappable_traces,minimum_unique_probes,minimum_unique_probe_asns",trace share with at least one feasible domestic or international inter-region submarine-corridor candidate; not actual cable use or traffic dependency
BW,landlocked,catalog_landlocked_list,all_publicly_visible,1,1,1,0,1,0,1.0,1.0,0.0,1.0,0.0,1.0,very_high_candidate_dependency_proxy,1,1,1,1.0,False,"insufficient_minimum_mappable_traces,minimum_unique_probes,minimum_unique_probe_asns",trace share with at least one feasible domestic or international inter-region submarine-corridor candidate; not actual cable use or traffic dependency
BW,landlocked,catalog_landlocked_list,resolved_entry_only,1,1,1,0,1,0,1.0,1.0,0.0,1.0,0.0,1.0,very_high_candidate_dependency_proxy,1,1,1,1.0,False,"insufficient_minimum_mappable_traces,minimum_unique_probes,minimum_unique_probe_asns",trace share with at least one feasible domestic or international inter-region submarine-corridor candidate; not actual cable use or traffic dependency
BY,landlocked,catalog_landlocked_list,all_publicly_visible,27,26,2,2,1,3,0.07407407407407407,0.07692307692307693,0.07407407407407407,0.037037037037037035,0.1111111111111111,0.07407407407407407,moderate_candidate_dependency_proxy,1,27,14,0.5185185185185185,False,insufficient_minimum_mappable_traces,trace share with at least one feasible domestic or international inter-region submarine-corridor candidate; not actual cable use or traffic dependency
BY,landlocked,catalog_landlocked_list,resolved_entry_only,14,14,1,1,0,1,0.07142857142857142,0.07142857142857142,0.07142857142857142,0.0,0.07142857142857142,0.07142857142857142,moderate_candidate_dependency_proxy,1,14,9,1.0,False,insufficient_minimum_mappable_traces,trace share with at least one feasible domestic or international inter-region submarine-corridor candidate; not actual cable use or traffic dependency
CA,coastal_mainland_or_mixed,catalog_default_alpha2_rule,all_publicly_visible,317,305,103,84,61,86,0.3249211356466877,0.3377049180327869,0.26498422712933756,0.19242902208201892,0.27129337539432175,0.3249211356466877,very_high_candidate_dependency_proxy,1,310,96,0.5678233438485805,True,eligible,trace share with at least one feasible domestic or international inter-region submarine-corridor candidate; not actual cable use or traffic dependency
CA,coastal_mainland_or_mixed,catalog_default_alpha2_rule,resolved_entry_only,180,180,62,50,36,53,0.34444444444444444,0.34444444444444444,0.2777777777777778,0.2,0.29444444444444445,0.34444444444444444,very_high_candidate_dependency_proxy,1,178,65,1.0,True,eligible,trace share with at least one feasible domestic or international inter-region submarine-corridor candidate; not actual cable use or traffic dependency
CD,coastal_mainland_or_mixed,catalog_default_alpha2_rule,all_publicly_visible,3,3,0,0,0,0,0.0,0.0,0.0,0.0,0.0,0.0,no_observed_inter_region_candidate_exposure,1,3,3,0.6666666666666666,False,"insufficient_minimum_mappable_traces,minimum_unique_probes",trace share with at least one feasible domestic or international inter-region submarine-corridor candidate; not actual cable use or traffic dependency
CD,coastal_mainland_or_mixed,catalog_default_alpha2_rule,resolved_entry_only,2,2,0,0,0,0,0.0,0.0,0.0,0.0,0.0,0.0,no_observed_inter_region_candidate_exposure,1,2,2,1.0,False,"insufficient_minimum_mappable_traces,minimum_unique_probes,minimum_unique_probe_asns",trace share with at least one feasible domestic or international inter-region submarine-corridor candidate; not actual cable use or traffic dependency
CG,coastal_mainland_or_mixed,catalog_default_alpha2_rule,all_publicly_visible,3,3,3,1,2,1,1.0,1.0,0.3333333333333333,0.6666666666666666,0.3333333333333333,1.0,very_high_candidate_dependency_proxy,1,3,2,0.6666666666666666,False,"insufficient_minimum_mappable_traces,minimum_unique_probes,minimum_unique_probe_asns",trace share with at least one feasible domestic or international inter-region submarine-corridor candidate; not actual cable use or traffic dependency
CG,coastal_mainland_or_mixed,catalog_default_alpha2_rule,resolved_entry_only,2,2,2,1,1,0,1.0,1.0,0.5,0.5,0.0,1.0,very_high_candidate_dependency_proxy,1,2,1,1.0,False,"insufficient_minimum_mappable_traces,minimum_unique_probes,minimum_unique_probe_asns",trace share with at least one feasible domestic or international inter-region submarine-corridor candidate; not actual cable use or traffic dependency
CH,landlocked,catalog_landlocked_list,all_publicly_visible,350,342,44,32,25,64,0.12571428571428572,0.1286549707602339,0.09142857142857143,0.07142857142857142,0.18285714285714286,0.12571428571428572,moderate_candidate_dependency_proxy,1,339,86,0.5457142857142857,True,eligible,trace share with at least one feasible domestic or international inter-region submarine-corridor candidate; not actual cable use or traffic dependency
CH,landlocked,catalog_landlocked_list,resolved_entry_only,191,191,26,19,15,36,0.13612565445026178,0.13612565445026178,0.09947643979057591,0.07853403141361257,0.18848167539267016,0.13612565445026178,moderate_candidate_dependency_proxy,1,185,59,1.0,True,eligible,trace share with at least one feasible domestic or international inter-region submarine-corridor candidate; not actual cable use or traffic dependency
CI,coastal_mainland_or_mixed,catalog_default_alpha2_rule,all_publicly_visible,2,2,1,1,0,0,0.5,0.5,0.5,0.0,0.0,0.5,very_high_candidate_dependency_proxy,1,2,2,1.0,False,"insufficient_minimum_mappable_traces,minimum_unique_probes,minimum_unique_probe_asns",trace share with at least one feasible domestic or international inter-region submarine-corridor candidate; not actual cable use or traffic dependency
CI,coastal_mainland_or_mixed,catalog_default_alpha2_rule,resolved_entry_only,2,2,1,1,0,0,0.5,0.5,0.5,0.0,0.0,0.5,very_high_candidate_dependency_proxy,1,2,2,1.0,False,"insufficient_minimum_mappable_traces,minimum_unique_probes,minimum_unique_probe_asns",trace share with at least one feasible domestic or international inter-region submarine-corridor candidate; not actual cable use or traffic dependency
CK,island_or_archipelagic,catalog_island_or_archipelagic_list,all_publicly_visible,1,1,1,1,0,1,1.0,1.0,1.0,0.0,1.0,1.0,very_high_candidate_dependency_proxy,1,1,1,1.0,False,"insufficient_minimum_mappable_traces,minimum_unique_probes,minimum_unique_probe_asns",trace share with at least one feasible domestic or international inter-region submarine-corridor candidate; not actual cable use or traffic dependency
CK,island_or_archipelagic,catalog_island_or_archipelagic_list,resolved_entry_only,1,1,1,1,0,1,1.0,1.0,1.0,0.0,1.0,1.0,very_high_candidate_dependency_proxy,1,1,1,1.0,False,"insufficient_minimum_mappable_traces,minimum_unique_probes,minimum_unique_probe_asns",trace share with at least one feasible domestic or international inter-region submarine-corridor candidate; not actual cable use or traffic dependency
CL,coastal_mainland_or_mixed,catalog_default_alpha2_rule,all_publicly_visible,88,85,10,6,4,6,0.11363636363636363,0.11764705882352941,0.06818181818181818,0.045454545454545456,0.06818181818181818,0.11363636363636363,moderate_candidate_dependency_proxy,1,87,37,0.5909090909090909,True,eligible,trace share with at least one feasible domestic or international inter-region submarine-corridor candidate; not actual cable use or traffic dependency
CL,coastal_mainland_or_mixed,catalog_default_alpha2_rule,resolved_entry_only,52,52,5,3,2,3,0.09615384615384616,0.09615384615384616,0.057692307692307696,0.038461538461538464,0.057692307692307696,0.09615384615384616,moderate_candidate_dependency_proxy,1,52,26,1.0,True,eligible,trace share with at least one feasible domestic or international inter-region submarine-corridor candidate; not actual cable use or traffic dependency
CM,coastal_mainland_or_mixed,catalog_default_alpha2_rule,all_publicly_visible,2,2,2,0,2,0,1.0,1.0,0.0,1.0,0.0,1.0,very_high_candidate_dependency_proxy,1,2,2,0.0,False,"insufficient_minimum_mappable_traces,minimum_unique_probes,minimum_unique_probe_asns",trace share with at least one feasible domestic or international inter-region submarine-corridor candidate; not actual cable use or traffic dependency
CM,coastal_mainland_or_mixed,catalog_default_alpha2_rule,resolved_entry_only,0,0,0,0,0,0,,,,,,,unknown_candidate_dependency_proxy,0,0,0,,False,"insufficient_minimum_mappable_traces,minimum_unique_probes,minimum_unique_probe_asns",trace share with at least one feasible domestic or international inter-region submarine-corridor candidate; not actual cable use or traffic dependency
CN,coastal_mainland_or_mixed,catalog_default_alpha2_rule,all_publicly_visible,83,73,14,8,11,23,0.1686746987951807,0.1917808219178082,0.0963855421686747,0.13253012048192772,0.27710843373493976,0.1686746987951807,high_candidate_dependency_proxy,1,79,27,0.4939759036144578,True,eligible,trace share with at least one feasible domestic or international inter-region submarine-corridor candidate; not actual cable use or traffic dependency
CN,coastal_mainland_or_mixed,catalog_default_alpha2_rule,resolved_entry_only,41,41,7,5,4,14,0.17073170731707318,0.17073170731707318,0.12195121951219512,0.0975609756097561,0.34146341463414637,0.17073170731707318,high_candidate_dependency_proxy,1,41,18,1.0,True,eligible,trace share with at least one feasible domestic or international inter-region submarine-corridor candidate; not actual cable use or traffic dependency
CO,coastal_mainland_or_mixed,catalog_default_alpha2_rule,all_publicly_visible,42,39,10,6,4,3,0.23809523809523808,0.2564102564102564,0.14285714285714285,0.09523809523809523,0.07142857142857142,0.23809523809523808,high_candidate_dependency_proxy,1,42,29,0.5714285714285714,True,eligible,trace share with at least one feasible domestic or international inter-region submarine-corridor candidate; not actual cable use or traffic dependency
CO,coastal_mainland_or_mixed,catalog_default_alpha2_rule,resolved_entry_only,24,24,8,6,2,3,0.3333333333333333,0.3333333333333333,0.25,0.08333333333333333,0.125,0.3333333333333333,very_high_candidate_dependency_proxy,1,24,21,1.0,False,insufficient_minimum_mappable_traces,trace share with at least one feasible domestic or international inter-region submarine-corridor candidate; not actual cable use or traffic dependency
CR,coastal_mainland_or_mixed,catalog_default_alpha2_rule,all_publicly_visible,20,14,0,0,0,1,0.0,0.0,0.0,0.0,0.05,0.0,no_observed_inter_region_candidate_exposure,1,18,9,0.35,False,insufficient_minimum_mappable_traces,trace share with at least one feasible domestic or international inter-region submarine-corridor candidate; not actual cable use or traffic dependency
CR,coastal_mainland_or_mixed,catalog_default_alpha2_rule,resolved_entry_only,7,7,0,0,0,1,0.0,0.0,0.0,0.0,0.14285714285714285,0.0,no_observed_inter_region_candidate_exposure,1,7,7,1.0,False,"insufficient_minimum_mappable_traces,minimum_unique_probes",trace share with at least one feasible domestic or international inter-region submarine-corridor candidate; not actual cable use or traffic dependency
CU,island_or_archipelagic,catalog_island_or_archipelagic_list,all_publicly_visible,1,1,0,0,0,0,0.0,0.0,0.0,0.0,0.0,0.0,no_observed_inter_region_candidate_exposure,1,1,1,0.0,False,"insufficient_minimum_mappable_traces,minimum_unique_probes,minimum_unique_probe_asns",trace share with at least one feasible domestic or international inter-region submarine-corridor candidate; not actual cable use or traffic dependency
CU,island_or_archipelagic,catalog_island_or_archipelagic_list,resolved_entry_only,0,0,0,0,0,0,,,,,,,unknown_candidate_dependency_proxy,0,0,0,,False,"insufficient_minimum_mappable_traces,minimum_unique_probes,minimum_unique_probe_asns",trace share with at least one feasible domestic or international inter-region submarine-corridor candidate; not actual cable use or traffic dependency
CV,island_or_archipelagic,catalog_island_or_archipelagic_list,all_publicly_visible,4,3,1,1,0,0,0.25,0.3333333333333333,0.25,0.0,0.0,0.25,high_candidate_dependency_proxy,1,4,2,0.5,False,"insufficient_minimum_mappable_traces,minimum_unique_probes,minimum_unique_probe_asns",trace share with at least one feasible domestic or international inter-region submarine-corridor candidate; not actual cable use or traffic dependency
CV,island_or_archipelagic,catalog_island_or_archipelagic_list,resolved_entry_only,2,2,1,1,0,0,0.5,0.5,0.5,0.0,0.0,0.5,very_high_candidate_dependency_proxy,1,2,1,1.0,False,"insufficient_minimum_mappable_traces,minimum_unique_probes,minimum_unique_probe_asns",trace share with at least one feasible domestic or international inter-region submarine-corridor candidate; not actual cable use or traffic dependency
CW,island_or_archipelagic,catalog_island_or_archipelagic_list,all_publicly_visible,2,2,1,0,1,0,0.5,0.5,0.0,0.5,0.0,0.5,very_high_candidate_dependency_proxy,1,2,2,0.0,False,"insufficient_minimum_mappable_traces,minimum_unique_probes,minimum_unique_probe_asns",trace share with at least one feasible domestic or international inter-region submarine-corridor candidate; not actual cable use or traffic dependency
CW,island_or_archipelagic,catalog_island_or_archipelagic_list,resolved_entry_only,0,0,0,0,0,0,,,,,,,unknown_candidate_dependency_proxy,0,0,0,,False,"insufficient_minimum_mappable_traces,minimum_unique_probes,minimum_unique_probe_asns",trace share with at least one feasible domestic or international inter-region submarine-corridor candidate; not actual cable use or traffic dependency
CY,island_or_archipelagic,catalog_island_or_archipelagic_list,all_publicly_visible,14,13,9,4,8,3,0.6428571428571429,0.6923076923076923,0.2857142857142857,0.5714285714285714,0.21428571428571427,0.6428571428571429,very_high_candidate_dependency_proxy,1,14,7,0.6428571428571429,False,insufficient_minimum_mappable_traces,trace share with at least one feasible domestic or international inter-region submarine-corridor candidate; not actual cable use or traffic dependency
CY,island_or_archipelagic,catalog_island_or_archipelagic_list,resolved_entry_only,9,9,6,3,5,1,0.6666666666666666,0.6666666666666666,0.3333333333333333,0.5555555555555556,0.1111111111111111,0.6666666666666666,very_high_candidate_dependency_proxy,1,9,6,1.0,False,"insufficient_minimum_mappable_traces,minimum_unique_probes",trace share with at least one feasible domestic or international inter-region submarine-corridor candidate; not actual cable use or traffic dependency
CZ,landlocked,catalog_landlocked_list,all_publicly_visible,298,290,33,22,17,26,0.11073825503355705,0.11379310344827587,0.0738255033557047,0.05704697986577181,0.087248322147651,0.11073825503355705,moderate_candidate_dependency_proxy,1,286,113,0.5536912751677853,True,eligible,trace share with at least one feasible domestic or international inter-region submarine-corridor candidate; not actual cable use or traffic dependency
CZ,landlocked,catalog_landlocked_list,resolved_entry_only,165,165,20,11,12,16,0.12121212121212122,0.12121212121212122,0.06666666666666667,0.07272727272727272,0.09696969696969697,0.12121212121212122,moderate_candidate_dependency_proxy,1,163,70,1.0,True,eligible,trace share with at least one feasible domestic or international inter-region submarine-corridor candidate; not actual cable use or traffic dependency
DE,coastal_mainland_or_mixed,catalog_default_alpha2_rule,all_publicly_visible,1840,1778,221,164,108,219,0.12010869565217391,0.12429696287964004,0.0891304347826087,0.058695652173913045,0.11902173913043479,0.12010869565217391,moderate_candidate_dependency_proxy,1,1801,402,0.5559782608695653,True,eligible,trace share with at least one feasible domestic or international inter-region submarine-corridor candidate; not actual cable use or traffic dependency
DE,coastal_mainland_or_mixed,catalog_default_alpha2_rule,resolved_entry_only,1023,1023,129,95,62,134,0.12609970674486803,0.12609970674486803,0.09286412512218964,0.06060606060606061,0.13098729227761485,0.12609970674486803,moderate_candidate_dependency_proxy,1,1014,266,1.0,True,eligible,trace share with at least one feasible domestic or international inter-region submarine-corridor candidate; not actual cable use or traffic dependency
DJ,coastal_mainland_or_mixed,catalog_default_alpha2_rule,all_publicly_visible,3,3,2,2,2,2,0.6666666666666666,0.6666666666666666,0.6666666666666666,0.6666666666666666,0.6666666666666666,0.6666666666666666,very_high_candidate_dependency_proxy,1,3,2,0.3333333333333333,False,"insufficient_minimum_mappable_traces,minimum_unique_probes,minimum_unique_probe_asns",trace share with at least one feasible domestic or international inter-region submarine-corridor candidate; not actual cable use or traffic dependency
DJ,coastal_mainland_or_mixed,catalog_default_alpha2_rule,resolved_entry_only,1,1,1,1,1,1,1.0,1.0,1.0,1.0,1.0,1.0,very_high_candidate_dependency_proxy,1,1,1,1.0,False,"insufficient_minimum_mappable_traces,minimum_unique_probes,minimum_unique_probe_asns",trace share with at least one feasible domestic or international inter-region submarine-corridor candidate; not actual cable use or traffic dependency
DK,coastal_mainland_or_mixed,catalog_default_alpha2_rule,all_publicly_visible,111,106,73,68,39,72,0.6576576576576577,0.6886792452830188,0.6126126126126126,0.35135135135135137,0.6486486486486487,0.6576576576576577,very_high_candidate_dependency_proxy,1,110,36,0.5495495495495496,True,eligible,trace share with at least one feasible domestic or international inter-region submarine-corridor candidate; not actual cable use or traffic dependency
DK,coastal_mainland_or_mixed,catalog_default_alpha2_rule,resolved_entry_only,61,61,42,41,19,43,0.6885245901639344,0.6885245901639344,0.6721311475409836,0.3114754098360656,0.7049180327868853,0.6885245901639344,very_high_candidate_dependency_proxy,1,61,25,1.0,True,eligible,trace share with at least one feasible domestic or international inter-region submarine-corridor candidate; not actual cable use or traffic dependency
DO,island_or_archipelagic,catalog_island_or_archipelagic_list,all_publicly_visible,9,9,5,0,5,0,0.5555555555555556,0.5555555555555556,0.0,0.5555555555555556,0.0,0.5555555555555556,very_high_candidate_dependency_proxy,1,9,7,0.7777777777777778,False,"insufficient_minimum_mappable_traces,minimum_unique_probes",trace share with at least one feasible domestic or international inter-region submarine-corridor candidate; not actual cable use or traffic dependency
DO,island_or_archipelagic,catalog_island_or_archipelagic_list,resolved_entry_only,7,7,5,0,5,0,0.7142857142857143,0.7142857142857143,0.0,0.7142857142857143,0.0,0.7142857142857143,very_high_candidate_dependency_proxy,1,7,7,1.0,False,"insufficient_minimum_mappable_traces,minimum_unique_probes",trace share with at least one feasible domestic or international inter-region submarine-corridor candidate; not actual cable use or traffic dependency
DZ,coastal_mainland_or_mixed,catalog_default_alpha2_rule,all_publicly_visible,1,0,0,0,0,0,0.0,,0.0,0.0,0.0,0.0,no_observed_inter_region_candidate_exposure,1,1,1,0.0,False,"insufficient_minimum_mappable_traces,minimum_unique_probes,minimum_unique_probe_asns",trace share with at least one feasible domestic or international inter-region submarine-corridor candidate; not actual cable use or traffic dependency
DZ,coastal_mainland_or_mixed,catalog_default_alpha2_rule,resolved_entry_only,0,0,0,0,0,0,,,,,,,unknown_candidate_dependency_proxy,0,0,0,,False,"insufficient_minimum_mappable_traces,minimum_unique_probes,minimum_unique_probe_asns",trace share with at least one feasible domestic or international inter-region submarine-corridor candidate; not actual cable use or traffic dependency
EC,coastal_mainland_or_mixed,catalog_default_alpha2_rule,all_publicly_visible,26,25,4,4,1,2,0.15384615384615385,0.16,0.15384615384615385,0.038461538461538464,0.07692307692307693,0.15384615384615385,high_candidate_dependency_proxy,1,26,19,0.6923076923076923,False,insufficient_minimum_mappable_traces,trace share with at least one feasible domestic or international inter-region submarine-corridor candidate; not actual cable use or traffic dependency
EC,coastal_mainland_or_mixed,catalog_default_alpha2_rule,resolved_entry_only,18,18,1,1,0,0,0.05555555555555555,0.05555555555555555,0.05555555555555555,0.0,0.0,0.05555555555555555,moderate_candidate_dependency_proxy,1,18,16,1.0,False,insufficient_minimum_mappable_traces,trace share with at least one feasible domestic or international inter-region submarine-corridor candidate; not actual cable use or traffic dependency
EE,coastal_mainland_or_mixed,catalog_default_alpha2_rule,all_publicly_visible,43,38,19,3,18,2,0.4418604651162791,0.5,0.06976744186046512,0.4186046511627907,0.046511627906976744,0.4418604651162791,very_high_candidate_dependency_proxy,1,43,22,0.5116279069767442,True,eligible,trace share with at least one feasible domestic or international inter-region submarine-corridor candidate; not actual cable use or traffic dependency
EE,coastal_mainland_or_mixed,catalog_default_alpha2_rule,resolved_entry_only,22,22,13,3,12,2,0.5909090909090909,0.5909090909090909,0.13636363636363635,0.5454545454545454,0.09090909090909091,0.5909090909090909,very_high_candidate_dependency_proxy,1,22,11,1.0,False,insufficient_minimum_mappable_traces,trace share with at least one feasible domestic or international inter-region submarine-corridor candidate; not actual cable use or traffic dependency
EG,coastal_mainland_or_mixed,catalog_default_alpha2_rule,all_publicly_visible,3,3,0,0,0,0,0.0,0.0,0.0,0.0,0.0,0.0,no_observed_inter_region_candidate_exposure,1,3,2,1.0,False,"insufficient_minimum_mappable_traces,minimum_unique_probes,minimum_unique_probe_asns",trace share with at least one feasible domestic or international inter-region submarine-corridor candidate; not actual cable use or traffic dependency
EG,coastal_mainland_or_mixed,catalog_default_alpha2_rule,resolved_entry_only,3,3,0,0,0,0,0.0,0.0,0.0,0.0,0.0,0.0,no_observed_inter_region_candidate_exposure,1,3,2,1.0,False,"insufficient_minimum_mappable_traces,minimum_unique_probes,minimum_unique_probe_asns",trace share with at least one feasible domestic or international inter-region submarine-corridor candidate; not actual cable use or traffic dependency
ES,coastal_mainland_or_mixed,catalog_default_alpha2_rule,all_publicly_visible,258,240,58,31,41,34,0.2248062015503876,0.24166666666666667,0.12015503875968993,0.15891472868217055,0.13178294573643412,0.2248062015503876,high_candidate_dependency_proxy,1,249,78,0.5038759689922481,True,eligible,trace share with at least one feasible domestic or international inter-region submarine-corridor candidate; not actual cable use or traffic dependency
ES,coastal_mainland_or_mixed,catalog_default_alpha2_rule,resolved_entry_only,130,130,32,20,21,22,0.24615384615384617,0.24615384615384617,0.15384615384615385,0.16153846153846155,0.16923076923076924,0.24615384615384617,high_candidate_dependency_proxy,1,126,46,1.0,True,eligible,trace share with at least one feasible domestic or international inter-region submarine-corridor candidate; not actual cable use or traffic dependency
ET,landlocked,catalog_landlocked_list,all_publicly_visible,1,1,1,0,1,0,1.0,1.0,0.0,1.0,0.0,1.0,very_high_candidate_dependency_proxy,1,1,1,0.0,False,"insufficient_minimum_mappable_traces,minimum_unique_probes,minimum_unique_probe_asns",trace share with at least one feasible domestic or international inter-region submarine-corridor candidate; not actual cable use or traffic dependency
ET,landlocked,catalog_landlocked_list,resolved_entry_only,0,0,0,0,0,0,,,,,,,unknown_candidate_dependency_proxy,0,0,0,,False,"insufficient_minimum_mappable_traces,minimum_unique_probes,minimum_unique_probe_asns",trace share with at least one feasible domestic or international inter-region submarine-corridor candidate; not actual cable use or traffic dependency
FI,coastal_mainland_or_mixed,catalog_default_alpha2_rule,all_publicly_visible,178,171,112,41,99,20,0.6292134831460674,0.6549707602339181,0.2303370786516854,0.5561797752808989,0.11235955056179775,0.6292134831460674,very_high_candidate_dependency_proxy,1,176,61,0.6460674157303371,True,eligible,trace share with at least one feasible domestic or international inter-region submarine-corridor candidate; not actual cable use or traffic dependency
FI,coastal_mainland_or_mixed,catalog_default_alpha2_rule,resolved_entry_only,115,115,72,23,66,9,0.6260869565217392,0.6260869565217392,0.2,0.5739130434782609,0.0782608695652174,0.6260869565217392,very_high_candidate_dependency_proxy,1,114,40,1.0,True,eligible,trace share with at least one feasible domestic or international inter-region submarine-corridor candidate; not actual cable use or traffic dependency
FJ,island_or_archipelagic,catalog_island_or_archipelagic_list,all_publicly_visible,2,1,0,0,0,1,0.0,0.0,0.0,0.0,0.5,0.0,no_observed_inter_region_candidate_exposure,1,2,2,0.0,False,"insufficient_minimum_mappable_traces,minimum_unique_probes,minimum_unique_probe_asns",trace share with at least one feasible domestic or international inter-region submarine-corridor candidate; not actual cable use or traffic dependency
FJ,island_or_archipelagic,catalog_island_or_archipelagic_list,resolved_entry_only,0,0,0,0,0,0,,,,,,,unknown_candidate_dependency_proxy,0,0,0,,False,"insufficient_minimum_mappable_traces,minimum_unique_probes,minimum_unique_probe_asns",trace share with at least one feasible domestic or international inter-region submarine-corridor candidate; not actual cable use or traffic dependency
FM,island_or_archipelagic,catalog_island_or_archipelagic_list,all_publicly_visible,2,2,2,2,1,2,1.0,1.0,1.0,0.5,1.0,1.0,very_high_candidate_dependency_proxy,1,2,1,0.5,False,"insufficient_minimum_mappable_traces,minimum_unique_probes,minimum_unique_probe_asns",trace share with at least one feasible domestic or international inter-region submarine-corridor candidate; not actual cable use or traffic dependency
FM,island_or_archipelagic,catalog_island_or_archipelagic_list,resolved_entry_only,1,1,1,1,0,1,1.0,1.0,1.0,0.0,1.0,1.0,very_high_candidate_dependency_proxy,1,1,1,1.0,False,"insufficient_minimum_mappable_traces,minimum_unique_probes,minimum_unique_probe_asns",trace share with at least one feasible domestic or international inter-region submarine-corridor candidate; not actual cable use or traffic dependency
FR,coastal_mainland_or_mixed,catalog_default_alpha2_rule,all_publicly_visible,1090,1052,140,89,89,125,0.12844036697247707,0.13307984790874525,0.081651376146789,0.081651376146789,0.11467889908256881,0.12844036697247707,moderate_candidate_dependency_proxy,1,1068,178,0.5532110091743119,True,eligible,trace share with at least one feasible domestic or international inter-region submarine-corridor candidate; not actual cable use or traffic dependency
FR,coastal_mainland_or_mixed,catalog_default_alpha2_rule,resolved_entry_only,603,603,80,61,45,79,0.13266998341625208,0.13266998341625208,0.1011608623548922,0.07462686567164178,0.1310116086235489,0.13266998341625208,moderate_candidate_dependency_proxy,1,598,122,1.0,True,eligible,trace share with at least one feasible domestic or international inter-region submarine-corridor candidate; not actual cable use or traffic dependency
GB,island_or_archipelagic,catalog_island_or_archipelagic_list,all_publicly_visible,621,591,87,57,48,77,0.14009661835748793,0.14720812182741116,0.09178743961352658,0.07729468599033816,0.12399355877616747,0.14009661835748793,moderate_candidate_dependency_proxy,1,608,203,0.5249597423510467,True,eligible,trace share with at least one feasible domestic or international inter-region submarine-corridor candidate; not actual cable use or traffic dependency
GB,island_or_archipelagic,catalog_island_or_archipelagic_list,resolved_entry_only,326,326,60,43,32,59,0.18404907975460122,0.18404907975460122,0.13190184049079753,0.09815950920245399,0.18098159509202455,0.18404907975460122,high_candidate_dependency_proxy,1,322,131,1.0,True,eligible,trace share with at least one feasible domestic or international inter-region submarine-corridor candidate; not actual cable use or traffic dependency
GE,coastal_mainland_or_mixed,catalog_default_alpha2_rule,all_publicly_visible,16,16,6,2,5,1,0.375,0.375,0.125,0.3125,0.0625,0.375,very_high_candidate_dependency_proxy,1,16,11,0.75,False,insufficient_minimum_mappable_traces,trace share with at least one feasible domestic or international inter-region submarine-corridor candidate; not actual cable use or traffic dependency
GE,coastal_mainland_or_mixed,catalog_default_alpha2_rule,resolved_entry_only,12,12,5,2,4,1,0.4166666666666667,0.4166666666666667,0.16666666666666666,0.3333333333333333,0.08333333333333333,0.4166666666666667,very_high_candidate_dependency_proxy,1,12,9,1.0,False,insufficient_minimum_mappable_traces,trace share with at least one feasible domestic or international inter-region submarine-corridor candidate; not actual cable use or traffic dependency
GF,coastal_mainland_or_mixed,catalog_default_alpha2_rule,all_publicly_visible,2,2,0,0,0,1,0.0,0.0,0.0,0.0,0.5,0.0,no_observed_inter_region_candidate_exposure,1,1,1,0.5,False,"insufficient_minimum_mappable_traces,minimum_unique_probes,minimum_unique_probe_asns",trace share with at least one feasible domestic or international inter-region submarine-corridor candidate; not actual cable use or traffic dependency
GF,coastal_mainland_or_mixed,catalog_default_alpha2_rule,resolved_entry_only,1,1,0,0,0,0,0.0,0.0,0.0,0.0,0.0,0.0,no_observed_inter_region_candidate_exposure,1,1,1,1.0,False,"insufficient_minimum_mappable_traces,minimum_unique_probes,minimum_unique_probe_asns",trace share with at least one feasible domestic or international inter-region submarine-corridor candidate; not actual cable use or traffic dependency
GG,island_or_archipelagic,catalog_island_or_archipelagic_list,all_publicly_visible,1,1,1,1,0,1,1.0,1.0,1.0,0.0,1.0,1.0,very_high_candidate_dependency_proxy,1,1,1,1.0,False,"insufficient_minimum_mappable_traces,minimum_unique_probes,minimum_unique_probe_asns",trace share with at least one feasible domestic or international inter-region submarine-corridor candidate; not actual cable use or traffic dependency
GG,island_or_archipelagic,catalog_island_or_archipelagic_list,resolved_entry_only,1,1,1,1,0,1,1.0,1.0,1.0,0.0,1.0,1.0,very_high_candidate_dependency_proxy,1,1,1,1.0,False,"insufficient_minimum_mappable_traces,minimum_unique_probes,minimum_unique_probe_asns",trace share with at least one feasible domestic or international inter-region submarine-corridor candidate; not actual cable use or traffic dependency
GH,coastal_mainland_or_mixed,catalog_default_alpha2_rule,all_publicly_visible,3,3,1,0,1,0,0.3333333333333333,0.3333333333333333,0.0,0.3333333333333333,0.0,0.3333333333333333,very_high_candidate_dependency_proxy,1,3,3,0.6666666666666666,False,"insufficient_minimum_mappable_traces,minimum_unique_probes",trace share with at least one feasible domestic or international inter-region submarine-corridor candidate; not actual cable use or traffic dependency
GH,coastal_mainland_or_mixed,catalog_default_alpha2_rule,resolved_entry_only,2,2,1,0,1,0,0.5,0.5,0.0,0.5,0.0,0.5,very_high_candidate_dependency_proxy,1,2,2,1.0,False,"insufficient_minimum_mappable_traces,minimum_unique_probes,minimum_unique_probe_asns",trace share with at least one feasible domestic or international inter-region submarine-corridor candidate; not actual cable use or traffic dependency
GP,island_or_archipelagic,catalog_island_or_archipelagic_list,all_publicly_visible,2,2,1,1,0,1,0.5,0.5,0.5,0.0,0.5,0.5,very_high_candidate_dependency_proxy,1,2,2,0.5,False,"insufficient_minimum_mappable_traces,minimum_unique_probes,minimum_unique_probe_asns",trace share with at least one feasible domestic or international inter-region submarine-corridor candidate; not actual cable use or traffic dependency
GP,island_or_archipelagic,catalog_island_or_archipelagic_list,resolved_entry_only,1,1,1,1,0,1,1.0,1.0,1.0,0.0,1.0,1.0,very_high_candidate_dependency_proxy,1,1,1,1.0,False,"insufficient_minimum_mappable_traces,minimum_unique_probes,minimum_unique_probe_asns",trace share with at least one feasible domestic or international inter-region submarine-corridor candidate; not actual cable use or traffic dependency
GQ,coastal_mainland_or_mixed,catalog_default_alpha2_rule,all_publicly_visible,1,1,1,1,0,0,1.0,1.0,1.0,0.0,0.0,1.0,very_high_candidate_dependency_proxy,1,1,1,0.0,False,"insufficient_minimum_mappable_traces,minimum_unique_probes,minimum_unique_probe_asns",trace share with at least one feasible domestic or international inter-region submarine-corridor candidate; not actual cable use or traffic dependency
GQ,coastal_mainland_or_mixed,catalog_default_alpha2_rule,resolved_entry_only,0,0,0,0,0,0,,,,,,,unknown_candidate_dependency_proxy,0,0,0,,False,"insufficient_minimum_mappable_traces,minimum_unique_probes,minimum_unique_probe_asns",trace share with at least one feasible domestic or international inter-region submarine-corridor candidate; not actual cable use or traffic dependency
GR,coastal_mainland_or_mixed,catalog_default_alpha2_rule,all_publicly_visible,77,68,6,6,2,7,0.07792207792207792,0.08823529411764706,0.07792207792207792,0.025974025974025976,0.09090909090909091,0.07792207792207792,moderate_candidate_dependency_proxy,1,75,25,0.5974025974025974,True,eligible,trace share with at least one feasible domestic or international inter-region submarine-corridor candidate; not actual cable use or traffic dependency
GR,coastal_mainland_or_mixed,catalog_default_alpha2_rule,resolved_entry_only,46,46,6,6,2,5,0.13043478260869565,0.13043478260869565,0.13043478260869565,0.043478260869565216,0.10869565217391304,0.13043478260869565,moderate_candidate_dependency_proxy,1,45,23,1.0,True,eligible,trace share with at least one feasible domestic or international inter-region submarine-corridor candidate; not actual cable use or traffic dependency
GT,coastal_mainland_or_mixed,catalog_default_alpha2_rule,all_publicly_visible,4,4,0,0,0,0,0.0,0.0,0.0,0.0,0.0,0.0,no_observed_inter_region_candidate_exposure,1,4,3,0.25,False,"insufficient_minimum_mappable_traces,minimum_unique_probes",trace share with at least one feasible domestic or international inter-region submarine-corridor candidate; not actual cable use or traffic dependency
GT,coastal_mainland_or_mixed,catalog_default_alpha2_rule,resolved_entry_only,1,1,0,0,0,0,0.0,0.0,0.0,0.0,0.0,0.0,no_observed_inter_region_candidate_exposure,1,1,1,1.0,False,"insufficient_minimum_mappable_traces,minimum_unique_probes,minimum_unique_probe_asns",trace share with at least one feasible domestic or international inter-region submarine-corridor candidate; not actual cable use or traffic dependency
GU,island_or_archipelagic,catalog_island_or_archipelagic_list,all_publicly_visible,9,8,7,2,7,7,0.7777777777777778,0.875,0.2222222222222222,0.7777777777777778,0.7777777777777778,0.7777777777777778,very_high_candidate_dependency_proxy,1,9,5,0.3333333333333333,False,"insufficient_minimum_mappable_traces,minimum_unique_probes",trace share with at least one feasible domestic or international inter-region submarine-corridor candidate; not actual cable use or traffic dependency
GU,island_or_archipelagic,catalog_island_or_archipelagic_list,resolved_entry_only,3,3,3,0,3,3,1.0,1.0,0.0,1.0,1.0,1.0,very_high_candidate_dependency_proxy,1,3,3,1.0,False,"insufficient_minimum_mappable_traces,minimum_unique_probes",trace share with at least one feasible domestic or international inter-region submarine-corridor candidate; not actual cable use or traffic dependency
HK,coastal_mainland_or_mixed,catalog_default_alpha2_rule,all_publicly_visible,71,63,24,14,13,47,0.3380281690140845,0.38095238095238093,0.19718309859154928,0.18309859154929578,0.6619718309859155,0.3380281690140845,very_high_candidate_dependency_proxy,1,66,40,0.4788732394366197,True,eligible,trace share with at least one feasible domestic or international inter-region submarine-corridor candidate; not actual cable use or traffic dependency
HK,coastal_mainland_or_mixed,catalog_default_alpha2_rule,resolved_entry_only,34,34,16,9,10,24,0.47058823529411764,0.47058823529411764,0.2647058823529412,0.29411764705882354,0.7058823529411765,0.47058823529411764,very_high_candidate_dependency_proxy,1,33,23,1.0,True,eligible,trace share with at least one feasible domestic or international inter-region submarine-corridor candidate; not actual cable use or traffic dependency
HN,coastal_mainland_or_mixed,catalog_default_alpha2_rule,all_publicly_visible,10,10,6,1,6,1,0.6,0.6,0.1,0.6,0.1,0.6,very_high_candidate_dependency_proxy,1,10,8,0.8,False,insufficient_minimum_mappable_traces,trace share with at least one feasible domestic or international inter-region submarine-corridor candidate; not actual cable use or traffic dependency
HN,coastal_mainland_or_mixed,catalog_default_alpha2_rule,resolved_entry_only,8,8,4,1,4,1,0.5,0.5,0.125,0.5,0.125,0.5,very_high_candidate_dependency_proxy,1,8,7,1.0,False,"insufficient_minimum_mappable_traces,minimum_unique_probes",trace share with at least one feasible domestic or international inter-region submarine-corridor candidate; not actual cable use or traffic dependency
HR,coastal_mainland_or_mixed,catalog_default_alpha2_rule,all_publicly_visible,47,42,2,2,1,3,0.0425531914893617,0.047619047619047616,0.0425531914893617,0.02127659574468085,0.06382978723404255,0.0425531914893617,low_candidate_dependency_proxy,1,47,22,0.5319148936170213,True,eligible,trace share with at least one feasible domestic or international inter-region submarine-corridor candidate; not actual cable use or traffic dependency
HR,coastal_mainland_or_mixed,catalog_default_alpha2_rule,resolved_entry_only,25,25,2,2,1,3,0.08,0.08,0.08,0.04,0.12,0.08,moderate_candidate_dependency_proxy,1,25,15,1.0,False,insufficient_minimum_mappable_traces,trace share with at least one feasible domestic or international inter-region submarine-corridor candidate; not actual cable use or traffic dependency
HT,island_or_archipelagic,catalog_island_or_archipelagic_list,all_publicly_visible,1,1,0,0,0,0,0.0,0.0,0.0,0.0,0.0,0.0,no_observed_inter_region_candidate_exposure,1,1,1,1.0,False,"insufficient_minimum_mappable_traces,minimum_unique_probes,minimum_unique_probe_asns",trace share with at least one feasible domestic or international inter-region submarine-corridor candidate; not actual cable use or traffic dependency
HT,island_or_archipelagic,catalog_island_or_archipelagic_list,resolved_entry_only,1,1,0,0,0,0,0.0,0.0,0.0,0.0,0.0,0.0,no_observed_inter_region_candidate_exposure,1,1,1,1.0,False,"insufficient_minimum_mappable_traces,minimum_unique_probes,minimum_unique_probe_asns",trace share with at least one feasible domestic or international inter-region submarine-corridor candidate; not actual cable use or traffic dependency
HU,landlocked,catalog_landlocked_list,all_publicly_visible,55,53,8,6,5,7,0.14545454545454545,0.1509433962264151,0.10909090909090909,0.09090909090909091,0.12727272727272726,0.14545454545454545,moderate_candidate_dependency_proxy,1,55,21,0.5454545454545454,True,eligible,trace share with at least one feasible domestic or international inter-region submarine-corridor candidate; not actual cable use or traffic dependency
HU,landlocked,catalog_landlocked_list,resolved_entry_only,30,30,4,2,3,2,0.13333333333333333,0.13333333333333333,0.06666666666666667,0.1,0.06666666666666667,0.13333333333333333,moderate_candidate_dependency_proxy,1,30,15,1.0,True,eligible,trace share with at least one feasible domestic or international inter-region submarine-corridor candidate; not actual cable use or traffic dependency
ID,island_or_archipelagic,catalog_island_or_archipelagic_list,all_publicly_visible,96,93,84,78,59,53,0.875,0.9032258064516129,0.8125,0.6145833333333334,0.5520833333333334,0.875,very_high_candidate_dependency_proxy,1,94,65,0.6354166666666666,True,eligible,trace share with at least one feasible domestic or international inter-region submarine-corridor candidate; not actual cable use or traffic dependency
ID,island_or_archipelagic,catalog_island_or_archipelagic_list,resolved_entry_only,61,61,54,51,36,35,0.8852459016393442,0.8852459016393442,0.8360655737704918,0.5901639344262295,0.5737704918032787,0.8852459016393442,very_high_candidate_dependency_proxy,1,59,49,1.0,True,eligible,trace share with at least one feasible domestic or international inter-region submarine-corridor candidate; not actual cable use or traffic dependency
IE,island_or_archipelagic,catalog_island_or_archipelagic_list,all_publicly_visible,103,99,19,8,14,11,0.18446601941747573,0.1919191919191919,0.07766990291262135,0.13592233009708737,0.10679611650485436,0.18446601941747573,high_candidate_dependency_proxy,1,100,27,0.6310679611650486,True,eligible,trace share with at least one feasible domestic or international inter-region submarine-corridor candidate; not actual cable use or traffic dependency
IE,island_or_archipelagic,catalog_island_or_archipelagic_list,resolved_entry_only,65,65,13,5,11,8,0.2,0.2,0.07692307692307693,0.16923076923076924,0.12307692307692308,0.2,high_candidate_dependency_proxy,1,64,23,1.0,True,eligible,trace share with at least one feasible domestic or international inter-region submarine-corridor candidate; not actual cable use or traffic dependency
IL,coastal_mainland_or_mixed,catalog_default_alpha2_rule,all_publicly_visible,34,32,20,20,7,20,0.5882352941176471,0.625,0.5882352941176471,0.20588235294117646,0.5882352941176471,0.5882352941176471,very_high_candidate_dependency_proxy,1,34,13,0.4411764705882353,True,eligible,trace share with at least one feasible domestic or international inter-region submarine-corridor candidate; not actual cable use or traffic dependency
IL,coastal_mainland_or_mixed,catalog_default_alpha2_rule,resolved_entry_only,15,15,11,11,2,11,0.7333333333333333,0.7333333333333333,0.7333333333333333,0.13333333333333333,0.7333333333333333,0.7333333333333333,very_high_candidate_dependency_proxy,1,15,9,1.0,False,insufficient_minimum_mappable_traces,trace share with at least one feasible domestic or international inter-region submarine-corridor candidate; not actual cable use or traffic dependency
IM,island_or_archipelagic,catalog_island_or_archipelagic_list,all_publicly_visible,3,3,1,0,1,2,0.3333333333333333,0.3333333333333333,0.0,0.3333333333333333,0.6666666666666666,0.3333333333333333,very_high_candidate_dependency_proxy,1,3,3,0.6666666666666666,False,"insufficient_minimum_mappable_traces,minimum_unique_probes",trace share with at least one feasible domestic or international inter-region submarine-corridor candidate; not actual cable use or traffic dependency
IM,island_or_archipelagic,catalog_island_or_archipelagic_list,resolved_entry_only,2,2,1,0,1,1,0.5,0.5,0.0,0.5,0.5,0.5,very_high_candidate_dependency_proxy,1,2,2,1.0,False,"insufficient_minimum_mappable_traces,minimum_unique_probes,minimum_unique_probe_asns",trace share with at least one feasible domestic or international inter-region submarine-corridor candidate; not actual cable use or traffic dependency
IN,coastal_mainland_or_mixed,catalog_default_alpha2_rule,all_publicly_visible,156,136,56,34,37,31,0.358974358974359,0.4117647058823529,0.21794871794871795,0.23717948717948717,0.1987179487179487,0.358974358974359,very_high_candidate_dependency_proxy,1,150,63,0.5064102564102564,True,eligible,trace share with at least one feasible domestic or international inter-region submarine-corridor candidate; not actual cable use or traffic dependency
IN,coastal_mainland_or_mixed,catalog_default_alpha2_rule,resolved_entry_only,79,79,27,20,16,18,0.34177215189873417,0.34177215189873417,0.25316455696202533,0.20253164556962025,0.22784810126582278,0.34177215189873417,very_high_candidate_dependency_proxy,1,79,40,1.0,True,eligible,trace share with at least one feasible domestic or international inter-region submarine-corridor candidate; not actual cable use or traffic dependency
IQ,coastal_mainland_or_mixed,catalog_default_alpha2_rule,all_publicly_visible,10,10,2,2,2,3,0.2,0.2,0.2,0.2,0.3,0.2,high_candidate_dependency_proxy,1,10,8,0.6,False,insufficient_minimum_mappable_traces,trace share with at least one feasible domestic or international inter-region submarine-corridor candidate; not actual cable use or traffic dependency
IQ,coastal_mainland_or_mixed,catalog_default_alpha2_rule,resolved_entry_only,6,6,1,1,1,2,0.16666666666666666,0.16666666666666666,0.16666666666666666,0.16666666666666666,0.3333333333333333,0.16666666666666666,high_candidate_dependency_proxy,1,6,5,1.0,False,"insufficient_minimum_mappable_traces,minimum_unique_probes",trace share with at least one feasible domestic or international inter-region submarine-corridor candidate; not actual cable use or traffic dependency
IR,coastal_mainland_or_mixed,catalog_default_alpha2_rule,all_publicly_visible,49,29,2,2,0,4,0.04081632653061224,0.06896551724137931,0.04081632653061224,0.0,0.08163265306122448,0.04081632653061224,low_candidate_dependency_proxy,1,47,24,0.3877551020408163,False,insufficient_minimum_mappable_traces,trace share with at least one feasible domestic or international inter-region submarine-corridor candidate; not actual cable use or traffic dependency
IR,coastal_mainland_or_mixed,catalog_default_alpha2_rule,resolved_entry_only,19,19,1,1,0,3,0.05263157894736842,0.05263157894736842,0.05263157894736842,0.0,0.15789473684210525,0.05263157894736842,moderate_candidate_dependency_proxy,1,19,11,1.0,False,insufficient_minimum_mappable_traces,trace share with at least one feasible domestic or international inter-region submarine-corridor candidate; not actual cable use or traffic dependency
IS,island_or_archipelagic,catalog_island_or_archipelagic_list,all_publicly_visible,12,12,3,2,2,2,0.25,0.25,0.16666666666666666,0.16666666666666666,0.16666666666666666,0.25,high_candidate_dependency_proxy,1,12,9,0.6666666666666666,False,insufficient_minimum_mappable_traces,trace share with at least one feasible domestic or international inter-region submarine-corridor candidate; not actual cable use or traffic dependency
IS,island_or_archipelagic,catalog_island_or_archipelagic_list,resolved_entry_only,8,8,2,1,2,1,0.25,0.25,0.125,0.25,0.125,0.25,high_candidate_dependency_proxy,1,8,7,1.0,False,"insufficient_minimum_mappable_traces,minimum_unique_probes",trace share with at least one feasible domestic or international inter-region submarine-corridor candidate; not actual cable use or traffic dependency
IT,coastal_mainland_or_mixed,catalog_default_alpha2_rule,all_publicly_visible,349,333,54,27,38,44,0.15472779369627507,0.16216216216216217,0.07736389684813753,0.10888252148997135,0.12607449856733524,0.15472779369627507,high_candidate_dependency_proxy,1,341,117,0.5959885386819485,True,eligible,trace share with at least one feasible domestic or international inter-region submarine-corridor candidate; not actual cable use or traffic dependency
IT,coastal_mainland_or_mixed,catalog_default_alpha2_rule,resolved_entry_only,208,208,37,18,24,30,0.1778846153846154,0.1778846153846154,0.08653846153846154,0.11538461538461539,0.14423076923076922,0.1778846153846154,high_candidate_dependency_proxy,1,206,84,1.0,True,eligible,trace share with at least one feasible domestic or international inter-region submarine-corridor candidate; not actual cable use or traffic dependency
JM,island_or_archipelagic,catalog_island_or_archipelagic_list,all_publicly_visible,6,6,5,5,0,1,0.8333333333333334,0.8333333333333334,0.8333333333333334,0.0,0.16666666666666666,0.8333333333333334,very_high_candidate_dependency_proxy,1,6,3,0.3333333333333333,False,"insufficient_minimum_mappable_traces,minimum_unique_probes",trace share with at least one feasible domestic or international inter-region submarine-corridor candidate; not actual cable use or traffic dependency
JM,island_or_archipelagic,catalog_island_or_archipelagic_list,resolved_entry_only,2,2,2,2,0,0,1.0,1.0,1.0,0.0,0.0,1.0,very_high_candidate_dependency_proxy,1,2,2,1.0,False,"insufficient_minimum_mappable_traces,minimum_unique_probes,minimum_unique_probe_asns",trace share with at least one feasible domestic or international inter-region submarine-corridor candidate; not actual cable use or traffic dependency
JO,coastal_mainland_or_mixed,catalog_default_alpha2_rule,all_publicly_visible,4,2,0,0,0,0,0.0,0.0,0.0,0.0,0.0,0.0,no_observed_inter_region_candidate_exposure,1,4,4,0.25,False,"insufficient_minimum_mappable_traces,minimum_unique_probes",trace share with at least one feasible domestic or international inter-region submarine-corridor candidate; not actual cable use or traffic dependency
JO,coastal_mainland_or_mixed,catalog_default_alpha2_rule,resolved_entry_only,1,1,0,0,0,0,0.0,0.0,0.0,0.0,0.0,0.0,no_observed_inter_region_candidate_exposure,1,1,1,1.0,False,"insufficient_minimum_mappable_traces,minimum_unique_probes,minimum_unique_probe_asns",trace share with at least one feasible domestic or international inter-region submarine-corridor candidate; not actual cable use or traffic dependency
JP,island_or_archipelagic,catalog_island_or_archipelagic_list,all_publicly_visible,298,274,59,43,22,54,0.19798657718120805,0.21532846715328466,0.14429530201342283,0.0738255033557047,0.18120805369127516,0.19798657718120805,high_candidate_dependency_proxy,1,287,116,0.5536912751677853,True,eligible,trace share with at least one feasible domestic or international inter-region submarine-corridor candidate; not actual cable use or traffic dependency
JP,island_or_archipelagic,catalog_island_or_archipelagic_list,resolved_entry_only,165,165,36,25,16,32,0.21818181818181817,0.21818181818181817,0.15151515151515152,0.09696969696969697,0.19393939393939394,0.21818181818181817,high_candidate_dependency_proxy,1,161,83,1.0,True,eligible,trace share with at least one feasible domestic or international inter-region submarine-corridor candidate; not actual cable use or traffic dependency
KE,coastal_mainland_or_mixed,catalog_default_alpha2_rule,all_publicly_visible,17,15,2,2,1,5,0.11764705882352941,0.13333333333333333,0.11764705882352941,0.058823529411764705,0.29411764705882354,0.11764705882352941,moderate_candidate_dependency_proxy,1,17,11,0.47058823529411764,False,insufficient_minimum_mappable_traces,trace share with at least one feasible domestic or international inter-region submarine-corridor candidate; not actual cable use or traffic dependency
KE,coastal_mainland_or_mixed,catalog_default_alpha2_rule,resolved_entry_only,8,8,1,1,0,3,0.125,0.125,0.125,0.0,0.375,0.125,moderate_candidate_dependency_proxy,1,8,7,1.0,False,"insufficient_minimum_mappable_traces,minimum_unique_probes",trace share with at least one feasible domestic or international inter-region submarine-corridor candidate; not actual cable use or traffic dependency
KG,landlocked,catalog_landlocked_list,all_publicly_visible,23,20,3,1,2,0,0.13043478260869565,0.15,0.043478260869565216,0.08695652173913043,0.0,0.13043478260869565,moderate_candidate_dependency_proxy,1,23,12,0.5652173913043478,False,insufficient_minimum_mappable_traces,trace share with at least one feasible domestic or international inter-region submarine-corridor candidate; not actual cable use or traffic dependency
KG,landlocked,catalog_landlocked_list,resolved_entry_only,13,13,2,0,2,0,0.15384615384615385,0.15384615384615385,0.0,0.15384615384615385,0.0,0.15384615384615385,high_candidate_dependency_proxy,1,13,7,1.0,False,insufficient_minimum_mappable_traces,trace share with at least one feasible domestic or international inter-region submarine-corridor candidate; not actual cable use or traffic dependency
KH,coastal_mainland_or_mixed,catalog_default_alpha2_rule,all_publicly_visible,7,6,0,0,0,0,0.0,0.0,0.0,0.0,0.0,0.0,no_observed_inter_region_candidate_exposure,1,7,7,0.5714285714285714,False,"insufficient_minimum_mappable_traces,minimum_unique_probes",trace share with at least one feasible domestic or international inter-region submarine-corridor candidate; not actual cable use or traffic dependency
KH,coastal_mainland_or_mixed,catalog_default_alpha2_rule,resolved_entry_only,4,4,0,0,0,0,0.0,0.0,0.0,0.0,0.0,0.0,no_observed_inter_region_candidate_exposure,1,4,4,1.0,False,"insufficient_minimum_mappable_traces,minimum_unique_probes",trace share with at least one feasible domestic or international inter-region submarine-corridor candidate; not actual cable use or traffic dependency
KI,island_or_archipelagic,catalog_island_or_archipelagic_list,all_publicly_visible,3,3,2,2,0,2,0.6666666666666666,0.6666666666666666,0.6666666666666666,0.0,0.6666666666666666,0.6666666666666666,very_high_candidate_dependency_proxy,1,2,1,0.3333333333333333,False,"insufficient_minimum_mappable_traces,minimum_unique_probes,minimum_unique_probe_asns",trace share with at least one feasible domestic or international inter-region submarine-corridor candidate; not actual cable use or traffic dependency
KI,island_or_archipelagic,catalog_island_or_archipelagic_list,resolved_entry_only,1,1,0,0,0,0,0.0,0.0,0.0,0.0,0.0,0.0,no_observed_inter_region_candidate_exposure,1,1,1,1.0,False,"insufficient_minimum_mappable_traces,minimum_unique_probes,minimum_unique_probe_asns",trace share with at least one feasible domestic or international inter-region submarine-corridor candidate; not actual cable use or traffic dependency
KN,island_or_archipelagic,catalog_island_or_archipelagic_list,all_publicly_visible,1,1,1,1,0,0,1.0,1.0,1.0,0.0,0.0,1.0,very_high_candidate_dependency_proxy,1,1,1,1.0,False,"insufficient_minimum_mappable_traces,minimum_unique_probes,minimum_unique_probe_asns",trace share with at least one feasible domestic or international inter-region submarine-corridor candidate; not actual cable use or traffic dependency
KN,island_or_archipelagic,catalog_island_or_archipelagic_list,resolved_entry_only,1,1,1,1,0,0,1.0,1.0,1.0,0.0,0.0,1.0,very_high_candidate_dependency_proxy,1,1,1,1.0,False,"insufficient_minimum_mappable_traces,minimum_unique_probes,minimum_unique_probe_asns",trace share with at least one feasible domestic or international inter-region submarine-corridor candidate; not actual cable use or traffic dependency
KR,coastal_mainland_or_mixed,catalog_default_alpha2_rule,all_publicly_visible,36,31,10,9,5,9,0.2777777777777778,0.3225806451612903,0.25,0.1388888888888889,0.25,0.2777777777777778,high_candidate_dependency_proxy,1,35,14,0.4166666666666667,True,eligible,trace share with at least one feasible domestic or international inter-region submarine-corridor candidate; not actual cable use or traffic dependency
KR,coastal_mainland_or_mixed,catalog_default_alpha2_rule,resolved_entry_only,15,15,5,4,3,5,0.3333333333333333,0.3333333333333333,0.26666666666666666,0.2,0.3333333333333333,0.3333333333333333,very_high_candidate_dependency_proxy,1,15,9,1.0,False,insufficient_minimum_mappable_traces,trace share with at least one feasible domestic or international inter-region submarine-corridor candidate; not actual cable use or traffic dependency
KW,coastal_mainland_or_mixed,catalog_default_alpha2_rule,all_publicly_visible,2,1,1,0,1,0,0.5,1.0,0.0,0.5,0.0,0.5,very_high_candidate_dependency_proxy,1,2,2,0.0,False,"insufficient_minimum_mappable_traces,minimum_unique_probes,minimum_unique_probe_asns",trace share with at least one feasible domestic or international inter-region submarine-corridor candidate; not actual cable use or traffic dependency
KW,coastal_mainland_or_mixed,catalog_default_alpha2_rule,resolved_entry_only,0,0,0,0,0,0,,,,,,,unknown_candidate_dependency_proxy,0,0,0,,False,"insufficient_minimum_mappable_traces,minimum_unique_probes,minimum_unique_probe_asns",trace share with at least one feasible domestic or international inter-region submarine-corridor candidate; not actual cable use or traffic dependency
KY,island_or_archipelagic,catalog_island_or_archipelagic_list,all_publicly_visible,1,1,1,0,1,0,1.0,1.0,0.0,1.0,0.0,1.0,very_high_candidate_dependency_proxy,1,1,1,1.0,False,"insufficient_minimum_mappable_traces,minimum_unique_probes,minimum_unique_probe_asns",trace share with at least one feasible domestic or international inter-region submarine-corridor candidate; not actual cable use or traffic dependency
KY,island_or_archipelagic,catalog_island_or_archipelagic_list,resolved_entry_only,1,1,1,0,1,0,1.0,1.0,0.0,1.0,0.0,1.0,very_high_candidate_dependency_proxy,1,1,1,1.0,False,"insufficient_minimum_mappable_traces,minimum_unique_probes,minimum_unique_probe_asns",trace share with at least one feasible domestic or international inter-region submarine-corridor candidate; not actual cable use or traffic dependency
KZ,landlocked,catalog_landlocked_list,all_publicly_visible,73,72,9,4,5,10,0.1232876712328767,0.125,0.0547945205479452,0.0684931506849315,0.136986301369863,0.1232876712328767,moderate_candidate_dependency_proxy,1,72,23,0.5753424657534246,True,eligible,trace share with at least one feasible domestic or international inter-region submarine-corridor candidate; not actual cable use or traffic dependency
KZ,landlocked,catalog_landlocked_list,resolved_entry_only,42,42,3,2,1,5,0.07142857142857142,0.07142857142857142,0.047619047619047616,0.023809523809523808,0.11904761904761904,0.07142857142857142,moderate_candidate_dependency_proxy,1,42,17,1.0,True,eligible,trace share with at least one feasible domestic or international inter-region submarine-corridor candidate; not actual cable use or traffic dependency
LA,landlocked,catalog_landlocked_list,all_publicly_visible,4,4,3,3,0,3,0.75,0.75,0.75,0.0,0.75,0.75,very_high_candidate_dependency_proxy,1,4,1,0.75,False,"insufficient_minimum_mappable_traces,minimum_unique_probes,minimum_unique_probe_asns",trace share with at least one feasible domestic or international inter-region submarine-corridor candidate; not actual cable use or traffic dependency
LA,landlocked,catalog_landlocked_list,resolved_entry_only,3,3,2,2,0,2,0.6666666666666666,0.6666666666666666,0.6666666666666666,0.0,0.6666666666666666,0.6666666666666666,very_high_candidate_dependency_proxy,1,3,1,1.0,False,"insufficient_minimum_mappable_traces,minimum_unique_probes,minimum_unique_probe_asns",trace share with at least one feasible domestic or international inter-region submarine-corridor candidate; not actual cable use or traffic dependency
LB,coastal_mainland_or_mixed,catalog_default_alpha2_rule,all_publicly_visible,4,3,0,0,0,1,0.0,0.0,0.0,0.0,0.25,0.0,no_observed_inter_region_candidate_exposure,1,4,4,0.75,False,"insufficient_minimum_mappable_traces,minimum_unique_probes",trace share with at least one feasible domestic or international inter-region submarine-corridor candidate; not actual cable use or traffic dependency
LB,coastal_mainland_or_mixed,catalog_default_alpha2_rule,resolved_entry_only,3,3,0,0,0,1,0.0,0.0,0.0,0.0,0.3333333333333333,0.0,no_observed_inter_region_candidate_exposure,1,3,3,1.0,False,"insufficient_minimum_mappable_traces,minimum_unique_probes",trace share with at least one feasible domestic or international inter-region submarine-corridor candidate; not actual cable use or traffic dependency
LC,island_or_archipelagic,catalog_island_or_archipelagic_list,all_publicly_visible,2,2,2,1,2,0,1.0,1.0,0.5,1.0,0.0,1.0,very_high_candidate_dependency_proxy,1,2,1,0.5,False,"insufficient_minimum_mappable_traces,minimum_unique_probes,minimum_unique_probe_asns",trace share with at least one feasible domestic or international inter-region submarine-corridor candidate; not actual cable use or traffic dependency
LC,island_or_archipelagic,catalog_island_or_archipelagic_list,resolved_entry_only,1,1,1,1,1,0,1.0,1.0,1.0,1.0,0.0,1.0,very_high_candidate_dependency_proxy,1,1,1,1.0,False,"insufficient_minimum_mappable_traces,minimum_unique_probes,minimum_unique_probe_asns",trace share with at least one feasible domestic or international inter-region submarine-corridor candidate; not actual cable use or traffic dependency
LI,landlocked,catalog_landlocked_list,all_publicly_visible,3,3,1,1,0,0,0.3333333333333333,0.3333333333333333,0.3333333333333333,0.0,0.0,0.3333333333333333,very_high_candidate_dependency_proxy,1,3,3,0.3333333333333333,False,"insufficient_minimum_mappable_traces,minimum_unique_probes",trace share with at least one feasible domestic or international inter-region submarine-corridor candidate; not actual cable use or traffic dependency
LI,landlocked,catalog_landlocked_list,resolved_entry_only,1,1,0,0,0,0,0.0,0.0,0.0,0.0,0.0,0.0,no_observed_inter_region_candidate_exposure,1,1,1,1.0,False,"insufficient_minimum_mappable_traces,minimum_unique_probes,minimum_unique_probe_asns",trace share with at least one feasible domestic or international inter-region submarine-corridor candidate; not actual cable use or traffic dependency
LK,island_or_archipelagic,catalog_island_or_archipelagic_list,all_publicly_visible,13,12,8,5,7,2,0.6153846153846154,0.6666666666666666,0.38461538461538464,0.5384615384615384,0.15384615384615385,0.6153846153846154,very_high_candidate_dependency_proxy,1,13,6,0.46153846153846156,False,insufficient_minimum_mappable_traces,trace share with at least one feasible domestic or international inter-region submarine-corridor candidate; not actual cable use or traffic dependency
LK,island_or_archipelagic,catalog_island_or_archipelagic_list,resolved_entry_only,6,6,4,2,3,2,0.6666666666666666,0.6666666666666666,0.3333333333333333,0.5,0.3333333333333333,0.6666666666666666,very_high_candidate_dependency_proxy,1,6,4,1.0,False,"insufficient_minimum_mappable_traces,minimum_unique_probes",trace share with at least one feasible domestic or international inter-region submarine-corridor candidate; not actual cable use or traffic dependency
LR,coastal_mainland_or_mixed,catalog_default_alpha2_rule,all_publicly_visible,1,1,0,0,0,0,0.0,0.0,0.0,0.0,0.0,0.0,no_observed_inter_region_candidate_exposure,1,1,1,1.0,False,"insufficient_minimum_mappable_traces,minimum_unique_probes,minimum_unique_probe_asns",trace share with at least one feasible domestic or international inter-region submarine-corridor candidate; not actual cable use or traffic dependency
LR,coastal_mainland_or_mixed,catalog_default_alpha2_rule,resolved_entry_only,1,1,0,0,0,0,0.0,0.0,0.0,0.0,0.0,0.0,no_observed_inter_region_candidate_exposure,1,1,1,1.0,False,"insufficient_minimum_mappable_traces,minimum_unique_probes,minimum_unique_probe_asns",trace share with at least one feasible domestic or international inter-region submarine-corridor candidate; not actual cable use or traffic dependency
LS,landlocked,catalog_landlocked_list,all_publicly_visible,1,1,0,0,0,0,0.0,0.0,0.0,0.0,0.0,0.0,no_observed_inter_region_candidate_exposure,1,1,1,0.0,False,"insufficient_minimum_mappable_traces,minimum_unique_probes,minimum_unique_probe_asns",trace share with at least one feasible domestic or international inter-region submarine-corridor candidate; not actual cable use or traffic dependency
LS,landlocked,catalog_landlocked_list,resolved_entry_only,0,0,0,0,0,0,,,,,,,unknown_candidate_dependency_proxy,0,0,0,,False,"insufficient_minimum_mappable_traces,minimum_unique_probes,minimum_unique_probe_asns",trace share with at least one feasible domestic or international inter-region submarine-corridor candidate; not actual cable use or traffic dependency
LT,coastal_mainland_or_mixed,catalog_default_alpha2_rule,all_publicly_visible,43,42,5,3,4,3,0.11627906976744186,0.11904761904761904,0.06976744186046512,0.09302325581395349,0.06976744186046512,0.11627906976744186,moderate_candidate_dependency_proxy,1,43,25,0.6046511627906976,True,eligible,trace share with at least one feasible domestic or international inter-region submarine-corridor candidate; not actual cable use or traffic dependency
LT,coastal_mainland_or_mixed,catalog_default_alpha2_rule,resolved_entry_only,26,26,4,3,3,3,0.15384615384615385,0.15384615384615385,0.11538461538461539,0.11538461538461539,0.11538461538461539,0.15384615384615385,high_candidate_dependency_proxy,1,26,19,1.0,False,insufficient_minimum_mappable_traces,trace share with at least one feasible domestic or international inter-region submarine-corridor candidate; not actual cable use or traffic dependency
LU,landlocked,catalog_landlocked_list,all_publicly_visible,48,46,6,4,2,6,0.125,0.13043478260869565,0.08333333333333333,0.041666666666666664,0.125,0.125,moderate_candidate_dependency_proxy,1,48,22,0.4583333333333333,True,eligible,trace share with at least one feasible domestic or international inter-region submarine-corridor candidate; not actual cable use or traffic dependency
LU,landlocked,catalog_landlocked_list,resolved_entry_only,22,22,4,3,1,3,0.18181818181818182,0.18181818181818182,0.13636363636363635,0.045454545454545456,0.13636363636363635,0.18181818181818182,high_candidate_dependency_proxy,1,22,11,1.0,False,insufficient_minimum_mappable_traces,trace share with at least one feasible domestic or international inter-region submarine-corridor candidate; not actual cable use or traffic dependency
LV,coastal_mainland_or_mixed,catalog_default_alpha2_rule,all_publicly_visible,31,30,7,4,3,1,0.22580645161290322,0.23333333333333334,0.12903225806451613,0.0967741935483871,0.03225806451612903,0.22580645161290322,high_candidate_dependency_proxy,1,31,21,0.45161290322580644,True,eligible,trace share with at least one feasible domestic or international inter-region submarine-corridor candidate; not actual cable use or traffic dependency
LV,coastal_mainland_or_mixed,catalog_default_alpha2_rule,resolved_entry_only,14,14,3,3,0,1,0.21428571428571427,0.21428571428571427,0.21428571428571427,0.0,0.07142857142857142,0.21428571428571427,high_candidate_dependency_proxy,1,14,12,1.0,False,insufficient_minimum_mappable_traces,trace share with at least one feasible domestic or international inter-region submarine-corridor candidate; not actual cable use or traffic dependency
MA,coastal_mainland_or_mixed,catalog_default_alpha2_rule,all_publicly_visible,1,1,1,1,0,0,1.0,1.0,1.0,0.0,0.0,1.0,very_high_candidate_dependency_proxy,1,1,1,0.0,False,"insufficient_minimum_mappable_traces,minimum_unique_probes,minimum_unique_probe_asns",trace share with at least one feasible domestic or international inter-region submarine-corridor candidate; not actual cable use or traffic dependency
MA,coastal_mainland_or_mixed,catalog_default_alpha2_rule,resolved_entry_only,0,0,0,0,0,0,,,,,,,unknown_candidate_dependency_proxy,0,0,0,,False,"insufficient_minimum_mappable_traces,minimum_unique_probes,minimum_unique_probe_asns",trace share with at least one feasible domestic or international inter-region submarine-corridor candidate; not actual cable use or traffic dependency
MD,landlocked,catalog_landlocked_list,all_publicly_visible,26,24,2,1,1,1,0.07692307692307693,0.08333333333333333,0.038461538461538464,0.038461538461538464,0.038461538461538464,0.07692307692307693,moderate_candidate_dependency_proxy,1,26,14,0.6538461538461539,False,insufficient_minimum_mappable_traces,trace share with at least one feasible domestic or international inter-region submarine-corridor candidate; not actual cable use or traffic dependency
MD,landlocked,catalog_landlocked_list,resolved_entry_only,17,17,2,1,1,1,0.11764705882352941,0.11764705882352941,0.058823529411764705,0.058823529411764705,0.058823529411764705,0.11764705882352941,moderate_candidate_dependency_proxy,1,17,12,1.0,False,insufficient_minimum_mappable_traces,trace share with at least one feasible domestic or international inter-region submarine-corridor candidate; not actual cable use or traffic dependency
ME,coastal_mainland_or_mixed,catalog_default_alpha2_rule,all_publicly_visible,6,6,0,0,0,0,0.0,0.0,0.0,0.0,0.0,0.0,no_observed_inter_region_candidate_exposure,1,6,5,0.6666666666666666,False,"insufficient_minimum_mappable_traces,minimum_unique_probes",trace share with at least one feasible domestic or international inter-region submarine-corridor candidate; not actual cable use or traffic dependency
ME,coastal_mainland_or_mixed,catalog_default_alpha2_rule,resolved_entry_only,4,4,0,0,0,0,0.0,0.0,0.0,0.0,0.0,0.0,no_observed_inter_region_candidate_exposure,1,4,4,1.0,False,"insufficient_minimum_mappable_traces,minimum_unique_probes",trace share with at least one feasible domestic or international inter-region submarine-corridor candidate; not actual cable use or traffic dependency
MG,island_or_archipelagic,catalog_island_or_archipelagic_list,all_publicly_visible,2,2,0,0,0,1,0.0,0.0,0.0,0.0,0.5,0.0,no_observed_inter_region_candidate_exposure,1,2,1,1.0,False,"insufficient_minimum_mappable_traces,minimum_unique_probes,minimum_unique_probe_asns",trace share with at least one feasible domestic or international inter-region submarine-corridor candidate; not actual cable use or traffic dependency
MG,island_or_archipelagic,catalog_island_or_archipelagic_list,resolved_entry_only,2,2,0,0,0,1,0.0,0.0,0.0,0.0,0.5,0.0,no_observed_inter_region_candidate_exposure,1,2,1,1.0,False,"insufficient_minimum_mappable_traces,minimum_unique_probes,minimum_unique_probe_asns",trace share with at least one feasible domestic or international inter-region submarine-corridor candidate; not actual cable use or traffic dependency
MH,island_or_archipelagic,catalog_island_or_archipelagic_list,all_publicly_visible,1,1,1,0,1,0,1.0,1.0,0.0,1.0,0.0,1.0,very_high_candidate_dependency_proxy,1,1,1,0.0,False,"insufficient_minimum_mappable_traces,minimum_unique_probes,minimum_unique_probe_asns",trace share with at least one feasible domestic or international inter-region submarine-corridor candidate; not actual cable use or traffic dependency
MH,island_or_archipelagic,catalog_island_or_archipelagic_list,resolved_entry_only,0,0,0,0,0,0,,,,,,,unknown_candidate_dependency_proxy,0,0,0,,False,"insufficient_minimum_mappable_traces,minimum_unique_probes,minimum_unique_probe_asns",trace share with at least one feasible domestic or international inter-region submarine-corridor candidate; not actual cable use or traffic dependency
MK,landlocked,catalog_landlocked_list,all_publicly_visible,13,12,3,2,1,4,0.23076923076923078,0.25,0.15384615384615385,0.07692307692307693,0.3076923076923077,0.23076923076923078,high_candidate_dependency_proxy,1,13,10,0.7692307692307693,False,insufficient_minimum_mappable_traces,trace share with at least one feasible domestic or international inter-region submarine-corridor candidate; not actual cable use or traffic dependency
MK,landlocked,catalog_landlocked_list,resolved_entry_only,10,10,3,2,1,4,0.3,0.3,0.2,0.1,0.4,0.3,very_high_candidate_dependency_proxy,1,10,8,1.0,False,insufficient_minimum_mappable_traces,trace share with at least one feasible domestic or international inter-region submarine-corridor candidate; not actual cable use or traffic dependency
ML,landlocked,catalog_landlocked_list,all_publicly_visible,1,1,1,1,1,0,1.0,1.0,1.0,1.0,0.0,1.0,very_high_candidate_dependency_proxy,1,1,1,0.0,False,"insufficient_minimum_mappable_traces,minimum_unique_probes,minimum_unique_probe_asns",trace share with at least one feasible domestic or international inter-region submarine-corridor candidate; not actual cable use or traffic dependency
ML,landlocked,catalog_landlocked_list,resolved_entry_only,0,0,0,0,0,0,,,,,,,unknown_candidate_dependency_proxy,0,0,0,,False,"insufficient_minimum_mappable_traces,minimum_unique_probes,minimum_unique_probe_asns",trace share with at least one feasible domestic or international inter-region submarine-corridor candidate; not actual cable use or traffic dependency
MM,coastal_mainland_or_mixed,catalog_default_alpha2_rule,all_publicly_visible,3,3,2,2,2,2,0.6666666666666666,0.6666666666666666,0.6666666666666666,0.6666666666666666,0.6666666666666666,0.6666666666666666,very_high_candidate_dependency_proxy,1,3,3,0.0,False,"insufficient_minimum_mappable_traces,minimum_unique_probes",trace share with at least one feasible domestic or international inter-region submarine-corridor candidate; not actual cable use or traffic dependency
MM,coastal_mainland_or_mixed,catalog_default_alpha2_rule,resolved_entry_only,0,0,0,0,0,0,,,,,,,unknown_candidate_dependency_proxy,0,0,0,,False,"insufficient_minimum_mappable_traces,minimum_unique_probes,minimum_unique_probe_asns",trace share with at least one feasible domestic or international inter-region submarine-corridor candidate; not actual cable use or traffic dependency
MN,landlocked,catalog_landlocked_list,all_publicly_visible,8,8,1,1,1,3,0.125,0.125,0.125,0.125,0.375,0.125,moderate_candidate_dependency_proxy,1,8,8,0.5,False,"insufficient_minimum_mappable_traces,minimum_unique_probes",trace share with at least one feasible domestic or international inter-region submarine-corridor candidate; not actual cable use or traffic dependency
MN,landlocked,catalog_landlocked_list,resolved_entry_only,4,4,0,0,0,1,0.0,0.0,0.0,0.0,0.25,0.0,no_observed_inter_region_candidate_exposure,1,4,4,1.0,False,"insufficient_minimum_mappable_traces,minimum_unique_probes",trace share with at least one feasible domestic or international inter-region submarine-corridor candidate; not actual cable use or traffic dependency
MP,island_or_archipelagic,catalog_island_or_archipelagic_list,all_publicly_visible,1,1,1,0,1,0,1.0,1.0,0.0,1.0,0.0,1.0,very_high_candidate_dependency_proxy,1,1,1,0.0,False,"insufficient_minimum_mappable_traces,minimum_unique_probes,minimum_unique_probe_asns",trace share with at least one feasible domestic or international inter-region submarine-corridor candidate; not actual cable use or traffic dependency
MP,island_or_archipelagic,catalog_island_or_archipelagic_list,resolved_entry_only,0,0,0,0,0,0,,,,,,,unknown_candidate_dependency_proxy,0,0,0,,False,"insufficient_minimum_mappable_traces,minimum_unique_probes,minimum_unique_probe_asns",trace share with at least one feasible domestic or international inter-region submarine-corridor candidate; not actual cable use or traffic dependency
MT,island_or_archipelagic,catalog_island_or_archipelagic_list,all_publicly_visible,10,10,4,1,3,10,0.4,0.4,0.1,0.3,1.0,0.4,very_high_candidate_dependency_proxy,1,9,3,0.5,False,"insufficient_minimum_mappable_traces,minimum_unique_probes",trace share with at least one feasible domestic or international inter-region submarine-corridor candidate; not actual cable use or traffic dependency
MT,island_or_archipelagic,catalog_island_or_archipelagic_list,resolved_entry_only,5,5,1,0,1,5,0.2,0.2,0.0,0.2,1.0,0.2,high_candidate_dependency_proxy,1,5,3,1.0,False,"insufficient_minimum_mappable_traces,minimum_unique_probes",trace share with at least one feasible domestic or international inter-region submarine-corridor candidate; not actual cable use or traffic dependency
MU,island_or_archipelagic,catalog_island_or_archipelagic_list,all_publicly_visible,7,7,5,4,3,6,0.7142857142857143,0.7142857142857143,0.5714285714285714,0.42857142857142855,0.8571428571428571,0.7142857142857143,very_high_candidate_dependency_proxy,1,7,3,0.8571428571428571,False,"insufficient_minimum_mappable_traces,minimum_unique_probes",trace share with at least one feasible domestic or international inter-region submarine-corridor candidate; not actual cable use or traffic dependency
MU,island_or_archipelagic,catalog_island_or_archipelagic_list,resolved_entry_only,6,6,5,4,3,6,0.8333333333333334,0.8333333333333334,0.6666666666666666,0.5,1.0,0.8333333333333334,very_high_candidate_dependency_proxy,1,6,3,1.0,False,"insufficient_minimum_mappable_traces,minimum_unique_probes",trace share with at least one feasible domestic or international inter-region submarine-corridor candidate; not actual cable use or traffic dependency
MV,island_or_archipelagic,catalog_island_or_archipelagic_list,all_publicly_visible,12,11,9,9,3,9,0.75,0.8181818181818182,0.75,0.25,0.75,0.75,very_high_candidate_dependency_proxy,1,12,4,0.3333333333333333,False,insufficient_minimum_mappable_traces,trace share with at least one feasible domestic or international inter-region submarine-corridor candidate; not actual cable use or traffic dependency
MV,island_or_archipelagic,catalog_island_or_archipelagic_list,resolved_entry_only,4,4,3,3,2,3,0.75,0.75,0.75,0.5,0.75,0.75,very_high_candidate_dependency_proxy,1,4,3,1.0,False,"insufficient_minimum_mappable_traces,minimum_unique_probes",trace share with at least one feasible domestic or international inter-region submarine-corridor candidate; not actual cable use or traffic dependency
MW,landlocked,catalog_landlocked_list,all_publicly_visible,1,1,0,0,0,0,0.0,0.0,0.0,0.0,0.0,0.0,no_observed_inter_region_candidate_exposure,1,1,1,1.0,False,"insufficient_minimum_mappable_traces,minimum_unique_probes,minimum_unique_probe_asns",trace share with at least one feasible domestic or international inter-region submarine-corridor candidate; not actual cable use or traffic dependency
MW,landlocked,catalog_landlocked_list,resolved_entry_only,1,1,0,0,0,0,0.0,0.0,0.0,0.0,0.0,0.0,no_observed_inter_region_candidate_exposure,1,1,1,1.0,False,"insufficient_minimum_mappable_traces,minimum_unique_probes,minimum_unique_probe_asns",trace share with at least one feasible domestic or international inter-region submarine-corridor candidate; not actual cable use or traffic dependency
MX,coastal_mainland_or_mixed,catalog_default_alpha2_rule,all_publicly_visible,58,56,11,6,7,8,0.1896551724137931,0.19642857142857142,0.10344827586206896,0.1206896551724138,0.13793103448275862,0.1896551724137931,high_candidate_dependency_proxy,1,58,27,0.5,True,eligible,trace share with at least one feasible domestic or international inter-region submarine-corridor candidate; not actual cable use or traffic dependency
MX,coastal_mainland_or_mixed,catalog_default_alpha2_rule,resolved_entry_only,29,29,5,3,3,3,0.1724137931034483,0.1724137931034483,0.10344827586206896,0.10344827586206896,0.10344827586206896,0.1724137931034483,high_candidate_dependency_proxy,1,29,16,1.0,False,insufficient_minimum_mappable_traces,trace share with at least one feasible domestic or international inter-region submarine-corridor candidate; not actual cable use or traffic dependency
MY,coastal_mainland_or_mixed,catalog_default_alpha2_rule,all_publicly_visible,38,37,21,19,8,24,0.5526315789473685,0.5675675675675675,0.5,0.21052631578947367,0.631578947368421,0.5526315789473685,very_high_candidate_dependency_proxy,1,36,20,0.4473684210526316,True,eligible,trace share with at least one feasible domestic or international inter-region submarine-corridor candidate; not actual cable use or traffic dependency
MY,coastal_mainland_or_mixed,catalog_default_alpha2_rule,resolved_entry_only,17,17,8,7,3,11,0.47058823529411764,0.47058823529411764,0.4117647058823529,0.17647058823529413,0.6470588235294118,0.47058823529411764,very_high_candidate_dependency_proxy,1,17,11,1.0,False,insufficient_minimum_mappable_traces,trace share with at least one feasible domestic or international inter-region submarine-corridor candidate; not actual cable use or traffic dependency
MZ,coastal_mainland_or_mixed,catalog_default_alpha2_rule,all_publicly_visible,3,3,0,0,0,1,0.0,0.0,0.0,0.0,0.3333333333333333,0.0,no_observed_inter_region_candidate_exposure,1,3,3,0.6666666666666666,False,"insufficient_minimum_mappable_traces,minimum_unique_probes",trace share with at least one feasible domestic or international inter-region submarine-corridor candidate; not actual cable use or traffic dependency
MZ,coastal_mainland_or_mixed,catalog_default_alpha2_rule,resolved_entry_only,2,2,0,0,0,1,0.0,0.0,0.0,0.0,0.5,0.0,no_observed_inter_region_candidate_exposure,1,2,2,1.0,False,"insufficient_minimum_mappable_traces,minimum_unique_probes,minimum_unique_probe_asns",trace share with at least one feasible domestic or international inter-region submarine-corridor candidate; not actual cable use or traffic dependency
NA,unknown,unclassified_or_missing_country_code,all_publicly_visible,4,3,2,2,1,1,0.5,0.6666666666666666,0.5,0.25,0.25,0.5,very_high_candidate_dependency_proxy,1,4,3,0.5,False,"insufficient_minimum_mappable_traces,minimum_unique_probes",trace share with at least one feasible domestic or international inter-region submarine-corridor candidate; not actual cable use or traffic dependency
NA,unknown,unclassified_or_missing_country_code,resolved_entry_only,2,2,1,1,1,0,0.5,0.5,0.5,0.5,0.0,0.5,very_high_candidate_dependency_proxy,1,2,2,1.0,False,"insufficient_minimum_mappable_traces,minimum_unique_probes,minimum_unique_probe_asns",trace share with at least one feasible domestic or international inter-region submarine-corridor candidate; not actual cable use or traffic dependency
NC,island_or_archipelagic,catalog_island_or_archipelagic_list,all_publicly_visible,5,5,4,1,4,5,0.8,0.8,0.2,0.8,1.0,0.8,very_high_candidate_dependency_proxy,1,5,2,0.4,False,"insufficient_minimum_mappable_traces,minimum_unique_probes,minimum_unique_probe_asns",trace share with at least one feasible domestic or international inter-region submarine-corridor candidate; not actual cable use or traffic dependency
NC,island_or_archipelagic,catalog_island_or_archipelagic_list,resolved_entry_only,2,2,2,0,2,2,1.0,1.0,0.0,1.0,1.0,1.0,very_high_candidate_dependency_proxy,1,2,1,1.0,False,"insufficient_minimum_mappable_traces,minimum_unique_probes,minimum_unique_probe_asns",trace share with at least one feasible domestic or international inter-region submarine-corridor candidate; not actual cable use or traffic dependency
NG,coastal_mainland_or_mixed,catalog_default_alpha2_rule,all_publicly_visible,10,10,3,1,3,2,0.3,0.3,0.1,0.3,0.2,0.3,very_high_candidate_dependency_proxy,1,10,6,0.7,False,insufficient_minimum_mappable_traces,trace share with at least one feasible domestic or international inter-region submarine-corridor candidate; not actual cable use or traffic dependency
NG,coastal_mainland_or_mixed,catalog_default_alpha2_rule,resolved_entry_only,7,7,3,1,3,1,0.42857142857142855,0.42857142857142855,0.14285714285714285,0.42857142857142855,0.14285714285714285,0.42857142857142855,very_high_candidate_dependency_proxy,1,7,5,1.0,False,"insufficient_minimum_mappable_traces,minimum_unique_probes",trace share with at least one feasible domestic or international inter-region submarine-corridor candidate; not actual cable use or traffic dependency
NI,coastal_mainland_or_mixed,catalog_default_alpha2_rule,all_publicly_visible,7,6,1,1,0,0,0.14285714285714285,0.16666666666666666,0.14285714285714285,0.0,0.0,0.14285714285714285,moderate_candidate_dependency_proxy,1,7,5,0.5714285714285714,False,"insufficient_minimum_mappable_traces,minimum_unique_probes",trace share with at least one feasible domestic or international inter-region submarine-corridor candidate; not actual cable use or traffic dependency
NI,coastal_mainland_or_mixed,catalog_default_alpha2_rule,resolved_entry_only,4,4,1,1,0,0,0.25,0.25,0.25,0.0,0.0,0.25,high_candidate_dependency_proxy,1,4,3,1.0,False,"insufficient_minimum_mappable_traces,minimum_unique_probes",trace share with at least one feasible domestic or international inter-region submarine-corridor candidate; not actual cable use or traffic dependency
NL,coastal_mainland_or_mixed,catalog_default_alpha2_rule,all_publicly_visible,677,645,99,77,42,90,0.14623338257016247,0.15348837209302327,0.1137370753323486,0.0620384047267356,0.1329394387001477,0.14623338257016247,moderate_candidate_dependency_proxy,1,664,183,0.5790251107828656,True,eligible,trace share with at least one feasible domestic or international inter-region submarine-corridor candidate; not actual cable use or traffic dependency
NL,coastal_mainland_or_mixed,catalog_default_alpha2_rule,resolved_entry_only,392,392,61,49,26,55,0.1556122448979592,0.1556122448979592,0.125,0.0663265306122449,0.14030612244897958,0.1556122448979592,high_candidate_dependency_proxy,1,388,127,1.0,True,eligible,trace share with at least one feasible domestic or international inter-region submarine-corridor candidate; not actual cable use or traffic dependency
NO,coastal_mainland_or_mixed,catalog_default_alpha2_rule,all_publicly_visible,94,88,80,77,11,24,0.851063829787234,0.9090909090909091,0.8191489361702128,0.11702127659574468,0.2553191489361702,0.851063829787234,very_high_candidate_dependency_proxy,1,92,34,0.5531914893617021,True,eligible,trace share with at least one feasible domestic or international inter-region submarine-corridor candidate; not actual cable use or traffic dependency
NO,coastal_mainland_or_mixed,catalog_default_alpha2_rule,resolved_entry_only,52,52,48,45,7,18,0.9230769230769231,0.9230769230769231,0.8653846153846154,0.1346153846153846,0.34615384615384615,0.9230769230769231,very_high_candidate_dependency_proxy,1,51,25,1.0,True,eligible,trace share with at least one feasible domestic or international inter-region submarine-corridor candidate; not actual cable use or traffic dependency
NP,landlocked,catalog_landlocked_list,all_publicly_visible,15,15,7,4,4,2,0.4666666666666667,0.4666666666666667,0.26666666666666666,0.26666666666666666,0.13333333333333333,0.4666666666666667,very_high_candidate_dependency_proxy,1,15,10,0.8666666666666667,False,insufficient_minimum_mappable_traces,trace share with at least one feasible domestic or international inter-region submarine-corridor candidate; not actual cable use or traffic dependency
NP,landlocked,catalog_landlocked_list,resolved_entry_only,13,13,7,4,4,2,0.5384615384615384,0.5384615384615384,0.3076923076923077,0.3076923076923077,0.15384615384615385,0.5384615384615384,very_high_candidate_dependency_proxy,1,13,9,1.0,False,insufficient_minimum_mappable_traces,trace share with at least one feasible domestic or international inter-region submarine-corridor candidate; not actual cable use or traffic dependency
NU,island_or_archipelagic,catalog_island_or_archipelagic_list,all_publicly_visible,1,1,1,0,1,1,1.0,1.0,0.0,1.0,1.0,1.0,very_high_candidate_dependency_proxy,1,1,1,0.0,False,"insufficient_minimum_mappable_traces,minimum_unique_probes,minimum_unique_probe_asns",trace share with at least one feasible domestic or international inter-region submarine-corridor candidate; not actual cable use or traffic dependency
NU,island_or_archipelagic,catalog_island_or_archipelagic_list,resolved_entry_only,0,0,0,0,0,0,,,,,,,unknown_candidate_dependency_proxy,0,0,0,,False,"insufficient_minimum_mappable_traces,minimum_unique_probes,minimum_unique_probe_asns",trace share with at least one feasible domestic or international inter-region submarine-corridor candidate; not actual cable use or traffic dependency
NZ,island_or_archipelagic,catalog_island_or_archipelagic_list,all_publicly_visible,116,104,82,52,68,89,0.7068965517241379,0.7884615384615384,0.4482758620689655,0.5862068965517241,0.7672413793103449,0.7068965517241379,very_high_candidate_dependency_proxy,1,116,35,0.5603448275862069,True,eligible,trace share with at least one feasible domestic or international inter-region submarine-corridor candidate; not actual cable use or traffic dependency
NZ,island_or_archipelagic,catalog_island_or_archipelagic_list,resolved_entry_only,65,65,52,34,43,55,0.8,0.8,0.5230769230769231,0.6615384615384615,0.8461538461538461,0.8,very_high_candidate_dependency_proxy,1,65,26,1.0,True,eligible,trace share with at least one feasible domestic or international inter-region submarine-corridor candidate; not actual cable use or traffic dependency
OM,coastal_mainland_or_mixed,catalog_default_alpha2_rule,all_publicly_visible,2,2,2,1,2,2,1.0,1.0,0.5,1.0,1.0,1.0,very_high_candidate_dependency_proxy,1,2,2,1.0,False,"insufficient_minimum_mappable_traces,minimum_unique_probes,minimum_unique_probe_asns",trace share with at least one feasible domestic or international inter-region submarine-corridor candidate; not actual cable use or traffic dependency
OM,coastal_mainland_or_mixed,catalog_default_alpha2_rule,resolved_entry_only,2,2,2,1,2,2,1.0,1.0,0.5,1.0,1.0,1.0,very_high_candidate_dependency_proxy,1,2,2,1.0,False,"insufficient_minimum_mappable_traces,minimum_unique_probes,minimum_unique_probe_asns",trace share with at least one feasible domestic or international inter-region submarine-corridor candidate; not actual cable use or traffic dependency
PA,coastal_mainland_or_mixed,catalog_default_alpha2_rule,all_publicly_visible,22,19,6,3,3,2,0.2727272727272727,0.3157894736842105,0.13636363636363635,0.13636363636363635,0.09090909090909091,0.2727272727272727,high_candidate_dependency_proxy,1,22,10,0.45454545454545453,False,insufficient_minimum_mappable_traces,trace share with at least one feasible domestic or international inter-region submarine-corridor candidate; not actual cable use or traffic dependency
PA,coastal_mainland_or_mixed,catalog_default_alpha2_rule,resolved_entry_only,10,10,4,2,2,1,0.4,0.4,0.2,0.2,0.1,0.4,very_high_candidate_dependency_proxy,1,10,6,1.0,False,insufficient_minimum_mappable_traces,trace share with at least one feasible domestic or international inter-region submarine-corridor candidate; not actual cable use or traffic dependency
PE,coastal_mainland_or_mixed,catalog_default_alpha2_rule,all_publicly_visible,23,22,3,0,3,1,0.13043478260869565,0.13636363636363635,0.0,0.13043478260869565,0.043478260869565216,0.13043478260869565,moderate_candidate_dependency_proxy,1,23,18,0.5652173913043478,False,insufficient_minimum_mappable_traces,trace share with at least one feasible domestic or international inter-region submarine-corridor candidate; not actual cable use or traffic dependency
PE,coastal_mainland_or_mixed,catalog_default_alpha2_rule,resolved_entry_only,13,13,2,0,2,1,0.15384615384615385,0.15384615384615385,0.0,0.15384615384615385,0.07692307692307693,0.15384615384615385,high_candidate_dependency_proxy,1,13,10,1.0,False,insufficient_minimum_mappable_traces,trace share with at least one feasible domestic or international inter-region submarine-corridor candidate; not actual cable use or traffic dependency
PF,island_or_archipelagic,catalog_island_or_archipelagic_list,all_publicly_visible,6,6,0,0,0,1,0.0,0.0,0.0,0.0,0.16666666666666666,0.0,no_observed_inter_region_candidate_exposure,1,6,1,0.8333333333333334,False,"insufficient_minimum_mappable_traces,minimum_unique_probes,minimum_unique_probe_asns",trace share with at least one feasible domestic or international inter-region submarine-corridor candidate; not actual cable use or traffic dependency
PF,island_or_archipelagic,catalog_island_or_archipelagic_list,resolved_entry_only,5,5,0,0,0,0,0.0,0.0,0.0,0.0,0.0,0.0,no_observed_inter_region_candidate_exposure,1,5,1,1.0,False,"insufficient_minimum_mappable_traces,minimum_unique_probes,minimum_unique_probe_asns",trace share with at least one feasible domestic or international inter-region submarine-corridor candidate; not actual cable use or traffic dependency
PG,island_or_archipelagic,catalog_island_or_archipelagic_list,all_publicly_visible,1,1,1,0,1,0,1.0,1.0,0.0,1.0,0.0,1.0,very_high_candidate_dependency_proxy,1,1,1,0.0,False,"insufficient_minimum_mappable_traces,minimum_unique_probes,minimum_unique_probe_asns",trace share with at least one feasible domestic or international inter-region submarine-corridor candidate; not actual cable use or traffic dependency
PG,island_or_archipelagic,catalog_island_or_archipelagic_list,resolved_entry_only,0,0,0,0,0,0,,,,,,,unknown_candidate_dependency_proxy,0,0,0,,False,"insufficient_minimum_mappable_traces,minimum_unique_probes,minimum_unique_probe_asns",trace share with at least one feasible domestic or international inter-region submarine-corridor candidate; not actual cable use or traffic dependency
PH,island_or_archipelagic,catalog_island_or_archipelagic_list,all_publicly_visible,66,61,43,24,37,30,0.6515151515151515,0.7049180327868853,0.36363636363636365,0.5606060606060606,0.45454545454545453,0.6515151515151515,very_high_candidate_dependency_proxy,1,65,34,0.5454545454545454,True,eligible,trace share with at least one feasible domestic or international inter-region submarine-corridor candidate; not actual cable use or traffic dependency
PH,island_or_archipelagic,catalog_island_or_archipelagic_list,resolved_entry_only,36,36,28,16,22,22,0.7777777777777778,0.7777777777777778,0.4444444444444444,0.6111111111111112,0.6111111111111112,0.7777777777777778,very_high_candidate_dependency_proxy,1,35,25,1.0,True,eligible,trace share with at least one feasible domestic or international inter-region submarine-corridor candidate; not actual cable use or traffic dependency
PK,coastal_mainland_or_mixed,catalog_default_alpha2_rule,all_publicly_visible,13,9,4,1,3,1,0.3076923076923077,0.4444444444444444,0.07692307692307693,0.23076923076923078,0.07692307692307693,0.3076923076923077,very_high_candidate_dependency_proxy,1,13,9,0.23076923076923078,False,insufficient_minimum_mappable_traces,trace share with at least one feasible domestic or international inter-region submarine-corridor candidate; not actual cable use or traffic dependency
PK,coastal_mainland_or_mixed,catalog_default_alpha2_rule,resolved_entry_only,3,3,2,1,1,1,0.6666666666666666,0.6666666666666666,0.3333333333333333,0.3333333333333333,0.3333333333333333,0.6666666666666666,very_high_candidate_dependency_proxy,1,3,3,1.0,False,"insufficient_minimum_mappable_traces,minimum_unique_probes",trace share with at least one feasible domestic or international inter-region submarine-corridor candidate; not actual cable use or traffic dependency
PL,coastal_mainland_or_mixed,catalog_default_alpha2_rule,all_publicly_visible,241,223,33,20,15,29,0.13692946058091288,0.14798206278026907,0.08298755186721991,0.06224066390041494,0.12033195020746888,0.13692946058091288,moderate_candidate_dependency_proxy,1,232,132,0.5228215767634855,True,eligible,trace share with at least one feasible domestic or international inter-region submarine-corridor candidate; not actual cable use or traffic dependency
PL,coastal_mainland_or_mixed,catalog_default_alpha2_rule,resolved_entry_only,126,126,22,13,11,18,0.1746031746031746,0.1746031746031746,0.10317460317460317,0.0873015873015873,0.14285714285714285,0.1746031746031746,high_candidate_dependency_proxy,1,126,84,1.0,True,eligible,trace share with at least one feasible domestic or international inter-region submarine-corridor candidate; not actual cable use or traffic dependency
PR,island_or_archipelagic,catalog_island_or_archipelagic_list,all_publicly_visible,2,2,2,1,2,2,1.0,1.0,0.5,1.0,1.0,1.0,very_high_candidate_dependency_proxy,1,2,2,1.0,False,"insufficient_minimum_mappable_traces,minimum_unique_probes,minimum_unique_probe_asns",trace share with at least one feasible domestic or international inter-region submarine-corridor candidate; not actual cable use or traffic dependency
PR,island_or_archipelagic,catalog_island_or_archipelagic_list,resolved_entry_only,2,2,2,1,2,2,1.0,1.0,0.5,1.0,1.0,1.0,very_high_candidate_dependency_proxy,1,2,2,1.0,False,"insufficient_minimum_mappable_traces,minimum_unique_probes,minimum_unique_probe_asns",trace share with at least one feasible domestic or international inter-region submarine-corridor candidate; not actual cable use or traffic dependency
PS,coastal_mainland_or_mixed,catalog_default_alpha2_rule,all_publicly_visible,1,1,1,1,1,1,1.0,1.0,1.0,1.0,1.0,1.0,very_high_candidate_dependency_proxy,1,1,1,1.0,False,"insufficient_minimum_mappable_traces,minimum_unique_probes,minimum_unique_probe_asns",trace share with at least one feasible domestic or international inter-region submarine-corridor candidate; not actual cable use or traffic dependency
PS,coastal_mainland_or_mixed,catalog_default_alpha2_rule,resolved_entry_only,1,1,1,1,1,1,1.0,1.0,1.0,1.0,1.0,1.0,very_high_candidate_dependency_proxy,1,1,1,1.0,False,"insufficient_minimum_mappable_traces,minimum_unique_probes,minimum_unique_probe_asns",trace share with at least one feasible domestic or international inter-region submarine-corridor candidate; not actual cable use or traffic dependency
PT,coastal_mainland_or_mixed,catalog_default_alpha2_rule,all_publicly_visible,107,99,62,58,21,14,0.5794392523364486,0.6262626262626263,0.5420560747663551,0.19626168224299065,0.1308411214953271,0.5794392523364486,very_high_candidate_dependency_proxy,1,104,23,0.4485981308411215,True,eligible,trace share with at least one feasible domestic or international inter-region submarine-corridor candidate; not actual cable use or traffic dependency
PT,coastal_mainland_or_mixed,catalog_default_alpha2_rule,resolved_entry_only,48,48,30,27,10,7,0.625,0.625,0.5625,0.20833333333333334,0.14583333333333334,0.625,very_high_candidate_dependency_proxy,1,48,12,1.0,True,eligible,trace share with at least one feasible domestic or international inter-region submarine-corridor candidate; not actual cable use or traffic dependency
PW,island_or_archipelagic,catalog_island_or_archipelagic_list,all_publicly_visible,1,1,1,0,1,0,1.0,1.0,0.0,1.0,0.0,1.0,very_high_candidate_dependency_proxy,1,1,1,0.0,False,"insufficient_minimum_mappable_traces,minimum_unique_probes,minimum_unique_probe_asns",trace share with at least one feasible domestic or international inter-region submarine-corridor candidate; not actual cable use or traffic dependency
PW,island_or_archipelagic,catalog_island_or_archipelagic_list,resolved_entry_only,0,0,0,0,0,0,,,,,,,unknown_candidate_dependency_proxy,0,0,0,,False,"insufficient_minimum_mappable_traces,minimum_unique_probes,minimum_unique_probe_asns",trace share with at least one feasible domestic or international inter-region submarine-corridor candidate; not actual cable use or traffic dependency
PY,landlocked,catalog_landlocked_list,all_publicly_visible,11,10,2,2,1,2,0.18181818181818182,0.2,0.18181818181818182,0.09090909090909091,0.18181818181818182,0.18181818181818182,high_candidate_dependency_proxy,1,11,8,0.6363636363636364,False,insufficient_minimum_mappable_traces,trace share with at least one feasible domestic or international inter-region submarine-corridor candidate; not actual cable use or traffic dependency
PY,landlocked,catalog_landlocked_list,resolved_entry_only,7,7,2,2,1,2,0.2857142857142857,0.2857142857142857,0.2857142857142857,0.14285714285714285,0.2857142857142857,0.2857142857142857,high_candidate_dependency_proxy,1,7,6,1.0,False,"insufficient_minimum_mappable_traces,minimum_unique_probes",trace share with at least one feasible domestic or international inter-region submarine-corridor candidate; not actual cable use or traffic dependency
QA,coastal_mainland_or_mixed,catalog_default_alpha2_rule,all_publicly_visible,1,1,1,0,1,0,1.0,1.0,0.0,1.0,0.0,1.0,very_high_candidate_dependency_proxy,1,1,1,0.0,False,"insufficient_minimum_mappable_traces,minimum_unique_probes,minimum_unique_probe_asns",trace share with at least one feasible domestic or international inter-region submarine-corridor candidate; not actual cable use or traffic dependency
QA,coastal_mainland_or_mixed,catalog_default_alpha2_rule,resolved_entry_only,0,0,0,0,0,0,,,,,,,unknown_candidate_dependency_proxy,0,0,0,,False,"insufficient_minimum_mappable_traces,minimum_unique_probes,minimum_unique_probe_asns",trace share with at least one feasible domestic or international inter-region submarine-corridor candidate; not actual cable use or traffic dependency
RE,island_or_archipelagic,catalog_island_or_archipelagic_list,all_publicly_visible,52,51,19,14,12,14,0.36538461538461536,0.37254901960784315,0.2692307692307692,0.23076923076923078,0.2692307692307692,0.36538461538461536,very_high_candidate_dependency_proxy,1,52,5,0.5384615384615384,True,eligible,trace share with at least one feasible domestic or international inter-region submarine-corridor candidate; not actual cable use or traffic dependency
RE,island_or_archipelagic,catalog_island_or_archipelagic_list,resolved_entry_only,28,28,11,9,8,9,0.39285714285714285,0.39285714285714285,0.32142857142857145,0.2857142857142857,0.32142857142857145,0.39285714285714285,very_high_candidate_dependency_proxy,1,28,5,1.0,False,insufficient_minimum_mappable_traces,trace share with at least one feasible domestic or international inter-region submarine-corridor candidate; not actual cable use or traffic dependency
RO,coastal_mainland_or_mixed,catalog_default_alpha2_rule,all_publicly_visible,92,85,15,14,5,10,0.16304347826086957,0.17647058823529413,0.15217391304347827,0.05434782608695652,0.10869565217391304,0.16304347826086957,high_candidate_dependency_proxy,1,89,47,0.532608695652174,True,eligible,trace share with at least one feasible domestic or international inter-region submarine-corridor candidate; not actual cable use or traffic dependency
RO,coastal_mainland_or_mixed,catalog_default_alpha2_rule,resolved_entry_only,49,49,9,8,5,6,0.1836734693877551,0.1836734693877551,0.16326530612244897,0.10204081632653061,0.12244897959183673,0.1836734693877551,high_candidate_dependency_proxy,1,48,28,1.0,True,eligible,trace share with at least one feasible domestic or international inter-region submarine-corridor candidate; not actual cable use or traffic dependency
RS,landlocked,catalog_landlocked_list,all_publicly_visible,52,49,8,7,3,7,0.15384615384615385,0.16326530612244897,0.1346153846153846,0.057692307692307696,0.1346153846153846,0.15384615384615385,high_candidate_dependency_proxy,1,51,21,0.6153846153846154,True,eligible,trace share with at least one feasible domestic or international inter-region submarine-corridor candidate; not actual cable use or traffic dependency
RS,landlocked,catalog_landlocked_list,resolved_entry_only,32,32,5,4,1,4,0.15625,0.15625,0.125,0.03125,0.125,0.15625,high_candidate_dependency_proxy,1,31,16,1.0,True,eligible,trace share with at least one feasible domestic or international inter-region submarine-corridor candidate; not actual cable use or traffic dependency
RU,coastal_mainland_or_mixed,catalog_default_alpha2_rule,all_publicly_visible,531,511,132,83,71,58,0.24858757062146894,0.2583170254403131,0.15630885122410546,0.1337099811676083,0.10922787193973635,0.24858757062146894,high_candidate_dependency_proxy,1,516,308,0.5254237288135594,True,eligible,trace share with at least one feasible domestic or international inter-region submarine-corridor candidate; not actual cable use or traffic dependency
RU,coastal_mainland_or_mixed,catalog_default_alpha2_rule,resolved_entry_only,279,279,78,45,46,29,0.27956989247311825,0.27956989247311825,0.16129032258064516,0.16487455197132617,0.1039426523297491,0.27956989247311825,high_candidate_dependency_proxy,1,274,194,1.0,True,eligible,trace share with at least one feasible domestic or international inter-region submarine-corridor candidate; not actual cable use or traffic dependency
RW,landlocked,catalog_landlocked_list,all_publicly_visible,1,1,0,0,0,0,0.0,0.0,0.0,0.0,0.0,0.0,no_observed_inter_region_candidate_exposure,1,1,1,1.0,False,"insufficient_minimum_mappable_traces,minimum_unique_probes,minimum_unique_probe_asns",trace share with at least one feasible domestic or international inter-region submarine-corridor candidate; not actual cable use or traffic dependency
RW,landlocked,catalog_landlocked_list,resolved_entry_only,1,1,0,0,0,0,0.0,0.0,0.0,0.0,0.0,0.0,no_observed_inter_region_candidate_exposure,1,1,1,1.0,False,"insufficient_minimum_mappable_traces,minimum_unique_probes,minimum_unique_probe_asns",trace share with at least one feasible domestic or international inter-region submarine-corridor candidate; not actual cable use or traffic dependency
SA,coastal_mainland_or_mixed,catalog_default_alpha2_rule,all_publicly_visible,24,20,5,4,3,4,0.20833333333333334,0.25,0.16666666666666666,0.125,0.16666666666666666,0.20833333333333334,high_candidate_dependency_proxy,1,24,12,0.5,False,insufficient_minimum_mappable_traces,trace share with at least one feasible domestic or international inter-region submarine-corridor candidate; not actual cable use or traffic dependency
SA,coastal_mainland_or_mixed,catalog_default_alpha2_rule,resolved_entry_only,12,12,2,1,1,1,0.16666666666666666,0.16666666666666666,0.08333333333333333,0.08333333333333333,0.08333333333333333,0.16666666666666666,high_candidate_dependency_proxy,1,12,8,1.0,False,insufficient_minimum_mappable_traces,trace share with at least one feasible domestic or international inter-region submarine-corridor candidate; not actual cable use or traffic dependency
SE,coastal_mainland_or_mixed,catalog_default_alpha2_rule,all_publicly_visible,234,222,113,91,39,67,0.4829059829059829,0.509009009009009,0.3888888888888889,0.16666666666666666,0.2863247863247863,0.4829059829059829,very_high_candidate_dependency_proxy,1,232,78,0.5641025641025641,True,eligible,trace share with at least one feasible domestic or international inter-region submarine-corridor candidate; not actual cable use or traffic dependency
SE,coastal_mainland_or_mixed,catalog_default_alpha2_rule,resolved_entry_only,132,132,62,53,20,40,0.4696969696969697,0.4696969696969697,0.4015151515151515,0.15151515151515152,0.30303030303030304,0.4696969696969697,very_high_candidate_dependency_proxy,1,131,57,1.0,True,eligible,trace share with at least one feasible domestic or international inter-region submarine-corridor candidate; not actual cable use or traffic dependency
SG,island_or_archipelagic,catalog_island_or_archipelagic_list,all_publicly_visible,148,138,105,102,27,105,0.7094594594594594,0.7608695652173914,0.6891891891891891,0.18243243243243243,0.7094594594594594,0.7094594594594594,very_high_candidate_dependency_proxy,1,146,64,0.5743243243243243,True,eligible,trace share with at least one feasible domestic or international inter-region submarine-corridor candidate; not actual cable use or traffic dependency
SG,island_or_archipelagic,catalog_island_or_archipelagic_list,resolved_entry_only,85,85,60,58,15,60,0.7058823529411765,0.7058823529411765,0.6823529411764706,0.17647058823529413,0.7058823529411765,0.7058823529411765,very_high_candidate_dependency_proxy,1,84,44,1.0,True,eligible,trace share with at least one feasible domestic or international inter-region submarine-corridor candidate; not actual cable use or traffic dependency
SI,coastal_mainland_or_mixed,catalog_default_alpha2_rule,all_publicly_visible,50,47,3,2,1,3,0.06,0.06382978723404255,0.04,0.02,0.06,0.06,moderate_candidate_dependency_proxy,1,48,21,0.68,True,eligible,trace share with at least one feasible domestic or international inter-region submarine-corridor candidate; not actual cable use or traffic dependency
SI,coastal_mainland_or_mixed,catalog_default_alpha2_rule,resolved_entry_only,34,34,2,1,1,3,0.058823529411764705,0.058823529411764705,0.029411764705882353,0.029411764705882353,0.08823529411764706,0.058823529411764705,moderate_candidate_dependency_proxy,1,34,18,1.0,True,eligible,trace share with at least one feasible domestic or international inter-region submarine-corridor candidate; not actual cable use or traffic dependency
SK,landlocked,catalog_landlocked_list,all_publicly_visible,58,53,7,5,4,4,0.1206896551724138,0.1320754716981132,0.08620689655172414,0.06896551724137931,0.06896551724137931,0.1206896551724138,moderate_candidate_dependency_proxy,1,56,22,0.43103448275862066,True,eligible,trace share with at least one feasible domestic or international inter-region submarine-corridor candidate; not actual cable use or traffic dependency
SK,landlocked,catalog_landlocked_list,resolved_entry_only,25,25,5,3,4,3,0.2,0.2,0.12,0.16,0.12,0.2,high_candidate_dependency_proxy,1,25,14,1.0,False,insufficient_minimum_mappable_traces,trace share with at least one feasible domestic or international inter-region submarine-corridor candidate; not actual cable use or traffic dependency
SL,coastal_mainland_or_mixed,catalog_default_alpha2_rule,all_publicly_visible,2,1,1,0,1,0,0.5,1.0,0.0,0.5,0.0,0.5,very_high_candidate_dependency_proxy,1,2,2,0.0,False,"insufficient_minimum_mappable_traces,minimum_unique_probes,minimum_unique_probe_asns",trace share with at least one feasible domestic or international inter-region submarine-corridor candidate; not actual cable use or traffic dependency
SL,coastal_mainland_or_mixed,catalog_default_alpha2_rule,resolved_entry_only,0,0,0,0,0,0,,,,,,,unknown_candidate_dependency_proxy,0,0,0,,False,"insufficient_minimum_mappable_traces,minimum_unique_probes,minimum_unique_probe_asns",trace share with at least one feasible domestic or international inter-region submarine-corridor candidate; not actual cable use or traffic dependency
SM,landlocked,catalog_landlocked_list,all_publicly_visible,1,1,0,0,0,0,0.0,0.0,0.0,0.0,0.0,0.0,no_observed_inter_region_candidate_exposure,1,1,1,0.0,False,"insufficient_minimum_mappable_traces,minimum_unique_probes,minimum_unique_probe_asns",trace share with at least one feasible domestic or international inter-region submarine-corridor candidate; not actual cable use or traffic dependency
SM,landlocked,catalog_landlocked_list,resolved_entry_only,0,0,0,0,0,0,,,,,,,unknown_candidate_dependency_proxy,0,0,0,,False,"insufficient_minimum_mappable_traces,minimum_unique_probes,minimum_unique_probe_asns",trace share with at least one feasible domestic or international inter-region submarine-corridor candidate; not actual cable use or traffic dependency
SN,coastal_mainland_or_mixed,catalog_default_alpha2_rule,all_publicly_visible,2,2,0,0,0,0,0.0,0.0,0.0,0.0,0.0,0.0,no_observed_inter_region_candidate_exposure,1,2,2,0.5,False,"insufficient_minimum_mappable_traces,minimum_unique_probes,minimum_unique_probe_asns",trace share with at least one feasible domestic or international inter-region submarine-corridor candidate; not actual cable use or traffic dependency
SN,coastal_mainland_or_mixed,catalog_default_alpha2_rule,resolved_entry_only,1,1,0,0,0,0,0.0,0.0,0.0,0.0,0.0,0.0,no_observed_inter_region_candidate_exposure,1,1,1,1.0,False,"insufficient_minimum_mappable_traces,minimum_unique_probes,minimum_unique_probe_asns",trace share with at least one feasible domestic or international inter-region submarine-corridor candidate; not actual cable use or traffic dependency
SR,coastal_mainland_or_mixed,catalog_default_alpha2_rule,all_publicly_visible,1,1,1,1,1,1,1.0,1.0,1.0,1.0,1.0,1.0,very_high_candidate_dependency_proxy,1,1,1,1.0,False,"insufficient_minimum_mappable_traces,minimum_unique_probes,minimum_unique_probe_asns",trace share with at least one feasible domestic or international inter-region submarine-corridor candidate; not actual cable use or traffic dependency
SR,coastal_mainland_or_mixed,catalog_default_alpha2_rule,resolved_entry_only,1,1,1,1,1,1,1.0,1.0,1.0,1.0,1.0,1.0,very_high_candidate_dependency_proxy,1,1,1,1.0,False,"insufficient_minimum_mappable_traces,minimum_unique_probes,minimum_unique_probe_asns",trace share with at least one feasible domestic or international inter-region submarine-corridor candidate; not actual cable use or traffic dependency
SS,landlocked,catalog_landlocked_list,all_publicly_visible,1,1,0,0,0,0,0.0,0.0,0.0,0.0,0.0,0.0,no_observed_inter_region_candidate_exposure,1,1,1,0.0,False,"insufficient_minimum_mappable_traces,minimum_unique_probes,minimum_unique_probe_asns",trace share with at least one feasible domestic or international inter-region submarine-corridor candidate; not actual cable use or traffic dependency
SS,landlocked,catalog_landlocked_list,resolved_entry_only,0,0,0,0,0,0,,,,,,,unknown_candidate_dependency_proxy,0,0,0,,False,"insufficient_minimum_mappable_traces,minimum_unique_probes,minimum_unique_probe_asns",trace share with at least one feasible domestic or international inter-region submarine-corridor candidate; not actual cable use or traffic dependency
SV,coastal_mainland_or_mixed,catalog_default_alpha2_rule,all_publicly_visible,16,16,6,2,5,2,0.375,0.375,0.125,0.3125,0.125,0.375,very_high_candidate_dependency_proxy,1,15,10,0.3125,False,insufficient_minimum_mappable_traces,trace share with at least one feasible domestic or international inter-region submarine-corridor candidate; not actual cable use or traffic dependency
SV,coastal_mainland_or_mixed,catalog_default_alpha2_rule,resolved_entry_only,5,5,1,0,1,0,0.2,0.2,0.0,0.2,0.0,0.2,high_candidate_dependency_proxy,1,5,4,1.0,False,"insufficient_minimum_mappable_traces,minimum_unique_probes",trace share with at least one feasible domestic or international inter-region submarine-corridor candidate; not actual cable use or traffic dependency
SY,coastal_mainland_or_mixed,catalog_default_alpha2_rule,all_publicly_visible,3,3,0,0,0,0,0.0,0.0,0.0,0.0,0.0,0.0,no_observed_inter_region_candidate_exposure,1,3,2,0.6666666666666666,False,"insufficient_minimum_mappable_traces,minimum_unique_probes,minimum_unique_probe_asns",trace share with at least one feasible domestic or international inter-region submarine-corridor candidate; not actual cable use or traffic dependency
SY,coastal_mainland_or_mixed,catalog_default_alpha2_rule,resolved_entry_only,2,2,0,0,0,0,0.0,0.0,0.0,0.0,0.0,0.0,no_observed_inter_region_candidate_exposure,1,2,2,1.0,False,"insufficient_minimum_mappable_traces,minimum_unique_probes,minimum_unique_probe_asns",trace share with at least one feasible domestic or international inter-region submarine-corridor candidate; not actual cable use or traffic dependency
TD,landlocked,catalog_landlocked_list,all_publicly_visible,1,1,1,0,1,0,1.0,1.0,0.0,1.0,0.0,1.0,very_high_candidate_dependency_proxy,1,1,1,1.0,False,"insufficient_minimum_mappable_traces,minimum_unique_probes,minimum_unique_probe_asns",trace share with at least one feasible domestic or international inter-region submarine-corridor candidate; not actual cable use or traffic dependency
TD,landlocked,catalog_landlocked_list,resolved_entry_only,1,1,1,0,1,0,1.0,1.0,0.0,1.0,0.0,1.0,very_high_candidate_dependency_proxy,1,1,1,1.0,False,"insufficient_minimum_mappable_traces,minimum_unique_probes,minimum_unique_probe_asns",trace share with at least one feasible domestic or international inter-region submarine-corridor candidate; not actual cable use or traffic dependency
TG,coastal_mainland_or_mixed,catalog_default_alpha2_rule,all_publicly_visible,1,1,1,0,1,0,1.0,1.0,0.0,1.0,0.0,1.0,very_high_candidate_dependency_proxy,1,1,1,1.0,False,"insufficient_minimum_mappable_traces,minimum_unique_probes,minimum_unique_probe_asns",trace share with at least one feasible domestic or international inter-region submarine-corridor candidate; not actual cable use or traffic dependency
TG,coastal_mainland_or_mixed,catalog_default_alpha2_rule,resolved_entry_only,1,1,1,0,1,0,1.0,1.0,0.0,1.0,0.0,1.0,very_high_candidate_dependency_proxy,1,1,1,1.0,False,"insufficient_minimum_mappable_traces,minimum_unique_probes,minimum_unique_probe_asns",trace share with at least one feasible domestic or international inter-region submarine-corridor candidate; not actual cable use or traffic dependency
TH,coastal_mainland_or_mixed,catalog_default_alpha2_rule,all_publicly_visible,51,51,28,21,10,24,0.5490196078431373,0.5490196078431373,0.4117647058823529,0.19607843137254902,0.47058823529411764,0.5490196078431373,very_high_candidate_dependency_proxy,1,49,29,0.5882352941176471,True,eligible,trace share with at least one feasible domestic or international inter-region submarine-corridor candidate; not actual cable use or traffic dependency
TH,coastal_mainland_or_mixed,catalog_default_alpha2_rule,resolved_entry_only,30,30,16,11,8,14,0.5333333333333333,0.5333333333333333,0.36666666666666664,0.26666666666666666,0.4666666666666667,0.5333333333333333,very_high_candidate_dependency_proxy,1,30,24,1.0,True,eligible,trace share with at least one feasible domestic or international inter-region submarine-corridor candidate; not actual cable use or traffic dependency
TJ,landlocked,catalog_landlocked_list,all_publicly_visible,14,13,3,3,0,3,0.21428571428571427,0.23076923076923078,0.21428571428571427,0.0,0.21428571428571427,0.21428571428571427,high_candidate_dependency_proxy,1,14,11,0.7142857142857143,False,insufficient_minimum_mappable_traces,trace share with at least one feasible domestic or international inter-region submarine-corridor candidate; not actual cable use or traffic dependency
TJ,landlocked,catalog_landlocked_list,resolved_entry_only,10,10,3,3,0,2,0.3,0.3,0.3,0.0,0.2,0.3,very_high_candidate_dependency_proxy,1,10,9,1.0,False,insufficient_minimum_mappable_traces,trace share with at least one feasible domestic or international inter-region submarine-corridor candidate; not actual cable use or traffic dependency
TL,island_or_archipelagic,catalog_island_or_archipelagic_list,all_publicly_visible,4,4,4,1,4,1,1.0,1.0,0.25,1.0,0.25,1.0,very_high_candidate_dependency_proxy,1,4,2,0.75,False,"insufficient_minimum_mappable_traces,minimum_unique_probes,minimum_unique_probe_asns",trace share with at least one feasible domestic or international inter-region submarine-corridor candidate; not actual cable use or traffic dependency
TL,island_or_archipelagic,catalog_island_or_archipelagic_list,resolved_entry_only,3,3,3,1,3,1,1.0,1.0,0.3333333333333333,1.0,0.3333333333333333,1.0,very_high_candidate_dependency_proxy,1,3,2,1.0,False,"insufficient_minimum_mappable_traces,minimum_unique_probes,minimum_unique_probe_asns",trace share with at least one feasible domestic or international inter-region submarine-corridor candidate; not actual cable use or traffic dependency
TN,coastal_mainland_or_mixed,catalog_default_alpha2_rule,all_publicly_visible,8,6,1,1,0,1,0.125,0.16666666666666666,0.125,0.0,0.125,0.125,moderate_candidate_dependency_proxy,1,8,5,0.5,False,"insufficient_minimum_mappable_traces,minimum_unique_probes",trace share with at least one feasible domestic or international inter-region submarine-corridor candidate; not actual cable use or traffic dependency
TN,coastal_mainland_or_mixed,catalog_default_alpha2_rule,resolved_entry_only,4,4,1,1,0,1,0.25,0.25,0.25,0.0,0.25,0.25,high_candidate_dependency_proxy,1,4,3,1.0,False,"insufficient_minimum_mappable_traces,minimum_unique_probes",trace share with at least one feasible domestic or international inter-region submarine-corridor candidate; not actual cable use or traffic dependency
TO,island_or_archipelagic,catalog_island_or_archipelagic_list,all_publicly_visible,1,1,1,1,1,1,1.0,1.0,1.0,1.0,1.0,1.0,very_high_candidate_dependency_proxy,1,1,1,1.0,False,"insufficient_minimum_mappable_traces,minimum_unique_probes,minimum_unique_probe_asns",trace share with at least one feasible domestic or international inter-region submarine-corridor candidate; not actual cable use or traffic dependency
TO,island_or_archipelagic,catalog_island_or_archipelagic_list,resolved_entry_only,1,1,1,1,1,1,1.0,1.0,1.0,1.0,1.0,1.0,very_high_candidate_dependency_proxy,1,1,1,1.0,False,"insufficient_minimum_mappable_traces,minimum_unique_probes,minimum_unique_probe_asns",trace share with at least one feasible domestic or international inter-region submarine-corridor candidate; not actual cable use or traffic dependency
TR,coastal_mainland_or_mixed,catalog_default_alpha2_rule,all_publicly_visible,69,65,7,6,2,7,0.10144927536231885,0.1076923076923077,0.08695652173913043,0.028985507246376812,0.10144927536231885,0.10144927536231885,moderate_candidate_dependency_proxy,1,68,29,0.5942028985507246,True,eligible,trace share with at least one feasible domestic or international inter-region submarine-corridor candidate; not actual cable use or traffic dependency
TR,coastal_mainland_or_mixed,catalog_default_alpha2_rule,resolved_entry_only,41,41,4,4,1,5,0.0975609756097561,0.0975609756097561,0.0975609756097561,0.024390243902439025,0.12195121951219512,0.0975609756097561,moderate_candidate_dependency_proxy,1,41,19,1.0,True,eligible,trace share with at least one feasible domestic or international inter-region submarine-corridor candidate; not actual cable use or traffic dependency
TT,island_or_archipelagic,catalog_island_or_archipelagic_list,all_publicly_visible,1,1,0,0,0,0,0.0,0.0,0.0,0.0,0.0,0.0,no_observed_inter_region_candidate_exposure,1,1,1,1.0,False,"insufficient_minimum_mappable_traces,minimum_unique_probes,minimum_unique_probe_asns",trace share with at least one feasible domestic or international inter-region submarine-corridor candidate; not actual cable use or traffic dependency
TT,island_or_archipelagic,catalog_island_or_archipelagic_list,resolved_entry_only,1,1,0,0,0,0,0.0,0.0,0.0,0.0,0.0,0.0,no_observed_inter_region_candidate_exposure,1,1,1,1.0,False,"insufficient_minimum_mappable_traces,minimum_unique_probes,minimum_unique_probe_asns",trace share with at least one feasible domestic or international inter-region submarine-corridor candidate; not actual cable use or traffic dependency
TV,island_or_archipelagic,catalog_island_or_archipelagic_list,all_publicly_visible,1,1,1,0,1,0,1.0,1.0,0.0,1.0,0.0,1.0,very_high_candidate_dependency_proxy,1,1,1,0.0,False,"insufficient_minimum_mappable_traces,minimum_unique_probes,minimum_unique_probe_asns",trace share with at least one feasible domestic or international inter-region submarine-corridor candidate; not actual cable use or traffic dependency
TV,island_or_archipelagic,catalog_island_or_archipelagic_list,resolved_entry_only,0,0,0,0,0,0,,,,,,,unknown_candidate_dependency_proxy,0,0,0,,False,"insufficient_minimum_mappable_traces,minimum_unique_probes,minimum_unique_probe_asns",trace share with at least one feasible domestic or international inter-region submarine-corridor candidate; not actual cable use or traffic dependency
TW,island_or_archipelagic,catalog_island_or_archipelagic_list,all_publicly_visible,82,79,56,41,28,61,0.6829268292682927,0.7088607594936709,0.5,0.34146341463414637,0.7439024390243902,0.6829268292682927,very_high_candidate_dependency_proxy,1,80,33,0.5853658536585366,True,eligible,trace share with at least one feasible domestic or international inter-region submarine-corridor candidate; not actual cable use or traffic dependency
TW,island_or_archipelagic,catalog_island_or_archipelagic_list,resolved_entry_only,48,48,32,23,16,37,0.6666666666666666,0.6666666666666666,0.4791666666666667,0.3333333333333333,0.7708333333333334,0.6666666666666666,very_high_candidate_dependency_proxy,1,48,25,1.0,True,eligible,trace share with at least one feasible domestic or international inter-region submarine-corridor candidate; not actual cable use or traffic dependency
TZ,coastal_mainland_or_mixed,catalog_default_alpha2_rule,all_publicly_visible,6,5,2,2,1,3,0.3333333333333333,0.4,0.3333333333333333,0.16666666666666666,0.5,0.3333333333333333,very_high_candidate_dependency_proxy,1,6,5,0.3333333333333333,False,"insufficient_minimum_mappable_traces,minimum_unique_probes",trace share with at least one feasible domestic or international inter-region submarine-corridor candidate; not actual cable use or traffic dependency
TZ,coastal_mainland_or_mixed,catalog_default_alpha2_rule,resolved_entry_only,2,2,1,1,0,2,0.5,0.5,0.5,0.0,1.0,0.5,very_high_candidate_dependency_proxy,1,2,2,1.0,False,"insufficient_minimum_mappable_traces,minimum_unique_probes,minimum_unique_probe_asns",trace share with at least one feasible domestic or international inter-region submarine-corridor candidate; not actual cable use or traffic dependency
UA,coastal_mainland_or_mixed,catalog_default_alpha2_rule,all_publicly_visible,169,161,26,21,9,21,0.15384615384615385,0.16149068322981366,0.1242603550295858,0.05325443786982249,0.1242603550295858,0.15384615384615385,high_candidate_dependency_proxy,1,165,115,0.5798816568047337,True,eligible,trace share with at least one feasible domestic or international inter-region submarine-corridor candidate; not actual cable use or traffic dependency
UA,coastal_mainland_or_mixed,catalog_default_alpha2_rule,resolved_entry_only,98,98,15,12,6,14,0.15306122448979592,0.15306122448979592,0.12244897959183673,0.061224489795918366,0.14285714285714285,0.15306122448979592,high_candidate_dependency_proxy,1,97,75,1.0,True,eligible,trace share with at least one feasible domestic or international inter-region submarine-corridor candidate; not actual cable use or traffic dependency
UG,landlocked,catalog_landlocked_list,all_publicly_visible,7,7,1,1,1,1,0.14285714285714285,0.14285714285714285,0.14285714285714285,0.14285714285714285,0.14285714285714285,0.14285714285714285,moderate_candidate_dependency_proxy,1,6,4,0.8571428571428571,False,"insufficient_minimum_mappable_traces,minimum_unique_probes",trace share with at least one feasible domestic or international inter-region submarine-corridor candidate; not actual cable use or traffic dependency
UG,landlocked,catalog_landlocked_list,resolved_entry_only,6,6,1,1,1,1,0.16666666666666666,0.16666666666666666,0.16666666666666666,0.16666666666666666,0.16666666666666666,0.16666666666666666,high_candidate_dependency_proxy,1,5,3,1.0,False,"insufficient_minimum_mappable_traces,minimum_unique_probes",trace share with at least one feasible domestic or international inter-region submarine-corridor candidate; not actual cable use or traffic dependency
US,coastal_mainland_or_mixed,catalog_default_alpha2_rule,all_publicly_visible,1932,1844,395,331,113,323,0.20445134575569357,0.21420824295010846,0.17132505175983437,0.05848861283643892,0.16718426501035197,0.20445134575569357,high_candidate_dependency_proxy,1,1888,512,0.5755693581780539,True,eligible,trace share with at least one feasible domestic or international inter-region submarine-corridor candidate; not actual cable use or traffic dependency
US,coastal_mainland_or_mixed,catalog_default_alpha2_rule,resolved_entry_only,1112,1112,255,222,68,211,0.22931654676258992,0.22931654676258992,0.19964028776978418,0.06115107913669065,0.18974820143884893,0.22931654676258992,high_candidate_dependency_proxy,1,1094,345,1.0,True,eligible,trace share with at least one feasible domestic or international inter-region submarine-corridor candidate; not actual cable use or traffic dependency
UY,coastal_mainland_or_mixed,catalog_default_alpha2_rule,all_publicly_visible,21,21,1,0,1,2,0.047619047619047616,0.047619047619047616,0.0,0.047619047619047616,0.09523809523809523,0.047619047619047616,low_candidate_dependency_proxy,1,21,5,0.6190476190476191,False,insufficient_minimum_mappable_traces,trace share with at least one feasible domestic or international inter-region submarine-corridor candidate; not actual cable use or traffic dependency
UY,coastal_mainland_or_mixed,catalog_default_alpha2_rule,resolved_entry_only,13,13,1,0,1,1,0.07692307692307693,0.07692307692307693,0.0,0.07692307692307693,0.07692307692307693,0.07692307692307693,moderate_candidate_dependency_proxy,1,13,3,1.0,False,insufficient_minimum_mappable_traces,trace share with at least one feasible domestic or international inter-region submarine-corridor candidate; not actual cable use or traffic dependency
UZ,landlocked,catalog_landlocked_list,all_publicly_visible,10,9,1,1,1,0,0.1,0.1111111111111111,0.1,0.1,0.0,0.1,moderate_candidate_dependency_proxy,1,10,8,0.4,False,insufficient_minimum_mappable_traces,trace share with at least one feasible domestic or international inter-region submarine-corridor candidate; not actual cable use or traffic dependency
UZ,landlocked,catalog_landlocked_list,resolved_entry_only,4,4,1,1,1,0,0.25,0.25,0.25,0.25,0.0,0.25,high_candidate_dependency_proxy,1,4,4,1.0,False,"insufficient_minimum_mappable_traces,minimum_unique_probes",trace share with at least one feasible domestic or international inter-region submarine-corridor candidate; not actual cable use or traffic dependency
VA,landlocked,catalog_landlocked_list,all_publicly_visible,1,1,0,0,0,0,0.0,0.0,0.0,0.0,0.0,0.0,no_observed_inter_region_candidate_exposure,1,1,1,1.0,False,"insufficient_minimum_mappable_traces,minimum_unique_probes,minimum_unique_probe_asns",trace share with at least one feasible domestic or international inter-region submarine-corridor candidate; not actual cable use or traffic dependency
VA,landlocked,catalog_landlocked_list,resolved_entry_only,1,1,0,0,0,0,0.0,0.0,0.0,0.0,0.0,0.0,no_observed_inter_region_candidate_exposure,1,1,1,1.0,False,"insufficient_minimum_mappable_traces,minimum_unique_probes,minimum_unique_probe_asns",trace share with at least one feasible domestic or international inter-region submarine-corridor candidate; not actual cable use or traffic dependency
VE,coastal_mainland_or_mixed,catalog_default_alpha2_rule,all_publicly_visible,41,35,11,10,1,5,0.2682926829268293,0.3142857142857143,0.24390243902439024,0.024390243902439025,0.12195121951219512,0.2682926829268293,high_candidate_dependency_proxy,1,39,25,0.5121951219512195,True,eligible,trace share with at least one feasible domestic or international inter-region submarine-corridor candidate; not actual cable use or traffic dependency
VE,coastal_mainland_or_mixed,catalog_default_alpha2_rule,resolved_entry_only,21,21,10,9,1,4,0.47619047619047616,0.47619047619047616,0.42857142857142855,0.047619047619047616,0.19047619047619047,0.47619047619047616,very_high_candidate_dependency_proxy,1,21,18,1.0,False,insufficient_minimum_mappable_traces,trace share with at least one feasible domestic or international inter-region submarine-corridor candidate; not actual cable use or traffic dependency
VI,island_or_archipelagic,catalog_island_or_archipelagic_list,all_publicly_visible,3,3,2,1,2,2,0.6666666666666666,0.6666666666666666,0.3333333333333333,0.6666666666666666,0.6666666666666666,0.6666666666666666,very_high_candidate_dependency_proxy,1,3,2,0.6666666666666666,False,"insufficient_minimum_mappable_traces,minimum_unique_probes,minimum_unique_probe_asns",trace share with at least one feasible domestic or international inter-region submarine-corridor candidate; not actual cable use or traffic dependency
VI,island_or_archipelagic,catalog_island_or_archipelagic_list,resolved_entry_only,2,2,2,1,2,2,1.0,1.0,0.5,1.0,1.0,1.0,very_high_candidate_dependency_proxy,1,2,1,1.0,False,"insufficient_minimum_mappable_traces,minimum_unique_probes,minimum_unique_probe_asns",trace share with at least one feasible domestic or international inter-region submarine-corridor candidate; not actual cable use or traffic dependency
VN,coastal_mainland_or_mixed,catalog_default_alpha2_rule,all_publicly_visible,30,30,14,12,5,22,0.4666666666666667,0.4666666666666667,0.4,0.16666666666666666,0.7333333333333333,0.4666666666666667,very_high_candidate_dependency_proxy,1,28,16,0.6333333333333333,True,eligible,trace share with at least one feasible domestic or international inter-region submarine-corridor candidate; not actual cable use or traffic dependency
VN,coastal_mainland_or_mixed,catalog_default_alpha2_rule,resolved_entry_only,19,19,8,7,4,14,0.42105263157894735,0.42105263157894735,0.3684210526315789,0.21052631578947367,0.7368421052631579,0.42105263157894735,very_high_candidate_dependency_proxy,1,18,14,1.0,False,insufficient_minimum_mappable_traces,trace share with at least one feasible domestic or international inter-region submarine-corridor candidate; not actual cable use or traffic dependency
VU,island_or_archipelagic,catalog_island_or_archipelagic_list,all_publicly_visible,2,2,2,1,2,2,1.0,1.0,0.5,1.0,1.0,1.0,very_high_candidate_dependency_proxy,1,2,1,1.0,False,"insufficient_minimum_mappable_traces,minimum_unique_probes,minimum_unique_probe_asns",trace share with at least one feasible domestic or international inter-region submarine-corridor candidate; not actual cable use or traffic dependency
VU,island_or_archipelagic,catalog_island_or_archipelagic_list,resolved_entry_only,2,2,2,1,2,2,1.0,1.0,0.5,1.0,1.0,1.0,very_high_candidate_dependency_proxy,1,2,1,1.0,False,"insufficient_minimum_mappable_traces,minimum_unique_probes,minimum_unique_probe_asns",trace share with at least one feasible domestic or international inter-region submarine-corridor candidate; not actual cable use or traffic dependency
YE,coastal_mainland_or_mixed,catalog_default_alpha2_rule,all_publicly_visible,1,1,0,0,0,0,0.0,0.0,0.0,0.0,0.0,0.0,no_observed_inter_region_candidate_exposure,1,1,1,1.0,False,"insufficient_minimum_mappable_traces,minimum_unique_probes,minimum_unique_probe_asns",trace share with at least one feasible domestic or international inter-region submarine-corridor candidate; not actual cable use or traffic dependency
YE,coastal_mainland_or_mixed,catalog_default_alpha2_rule,resolved_entry_only,1,1,0,0,0,0,0.0,0.0,0.0,0.0,0.0,0.0,no_observed_inter_region_candidate_exposure,1,1,1,1.0,False,"insufficient_minimum_mappable_traces,minimum_unique_probes,minimum_unique_probe_asns",trace share with at least one feasible domestic or international inter-region submarine-corridor candidate; not actual cable use or traffic dependency
ZA,coastal_mainland_or_mixed,catalog_default_alpha2_rule,all_publicly_visible,136,133,36,14,29,18,0.2647058823529412,0.2706766917293233,0.10294117647058823,0.21323529411764705,0.1323529411764706,0.2647058823529412,high_candidate_dependency_proxy,1,132,71,0.5808823529411765,True,eligible,trace share with at least one feasible domestic or international inter-region submarine-corridor candidate; not actual cable use or traffic dependency
ZA,coastal_mainland_or_mixed,catalog_default_alpha2_rule,resolved_entry_only,79,79,21,9,16,12,0.26582278481012656,0.26582278481012656,0.11392405063291139,0.20253164556962025,0.1518987341772152,0.26582278481012656,high_candidate_dependency_proxy,1,79,50,1.0,True,eligible,trace share with at least one feasible domestic or international inter-region submarine-corridor candidate; not actual cable use or traffic dependency
ZM,landlocked,catalog_landlocked_list,all_publicly_visible,4,4,1,0,1,1,0.25,0.25,0.0,0.25,0.25,0.25,high_candidate_dependency_proxy,1,4,4,0.75,False,"insufficient_minimum_mappable_traces,minimum_unique_probes",trace share with at least one feasible domestic or international inter-region submarine-corridor candidate; not actual cable use or traffic dependency
ZM,landlocked,catalog_landlocked_list,resolved_entry_only,3,3,1,0,1,1,0.3333333333333333,0.3333333333333333,0.0,0.3333333333333333,0.3333333333333333,0.3333333333333333,very_high_candidate_dependency_proxy,1,3,3,1.0,False,"insufficient_minimum_mappable_traces,minimum_unique_probes",trace share with at least one feasible domestic or international inter-region submarine-corridor candidate; not actual cable use or traffic dependency
ZW,landlocked,catalog_landlocked_list,all_publicly_visible,3,3,1,0,1,0,0.3333333333333333,0.3333333333333333,0.0,0.3333333333333333,0.0,0.3333333333333333,very_high_candidate_dependency_proxy,1,3,2,0.3333333333333333,False,"insufficient_minimum_mappable_traces,minimum_unique_probes,minimum_unique_probe_asns",trace share with at least one feasible domestic or international inter-region submarine-corridor candidate; not actual cable use or traffic dependency
ZW,landlocked,catalog_landlocked_list,resolved_entry_only,1,1,0,0,0,0,0.0,0.0,0.0,0.0,0.0,0.0,no_observed_inter_region_candidate_exposure,1,1,1,1.0,False,"insufficient_minimum_mappable_traces,minimum_unique_probes,minimum_unique_probe_asns",trace share with at least one feasible domestic or international inter-region submarine-corridor candidate; not actual cable use or traffic dependency
