probe_country,service_id,path_scope_stratum,msm_id,file_name,total_mappable_segments,total_observation_mass,unique_corridors_observed,top1_corridor_id,top1_corridor_share,top2_corridor_share,top3_corridor_share,corridor_entropy,corridor_normalized_entropy,effective_corridor_count,corridor_concentration_tier,is_corridor_concentrated,auditable_corridor_concentration,sufficient_corridor_observation,unique_probes,unique_probe_asns,unique_measurements_or_targets,domestic_segment_share,international_segment_share,country_fallback_share,sufficient_network_transition_resolution,auditable_paper_case,observation_sufficiency_reason,failed_thresholds,analysis_scope
?,Topology-IPv4-ICMP,all_publicly_visible,,,0.0,0.0,0.0,,,,,,,,unknown_corridor_observation_concentration,False,False,False,0.0,0.0,,,,,False,False,insufficient_no_inter_region_projection_segments,"minimum_mappable_segments,minimum_unique_probes,minimum_unique_probe_asns,maximum_country_fallback_share",probe_country_service
?,Topology-IPv4-ICMP,resolved_entry_only,,,0.0,0.0,0.0,,,,,,,,unknown_corridor_observation_concentration,False,False,False,0.0,0.0,,,,,False,False,insufficient_no_inter_region_projection_segments,"minimum_mappable_segments,minimum_unique_probes,minimum_unique_probe_asns,maximum_country_fallback_share",probe_country_service
AD,Topology-IPv4-ICMP,all_publicly_visible,5151,topology-baseline_topology-ipv4-icmp_msm5151_20260701T000000Z_010000Z.json,1.0,1.0,1.0,landing_region_08ea81d123b5::landing_region_85e39fb7d29e,1.0,1.0,1.0,-0.0,0.0,1.0,severe_corridor_observation_concentration,True,False,False,1.0,1.0,1.0,0.0,1.0,0.0,True,False,"insufficient_minimum_mappable_segments,minimum_unique_probes,minimum_unique_probe_asns","minimum_mappable_segments,minimum_unique_probes,minimum_unique_probe_asns",probe_country_service
AD,Topology-IPv4-ICMP,resolved_entry_only,,,0.0,0.0,0.0,,,,,,,,unknown_corridor_observation_concentration,False,False,False,0.0,0.0,,,,,False,False,insufficient_no_inter_region_projection_segments,"minimum_mappable_segments,minimum_unique_probes,minimum_unique_probe_asns,maximum_country_fallback_share",probe_country_service
AE,Topology-IPv4-ICMP,all_publicly_visible,5151,topology-baseline_topology-ipv4-icmp_msm5151_20260701T000000Z_010000Z.json,9.0,9.0,11.0,landing_region_1392e3aea9b8::landing_region_8dc97f28b4d0,0.4444444444444444,0.5555555555555556,0.6666666666666666,1.8571944890371568,0.7745102591030967,6.4057401641381055,broad_corridor_observation_distribution,False,False,False,6.0,5.0,1.0,0.5555555555555556,0.4444444444444444,0.0,True,False,"insufficient_minimum_mappable_segments,minimum_unique_probes","minimum_mappable_segments,minimum_unique_probes",probe_country_service
AE,Topology-IPv4-ICMP,resolved_entry_only,5151,topology-baseline_topology-ipv4-icmp_msm5151_20260701T000000Z_010000Z.json,5.0,5.0,3.0,landing_region_1392e3aea9b8::landing_region_8dc97f28b4d0,0.6,0.8,1.0,0.9502705392332347,0.8649735207179272,2.586409289858933,moderate_corridor_observation_concentration,True,False,False,3.0,3.0,1.0,0.6,0.4,0.0,True,False,"insufficient_minimum_mappable_segments,minimum_unique_probes","minimum_mappable_segments,minimum_unique_probes",probe_country_service
AF,Topology-IPv4-ICMP,all_publicly_visible,5151,topology-baseline_topology-ipv4-icmp_msm5151_20260701T000000Z_010000Z.json,4.0,4.0,6.0,landing_region_08d221ee162c::landing_region_b451e83206f9,0.5,0.625,0.75,1.4876606381469317,0.8302792108518124,4.426727678801287,broad_corridor_observation_distribution,False,False,False,3.0,1.0,1.0,1.0,0.0,0.0,True,False,"insufficient_minimum_mappable_segments,minimum_unique_probes,minimum_unique_probe_asns","minimum_mappable_segments,minimum_unique_probes,minimum_unique_probe_asns",probe_country_service
AF,Topology-IPv4-ICMP,resolved_entry_only,5151,topology-baseline_topology-ipv4-icmp_msm5151_20260701T000000Z_010000Z.json,3.0,3.0000000000000004,4.0,landing_region_08d221ee162c::landing_region_b451e83206f9,0.6666666666666666,0.7777777777777777,0.8888888888888888,1.0027182645175161,0.7233083338141042,2.72568088924821,weak_corridor_observation_concentration,True,False,False,2.0,1.0,1.0,1.0,0.0,0.0,True,False,"insufficient_minimum_mappable_segments,minimum_unique_probes,minimum_unique_probe_asns","minimum_mappable_segments,minimum_unique_probes,minimum_unique_probe_asns",probe_country_service
AL,Topology-IPv4-ICMP,all_publicly_visible,5151,topology-baseline_topology-ipv4-icmp_msm5151_20260701T000000Z_010000Z.json,5.0,4.999999999999999,7.0,landing_region_08ea81d123b5::landing_region_8eb611963dd1,0.2,0.4,0.6000000000000001,1.8291603701677224,0.9400024821576322,6.228654698077587,broad_corridor_observation_distribution,False,False,False,4.0,4.0,1.0,0.20000000000000004,0.8000000000000002,0.0,True,False,"insufficient_minimum_mappable_segments,minimum_unique_probes","minimum_mappable_segments,minimum_unique_probes",probe_country_service
AL,Topology-IPv4-ICMP,resolved_entry_only,5151,topology-baseline_topology-ipv4-icmp_msm5151_20260701T000000Z_010000Z.json,5.0,4.999999999999999,7.0,landing_region_08ea81d123b5::landing_region_8eb611963dd1,0.2,0.4,0.6000000000000001,1.8291603701677224,0.9400024821576322,6.228654698077587,broad_corridor_observation_distribution,False,False,False,4.0,4.0,1.0,0.20000000000000004,0.8000000000000002,0.0,True,False,"insufficient_minimum_mappable_segments,minimum_unique_probes","minimum_mappable_segments,minimum_unique_probes",probe_country_service
AM,Topology-IPv4-ICMP,all_publicly_visible,5151,topology-baseline_topology-ipv4-icmp_msm5151_20260701T000000Z_010000Z.json,11.0,10.999999999999996,20.0,landing_region_5a1e27deaea1::landing_region_ae1b031adf3a,0.36363636363636365,0.4545454545454546,0.5151515151515151,2.3964636039830847,0.7999592036774491,10.984262910869726,broad_corridor_observation_distribution,False,False,False,4.0,4.0,1.0,0.6363636363636366,0.3636363636363637,0.0,True,False,"insufficient_minimum_mappable_segments,minimum_unique_probes","minimum_mappable_segments,minimum_unique_probes",probe_country_service
AM,Topology-IPv4-ICMP,resolved_entry_only,5151,topology-baseline_topology-ipv4-icmp_msm5151_20260701T000000Z_010000Z.json,10.0,10.0,16.0,landing_region_5a1e27deaea1::landing_region_ae1b031adf3a,0.4,0.5,0.5666666666666667,2.1623808211852427,0.7799140218093386,8.691806681561715,broad_corridor_observation_distribution,False,False,False,3.0,3.0,1.0,0.7,0.29999999999999993,0.0,True,False,"insufficient_minimum_mappable_segments,minimum_unique_probes","minimum_mappable_segments,minimum_unique_probes",probe_country_service
AO,Topology-IPv4-ICMP,all_publicly_visible,5151,topology-baseline_topology-ipv4-icmp_msm5151_20260701T000000Z_010000Z.json,3.0,3.0,2.0,landing_region_a33078e57a08::landing_region_bd03623e84bf,0.8333333333333334,1.0,1.0,0.45056120886630463,0.6500224216483541,1.5691925832141966,severe_corridor_observation_concentration,True,False,False,3.0,2.0,1.0,0.0,1.0,0.0,True,False,"insufficient_minimum_mappable_segments,minimum_unique_probes,minimum_unique_probe_asns","minimum_mappable_segments,minimum_unique_probes,minimum_unique_probe_asns",probe_country_service
AO,Topology-IPv4-ICMP,resolved_entry_only,5151,topology-baseline_topology-ipv4-icmp_msm5151_20260701T000000Z_010000Z.json,2.0,2.0,1.0,landing_region_a33078e57a08::landing_region_bd03623e84bf,1.0,1.0,1.0,-0.0,0.0,1.0,severe_corridor_observation_concentration,True,False,False,2.0,2.0,1.0,0.0,1.0,0.0,True,False,"insufficient_minimum_mappable_segments,minimum_unique_probes,minimum_unique_probe_asns","minimum_mappable_segments,minimum_unique_probes,minimum_unique_probe_asns",probe_country_service
AR,Topology-IPv4-ICMP,all_publicly_visible,5151,topology-baseline_topology-ipv4-icmp_msm5151_20260701T000000Z_010000Z.json,19.0,19.0,24.0,landing_region_192d23342e5f::landing_region_cc314324bd60,0.12280701754385963,0.22807017543859648,0.2982456140350877,2.884302901810134,0.9075689260727057,17.89109140002897,broad_corridor_observation_distribution,False,False,False,12.0,12.0,1.0,0.6315789473684209,0.3684210526315789,0.0,True,False,insufficient_minimum_mappable_segments,minimum_mappable_segments,probe_country_service
AR,Topology-IPv4-ICMP,resolved_entry_only,5151,topology-baseline_topology-ipv4-icmp_msm5151_20260701T000000Z_010000Z.json,11.0,10.999999999999998,19.0,landing_region_192d23342e5f::landing_region_cc314324bd60,0.2121212121212121,0.303030303030303,0.3939393939393939,2.598383218014144,0.882471410139305,13.441987693402579,broad_corridor_observation_distribution,False,False,False,6.0,6.0,1.0,0.8181818181818183,0.18181818181818182,0.0,True,False,"insufficient_minimum_mappable_segments,minimum_unique_probes","minimum_mappable_segments,minimum_unique_probes",probe_country_service
AT,Topology-IPv4-ICMP,all_publicly_visible,5151,topology-baseline_topology-ipv4-icmp_msm5151_20260701T000000Z_010000Z.json,64.0,63.99999999999999,45.0,landing_region_5d023e72c246::landing_region_b37879c52c2b,0.11562499999999999,0.23124999999999998,0.346875,3.1765960223122938,0.8344832332387729,23.965038097207536,broad_corridor_observation_distribution,False,False,True,35.0,24.0,1.0,0.6875,0.31250000000000006,0.015625,True,True,auditable,,probe_country_service
AT,Topology-IPv4-ICMP,resolved_entry_only,5151,topology-baseline_topology-ipv4-icmp_msm5151_20260701T000000Z_010000Z.json,40.0,40.0,38.0,landing_region_08d221ee162c::landing_region_b451e83206f9,0.15,0.21833333333333332,0.2866666666666666,3.214980686404782,0.8838225529884379,24.902810943710392,broad_corridor_observation_distribution,False,False,True,22.0,19.0,1.0,0.7000000000000001,0.3,0.0,True,True,auditable,,probe_country_service
AU,Topology-IPv4-ICMP,all_publicly_visible,5151,topology-baseline_topology-ipv4-icmp_msm5151_20260701T000000Z_010000Z.json,288.0,288.0,48.0,landing_region_3996aeca3c5e::landing_region_58084817cbe7,0.2222222222222222,0.35416666666666663,0.4513888888888889,2.7669135346604454,0.7147429252224587,15.909454174027099,broad_corridor_observation_distribution,False,False,True,149.0,59.0,1.0,0.7326388888888888,0.2673611111111111,0.1388888888888889,True,True,auditable,,probe_country_service
AU,Topology-IPv4-ICMP,resolved_entry_only,5151,topology-baseline_topology-ipv4-icmp_msm5151_20260701T000000Z_010000Z.json,172.0,171.99999999999997,43.0,landing_region_3996aeca3c5e::landing_region_58084817cbe7,0.22093023255813954,0.3372093023255814,0.436046511627907,2.7610589047683445,0.7340898702113348,15.816582338443318,broad_corridor_observation_distribution,False,False,True,89.0,42.0,1.0,0.7325581395348838,0.26744186046511637,0.11627906976744186,True,True,auditable,,probe_country_service
AX,Topology-IPv4-ICMP,all_publicly_visible,5151,topology-baseline_topology-ipv4-icmp_msm5151_20260701T000000Z_010000Z.json,4.0,4.0,6.0,landing_region_3c99e4792a25::landing_region_3eb4f4d89687,0.25,0.5,0.625,1.7328679513998633,0.967132018086354,5.656854249492381,broad_corridor_observation_distribution,False,False,False,2.0,2.0,1.0,0.25,0.75,0.0,True,False,"insufficient_minimum_mappable_segments,minimum_unique_probes,minimum_unique_probe_asns","minimum_mappable_segments,minimum_unique_probes,minimum_unique_probe_asns",probe_country_service
AX,Topology-IPv4-ICMP,resolved_entry_only,5151,topology-baseline_topology-ipv4-icmp_msm5151_20260701T000000Z_010000Z.json,4.0,4.0,6.0,landing_region_3c99e4792a25::landing_region_3eb4f4d89687,0.25,0.5,0.625,1.7328679513998633,0.967132018086354,5.656854249492381,broad_corridor_observation_distribution,False,False,False,2.0,2.0,1.0,0.25,0.75,0.0,True,False,"insufficient_minimum_mappable_segments,minimum_unique_probes,minimum_unique_probe_asns","minimum_mappable_segments,minimum_unique_probes,minimum_unique_probe_asns",probe_country_service
AZ,Topology-IPv4-ICMP,all_publicly_visible,5151,topology-baseline_topology-ipv4-icmp_msm5151_20260701T000000Z_010000Z.json,1.0,1.0,2.0,landing_region_1ce0b85cd8b9::landing_region_d073d559153a,0.5,1.0,1.0,0.6931471805599453,1.0,2.0,moderate_corridor_observation_concentration,True,False,False,1.0,1.0,1.0,1.0,0.0,0.0,True,False,"insufficient_minimum_mappable_segments,minimum_unique_probes,minimum_unique_probe_asns","minimum_mappable_segments,minimum_unique_probes,minimum_unique_probe_asns",probe_country_service
AZ,Topology-IPv4-ICMP,resolved_entry_only,,,0.0,0.0,0.0,,,,,,,,unknown_corridor_observation_concentration,False,False,False,0.0,0.0,,,,,False,False,insufficient_no_inter_region_projection_segments,"minimum_mappable_segments,minimum_unique_probes,minimum_unique_probe_asns,maximum_country_fallback_share",probe_country_service
BA,Topology-IPv4-ICMP,all_publicly_visible,5151,topology-baseline_topology-ipv4-icmp_msm5151_20260701T000000Z_010000Z.json,9.0,9.0,12.0,landing_region_08ea81d123b5::landing_region_85e39fb7d29e,0.1111111111111111,0.2222222222222222,0.3333333333333333,2.351257284127319,0.9462155386512875,10.498761356185055,broad_corridor_observation_distribution,False,False,False,5.0,4.0,1.0,0.5555555555555556,0.4444444444444444,0.0,True,False,"insufficient_minimum_mappable_segments,minimum_unique_probes","minimum_mappable_segments,minimum_unique_probes",probe_country_service
BA,Topology-IPv4-ICMP,resolved_entry_only,5151,topology-baseline_topology-ipv4-icmp_msm5151_20260701T000000Z_010000Z.json,5.0,5.0,8.0,landing_region_08ea81d123b5::landing_region_85e39fb7d29e,0.2,0.4,0.6000000000000001,1.9677898062797112,0.9463068650105312,7.1548454055262765,broad_corridor_observation_distribution,False,False,False,3.0,3.0,1.0,0.6,0.4,0.0,True,False,"insufficient_minimum_mappable_segments,minimum_unique_probes","minimum_mappable_segments,minimum_unique_probes",probe_country_service
BB,Topology-IPv4-ICMP,all_publicly_visible,5151,topology-baseline_topology-ipv4-icmp_msm5151_20260701T000000Z_010000Z.json,1.0,1.0,1.0,landing_region_83c1ffe3b901::landing_region_bd03623e84bf,1.0,1.0,1.0,-0.0,0.0,1.0,severe_corridor_observation_concentration,True,False,False,1.0,1.0,1.0,0.0,1.0,0.0,True,False,"insufficient_minimum_mappable_segments,minimum_unique_probes,minimum_unique_probe_asns","minimum_mappable_segments,minimum_unique_probes,minimum_unique_probe_asns",probe_country_service
BB,Topology-IPv4-ICMP,resolved_entry_only,5151,topology-baseline_topology-ipv4-icmp_msm5151_20260701T000000Z_010000Z.json,1.0,1.0,1.0,landing_region_83c1ffe3b901::landing_region_bd03623e84bf,1.0,1.0,1.0,-0.0,0.0,1.0,severe_corridor_observation_concentration,True,False,False,1.0,1.0,1.0,0.0,1.0,0.0,True,False,"insufficient_minimum_mappable_segments,minimum_unique_probes,minimum_unique_probe_asns","minimum_mappable_segments,minimum_unique_probes,minimum_unique_probe_asns",probe_country_service
BD,Topology-IPv4-ICMP,all_publicly_visible,5151,topology-baseline_topology-ipv4-icmp_msm5151_20260701T000000Z_010000Z.json,3.0,2.9999999999999996,11.0,landing_region_5a1e27deaea1::landing_region_ae1b031adf3a,0.3333333333333333,0.4444444444444444,0.5555555555555556,2.113453101242584,0.8813784009741845,8.276772529143361,broad_corridor_observation_distribution,False,False,False,2.0,2.0,1.0,0.6666666666666667,0.3333333333333333,0.6666666666666666,False,False,"insufficient_minimum_mappable_segments,minimum_unique_probes,minimum_unique_probe_asns,maximum_country_fallback_share","minimum_mappable_segments,minimum_unique_probes,minimum_unique_probe_asns,maximum_country_fallback_share",probe_country_service
BD,Topology-IPv4-ICMP,resolved_entry_only,5151,topology-baseline_topology-ipv4-icmp_msm5151_20260701T000000Z_010000Z.json,2.0,1.9999999999999998,8.0,landing_region_5a1e27deaea1::landing_region_ae1b031adf3a,0.5,0.5714285714285714,0.6428571428571428,1.6661022550876021,0.8012258203429342,5.291502622129182,broad_corridor_observation_distribution,False,False,False,1.0,1.0,1.0,0.5000000000000001,0.5000000000000001,0.5,False,False,"insufficient_minimum_mappable_segments,minimum_unique_probes,minimum_unique_probe_asns,maximum_country_fallback_share","minimum_mappable_segments,minimum_unique_probes,minimum_unique_probe_asns,maximum_country_fallback_share",probe_country_service
BE,Topology-IPv4-ICMP,all_publicly_visible,5151,topology-baseline_topology-ipv4-icmp_msm5151_20260701T000000Z_010000Z.json,28.0,28.0,32.0,landing_region_5d023e72c246::landing_region_b37879c52c2b,0.13809523809523808,0.27619047619047615,0.41428571428571426,2.9186957415402226,0.842157574436763,18.517120592068974,broad_corridor_observation_distribution,False,False,False,21.0,9.0,1.0,0.607142857142857,0.39285714285714285,0.0,True,False,insufficient_minimum_mappable_segments,minimum_mappable_segments,probe_country_service
BE,Topology-IPv4-ICMP,resolved_entry_only,5151,topology-baseline_topology-ipv4-icmp_msm5151_20260701T000000Z_010000Z.json,15.0,15.0,17.0,landing_region_5d023e72c246::landing_region_b37879c52c2b,0.2,0.4,0.6000000000000001,2.233722076050663,0.7884058857539892,9.334545387766992,broad_corridor_observation_distribution,False,False,False,10.0,5.0,1.0,0.8,0.2,0.0,True,False,insufficient_minimum_mappable_segments,minimum_mappable_segments,probe_country_service
BF,Topology-IPv4-ICMP,all_publicly_visible,5151,topology-baseline_topology-ipv4-icmp_msm5151_20260701T000000Z_010000Z.json,2.0,2.0,1.0,landing_region_343850da3642::landing_region_f7627feb3284,1.0,1.0,1.0,-0.0,0.0,1.0,severe_corridor_observation_concentration,True,False,False,1.0,1.0,1.0,1.0,0.0,0.0,True,False,"insufficient_minimum_mappable_segments,minimum_unique_probes,minimum_unique_probe_asns","minimum_mappable_segments,minimum_unique_probes,minimum_unique_probe_asns",probe_country_service
BF,Topology-IPv4-ICMP,resolved_entry_only,5151,topology-baseline_topology-ipv4-icmp_msm5151_20260701T000000Z_010000Z.json,2.0,2.0,1.0,landing_region_343850da3642::landing_region_f7627feb3284,1.0,1.0,1.0,-0.0,0.0,1.0,severe_corridor_observation_concentration,True,False,False,1.0,1.0,1.0,1.0,0.0,0.0,True,False,"insufficient_minimum_mappable_segments,minimum_unique_probes,minimum_unique_probe_asns","minimum_mappable_segments,minimum_unique_probes,minimum_unique_probe_asns",probe_country_service
BG,Topology-IPv4-ICMP,all_publicly_visible,5151,topology-baseline_topology-ipv4-icmp_msm5151_20260701T000000Z_010000Z.json,21.0,21.0,30.0,landing_region_08d221ee162c::landing_region_b451e83206f9,0.14285714285714285,0.23809523809523808,0.2857142857142857,3.0579949446242862,0.8990936430539802,21.284837071274254,broad_corridor_observation_distribution,False,False,False,14.0,11.0,1.0,0.6190476190476191,0.38095238095238093,0.0,True,False,insufficient_minimum_mappable_segments,minimum_mappable_segments,probe_country_service
BG,Topology-IPv4-ICMP,resolved_entry_only,5151,topology-baseline_topology-ipv4-icmp_msm5151_20260701T000000Z_010000Z.json,16.0,16.0,25.0,landing_region_08d221ee162c::landing_region_b451e83206f9,0.1875,0.3125,0.375,2.7902713875471625,0.8668465449925868,16.285438867430308,broad_corridor_observation_distribution,False,False,False,10.0,8.0,1.0,0.625,0.375,0.0,True,False,insufficient_minimum_mappable_segments,minimum_mappable_segments,probe_country_service
BH,Topology-IPv4-ICMP,all_publicly_visible,5151,topology-baseline_topology-ipv4-icmp_msm5151_20260701T000000Z_010000Z.json,10.0,9.999999999999998,10.0,landing_region_05a5445633a9::landing_region_ca49ab31c10b,0.3,0.5,0.7,1.8566863254130448,0.8063486257521106,6.402485826939101,broad_corridor_observation_distribution,False,False,False,5.0,3.0,1.0,0.5000000000000001,0.5000000000000001,0.0,True,False,"insufficient_minimum_mappable_segments,minimum_unique_probes","minimum_mappable_segments,minimum_unique_probes",probe_country_service
BH,Topology-IPv4-ICMP,resolved_entry_only,5151,topology-baseline_topology-ipv4-icmp_msm5151_20260701T000000Z_010000Z.json,7.0,7.0,5.0,landing_region_05a5445633a9::landing_region_ca49ab31c10b,0.2857142857142857,0.5714285714285714,0.8571428571428571,1.450805020083924,0.9014358422126012,4.2665477897156645,weak_corridor_observation_concentration,True,False,False,4.0,2.0,1.0,0.5714285714285714,0.42857142857142855,0.0,True,False,"insufficient_minimum_mappable_segments,minimum_unique_probes,minimum_unique_probe_asns","minimum_mappable_segments,minimum_unique_probes,minimum_unique_probe_asns",probe_country_service
BI,Topology-IPv4-ICMP,all_publicly_visible,,,0.0,0.0,0.0,,,,,,,,unknown_corridor_observation_concentration,False,False,False,0.0,0.0,,,,,False,False,insufficient_no_inter_region_projection_segments,"minimum_mappable_segments,minimum_unique_probes,minimum_unique_probe_asns,maximum_country_fallback_share",probe_country_service
BI,Topology-IPv4-ICMP,resolved_entry_only,,,0.0,0.0,0.0,,,,,,,,unknown_corridor_observation_concentration,False,False,False,0.0,0.0,,,,,False,False,insufficient_no_inter_region_projection_segments,"minimum_mappable_segments,minimum_unique_probes,minimum_unique_probe_asns,maximum_country_fallback_share",probe_country_service
BJ,Topology-IPv4-ICMP,all_publicly_visible,5151,topology-baseline_topology-ipv4-icmp_msm5151_20260701T000000Z_010000Z.json,4.0,4.0,4.0,landing_region_5a1e27deaea1::landing_region_ae1b031adf3a,0.5,0.75,0.875,1.2130075659799042,0.875,3.363585661014858,weak_corridor_observation_concentration,True,False,False,3.0,3.0,1.0,0.5,0.5,0.0,True,False,"insufficient_minimum_mappable_segments,minimum_unique_probes","minimum_mappable_segments,minimum_unique_probes",probe_country_service
BJ,Topology-IPv4-ICMP,resolved_entry_only,5151,topology-baseline_topology-ipv4-icmp_msm5151_20260701T000000Z_010000Z.json,3.0,3.0,3.0,landing_region_5a1e27deaea1::landing_region_ae1b031adf3a,0.6666666666666666,0.8333333333333333,1.0,0.8675632284814613,0.7896900821428475,2.3811015779522995,moderate_corridor_observation_concentration,True,False,False,2.0,2.0,1.0,0.6666666666666666,0.3333333333333333,0.0,True,False,"insufficient_minimum_mappable_segments,minimum_unique_probes,minimum_unique_probe_asns","minimum_mappable_segments,minimum_unique_probes,minimum_unique_probe_asns",probe_country_service
BL,Topology-IPv4-ICMP,all_publicly_visible,,,0.0,0.0,0.0,,,,,,,,unknown_corridor_observation_concentration,False,False,False,0.0,0.0,,,,,False,False,insufficient_no_inter_region_projection_segments,"minimum_mappable_segments,minimum_unique_probes,minimum_unique_probe_asns,maximum_country_fallback_share",probe_country_service
BL,Topology-IPv4-ICMP,resolved_entry_only,,,0.0,0.0,0.0,,,,,,,,unknown_corridor_observation_concentration,False,False,False,0.0,0.0,,,,,False,False,insufficient_no_inter_region_projection_segments,"minimum_mappable_segments,minimum_unique_probes,minimum_unique_probe_asns,maximum_country_fallback_share",probe_country_service
BO,Topology-IPv4-ICMP,all_publicly_visible,5151,topology-baseline_topology-ipv4-icmp_msm5151_20260701T000000Z_010000Z.json,1.0,1.0,1.0,landing_region_b451e83206f9::landing_region_d026f3e5a07d,1.0,1.0,1.0,-0.0,0.0,1.0,severe_corridor_observation_concentration,True,False,False,1.0,1.0,1.0,0.0,1.0,0.0,True,False,"insufficient_minimum_mappable_segments,minimum_unique_probes,minimum_unique_probe_asns","minimum_mappable_segments,minimum_unique_probes,minimum_unique_probe_asns",probe_country_service
BO,Topology-IPv4-ICMP,resolved_entry_only,5151,topology-baseline_topology-ipv4-icmp_msm5151_20260701T000000Z_010000Z.json,1.0,1.0,1.0,landing_region_b451e83206f9::landing_region_d026f3e5a07d,1.0,1.0,1.0,-0.0,0.0,1.0,severe_corridor_observation_concentration,True,False,False,1.0,1.0,1.0,0.0,1.0,0.0,True,False,"insufficient_minimum_mappable_segments,minimum_unique_probes,minimum_unique_probe_asns","minimum_mappable_segments,minimum_unique_probes,minimum_unique_probe_asns",probe_country_service
BR,Topology-IPv4-ICMP,all_publicly_visible,5151,topology-baseline_topology-ipv4-icmp_msm5151_20260701T000000Z_010000Z.json,33.0,33.00000000000002,31.0,landing_region_08d221ee162c::landing_region_b451e83206f9,0.12121212121212122,0.21212121212121213,0.30303030303030304,3.066812862254444,0.8930763802057462,21.473354957409637,broad_corridor_observation_distribution,False,False,True,19.0,18.0,1.0,0.48484848484848453,0.5151515151515147,0.06060606060606061,True,True,auditable,,probe_country_service
BR,Topology-IPv4-ICMP,resolved_entry_only,5151,topology-baseline_topology-ipv4-icmp_msm5151_20260701T000000Z_010000Z.json,16.0,16.0,17.0,landing_region_08d221ee162c::landing_region_b451e83206f9,0.25,0.3125,0.375,2.6066633668283186,0.9200377981759914,13.553751423469981,broad_corridor_observation_distribution,False,False,False,10.0,10.0,1.0,0.5,0.5,0.125,True,False,insufficient_minimum_mappable_segments,minimum_mappable_segments,probe_country_service
BT,Topology-IPv4-ICMP,all_publicly_visible,5151,topology-baseline_topology-ipv4-icmp_msm5151_20260701T000000Z_010000Z.json,2.0,2.0,3.0,landing_region_5d023e72c246::landing_region_b37879c52c2b,0.3333333333333333,0.6666666666666666,1.0,1.0986122886681096,0.9999999999999998,2.9999999999999996,weak_corridor_observation_concentration,True,False,False,1.0,1.0,1.0,1.0,0.0,0.0,True,False,"insufficient_minimum_mappable_segments,minimum_unique_probes,minimum_unique_probe_asns","minimum_mappable_segments,minimum_unique_probes,minimum_unique_probe_asns",probe_country_service
BT,Topology-IPv4-ICMP,resolved_entry_only,5151,topology-baseline_topology-ipv4-icmp_msm5151_20260701T000000Z_010000Z.json,2.0,2.0,3.0,landing_region_5d023e72c246::landing_region_b37879c52c2b,0.3333333333333333,0.6666666666666666,1.0,1.0986122886681096,0.9999999999999998,2.9999999999999996,weak_corridor_observation_concentration,True,False,False,1.0,1.0,1.0,1.0,0.0,0.0,True,False,"insufficient_minimum_mappable_segments,minimum_unique_probes,minimum_unique_probe_asns","minimum_mappable_segments,minimum_unique_probes,minimum_unique_probe_asns",probe_country_service
BW,Topology-IPv4-ICMP,all_publicly_visible,5151,topology-baseline_topology-ipv4-icmp_msm5151_20260701T000000Z_010000Z.json,1.0,1.0,2.0,landing_region_1ce0b85cd8b9::landing_region_d073d559153a,0.5,1.0,1.0,0.6931471805599453,1.0,2.0,moderate_corridor_observation_concentration,True,False,False,1.0,1.0,1.0,0.0,1.0,0.0,True,False,"insufficient_minimum_mappable_segments,minimum_unique_probes,minimum_unique_probe_asns","minimum_mappable_segments,minimum_unique_probes,minimum_unique_probe_asns",probe_country_service
BW,Topology-IPv4-ICMP,resolved_entry_only,5151,topology-baseline_topology-ipv4-icmp_msm5151_20260701T000000Z_010000Z.json,1.0,1.0,2.0,landing_region_1ce0b85cd8b9::landing_region_d073d559153a,0.5,1.0,1.0,0.6931471805599453,1.0,2.0,moderate_corridor_observation_concentration,True,False,False,1.0,1.0,1.0,0.0,1.0,0.0,True,False,"insufficient_minimum_mappable_segments,minimum_unique_probes,minimum_unique_probe_asns","minimum_mappable_segments,minimum_unique_probes,minimum_unique_probe_asns",probe_country_service
BY,Topology-IPv4-ICMP,all_publicly_visible,5151,topology-baseline_topology-ipv4-icmp_msm5151_20260701T000000Z_010000Z.json,4.0,4.0,6.0,landing_region_5a1e27deaea1::landing_region_ae1b031adf3a,0.5,0.625,0.75,1.4876606381469317,0.8302792108518124,4.426727678801287,broad_corridor_observation_distribution,False,False,False,2.0,2.0,1.0,0.7500000000000001,0.25,0.0,True,False,"insufficient_minimum_mappable_segments,minimum_unique_probes,minimum_unique_probe_asns","minimum_mappable_segments,minimum_unique_probes,minimum_unique_probe_asns",probe_country_service
BY,Topology-IPv4-ICMP,resolved_entry_only,5151,topology-baseline_topology-ipv4-icmp_msm5151_20260701T000000Z_010000Z.json,2.0,2.0,1.0,landing_region_5a1e27deaea1::landing_region_ae1b031adf3a,1.0,1.0,1.0,-0.0,0.0,1.0,severe_corridor_observation_concentration,True,False,False,1.0,1.0,1.0,1.0,0.0,0.0,True,False,"insufficient_minimum_mappable_segments,minimum_unique_probes,minimum_unique_probe_asns","minimum_mappable_segments,minimum_unique_probes,minimum_unique_probe_asns",probe_country_service
CA,Topology-IPv4-ICMP,all_publicly_visible,5151,topology-baseline_topology-ipv4-icmp_msm5151_20260701T000000Z_010000Z.json,242.0,242.0,42.0,landing_region_82a1b23200f3::landing_region_c94f4fef1bdd,0.3867768595041322,0.543801652892562,0.6512396694214876,2.324821657554765,0.6219976335475327,10.22485639728323,broad_corridor_observation_distribution,False,False,True,102.0,42.0,1.0,0.71900826446281,0.2809917355371901,0.1446280991735537,True,True,auditable,,probe_country_service
CA,Topology-IPv4-ICMP,resolved_entry_only,5151,topology-baseline_topology-ipv4-icmp_msm5151_20260701T000000Z_010000Z.json,144.0,144.00000000000003,29.0,landing_region_82a1b23200f3::landing_region_c94f4fef1bdd,0.3611111111111111,0.5347222222222222,0.6527777777777778,2.2755040859604754,0.6757660154764649,9.732823956111485,broad_corridor_observation_distribution,False,False,True,62.0,29.0,1.0,0.7430555555555554,0.2569444444444444,0.1111111111111111,True,True,auditable,,probe_country_service
CD,Topology-IPv4-ICMP,all_publicly_visible,,,0.0,0.0,0.0,,,,,,,,unknown_corridor_observation_concentration,False,False,False,0.0,0.0,,,,,False,False,insufficient_no_inter_region_projection_segments,"minimum_mappable_segments,minimum_unique_probes,minimum_unique_probe_asns,maximum_country_fallback_share",probe_country_service
CD,Topology-IPv4-ICMP,resolved_entry_only,,,0.0,0.0,0.0,,,,,,,,unknown_corridor_observation_concentration,False,False,False,0.0,0.0,,,,,False,False,insufficient_no_inter_region_projection_segments,"minimum_mappable_segments,minimum_unique_probes,minimum_unique_probe_asns,maximum_country_fallback_share",probe_country_service
CG,Topology-IPv4-ICMP,all_publicly_visible,5151,topology-baseline_topology-ipv4-icmp_msm5151_20260701T000000Z_010000Z.json,3.0,3.0,4.0,landing_region_08ea81d123b5::landing_region_8eb611963dd1,0.3333333333333333,0.6666666666666666,0.8333333333333333,1.3296613488547582,0.9591479170272448,3.77976314968462,weak_corridor_observation_concentration,True,False,False,3.0,2.0,1.0,0.3333333333333333,0.6666666666666666,0.0,True,False,"insufficient_minimum_mappable_segments,minimum_unique_probes,minimum_unique_probe_asns","minimum_mappable_segments,minimum_unique_probes,minimum_unique_probe_asns",probe_country_service
CG,Topology-IPv4-ICMP,resolved_entry_only,5151,topology-baseline_topology-ipv4-icmp_msm5151_20260701T000000Z_010000Z.json,2.0,2.0,3.0,landing_region_7f124bf07cd8::landing_region_a33078e57a08,0.5,0.75,1.0,1.0397207708399179,0.946394630357186,2.82842712474619,weak_corridor_observation_concentration,True,False,False,2.0,1.0,1.0,0.5,0.5,0.0,True,False,"insufficient_minimum_mappable_segments,minimum_unique_probes,minimum_unique_probe_asns","minimum_mappable_segments,minimum_unique_probes,minimum_unique_probe_asns",probe_country_service
CH,Topology-IPv4-ICMP,all_publicly_visible,5151,topology-baseline_topology-ipv4-icmp_msm5151_20260701T000000Z_010000Z.json,99.0,99.0,38.0,landing_region_08d221ee162c::landing_region_b451e83206f9,0.30303030303030304,0.38047138047138046,0.45791245791245794,2.8156997519596154,0.7740571984613578,16.704860950679425,broad_corridor_observation_distribution,False,False,True,44.0,25.0,1.0,0.696969696969697,0.3030303030303031,0.0707070707070707,True,True,auditable,,probe_country_service
CH,Topology-IPv4-ICMP,resolved_entry_only,5151,topology-baseline_topology-ipv4-icmp_msm5151_20260701T000000Z_010000Z.json,49.0,49.0,34.0,landing_region_08d221ee162c::landing_region_b451e83206f9,0.1836734693877551,0.2789115646258503,0.37414965986394555,2.991609549697851,0.8483561249096851,19.917715258059932,broad_corridor_observation_distribution,False,False,True,26.0,18.0,1.0,0.6326530612244898,0.3673469387755102,0.061224489795918366,True,True,auditable,,probe_country_service
CI,Topology-IPv4-ICMP,all_publicly_visible,5151,topology-baseline_topology-ipv4-icmp_msm5151_20260701T000000Z_010000Z.json,2.0,2.0,1.0,landing_region_343850da3642::landing_region_f7627feb3284,1.0,1.0,1.0,-0.0,0.0,1.0,severe_corridor_observation_concentration,True,False,False,1.0,1.0,1.0,1.0,0.0,0.0,True,False,"insufficient_minimum_mappable_segments,minimum_unique_probes,minimum_unique_probe_asns","minimum_mappable_segments,minimum_unique_probes,minimum_unique_probe_asns",probe_country_service
CI,Topology-IPv4-ICMP,resolved_entry_only,5151,topology-baseline_topology-ipv4-icmp_msm5151_20260701T000000Z_010000Z.json,2.0,2.0,1.0,landing_region_343850da3642::landing_region_f7627feb3284,1.0,1.0,1.0,-0.0,0.0,1.0,severe_corridor_observation_concentration,True,False,False,1.0,1.0,1.0,1.0,0.0,0.0,True,False,"insufficient_minimum_mappable_segments,minimum_unique_probes,minimum_unique_probe_asns","minimum_mappable_segments,minimum_unique_probes,minimum_unique_probe_asns",probe_country_service
CK,Topology-IPv4-ICMP,all_publicly_visible,5151,topology-baseline_topology-ipv4-icmp_msm5151_20260701T000000Z_010000Z.json,1.0,1.0,3.0,landing_region_5d023e72c246::landing_region_b37879c52c2b,0.3333333333333333,0.6666666666666666,1.0,1.0986122886681096,0.9999999999999998,2.9999999999999996,weak_corridor_observation_concentration,True,False,False,1.0,1.0,1.0,1.0,0.0,0.0,True,False,"insufficient_minimum_mappable_segments,minimum_unique_probes,minimum_unique_probe_asns","minimum_mappable_segments,minimum_unique_probes,minimum_unique_probe_asns",probe_country_service
CK,Topology-IPv4-ICMP,resolved_entry_only,5151,topology-baseline_topology-ipv4-icmp_msm5151_20260701T000000Z_010000Z.json,1.0,1.0,3.0,landing_region_5d023e72c246::landing_region_b37879c52c2b,0.3333333333333333,0.6666666666666666,1.0,1.0986122886681096,0.9999999999999998,2.9999999999999996,weak_corridor_observation_concentration,True,False,False,1.0,1.0,1.0,1.0,0.0,0.0,True,False,"insufficient_minimum_mappable_segments,minimum_unique_probes,minimum_unique_probe_asns","minimum_mappable_segments,minimum_unique_probes,minimum_unique_probe_asns",probe_country_service
CL,Topology-IPv4-ICMP,all_publicly_visible,5151,topology-baseline_topology-ipv4-icmp_msm5151_20260701T000000Z_010000Z.json,13.0,13.000000000000002,14.0,landing_region_6d0b3b188139::landing_region_85e39fb7d29e,0.23076923076923078,0.3076923076923077,0.38461538461538464,2.449251096171054,0.9280780181187365,11.579671410885492,broad_corridor_observation_distribution,False,False,False,10.0,8.0,1.0,0.6153846153846153,0.38461538461538447,0.15384615384615385,True,False,insufficient_minimum_mappable_segments,minimum_mappable_segments,probe_country_service
CL,Topology-IPv4-ICMP,resolved_entry_only,5151,topology-baseline_topology-ipv4-icmp_msm5151_20260701T000000Z_010000Z.json,6.0,5.999999999999999,10.0,landing_region_2f1f6d8f7ce5::landing_region_d514e04d4eb8,0.16666666666666666,0.3333333333333333,0.4444444444444444,2.225541083468786,0.966540211799478,9.258491065302316,broad_corridor_observation_distribution,False,False,False,5.0,4.0,1.0,0.6666666666666667,0.33333333333333337,0.16666666666666666,True,False,"insufficient_minimum_mappable_segments,minimum_unique_probes","minimum_mappable_segments,minimum_unique_probes",probe_country_service
CM,Topology-IPv4-ICMP,all_publicly_visible,5151,topology-baseline_topology-ipv4-icmp_msm5151_20260701T000000Z_010000Z.json,5.0,5.0,6.0,landing_region_09d9f94c7c1e::landing_region_1a00bf1d418e,0.2,0.4,0.6000000000000001,1.7480673485460894,0.9756149631508355,5.743491774985174,broad_corridor_observation_distribution,False,False,False,2.0,2.0,1.0,0.0,1.0,0.0,True,False,"insufficient_minimum_mappable_segments,minimum_unique_probes,minimum_unique_probe_asns","minimum_mappable_segments,minimum_unique_probes,minimum_unique_probe_asns",probe_country_service
CM,Topology-IPv4-ICMP,resolved_entry_only,,,0.0,0.0,0.0,,,,,,,,unknown_corridor_observation_concentration,False,False,False,0.0,0.0,,,,,False,False,insufficient_no_inter_region_projection_segments,"minimum_mappable_segments,minimum_unique_probes,minimum_unique_probe_asns,maximum_country_fallback_share",probe_country_service
CN,Topology-IPv4-ICMP,all_publicly_visible,5151,topology-baseline_topology-ipv4-icmp_msm5151_20260701T000000Z_010000Z.json,30.0,29.999999999999996,25.0,landing_region_5d023e72c246::landing_region_b37879c52c2b,0.1,0.2,0.30000000000000004,2.927895783682241,0.9096019675757843,18.68826494233474,broad_corridor_observation_distribution,False,False,True,14.0,11.0,1.0,0.46666666666666673,0.5333333333333334,0.06666666666666667,True,True,auditable,,probe_country_service
CN,Topology-IPv4-ICMP,resolved_entry_only,5151,topology-baseline_topology-ipv4-icmp_msm5151_20260701T000000Z_010000Z.json,15.0,14.999999999999998,20.0,landing_region_5d023e72c246::landing_region_b37879c52c2b,0.13333333333333333,0.26666666666666666,0.4,2.652938296223246,0.885572559218027,14.195688563604234,broad_corridor_observation_distribution,False,False,False,7.0,5.0,1.0,0.6000000000000001,0.4000000000000002,0.0,True,False,"insufficient_minimum_mappable_segments,minimum_unique_probes","minimum_mappable_segments,minimum_unique_probes",probe_country_service
CO,Topology-IPv4-ICMP,all_publicly_visible,5151,topology-baseline_topology-ipv4-icmp_msm5151_20260701T000000Z_010000Z.json,17.0,17.0,13.0,landing_region_05a5445633a9::landing_region_ca49ab31c10b,0.17647058823529413,0.35294117647058826,0.47058823529411764,2.4046944668462986,0.9375212262382294,11.075045971480137,broad_corridor_observation_distribution,False,False,False,10.0,10.0,1.0,0.7647058823529411,0.23529411764705882,0.0,True,False,insufficient_minimum_mappable_segments,minimum_mappable_segments,probe_country_service
CO,Topology-IPv4-ICMP,resolved_entry_only,5151,topology-baseline_topology-ipv4-icmp_msm5151_20260701T000000Z_010000Z.json,15.0,15.0,11.0,landing_region_05a5445633a9::landing_region_ca49ab31c10b,0.2,0.4,0.5333333333333333,2.2223954735976363,0.9268108990448427,9.229413222167315,broad_corridor_observation_distribution,False,False,False,8.0,8.0,1.0,0.8666666666666667,0.13333333333333333,0.0,True,False,"insufficient_minimum_mappable_segments,minimum_unique_probes","minimum_mappable_segments,minimum_unique_probes",probe_country_service
CR,Topology-IPv4-ICMP,all_publicly_visible,,,0.0,0.0,0.0,,,,,,,,unknown_corridor_observation_concentration,False,False,False,0.0,0.0,,,,,False,False,insufficient_no_inter_region_projection_segments,"minimum_mappable_segments,minimum_unique_probes,minimum_unique_probe_asns,maximum_country_fallback_share",probe_country_service
CR,Topology-IPv4-ICMP,resolved_entry_only,,,0.0,0.0,0.0,,,,,,,,unknown_corridor_observation_concentration,False,False,False,0.0,0.0,,,,,False,False,insufficient_no_inter_region_projection_segments,"minimum_mappable_segments,minimum_unique_probes,minimum_unique_probe_asns,maximum_country_fallback_share",probe_country_service
CU,Topology-IPv4-ICMP,all_publicly_visible,,,0.0,0.0,0.0,,,,,,,,unknown_corridor_observation_concentration,False,False,False,0.0,0.0,,,,,False,False,insufficient_no_inter_region_projection_segments,"minimum_mappable_segments,minimum_unique_probes,minimum_unique_probe_asns,maximum_country_fallback_share",probe_country_service
CU,Topology-IPv4-ICMP,resolved_entry_only,,,0.0,0.0,0.0,,,,,,,,unknown_corridor_observation_concentration,False,False,False,0.0,0.0,,,,,False,False,insufficient_no_inter_region_projection_segments,"minimum_mappable_segments,minimum_unique_probes,minimum_unique_probe_asns,maximum_country_fallback_share",probe_country_service
CV,Topology-IPv4-ICMP,all_publicly_visible,5151,topology-baseline_topology-ipv4-icmp_msm5151_20260701T000000Z_010000Z.json,1.0,1.0,1.0,landing_region_343850da3642::landing_region_f7627feb3284,1.0,1.0,1.0,-0.0,0.0,1.0,severe_corridor_observation_concentration,True,False,False,1.0,1.0,1.0,1.0,0.0,0.0,True,False,"insufficient_minimum_mappable_segments,minimum_unique_probes,minimum_unique_probe_asns","minimum_mappable_segments,minimum_unique_probes,minimum_unique_probe_asns",probe_country_service
CV,Topology-IPv4-ICMP,resolved_entry_only,5151,topology-baseline_topology-ipv4-icmp_msm5151_20260701T000000Z_010000Z.json,1.0,1.0,1.0,landing_region_343850da3642::landing_region_f7627feb3284,1.0,1.0,1.0,-0.0,0.0,1.0,severe_corridor_observation_concentration,True,False,False,1.0,1.0,1.0,1.0,0.0,0.0,True,False,"insufficient_minimum_mappable_segments,minimum_unique_probes,minimum_unique_probe_asns","minimum_mappable_segments,minimum_unique_probes,minimum_unique_probe_asns",probe_country_service
CW,Topology-IPv4-ICMP,all_publicly_visible,5151,topology-baseline_topology-ipv4-icmp_msm5151_20260701T000000Z_010000Z.json,1.0,1.0,1.0,landing_region_83c1ffe3b901::landing_region_bd03623e84bf,1.0,1.0,1.0,-0.0,0.0,1.0,severe_corridor_observation_concentration,True,False,False,1.0,1.0,1.0,0.0,1.0,0.0,True,False,"insufficient_minimum_mappable_segments,minimum_unique_probes,minimum_unique_probe_asns","minimum_mappable_segments,minimum_unique_probes,minimum_unique_probe_asns",probe_country_service
CW,Topology-IPv4-ICMP,resolved_entry_only,,,0.0,0.0,0.0,,,,,,,,unknown_corridor_observation_concentration,False,False,False,0.0,0.0,,,,,False,False,insufficient_no_inter_region_projection_segments,"minimum_mappable_segments,minimum_unique_probes,minimum_unique_probe_asns,maximum_country_fallback_share",probe_country_service
CY,Topology-IPv4-ICMP,all_publicly_visible,5151,topology-baseline_topology-ipv4-icmp_msm5151_20260701T000000Z_010000Z.json,18.0,17.999999999999996,15.0,landing_region_08ea81d123b5::landing_region_3e7b4a85e943,0.2777777777777778,0.5555555555555556,0.7222222222222222,1.959751832300049,0.7236763304839791,7.097565460083453,broad_corridor_observation_distribution,False,False,False,9.0,5.0,1.0,0.44444444444444453,0.5555555555555555,0.1111111111111111,True,False,"insufficient_minimum_mappable_segments,minimum_unique_probes","minimum_mappable_segments,minimum_unique_probes",probe_country_service
CY,Topology-IPv4-ICMP,resolved_entry_only,5151,topology-baseline_topology-ipv4-icmp_msm5151_20260701T000000Z_010000Z.json,14.0,13.999999999999996,14.0,landing_region_5a1e27deaea1::landing_region_ae1b031adf3a,0.35714285714285715,0.5714285714285714,0.7142857142857143,1.9183242253524402,0.7268975189834576,6.809537652046531,broad_corridor_observation_distribution,False,False,False,6.0,3.0,1.0,0.5000000000000001,0.5000000000000002,0.14285714285714285,True,False,"insufficient_minimum_mappable_segments,minimum_unique_probes","minimum_mappable_segments,minimum_unique_probes",probe_country_service
CZ,Topology-IPv4-ICMP,all_publicly_visible,5151,topology-baseline_topology-ipv4-icmp_msm5151_20260701T000000Z_010000Z.json,59.0,58.99999999999999,48.0,landing_region_5d023e72c246::landing_region_b37879c52c2b,0.12768361581920903,0.25536723163841807,0.3830508474576271,3.19029511552223,0.8241099096980313,24.295596392825708,broad_corridor_observation_distribution,False,False,True,33.0,24.0,1.0,0.6610169491525425,0.33898305084745767,0.06779661016949153,True,True,auditable,,probe_country_service
CZ,Topology-IPv4-ICMP,resolved_entry_only,5151,topology-baseline_topology-ipv4-icmp_msm5151_20260701T000000Z_010000Z.json,36.0,36.0,34.0,landing_region_5d023e72c246::landing_region_b37879c52c2b,0.11666666666666667,0.23333333333333334,0.35,3.0221056446807872,0.8570041615384004,20.53448452195595,broad_corridor_observation_distribution,False,False,True,20.0,15.0,1.0,0.5833333333333334,0.4166666666666667,0.08333333333333333,True,True,auditable,,probe_country_service
DE,Topology-IPv4-ICMP,all_publicly_visible,5151,topology-baseline_topology-ipv4-icmp_msm5151_20260701T000000Z_010000Z.json,451.0,450.99999999999994,100.0,landing_region_5d023e72c246::landing_region_b37879c52c2b,0.12697708795269771,0.25395417590539543,0.38093126385809317,3.4267483859945074,0.7441089574541444,30.776406878167514,broad_corridor_observation_distribution,False,False,True,220.0,80.0,1.0,0.7161862527716187,0.28381374722838143,0.050997782705099776,True,True,auditable,,probe_country_service
DE,Topology-IPv4-ICMP,resolved_entry_only,5151,topology-baseline_topology-ipv4-icmp_msm5151_20260701T000000Z_010000Z.json,251.0,250.99999999999997,79.0,landing_region_08d221ee162c::landing_region_b451e83206f9,0.13147410358565736,0.23745019920318722,0.34342629482071707,3.429132920508208,0.7847977676566377,30.84988184956387,broad_corridor_observation_distribution,False,False,True,129.0,52.0,1.0,0.7091633466135456,0.2908366533864542,0.02390438247011952,True,True,auditable,,probe_country_service
DJ,Topology-IPv4-ICMP,all_publicly_visible,5151,topology-baseline_topology-ipv4-icmp_msm5151_20260701T000000Z_010000Z.json,11.0,11.0,16.0,landing_region_5a1e27deaea1::landing_region_ae1b031adf3a,0.2727272727272727,0.3939393939393939,0.5151515151515151,2.296589759558712,0.8283196642679327,9.940226027138673,broad_corridor_observation_distribution,False,False,False,2.0,2.0,1.0,0.6363636363636364,0.3636363636363636,0.45454545454545453,False,False,"insufficient_minimum_mappable_segments,minimum_unique_probes,minimum_unique_probe_asns,maximum_country_fallback_share","minimum_mappable_segments,minimum_unique_probes,minimum_unique_probe_asns,maximum_country_fallback_share",probe_country_service
DJ,Topology-IPv4-ICMP,resolved_entry_only,5151,topology-baseline_topology-ipv4-icmp_msm5151_20260701T000000Z_010000Z.json,9.0,8.999999999999996,15.0,landing_region_5a1e27deaea1::landing_region_ae1b031adf3a,0.3333333333333333,0.4444444444444444,0.5555555555555556,2.2012654266885394,0.8128599040714227,9.036441221327932,broad_corridor_observation_distribution,False,False,False,1.0,1.0,1.0,0.666666666666667,0.3333333333333334,0.4444444444444444,False,False,"insufficient_minimum_mappable_segments,minimum_unique_probes,minimum_unique_probe_asns,maximum_country_fallback_share","minimum_mappable_segments,minimum_unique_probes,minimum_unique_probe_asns,maximum_country_fallback_share",probe_country_service
DK,Topology-IPv4-ICMP,all_publicly_visible,5151,topology-baseline_topology-ipv4-icmp_msm5151_20260701T000000Z_010000Z.json,230.0,229.99999999999997,28.0,landing_region_d073d559153a::landing_region_e2b0cd002b0c,0.8391304347826087,0.8652173913043478,0.8869565217391304,0.8898610038166184,0.2670487363843795,2.434791201084494,severe_corridor_observation_concentration,True,True,True,73.0,28.0,1.0,0.8,0.2000000000000001,0.04782608695652174,True,True,auditable,,probe_country_service
DK,Topology-IPv4-ICMP,resolved_entry_only,5151,topology-baseline_topology-ipv4-icmp_msm5151_20260701T000000Z_010000Z.json,130.0,129.99999999999997,23.0,landing_region_d073d559153a::landing_region_e2b0cd002b0c,0.8,0.8307692307692308,0.8615384615384616,1.0228353572576194,0.32621184630523065,2.781068919612086,severe_corridor_observation_concentration,True,True,True,42.0,21.0,1.0,0.8230769230769233,0.17692307692307693,0.038461538461538464,True,True,auditable,,probe_country_service
DO,Topology-IPv4-ICMP,all_publicly_visible,5151,topology-baseline_topology-ipv4-icmp_msm5151_20260701T000000Z_010000Z.json,5.0,5.0,2.0,landing_region_508245093782::landing_region_bd03623e84bf,0.8,1.0,1.0,0.5004024235381879,0.7219280948873623,1.6493848884661177,severe_corridor_observation_concentration,True,False,False,5.0,5.0,1.0,0.0,1.0,0.0,True,False,"insufficient_minimum_mappable_segments,minimum_unique_probes","minimum_mappable_segments,minimum_unique_probes",probe_country_service
DO,Topology-IPv4-ICMP,resolved_entry_only,5151,topology-baseline_topology-ipv4-icmp_msm5151_20260701T000000Z_010000Z.json,5.0,5.0,2.0,landing_region_508245093782::landing_region_bd03623e84bf,0.8,1.0,1.0,0.5004024235381879,0.7219280948873623,1.6493848884661177,severe_corridor_observation_concentration,True,False,False,5.0,5.0,1.0,0.0,1.0,0.0,True,False,"insufficient_minimum_mappable_segments,minimum_unique_probes","minimum_mappable_segments,minimum_unique_probes",probe_country_service
DZ,Topology-IPv4-ICMP,all_publicly_visible,,,0.0,0.0,0.0,,,,,,,,unknown_corridor_observation_concentration,False,False,False,0.0,0.0,,,,,False,False,insufficient_no_inter_region_projection_segments,"minimum_mappable_segments,minimum_unique_probes,minimum_unique_probe_asns,maximum_country_fallback_share",probe_country_service
DZ,Topology-IPv4-ICMP,resolved_entry_only,,,0.0,0.0,0.0,,,,,,,,unknown_corridor_observation_concentration,False,False,False,0.0,0.0,,,,,False,False,insufficient_no_inter_region_projection_segments,"minimum_mappable_segments,minimum_unique_probes,minimum_unique_probe_asns,maximum_country_fallback_share",probe_country_service
EC,Topology-IPv4-ICMP,all_publicly_visible,5151,topology-baseline_topology-ipv4-icmp_msm5151_20260701T000000Z_010000Z.json,6.0,6.0,8.0,landing_region_34040dee7bd1::landing_region_df61fea74887,0.16666666666666666,0.3333333333333333,0.5,1.9748615173394064,0.9497076391693385,7.205621731056015,broad_corridor_observation_distribution,False,False,False,4.0,3.0,1.0,0.6666666666666666,0.3333333333333333,0.0,True,False,"insufficient_minimum_mappable_segments,minimum_unique_probes","minimum_mappable_segments,minimum_unique_probes",probe_country_service
EC,Topology-IPv4-ICMP,resolved_entry_only,5151,topology-baseline_topology-ipv4-icmp_msm5151_20260701T000000Z_010000Z.json,1.0,1.0,1.0,landing_region_b451e83206f9::landing_region_d026f3e5a07d,1.0,1.0,1.0,-0.0,0.0,1.0,severe_corridor_observation_concentration,True,False,False,1.0,1.0,1.0,1.0,0.0,0.0,True,False,"insufficient_minimum_mappable_segments,minimum_unique_probes,minimum_unique_probe_asns","minimum_mappable_segments,minimum_unique_probes,minimum_unique_probe_asns",probe_country_service
EE,Topology-IPv4-ICMP,all_publicly_visible,5151,topology-baseline_topology-ipv4-icmp_msm5151_20260701T000000Z_010000Z.json,29.0,29.0,12.0,landing_region_5631d1801aee::landing_region_65aa8d7cf62e,0.27586206896551724,0.46551724137931033,0.6551724137931034,2.0333786501911053,0.8182917657548958,7.639855200549041,broad_corridor_observation_distribution,False,False,False,19.0,14.0,1.0,0.13793103448275862,0.8620689655172413,0.0,True,False,insufficient_minimum_mappable_segments,minimum_mappable_segments,probe_country_service
EE,Topology-IPv4-ICMP,resolved_entry_only,5151,topology-baseline_topology-ipv4-icmp_msm5151_20260701T000000Z_010000Z.json,20.0,20.0,10.0,landing_region_5631d1801aee::landing_region_65aa8d7cf62e,0.35,0.5,0.6499999999999999,1.8765217059458625,0.8149630220639645,6.530749443156846,broad_corridor_observation_distribution,False,False,False,13.0,10.0,1.0,0.2,0.8,0.0,True,False,insufficient_minimum_mappable_segments,minimum_mappable_segments,probe_country_service
EG,Topology-IPv4-ICMP,all_publicly_visible,,,0.0,0.0,0.0,,,,,,,,unknown_corridor_observation_concentration,False,False,False,0.0,0.0,,,,,False,False,insufficient_no_inter_region_projection_segments,"minimum_mappable_segments,minimum_unique_probes,minimum_unique_probe_asns,maximum_country_fallback_share",probe_country_service
EG,Topology-IPv4-ICMP,resolved_entry_only,,,0.0,0.0,0.0,,,,,,,,unknown_corridor_observation_concentration,False,False,False,0.0,0.0,,,,,False,False,insufficient_no_inter_region_projection_segments,"minimum_mappable_segments,minimum_unique_probes,minimum_unique_probe_asns,maximum_country_fallback_share",probe_country_service
ES,Topology-IPv4-ICMP,all_publicly_visible,5151,topology-baseline_topology-ipv4-icmp_msm5151_20260701T000000Z_010000Z.json,109.0,109.00000000000001,47.0,landing_region_08ea81d123b5::landing_region_8eb611963dd1,0.10091743119266056,0.1834862385321101,0.25993883792048933,3.2861012539396266,0.8535000716544195,26.738413890830948,broad_corridor_observation_distribution,False,False,True,57.0,29.0,1.0,0.5045871559633027,0.4954128440366971,0.01834862385321101,True,True,auditable,,probe_country_service
ES,Topology-IPv4-ICMP,resolved_entry_only,5151,topology-baseline_topology-ipv4-icmp_msm5151_20260701T000000Z_010000Z.json,67.0,67.00000000000001,34.0,landing_region_343850da3642::landing_region_f7627feb3284,0.1044776119402985,0.19402985074626866,0.26865671641791045,3.0974081244166993,0.8783583251896364,22.14049145005003,broad_corridor_observation_distribution,False,False,True,31.0,20.0,1.0,0.5223880597014924,0.4776119402985073,0.014925373134328358,True,True,auditable,,probe_country_service
ET,Topology-IPv4-ICMP,all_publicly_visible,5151,topology-baseline_topology-ipv4-icmp_msm5151_20260701T000000Z_010000Z.json,2.0,2.0,3.0,landing_region_08ea81d123b5::landing_region_e3bb6769193d,0.5,0.75,1.0,1.0397207708399179,0.946394630357186,2.82842712474619,weak_corridor_observation_concentration,True,False,False,1.0,1.0,1.0,0.0,1.0,0.0,True,False,"insufficient_minimum_mappable_segments,minimum_unique_probes,minimum_unique_probe_asns","minimum_mappable_segments,minimum_unique_probes,minimum_unique_probe_asns",probe_country_service
ET,Topology-IPv4-ICMP,resolved_entry_only,,,0.0,0.0,0.0,,,,,,,,unknown_corridor_observation_concentration,False,False,False,0.0,0.0,,,,,False,False,insufficient_no_inter_region_projection_segments,"minimum_mappable_segments,minimum_unique_probes,minimum_unique_probe_asns,maximum_country_fallback_share",probe_country_service
FI,Topology-IPv4-ICMP,all_publicly_visible,5151,topology-baseline_topology-ipv4-icmp_msm5151_20260701T000000Z_010000Z.json,175.0,174.99999999999997,39.0,landing_region_3c99e4792a25::landing_region_65aa8d7cf62e,0.20857142857142857,0.41714285714285715,0.5371428571428571,2.5339347328019106,0.691658822086118,12.602998134082583,broad_corridor_observation_distribution,False,False,True,111.0,46.0,1.0,0.3028571428571429,0.6971428571428571,0.09714285714285714,True,True,auditable,,probe_country_service
FI,Topology-IPv4-ICMP,resolved_entry_only,5151,topology-baseline_topology-ipv4-icmp_msm5151_20260701T000000Z_010000Z.json,112.0,111.99999999999999,33.0,landing_region_3c99e4792a25::landing_region_65aa8d7cf62e,0.23214285714285715,0.4642857142857143,0.6026785714285714,2.3039414449023976,0.6589264871877168,10.013572721696205,broad_corridor_observation_distribution,False,False,True,71.0,29.0,1.0,0.25892857142857145,0.7410714285714285,0.08928571428571429,True,True,auditable,,probe_country_service
FJ,Topology-IPv4-ICMP,all_publicly_visible,,,0.0,0.0,0.0,,,,,,,,unknown_corridor_observation_concentration,False,False,False,0.0,0.0,,,,,False,False,insufficient_no_inter_region_projection_segments,"minimum_mappable_segments,minimum_unique_probes,minimum_unique_probe_asns,maximum_country_fallback_share",probe_country_service
FJ,Topology-IPv4-ICMP,resolved_entry_only,,,0.0,0.0,0.0,,,,,,,,unknown_corridor_observation_concentration,False,False,False,0.0,0.0,,,,,False,False,insufficient_no_inter_region_projection_segments,"minimum_mappable_segments,minimum_unique_probes,minimum_unique_probe_asns,maximum_country_fallback_share",probe_country_service
FM,Topology-IPv4-ICMP,all_publicly_visible,5151,topology-baseline_topology-ipv4-icmp_msm5151_20260701T000000Z_010000Z.json,3.0,2.9999999999999996,4.0,landing_region_76da986d22a9::landing_region_9430e1a9028b,0.3333333333333333,0.5555555555555556,0.7777777777777777,1.3689223607402192,0.9874687506009635,3.9311120913133446,weak_corridor_observation_concentration,True,False,False,2.0,1.0,1.0,0.6666666666666667,0.33333333333333337,0.0,True,False,"insufficient_minimum_mappable_segments,minimum_unique_probes,minimum_unique_probe_asns","minimum_mappable_segments,minimum_unique_probes,minimum_unique_probe_asns",probe_country_service
FM,Topology-IPv4-ICMP,resolved_entry_only,5151,topology-baseline_topology-ipv4-icmp_msm5151_20260701T000000Z_010000Z.json,1.0,1.0,3.0,landing_region_5d023e72c246::landing_region_b37879c52c2b,0.3333333333333333,0.6666666666666666,1.0,1.0986122886681096,0.9999999999999998,2.9999999999999996,weak_corridor_observation_concentration,True,False,False,1.0,1.0,1.0,1.0,0.0,0.0,True,False,"insufficient_minimum_mappable_segments,minimum_unique_probes,minimum_unique_probe_asns","minimum_mappable_segments,minimum_unique_probes,minimum_unique_probe_asns",probe_country_service
FR,Topology-IPv4-ICMP,all_publicly_visible,5151,topology-baseline_topology-ipv4-icmp_msm5151_20260701T000000Z_010000Z.json,267.0,267.0,79.0,landing_region_5d023e72c246::landing_region_b37879c52c2b,0.09238451935081148,0.18476903870162295,0.2771535580524344,3.6168815877798997,0.827766278464173,37.22131525021696,broad_corridor_observation_distribution,False,False,True,140.0,33.0,1.0,0.5692883895131086,0.4307116104868914,0.06367041198501873,True,True,auditable,,probe_country_service
FR,Topology-IPv4-ICMP,resolved_entry_only,5151,topology-baseline_topology-ipv4-icmp_msm5151_20260701T000000Z_010000Z.json,173.0,173.0,61.0,landing_region_5a1e27deaea1::landing_region_ae1b031adf3a,0.11560693641618497,0.21541425818882465,0.3152215799614644,3.398623950538723,0.8267400223972038,29.922896319354678,broad_corridor_observation_distribution,False,False,True,80.0,21.0,1.0,0.6358381502890174,0.36416184971098264,0.046242774566473986,True,True,auditable,,probe_country_service
GB,Topology-IPv4-ICMP,all_publicly_visible,5151,topology-baseline_topology-ipv4-icmp_msm5151_20260701T000000Z_010000Z.json,141.0,140.99999999999994,62.0,landing_region_08d221ee162c::landing_region_b451e83206f9,0.11347517730496454,0.22174940898345152,0.3300236406619385,3.355214023742592,0.8129645683214006,28.651735686243725,broad_corridor_observation_distribution,False,False,True,87.0,44.0,1.0,0.6170212765957448,0.3829787234042556,0.03546099290780142,True,True,auditable,,probe_country_service
GB,Topology-IPv4-ICMP,resolved_entry_only,5151,topology-baseline_topology-ipv4-icmp_msm5151_20260701T000000Z_010000Z.json,100.0,100.00000000000003,46.0,landing_region_08d221ee162c::landing_region_b451e83206f9,0.12,0.23266666666666663,0.34533333333333327,3.1882990802287923,0.8327494664693582,24.24714989149863,broad_corridor_observation_distribution,False,False,True,60.0,34.0,1.0,0.6499999999999998,0.3499999999999998,0.03,True,True,auditable,,probe_country_service
GE,Topology-IPv4-ICMP,all_publicly_visible,5151,topology-baseline_topology-ipv4-icmp_msm5151_20260701T000000Z_010000Z.json,7.0,6.999999999999999,11.0,landing_region_0074f164da96::landing_region_32509493c7f4,0.14285714285714285,0.2857142857142857,0.42857142857142855,2.3008968133107413,0.9595485004754061,9.983131446591646,broad_corridor_observation_distribution,False,False,False,6.0,4.0,1.0,0.2857142857142857,0.7142857142857144,0.0,True,False,"insufficient_minimum_mappable_segments,minimum_unique_probes","minimum_mappable_segments,minimum_unique_probes",probe_country_service
GE,Topology-IPv4-ICMP,resolved_entry_only,5151,topology-baseline_topology-ipv4-icmp_msm5151_20260701T000000Z_010000Z.json,6.0,5.999999999999999,10.0,landing_region_0074f164da96::landing_region_32509493c7f4,0.16666666666666666,0.3333333333333333,0.5,2.2059105775260552,0.9580147913915811,9.07851449653741,broad_corridor_observation_distribution,False,False,False,5.0,4.0,1.0,0.33333333333333337,0.6666666666666667,0.0,True,False,"insufficient_minimum_mappable_segments,minimum_unique_probes","minimum_mappable_segments,minimum_unique_probes",probe_country_service
GF,Topology-IPv4-ICMP,all_publicly_visible,,,0.0,0.0,0.0,,,,,,,,unknown_corridor_observation_concentration,False,False,False,0.0,0.0,,,,,False,False,insufficient_no_inter_region_projection_segments,"minimum_mappable_segments,minimum_unique_probes,minimum_unique_probe_asns,maximum_country_fallback_share",probe_country_service
GF,Topology-IPv4-ICMP,resolved_entry_only,,,0.0,0.0,0.0,,,,,,,,unknown_corridor_observation_concentration,False,False,False,0.0,0.0,,,,,False,False,insufficient_no_inter_region_projection_segments,"minimum_mappable_segments,minimum_unique_probes,minimum_unique_probe_asns,maximum_country_fallback_share",probe_country_service
GG,Topology-IPv4-ICMP,all_publicly_visible,5151,topology-baseline_topology-ipv4-icmp_msm5151_20260701T000000Z_010000Z.json,1.0,1.0,1.0,landing_region_0389fb1be871::landing_region_da27bcef4ab9,1.0,1.0,1.0,-0.0,0.0,1.0,severe_corridor_observation_concentration,True,False,False,1.0,1.0,1.0,1.0,0.0,0.0,True,False,"insufficient_minimum_mappable_segments,minimum_unique_probes,minimum_unique_probe_asns","minimum_mappable_segments,minimum_unique_probes,minimum_unique_probe_asns",probe_country_service
GG,Topology-IPv4-ICMP,resolved_entry_only,5151,topology-baseline_topology-ipv4-icmp_msm5151_20260701T000000Z_010000Z.json,1.0,1.0,1.0,landing_region_0389fb1be871::landing_region_da27bcef4ab9,1.0,1.0,1.0,-0.0,0.0,1.0,severe_corridor_observation_concentration,True,False,False,1.0,1.0,1.0,1.0,0.0,0.0,True,False,"insufficient_minimum_mappable_segments,minimum_unique_probes,minimum_unique_probe_asns","minimum_mappable_segments,minimum_unique_probes,minimum_unique_probe_asns",probe_country_service
GH,Topology-IPv4-ICMP,all_publicly_visible,5151,topology-baseline_topology-ipv4-icmp_msm5151_20260701T000000Z_010000Z.json,1.0,1.0,1.0,landing_region_2e263771884f::landing_region_30beda532e6f,1.0,1.0,1.0,-0.0,0.0,1.0,severe_corridor_observation_concentration,True,False,False,1.0,1.0,1.0,0.0,1.0,0.0,True,False,"insufficient_minimum_mappable_segments,minimum_unique_probes,minimum_unique_probe_asns","minimum_mappable_segments,minimum_unique_probes,minimum_unique_probe_asns",probe_country_service
GH,Topology-IPv4-ICMP,resolved_entry_only,5151,topology-baseline_topology-ipv4-icmp_msm5151_20260701T000000Z_010000Z.json,1.0,1.0,1.0,landing_region_2e263771884f::landing_region_30beda532e6f,1.0,1.0,1.0,-0.0,0.0,1.0,severe_corridor_observation_concentration,True,False,False,1.0,1.0,1.0,0.0,1.0,0.0,True,False,"insufficient_minimum_mappable_segments,minimum_unique_probes,minimum_unique_probe_asns","minimum_mappable_segments,minimum_unique_probes,minimum_unique_probe_asns",probe_country_service
GP,Topology-IPv4-ICMP,all_publicly_visible,5151,topology-baseline_topology-ipv4-icmp_msm5151_20260701T000000Z_010000Z.json,1.0,1.0,4.0,landing_region_15bd93313ef3::landing_region_7587c579129b,0.25,0.5,0.75,1.3862943611198906,1.0,4.0,weak_corridor_observation_concentration,True,False,False,1.0,1.0,1.0,1.0,0.0,0.0,True,False,"insufficient_minimum_mappable_segments,minimum_unique_probes,minimum_unique_probe_asns","minimum_mappable_segments,minimum_unique_probes,minimum_unique_probe_asns",probe_country_service
GP,Topology-IPv4-ICMP,resolved_entry_only,5151,topology-baseline_topology-ipv4-icmp_msm5151_20260701T000000Z_010000Z.json,1.0,1.0,4.0,landing_region_15bd93313ef3::landing_region_7587c579129b,0.25,0.5,0.75,1.3862943611198906,1.0,4.0,weak_corridor_observation_concentration,True,False,False,1.0,1.0,1.0,1.0,0.0,0.0,True,False,"insufficient_minimum_mappable_segments,minimum_unique_probes,minimum_unique_probe_asns","minimum_mappable_segments,minimum_unique_probes,minimum_unique_probe_asns",probe_country_service
GQ,Topology-IPv4-ICMP,all_publicly_visible,5151,topology-baseline_topology-ipv4-icmp_msm5151_20260701T000000Z_010000Z.json,1.0,1.0,1.0,landing_region_343850da3642::landing_region_f7627feb3284,1.0,1.0,1.0,-0.0,0.0,1.0,severe_corridor_observation_concentration,True,False,False,1.0,1.0,1.0,1.0,0.0,0.0,True,False,"insufficient_minimum_mappable_segments,minimum_unique_probes,minimum_unique_probe_asns","minimum_mappable_segments,minimum_unique_probes,minimum_unique_probe_asns",probe_country_service
GQ,Topology-IPv4-ICMP,resolved_entry_only,,,0.0,0.0,0.0,,,,,,,,unknown_corridor_observation_concentration,False,False,False,0.0,0.0,,,,,False,False,insufficient_no_inter_region_projection_segments,"minimum_mappable_segments,minimum_unique_probes,minimum_unique_probe_asns,maximum_country_fallback_share",probe_country_service
GR,Topology-IPv4-ICMP,all_publicly_visible,5151,topology-baseline_topology-ipv4-icmp_msm5151_20260701T000000Z_010000Z.json,9.0,9.0,9.0,landing_region_08d221ee162c::landing_region_b451e83206f9,0.3333333333333333,0.5555555555555556,0.6666666666666666,1.876072159792201,0.8538372359126967,6.527814229670546,broad_corridor_observation_distribution,False,False,False,6.0,5.0,1.0,0.7777777777777778,0.2222222222222222,0.1111111111111111,True,False,"insufficient_minimum_mappable_segments,minimum_unique_probes","minimum_mappable_segments,minimum_unique_probes",probe_country_service
GR,Topology-IPv4-ICMP,resolved_entry_only,5151,topology-baseline_topology-ipv4-icmp_msm5151_20260701T000000Z_010000Z.json,9.0,9.0,9.0,landing_region_08d221ee162c::landing_region_b451e83206f9,0.3333333333333333,0.5555555555555556,0.6666666666666666,1.876072159792201,0.8538372359126967,6.527814229670546,broad_corridor_observation_distribution,False,False,False,6.0,5.0,1.0,0.7777777777777778,0.2222222222222222,0.1111111111111111,True,False,"insufficient_minimum_mappable_segments,minimum_unique_probes","minimum_mappable_segments,minimum_unique_probes",probe_country_service
GT,Topology-IPv4-ICMP,all_publicly_visible,,,0.0,0.0,0.0,,,,,,,,unknown_corridor_observation_concentration,False,False,False,0.0,0.0,,,,,False,False,insufficient_no_inter_region_projection_segments,"minimum_mappable_segments,minimum_unique_probes,minimum_unique_probe_asns,maximum_country_fallback_share",probe_country_service
GT,Topology-IPv4-ICMP,resolved_entry_only,,,0.0,0.0,0.0,,,,,,,,unknown_corridor_observation_concentration,False,False,False,0.0,0.0,,,,,False,False,insufficient_no_inter_region_projection_segments,"minimum_mappable_segments,minimum_unique_probes,minimum_unique_probe_asns,maximum_country_fallback_share",probe_country_service
GU,Topology-IPv4-ICMP,all_publicly_visible,5151,topology-baseline_topology-ipv4-icmp_msm5151_20260701T000000Z_010000Z.json,12.0,12.0,6.0,landing_region_2f1f6d8f7ce5::landing_region_d514e04d4eb8,0.3333333333333333,0.6666666666666666,0.75,1.5607104090414068,0.8710490642551529,4.7622031559046,broad_corridor_observation_distribution,False,False,False,7.0,4.0,1.0,0.4166666666666667,0.5833333333333334,0.0,True,False,"insufficient_minimum_mappable_segments,minimum_unique_probes","minimum_mappable_segments,minimum_unique_probes",probe_country_service
GU,Topology-IPv4-ICMP,resolved_entry_only,5151,topology-baseline_topology-ipv4-icmp_msm5151_20260701T000000Z_010000Z.json,3.0,3.0,3.0,landing_region_bc6c664daa8f::landing_region_df61fea74887,0.6666666666666666,0.8333333333333333,1.0,0.8675632284814613,0.7896900821428475,2.3811015779522995,moderate_corridor_observation_concentration,True,False,False,3.0,3.0,1.0,0.0,1.0,0.0,True,False,"insufficient_minimum_mappable_segments,minimum_unique_probes","minimum_mappable_segments,minimum_unique_probes",probe_country_service
HK,Topology-IPv4-ICMP,all_publicly_visible,5151,topology-baseline_topology-ipv4-icmp_msm5151_20260701T000000Z_010000Z.json,42.0,42.0,24.0,landing_region_6d0b3b188139::landing_region_85e39fb7d29e,0.2619047619047619,0.3253968253968254,0.3888888888888889,2.821833008505848,0.887912275607019,16.807630983791498,broad_corridor_observation_distribution,False,False,True,23.0,19.0,1.0,0.5952380952380952,0.40476190476190477,0.07142857142857142,True,True,auditable,,probe_country_service
HK,Topology-IPv4-ICMP,resolved_entry_only,5151,topology-baseline_topology-ipv4-icmp_msm5151_20260701T000000Z_010000Z.json,34.0,34.0,19.0,landing_region_6d0b3b188139::landing_region_85e39fb7d29e,0.2647058823529412,0.3333333333333333,0.4019607843137255,2.657972547307183,0.9027093331238419,14.267333411908439,broad_corridor_observation_distribution,False,False,True,16.0,13.0,1.0,0.5882352941176471,0.4117647058823529,0.08823529411764706,True,True,auditable,,probe_country_service
HN,Topology-IPv4-ICMP,all_publicly_visible,5151,topology-baseline_topology-ipv4-icmp_msm5151_20260701T000000Z_010000Z.json,7.0,7.0,6.0,landing_region_620bdff3a2d2::landing_region_bd03623e84bf,0.5714285714285714,0.7142857142857142,0.7857142857142857,1.3517839942896461,0.7544450120149421,3.864313297858344,weak_corridor_observation_concentration,True,False,False,6.0,6.0,1.0,0.14285714285714285,0.8571428571428571,0.0,True,False,"insufficient_minimum_mappable_segments,minimum_unique_probes","minimum_mappable_segments,minimum_unique_probes",probe_country_service
HN,Topology-IPv4-ICMP,resolved_entry_only,5151,topology-baseline_topology-ipv4-icmp_msm5151_20260701T000000Z_010000Z.json,5.0,5.0,6.0,landing_region_620bdff3a2d2::landing_region_bd03623e84bf,0.4,0.6000000000000001,0.7000000000000001,1.6094379124341,0.898244401703927,4.999999999999998,broad_corridor_observation_distribution,False,False,False,4.0,4.0,1.0,0.2,0.8,0.0,True,False,"insufficient_minimum_mappable_segments,minimum_unique_probes","minimum_mappable_segments,minimum_unique_probes",probe_country_service
HR,Topology-IPv4-ICMP,all_publicly_visible,5151,topology-baseline_topology-ipv4-icmp_msm5151_20260701T000000Z_010000Z.json,6.0,6.0,7.0,landing_region_5d023e72c246::landing_region_b37879c52c2b,0.2222222222222222,0.4444444444444444,0.6666666666666666,1.8310204811135167,0.9409583900892997,6.240251469155716,broad_corridor_observation_distribution,False,False,False,2.0,2.0,1.0,0.6666666666666666,0.3333333333333333,0.0,True,False,"insufficient_minimum_mappable_segments,minimum_unique_probes,minimum_unique_probe_asns","minimum_mappable_segments,minimum_unique_probes,minimum_unique_probe_asns",probe_country_service
HR,Topology-IPv4-ICMP,resolved_entry_only,5151,topology-baseline_topology-ipv4-icmp_msm5151_20260701T000000Z_010000Z.json,6.0,6.0,7.0,landing_region_5d023e72c246::landing_region_b37879c52c2b,0.2222222222222222,0.4444444444444444,0.6666666666666666,1.8310204811135167,0.9409583900892997,6.240251469155716,broad_corridor_observation_distribution,False,False,False,2.0,2.0,1.0,0.6666666666666666,0.3333333333333333,0.0,True,False,"insufficient_minimum_mappable_segments,minimum_unique_probes,minimum_unique_probe_asns","minimum_mappable_segments,minimum_unique_probes,minimum_unique_probe_asns",probe_country_service
HT,Topology-IPv4-ICMP,all_publicly_visible,,,0.0,0.0,0.0,,,,,,,,unknown_corridor_observation_concentration,False,False,False,0.0,0.0,,,,,False,False,insufficient_no_inter_region_projection_segments,"minimum_mappable_segments,minimum_unique_probes,minimum_unique_probe_asns,maximum_country_fallback_share",probe_country_service
HT,Topology-IPv4-ICMP,resolved_entry_only,,,0.0,0.0,0.0,,,,,,,,unknown_corridor_observation_concentration,False,False,False,0.0,0.0,,,,,False,False,insufficient_no_inter_region_projection_segments,"minimum_mappable_segments,minimum_unique_probes,minimum_unique_probe_asns,maximum_country_fallback_share",probe_country_service
HU,Topology-IPv4-ICMP,all_publicly_visible,5151,topology-baseline_topology-ipv4-icmp_msm5151_20260701T000000Z_010000Z.json,16.0,15.999999999999998,20.0,landing_region_d073d559153a::landing_region_e2b0cd002b0c,0.25,0.3333333333333333,0.41666666666666663,2.562357395732813,0.8553359118079524,12.966348128548228,broad_corridor_observation_distribution,False,False,False,8.0,6.0,1.0,0.6250000000000001,0.37500000000000017,0.0,True,False,"insufficient_minimum_mappable_segments,minimum_unique_probes","minimum_mappable_segments,minimum_unique_probes",probe_country_service
HU,Topology-IPv4-ICMP,resolved_entry_only,5151,topology-baseline_topology-ipv4-icmp_msm5151_20260701T000000Z_010000Z.json,6.0,6.0,8.0,landing_region_0074f164da96::landing_region_08ea81d123b5,0.16666666666666666,0.3333333333333333,0.5,2.0228085294147036,0.9727652780181634,7.55952629936924,broad_corridor_observation_distribution,False,False,False,4.0,4.0,1.0,0.3333333333333333,0.6666666666666666,0.0,True,False,"insufficient_minimum_mappable_segments,minimum_unique_probes","minimum_mappable_segments,minimum_unique_probes",probe_country_service
ID,Topology-IPv4-ICMP,all_publicly_visible,5151,topology-baseline_topology-ipv4-icmp_msm5151_20260701T000000Z_010000Z.json,275.0,274.99999999999994,45.0,landing_region_5a1e27deaea1::landing_region_ae1b031adf3a,0.3527272727272727,0.4421818181818182,0.5316363636363637,2.651843217761423,0.696632082536276,14.180151679413752,broad_corridor_observation_distribution,False,False,True,82.0,60.0,1.0,0.7309090909090911,0.2690909090909091,0.08363636363636363,True,True,auditable,,probe_country_service
ID,Topology-IPv4-ICMP,resolved_entry_only,5151,topology-baseline_topology-ipv4-icmp_msm5151_20260701T000000Z_010000Z.json,178.0,178.0,40.0,landing_region_5a1e27deaea1::landing_region_ae1b031adf3a,0.34269662921348315,0.4370786516853933,0.5314606741573034,2.6478484477342494,0.71779207769484,14.123618228752102,broad_corridor_observation_distribution,False,False,True,52.0,45.0,1.0,0.7415730337078652,0.25842696629213485,0.08426966292134831,True,True,auditable,,probe_country_service
IE,Topology-IPv4-ICMP,all_publicly_visible,5151,topology-baseline_topology-ipv4-icmp_msm5151_20260701T000000Z_010000Z.json,34.0,34.00000000000001,26.0,landing_region_5d023e72c246::landing_region_b37879c52c2b,0.14705882352941177,0.29411764705882354,0.4411764705882353,2.7413307052797764,0.8413902636981045,15.507607427254639,broad_corridor_observation_distribution,False,False,True,19.0,7.0,1.0,0.47058823529411753,0.5294117647058822,0.029411764705882353,True,True,auditable,,probe_country_service
IE,Topology-IPv4-ICMP,resolved_entry_only,5151,topology-baseline_topology-ipv4-icmp_msm5151_20260701T000000Z_010000Z.json,18.0,17.999999999999996,20.0,landing_region_08ea81d123b5::landing_region_af2b1cb46785,0.1111111111111111,0.2222222222222222,0.3333333333333333,2.69424540101076,0.8993612095430806,14.794350738017782,broad_corridor_observation_distribution,False,False,False,13.0,6.0,1.0,0.27777777777777785,0.7222222222222222,0.05555555555555555,True,False,insufficient_minimum_mappable_segments,minimum_mappable_segments,probe_country_service
IL,Topology-IPv4-ICMP,all_publicly_visible,5151,topology-baseline_topology-ipv4-icmp_msm5151_20260701T000000Z_010000Z.json,47.0,47.0,18.0,landing_region_192d23342e5f::landing_region_cc314324bd60,0.43617021276595747,0.5212765957446809,0.5893617021276596,2.146734379486047,0.742719123801779,8.556869233354142,broad_corridor_observation_distribution,False,False,True,20.0,11.0,1.0,0.851063829787234,0.14893617021276595,0.0,True,True,auditable,,probe_country_service
IL,Topology-IPv4-ICMP,resolved_entry_only,5151,topology-baseline_topology-ipv4-icmp_msm5151_20260701T000000Z_010000Z.json,24.0,24.0,13.0,landing_region_192d23342e5f::landing_region_cc314324bd60,0.4236111111111111,0.5069444444444444,0.5791666666666666,2.0464395278106298,0.7978479270389718,7.740292888759065,broad_corridor_observation_distribution,False,False,False,11.0,8.0,1.0,0.9166666666666666,0.08333333333333333,0.0,True,False,insufficient_minimum_mappable_segments,minimum_mappable_segments,probe_country_service
IM,Topology-IPv4-ICMP,all_publicly_visible,5151,topology-baseline_topology-ipv4-icmp_msm5151_20260701T000000Z_010000Z.json,1.0,1.0,1.0,landing_region_bc2d670b199a::landing_region_bd03623e84bf,1.0,1.0,1.0,-0.0,0.0,1.0,severe_corridor_observation_concentration,True,False,False,1.0,1.0,1.0,0.0,1.0,0.0,True,False,"insufficient_minimum_mappable_segments,minimum_unique_probes,minimum_unique_probe_asns","minimum_mappable_segments,minimum_unique_probes,minimum_unique_probe_asns",probe_country_service
IM,Topology-IPv4-ICMP,resolved_entry_only,5151,topology-baseline_topology-ipv4-icmp_msm5151_20260701T000000Z_010000Z.json,1.0,1.0,1.0,landing_region_bc2d670b199a::landing_region_bd03623e84bf,1.0,1.0,1.0,-0.0,0.0,1.0,severe_corridor_observation_concentration,True,False,False,1.0,1.0,1.0,0.0,1.0,0.0,True,False,"insufficient_minimum_mappable_segments,minimum_unique_probes,minimum_unique_probe_asns","minimum_mappable_segments,minimum_unique_probes,minimum_unique_probe_asns",probe_country_service
IN,Topology-IPv4-ICMP,all_publicly_visible,5151,topology-baseline_topology-ipv4-icmp_msm5151_20260701T000000Z_010000Z.json,102.0,101.99999999999999,42.0,landing_region_0074f164da96::landing_region_af2b1cb46785,0.14705882352941177,0.2797385620915033,0.41241830065359475,2.8085688258065566,0.7514224403537496,16.586163535076565,broad_corridor_observation_distribution,False,False,True,55.0,27.0,1.0,0.5490196078431373,0.4509803921568628,0.12745098039215685,True,True,auditable,,probe_country_service
IN,Topology-IPv4-ICMP,resolved_entry_only,5151,topology-baseline_topology-ipv4-icmp_msm5151_20260701T000000Z_010000Z.json,61.0,61.0,33.0,landing_region_5d023e72c246::landing_region_b37879c52c2b,0.15081967213114753,0.30163934426229505,0.45245901639344255,2.7548586230849454,0.7878886502191697,15.718818467643528,broad_corridor_observation_distribution,False,False,True,27.0,14.0,1.0,0.6557377049180327,0.3442622950819672,0.08196721311475409,True,True,auditable,,probe_country_service
IQ,Topology-IPv4-ICMP,all_publicly_visible,5151,topology-baseline_topology-ipv4-icmp_msm5151_20260701T000000Z_010000Z.json,7.0,7.0,6.0,landing_region_5d023e72c246::landing_region_b37879c52c2b,0.19047619047619047,0.38095238095238093,0.5714285714285714,1.7815203933685817,0.9942854629567637,5.938878990157557,broad_corridor_observation_distribution,False,False,False,2.0,2.0,1.0,0.5714285714285714,0.42857142857142855,0.2857142857142857,True,False,"insufficient_minimum_mappable_segments,minimum_unique_probes,minimum_unique_probe_asns","minimum_mappable_segments,minimum_unique_probes,minimum_unique_probe_asns",probe_country_service
IQ,Topology-IPv4-ICMP,resolved_entry_only,5151,topology-baseline_topology-ipv4-icmp_msm5151_20260701T000000Z_010000Z.json,2.0,1.9999999999999998,5.0,landing_region_08ea81d123b5::landing_region_af2b1cb46785,0.25,0.5,0.6666666666666666,1.5890269151739727,0.9873179343530822,4.898979485566356,broad_corridor_observation_distribution,False,False,False,1.0,1.0,1.0,0.5000000000000001,0.5000000000000001,0.0,True,False,"insufficient_minimum_mappable_segments,minimum_unique_probes,minimum_unique_probe_asns","minimum_mappable_segments,minimum_unique_probes,minimum_unique_probe_asns",probe_country_service
IR,Topology-IPv4-ICMP,all_publicly_visible,5151,topology-baseline_topology-ipv4-icmp_msm5151_20260701T000000Z_010000Z.json,3.0,3.0000000000000004,4.0,landing_region_82a1b23200f3::landing_region_c94f4fef1bdd,0.6666666666666666,0.7777777777777777,0.8888888888888888,1.0027182645175161,0.7233083338141042,2.72568088924821,weak_corridor_observation_concentration,True,False,False,2.0,2.0,1.0,1.0,0.0,0.0,True,False,"insufficient_minimum_mappable_segments,minimum_unique_probes,minimum_unique_probe_asns","minimum_mappable_segments,minimum_unique_probes,minimum_unique_probe_asns",probe_country_service
IR,Topology-IPv4-ICMP,resolved_entry_only,5151,topology-baseline_topology-ipv4-icmp_msm5151_20260701T000000Z_010000Z.json,2.0,2.0,1.0,landing_region_82a1b23200f3::landing_region_c94f4fef1bdd,1.0,1.0,1.0,-0.0,0.0,1.0,severe_corridor_observation_concentration,True,False,False,1.0,1.0,1.0,1.0,0.0,0.0,True,False,"insufficient_minimum_mappable_segments,minimum_unique_probes,minimum_unique_probe_asns","minimum_mappable_segments,minimum_unique_probes,minimum_unique_probe_asns",probe_country_service
IS,Topology-IPv4-ICMP,all_publicly_visible,5151,topology-baseline_topology-ipv4-icmp_msm5151_20260701T000000Z_010000Z.json,4.0,4.0,6.0,landing_region_d073d559153a::landing_region_e2b0cd002b0c,0.5,0.625,0.75,1.4876606381469317,0.8302792108518124,4.426727678801287,broad_corridor_observation_distribution,False,False,False,3.0,2.0,1.0,0.49999999999999994,0.5,0.0,True,False,"insufficient_minimum_mappable_segments,minimum_unique_probes,minimum_unique_probe_asns","minimum_mappable_segments,minimum_unique_probes,minimum_unique_probe_asns",probe_country_service
IS,Topology-IPv4-ICMP,resolved_entry_only,5151,topology-baseline_topology-ipv4-icmp_msm5151_20260701T000000Z_010000Z.json,3.0,3.0,3.0,landing_region_d073d559153a::landing_region_e2b0cd002b0c,0.6666666666666666,0.8333333333333333,1.0,0.8675632284814613,0.7896900821428475,2.3811015779522995,moderate_corridor_observation_concentration,True,False,False,2.0,2.0,1.0,0.3333333333333333,0.6666666666666666,0.0,True,False,"insufficient_minimum_mappable_segments,minimum_unique_probes,minimum_unique_probe_asns","minimum_mappable_segments,minimum_unique_probes,minimum_unique_probe_asns",probe_country_service
IT,Topology-IPv4-ICMP,all_publicly_visible,5151,topology-baseline_topology-ipv4-icmp_msm5151_20260701T000000Z_010000Z.json,97.0,97.0,58.0,landing_region_08d221ee162c::landing_region_b451e83206f9,0.09278350515463918,0.16013745704467353,0.2274914089347079,3.524431962168852,0.8679919784650701,33.93449206516697,broad_corridor_observation_distribution,False,False,True,54.0,31.0,1.0,0.4948453608247423,0.5051546391752577,0.020618556701030927,True,True,auditable,,probe_country_service
IT,Topology-IPv4-ICMP,resolved_entry_only,5151,topology-baseline_topology-ipv4-icmp_msm5151_20260701T000000Z_010000Z.json,66.0,66.0,49.0,landing_region_08d221ee162c::landing_region_b451e83206f9,0.12121212121212122,0.1898989898989899,0.2585858585858586,3.413383900037277,0.8770661640503759,30.367832296516248,broad_corridor_observation_distribution,False,False,True,37.0,25.0,1.0,0.5303030303030303,0.4696969696969697,0.015151515151515152,True,True,auditable,,probe_country_service
JM,Topology-IPv4-ICMP,all_publicly_visible,5151,topology-baseline_topology-ipv4-icmp_msm5151_20260701T000000Z_010000Z.json,6.0,6.0,3.0,landing_region_68c87c6fa47f::landing_region_bb71ecf60691,0.6666666666666666,0.8333333333333333,1.0,0.8675632284814613,0.7896900821428475,2.3811015779522995,moderate_corridor_observation_concentration,True,False,False,5.0,3.0,1.0,1.0,0.0,0.0,True,False,"insufficient_minimum_mappable_segments,minimum_unique_probes","minimum_mappable_segments,minimum_unique_probes",probe_country_service
JM,Topology-IPv4-ICMP,resolved_entry_only,5151,topology-baseline_topology-ipv4-icmp_msm5151_20260701T000000Z_010000Z.json,2.0,2.0,1.0,landing_region_68c87c6fa47f::landing_region_bb71ecf60691,1.0,1.0,1.0,-0.0,0.0,1.0,severe_corridor_observation_concentration,True,False,False,2.0,2.0,1.0,1.0,0.0,0.0,True,False,"insufficient_minimum_mappable_segments,minimum_unique_probes,minimum_unique_probe_asns","minimum_mappable_segments,minimum_unique_probes,minimum_unique_probe_asns",probe_country_service
JO,Topology-IPv4-ICMP,all_publicly_visible,,,0.0,0.0,0.0,,,,,,,,unknown_corridor_observation_concentration,False,False,False,0.0,0.0,,,,,False,False,insufficient_no_inter_region_projection_segments,"minimum_mappable_segments,minimum_unique_probes,minimum_unique_probe_asns,maximum_country_fallback_share",probe_country_service
JO,Topology-IPv4-ICMP,resolved_entry_only,,,0.0,0.0,0.0,,,,,,,,unknown_corridor_observation_concentration,False,False,False,0.0,0.0,,,,,False,False,insufficient_no_inter_region_projection_segments,"minimum_mappable_segments,minimum_unique_probes,minimum_unique_probe_asns,maximum_country_fallback_share",probe_country_service
JP,Topology-IPv4-ICMP,all_publicly_visible,5151,topology-baseline_topology-ipv4-icmp_msm5151_20260701T000000Z_010000Z.json,92.0,91.99999999999999,50.0,landing_region_08d221ee162c::landing_region_b451e83206f9,0.22826086956521738,0.30434782608695654,0.3804347826086957,3.191395275608433,0.8157915408933427,24.32234014675546,broad_corridor_observation_distribution,False,False,True,59.0,46.0,1.0,0.7391304347826088,0.26086956521739135,0.03260869565217391,True,True,auditable,,probe_country_service
JP,Topology-IPv4-ICMP,resolved_entry_only,5151,topology-baseline_topology-ipv4-icmp_msm5151_20260701T000000Z_010000Z.json,52.0,52.00000000000002,39.0,landing_region_08d221ee162c::landing_region_b451e83206f9,0.11538461538461539,0.19871794871794873,0.28205128205128205,3.2219275994384278,0.879452268216155,25.076410899372167,broad_corridor_observation_distribution,False,False,True,36.0,31.0,1.0,0.6730769230769228,0.3269230769230767,0.019230769230769232,True,True,auditable,,probe_country_service
KE,Topology-IPv4-ICMP,all_publicly_visible,5151,topology-baseline_topology-ipv4-icmp_msm5151_20260701T000000Z_010000Z.json,3.0,2.9999999999999996,4.0,landing_region_173727a59ebb::landing_region_af2b1cb46785,0.3333333333333333,0.5555555555555556,0.7777777777777777,1.3689223607402192,0.9874687506009635,3.9311120913133446,weak_corridor_observation_concentration,True,False,False,2.0,2.0,1.0,0.6666666666666667,0.33333333333333337,0.0,True,False,"insufficient_minimum_mappable_segments,minimum_unique_probes,minimum_unique_probe_asns","minimum_mappable_segments,minimum_unique_probes,minimum_unique_probe_asns",probe_country_service
KE,Topology-IPv4-ICMP,resolved_entry_only,5151,topology-baseline_topology-ipv4-icmp_msm5151_20260701T000000Z_010000Z.json,1.0,1.0,3.0,landing_region_5d023e72c246::landing_region_b37879c52c2b,0.3333333333333333,0.6666666666666666,1.0,1.0986122886681096,0.9999999999999998,2.9999999999999996,weak_corridor_observation_concentration,True,False,False,1.0,1.0,1.0,1.0,0.0,0.0,True,False,"insufficient_minimum_mappable_segments,minimum_unique_probes,minimum_unique_probe_asns","minimum_mappable_segments,minimum_unique_probes,minimum_unique_probe_asns",probe_country_service
KG,Topology-IPv4-ICMP,all_publicly_visible,5151,topology-baseline_topology-ipv4-icmp_msm5151_20260701T000000Z_010000Z.json,3.0,3.0,3.0,landing_region_1ce0b85cd8b9::landing_region_d073d559153a,0.3333333333333333,0.6666666666666666,1.0,1.0986122886681096,0.9999999999999998,2.9999999999999996,weak_corridor_observation_concentration,True,False,False,3.0,3.0,1.0,0.3333333333333333,0.6666666666666666,0.0,True,False,"insufficient_minimum_mappable_segments,minimum_unique_probes","minimum_mappable_segments,minimum_unique_probes",probe_country_service
KG,Topology-IPv4-ICMP,resolved_entry_only,5151,topology-baseline_topology-ipv4-icmp_msm5151_20260701T000000Z_010000Z.json,2.0,2.0,3.0,landing_region_83c1ffe3b901::landing_region_bd03623e84bf,0.5,0.75,1.0,1.0397207708399179,0.946394630357186,2.82842712474619,weak_corridor_observation_concentration,True,False,False,2.0,2.0,1.0,0.0,1.0,0.0,True,False,"insufficient_minimum_mappable_segments,minimum_unique_probes,minimum_unique_probe_asns","minimum_mappable_segments,minimum_unique_probes,minimum_unique_probe_asns",probe_country_service
KH,Topology-IPv4-ICMP,all_publicly_visible,,,0.0,0.0,0.0,,,,,,,,unknown_corridor_observation_concentration,False,False,False,0.0,0.0,,,,,False,False,insufficient_no_inter_region_projection_segments,"minimum_mappable_segments,minimum_unique_probes,minimum_unique_probe_asns,maximum_country_fallback_share",probe_country_service
KH,Topology-IPv4-ICMP,resolved_entry_only,,,0.0,0.0,0.0,,,,,,,,unknown_corridor_observation_concentration,False,False,False,0.0,0.0,,,,,False,False,insufficient_no_inter_region_projection_segments,"minimum_mappable_segments,minimum_unique_probes,minimum_unique_probe_asns,maximum_country_fallback_share",probe_country_service
KI,Topology-IPv4-ICMP,all_publicly_visible,5151,topology-baseline_topology-ipv4-icmp_msm5151_20260701T000000Z_010000Z.json,2.0,2.0,2.0,landing_region_3996aeca3c5e::landing_region_58084817cbe7,0.5,1.0,1.0,0.6931471805599453,1.0,2.0,moderate_corridor_observation_concentration,True,False,False,1.0,1.0,1.0,1.0,0.0,0.0,True,False,"insufficient_minimum_mappable_segments,minimum_unique_probes,minimum_unique_probe_asns","minimum_mappable_segments,minimum_unique_probes,minimum_unique_probe_asns",probe_country_service
KI,Topology-IPv4-ICMP,resolved_entry_only,,,0.0,0.0,0.0,,,,,,,,unknown_corridor_observation_concentration,False,False,False,0.0,0.0,,,,,False,False,insufficient_no_inter_region_projection_segments,"minimum_mappable_segments,minimum_unique_probes,minimum_unique_probe_asns,maximum_country_fallback_share",probe_country_service
KN,Topology-IPv4-ICMP,all_publicly_visible,5151,topology-baseline_topology-ipv4-icmp_msm5151_20260701T000000Z_010000Z.json,1.0,1.0,1.0,landing_region_04a5b4bc2547::landing_region_32bca37bf53d,1.0,1.0,1.0,-0.0,0.0,1.0,severe_corridor_observation_concentration,True,False,False,1.0,1.0,1.0,1.0,0.0,0.0,True,False,"insufficient_minimum_mappable_segments,minimum_unique_probes,minimum_unique_probe_asns","minimum_mappable_segments,minimum_unique_probes,minimum_unique_probe_asns",probe_country_service
KN,Topology-IPv4-ICMP,resolved_entry_only,5151,topology-baseline_topology-ipv4-icmp_msm5151_20260701T000000Z_010000Z.json,1.0,1.0,1.0,landing_region_04a5b4bc2547::landing_region_32bca37bf53d,1.0,1.0,1.0,-0.0,0.0,1.0,severe_corridor_observation_concentration,True,False,False,1.0,1.0,1.0,1.0,0.0,0.0,True,False,"insufficient_minimum_mappable_segments,minimum_unique_probes,minimum_unique_probe_asns","minimum_mappable_segments,minimum_unique_probes,minimum_unique_probe_asns",probe_country_service
KR,Topology-IPv4-ICMP,all_publicly_visible,5151,topology-baseline_topology-ipv4-icmp_msm5151_20260701T000000Z_010000Z.json,22.0,22.0,17.0,landing_region_08d221ee162c::landing_region_b451e83206f9,0.18181818181818182,0.3181818181818182,0.4242424242424242,2.5456101528603825,0.8984886924243828,12.751005775681232,broad_corridor_observation_distribution,False,False,False,10.0,8.0,1.0,0.7272727272727273,0.2727272727272727,0.2727272727272727,True,False,insufficient_minimum_mappable_segments,minimum_mappable_segments,probe_country_service
KR,Topology-IPv4-ICMP,resolved_entry_only,5151,topology-baseline_topology-ipv4-icmp_msm5151_20260701T000000Z_010000Z.json,11.0,11.0,13.0,landing_region_08d221ee162c::landing_region_b451e83206f9,0.36363636363636365,0.4545454545454546,0.5454545454545454,2.1565493012907893,0.840776561540018,8.6412677406207,broad_corridor_observation_distribution,False,False,False,5.0,4.0,1.0,0.6363636363636364,0.36363636363636365,0.18181818181818182,True,False,"insufficient_minimum_mappable_segments,minimum_unique_probes","minimum_mappable_segments,minimum_unique_probes",probe_country_service
KW,Topology-IPv4-ICMP,all_publicly_visible,5151,topology-baseline_topology-ipv4-icmp_msm5151_20260701T000000Z_010000Z.json,1.0,1.0,1.0,landing_region_a096883e3a96::landing_region_af2b1cb46785,1.0,1.0,1.0,-0.0,0.0,1.0,severe_corridor_observation_concentration,True,False,False,1.0,1.0,1.0,0.0,1.0,1.0,False,False,"insufficient_minimum_mappable_segments,minimum_unique_probes,minimum_unique_probe_asns,maximum_country_fallback_share","minimum_mappable_segments,minimum_unique_probes,minimum_unique_probe_asns,maximum_country_fallback_share",probe_country_service
KW,Topology-IPv4-ICMP,resolved_entry_only,,,0.0,0.0,0.0,,,,,,,,unknown_corridor_observation_concentration,False,False,False,0.0,0.0,,,,,False,False,insufficient_no_inter_region_projection_segments,"minimum_mappable_segments,minimum_unique_probes,minimum_unique_probe_asns,maximum_country_fallback_share",probe_country_service
KY,Topology-IPv4-ICMP,all_publicly_visible,5151,topology-baseline_topology-ipv4-icmp_msm5151_20260701T000000Z_010000Z.json,1.0,1.0,1.0,landing_region_6a990cca53f4::landing_region_bd03623e84bf,1.0,1.0,1.0,-0.0,0.0,1.0,severe_corridor_observation_concentration,True,False,False,1.0,1.0,1.0,0.0,1.0,0.0,True,False,"insufficient_minimum_mappable_segments,minimum_unique_probes,minimum_unique_probe_asns","minimum_mappable_segments,minimum_unique_probes,minimum_unique_probe_asns",probe_country_service
KY,Topology-IPv4-ICMP,resolved_entry_only,5151,topology-baseline_topology-ipv4-icmp_msm5151_20260701T000000Z_010000Z.json,1.0,1.0,1.0,landing_region_6a990cca53f4::landing_region_bd03623e84bf,1.0,1.0,1.0,-0.0,0.0,1.0,severe_corridor_observation_concentration,True,False,False,1.0,1.0,1.0,0.0,1.0,0.0,True,False,"insufficient_minimum_mappable_segments,minimum_unique_probes,minimum_unique_probe_asns","minimum_mappable_segments,minimum_unique_probes,minimum_unique_probe_asns",probe_country_service
KZ,Topology-IPv4-ICMP,all_publicly_visible,5151,topology-baseline_topology-ipv4-icmp_msm5151_20260701T000000Z_010000Z.json,15.0,15.0,14.0,landing_region_08d221ee162c::landing_region_b451e83206f9,0.2,0.33333333333333337,0.4166666666666667,2.4511371514828864,0.9287926881983392,11.601531920243971,broad_corridor_observation_distribution,False,False,False,9.0,7.0,1.0,0.6,0.4,0.06666666666666667,True,False,"insufficient_minimum_mappable_segments,minimum_unique_probes","minimum_mappable_segments,minimum_unique_probes",probe_country_service
KZ,Topology-IPv4-ICMP,resolved_entry_only,5151,topology-baseline_topology-ipv4-icmp_msm5151_20260701T000000Z_010000Z.json,3.0,3.0,3.0,landing_region_08d221ee162c::landing_region_b451e83206f9,0.3333333333333333,0.6666666666666666,1.0,1.0986122886681096,0.9999999999999998,2.9999999999999996,weak_corridor_observation_concentration,True,False,False,3.0,2.0,1.0,0.6666666666666666,0.3333333333333333,0.0,True,False,"insufficient_minimum_mappable_segments,minimum_unique_probes,minimum_unique_probe_asns","minimum_mappable_segments,minimum_unique_probes,minimum_unique_probe_asns",probe_country_service
LA,Topology-IPv4-ICMP,all_publicly_visible,5151,topology-baseline_topology-ipv4-icmp_msm5151_20260701T000000Z_010000Z.json,6.0,6.0,3.0,landing_region_5d023e72c246::landing_region_b37879c52c2b,0.3333333333333333,0.6666666666666666,1.0,1.0986122886681096,0.9999999999999998,2.9999999999999996,weak_corridor_observation_concentration,True,False,False,3.0,1.0,1.0,1.0,0.0,0.0,True,False,"insufficient_minimum_mappable_segments,minimum_unique_probes,minimum_unique_probe_asns","minimum_mappable_segments,minimum_unique_probes,minimum_unique_probe_asns",probe_country_service
LA,Topology-IPv4-ICMP,resolved_entry_only,5151,topology-baseline_topology-ipv4-icmp_msm5151_20260701T000000Z_010000Z.json,4.0,4.0,3.0,landing_region_5d023e72c246::landing_region_b37879c52c2b,0.3333333333333333,0.6666666666666666,1.0,1.0986122886681096,0.9999999999999998,2.9999999999999996,weak_corridor_observation_concentration,True,False,False,2.0,1.0,1.0,1.0,0.0,0.0,True,False,"insufficient_minimum_mappable_segments,minimum_unique_probes,minimum_unique_probe_asns","minimum_mappable_segments,minimum_unique_probes,minimum_unique_probe_asns",probe_country_service
LB,Topology-IPv4-ICMP,all_publicly_visible,,,0.0,0.0,0.0,,,,,,,,unknown_corridor_observation_concentration,False,False,False,0.0,0.0,,,,,False,False,insufficient_no_inter_region_projection_segments,"minimum_mappable_segments,minimum_unique_probes,minimum_unique_probe_asns,maximum_country_fallback_share",probe_country_service
LB,Topology-IPv4-ICMP,resolved_entry_only,,,0.0,0.0,0.0,,,,,,,,unknown_corridor_observation_concentration,False,False,False,0.0,0.0,,,,,False,False,insufficient_no_inter_region_projection_segments,"minimum_mappable_segments,minimum_unique_probes,minimum_unique_probe_asns,maximum_country_fallback_share",probe_country_service
LC,Topology-IPv4-ICMP,all_publicly_visible,5151,topology-baseline_topology-ipv4-icmp_msm5151_20260701T000000Z_010000Z.json,3.0,3.0,2.0,landing_region_32bca37bf53d::landing_region_c92fc361db9a,0.6666666666666666,1.0,1.0,0.6365141682948128,0.9182958340544894,1.8898815748423097,moderate_corridor_observation_concentration,True,False,False,2.0,1.0,1.0,0.3333333333333333,0.6666666666666666,0.0,True,False,"insufficient_minimum_mappable_segments,minimum_unique_probes,minimum_unique_probe_asns","minimum_mappable_segments,minimum_unique_probes,minimum_unique_probe_asns",probe_country_service
LC,Topology-IPv4-ICMP,resolved_entry_only,5151,topology-baseline_topology-ipv4-icmp_msm5151_20260701T000000Z_010000Z.json,2.0,2.0,2.0,landing_region_04a5b4bc2547::landing_region_32bca37bf53d,0.5,1.0,1.0,0.6931471805599453,1.0,2.0,moderate_corridor_observation_concentration,True,False,False,1.0,1.0,1.0,0.5,0.5,0.0,True,False,"insufficient_minimum_mappable_segments,minimum_unique_probes,minimum_unique_probe_asns","minimum_mappable_segments,minimum_unique_probes,minimum_unique_probe_asns",probe_country_service
LI,Topology-IPv4-ICMP,all_publicly_visible,5151,topology-baseline_topology-ipv4-icmp_msm5151_20260701T000000Z_010000Z.json,1.0,1.0,1.0,landing_region_08d221ee162c::landing_region_b451e83206f9,1.0,1.0,1.0,-0.0,0.0,1.0,severe_corridor_observation_concentration,True,False,False,1.0,1.0,1.0,1.0,0.0,0.0,True,False,"insufficient_minimum_mappable_segments,minimum_unique_probes,minimum_unique_probe_asns","minimum_mappable_segments,minimum_unique_probes,minimum_unique_probe_asns",probe_country_service
LI,Topology-IPv4-ICMP,resolved_entry_only,,,0.0,0.0,0.0,,,,,,,,unknown_corridor_observation_concentration,False,False,False,0.0,0.0,,,,,False,False,insufficient_no_inter_region_projection_segments,"minimum_mappable_segments,minimum_unique_probes,minimum_unique_probe_asns,maximum_country_fallback_share",probe_country_service
LK,Topology-IPv4-ICMP,all_publicly_visible,5151,topology-baseline_topology-ipv4-icmp_msm5151_20260701T000000Z_010000Z.json,14.0,13.999999999999998,13.0,landing_region_08ea81d123b5::landing_region_465d1b4e7da4,0.2857142857142857,0.42857142857142855,0.5,2.3008968133107417,0.897053505800161,9.98313144659165,broad_corridor_observation_distribution,False,False,False,8.0,3.0,1.0,0.3571428571428572,0.6428571428571429,0.07142857142857142,True,False,"insufficient_minimum_mappable_segments,minimum_unique_probes","minimum_mappable_segments,minimum_unique_probes",probe_country_service
LK,Topology-IPv4-ICMP,resolved_entry_only,5151,topology-baseline_topology-ipv4-icmp_msm5151_20260701T000000Z_010000Z.json,6.0,6.0,7.0,landing_region_465d1b4e7da4::landing_region_af2b1cb46785,0.3333333333333333,0.5,0.611111111111111,1.8113899751707851,0.9308703056254504,6.118946707966514,broad_corridor_observation_distribution,False,False,False,4.0,2.0,1.0,0.3333333333333333,0.6666666666666666,0.16666666666666666,True,False,"insufficient_minimum_mappable_segments,minimum_unique_probes,minimum_unique_probe_asns","minimum_mappable_segments,minimum_unique_probes,minimum_unique_probe_asns",probe_country_service
LR,Topology-IPv4-ICMP,all_publicly_visible,,,0.0,0.0,0.0,,,,,,,,unknown_corridor_observation_concentration,False,False,False,0.0,0.0,,,,,False,False,insufficient_no_inter_region_projection_segments,"minimum_mappable_segments,minimum_unique_probes,minimum_unique_probe_asns,maximum_country_fallback_share",probe_country_service
LR,Topology-IPv4-ICMP,resolved_entry_only,,,0.0,0.0,0.0,,,,,,,,unknown_corridor_observation_concentration,False,False,False,0.0,0.0,,,,,False,False,insufficient_no_inter_region_projection_segments,"minimum_mappable_segments,minimum_unique_probes,minimum_unique_probe_asns,maximum_country_fallback_share",probe_country_service
LS,Topology-IPv4-ICMP,all_publicly_visible,,,0.0,0.0,0.0,,,,,,,,unknown_corridor_observation_concentration,False,False,False,0.0,0.0,,,,,False,False,insufficient_no_inter_region_projection_segments,"minimum_mappable_segments,minimum_unique_probes,minimum_unique_probe_asns,maximum_country_fallback_share",probe_country_service
LS,Topology-IPv4-ICMP,resolved_entry_only,,,0.0,0.0,0.0,,,,,,,,unknown_corridor_observation_concentration,False,False,False,0.0,0.0,,,,,False,False,insufficient_no_inter_region_projection_segments,"minimum_mappable_segments,minimum_unique_probes,minimum_unique_probe_asns,maximum_country_fallback_share",probe_country_service
LT,Topology-IPv4-ICMP,all_publicly_visible,5151,topology-baseline_topology-ipv4-icmp_msm5151_20260701T000000Z_010000Z.json,12.0,12.0,13.0,landing_region_08d221ee162c::landing_region_b451e83206f9,0.20833333333333334,0.2916666666666667,0.375,2.4384184099308737,0.950669221923396,11.45490943741912,broad_corridor_observation_distribution,False,False,False,5.0,5.0,1.0,0.5833333333333334,0.4166666666666667,0.0,True,False,"insufficient_minimum_mappable_segments,minimum_unique_probes","minimum_mappable_segments,minimum_unique_probes",probe_country_service
LT,Topology-IPv4-ICMP,resolved_entry_only,5151,topology-baseline_topology-ipv4-icmp_msm5151_20260701T000000Z_010000Z.json,11.0,11.0,12.0,landing_region_08d221ee162c::landing_region_b451e83206f9,0.22727272727272727,0.3181818181818182,0.40909090909090906,2.3471808293178684,0.9445750525550398,10.456050743048756,broad_corridor_observation_distribution,False,False,False,4.0,4.0,1.0,0.6363636363636364,0.36363636363636365,0.0,True,False,"insufficient_minimum_mappable_segments,minimum_unique_probes","minimum_mappable_segments,minimum_unique_probes",probe_country_service
LU,Topology-IPv4-ICMP,all_publicly_visible,5151,topology-baseline_topology-ipv4-icmp_msm5151_20260701T000000Z_010000Z.json,9.0,9.0,11.0,landing_region_3362110f86da::landing_region_3f5e2b5e2386,0.2222222222222222,0.3333333333333333,0.4444444444444444,2.2774719381370887,0.9497795687629232,9.751995572184574,broad_corridor_observation_distribution,False,False,False,6.0,4.0,1.0,0.6666666666666667,0.3333333333333333,0.2222222222222222,True,False,"insufficient_minimum_mappable_segments,minimum_unique_probes","minimum_mappable_segments,minimum_unique_probes",probe_country_service
LU,Topology-IPv4-ICMP,resolved_entry_only,5151,topology-baseline_topology-ipv4-icmp_msm5151_20260701T000000Z_010000Z.json,5.0,5.000000000000001,7.0,landing_region_08d221ee162c::landing_region_b451e83206f9,0.2,0.4,0.5466666666666666,1.8925125979876547,0.9725590870197262,6.636021405510678,broad_corridor_observation_distribution,False,False,False,4.0,3.0,1.0,0.7999999999999998,0.19999999999999996,0.0,True,False,"insufficient_minimum_mappable_segments,minimum_unique_probes","minimum_mappable_segments,minimum_unique_probes",probe_country_service
LV,Topology-IPv4-ICMP,all_publicly_visible,5151,topology-baseline_topology-ipv4-icmp_msm5151_20260701T000000Z_010000Z.json,10.0,10.000000000000002,11.0,landing_region_5a1e27deaea1::landing_region_ae1b031adf3a,0.3,0.4,0.5,2.152177353316418,0.8975276684226509,8.603571031695537,broad_corridor_observation_distribution,False,False,False,7.0,6.0,1.0,0.5999999999999998,0.3999999999999999,0.0,True,False,"insufficient_minimum_mappable_segments,minimum_unique_probes","minimum_mappable_segments,minimum_unique_probes",probe_country_service
LV,Topology-IPv4-ICMP,resolved_entry_only,5151,topology-baseline_topology-ipv4-icmp_msm5151_20260701T000000Z_010000Z.json,5.0,4.999999999999999,5.0,landing_region_5a1e27deaea1::landing_region_ae1b031adf3a,0.6,0.8,0.8666666666666667,1.1699929969668565,0.7269575222056059,3.2219700748862716,moderate_corridor_observation_concentration,True,False,False,3.0,3.0,1.0,1.0,0.0,0.0,True,False,"insufficient_minimum_mappable_segments,minimum_unique_probes","minimum_mappable_segments,minimum_unique_probes",probe_country_service
MA,Topology-IPv4-ICMP,all_publicly_visible,5151,topology-baseline_topology-ipv4-icmp_msm5151_20260701T000000Z_010000Z.json,1.0,1.0,1.0,landing_region_0074f164da96::landing_region_32509493c7f4,1.0,1.0,1.0,-0.0,0.0,1.0,severe_corridor_observation_concentration,True,False,False,1.0,1.0,1.0,1.0,0.0,0.0,True,False,"insufficient_minimum_mappable_segments,minimum_unique_probes,minimum_unique_probe_asns","minimum_mappable_segments,minimum_unique_probes,minimum_unique_probe_asns",probe_country_service
MA,Topology-IPv4-ICMP,resolved_entry_only,,,0.0,0.0,0.0,,,,,,,,unknown_corridor_observation_concentration,False,False,False,0.0,0.0,,,,,False,False,insufficient_no_inter_region_projection_segments,"minimum_mappable_segments,minimum_unique_probes,minimum_unique_probe_asns,maximum_country_fallback_share",probe_country_service
MD,Topology-IPv4-ICMP,all_publicly_visible,5151,topology-baseline_topology-ipv4-icmp_msm5151_20260701T000000Z_010000Z.json,5.0,5.0,2.0,landing_region_08d221ee162c::landing_region_b451e83206f9,0.8,1.0,1.0,0.5004024235381879,0.7219280948873623,1.6493848884661177,severe_corridor_observation_concentration,True,False,False,2.0,2.0,1.0,0.8,0.2,0.0,True,False,"insufficient_minimum_mappable_segments,minimum_unique_probes,minimum_unique_probe_asns","minimum_mappable_segments,minimum_unique_probes,minimum_unique_probe_asns",probe_country_service
MD,Topology-IPv4-ICMP,resolved_entry_only,5151,topology-baseline_topology-ipv4-icmp_msm5151_20260701T000000Z_010000Z.json,5.0,5.0,2.0,landing_region_08d221ee162c::landing_region_b451e83206f9,0.8,1.0,1.0,0.5004024235381879,0.7219280948873623,1.6493848884661177,severe_corridor_observation_concentration,True,False,False,2.0,2.0,1.0,0.8,0.2,0.0,True,False,"insufficient_minimum_mappable_segments,minimum_unique_probes,minimum_unique_probe_asns","minimum_mappable_segments,minimum_unique_probes,minimum_unique_probe_asns",probe_country_service
ME,Topology-IPv4-ICMP,all_publicly_visible,,,0.0,0.0,0.0,,,,,,,,unknown_corridor_observation_concentration,False,False,False,0.0,0.0,,,,,False,False,insufficient_no_inter_region_projection_segments,"minimum_mappable_segments,minimum_unique_probes,minimum_unique_probe_asns,maximum_country_fallback_share",probe_country_service
ME,Topology-IPv4-ICMP,resolved_entry_only,,,0.0,0.0,0.0,,,,,,,,unknown_corridor_observation_concentration,False,False,False,0.0,0.0,,,,,False,False,insufficient_no_inter_region_projection_segments,"minimum_mappable_segments,minimum_unique_probes,minimum_unique_probe_asns,maximum_country_fallback_share",probe_country_service
MG,Topology-IPv4-ICMP,all_publicly_visible,,,0.0,0.0,0.0,,,,,,,,unknown_corridor_observation_concentration,False,False,False,0.0,0.0,,,,,False,False,insufficient_no_inter_region_projection_segments,"minimum_mappable_segments,minimum_unique_probes,minimum_unique_probe_asns,maximum_country_fallback_share",probe_country_service
MG,Topology-IPv4-ICMP,resolved_entry_only,,,0.0,0.0,0.0,,,,,,,,unknown_corridor_observation_concentration,False,False,False,0.0,0.0,,,,,False,False,insufficient_no_inter_region_projection_segments,"minimum_mappable_segments,minimum_unique_probes,minimum_unique_probe_asns,maximum_country_fallback_share",probe_country_service
MH,Topology-IPv4-ICMP,all_publicly_visible,5151,topology-baseline_topology-ipv4-icmp_msm5151_20260701T000000Z_010000Z.json,1.0,1.0,2.0,landing_region_1ce0b85cd8b9::landing_region_d073d559153a,0.5,1.0,1.0,0.6931471805599453,1.0,2.0,moderate_corridor_observation_concentration,True,False,False,1.0,1.0,1.0,0.0,1.0,0.0,True,False,"insufficient_minimum_mappable_segments,minimum_unique_probes,minimum_unique_probe_asns","minimum_mappable_segments,minimum_unique_probes,minimum_unique_probe_asns",probe_country_service
MH,Topology-IPv4-ICMP,resolved_entry_only,,,0.0,0.0,0.0,,,,,,,,unknown_corridor_observation_concentration,False,False,False,0.0,0.0,,,,,False,False,insufficient_no_inter_region_projection_segments,"minimum_mappable_segments,minimum_unique_probes,minimum_unique_probe_asns,maximum_country_fallback_share",probe_country_service
MK,Topology-IPv4-ICMP,all_publicly_visible,5151,topology-baseline_topology-ipv4-icmp_msm5151_20260701T000000Z_010000Z.json,4.0,4.0,5.0,landing_region_6d0b3b188139::landing_region_85e39fb7d29e,0.5,0.75,0.8333333333333334,1.3143738430069454,0.8166663857315859,3.7224194364083982,weak_corridor_observation_concentration,True,False,False,3.0,3.0,1.0,0.7500000000000001,0.25,0.0,True,False,"insufficient_minimum_mappable_segments,minimum_unique_probes","minimum_mappable_segments,minimum_unique_probes",probe_country_service
MK,Topology-IPv4-ICMP,resolved_entry_only,5151,topology-baseline_topology-ipv4-icmp_msm5151_20260701T000000Z_010000Z.json,4.0,4.0,5.0,landing_region_6d0b3b188139::landing_region_85e39fb7d29e,0.5,0.75,0.8333333333333334,1.3143738430069454,0.8166663857315859,3.7224194364083982,weak_corridor_observation_concentration,True,False,False,3.0,3.0,1.0,0.7500000000000001,0.25,0.0,True,False,"insufficient_minimum_mappable_segments,minimum_unique_probes","minimum_mappable_segments,minimum_unique_probes",probe_country_service
ML,Topology-IPv4-ICMP,all_publicly_visible,5151,topology-baseline_topology-ipv4-icmp_msm5151_20260701T000000Z_010000Z.json,5.0,5.0,3.0,landing_region_343850da3642::landing_region_f7627feb3284,0.8,0.9,1.0,0.639031859650177,0.5816718657178868,1.8946457081379977,severe_corridor_observation_concentration,True,False,False,1.0,1.0,1.0,0.8,0.2,0.0,True,False,"insufficient_minimum_mappable_segments,minimum_unique_probes,minimum_unique_probe_asns","minimum_mappable_segments,minimum_unique_probes,minimum_unique_probe_asns",probe_country_service
ML,Topology-IPv4-ICMP,resolved_entry_only,,,0.0,0.0,0.0,,,,,,,,unknown_corridor_observation_concentration,False,False,False,0.0,0.0,,,,,False,False,insufficient_no_inter_region_projection_segments,"minimum_mappable_segments,minimum_unique_probes,minimum_unique_probe_asns,maximum_country_fallback_share",probe_country_service
MM,Topology-IPv4-ICMP,all_publicly_visible,5151,topology-baseline_topology-ipv4-icmp_msm5151_20260701T000000Z_010000Z.json,5.0,5.0,6.0,landing_region_a314ea9d2330::landing_region_af2b1cb46785,0.4,0.5333333333333333,0.6666666666666667,1.632994519565377,0.9113915944693856,5.119181277698048,broad_corridor_observation_distribution,False,False,False,2.0,2.0,1.0,0.4,0.6,0.0,True,False,"insufficient_minimum_mappable_segments,minimum_unique_probes,minimum_unique_probe_asns","minimum_mappable_segments,minimum_unique_probes,minimum_unique_probe_asns",probe_country_service
MM,Topology-IPv4-ICMP,resolved_entry_only,,,0.0,0.0,0.0,,,,,,,,unknown_corridor_observation_concentration,False,False,False,0.0,0.0,,,,,False,False,insufficient_no_inter_region_projection_segments,"minimum_mappable_segments,minimum_unique_probes,minimum_unique_probe_asns,maximum_country_fallback_share",probe_country_service
MN,Topology-IPv4-ICMP,all_publicly_visible,5151,topology-baseline_topology-ipv4-icmp_msm5151_20260701T000000Z_010000Z.json,2.0,2.0,7.0,landing_region_5d023e72c246::landing_region_b37879c52c2b,0.16666666666666666,0.3333333333333333,0.5,1.9356005054539456,0.9947018912428343,6.92820323027551,broad_corridor_observation_distribution,False,False,False,1.0,1.0,1.0,0.5,0.5,0.0,True,False,"insufficient_minimum_mappable_segments,minimum_unique_probes,minimum_unique_probe_asns","minimum_mappable_segments,minimum_unique_probes,minimum_unique_probe_asns",probe_country_service
MN,Topology-IPv4-ICMP,resolved_entry_only,,,0.0,0.0,0.0,,,,,,,,unknown_corridor_observation_concentration,False,False,False,0.0,0.0,,,,,False,False,insufficient_no_inter_region_projection_segments,"minimum_mappable_segments,minimum_unique_probes,minimum_unique_probe_asns,maximum_country_fallback_share",probe_country_service
MP,Topology-IPv4-ICMP,all_publicly_visible,5151,topology-baseline_topology-ipv4-icmp_msm5151_20260701T000000Z_010000Z.json,1.0,1.0,1.0,landing_region_3602b9b9f277::landing_region_bc6c664daa8f,1.0,1.0,1.0,-0.0,0.0,1.0,severe_corridor_observation_concentration,True,False,False,1.0,1.0,1.0,0.0,1.0,0.0,True,False,"insufficient_minimum_mappable_segments,minimum_unique_probes,minimum_unique_probe_asns","minimum_mappable_segments,minimum_unique_probes,minimum_unique_probe_asns",probe_country_service
MP,Topology-IPv4-ICMP,resolved_entry_only,,,0.0,0.0,0.0,,,,,,,,unknown_corridor_observation_concentration,False,False,False,0.0,0.0,,,,,False,False,insufficient_no_inter_region_projection_segments,"minimum_mappable_segments,minimum_unique_probes,minimum_unique_probe_asns,maximum_country_fallback_share",probe_country_service
MT,Topology-IPv4-ICMP,all_publicly_visible,5151,topology-baseline_topology-ipv4-icmp_msm5151_20260701T000000Z_010000Z.json,4.0,4.0,5.0,landing_region_08ea81d123b5::landing_region_9e3a5ff856b9,0.5,0.75,0.8333333333333334,1.3143738430069454,0.8166663857315859,3.7224194364083982,weak_corridor_observation_concentration,True,False,False,4.0,2.0,1.0,0.25,0.75,0.0,True,False,"insufficient_minimum_mappable_segments,minimum_unique_probes,minimum_unique_probe_asns","minimum_mappable_segments,minimum_unique_probes,minimum_unique_probe_asns",probe_country_service
MT,Topology-IPv4-ICMP,resolved_entry_only,5151,topology-baseline_topology-ipv4-icmp_msm5151_20260701T000000Z_010000Z.json,1.0,1.0,1.0,landing_region_08ea81d123b5::landing_region_9e3a5ff856b9,1.0,1.0,1.0,-0.0,0.0,1.0,severe_corridor_observation_concentration,True,False,False,1.0,1.0,1.0,0.0,1.0,0.0,True,False,"insufficient_minimum_mappable_segments,minimum_unique_probes,minimum_unique_probe_asns","minimum_mappable_segments,minimum_unique_probes,minimum_unique_probe_asns",probe_country_service
MU,Topology-IPv4-ICMP,all_publicly_visible,5151,topology-baseline_topology-ipv4-icmp_msm5151_20260701T000000Z_010000Z.json,13.0,13.0,9.0,landing_region_5d023e72c246::landing_region_b37879c52c2b,0.20512820512820512,0.41025641025641024,0.6153846153846154,1.9613621248389361,0.8926543718242818,7.109003823872342,broad_corridor_observation_distribution,False,False,False,5.0,2.0,1.0,0.6153846153846154,0.38461538461538464,0.0,True,False,"insufficient_minimum_mappable_segments,minimum_unique_probes,minimum_unique_probe_asns","minimum_mappable_segments,minimum_unique_probes,minimum_unique_probe_asns",probe_country_service
MU,Topology-IPv4-ICMP,resolved_entry_only,5151,topology-baseline_topology-ipv4-icmp_msm5151_20260701T000000Z_010000Z.json,13.0,13.0,9.0,landing_region_5d023e72c246::landing_region_b37879c52c2b,0.20512820512820512,0.41025641025641024,0.6153846153846154,1.9613621248389361,0.8926543718242818,7.109003823872342,broad_corridor_observation_distribution,False,False,False,5.0,2.0,1.0,0.6153846153846154,0.38461538461538464,0.0,True,False,"insufficient_minimum_mappable_segments,minimum_unique_probes,minimum_unique_probe_asns","minimum_mappable_segments,minimum_unique_probes,minimum_unique_probe_asns",probe_country_service
MV,Topology-IPv4-ICMP,all_publicly_visible,5151,topology-baseline_topology-ipv4-icmp_msm5151_20260701T000000Z_010000Z.json,29.0,28.999999999999996,17.0,landing_region_05d4f4227b7d::landing_region_946d8574d05e,0.6896551724137931,0.7586206896551725,0.7931034482758621,1.3683739223304565,0.4829759556233777,3.9289567095504845,weak_corridor_observation_concentration,True,False,False,9.0,2.0,1.0,0.7931034482758622,0.20689655172413796,0.0,True,False,"insufficient_minimum_mappable_segments,minimum_unique_probes,minimum_unique_probe_asns","minimum_mappable_segments,minimum_unique_probes,minimum_unique_probe_asns",probe_country_service
MV,Topology-IPv4-ICMP,resolved_entry_only,5151,topology-baseline_topology-ipv4-icmp_msm5151_20260701T000000Z_010000Z.json,11.0,10.999999999999996,15.0,landing_region_05d4f4227b7d::landing_region_946d8574d05e,0.36363636363636365,0.4545454545454546,0.5454545454545454,2.1337025350834335,0.7879109974456863,8.446080901003882,broad_corridor_observation_distribution,False,False,False,3.0,2.0,1.0,0.6363636363636366,0.3636363636363637,0.0,True,False,"insufficient_minimum_mappable_segments,minimum_unique_probes,minimum_unique_probe_asns","minimum_mappable_segments,minimum_unique_probes,minimum_unique_probe_asns",probe_country_service
MW,Topology-IPv4-ICMP,all_publicly_visible,,,0.0,0.0,0.0,,,,,,,,unknown_corridor_observation_concentration,False,False,False,0.0,0.0,,,,,False,False,insufficient_no_inter_region_projection_segments,"minimum_mappable_segments,minimum_unique_probes,minimum_unique_probe_asns,maximum_country_fallback_share",probe_country_service
MW,Topology-IPv4-ICMP,resolved_entry_only,,,0.0,0.0,0.0,,,,,,,,unknown_corridor_observation_concentration,False,False,False,0.0,0.0,,,,,False,False,insufficient_no_inter_region_projection_segments,"minimum_mappable_segments,minimum_unique_probes,minimum_unique_probe_asns,maximum_country_fallback_share",probe_country_service
MX,Topology-IPv4-ICMP,all_publicly_visible,5151,topology-baseline_topology-ipv4-icmp_msm5151_20260701T000000Z_010000Z.json,19.0,18.999999999999996,14.0,landing_region_5a1e27deaea1::landing_region_ae1b031adf3a,0.21052631578947367,0.3684210526315789,0.47368421052631576,2.3910184136898325,0.9060123047946113,10.924614056154066,broad_corridor_observation_distribution,False,False,False,11.0,7.0,1.0,0.6315789473684212,0.36842105263157904,0.15789473684210525,True,False,insufficient_minimum_mappable_segments,minimum_mappable_segments,probe_country_service
MX,Topology-IPv4-ICMP,resolved_entry_only,5151,topology-baseline_topology-ipv4-icmp_msm5151_20260701T000000Z_010000Z.json,10.0,10.0,9.0,landing_region_5a1e27deaea1::landing_region_ae1b031adf3a,0.4,0.5,0.6000000000000001,1.8579285774129004,0.8455797357161092,6.410444269934077,broad_corridor_observation_distribution,False,False,False,5.0,5.0,1.0,0.7,0.3,0.3,True,False,"insufficient_minimum_mappable_segments,minimum_unique_probes","minimum_mappable_segments,minimum_unique_probes",probe_country_service
MY,Topology-IPv4-ICMP,all_publicly_visible,5151,topology-baseline_topology-ipv4-icmp_msm5151_20260701T000000Z_010000Z.json,40.0,40.0,18.0,landing_region_5d023e72c246::landing_region_b37879c52c2b,0.225,0.45,0.675,2.1580143017898776,0.7466217090913755,8.653936479762216,broad_corridor_observation_distribution,False,False,True,20.0,14.0,1.0,0.7499999999999999,0.25,0.075,True,True,auditable,,probe_country_service
MY,Topology-IPv4-ICMP,resolved_entry_only,5151,topology-baseline_topology-ipv4-icmp_msm5151_20260701T000000Z_010000Z.json,18.0,18.0,14.0,landing_region_5d023e72c246::landing_region_b37879c52c2b,0.18518518518518517,0.37037037037037035,0.5555555555555556,2.2600061544128636,0.8563687226689934,9.583148145233107,broad_corridor_observation_distribution,False,False,False,8.0,6.0,1.0,0.7222222222222222,0.2777777777777778,0.16666666666666666,True,False,"insufficient_minimum_mappable_segments,minimum_unique_probes","minimum_mappable_segments,minimum_unique_probes",probe_country_service
MZ,Topology-IPv4-ICMP,all_publicly_visible,,,0.0,0.0,0.0,,,,,,,,unknown_corridor_observation_concentration,False,False,False,0.0,0.0,,,,,False,False,insufficient_no_inter_region_projection_segments,"minimum_mappable_segments,minimum_unique_probes,minimum_unique_probe_asns,maximum_country_fallback_share",probe_country_service
MZ,Topology-IPv4-ICMP,resolved_entry_only,,,0.0,0.0,0.0,,,,,,,,unknown_corridor_observation_concentration,False,False,False,0.0,0.0,,,,,False,False,insufficient_no_inter_region_projection_segments,"minimum_mappable_segments,minimum_unique_probes,minimum_unique_probe_asns,maximum_country_fallback_share",probe_country_service
NA,Topology-IPv4-ICMP,all_publicly_visible,5151,topology-baseline_topology-ipv4-icmp_msm5151_20260701T000000Z_010000Z.json,4.0,4.0,6.0,landing_region_08ea81d123b5::landing_region_192d23342e5f,0.25,0.5,0.75,1.660947433286918,0.9269924126604479,5.26429605180997,broad_corridor_observation_distribution,False,False,False,2.0,2.0,1.0,0.7500000000000001,0.25,0.0,True,False,"insufficient_minimum_mappable_segments,minimum_unique_probes,minimum_unique_probe_asns","minimum_mappable_segments,minimum_unique_probes,minimum_unique_probe_asns",probe_country_service
NA,Topology-IPv4-ICMP,resolved_entry_only,5151,topology-baseline_topology-ipv4-icmp_msm5151_20260701T000000Z_010000Z.json,3.0,3.0,3.0,landing_region_08ea81d123b5::landing_region_192d23342e5f,0.3333333333333333,0.6666666666666666,1.0,1.0986122886681096,0.9999999999999998,2.9999999999999996,weak_corridor_observation_concentration,True,False,False,1.0,1.0,1.0,0.6666666666666666,0.3333333333333333,0.0,True,False,"insufficient_minimum_mappable_segments,minimum_unique_probes,minimum_unique_probe_asns","minimum_mappable_segments,minimum_unique_probes,minimum_unique_probe_asns",probe_country_service
NC,Topology-IPv4-ICMP,all_publicly_visible,5151,topology-baseline_topology-ipv4-icmp_msm5151_20260701T000000Z_010000Z.json,9.0,9.0,5.0,landing_region_3563aa191965::landing_region_58084817cbe7,0.4444444444444444,0.6666666666666666,0.7777777777777777,1.4270610433807247,0.886682880001534,4.166436205292808,broad_corridor_observation_distribution,False,False,False,4.0,2.0,1.0,0.2222222222222222,0.7777777777777778,0.3333333333333333,False,False,"insufficient_minimum_mappable_segments,minimum_unique_probes,minimum_unique_probe_asns,maximum_country_fallback_share","minimum_mappable_segments,minimum_unique_probes,minimum_unique_probe_asns,maximum_country_fallback_share",probe_country_service
NC,Topology-IPv4-ICMP,resolved_entry_only,5151,topology-baseline_topology-ipv4-icmp_msm5151_20260701T000000Z_010000Z.json,3.0,3.0,2.0,landing_region_3563aa191965::landing_region_58084817cbe7,0.6666666666666666,1.0,1.0,0.6365141682948128,0.9182958340544894,1.8898815748423097,moderate_corridor_observation_concentration,True,False,False,2.0,1.0,1.0,0.0,1.0,0.3333333333333333,False,False,"insufficient_minimum_mappable_segments,minimum_unique_probes,minimum_unique_probe_asns,maximum_country_fallback_share","minimum_mappable_segments,minimum_unique_probes,minimum_unique_probe_asns,maximum_country_fallback_share",probe_country_service
NG,Topology-IPv4-ICMP,all_publicly_visible,5151,topology-baseline_topology-ipv4-icmp_msm5151_20260701T000000Z_010000Z.json,5.0,5.0,3.0,landing_region_343850da3642::landing_region_f7627feb3284,0.4,0.7,1.0,1.0888999753452238,0.9911594714322187,2.971004096610006,weak_corridor_observation_concentration,True,False,False,3.0,3.0,1.0,0.4,0.6,0.0,True,False,"insufficient_minimum_mappable_segments,minimum_unique_probes","minimum_mappable_segments,minimum_unique_probes",probe_country_service
NG,Topology-IPv4-ICMP,resolved_entry_only,5151,topology-baseline_topology-ipv4-icmp_msm5151_20260701T000000Z_010000Z.json,5.0,5.0,3.0,landing_region_343850da3642::landing_region_f7627feb3284,0.4,0.7,1.0,1.0888999753452238,0.9911594714322187,2.971004096610006,weak_corridor_observation_concentration,True,False,False,3.0,3.0,1.0,0.4,0.6,0.0,True,False,"insufficient_minimum_mappable_segments,minimum_unique_probes","minimum_mappable_segments,minimum_unique_probes",probe_country_service
NI,Topology-IPv4-ICMP,all_publicly_visible,5151,topology-baseline_topology-ipv4-icmp_msm5151_20260701T000000Z_010000Z.json,1.0,1.0,2.0,landing_region_1ce0b85cd8b9::landing_region_d073d559153a,0.5,1.0,1.0,0.6931471805599453,1.0,2.0,moderate_corridor_observation_concentration,True,False,False,1.0,1.0,1.0,1.0,0.0,0.0,True,False,"insufficient_minimum_mappable_segments,minimum_unique_probes,minimum_unique_probe_asns","minimum_mappable_segments,minimum_unique_probes,minimum_unique_probe_asns",probe_country_service
NI,Topology-IPv4-ICMP,resolved_entry_only,5151,topology-baseline_topology-ipv4-icmp_msm5151_20260701T000000Z_010000Z.json,1.0,1.0,2.0,landing_region_1ce0b85cd8b9::landing_region_d073d559153a,0.5,1.0,1.0,0.6931471805599453,1.0,2.0,moderate_corridor_observation_concentration,True,False,False,1.0,1.0,1.0,1.0,0.0,0.0,True,False,"insufficient_minimum_mappable_segments,minimum_unique_probes,minimum_unique_probe_asns","minimum_mappable_segments,minimum_unique_probes,minimum_unique_probe_asns",probe_country_service
NL,Topology-IPv4-ICMP,all_publicly_visible,5151,topology-baseline_topology-ipv4-icmp_msm5151_20260701T000000Z_010000Z.json,184.0,183.99999999999994,79.0,landing_region_5d023e72c246::landing_region_b37879c52c2b,0.14094202898550726,0.2818840579710145,0.4228260869565218,3.4089371345804094,0.7801757223525849,30.23309346687078,broad_corridor_observation_distribution,False,False,True,99.0,45.0,1.0,0.7282608695652176,0.27173913043478276,0.021739130434782608,True,True,auditable,,probe_country_service
NL,Topology-IPv4-ICMP,resolved_entry_only,5151,topology-baseline_topology-ipv4-icmp_msm5151_20260701T000000Z_010000Z.json,122.0,122.00000000000001,63.0,landing_region_5d023e72c246::landing_region_b37879c52c2b,0.13825136612021857,0.27650273224043714,0.4147540983606557,3.3069965161316013,0.7981870575113624,27.302998085193522,broad_corridor_observation_distribution,False,False,True,61.0,34.0,1.0,0.7459016393442622,0.25409836065573765,0.00819672131147541,True,True,auditable,,probe_country_service
NO,Topology-IPv4-ICMP,all_publicly_visible,5151,topology-baseline_topology-ipv4-icmp_msm5151_20260701T000000Z_010000Z.json,214.0,213.99999999999997,53.0,landing_region_2f1f6d8f7ce5::landing_region_d514e04d4eb8,0.6370716510903427,0.6830218068535826,0.7157320872274143,1.9031139985254144,0.4793385574570373,6.7067467579032725,broad_corridor_observation_distribution,False,False,True,79.0,30.0,1.0,0.9299065420560749,0.07009345794392523,0.04672897196261682,True,True,auditable,,probe_country_service
NO,Topology-IPv4-ICMP,resolved_entry_only,5151,topology-baseline_topology-ipv4-icmp_msm5151_20260701T000000Z_010000Z.json,131.0,130.99999999999997,39.0,landing_region_2f1f6d8f7ce5::landing_region_d514e04d4eb8,0.6030534351145038,0.6564885496183206,0.6946564885496184,1.9273177471219358,0.526077607881402,6.871055593987469,broad_corridor_observation_distribution,False,False,True,48.0,24.0,1.0,0.9160305343511452,0.08396946564885495,0.07633587786259542,True,True,auditable,,probe_country_service
NP,Topology-IPv4-ICMP,all_publicly_visible,5151,topology-baseline_topology-ipv4-icmp_msm5151_20260701T000000Z_010000Z.json,12.0,11.999999999999998,12.0,landing_region_0074f164da96::landing_region_32509493c7f4,0.16666666666666666,0.3333333333333333,0.41666666666666663,2.3791973726660416,0.9574594574283194,10.796234032937635,broad_corridor_observation_distribution,False,False,False,7.0,6.0,1.0,0.5833333333333334,0.41666666666666674,0.08333333333333333,True,False,"insufficient_minimum_mappable_segments,minimum_unique_probes","minimum_mappable_segments,minimum_unique_probes",probe_country_service
NP,Topology-IPv4-ICMP,resolved_entry_only,5151,topology-baseline_topology-ipv4-icmp_msm5151_20260701T000000Z_010000Z.json,12.0,11.999999999999998,12.0,landing_region_0074f164da96::landing_region_32509493c7f4,0.16666666666666666,0.3333333333333333,0.41666666666666663,2.3791973726660416,0.9574594574283194,10.796234032937635,broad_corridor_observation_distribution,False,False,False,7.0,6.0,1.0,0.5833333333333334,0.41666666666666674,0.08333333333333333,True,False,"insufficient_minimum_mappable_segments,minimum_unique_probes","minimum_mappable_segments,minimum_unique_probes",probe_country_service
NU,Topology-IPv4-ICMP,all_publicly_visible,5151,topology-baseline_topology-ipv4-icmp_msm5151_20260701T000000Z_010000Z.json,1.0,1.0,1.0,landing_region_3b96281acedd::landing_region_be83c6d38254,1.0,1.0,1.0,-0.0,0.0,1.0,severe_corridor_observation_concentration,True,False,False,1.0,1.0,1.0,0.0,1.0,0.0,True,False,"insufficient_minimum_mappable_segments,minimum_unique_probes,minimum_unique_probe_asns","minimum_mappable_segments,minimum_unique_probes,minimum_unique_probe_asns",probe_country_service
NU,Topology-IPv4-ICMP,resolved_entry_only,,,0.0,0.0,0.0,,,,,,,,unknown_corridor_observation_concentration,False,False,False,0.0,0.0,,,,,False,False,insufficient_no_inter_region_projection_segments,"minimum_mappable_segments,minimum_unique_probes,minimum_unique_probe_asns,maximum_country_fallback_share",probe_country_service
NZ,Topology-IPv4-ICMP,all_publicly_visible,5151,topology-baseline_topology-ipv4-icmp_msm5151_20260701T000000Z_010000Z.json,222.0,222.0,38.0,landing_region_58084817cbe7::landing_region_64abd2b76b5b,0.13963963963963963,0.2657657657657657,0.36036036036036034,2.891000091119415,0.7947578323029666,18.011313551986582,broad_corridor_observation_distribution,False,False,True,82.0,27.0,1.0,0.6261261261261262,0.3738738738738739,0.13513513513513514,True,True,auditable,,probe_country_service
NZ,Topology-IPv4-ICMP,resolved_entry_only,5151,topology-baseline_topology-ipv4-icmp_msm5151_20260701T000000Z_010000Z.json,145.0,145.0,34.0,landing_region_58084817cbe7::landing_region_64abd2b76b5b,0.1310344827586207,0.2482758620689655,0.3448275862068966,2.872138969757268,0.8144768380056363,17.674783623526057,broad_corridor_observation_distribution,False,False,True,52.0,20.0,1.0,0.6413793103448275,0.3586206896551724,0.15172413793103448,True,True,auditable,,probe_country_service
OM,Topology-IPv4-ICMP,all_publicly_visible,5151,topology-baseline_topology-ipv4-icmp_msm5151_20260701T000000Z_010000Z.json,5.0,4.999999999999999,9.0,landing_region_08ea81d123b5::landing_region_85e39fb7d29e,0.2,0.4,0.5,2.1064192423917003,0.9586727110732549,8.218759147586129,broad_corridor_observation_distribution,False,False,False,2.0,2.0,1.0,0.20000000000000004,0.8000000000000002,0.0,True,False,"insufficient_minimum_mappable_segments,minimum_unique_probes,minimum_unique_probe_asns","minimum_mappable_segments,minimum_unique_probes,minimum_unique_probe_asns",probe_country_service
OM,Topology-IPv4-ICMP,resolved_entry_only,5151,topology-baseline_topology-ipv4-icmp_msm5151_20260701T000000Z_010000Z.json,5.0,4.999999999999999,9.0,landing_region_08ea81d123b5::landing_region_85e39fb7d29e,0.2,0.4,0.5,2.1064192423917003,0.9586727110732549,8.218759147586129,broad_corridor_observation_distribution,False,False,False,2.0,2.0,1.0,0.20000000000000004,0.8000000000000002,0.0,True,False,"insufficient_minimum_mappable_segments,minimum_unique_probes,minimum_unique_probe_asns","minimum_mappable_segments,minimum_unique_probes,minimum_unique_probe_asns",probe_country_service
PA,Topology-IPv4-ICMP,all_publicly_visible,5151,topology-baseline_topology-ipv4-icmp_msm5151_20260701T000000Z_010000Z.json,9.0,9.0,8.0,landing_region_5d023e72c246::landing_region_b37879c52c2b,0.14814814814814814,0.2962962962962963,0.4444444444444444,2.069365878468761,0.9951546302172385,7.919799409868239,broad_corridor_observation_distribution,False,False,False,6.0,5.0,1.0,0.6666666666666666,0.3333333333333333,0.0,True,False,"insufficient_minimum_mappable_segments,minimum_unique_probes","minimum_mappable_segments,minimum_unique_probes",probe_country_service
PA,Topology-IPv4-ICMP,resolved_entry_only,5151,topology-baseline_topology-ipv4-icmp_msm5151_20260701T000000Z_010000Z.json,7.0,7.0,6.0,landing_region_5d023e72c246::landing_region_b37879c52c2b,0.19047619047619047,0.38095238095238093,0.5714285714285714,1.7815203933685817,0.9942854629567637,5.938878990157557,broad_corridor_observation_distribution,False,False,False,4.0,4.0,1.0,0.7142857142857143,0.2857142857142857,0.0,True,False,"insufficient_minimum_mappable_segments,minimum_unique_probes","minimum_mappable_segments,minimum_unique_probes",probe_country_service
PE,Topology-IPv4-ICMP,all_publicly_visible,5151,topology-baseline_topology-ipv4-icmp_msm5151_20260701T000000Z_010000Z.json,3.0,3.0,3.0,landing_region_61312bef9df1::landing_region_83c1ffe3b901,0.3333333333333333,0.6666666666666666,1.0,1.0986122886681096,0.9999999999999998,2.9999999999999996,weak_corridor_observation_concentration,True,False,False,3.0,3.0,1.0,0.0,1.0,0.0,True,False,"insufficient_minimum_mappable_segments,minimum_unique_probes","minimum_mappable_segments,minimum_unique_probes",probe_country_service
PE,Topology-IPv4-ICMP,resolved_entry_only,5151,topology-baseline_topology-ipv4-icmp_msm5151_20260701T000000Z_010000Z.json,2.0,2.0,2.0,landing_region_61312bef9df1::landing_region_83c1ffe3b901,0.5,1.0,1.0,0.6931471805599453,1.0,2.0,moderate_corridor_observation_concentration,True,False,False,2.0,2.0,1.0,0.0,1.0,0.0,True,False,"insufficient_minimum_mappable_segments,minimum_unique_probes,minimum_unique_probe_asns","minimum_mappable_segments,minimum_unique_probes,minimum_unique_probe_asns",probe_country_service
PF,Topology-IPv4-ICMP,all_publicly_visible,,,0.0,0.0,0.0,,,,,,,,unknown_corridor_observation_concentration,False,False,False,0.0,0.0,,,,,False,False,insufficient_no_inter_region_projection_segments,"minimum_mappable_segments,minimum_unique_probes,minimum_unique_probe_asns,maximum_country_fallback_share",probe_country_service
PF,Topology-IPv4-ICMP,resolved_entry_only,,,0.0,0.0,0.0,,,,,,,,unknown_corridor_observation_concentration,False,False,False,0.0,0.0,,,,,False,False,insufficient_no_inter_region_projection_segments,"minimum_mappable_segments,minimum_unique_probes,minimum_unique_probe_asns,maximum_country_fallback_share",probe_country_service
PG,Topology-IPv4-ICMP,all_publicly_visible,5151,topology-baseline_topology-ipv4-icmp_msm5151_20260701T000000Z_010000Z.json,1.0,1.0,1.0,landing_region_58084817cbe7::landing_region_a4275bfd77b7,1.0,1.0,1.0,-0.0,0.0,1.0,severe_corridor_observation_concentration,True,False,False,1.0,1.0,1.0,0.0,1.0,0.0,True,False,"insufficient_minimum_mappable_segments,minimum_unique_probes,minimum_unique_probe_asns","minimum_mappable_segments,minimum_unique_probes,minimum_unique_probe_asns",probe_country_service
PG,Topology-IPv4-ICMP,resolved_entry_only,,,0.0,0.0,0.0,,,,,,,,unknown_corridor_observation_concentration,False,False,False,0.0,0.0,,,,,False,False,insufficient_no_inter_region_projection_segments,"minimum_mappable_segments,minimum_unique_probes,minimum_unique_probe_asns,maximum_country_fallback_share",probe_country_service
PH,Topology-IPv4-ICMP,all_publicly_visible,5151,topology-baseline_topology-ipv4-icmp_msm5151_20260701T000000Z_010000Z.json,82.0,81.99999999999999,31.0,landing_region_76da986d22a9::landing_region_85e39fb7d29e,0.1951219512195122,0.3780487804878049,0.483739837398374,2.63678202080054,0.7678485281938812,13.968181888335852,broad_corridor_observation_distribution,False,False,True,43.0,27.0,1.0,0.4390243902439025,0.5609756097560977,0.14634146341463414,True,True,auditable,,probe_country_service
PH,Topology-IPv4-ICMP,resolved_entry_only,5151,topology-baseline_topology-ipv4-icmp_msm5151_20260701T000000Z_010000Z.json,53.0,53.0,25.0,landing_region_76da986d22a9::landing_region_85e39fb7d29e,0.22641509433962265,0.37735849056603776,0.49056603773584906,2.537584482330237,0.7883449441340721,12.64907996299121,broad_corridor_observation_distribution,False,False,True,28.0,21.0,1.0,0.49056603773584906,0.5094339622641509,0.1320754716981132,True,True,auditable,,probe_country_service
PK,Topology-IPv4-ICMP,all_publicly_visible,5151,topology-baseline_topology-ipv4-icmp_msm5151_20260701T000000Z_010000Z.json,4.0,4.0,5.0,landing_region_1b3a8d836a7d::landing_region_af2b1cb46785,0.5,0.75,0.8333333333333334,1.3143738430069454,0.8166663857315859,3.7224194364083982,weak_corridor_observation_concentration,True,False,False,4.0,4.0,1.0,0.25,0.75,0.5,False,False,"insufficient_minimum_mappable_segments,minimum_unique_probes,maximum_country_fallback_share","minimum_mappable_segments,minimum_unique_probes,maximum_country_fallback_share",probe_country_service
PK,Topology-IPv4-ICMP,resolved_entry_only,5151,topology-baseline_topology-ipv4-icmp_msm5151_20260701T000000Z_010000Z.json,2.0,1.9999999999999998,4.0,landing_region_1b3a8d836a7d::landing_region_af2b1cb46785,0.5,0.6666666666666666,0.8333333333333333,1.2424533248940002,0.8962406251802891,3.464101615137755,weak_corridor_observation_concentration,True,False,False,2.0,2.0,1.0,0.5000000000000001,0.5000000000000001,0.5,False,False,"insufficient_minimum_mappable_segments,minimum_unique_probes,minimum_unique_probe_asns,maximum_country_fallback_share","minimum_mappable_segments,minimum_unique_probes,minimum_unique_probe_asns,maximum_country_fallback_share",probe_country_service
PL,Topology-IPv4-ICMP,all_publicly_visible,5151,topology-baseline_topology-ipv4-icmp_msm5151_20260701T000000Z_010000Z.json,55.0,55.000000000000014,37.0,landing_region_08d221ee162c::landing_region_b451e83206f9,0.16363636363636364,0.2678787878787879,0.37212121212121213,3.0484352326619177,0.8442272315267315,21.082329658204696,broad_corridor_observation_distribution,False,False,True,33.0,27.0,1.0,0.6909090909090907,0.30909090909090897,0.0,True,True,auditable,,probe_country_service
PL,Topology-IPv4-ICMP,resolved_entry_only,5151,topology-baseline_topology-ipv4-icmp_msm5151_20260701T000000Z_010000Z.json,42.0,42.00000000000001,34.0,landing_region_08d221ee162c::landing_region_b451e83206f9,0.19047619047619047,0.27936507936507937,0.3682539682539683,2.982558297077765,0.8457893843405054,19.738248410766232,broad_corridor_observation_distribution,False,False,True,22.0,20.0,1.0,0.6904761904761904,0.3095238095238095,0.0,True,True,auditable,,probe_country_service
PR,Topology-IPv4-ICMP,all_publicly_visible,5151,topology-baseline_topology-ipv4-icmp_msm5151_20260701T000000Z_010000Z.json,4.0,4.0,2.0,landing_region_343850da3642::landing_region_f7627feb3284,0.5,1.0,1.0,0.6931471805599453,1.0,2.0,moderate_corridor_observation_concentration,True,False,False,2.0,2.0,1.0,0.5,0.5,0.0,True,False,"insufficient_minimum_mappable_segments,minimum_unique_probes,minimum_unique_probe_asns","minimum_mappable_segments,minimum_unique_probes,minimum_unique_probe_asns",probe_country_service
PR,Topology-IPv4-ICMP,resolved_entry_only,5151,topology-baseline_topology-ipv4-icmp_msm5151_20260701T000000Z_010000Z.json,4.0,4.0,2.0,landing_region_343850da3642::landing_region_f7627feb3284,0.5,1.0,1.0,0.6931471805599453,1.0,2.0,moderate_corridor_observation_concentration,True,False,False,2.0,2.0,1.0,0.5,0.5,0.0,True,False,"insufficient_minimum_mappable_segments,minimum_unique_probes,minimum_unique_probe_asns","minimum_mappable_segments,minimum_unique_probes,minimum_unique_probe_asns",probe_country_service
PS,Topology-IPv4-ICMP,all_publicly_visible,5151,topology-baseline_topology-ipv4-icmp_msm5151_20260701T000000Z_010000Z.json,3.0,3.0,5.0,landing_region_6d0b3b188139::landing_region_85e39fb7d29e,0.6666666666666666,0.75,0.8333333333333333,1.0986122886681098,0.6826061944859854,3.0000000000000004,weak_corridor_observation_concentration,True,False,False,1.0,1.0,1.0,0.6666666666666666,0.3333333333333333,0.0,True,False,"insufficient_minimum_mappable_segments,minimum_unique_probes,minimum_unique_probe_asns","minimum_mappable_segments,minimum_unique_probes,minimum_unique_probe_asns",probe_country_service
PS,Topology-IPv4-ICMP,resolved_entry_only,5151,topology-baseline_topology-ipv4-icmp_msm5151_20260701T000000Z_010000Z.json,3.0,3.0,5.0,landing_region_6d0b3b188139::landing_region_85e39fb7d29e,0.6666666666666666,0.75,0.8333333333333333,1.0986122886681098,0.6826061944859854,3.0000000000000004,weak_corridor_observation_concentration,True,False,False,1.0,1.0,1.0,0.6666666666666666,0.3333333333333333,0.0,True,False,"insufficient_minimum_mappable_segments,minimum_unique_probes,minimum_unique_probe_asns","minimum_mappable_segments,minimum_unique_probes,minimum_unique_probe_asns",probe_country_service
PT,Topology-IPv4-ICMP,all_publicly_visible,5151,topology-baseline_topology-ipv4-icmp_msm5151_20260701T000000Z_010000Z.json,149.0,149.0,16.0,landing_region_343850da3642::landing_region_f7627feb3284,0.7583892617449665,0.8053691275167786,0.8277404921700224,1.1685803620940183,0.42147627331831733,3.217421820866716,moderate_corridor_observation_concentration,True,True,True,60.0,15.0,1.0,0.8523489932885906,0.1476510067114094,0.006711409395973154,True,True,auditable,,probe_country_service
PT,Topology-IPv4-ICMP,resolved_entry_only,5151,topology-baseline_topology-ipv4-icmp_msm5151_20260701T000000Z_010000Z.json,69.0,69.0,12.0,landing_region_343850da3642::landing_region_f7627feb3284,0.7536231884057971,0.7971014492753623,0.8260869565217391,1.1313930687522118,0.4553060650583138,3.09997196763619,weak_corridor_observation_concentration,True,True,True,30.0,9.0,1.0,0.8405797101449275,0.15942028985507245,0.014492753623188406,True,True,auditable,,probe_country_service
PW,Topology-IPv4-ICMP,all_publicly_visible,5151,topology-baseline_topology-ipv4-icmp_msm5151_20260701T000000Z_010000Z.json,1.0,1.0,1.0,landing_region_4dc2204794ee::landing_region_df61fea74887,1.0,1.0,1.0,-0.0,0.0,1.0,severe_corridor_observation_concentration,True,False,False,1.0,1.0,1.0,0.0,1.0,0.0,True,False,"insufficient_minimum_mappable_segments,minimum_unique_probes,minimum_unique_probe_asns","minimum_mappable_segments,minimum_unique_probes,minimum_unique_probe_asns",probe_country_service
PW,Topology-IPv4-ICMP,resolved_entry_only,,,0.0,0.0,0.0,,,,,,,,unknown_corridor_observation_concentration,False,False,False,0.0,0.0,,,,,False,False,insufficient_no_inter_region_projection_segments,"minimum_mappable_segments,minimum_unique_probes,minimum_unique_probe_asns,maximum_country_fallback_share",probe_country_service
PY,Topology-IPv4-ICMP,all_publicly_visible,5151,topology-baseline_topology-ipv4-icmp_msm5151_20260701T000000Z_010000Z.json,3.0,3.0,3.0,landing_region_08ea81d123b5::landing_region_192d23342e5f,0.3333333333333333,0.6666666666666666,1.0,1.0986122886681096,0.9999999999999998,2.9999999999999996,weak_corridor_observation_concentration,True,False,False,2.0,2.0,1.0,0.6666666666666666,0.3333333333333333,0.0,True,False,"insufficient_minimum_mappable_segments,minimum_unique_probes,minimum_unique_probe_asns","minimum_mappable_segments,minimum_unique_probes,minimum_unique_probe_asns",probe_country_service
PY,Topology-IPv4-ICMP,resolved_entry_only,5151,topology-baseline_topology-ipv4-icmp_msm5151_20260701T000000Z_010000Z.json,3.0,3.0,3.0,landing_region_08ea81d123b5::landing_region_192d23342e5f,0.3333333333333333,0.6666666666666666,1.0,1.0986122886681096,0.9999999999999998,2.9999999999999996,weak_corridor_observation_concentration,True,False,False,2.0,2.0,1.0,0.6666666666666666,0.3333333333333333,0.0,True,False,"insufficient_minimum_mappable_segments,minimum_unique_probes,minimum_unique_probe_asns","minimum_mappable_segments,minimum_unique_probes,minimum_unique_probe_asns",probe_country_service
QA,Topology-IPv4-ICMP,all_publicly_visible,5151,topology-baseline_topology-ipv4-icmp_msm5151_20260701T000000Z_010000Z.json,2.0,2.0,2.0,landing_region_08ea81d123b5::landing_region_ea98b74befe5,0.5,1.0,1.0,0.6931471805599453,1.0,2.0,moderate_corridor_observation_concentration,True,False,False,1.0,1.0,1.0,0.0,1.0,0.0,True,False,"insufficient_minimum_mappable_segments,minimum_unique_probes,minimum_unique_probe_asns","minimum_mappable_segments,minimum_unique_probes,minimum_unique_probe_asns",probe_country_service
QA,Topology-IPv4-ICMP,resolved_entry_only,,,0.0,0.0,0.0,,,,,,,,unknown_corridor_observation_concentration,False,False,False,0.0,0.0,,,,,False,False,insufficient_no_inter_region_projection_segments,"minimum_mappable_segments,minimum_unique_probes,minimum_unique_probe_asns,maximum_country_fallback_share",probe_country_service
RE,Topology-IPv4-ICMP,all_publicly_visible,5151,topology-baseline_topology-ipv4-icmp_msm5151_20260701T000000Z_010000Z.json,39.0,39.0,21.0,landing_region_5d023e72c246::landing_region_b37879c52c2b,0.11965811965811965,0.2393162393162393,0.3589743589743589,2.779832148710411,0.9130601615106055,16.116315576630896,broad_corridor_observation_distribution,False,False,True,19.0,3.0,1.0,0.5384615384615384,0.46153846153846156,0.3333333333333333,False,False,insufficient_maximum_country_fallback_share,maximum_country_fallback_share,probe_country_service
RE,Topology-IPv4-ICMP,resolved_entry_only,5151,topology-baseline_topology-ipv4-icmp_msm5151_20260701T000000Z_010000Z.json,28.0,28.0,19.0,landing_region_5d023e72c246::landing_region_b37879c52c2b,0.11904761904761904,0.23809523809523808,0.3571428571428571,2.704172171327385,0.9183998005939067,14.941942201075543,broad_corridor_observation_distribution,False,False,False,11.0,3.0,1.0,0.5357142857142857,0.4642857142857143,0.32142857142857145,False,False,"insufficient_minimum_mappable_segments,maximum_country_fallback_share","minimum_mappable_segments,maximum_country_fallback_share",probe_country_service
RO,Topology-IPv4-ICMP,all_publicly_visible,5151,topology-baseline_topology-ipv4-icmp_msm5151_20260701T000000Z_010000Z.json,25.0,25.0,19.0,landing_region_5a1e27deaea1::landing_region_ae1b031adf3a,0.12,0.24,0.36,2.746993700752303,0.9329429885247501,15.595676068704025,broad_corridor_observation_distribution,False,False,False,15.0,9.0,1.0,0.8,0.2,0.04,True,False,insufficient_minimum_mappable_segments,minimum_mappable_segments,probe_country_service
RO,Topology-IPv4-ICMP,resolved_entry_only,5151,topology-baseline_topology-ipv4-icmp_msm5151_20260701T000000Z_010000Z.json,16.0,16.0,13.0,landing_region_5a1e27deaea1::landing_region_ae1b031adf3a,0.1875,0.3125,0.4375,2.393312122974524,0.9330835776590624,10.949700704586935,broad_corridor_observation_distribution,False,False,False,9.0,7.0,1.0,0.6875,0.3125,0.0625,True,False,"insufficient_minimum_mappable_segments,minimum_unique_probes","minimum_mappable_segments,minimum_unique_probes",probe_country_service
RS,Topology-IPv4-ICMP,all_publicly_visible,5151,topology-baseline_topology-ipv4-icmp_msm5151_20260701T000000Z_010000Z.json,14.0,13.999999999999998,17.0,landing_region_5d023e72c246::landing_region_b37879c52c2b,0.14285714285714285,0.2857142857142857,0.42857142857142855,2.4314773214106653,0.8582048106301805,11.375675201063896,broad_corridor_observation_distribution,False,False,False,8.0,5.0,1.0,0.7142857142857144,0.2857142857142857,0.07142857142857142,True,False,"insufficient_minimum_mappable_segments,minimum_unique_probes","minimum_mappable_segments,minimum_unique_probes",probe_country_service
RS,Topology-IPv4-ICMP,resolved_entry_only,5151,topology-baseline_topology-ipv4-icmp_msm5151_20260701T000000Z_010000Z.json,7.0,6.999999999999999,8.0,landing_region_d073d559153a::landing_region_e2b0cd002b0c,0.2857142857142857,0.42857142857142855,0.5714285714285714,1.9627362970062252,0.9438766407545497,7.118779534280509,broad_corridor_observation_distribution,False,False,False,5.0,4.0,1.0,0.8571428571428571,0.14285714285714288,0.0,True,False,"insufficient_minimum_mappable_segments,minimum_unique_probes","minimum_mappable_segments,minimum_unique_probes",probe_country_service
RU,Topology-IPv4-ICMP,all_publicly_visible,5151,topology-baseline_topology-ipv4-icmp_msm5151_20260701T000000Z_010000Z.json,205.0,205.0,71.0,landing_region_1ce0b85cd8b9::landing_region_d073d559153a,0.17317073170731706,0.3317073170731707,0.4048780487804878,3.196593785311546,0.7499023800797987,24.449109287826452,broad_corridor_observation_distribution,False,False,True,131.0,99.0,1.0,0.6048780487804878,0.3951219512195122,0.03414634146341464,True,True,auditable,,probe_country_service
RU,Topology-IPv4-ICMP,resolved_entry_only,5151,topology-baseline_topology-ipv4-icmp_msm5151_20260701T000000Z_010000Z.json,121.0,120.99999999999999,51.0,landing_region_1ce0b85cd8b9::landing_region_d073d559153a,0.17355371900826447,0.3223140495867769,0.39669421487603307,3.1211712006090337,0.7938223848564726,22.672918635013943,broad_corridor_observation_distribution,False,False,True,78.0,61.0,1.0,0.5537190082644629,0.4462809917355373,0.01652892561983471,True,True,auditable,,probe_country_service
RW,Topology-IPv4-ICMP,all_publicly_visible,,,0.0,0.0,0.0,,,,,,,,unknown_corridor_observation_concentration,False,False,False,0.0,0.0,,,,,False,False,insufficient_no_inter_region_projection_segments,"minimum_mappable_segments,minimum_unique_probes,minimum_unique_probe_asns,maximum_country_fallback_share",probe_country_service
RW,Topology-IPv4-ICMP,resolved_entry_only,,,0.0,0.0,0.0,,,,,,,,unknown_corridor_observation_concentration,False,False,False,0.0,0.0,,,,,False,False,insufficient_no_inter_region_projection_segments,"minimum_mappable_segments,minimum_unique_probes,minimum_unique_probe_asns,maximum_country_fallback_share",probe_country_service
SA,Topology-IPv4-ICMP,all_publicly_visible,5151,topology-baseline_topology-ipv4-icmp_msm5151_20260701T000000Z_010000Z.json,8.0,8.0,11.0,landing_region_5d023e72c246::landing_region_b37879c52c2b,0.20833333333333331,0.41666666666666663,0.625,2.106749117106064,0.8785826224376615,8.22147075563324,broad_corridor_observation_distribution,False,False,False,5.0,5.0,1.0,0.625,0.375,0.0,True,False,"insufficient_minimum_mappable_segments,minimum_unique_probes","minimum_mappable_segments,minimum_unique_probes",probe_country_service
SA,Topology-IPv4-ICMP,resolved_entry_only,5151,topology-baseline_topology-ipv4-icmp_msm5151_20260701T000000Z_010000Z.json,2.0,2.0,7.0,landing_region_5d023e72c246::landing_region_b37879c52c2b,0.16666666666666666,0.3333333333333333,0.5,1.9356005054539456,0.9947018912428343,6.92820323027551,broad_corridor_observation_distribution,False,False,False,2.0,2.0,1.0,0.5,0.5,0.0,True,False,"insufficient_minimum_mappable_segments,minimum_unique_probes,minimum_unique_probe_asns","minimum_mappable_segments,minimum_unique_probes,minimum_unique_probe_asns",probe_country_service
SE,Topology-IPv4-ICMP,all_publicly_visible,5151,topology-baseline_topology-ipv4-icmp_msm5151_20260701T000000Z_010000Z.json,247.0,246.99999999999997,37.0,landing_region_d073d559153a::landing_region_e2b0cd002b0c,0.5141700404858299,0.6619433198380567,0.7935222672064777,1.8521700723042058,0.5129360780588579,6.373635776520592,broad_corridor_observation_distribution,False,False,True,113.0,44.0,1.0,0.805668016194332,0.1943319838056681,0.032388663967611336,True,True,auditable,,probe_country_service
SE,Topology-IPv4-ICMP,resolved_entry_only,5151,topology-baseline_topology-ipv4-icmp_msm5151_20260701T000000Z_010000Z.json,149.0,149.0,32.0,landing_region_d073d559153a::landing_region_e2b0cd002b0c,0.5033557046979866,0.6409395973154363,0.7583892617449665,1.9282191373520963,0.5563664374410129,6.877251888590945,broad_corridor_observation_distribution,False,False,True,62.0,31.0,1.0,0.8187919463087249,0.18120805369127516,0.026845637583892617,True,True,auditable,,probe_country_service
SG,Topology-IPv4-ICMP,all_publicly_visible,5151,topology-baseline_topology-ipv4-icmp_msm5151_20260701T000000Z_010000Z.json,362.0,362.0,24.0,landing_region_5d023e72c246::landing_region_b37879c52c2b,0.30018416206261506,0.6003683241252301,0.9005524861878451,1.578603179443287,0.49672008836629916,4.848179043224649,weak_corridor_observation_concentration,True,True,True,104.0,50.0,1.0,0.919889502762431,0.08011049723756906,0.049723756906077346,True,True,auditable,,probe_country_service
SG,Topology-IPv4-ICMP,resolved_entry_only,5151,topology-baseline_topology-ipv4-icmp_msm5151_20260701T000000Z_010000Z.json,187.0,187.0,18.0,landing_region_5d023e72c246::landing_region_b37879c52c2b,0.3012477718360071,0.6024955436720142,0.9037433155080212,1.5596540346245353,0.5396032639620627,4.7571751425226845,weak_corridor_observation_concentration,True,True,True,59.0,34.0,1.0,0.9144385026737968,0.0855614973262032,0.06951871657754011,True,True,auditable,,probe_country_service
SI,Topology-IPv4-ICMP,all_publicly_visible,5151,topology-baseline_topology-ipv4-icmp_msm5151_20260701T000000Z_010000Z.json,3.0,3.0000000000000004,5.0,landing_region_1d5c9bdda1cc::landing_region_ea98b74befe5,0.3333333333333333,0.6666666666666666,0.7777777777777777,1.4648163848908131,0.9101415926479806,4.326748710922226,broad_corridor_observation_distribution,False,False,False,3.0,2.0,1.0,0.6666666666666665,0.33333333333333326,0.3333333333333333,False,False,"insufficient_minimum_mappable_segments,minimum_unique_probes,minimum_unique_probe_asns,maximum_country_fallback_share","minimum_mappable_segments,minimum_unique_probes,minimum_unique_probe_asns,maximum_country_fallback_share",probe_country_service
SI,Topology-IPv4-ICMP,resolved_entry_only,5151,topology-baseline_topology-ipv4-icmp_msm5151_20260701T000000Z_010000Z.json,2.0,1.9999999999999998,4.0,landing_region_b451e83206f9::landing_region_f41a83b9b5b3,0.5,0.6666666666666666,0.8333333333333333,1.2424533248940002,0.8962406251802891,3.464101615137755,weak_corridor_observation_concentration,True,False,False,2.0,2.0,1.0,0.5000000000000001,0.5000000000000001,0.0,True,False,"insufficient_minimum_mappable_segments,minimum_unique_probes,minimum_unique_probe_asns","minimum_mappable_segments,minimum_unique_probes,minimum_unique_probe_asns",probe_country_service
SK,Topology-IPv4-ICMP,all_publicly_visible,5151,topology-baseline_topology-ipv4-icmp_msm5151_20260701T000000Z_010000Z.json,9.0,9.0,13.0,landing_region_16217d497d23::landing_region_af2b1cb46785,0.16666666666666666,0.2777777777777778,0.38888888888888884,2.399204296202616,0.9353807665727348,11.014408686042835,broad_corridor_observation_distribution,False,False,False,7.0,6.0,1.0,0.5555555555555556,0.4444444444444444,0.0,True,False,"insufficient_minimum_mappable_segments,minimum_unique_probes","minimum_mappable_segments,minimum_unique_probes",probe_country_service
SK,Topology-IPv4-ICMP,resolved_entry_only,5151,topology-baseline_topology-ipv4-icmp_msm5151_20260701T000000Z_010000Z.json,7.0,7.0,12.0,landing_region_16217d497d23::landing_region_af2b1cb46785,0.21428571428571427,0.3571428571428571,0.45238095238095233,2.321445532771584,0.9342184073472691,10.190394213246652,broad_corridor_observation_distribution,False,False,False,5.0,4.0,1.0,0.42857142857142855,0.5714285714285714,0.0,True,False,"insufficient_minimum_mappable_segments,minimum_unique_probes","minimum_mappable_segments,minimum_unique_probes",probe_country_service
SL,Topology-IPv4-ICMP,all_publicly_visible,5151,topology-baseline_topology-ipv4-icmp_msm5151_20260701T000000Z_010000Z.json,1.0,1.0,1.0,landing_region_343850da3642::landing_region_dbe3261635ed,1.0,1.0,1.0,-0.0,0.0,1.0,severe_corridor_observation_concentration,True,False,False,1.0,1.0,1.0,0.0,1.0,0.0,True,False,"insufficient_minimum_mappable_segments,minimum_unique_probes,minimum_unique_probe_asns","minimum_mappable_segments,minimum_unique_probes,minimum_unique_probe_asns",probe_country_service
SL,Topology-IPv4-ICMP,resolved_entry_only,,,0.0,0.0,0.0,,,,,,,,unknown_corridor_observation_concentration,False,False,False,0.0,0.0,,,,,False,False,insufficient_no_inter_region_projection_segments,"minimum_mappable_segments,minimum_unique_probes,minimum_unique_probe_asns,maximum_country_fallback_share",probe_country_service
SM,Topology-IPv4-ICMP,all_publicly_visible,,,0.0,0.0,0.0,,,,,,,,unknown_corridor_observation_concentration,False,False,False,0.0,0.0,,,,,False,False,insufficient_no_inter_region_projection_segments,"minimum_mappable_segments,minimum_unique_probes,minimum_unique_probe_asns,maximum_country_fallback_share",probe_country_service
SM,Topology-IPv4-ICMP,resolved_entry_only,,,0.0,0.0,0.0,,,,,,,,unknown_corridor_observation_concentration,False,False,False,0.0,0.0,,,,,False,False,insufficient_no_inter_region_projection_segments,"minimum_mappable_segments,minimum_unique_probes,minimum_unique_probe_asns,maximum_country_fallback_share",probe_country_service
SN,Topology-IPv4-ICMP,all_publicly_visible,,,0.0,0.0,0.0,,,,,,,,unknown_corridor_observation_concentration,False,False,False,0.0,0.0,,,,,False,False,insufficient_no_inter_region_projection_segments,"minimum_mappable_segments,minimum_unique_probes,minimum_unique_probe_asns,maximum_country_fallback_share",probe_country_service
SN,Topology-IPv4-ICMP,resolved_entry_only,,,0.0,0.0,0.0,,,,,,,,unknown_corridor_observation_concentration,False,False,False,0.0,0.0,,,,,False,False,insufficient_no_inter_region_projection_segments,"minimum_mappable_segments,minimum_unique_probes,minimum_unique_probe_asns,maximum_country_fallback_share",probe_country_service
SR,Topology-IPv4-ICMP,all_publicly_visible,5151,topology-baseline_topology-ipv4-icmp_msm5151_20260701T000000Z_010000Z.json,4.0,4.0,2.0,landing_region_08d221ee162c::landing_region_b451e83206f9,0.75,1.0,1.0,0.5623351446188083,0.8112781244591328,1.7547653506033232,moderate_corridor_observation_concentration,True,False,False,1.0,1.0,1.0,0.75,0.25,0.0,True,False,"insufficient_minimum_mappable_segments,minimum_unique_probes,minimum_unique_probe_asns","minimum_mappable_segments,minimum_unique_probes,minimum_unique_probe_asns",probe_country_service
SR,Topology-IPv4-ICMP,resolved_entry_only,5151,topology-baseline_topology-ipv4-icmp_msm5151_20260701T000000Z_010000Z.json,4.0,4.0,2.0,landing_region_08d221ee162c::landing_region_b451e83206f9,0.75,1.0,1.0,0.5623351446188083,0.8112781244591328,1.7547653506033232,moderate_corridor_observation_concentration,True,False,False,1.0,1.0,1.0,0.75,0.25,0.0,True,False,"insufficient_minimum_mappable_segments,minimum_unique_probes,minimum_unique_probe_asns","minimum_mappable_segments,minimum_unique_probes,minimum_unique_probe_asns",probe_country_service
SS,Topology-IPv4-ICMP,all_publicly_visible,,,0.0,0.0,0.0,,,,,,,,unknown_corridor_observation_concentration,False,False,False,0.0,0.0,,,,,False,False,insufficient_no_inter_region_projection_segments,"minimum_mappable_segments,minimum_unique_probes,minimum_unique_probe_asns,maximum_country_fallback_share",probe_country_service
SS,Topology-IPv4-ICMP,resolved_entry_only,,,0.0,0.0,0.0,,,,,,,,unknown_corridor_observation_concentration,False,False,False,0.0,0.0,,,,,False,False,insufficient_no_inter_region_projection_segments,"minimum_mappable_segments,minimum_unique_probes,minimum_unique_probe_asns,maximum_country_fallback_share",probe_country_service
SV,Topology-IPv4-ICMP,all_publicly_visible,5151,topology-baseline_topology-ipv4-icmp_msm5151_20260701T000000Z_010000Z.json,8.0,8.0,5.0,landing_region_620bdff3a2d2::landing_region_bd03623e84bf,0.375,0.625,0.75,1.4941751382893085,0.9283832117695865,4.455659733512512,broad_corridor_observation_distribution,False,False,False,6.0,5.0,1.0,0.375,0.625,0.0,True,False,"insufficient_minimum_mappable_segments,minimum_unique_probes","minimum_mappable_segments,minimum_unique_probes",probe_country_service
SV,Topology-IPv4-ICMP,resolved_entry_only,5151,topology-baseline_topology-ipv4-icmp_msm5151_20260701T000000Z_010000Z.json,1.0,1.0,1.0,landing_region_620bdff3a2d2::landing_region_bd03623e84bf,1.0,1.0,1.0,-0.0,0.0,1.0,severe_corridor_observation_concentration,True,False,False,1.0,1.0,1.0,0.0,1.0,0.0,True,False,"insufficient_minimum_mappable_segments,minimum_unique_probes,minimum_unique_probe_asns","minimum_mappable_segments,minimum_unique_probes,minimum_unique_probe_asns",probe_country_service
SY,Topology-IPv4-ICMP,all_publicly_visible,,,0.0,0.0,0.0,,,,,,,,unknown_corridor_observation_concentration,False,False,False,0.0,0.0,,,,,False,False,insufficient_no_inter_region_projection_segments,"minimum_mappable_segments,minimum_unique_probes,minimum_unique_probe_asns,maximum_country_fallback_share",probe_country_service
SY,Topology-IPv4-ICMP,resolved_entry_only,,,0.0,0.0,0.0,,,,,,,,unknown_corridor_observation_concentration,False,False,False,0.0,0.0,,,,,False,False,insufficient_no_inter_region_projection_segments,"minimum_mappable_segments,minimum_unique_probes,minimum_unique_probe_asns,maximum_country_fallback_share",probe_country_service
TD,Topology-IPv4-ICMP,all_publicly_visible,5151,topology-baseline_topology-ipv4-icmp_msm5151_20260701T000000Z_010000Z.json,1.0,1.0,1.0,landing_region_a33078e57a08::landing_region_bd03623e84bf,1.0,1.0,1.0,-0.0,0.0,1.0,severe_corridor_observation_concentration,True,False,False,1.0,1.0,1.0,0.0,1.0,0.0,True,False,"insufficient_minimum_mappable_segments,minimum_unique_probes,minimum_unique_probe_asns","minimum_mappable_segments,minimum_unique_probes,minimum_unique_probe_asns",probe_country_service
TD,Topology-IPv4-ICMP,resolved_entry_only,5151,topology-baseline_topology-ipv4-icmp_msm5151_20260701T000000Z_010000Z.json,1.0,1.0,1.0,landing_region_a33078e57a08::landing_region_bd03623e84bf,1.0,1.0,1.0,-0.0,0.0,1.0,severe_corridor_observation_concentration,True,False,False,1.0,1.0,1.0,0.0,1.0,0.0,True,False,"insufficient_minimum_mappable_segments,minimum_unique_probes,minimum_unique_probe_asns","minimum_mappable_segments,minimum_unique_probes,minimum_unique_probe_asns",probe_country_service
TG,Topology-IPv4-ICMP,all_publicly_visible,5151,topology-baseline_topology-ipv4-icmp_msm5151_20260701T000000Z_010000Z.json,1.0,1.0,1.0,landing_region_30beda532e6f::landing_region_c40dbe766ade,1.0,1.0,1.0,-0.0,0.0,1.0,severe_corridor_observation_concentration,True,False,False,1.0,1.0,1.0,0.0,1.0,1.0,False,False,"insufficient_minimum_mappable_segments,minimum_unique_probes,minimum_unique_probe_asns,maximum_country_fallback_share","minimum_mappable_segments,minimum_unique_probes,minimum_unique_probe_asns,maximum_country_fallback_share",probe_country_service
TG,Topology-IPv4-ICMP,resolved_entry_only,5151,topology-baseline_topology-ipv4-icmp_msm5151_20260701T000000Z_010000Z.json,1.0,1.0,1.0,landing_region_30beda532e6f::landing_region_c40dbe766ade,1.0,1.0,1.0,-0.0,0.0,1.0,severe_corridor_observation_concentration,True,False,False,1.0,1.0,1.0,0.0,1.0,1.0,False,False,"insufficient_minimum_mappable_segments,minimum_unique_probes,minimum_unique_probe_asns,maximum_country_fallback_share","minimum_mappable_segments,minimum_unique_probes,minimum_unique_probe_asns,maximum_country_fallback_share",probe_country_service
TH,Topology-IPv4-ICMP,all_publicly_visible,5151,topology-baseline_topology-ipv4-icmp_msm5151_20260701T000000Z_010000Z.json,47.0,47.000000000000014,22.0,landing_region_5d023e72c246::landing_region_b37879c52c2b,0.2453900709219858,0.4907801418439716,0.7361702127659574,2.131349235408674,0.6895244137113138,8.426228110511355,broad_corridor_observation_distribution,False,False,True,27.0,18.0,1.0,0.7446808510638295,0.25531914893617014,0.10638297872340426,True,True,auditable,,probe_country_service
TH,Topology-IPv4-ICMP,resolved_entry_only,5151,topology-baseline_topology-ipv4-icmp_msm5151_20260701T000000Z_010000Z.json,28.0,27.999999999999993,20.0,landing_region_5d023e72c246::landing_region_b37879c52c2b,0.2095238095238095,0.419047619047619,0.6285714285714286,2.3565753887432055,0.7866441903192768,10.554743595174415,broad_corridor_observation_distribution,False,False,False,16.0,14.0,1.0,0.642857142857143,0.3571428571428572,0.07142857142857142,True,False,insufficient_minimum_mappable_segments,minimum_mappable_segments,probe_country_service
TJ,Topology-IPv4-ICMP,all_publicly_visible,5151,topology-baseline_topology-ipv4-icmp_msm5151_20260701T000000Z_010000Z.json,5.0,5.0,5.0,landing_region_1392e3aea9b8::landing_region_8dc97f28b4d0,0.4,0.6000000000000001,0.7333333333333334,1.4943650834533881,0.9285012313356799,4.456506144915009,broad_corridor_observation_distribution,False,False,False,3.0,3.0,1.0,1.0,0.0,0.0,True,False,"insufficient_minimum_mappable_segments,minimum_unique_probes","minimum_mappable_segments,minimum_unique_probes",probe_country_service
TJ,Topology-IPv4-ICMP,resolved_entry_only,5151,topology-baseline_topology-ipv4-icmp_msm5151_20260701T000000Z_010000Z.json,5.0,5.0,5.0,landing_region_1392e3aea9b8::landing_region_8dc97f28b4d0,0.4,0.6000000000000001,0.7333333333333334,1.4943650834533881,0.9285012313356799,4.456506144915009,broad_corridor_observation_distribution,False,False,False,3.0,3.0,1.0,1.0,0.0,0.0,True,False,"insufficient_minimum_mappable_segments,minimum_unique_probes","minimum_mappable_segments,minimum_unique_probes",probe_country_service
TL,Topology-IPv4-ICMP,all_publicly_visible,5151,topology-baseline_topology-ipv4-icmp_msm5151_20260701T000000Z_010000Z.json,5.0,5.000000000000002,14.0,landing_region_58084817cbe7::landing_region_b204db5c9fda,0.2,0.30000000000000004,0.4,2.41450825058113,0.9149131485268398,11.184269147201446,broad_corridor_observation_distribution,False,False,False,4.0,2.0,1.0,0.19999999999999993,0.7999999999999996,0.2,True,False,"insufficient_minimum_mappable_segments,minimum_unique_probes,minimum_unique_probe_asns","minimum_mappable_segments,minimum_unique_probes,minimum_unique_probe_asns",probe_country_service
TL,Topology-IPv4-ICMP,resolved_entry_only,5151,topology-baseline_topology-ipv4-icmp_msm5151_20260701T000000Z_010000Z.json,4.0,4.0,7.0,landing_region_58084817cbe7::landing_region_b204db5c9fda,0.25,0.375,0.5,1.9061547465398496,0.979569764547061,6.727171322029717,broad_corridor_observation_distribution,False,False,False,3.0,2.0,1.0,0.25,0.75,0.0,True,False,"insufficient_minimum_mappable_segments,minimum_unique_probes,minimum_unique_probe_asns","minimum_mappable_segments,minimum_unique_probes,minimum_unique_probe_asns",probe_country_service
TN,Topology-IPv4-ICMP,all_publicly_visible,5151,topology-baseline_topology-ipv4-icmp_msm5151_20260701T000000Z_010000Z.json,1.0,1.0,1.0,landing_region_8d528e077d6e::landing_region_df61fea74887,1.0,1.0,1.0,-0.0,0.0,1.0,severe_corridor_observation_concentration,True,False,False,1.0,1.0,1.0,1.0,0.0,0.0,True,False,"insufficient_minimum_mappable_segments,minimum_unique_probes,minimum_unique_probe_asns","minimum_mappable_segments,minimum_unique_probes,minimum_unique_probe_asns",probe_country_service
TN,Topology-IPv4-ICMP,resolved_entry_only,5151,topology-baseline_topology-ipv4-icmp_msm5151_20260701T000000Z_010000Z.json,1.0,1.0,1.0,landing_region_8d528e077d6e::landing_region_df61fea74887,1.0,1.0,1.0,-0.0,0.0,1.0,severe_corridor_observation_concentration,True,False,False,1.0,1.0,1.0,1.0,0.0,0.0,True,False,"insufficient_minimum_mappable_segments,minimum_unique_probes,minimum_unique_probe_asns","minimum_mappable_segments,minimum_unique_probes,minimum_unique_probe_asns",probe_country_service
TO,Topology-IPv4-ICMP,all_publicly_visible,5151,topology-baseline_topology-ipv4-icmp_msm5151_20260701T000000Z_010000Z.json,4.0,4.0,4.0,landing_region_1cece50a3587::landing_region_58084817cbe7,0.25,0.5,0.75,1.3862943611198906,1.0,4.0,weak_corridor_observation_concentration,True,False,False,1.0,1.0,1.0,0.5,0.5,0.0,True,False,"insufficient_minimum_mappable_segments,minimum_unique_probes,minimum_unique_probe_asns","minimum_mappable_segments,minimum_unique_probes,minimum_unique_probe_asns",probe_country_service
TO,Topology-IPv4-ICMP,resolved_entry_only,5151,topology-baseline_topology-ipv4-icmp_msm5151_20260701T000000Z_010000Z.json,4.0,4.0,4.0,landing_region_1cece50a3587::landing_region_58084817cbe7,0.25,0.5,0.75,1.3862943611198906,1.0,4.0,weak_corridor_observation_concentration,True,False,False,1.0,1.0,1.0,0.5,0.5,0.0,True,False,"insufficient_minimum_mappable_segments,minimum_unique_probes,minimum_unique_probe_asns","minimum_mappable_segments,minimum_unique_probes,minimum_unique_probe_asns",probe_country_service
TR,Topology-IPv4-ICMP,all_publicly_visible,5151,topology-baseline_topology-ipv4-icmp_msm5151_20260701T000000Z_010000Z.json,10.0,9.999999999999996,14.0,landing_region_08d221ee162c::landing_region_b451e83206f9,0.4,0.5,0.6000000000000001,2.0237513850732536,0.7668463137814029,7.566657202694566,broad_corridor_observation_distribution,False,False,False,7.0,6.0,1.0,0.8000000000000003,0.20000000000000004,0.1,True,False,"insufficient_minimum_mappable_segments,minimum_unique_probes","minimum_mappable_segments,minimum_unique_probes",probe_country_service
TR,Topology-IPv4-ICMP,resolved_entry_only,5151,topology-baseline_topology-ipv4-icmp_msm5151_20260701T000000Z_010000Z.json,7.0,7.000000000000002,12.0,landing_region_08d221ee162c::landing_region_b451e83206f9,0.42857142857142855,0.5714285714285714,0.6666666666666666,1.868910648950644,0.7521049730822242,6.481232215182379,broad_corridor_observation_distribution,False,False,False,4.0,4.0,1.0,0.8571428571428569,0.1428571428571428,0.0,True,False,"insufficient_minimum_mappable_segments,minimum_unique_probes","minimum_mappable_segments,minimum_unique_probes",probe_country_service
TT,Topology-IPv4-ICMP,all_publicly_visible,,,0.0,0.0,0.0,,,,,,,,unknown_corridor_observation_concentration,False,False,False,0.0,0.0,,,,,False,False,insufficient_no_inter_region_projection_segments,"minimum_mappable_segments,minimum_unique_probes,minimum_unique_probe_asns,maximum_country_fallback_share",probe_country_service
TT,Topology-IPv4-ICMP,resolved_entry_only,,,0.0,0.0,0.0,,,,,,,,unknown_corridor_observation_concentration,False,False,False,0.0,0.0,,,,,False,False,insufficient_no_inter_region_projection_segments,"minimum_mappable_segments,minimum_unique_probes,minimum_unique_probe_asns,maximum_country_fallback_share",probe_country_service
TV,Topology-IPv4-ICMP,all_publicly_visible,5151,topology-baseline_topology-ipv4-icmp_msm5151_20260701T000000Z_010000Z.json,1.0,1.0,1.0,landing_region_1cece50a3587::landing_region_58084817cbe7,1.0,1.0,1.0,-0.0,0.0,1.0,severe_corridor_observation_concentration,True,False,False,1.0,1.0,1.0,0.0,1.0,1.0,False,False,"insufficient_minimum_mappable_segments,minimum_unique_probes,minimum_unique_probe_asns,maximum_country_fallback_share","minimum_mappable_segments,minimum_unique_probes,minimum_unique_probe_asns,maximum_country_fallback_share",probe_country_service
TV,Topology-IPv4-ICMP,resolved_entry_only,,,0.0,0.0,0.0,,,,,,,,unknown_corridor_observation_concentration,False,False,False,0.0,0.0,,,,,False,False,insufficient_no_inter_region_projection_segments,"minimum_mappable_segments,minimum_unique_probes,minimum_unique_probe_asns,maximum_country_fallback_share",probe_country_service
TW,Topology-IPv4-ICMP,all_publicly_visible,5151,topology-baseline_topology-ipv4-icmp_msm5151_20260701T000000Z_010000Z.json,123.0,123.0,38.0,landing_region_3362110f86da::landing_region_7a95dbddaa36,0.43089430894308944,0.4878048780487805,0.5311653116531165,2.5002209139762432,0.6873296752823325,12.185185541177818,broad_corridor_observation_distribution,False,False,True,54.0,19.0,1.0,0.6991869918699187,0.3008130081300813,0.4796747967479675,False,False,insufficient_maximum_country_fallback_share,maximum_country_fallback_share,probe_country_service
TW,Topology-IPv4-ICMP,resolved_entry_only,5151,topology-baseline_topology-ipv4-icmp_msm5151_20260701T000000Z_010000Z.json,74.0,74.00000000000001,33.0,landing_region_3362110f86da::landing_region_7a95dbddaa36,0.3918918918918919,0.44594594594594594,0.5,2.513366966865996,0.71882211683588,12.346430177867207,broad_corridor_observation_distribution,False,False,True,32.0,13.0,1.0,0.7162162162162162,0.2837837837837837,0.5540540540540541,False,False,insufficient_maximum_country_fallback_share,maximum_country_fallback_share,probe_country_service
TZ,Topology-IPv4-ICMP,all_publicly_visible,5151,topology-baseline_topology-ipv4-icmp_msm5151_20260701T000000Z_010000Z.json,4.0,4.0,4.0,landing_region_343850da3642::landing_region_f7627feb3284,0.5,0.75,0.875,1.2130075659799042,0.875,3.363585661014858,weak_corridor_observation_concentration,True,False,False,2.0,2.0,1.0,0.75,0.25,0.0,True,False,"insufficient_minimum_mappable_segments,minimum_unique_probes,minimum_unique_probe_asns","minimum_mappable_segments,minimum_unique_probes,minimum_unique_probe_asns",probe_country_service
TZ,Topology-IPv4-ICMP,resolved_entry_only,5151,topology-baseline_topology-ipv4-icmp_msm5151_20260701T000000Z_010000Z.json,1.0,1.0,1.0,landing_region_3996aeca3c5e::landing_region_58084817cbe7,1.0,1.0,1.0,-0.0,0.0,1.0,severe_corridor_observation_concentration,True,False,False,1.0,1.0,1.0,1.0,0.0,0.0,True,False,"insufficient_minimum_mappable_segments,minimum_unique_probes,minimum_unique_probe_asns","minimum_mappable_segments,minimum_unique_probes,minimum_unique_probe_asns",probe_country_service
UA,Topology-IPv4-ICMP,all_publicly_visible,5151,topology-baseline_topology-ipv4-icmp_msm5151_20260701T000000Z_010000Z.json,43.0,43.00000000000001,27.0,landing_region_5a1e27deaea1::landing_region_ae1b031adf3a,0.13953488372093023,0.27596899224806204,0.4124031007751938,2.671614078610433,0.8106026442532438,14.463295258199725,broad_corridor_observation_distribution,False,False,True,26.0,23.0,1.0,0.7906976744186045,0.20930232558139528,0.023255813953488372,True,True,auditable,,probe_country_service
UA,Topology-IPv4-ICMP,resolved_entry_only,5151,topology-baseline_topology-ipv4-icmp_msm5151_20260701T000000Z_010000Z.json,24.0,23.999999999999996,20.0,landing_region_5a1e27deaea1::landing_region_ae1b031adf3a,0.20833333333333334,0.3277777777777778,0.44722222222222224,2.5388341600641273,0.8474836628348561,12.664897117689717,broad_corridor_observation_distribution,False,False,False,15.0,13.0,1.0,0.7500000000000001,0.25000000000000006,0.0,True,False,insufficient_minimum_mappable_segments,minimum_mappable_segments,probe_country_service
UG,Topology-IPv4-ICMP,all_publicly_visible,5151,topology-baseline_topology-ipv4-icmp_msm5151_20260701T000000Z_010000Z.json,3.0,3.0,10.0,landing_region_08ea81d123b5::landing_region_af2b1cb46785,0.16666666666666666,0.3333333333333333,0.4444444444444444,2.2323447492221615,0.9694950062928832,9.321697517861576,broad_corridor_observation_distribution,False,False,False,1.0,1.0,1.0,0.3333333333333333,0.6666666666666666,0.0,True,False,"insufficient_minimum_mappable_segments,minimum_unique_probes,minimum_unique_probe_asns","minimum_mappable_segments,minimum_unique_probes,minimum_unique_probe_asns",probe_country_service
UG,Topology-IPv4-ICMP,resolved_entry_only,5151,topology-baseline_topology-ipv4-icmp_msm5151_20260701T000000Z_010000Z.json,3.0,3.0,10.0,landing_region_08ea81d123b5::landing_region_af2b1cb46785,0.16666666666666666,0.3333333333333333,0.4444444444444444,2.2323447492221615,0.9694950062928832,9.321697517861576,broad_corridor_observation_distribution,False,False,False,1.0,1.0,1.0,0.3333333333333333,0.6666666666666666,0.0,True,False,"insufficient_minimum_mappable_segments,minimum_unique_probes,minimum_unique_probe_asns","minimum_mappable_segments,minimum_unique_probes,minimum_unique_probe_asns",probe_country_service
US,Topology-IPv4-ICMP,all_publicly_visible,5151,topology-baseline_topology-ipv4-icmp_msm5151_20260701T000000Z_010000Z.json,813.0,813.0000000000002,116.0,landing_region_08d221ee162c::landing_region_b451e83206f9,0.3923739237392374,0.46863468634686345,0.5284132841328413,2.8685783073495505,0.6034551132986727,17.611961596301704,broad_corridor_observation_distribution,False,False,True,392.0,165.0,1.0,0.8302583025830256,0.1697416974169741,0.07995079950799508,True,True,auditable,,probe_country_service
US,Topology-IPv4-ICMP,resolved_entry_only,5151,topology-baseline_topology-ipv4-icmp_msm5151_20260701T000000Z_010000Z.json,520.0,520.0,89.0,landing_region_08d221ee162c::landing_region_b451e83206f9,0.3971153846153846,0.47980769230769227,0.5427564102564102,2.7398055152756213,0.6103870506755084,15.483973407185276,broad_corridor_observation_distribution,False,False,True,254.0,112.0,1.0,0.85,0.15,0.07307692307692308,True,True,auditable,,probe_country_service
UY,Topology-IPv4-ICMP,all_publicly_visible,5151,topology-baseline_topology-ipv4-icmp_msm5151_20260701T000000Z_010000Z.json,1.0,1.0,1.0,landing_region_08ea81d123b5::landing_region_32509493c7f4,1.0,1.0,1.0,-0.0,0.0,1.0,severe_corridor_observation_concentration,True,False,False,1.0,1.0,1.0,0.0,1.0,1.0,False,False,"insufficient_minimum_mappable_segments,minimum_unique_probes,minimum_unique_probe_asns,maximum_country_fallback_share","minimum_mappable_segments,minimum_unique_probes,minimum_unique_probe_asns,maximum_country_fallback_share",probe_country_service
UY,Topology-IPv4-ICMP,resolved_entry_only,5151,topology-baseline_topology-ipv4-icmp_msm5151_20260701T000000Z_010000Z.json,1.0,1.0,1.0,landing_region_08ea81d123b5::landing_region_32509493c7f4,1.0,1.0,1.0,-0.0,0.0,1.0,severe_corridor_observation_concentration,True,False,False,1.0,1.0,1.0,0.0,1.0,1.0,False,False,"insufficient_minimum_mappable_segments,minimum_unique_probes,minimum_unique_probe_asns,maximum_country_fallback_share","minimum_mappable_segments,minimum_unique_probes,minimum_unique_probe_asns,maximum_country_fallback_share",probe_country_service
UZ,Topology-IPv4-ICMP,all_publicly_visible,5151,topology-baseline_topology-ipv4-icmp_msm5151_20260701T000000Z_010000Z.json,2.0,1.9999999999999998,8.0,landing_region_5a1e27deaea1::landing_region_ae1b031adf3a,0.5,0.5714285714285714,0.6428571428571428,1.6661022550876021,0.8012258203429342,5.291502622129182,broad_corridor_observation_distribution,False,False,False,1.0,1.0,1.0,0.5000000000000001,0.5000000000000001,0.0,True,False,"insufficient_minimum_mappable_segments,minimum_unique_probes,minimum_unique_probe_asns","minimum_mappable_segments,minimum_unique_probes,minimum_unique_probe_asns",probe_country_service
UZ,Topology-IPv4-ICMP,resolved_entry_only,5151,topology-baseline_topology-ipv4-icmp_msm5151_20260701T000000Z_010000Z.json,2.0,1.9999999999999998,8.0,landing_region_5a1e27deaea1::landing_region_ae1b031adf3a,0.5,0.5714285714285714,0.6428571428571428,1.6661022550876021,0.8012258203429342,5.291502622129182,broad_corridor_observation_distribution,False,False,False,1.0,1.0,1.0,0.5000000000000001,0.5000000000000001,0.0,True,False,"insufficient_minimum_mappable_segments,minimum_unique_probes,minimum_unique_probe_asns","minimum_mappable_segments,minimum_unique_probes,minimum_unique_probe_asns",probe_country_service
VA,Topology-IPv4-ICMP,all_publicly_visible,,,0.0,0.0,0.0,,,,,,,,unknown_corridor_observation_concentration,False,False,False,0.0,0.0,,,,,False,False,insufficient_no_inter_region_projection_segments,"minimum_mappable_segments,minimum_unique_probes,minimum_unique_probe_asns,maximum_country_fallback_share",probe_country_service
VA,Topology-IPv4-ICMP,resolved_entry_only,,,0.0,0.0,0.0,,,,,,,,unknown_corridor_observation_concentration,False,False,False,0.0,0.0,,,,,False,False,insufficient_no_inter_region_projection_segments,"minimum_mappable_segments,minimum_unique_probes,minimum_unique_probe_asns,maximum_country_fallback_share",probe_country_service
VE,Topology-IPv4-ICMP,all_publicly_visible,5151,topology-baseline_topology-ipv4-icmp_msm5151_20260701T000000Z_010000Z.json,20.0,20.0,11.0,landing_region_382d2f85d165::landing_region_b3c39d3335c0,0.35,0.44999999999999996,0.55,2.118497870782286,0.8834822332795106,8.318632437102927,broad_corridor_observation_distribution,False,False,False,11.0,9.0,1.0,0.95,0.05,0.0,True,False,insufficient_minimum_mappable_segments,minimum_mappable_segments,probe_country_service
VE,Topology-IPv4-ICMP,resolved_entry_only,5151,topology-baseline_topology-ipv4-icmp_msm5151_20260701T000000Z_010000Z.json,18.0,18.0,11.0,landing_region_382d2f85d165::landing_region_b3c39d3335c0,0.2777777777777778,0.3888888888888889,0.5,2.2253436148840864,0.9280403694557875,9.256662984675385,broad_corridor_observation_distribution,False,False,False,10.0,9.0,1.0,0.9444444444444444,0.05555555555555555,0.0,True,False,insufficient_minimum_mappable_segments,minimum_mappable_segments,probe_country_service
VI,Topology-IPv4-ICMP,all_publicly_visible,5151,topology-baseline_topology-ipv4-icmp_msm5151_20260701T000000Z_010000Z.json,3.0,3.0,2.0,landing_region_bd03623e84bf::landing_region_fd5565d28cce,0.6666666666666666,1.0,1.0,0.6365141682948128,0.9182958340544894,1.8898815748423097,moderate_corridor_observation_concentration,True,False,False,2.0,1.0,1.0,0.3333333333333333,0.6666666666666666,0.0,True,False,"insufficient_minimum_mappable_segments,minimum_unique_probes,minimum_unique_probe_asns","minimum_mappable_segments,minimum_unique_probes,minimum_unique_probe_asns",probe_country_service
VI,Topology-IPv4-ICMP,resolved_entry_only,5151,topology-baseline_topology-ipv4-icmp_msm5151_20260701T000000Z_010000Z.json,3.0,3.0,2.0,landing_region_bd03623e84bf::landing_region_fd5565d28cce,0.6666666666666666,1.0,1.0,0.6365141682948128,0.9182958340544894,1.8898815748423097,moderate_corridor_observation_concentration,True,False,False,2.0,1.0,1.0,0.3333333333333333,0.6666666666666666,0.0,True,False,"insufficient_minimum_mappable_segments,minimum_unique_probes,minimum_unique_probe_asns","minimum_mappable_segments,minimum_unique_probes,minimum_unique_probe_asns",probe_country_service
VN,Topology-IPv4-ICMP,all_publicly_visible,5151,topology-baseline_topology-ipv4-icmp_msm5151_20260701T000000Z_010000Z.json,33.0,33.0,11.0,landing_region_5d023e72c246::landing_region_b37879c52c2b,0.2323232323232323,0.4646464646464646,0.6969696969696969,1.9349798174019912,0.8069492606088039,6.923904311590713,broad_corridor_observation_distribution,False,False,True,14.0,13.0,1.0,0.8484848484848485,0.15151515151515152,0.18181818181818182,True,True,auditable,,probe_country_service
VN,Topology-IPv4-ICMP,resolved_entry_only,5151,topology-baseline_topology-ipv4-icmp_msm5151_20260701T000000Z_010000Z.json,26.0,26.0,10.0,landing_region_5d023e72c246::landing_region_b37879c52c2b,0.21794871794871792,0.43589743589743585,0.6538461538461537,1.943852339224481,0.8442043445599201,6.985610142057662,broad_corridor_observation_distribution,False,False,False,8.0,8.0,1.0,0.8461538461538461,0.15384615384615385,0.15384615384615385,True,False,"insufficient_minimum_mappable_segments,minimum_unique_probes","minimum_mappable_segments,minimum_unique_probes",probe_country_service
VU,Topology-IPv4-ICMP,all_publicly_visible,5151,topology-baseline_topology-ipv4-icmp_msm5151_20260701T000000Z_010000Z.json,8.0,8.0,4.0,landing_region_82a1b23200f3::landing_region_c94f4fef1bdd,0.5,0.75,0.875,1.2130075659799042,0.875,3.363585661014858,weak_corridor_observation_concentration,True,False,False,2.0,1.0,1.0,0.625,0.375,0.0,True,False,"insufficient_minimum_mappable_segments,minimum_unique_probes,minimum_unique_probe_asns","minimum_mappable_segments,minimum_unique_probes,minimum_unique_probe_asns",probe_country_service
VU,Topology-IPv4-ICMP,resolved_entry_only,5151,topology-baseline_topology-ipv4-icmp_msm5151_20260701T000000Z_010000Z.json,8.0,8.0,4.0,landing_region_82a1b23200f3::landing_region_c94f4fef1bdd,0.5,0.75,0.875,1.2130075659799042,0.875,3.363585661014858,weak_corridor_observation_concentration,True,False,False,2.0,1.0,1.0,0.625,0.375,0.0,True,False,"insufficient_minimum_mappable_segments,minimum_unique_probes,minimum_unique_probe_asns","minimum_mappable_segments,minimum_unique_probes,minimum_unique_probe_asns",probe_country_service
YE,Topology-IPv4-ICMP,all_publicly_visible,,,0.0,0.0,0.0,,,,,,,,unknown_corridor_observation_concentration,False,False,False,0.0,0.0,,,,,False,False,insufficient_no_inter_region_projection_segments,"minimum_mappable_segments,minimum_unique_probes,minimum_unique_probe_asns,maximum_country_fallback_share",probe_country_service
YE,Topology-IPv4-ICMP,resolved_entry_only,,,0.0,0.0,0.0,,,,,,,,unknown_corridor_observation_concentration,False,False,False,0.0,0.0,,,,,False,False,insufficient_no_inter_region_projection_segments,"minimum_mappable_segments,minimum_unique_probes,minimum_unique_probe_asns,maximum_country_fallback_share",probe_country_service
ZA,Topology-IPv4-ICMP,all_publicly_visible,5151,topology-baseline_topology-ipv4-icmp_msm5151_20260701T000000Z_010000Z.json,83.0,83.0,43.0,landing_region_82a1b23200f3::landing_region_c94f4fef1bdd,0.25301204819277107,0.3132530120481928,0.37349397590361444,3.010666124826772,0.8004535872113807,20.300918367987084,broad_corridor_observation_distribution,False,False,True,36.0,27.0,1.0,0.27710843373493976,0.7228915662650602,0.04819277108433735,True,True,auditable,,probe_country_service
ZA,Topology-IPv4-ICMP,resolved_entry_only,5151,topology-baseline_topology-ipv4-icmp_msm5151_20260701T000000Z_010000Z.json,37.0,37.0,38.0,landing_region_d073d559153a::landing_region_e2b0cd002b0c,0.08108108108108109,0.14864864864864866,0.21621621621621623,3.2864018439391733,0.9034567704057825,26.74645239873729,broad_corridor_observation_distribution,False,False,True,21.0,18.0,1.0,0.43243243243243246,0.5675675675675675,0.02702702702702703,True,True,auditable,,probe_country_service
ZM,Topology-IPv4-ICMP,all_publicly_visible,5151,topology-baseline_topology-ipv4-icmp_msm5151_20260701T000000Z_010000Z.json,1.0,1.0,1.0,landing_region_57424b247075::landing_region_eafefa1c1ea4,1.0,1.0,1.0,-0.0,0.0,1.0,severe_corridor_observation_concentration,True,False,False,1.0,1.0,1.0,0.0,1.0,0.0,True,False,"insufficient_minimum_mappable_segments,minimum_unique_probes,minimum_unique_probe_asns","minimum_mappable_segments,minimum_unique_probes,minimum_unique_probe_asns",probe_country_service
ZM,Topology-IPv4-ICMP,resolved_entry_only,5151,topology-baseline_topology-ipv4-icmp_msm5151_20260701T000000Z_010000Z.json,1.0,1.0,1.0,landing_region_57424b247075::landing_region_eafefa1c1ea4,1.0,1.0,1.0,-0.0,0.0,1.0,severe_corridor_observation_concentration,True,False,False,1.0,1.0,1.0,0.0,1.0,0.0,True,False,"insufficient_minimum_mappable_segments,minimum_unique_probes,minimum_unique_probe_asns","minimum_mappable_segments,minimum_unique_probes,minimum_unique_probe_asns",probe_country_service
ZW,Topology-IPv4-ICMP,all_publicly_visible,5151,topology-baseline_topology-ipv4-icmp_msm5151_20260701T000000Z_010000Z.json,2.0,2.0,2.0,landing_region_09d9f94c7c1e::landing_region_1a00bf1d418e,0.5,1.0,1.0,0.6931471805599453,1.0,2.0,moderate_corridor_observation_concentration,True,False,False,1.0,1.0,1.0,0.0,1.0,0.0,True,False,"insufficient_minimum_mappable_segments,minimum_unique_probes,minimum_unique_probe_asns","minimum_mappable_segments,minimum_unique_probes,minimum_unique_probe_asns",probe_country_service
ZW,Topology-IPv4-ICMP,resolved_entry_only,,,0.0,0.0,0.0,,,,,,,,unknown_corridor_observation_concentration,False,False,False,0.0,0.0,,,,,False,False,insufficient_no_inter_region_projection_segments,"minimum_mappable_segments,minimum_unique_probes,minimum_unique_probe_asns,maximum_country_fallback_share",probe_country_service
