probe_country,service_id,path_scope_stratum,msm_id,file_name,corridor_id,corridor_label,observation_mass,raw_segment_count_with_corridor_feasible,unique_atomic_segments,unique_traceroutes,unique_probes,unique_probe_asns,group_unique_probes,group_unique_probe_asns,share_of_unit_observation_mass,rank_within_unit,is_top1_corridor,is_top2_corridor,is_top3_corridor,domestic_segment_mass,international_segment_mass
AE,F-Root,all_publicly_visible,5004,dns-root_f-root_msm5004_20260701T000000Z_010000Z.json,landing_region_1392e3aea9b8::landing_region_8dc97f28b4d0,"Fujairah, United Arab Emirates -> Sharjah, United Arab Emirates",34.0,34,34,10,5,4,6,5,0.85,1,True,False,False,34.0,0.0
AE,F-Root,all_publicly_visible,5004,dns-root_f-root_msm5004_20260701T000000Z_010000Z.json,landing_region_1392e3aea9b8::landing_region_d0ecf913edd7,"Fujairah, United Arab Emirates -> Katong, Singapore",4.0,4,4,2,1,1,6,5,0.1,2,False,True,False,0.0,4.0
AE,F-Root,all_publicly_visible,5004,dns-root_f-root_msm5004_20260701T000000Z_010000Z.json,landing_region_6fa1e5de30e2::landing_region_8dc97f28b4d0,"Al Seeb, Oman -> Sharjah, United Arab Emirates",2.0,2,2,1,1,1,6,5,0.05,3,False,False,True,0.0,2.0
AU,F-Root,all_publicly_visible,5004,dns-root_f-root_msm5004_20260701T000000Z_010000Z.json,landing_region_58084817cbe7::landing_region_ea9847129f13,"Paddington, NSW, Australia -> Maruyama, Japan",8.0,8,8,4,2,1,6,5,0.4,1,True,False,False,0.0,8.0
AU,F-Root,all_publicly_visible,5004,dns-root_f-root_msm5004_20260701T000000Z_010000Z.json,landing_region_58084817cbe7::landing_region_b204db5c9fda,"Paddington, NSW, Australia -> Adelaide, SA, Australia",4.0,4,4,2,1,1,6,5,0.2,2,False,True,False,4.0,0.0
AU,F-Root,all_publicly_visible,5004,dns-root_f-root_msm5004_20260701T000000Z_010000Z.json,landing_region_149acfcae34c::landing_region_58084817cbe7,"Melbourne, VIC, Australia -> Paddington, NSW, Australia",3.0,6,6,3,2,2,6,5,0.15,3,False,False,True,3.0,0.0
AU,F-Root,all_publicly_visible,5004,dns-root_f-root_msm5004_20260701T000000Z_010000Z.json,landing_region_58084817cbe7::landing_region_cf432e5aaa09,"Paddington, NSW, Australia -> Torquay, VIC, Australia",3.0,6,6,3,2,2,6,5,0.15,4,False,False,False,3.0,0.0
AU,F-Root,all_publicly_visible,5004,dns-root_f-root_msm5004_20260701T000000Z_010000Z.json,landing_region_58084817cbe7::landing_region_b3ff0e144e34,"Paddington, NSW, Australia -> Maroochydore, QLD, Australia",2.0,2,2,1,1,1,6,5,0.1,5,False,False,False,2.0,0.0
AX,F-Root,all_publicly_visible,5004,dns-root_f-root_msm5004_20260701T000000Z_010000Z.json,landing_region_3eb4f4d89687::landing_region_f4011a851fe0,"Hamnäs, Finland -> Östhammar, Sweden",10.0,12,12,2,1,1,1,1,0.8333333333333334,1,True,False,False,8.0,2.0
AX,F-Root,all_publicly_visible,5004,dns-root_f-root_msm5004_20260701T000000Z_010000Z.json,landing_region_3eb4f4d89687::landing_region_71db3ba08a92,"Hamnäs, Finland -> Stockholm, Sweden",2.0,4,4,2,1,1,1,1,0.16666666666666666,2,False,True,False,0.0,2.0
BB,F-Root,all_publicly_visible,5004,dns-root_f-root_msm5004_20260701T000000Z_010000Z.json,landing_region_0c894d5ef6d3::landing_region_83c1ffe3b901,"Dania Beach, FL, United States -> Mahuma, Curaçao",4.0,4,4,2,1,1,1,1,1.0,1,True,False,False,0.0,4.0
BJ,F-Root,all_publicly_visible,5004,dns-root_f-root_msm5004_20260701T000000Z_010000Z.json,landing_region_8afa8229a8fd::landing_region_c88b92706e9c,"Cotonou, Benin -> Seixal, Portugal",12.0,12,12,6,3,2,4,3,0.75,1,True,False,False,0.0,12.0
BJ,F-Root,all_publicly_visible,5004,dns-root_f-root_msm5004_20260701T000000Z_010000Z.json,landing_region_8afa8229a8fd::landing_region_ffdf496f7c75,"Cotonou, Benin -> Casablanca, Morocco",4.0,4,4,2,1,1,4,3,0.25,2,False,True,False,0.0,4.0
BO,F-Root,all_publicly_visible,5004,dns-root_f-root_msm5004_20260701T000000Z_010000Z.json,landing_region_382ef3579d8a::landing_region_8c0e5886c6bc,"Cartagena, Chile -> Valparaíso, Chile",12.0,12,12,3,2,2,2,2,1.0,1,True,False,False,12.0,0.0
BR,F-Root,all_publicly_visible,5004,dns-root_f-root_msm5004_20260701T000000Z_010000Z.json,landing_region_5113b57f1083::landing_region_7f124bf07cd8,"Praia Grande, Brazil -> Rio de Janeiro, Brazil",12.0,12,12,5,4,4,7,7,0.6,1,True,False,False,12.0,0.0
BR,F-Root,all_publicly_visible,5004,dns-root_f-root_msm5004_20260701T000000Z_010000Z.json,landing_region_38c81e7bfa6f::landing_region_5113b57f1083,"Porto Alegre, Brazil -> Praia Grande, Brazil",4.0,4,4,2,2,2,7,7,0.2,2,False,True,False,4.0,0.0
BR,F-Root,all_publicly_visible,5004,dns-root_f-root_msm5004_20260701T000000Z_010000Z.json,landing_region_a33078e57a08::landing_region_e7752fc032df,"Fortaleza, Brazil -> Salvador, Brazil",4.0,4,4,2,1,1,7,7,0.2,3,False,False,True,4.0,0.0
BZ,F-Root,all_publicly_visible,5004,dns-root_f-root_msm5004_20260701T000000Z_010000Z.json,landing_region_0c894d5ef6d3::landing_region_ac0b942bb0ee,"Dania Beach, FL, United States -> Puerto San Jose, Guatemala",4.0,4,4,2,1,1,1,1,1.0,1,True,False,False,0.0,4.0
CA,F-Root,all_publicly_visible,5004,dns-root_f-root_msm5004_20260701T000000Z_010000Z.json,landing_region_ad2e1f237edf::landing_region_df3d1db01d0e,"Buffalo, NY, United States -> Toronto, ON, Canada",16.0,16,16,6,4,3,16,10,0.25806451612903225,1,True,False,False,4.0,12.0
CA,F-Root,all_publicly_visible,5004,dns-root_f-root_msm5004_20260701T000000Z_010000Z.json,landing_region_35391ab448ed::landing_region_a4e660c6c620,"Brookhaven, NY, United States -> Island Park, NY, United States",6.0,12,12,6,4,3,16,10,0.0967741935483871,2,False,True,False,6.0,0.0
CA,F-Root,all_publicly_visible,5004,dns-root_f-root_msm5004_20260701T000000Z_010000Z.json,landing_region_35391ab448ed::landing_region_b3d356cd3c9f,"Brookhaven, NY, United States -> Wall Township, NJ, United States",6.0,12,12,6,4,3,16,10,0.0967741935483871,3,False,False,True,6.0,0.0
CA,F-Root,all_publicly_visible,5004,dns-root_f-root_msm5004_20260701T000000Z_010000Z.json,landing_region_5f578929a68a::landing_region_f41a83b9b5b3,"Harbour Pointe, WA, United States -> Cordova Bay, BC, Canada",4.333333333333333,16,16,8,4,3,16,10,0.06989247311827956,4,False,False,False,1.3333333333333333,3.0
CA,F-Root,all_publicly_visible,5004,dns-root_f-root_msm5004_20260701T000000Z_010000Z.json,landing_region_f41a83b9b5b3::landing_region_fee5a5fdbba8,"Cordova Bay, BC, Canada -> Cama Beach, WA, United States",4.333333333333333,16,16,8,4,3,16,10,0.06989247311827956,5,False,False,False,1.3333333333333333,3.0
CA,F-Root,all_publicly_visible,5004,dns-root_f-root_msm5004_20260701T000000Z_010000Z.json,landing_region_5f578929a68a::landing_region_94c53aa4a6d7,"Harbour Pointe, WA, United States -> Vancouver, BC, Canada",3.0,12,12,6,3,2,16,10,0.04838709677419355,6,False,False,False,0.0,3.0
CA,F-Root,all_publicly_visible,5004,dns-root_f-root_msm5004_20260701T000000Z_010000Z.json,landing_region_94c53aa4a6d7::landing_region_fee5a5fdbba8,"Vancouver, BC, Canada -> Cama Beach, WA, United States",3.0,12,12,6,3,2,16,10,0.04838709677419355,7,False,False,False,0.0,3.0
CA,F-Root,all_publicly_visible,5004,dns-root_f-root_msm5004_20260701T000000Z_010000Z.json,landing_region_4d0aa9fbe6f5::landing_region_7aaa0727bd23,"St. Martins, NB, Canada -> Aylesford, NS, Canada",2.0,2,2,1,1,1,16,10,0.03225806451612903,8,False,False,False,2.0,0.0
CA,F-Root,all_publicly_visible,5004,dns-root_f-root_msm5004_20260701T000000Z_010000Z.json,landing_region_5f578929a68a::landing_region_fee5a5fdbba8,"Harbour Pointe, WA, United States -> Cama Beach, WA, United States",1.3333333333333333,4,4,2,1,1,16,10,0.02150537634408602,9,False,False,False,1.3333333333333333,0.0
CA,F-Root,all_publicly_visible,5004,dns-root_f-root_msm5004_20260701T000000Z_010000Z.json,landing_region_19da5dac2df8::landing_region_4da2bf713882,"Eastbourne, BC, Canada -> Bowser, BC, Canada",1.1445887445887446,16,16,8,4,2,16,10,0.01846110878368943,10,False,False,False,1.1445887445887446,0.0
CA,F-Root,all_publicly_visible,5004,dns-root_f-root_msm5004_20260701T000000Z_010000Z.json,landing_region_19da5dac2df8::landing_region_70abce74b352,"Eastbourne, BC, Canada -> Snaw-naw-as, BC, Canada",1.1445887445887446,16,16,8,4,2,16,10,0.01846110878368943,11,False,False,False,1.1445887445887446,0.0
CA,F-Root,all_publicly_visible,5004,dns-root_f-root_msm5004_20260701T000000Z_010000Z.json,landing_region_19da5dac2df8::landing_region_94c53aa4a6d7,"Eastbourne, BC, Canada -> Vancouver, BC, Canada",1.1445887445887446,16,16,8,4,2,16,10,0.01846110878368943,12,False,False,False,1.1445887445887446,0.0
CA,F-Root,all_publicly_visible,5004,dns-root_f-root_msm5004_20260701T000000Z_010000Z.json,landing_region_19da5dac2df8::landing_region_ed5425cf5b7d,"Eastbourne, BC, Canada -> Powell River, BC, Canada",1.1445887445887446,16,16,8,4,2,16,10,0.01846110878368943,13,False,False,False,1.1445887445887446,0.0
CA,F-Root,all_publicly_visible,5004,dns-root_f-root_msm5004_20260701T000000Z_010000Z.json,landing_region_4da2bf713882::landing_region_70abce74b352,"Bowser, BC, Canada -> Snaw-naw-as, BC, Canada",1.1445887445887446,16,16,8,4,2,16,10,0.01846110878368943,14,False,False,False,1.1445887445887446,0.0
CA,F-Root,all_publicly_visible,5004,dns-root_f-root_msm5004_20260701T000000Z_010000Z.json,landing_region_4da2bf713882::landing_region_94c53aa4a6d7,"Bowser, BC, Canada -> Vancouver, BC, Canada",1.1445887445887446,16,16,8,4,2,16,10,0.01846110878368943,15,False,False,False,1.1445887445887446,0.0
CA,F-Root,all_publicly_visible,5004,dns-root_f-root_msm5004_20260701T000000Z_010000Z.json,landing_region_70abce74b352::landing_region_94c53aa4a6d7,"Snaw-naw-as, BC, Canada -> Vancouver, BC, Canada",1.1445887445887446,16,16,8,4,2,16,10,0.01846110878368943,16,False,False,False,1.1445887445887446,0.0
CA,F-Root,all_publicly_visible,5004,dns-root_f-root_msm5004_20260701T000000Z_010000Z.json,landing_region_70abce74b352::landing_region_ed5425cf5b7d,"Snaw-naw-as, BC, Canada -> Powell River, BC, Canada",1.1445887445887446,16,16,8,4,2,16,10,0.01846110878368943,17,False,False,False,1.1445887445887446,0.0
CA,F-Root,all_publicly_visible,5004,dns-root_f-root_msm5004_20260701T000000Z_010000Z.json,landing_region_94c53aa4a6d7::landing_region_ed5425cf5b7d,"Vancouver, BC, Canada -> Powell River, BC, Canada",1.1445887445887446,16,16,8,4,2,16,10,0.01846110878368943,18,False,False,False,1.1445887445887446,0.0
CA,F-Root,all_publicly_visible,5004,dns-root_f-root_msm5004_20260701T000000Z_010000Z.json,landing_region_94c53aa4a6d7::landing_region_f41a83b9b5b3,"Vancouver, BC, Canada -> Cordova Bay, BC, Canada",1.1445887445887446,16,16,8,4,2,16,10,0.01846110878368943,19,False,False,False,1.1445887445887446,0.0
CA,F-Root,all_publicly_visible,5004,dns-root_f-root_msm5004_20260701T000000Z_010000Z.json,landing_region_4da2bf713882::landing_region_ed5425cf5b7d,"Bowser, BC, Canada -> Powell River, BC, Canada",0.7445887445887446,12,12,6,3,2,16,10,0.012009495880463622,20,False,False,False,0.7445887445887446,0.0
CA,F-Root,all_publicly_visible,5004,dns-root_f-root_msm5004_20260701T000000Z_010000Z.json,landing_region_10ed1e7f3a53::landing_region_19da5dac2df8,"Comox, BC, Canada -> Eastbourne, BC, Canada",0.38095238095238093,8,8,4,2,1,16,10,0.006144393241167435,21,False,False,False,0.38095238095238093,0.0
CA,F-Root,all_publicly_visible,5004,dns-root_f-root_msm5004_20260701T000000Z_010000Z.json,landing_region_10ed1e7f3a53::landing_region_4da2bf713882,"Comox, BC, Canada -> Bowser, BC, Canada",0.38095238095238093,8,8,4,2,1,16,10,0.006144393241167435,22,False,False,False,0.38095238095238093,0.0
CA,F-Root,all_publicly_visible,5004,dns-root_f-root_msm5004_20260701T000000Z_010000Z.json,landing_region_10ed1e7f3a53::landing_region_70abce74b352,"Comox, BC, Canada -> Snaw-naw-as, BC, Canada",0.38095238095238093,8,8,4,2,1,16,10,0.006144393241167435,23,False,False,False,0.38095238095238093,0.0
CA,F-Root,all_publicly_visible,5004,dns-root_f-root_msm5004_20260701T000000Z_010000Z.json,landing_region_10ed1e7f3a53::landing_region_94c53aa4a6d7,"Comox, BC, Canada -> Vancouver, BC, Canada",0.38095238095238093,8,8,4,2,1,16,10,0.006144393241167435,24,False,False,False,0.38095238095238093,0.0
CA,F-Root,all_publicly_visible,5004,dns-root_f-root_msm5004_20260701T000000Z_010000Z.json,landing_region_10ed1e7f3a53::landing_region_ed5425cf5b7d,"Comox, BC, Canada -> Powell River, BC, Canada",0.38095238095238093,8,8,4,2,1,16,10,0.006144393241167435,25,False,False,False,0.38095238095238093,0.0
CA,F-Root,all_publicly_visible,5004,dns-root_f-root_msm5004_20260701T000000Z_010000Z.json,landing_region_19da5dac2df8::landing_region_49c51c03c37a,"Eastbourne, BC, Canada -> Toquaht Bay, BC, Canada",0.38095238095238093,8,8,4,2,1,16,10,0.006144393241167435,26,False,False,False,0.38095238095238093,0.0
CA,F-Root,all_publicly_visible,5004,dns-root_f-root_msm5004_20260701T000000Z_010000Z.json,landing_region_49c51c03c37a::landing_region_4da2bf713882,"Toquaht Bay, BC, Canada -> Bowser, BC, Canada",0.38095238095238093,8,8,4,2,1,16,10,0.006144393241167435,27,False,False,False,0.38095238095238093,0.0
CA,F-Root,all_publicly_visible,5004,dns-root_f-root_msm5004_20260701T000000Z_010000Z.json,landing_region_49c51c03c37a::landing_region_70abce74b352,"Toquaht Bay, BC, Canada -> Snaw-naw-as, BC, Canada",0.38095238095238093,8,8,4,2,1,16,10,0.006144393241167435,28,False,False,False,0.38095238095238093,0.0
CA,F-Root,all_publicly_visible,5004,dns-root_f-root_msm5004_20260701T000000Z_010000Z.json,landing_region_49c51c03c37a::landing_region_94c53aa4a6d7,"Toquaht Bay, BC, Canada -> Vancouver, BC, Canada",0.38095238095238093,8,8,4,2,1,16,10,0.006144393241167435,29,False,False,False,0.38095238095238093,0.0
CA,F-Root,all_publicly_visible,5004,dns-root_f-root_msm5004_20260701T000000Z_010000Z.json,landing_region_49c51c03c37a::landing_region_ed5425cf5b7d,"Toquaht Bay, BC, Canada -> Powell River, BC, Canada",0.38095238095238093,8,8,4,2,1,16,10,0.006144393241167435,30,False,False,False,0.38095238095238093,0.0
CD,F-Root,all_publicly_visible,5004,dns-root_f-root_msm5004_20260701T000000Z_010000Z.json,landing_region_57424b247075::landing_region_eafefa1c1ea4,"Nyali, Kenya -> Amanzimtoti, South Africa",2.0,2,2,1,1,1,1,1,1.0,1,True,False,False,0.0,2.0
CL,F-Root,all_publicly_visible,5004,dns-root_f-root_msm5004_20260701T000000Z_010000Z.json,landing_region_382ef3579d8a::landing_region_8c0e5886c6bc,"Cartagena, Chile -> Valparaíso, Chile",38.0,38,38,9,5,4,5,4,1.0,1,True,False,False,38.0,0.0
CL,F-Root,resolved_entry_only,5004,dns-root_f-root_msm5004_20260701T000000Z_010000Z.json,landing_region_382ef3579d8a::landing_region_8c0e5886c6bc,"Cartagena, Chile -> Valparaíso, Chile",2.0,2,2,1,1,1,1,1,1.0,1,True,False,False,2.0,0.0
CN,F-Root,all_publicly_visible,5004,dns-root_f-root_msm5004_20260701T000000Z_010000Z.json,landing_region_319252418c1f::landing_region_6d0b3b188139,"Deep Water Bay, China -> Zhuhai, China",6.0,6,6,3,3,3,7,6,0.3,1,True,False,False,6.0,0.0
CN,F-Root,all_publicly_visible,5004,dns-root_f-root_msm5004_20260701T000000Z_010000Z.json,landing_region_271ad44782a4::landing_region_319252418c1f,"Chongming, China -> Deep Water Bay, China",3.0,6,6,3,2,2,7,6,0.15,2,False,True,False,3.0,0.0
CN,F-Root,all_publicly_visible,5004,dns-root_f-root_msm5004_20260701T000000Z_010000Z.json,landing_region_319252418c1f::landing_region_6de47797807a,"Deep Water Bay, China -> Lingang, China",3.0,6,6,3,2,2,7,6,0.15,3,False,False,True,3.0,0.0
CN,F-Root,all_publicly_visible,5004,dns-root_f-root_msm5004_20260701T000000Z_010000Z.json,landing_region_149ad599e1a3::landing_region_b0fe5c69b187,"Tanjung Bemban, Indonesia -> Rengit, Malaysia",1.3333333333333333,4,4,2,1,0,7,6,0.06666666666666667,4,False,False,False,1.3333333333333333,0.0
CN,F-Root,all_publicly_visible,5004,dns-root_f-root_msm5004_20260701T000000Z_010000Z.json,landing_region_149ad599e1a3::landing_region_d0ecf913edd7,"Tanjung Bemban, Indonesia -> Katong, Singapore",1.3333333333333333,4,4,2,1,0,7,6,0.06666666666666667,5,False,False,False,1.3333333333333333,0.0
CN,F-Root,all_publicly_visible,5004,dns-root_f-root_msm5004_20260701T000000Z_010000Z.json,landing_region_149ad599e1a3::landing_region_e9a4eab3ab1c,"Tanjung Bemban, Indonesia -> Karimun, Indonesia",1.3333333333333333,4,4,2,1,0,7,6,0.06666666666666667,6,False,False,False,1.3333333333333333,0.0
CN,F-Root,all_publicly_visible,5004,dns-root_f-root_msm5004_20260701T000000Z_010000Z.json,landing_region_cfeb44e542fb::landing_region_d84551d28c05,"Ajigaura, Japan -> Ninomiya, Japan",1.3333333333333333,4,4,2,1,1,7,6,0.06666666666666667,7,False,False,False,1.3333333333333333,0.0
CN,F-Root,all_publicly_visible,5004,dns-root_f-root_msm5004_20260701T000000Z_010000Z.json,landing_region_cfeb44e542fb::landing_region_ea9847129f13,"Ajigaura, Japan -> Maruyama, Japan",1.3333333333333333,4,4,2,1,1,7,6,0.06666666666666667,8,False,False,False,1.3333333333333333,0.0
CN,F-Root,all_publicly_visible,5004,dns-root_f-root_msm5004_20260701T000000Z_010000Z.json,landing_region_d84551d28c05::landing_region_ea9847129f13,"Ninomiya, Japan -> Maruyama, Japan",1.3333333333333333,4,4,2,1,1,7,6,0.06666666666666667,9,False,False,False,1.3333333333333333,0.0
CN,F-Root,resolved_entry_only,5004,dns-root_f-root_msm5004_20260701T000000Z_010000Z.json,landing_region_319252418c1f::landing_region_6d0b3b188139,"Deep Water Bay, China -> Zhuhai, China",6.0,6,6,3,3,3,3,3,1.0,1,True,False,False,6.0,0.0
CR,F-Root,all_publicly_visible,5004,dns-root_f-root_msm5004_20260701T000000Z_010000Z.json,landing_region_0c894d5ef6d3::landing_region_af7df63397a0,"Dania Beach, FL, United States -> Jacksonville, FL, United States",4.0,4,4,2,1,1,1,1,1.0,1,True,False,False,4.0,0.0
CV,F-Root,all_publicly_visible,5004,dns-root_f-root_msm5004_20260701T000000Z_010000Z.json,landing_region_0e3c71b8e5bb::landing_region_c78987ebb9a4,"Vila do Maio, Cape Verde -> Sines, Portugal",2.0,4,4,2,1,1,1,1,0.5,1,True,False,False,0.0,2.0
CV,F-Root,all_publicly_visible,5004,dns-root_f-root_msm5004_20260701T000000Z_010000Z.json,landing_region_0e3c71b8e5bb::landing_region_c88b92706e9c,"Vila do Maio, Cape Verde -> Seixal, Portugal",2.0,4,4,2,1,1,1,1,0.5,2,False,True,False,0.0,2.0
CW,F-Root,all_publicly_visible,5004,dns-root_f-root_msm5004_20260701T000000Z_010000Z.json,landing_region_0c894d5ef6d3::landing_region_83c1ffe3b901,"Dania Beach, FL, United States -> Mahuma, Curaçao",4.0,4,4,2,1,1,1,1,1.0,1,True,False,False,0.0,4.0
CY,F-Root,all_publicly_visible,5004,dns-root_f-root_msm5004_20260701T000000Z_010000Z.json,landing_region_3e7b4a85e943::landing_region_a09a1e953122,"Pentaskhinos, Cyprus -> Yeroskipos, Cyprus",8.0,8,8,4,2,1,3,2,0.6666666666666666,1,True,False,False,8.0,0.0
CY,F-Root,all_publicly_visible,5004,dns-root_f-root_msm5004_20260701T000000Z_010000Z.json,landing_region_08ea81d123b5::landing_region_3e7b4a85e943,"Marseille, France -> Pentaskhinos, Cyprus",2.0,4,4,2,1,1,3,2,0.16666666666666666,2,False,True,False,0.0,2.0
CY,F-Root,all_publicly_visible,5004,dns-root_f-root_msm5004_20260701T000000Z_010000Z.json,landing_region_08ea81d123b5::landing_region_a09a1e953122,"Marseille, France -> Yeroskipos, Cyprus",2.0,4,4,2,1,1,3,2,0.16666666666666666,3,False,False,True,0.0,2.0
DE,F-Root,all_publicly_visible,5004,dns-root_f-root_msm5004_20260701T000000Z_010000Z.json,landing_region_1c12bbea2f36::landing_region_363f6a205e8d,"Borbby Strandbad, Sweden -> Rodbyhavn, Denmark",8.0,8,8,2,1,1,3,3,0.3333333333333333,1,True,False,False,8.0,0.0
DE,F-Root,all_publicly_visible,5004,dns-root_f-root_msm5004_20260701T000000Z_010000Z.json,landing_region_363f6a205e8d::landing_region_8c8eca82b223,"Rodbyhavn, Denmark -> Markgrafenheide, Germany",8.0,8,8,2,1,1,3,3,0.3333333333333333,2,False,True,False,8.0,0.0
DE,F-Root,all_publicly_visible,5004,dns-root_f-root_msm5004_20260701T000000Z_010000Z.json,landing_region_5631d1801aee::landing_region_65aa8d7cf62e,"Tallinn, Estonia -> Espoo, Finland",4.0,8,8,2,1,1,3,3,0.16666666666666666,3,False,False,True,4.0,0.0
DE,F-Root,all_publicly_visible,5004,dns-root_f-root_msm5004_20260701T000000Z_010000Z.json,landing_region_65aa8d7cf62e::landing_region_6a085d7da78f,"Espoo, Finland -> Kotka, Finland",4.0,8,8,2,1,1,3,3,0.16666666666666666,4,False,False,False,4.0,0.0
DE,F-Root,resolved_entry_only,5004,dns-root_f-root_msm5004_20260701T000000Z_010000Z.json,landing_region_363f6a205e8d::landing_region_8c8eca82b223,"Rodbyhavn, Denmark -> Markgrafenheide, Germany",8.0,8,8,2,1,1,1,1,1.0,1,True,False,False,8.0,0.0
DJ,F-Root,all_publicly_visible,5004,dns-root_f-root_msm5004_20260701T000000Z_010000Z.json,landing_region_173727a59ebb::landing_region_57424b247075,"Djibouti City, Djibouti -> Nyali, Kenya",4.0,4,4,2,1,1,1,1,0.5,1,True,False,False,0.0,4.0
DJ,F-Root,all_publicly_visible,5004,dns-root_f-root_msm5004_20260701T000000Z_010000Z.json,landing_region_57424b247075::landing_region_eafefa1c1ea4,"Nyali, Kenya -> Amanzimtoti, South Africa",4.0,4,4,2,1,1,1,1,0.5,2,False,True,False,0.0,4.0
DK,F-Root,all_publicly_visible,5004,dns-root_f-root_msm5004_20260701T000000Z_010000Z.json,landing_region_1c12bbea2f36::landing_region_363f6a205e8d,"Borbby Strandbad, Sweden -> Rodbyhavn, Denmark",64.0,64,64,32,16,4,28,10,0.4507042253521127,1,True,False,False,64.0,0.0
DK,F-Root,all_publicly_visible,5004,dns-root_f-root_msm5004_20260701T000000Z_010000Z.json,landing_region_1ce0b85cd8b9::landing_region_e1a72a298b9d,"Uto, Sweden -> Dragor, Denmark",44.0,48,48,14,7,2,28,10,0.30985915492957744,2,False,True,False,4.0,40.0
DK,F-Root,all_publicly_visible,5004,dns-root_f-root_msm5004_20260701T000000Z_010000Z.json,landing_region_1c12bbea2f36::landing_region_e1a72a298b9d,"Borbby Strandbad, Sweden -> Dragor, Denmark",28.0,28,28,10,5,4,28,10,0.19718309859154928,3,False,False,True,0.0,28.0
DK,F-Root,all_publicly_visible,5004,dns-root_f-root_msm5004_20260701T000000Z_010000Z.json,landing_region_1c12bbea2f36::landing_region_1ce0b85cd8b9,"Borbby Strandbad, Sweden -> Uto, Sweden",4.0,8,8,4,2,2,28,10,0.028169014084507043,4,False,False,False,4.0,0.0
DK,F-Root,all_publicly_visible,5004,dns-root_f-root_msm5004_20260701T000000Z_010000Z.json,landing_region_5631d1801aee::landing_region_71db3ba08a92,"Tallinn, Estonia -> Stockholm, Sweden",1.0,2,2,1,1,1,28,10,0.007042253521126761,5,False,False,False,0.0,1.0
DK,F-Root,all_publicly_visible,5004,dns-root_f-root_msm5004_20260701T000000Z_010000Z.json,landing_region_65aa8d7cf62e::landing_region_71db3ba08a92,"Espoo, Finland -> Stockholm, Sweden",1.0,2,2,1,1,1,28,10,0.007042253521126761,6,False,False,False,0.0,1.0
DO,F-Root,all_publicly_visible,5004,dns-root_f-root_msm5004_20260701T000000Z_010000Z.json,landing_region_0c894d5ef6d3::landing_region_bf457e1b83fe,"Dania Beach, FL, United States -> Haina, Dominican Republic",4.0,4,4,2,1,1,1,1,1.0,1,True,False,False,0.0,4.0
EE,F-Root,all_publicly_visible,5004,dns-root_f-root_msm5004_20260701T000000Z_010000Z.json,landing_region_5631d1801aee::landing_region_71db3ba08a92,"Tallinn, Estonia -> Stockholm, Sweden",12.0,24,24,6,3,2,3,2,0.5,1,True,False,False,0.0,12.0
EE,F-Root,all_publicly_visible,5004,dns-root_f-root_msm5004_20260701T000000Z_010000Z.json,landing_region_65aa8d7cf62e::landing_region_71db3ba08a92,"Espoo, Finland -> Stockholm, Sweden",12.0,24,24,6,3,2,3,2,0.5,2,False,True,False,0.0,12.0
ES,F-Root,all_publicly_visible,5004,dns-root_f-root_msm5004_20260701T000000Z_010000Z.json,landing_region_c88b92706e9c::landing_region_fe9debdbb175,"Seixal, Portugal -> Chipiona, Spain",20.0,20,20,10,5,2,6,3,0.9090909090909091,1,True,False,False,0.0,20.0
ES,F-Root,all_publicly_visible,5004,dns-root_f-root_msm5004_20260701T000000Z_010000Z.json,landing_region_1159954a018c::landing_region_1a00bf1d418e,"Brean, United Kingdom -> Bilbao, Spain",2.0,2,2,1,1,1,6,3,0.09090909090909091,2,False,True,False,0.0,2.0
FI,F-Root,all_publicly_visible,5004,dns-root_f-root_msm5004_20260701T000000Z_010000Z.json,landing_region_5631d1801aee::landing_region_65aa8d7cf62e,"Tallinn, Estonia -> Espoo, Finland",157.83333333333334,264,264,76,38,14,41,15,0.5636904761904762,1,True,False,False,157.83333333333334,0.0
FI,F-Root,all_publicly_visible,5004,dns-root_f-root_msm5004_20260701T000000Z_010000Z.json,landing_region_65aa8d7cf62e::landing_region_6a085d7da78f,"Espoo, Finland -> Kotka, Finland",96.0,188,188,50,25,5,41,15,0.34285714285714286,2,False,True,False,96.0,0.0
FI,F-Root,all_publicly_visible,5004,dns-root_f-root_msm5004_20260701T000000Z_010000Z.json,landing_region_5ff6ee2e39f7::landing_region_65aa8d7cf62e,"Haradsholm, Finland -> Espoo, Finland",11.833333333333334,32,32,10,5,2,41,15,0.042261904761904764,3,False,False,True,11.833333333333334,0.0
FI,F-Root,all_publicly_visible,5004,dns-root_f-root_msm5004_20260701T000000Z_010000Z.json,landing_region_1497f5544d8d::landing_region_65aa8d7cf62e,"Hanko, Finland -> Espoo, Finland",11.166666666666666,30,30,10,5,2,41,15,0.03988095238095238,4,False,False,False,11.166666666666666,0.0
FI,F-Root,all_publicly_visible,5004,dns-root_f-root_msm5004_20260701T000000Z_010000Z.json,landing_region_1497f5544d8d::landing_region_5ff6ee2e39f7,"Hanko, Finland -> Haradsholm, Finland",3.1666666666666665,12,12,3,2,1,41,15,0.01130952380952381,5,False,False,False,3.1666666666666665,0.0
FM,F-Root,all_publicly_visible,5004,dns-root_f-root_msm5004_20260701T000000Z_010000Z.json,landing_region_a13562362d3c::landing_region_bc6c664daa8f,"Rota, Northern Mariana Islands -> Alupang, Guam",12.0,12,12,3,2,1,2,1,0.6666666666666666,1,True,False,False,12.0,0.0
FM,F-Root,all_publicly_visible,5004,dns-root_f-root_msm5004_20260701T000000Z_010000Z.json,landing_region_bc6c664daa8f::landing_region_ea9847129f13,"Alupang, Guam -> Maruyama, Japan",6.0,6,6,3,2,1,2,1,0.3333333333333333,2,False,True,False,0.0,6.0
GH,F-Root,all_publicly_visible,5004,dns-root_f-root_msm5004_20260701T000000Z_010000Z.json,landing_region_2e263771884f::landing_region_30beda532e6f,"Accra, Ghana -> Lagos, Nigeria",8.0,8,8,4,2,2,2,2,1.0,1,True,False,False,0.0,8.0
GP,F-Root,all_publicly_visible,5004,dns-root_f-root_msm5004_20260701T000000Z_010000Z.json,landing_region_24728f09c1b8::landing_region_89faef27b517,"Beausejour, Guadeloupe -> Capesterre-Belle-Eau, Guadeloupe",2.0,4,4,2,1,1,2,2,0.25,1,True,False,False,2.0,0.0
GP,F-Root,all_publicly_visible,5004,dns-root_f-root_msm5004_20260701T000000Z_010000Z.json,landing_region_35391ab448ed::landing_region_a4e660c6c620,"Brookhaven, NY, United States -> Island Park, NY, United States",2.0,4,4,2,1,1,2,2,0.25,2,False,True,False,2.0,0.0
GP,F-Root,all_publicly_visible,5004,dns-root_f-root_msm5004_20260701T000000Z_010000Z.json,landing_region_35391ab448ed::landing_region_b3d356cd3c9f,"Brookhaven, NY, United States -> Wall Township, NJ, United States",2.0,4,4,2,1,1,2,2,0.25,3,False,False,True,2.0,0.0
GP,F-Root,all_publicly_visible,5004,dns-root_f-root_msm5004_20260701T000000Z_010000Z.json,landing_region_881c7f4b78b6::landing_region_89faef27b517,"Morris Bay, Antigua and Barbuda -> Capesterre-Belle-Eau, Guadeloupe",2.0,4,4,2,1,1,2,2,0.25,4,False,False,False,2.0,0.0
GQ,F-Root,all_publicly_visible,5004,dns-root_f-root_msm5004_20260701T000000Z_010000Z.json,landing_region_26cbd7e9a6d0::landing_region_e871d8d12bd1,"Bata, Equatorial Guinea -> Malabo, Equatorial Guinea",2.0,2,2,1,1,1,1,1,0.5,1,True,False,False,2.0,0.0
GQ,F-Root,all_publicly_visible,5004,dns-root_f-root_msm5004_20260701T000000Z_010000Z.json,landing_region_30beda532e6f::landing_region_3ac9da776834,"Lagos, Nigeria -> Limbe, Cameroon",2.0,2,2,1,1,1,1,1,0.5,2,False,True,False,0.0,2.0
GT,F-Root,all_publicly_visible,5004,dns-root_f-root_msm5004_20260701T000000Z_010000Z.json,landing_region_0c894d5ef6d3::landing_region_ac0b942bb0ee,"Dania Beach, FL, United States -> Puerto San Jose, Guatemala",4.0,4,4,2,1,1,1,1,1.0,1,True,False,False,0.0,4.0
GU,F-Root,all_publicly_visible,5004,dns-root_f-root_msm5004_20260701T000000Z_010000Z.json,landing_region_a13562362d3c::landing_region_bc6c664daa8f,"Rota, Northern Mariana Islands -> Alupang, Guam",36.0,36,36,10,5,2,9,5,0.5,1,True,False,False,36.0,0.0
GU,F-Root,all_publicly_visible,5004,dns-root_f-root_msm5004_20260701T000000Z_010000Z.json,landing_region_bc6c664daa8f::landing_region_ea9847129f13,"Alupang, Guam -> Maruyama, Japan",28.0,28,28,14,7,3,9,5,0.3888888888888889,2,False,True,False,0.0,28.0
GU,F-Root,all_publicly_visible,5004,dns-root_f-root_msm5004_20260701T000000Z_010000Z.json,landing_region_91000f65ec77::landing_region_df61fea74887,"Kapolei, HI, United States -> El Segundo, CA, United States",2.0,4,4,2,1,1,9,5,0.027777777777777776,3,False,False,True,2.0,0.0
GU,F-Root,all_publicly_visible,5004,dns-root_f-root_msm5004_20260701T000000Z_010000Z.json,landing_region_c227a3796213::landing_region_df61fea74887,"Keawaula, HI, United States -> El Segundo, CA, United States",2.0,4,4,2,1,1,9,5,0.027777777777777776,4,False,False,False,2.0,0.0
GU,F-Root,all_publicly_visible,5004,dns-root_f-root_msm5004_20260701T000000Z_010000Z.json,landing_region_71e1260196d0::landing_region_d0ecf913edd7,"Cavite, Philippines -> Katong, Singapore",1.0,2,2,1,1,1,9,5,0.013888888888888888,5,False,False,False,0.0,1.0
GU,F-Root,all_publicly_visible,5004,dns-root_f-root_msm5004_20260701T000000Z_010000Z.json,landing_region_85b85b02a38f::landing_region_d0ecf913edd7,"Batangas, Philippines -> Katong, Singapore",1.0,2,2,1,1,1,9,5,0.013888888888888888,6,False,False,False,0.0,1.0
GU,F-Root,all_publicly_visible,5004,dns-root_f-root_msm5004_20260701T000000Z_010000Z.json,landing_region_91000f65ec77::landing_region_c227a3796213,"Kapolei, HI, United States -> Keawaula, HI, United States",0.6666666666666666,2,2,1,1,1,9,5,0.009259259259259259,7,False,False,False,0.6666666666666666,0.0
GU,F-Root,all_publicly_visible,5004,dns-root_f-root_msm5004_20260701T000000Z_010000Z.json,landing_region_91000f65ec77::landing_region_ce80c3fde7f3,"Kapolei, HI, United States -> Kaunakakai, HI, United States",0.6666666666666666,2,2,1,1,1,9,5,0.009259259259259259,8,False,False,False,0.6666666666666666,0.0
GU,F-Root,all_publicly_visible,5004,dns-root_f-root_msm5004_20260701T000000Z_010000Z.json,landing_region_c227a3796213::landing_region_ce80c3fde7f3,"Keawaula, HI, United States -> Kaunakakai, HI, United States",0.6666666666666666,2,2,1,1,1,9,5,0.009259259259259259,9,False,False,False,0.6666666666666666,0.0
HK,F-Root,all_publicly_visible,5004,dns-root_f-root_msm5004_20260701T000000Z_010000Z.json,landing_region_319252418c1f::landing_region_6d0b3b188139,"Deep Water Bay, China -> Zhuhai, China",12.0,12,12,6,3,3,3,3,1.0,1,True,False,False,12.0,0.0
HN,F-Root,all_publicly_visible,5004,dns-root_f-root_msm5004_20260701T000000Z_010000Z.json,landing_region_0c894d5ef6d3::landing_region_ac0b942bb0ee,"Dania Beach, FL, United States -> Puerto San Jose, Guatemala",4.0,4,4,2,1,1,1,1,1.0,1,True,False,False,0.0,4.0
ID,F-Root,all_publicly_visible,5004,dns-root_f-root_msm5004_20260701T000000Z_010000Z.json,landing_region_58934ccdf4e7::landing_region_ce5716d12955,"Kendal, Indonesia -> Ancol, Indonesia",28.0,28,28,14,7,6,16,14,0.4375,1,True,False,False,28.0,0.0
ID,F-Root,all_publicly_visible,5004,dns-root_f-root_msm5004_20260701T000000Z_010000Z.json,landing_region_150b225bb130::landing_region_ce5716d12955,"Cirebon, Indonesia -> Ancol, Indonesia",8.0,8,8,4,2,2,16,14,0.125,2,False,True,False,8.0,0.0
ID,F-Root,all_publicly_visible,5004,dns-root_f-root_msm5004_20260701T000000Z_010000Z.json,landing_region_26e606e1a782::landing_region_ce5716d12955,"Gresik, Indonesia -> Ancol, Indonesia",8.0,16,16,8,4,3,16,14,0.125,3,False,False,True,8.0,0.0
ID,F-Root,all_publicly_visible,5004,dns-root_f-root_msm5004_20260701T000000Z_010000Z.json,landing_region_282fd8dbb423::landing_region_ce5716d12955,"Madura, Indonesia -> Ancol, Indonesia",8.0,16,16,8,4,3,16,14,0.125,4,False,False,False,8.0,0.0
ID,F-Root,all_publicly_visible,5004,dns-root_f-root_msm5004_20260701T000000Z_010000Z.json,landing_region_12a650616015::landing_region_95097cb3ef8d,"Beculuk, Indonesia -> Candikusuma, Indonesia",4.0,6,6,3,2,2,16,14,0.0625,5,False,False,False,4.0,0.0
ID,F-Root,all_publicly_visible,5004,dns-root_f-root_msm5004_20260701T000000Z_010000Z.json,landing_region_8b50d5cb7b72::landing_region_9e102cfed296,"Senggigi, Indonesia -> Padang Galak, Indonesia",2.0,4,4,2,1,1,16,14,0.03125,6,False,False,False,2.0,0.0
ID,F-Root,all_publicly_visible,5004,dns-root_f-root_msm5004_20260701T000000Z_010000Z.json,landing_region_149ad599e1a3::landing_region_b0fe5c69b187,"Tanjung Bemban, Indonesia -> Rengit, Malaysia",1.3333333333333333,4,4,2,1,1,16,14,0.020833333333333332,7,False,False,False,0.0,1.3333333333333333
ID,F-Root,all_publicly_visible,5004,dns-root_f-root_msm5004_20260701T000000Z_010000Z.json,landing_region_149ad599e1a3::landing_region_d0ecf913edd7,"Tanjung Bemban, Indonesia -> Katong, Singapore",1.3333333333333333,4,4,2,1,1,16,14,0.020833333333333332,8,False,False,False,0.0,1.3333333333333333
ID,F-Root,all_publicly_visible,5004,dns-root_f-root_msm5004_20260701T000000Z_010000Z.json,landing_region_149ad599e1a3::landing_region_e9a4eab3ab1c,"Tanjung Bemban, Indonesia -> Karimun, Indonesia",1.3333333333333333,4,4,2,1,1,16,14,0.020833333333333332,9,False,False,False,0.0,1.3333333333333333
ID,F-Root,all_publicly_visible,5004,dns-root_f-root_msm5004_20260701T000000Z_010000Z.json,landing_region_149ad599e1a3::landing_region_ce5716d12955,"Tanjung Bemban, Indonesia -> Ancol, Indonesia",1.0,2,2,1,1,1,16,14,0.015625,10,False,False,False,0.0,1.0
ID,F-Root,all_publicly_visible,5004,dns-root_f-root_msm5004_20260701T000000Z_010000Z.json,landing_region_ce5716d12955::landing_region_d0ecf913edd7,"Ancol, Indonesia -> Katong, Singapore",1.0,2,2,1,1,1,16,14,0.015625,11,False,False,False,0.0,1.0
ID,F-Root,resolved_entry_only,5004,dns-root_f-root_msm5004_20260701T000000Z_010000Z.json,landing_region_58934ccdf4e7::landing_region_ce5716d12955,"Kendal, Indonesia -> Ancol, Indonesia",12.0,12,12,6,3,2,6,5,0.5,1,True,False,False,12.0,0.0
ID,F-Root,resolved_entry_only,5004,dns-root_f-root_msm5004_20260701T000000Z_010000Z.json,landing_region_150b225bb130::landing_region_ce5716d12955,"Cirebon, Indonesia -> Ancol, Indonesia",4.0,4,4,2,1,1,6,5,0.16666666666666666,2,False,True,False,4.0,0.0
ID,F-Root,resolved_entry_only,5004,dns-root_f-root_msm5004_20260701T000000Z_010000Z.json,landing_region_26e606e1a782::landing_region_ce5716d12955,"Gresik, Indonesia -> Ancol, Indonesia",4.0,8,8,4,2,2,6,5,0.16666666666666666,3,False,False,True,4.0,0.0
ID,F-Root,resolved_entry_only,5004,dns-root_f-root_msm5004_20260701T000000Z_010000Z.json,landing_region_282fd8dbb423::landing_region_ce5716d12955,"Madura, Indonesia -> Ancol, Indonesia",4.0,8,8,4,2,2,6,5,0.16666666666666666,4,False,False,False,4.0,0.0
IE,F-Root,all_publicly_visible,5004,dns-root_f-root_msm5004_20260701T000000Z_010000Z.json,landing_region_3e66a317c0e3::landing_region_a371d3258cbb,"Port Grenaugh, Isle of Man -> Clonshaugh, Ireland",4.0,8,8,2,1,1,1,1,0.5,1,True,False,False,0.0,4.0
IE,F-Root,all_publicly_visible,5004,dns-root_f-root_msm5004_20260701T000000Z_010000Z.json,landing_region_80827e75a07c::landing_region_a371d3258cbb,"Coleraine, United Kingdom -> Clonshaugh, Ireland",4.0,8,8,2,1,1,1,1,0.5,2,False,True,False,0.0,4.0
IL,F-Root,all_publicly_visible,5004,dns-root_f-root_msm5004_20260701T000000Z_010000Z.json,landing_region_7559ef31b258::landing_region_c6ca70161fbc,"Netanya, Israel -> Rishon Le’Zion, Israel",32.666666666666664,98,98,28,15,9,15,9,0.3333333333333333,1,True,False,False,32.666666666666664,0.0
IL,F-Root,all_publicly_visible,5004,dns-root_f-root_msm5004_20260701T000000Z_010000Z.json,landing_region_7559ef31b258::landing_region_d42b6ba4dd12,"Netanya, Israel -> Haifa, Israel",32.666666666666664,98,98,28,15,9,15,9,0.3333333333333333,2,False,True,False,32.666666666666664,0.0
IL,F-Root,all_publicly_visible,5004,dns-root_f-root_msm5004_20260701T000000Z_010000Z.json,landing_region_c6ca70161fbc::landing_region_d42b6ba4dd12,"Rishon Le’Zion, Israel -> Haifa, Israel",32.666666666666664,98,98,28,15,9,15,9,0.3333333333333333,3,False,False,True,32.666666666666664,0.0
IM,F-Root,all_publicly_visible,5004,dns-root_f-root_msm5004_20260701T000000Z_010000Z.json,landing_region_08337e5ad0be::landing_region_3e66a317c0e3,"Silecroft Beach, United Kingdom -> Port Grenaugh, Isle of Man",4.0,4,4,2,1,1,1,1,1.0,1,True,False,False,0.0,4.0
IN,F-Root,all_publicly_visible,5004,dns-root_f-root_msm5004_20260701T000000Z_010000Z.json,landing_region_0074f164da96::landing_region_32509493c7f4,"Mumbai, India -> Chennai, India",8.0,8,8,4,3,3,3,3,1.0,1,True,False,False,8.0,0.0
IQ,F-Root,all_publicly_visible,5004,dns-root_f-root_msm5004_20260701T000000Z_010000Z.json,landing_region_14db368b2428::landing_region_f0ff9789c5ea,"Halul Island, Qatar -> Al-Kheesa, Qatar",4.0,8,8,2,1,1,1,1,0.5,1,True,False,False,4.0,0.0
IQ,F-Root,all_publicly_visible,5004,dns-root_f-root_msm5004_20260701T000000Z_010000Z.json,landing_region_445416594174::landing_region_f0ff9789c5ea,"Amwaj Island, Bahrain -> Al-Kheesa, Qatar",4.0,8,8,2,1,1,1,1,0.5,2,False,True,False,4.0,0.0
IT,F-Root,all_publicly_visible,5004,dns-root_f-root_msm5004_20260701T000000Z_010000Z.json,landing_region_2e571d30f06e::landing_region_83784f5eb7a1,"Cagliari, Italy -> Civitavecchia, Italy",4.0,4,4,2,1,1,3,3,0.4,1,True,False,False,4.0,0.0
IT,F-Root,all_publicly_visible,5004,dns-root_f-root_msm5004_20260701T000000Z_010000Z.json,landing_region_08ea81d123b5::landing_region_a98ab4a2cae2,"Marseille, France -> Genoa, Italy",2.0,2,2,1,1,1,3,3,0.2,2,False,True,False,0.0,2.0
IT,F-Root,all_publicly_visible,5004,dns-root_f-root_msm5004_20260701T000000Z_010000Z.json,landing_region_1d5c9bdda1cc::landing_region_21eee101671e,"Rome, Italy -> Marsala, Italy",1.3333333333333333,4,4,2,1,1,3,3,0.13333333333333333,3,False,False,True,1.3333333333333333,0.0
IT,F-Root,all_publicly_visible,5004,dns-root_f-root_msm5004_20260701T000000Z_010000Z.json,landing_region_1d5c9bdda1cc::landing_region_ea98b74befe5,"Rome, Italy -> Isola delle Femmine, Italy",1.3333333333333333,4,4,2,1,1,3,3,0.13333333333333333,4,False,False,False,1.3333333333333333,0.0
IT,F-Root,all_publicly_visible,5004,dns-root_f-root_msm5004_20260701T000000Z_010000Z.json,landing_region_21eee101671e::landing_region_83784f5eb7a1,"Marsala, Italy -> Civitavecchia, Italy",1.3333333333333333,4,4,2,1,1,3,3,0.13333333333333333,5,False,False,False,1.3333333333333333,0.0
JP,F-Root,all_publicly_visible,5004,dns-root_f-root_msm5004_20260701T000000Z_010000Z.json,landing_region_cfeb44e542fb::landing_region_d84551d28c05,"Ajigaura, Japan -> Ninomiya, Japan",99.33333333333333,288,288,89,49,30,55,35,0.31634819532908703,1,True,False,False,99.33333333333333,0.0
JP,F-Root,all_publicly_visible,5004,dns-root_f-root_msm5004_20260701T000000Z_010000Z.json,landing_region_cfeb44e542fb::landing_region_ea9847129f13,"Ajigaura, Japan -> Maruyama, Japan",95.33333333333333,284,284,89,49,30,55,35,0.3036093418259023,2,False,True,False,95.33333333333333,0.0
JP,F-Root,all_publicly_visible,5004,dns-root_f-root_msm5004_20260701T000000Z_010000Z.json,landing_region_d84551d28c05::landing_region_ea9847129f13,"Ninomiya, Japan -> Maruyama, Japan",89.33333333333333,268,268,83,46,28,55,35,0.28450106157112526,3,False,False,True,89.33333333333333,0.0
JP,F-Root,all_publicly_visible,5004,dns-root_f-root_msm5004_20260701T000000Z_010000Z.json,landing_region_a995dae8d34a::landing_region_ea9847129f13,"Toyohashi, Japan -> Maruyama, Japan",6.5,14,14,7,4,3,55,35,0.020700636942675158,4,False,False,False,6.5,0.0
JP,F-Root,all_publicly_visible,5004,dns-root_f-root_msm5004_20260701T000000Z_010000Z.json,landing_region_ea9847129f13::landing_region_f25f62ad46f6,"Maruyama, Japan -> Kitaibaraki, Japan",4.0,12,12,6,3,2,55,35,0.012738853503184714,5,False,False,False,4.0,0.0
JP,F-Root,all_publicly_visible,5004,dns-root_f-root_msm5004_20260701T000000Z_010000Z.json,landing_region_71e1260196d0::landing_region_ea9847129f13,"Cavite, Philippines -> Maruyama, Japan",3.0,6,6,2,1,1,55,35,0.009554140127388535,6,False,False,False,0.0,3.0
JP,F-Root,all_publicly_visible,5004,dns-root_f-root_msm5004_20260701T000000Z_010000Z.json,landing_region_85b85b02a38f::landing_region_ea9847129f13,"Batangas, Philippines -> Maruyama, Japan",3.0,6,6,2,1,1,55,35,0.009554140127388535,7,False,False,False,0.0,3.0
JP,F-Root,all_publicly_visible,5004,dns-root_f-root_msm5004_20260701T000000Z_010000Z.json,landing_region_cfeb44e542fb::landing_region_d77c3f65b5a6,"Ajigaura, Japan -> Shima, Japan",2.5,10,10,5,3,2,55,35,0.007961783439490446,8,False,False,False,2.5,0.0
JP,F-Root,all_publicly_visible,5004,dns-root_f-root_msm5004_20260701T000000Z_010000Z.json,landing_region_d77c3f65b5a6::landing_region_d84551d28c05,"Shima, Japan -> Ninomiya, Japan",2.5,10,10,5,3,2,55,35,0.007961783439490446,9,False,False,False,2.5,0.0
JP,F-Root,all_publicly_visible,5004,dns-root_f-root_msm5004_20260701T000000Z_010000Z.json,landing_region_d77c3f65b5a6::landing_region_ea9847129f13,"Shima, Japan -> Maruyama, Japan",2.5,10,10,5,3,2,55,35,0.007961783439490446,10,False,False,False,2.5,0.0
JP,F-Root,all_publicly_visible,5004,dns-root_f-root_msm5004_20260701T000000Z_010000Z.json,landing_region_c0a3cf17d0a7::landing_region_c9c628987dc1,"Kitakyushu, Japan -> Itoshima, Japan",2.0,2,2,1,1,1,55,35,0.006369426751592357,11,False,False,False,2.0,0.0
JP,F-Root,all_publicly_visible,5004,dns-root_f-root_msm5004_20260701T000000Z_010000Z.json,landing_region_1f776bd1cb70::landing_region_cfeb44e542fb,"Ishikari, Japan -> Ajigaura, Japan",1.3333333333333333,4,4,2,1,1,55,35,0.004246284501061571,12,False,False,False,1.3333333333333333,0.0
JP,F-Root,all_publicly_visible,5004,dns-root_f-root_msm5004_20260701T000000Z_010000Z.json,landing_region_1f776bd1cb70::landing_region_d84551d28c05,"Ishikari, Japan -> Ninomiya, Japan",1.3333333333333333,4,4,2,1,1,55,35,0.004246284501061571,13,False,False,False,1.3333333333333333,0.0
JP,F-Root,all_publicly_visible,5004,dns-root_f-root_msm5004_20260701T000000Z_010000Z.json,landing_region_1f776bd1cb70::landing_region_ea9847129f13,"Ishikari, Japan -> Maruyama, Japan",1.3333333333333333,4,4,2,1,1,55,35,0.004246284501061571,14,False,False,False,1.3333333333333333,0.0
JP,F-Root,resolved_entry_only,5004,dns-root_f-root_msm5004_20260701T000000Z_010000Z.json,landing_region_cfeb44e542fb::landing_region_d84551d28c05,"Ajigaura, Japan -> Ninomiya, Japan",1.3333333333333333,4,4,2,1,1,1,1,0.3333333333333333,1,True,False,False,1.3333333333333333,0.0
JP,F-Root,resolved_entry_only,5004,dns-root_f-root_msm5004_20260701T000000Z_010000Z.json,landing_region_cfeb44e542fb::landing_region_ea9847129f13,"Ajigaura, Japan -> Maruyama, Japan",1.3333333333333333,4,4,2,1,1,1,1,0.3333333333333333,2,False,True,False,1.3333333333333333,0.0
JP,F-Root,resolved_entry_only,5004,dns-root_f-root_msm5004_20260701T000000Z_010000Z.json,landing_region_d84551d28c05::landing_region_ea9847129f13,"Ninomiya, Japan -> Maruyama, Japan",1.3333333333333333,4,4,2,1,1,1,1,0.3333333333333333,3,False,False,True,1.3333333333333333,0.0
KE,F-Root,all_publicly_visible,5004,dns-root_f-root_msm5004_20260701T000000Z_010000Z.json,landing_region_57424b247075::landing_region_eafefa1c1ea4,"Nyali, Kenya -> Amanzimtoti, South Africa",4.0,4,4,2,1,1,1,1,1.0,1,True,False,False,0.0,4.0
KN,F-Root,all_publicly_visible,5004,dns-root_f-root_msm5004_20260701T000000Z_010000Z.json,landing_region_0c894d5ef6d3::landing_region_35391ab448ed,"Dania Beach, FL, United States -> Brookhaven, NY, United States",4.0,4,4,2,1,1,1,1,1.0,1,True,False,False,4.0,0.0
KY,F-Root,all_publicly_visible,5004,dns-root_f-root_msm5004_20260701T000000Z_010000Z.json,landing_region_0c894d5ef6d3::landing_region_6a990cca53f4,"Dania Beach, FL, United States -> Half Moon Bay, Cayman Islands",4.0,4,4,2,1,1,1,1,1.0,1,True,False,False,0.0,4.0
LA,F-Root,all_publicly_visible,5004,dns-root_f-root_msm5004_20260701T000000Z_010000Z.json,landing_region_b8a30afb11ed::landing_region_d0ecf913edd7,"Sriracha, Thailand -> Katong, Singapore",4.0,4,4,2,1,1,1,1,1.0,1,True,False,False,0.0,4.0
LC,F-Root,all_publicly_visible,5004,dns-root_f-root_msm5004_20260701T000000Z_010000Z.json,landing_region_47af17c54e44::landing_region_588e014b726d,"Schoelcher, Martinique -> Kingstown, Saint Vincent and the Grenadines",2.0,8,8,4,2,2,2,2,0.16666666666666666,1,True,False,False,2.0,0.0
LC,F-Root,all_publicly_visible,5004,dns-root_f-root_msm5004_20260701T000000Z_010000Z.json,landing_region_47af17c54e44::landing_region_c92fc361db9a,"Schoelcher, Martinique -> Rodney Bay, Saint Lucia",2.0,8,8,4,2,2,2,2,0.16666666666666666,2,False,True,False,2.0,0.0
LC,F-Root,all_publicly_visible,5004,dns-root_f-root_msm5004_20260701T000000Z_010000Z.json,landing_region_588e014b726d::landing_region_c92fc361db9a,"Kingstown, Saint Vincent and the Grenadines -> Rodney Bay, Saint Lucia",2.0,8,8,4,2,2,2,2,0.16666666666666666,3,False,False,True,2.0,0.0
LC,F-Root,all_publicly_visible,5004,dns-root_f-root_msm5004_20260701T000000Z_010000Z.json,landing_region_588e014b726d::landing_region_f9d6bc049512,"Kingstown, Saint Vincent and the Grenadines -> Owia, Saint Vincent and the Grenadines",2.0,8,8,4,2,2,2,2,0.16666666666666666,4,False,False,False,2.0,0.0
LC,F-Root,all_publicly_visible,5004,dns-root_f-root_msm5004_20260701T000000Z_010000Z.json,landing_region_47af17c54e44::landing_region_56b1e3c6dc7d,"Schoelcher, Martinique -> Dickenson Bay, Antigua and Barbuda",0.5,4,4,2,1,1,2,2,0.041666666666666664,5,False,False,False,0.0,0.5
LC,F-Root,all_publicly_visible,5004,dns-root_f-root_msm5004_20260701T000000Z_010000Z.json,landing_region_47af17c54e44::landing_region_881c7f4b78b6,"Schoelcher, Martinique -> Morris Bay, Antigua and Barbuda",0.5,4,4,2,1,1,2,2,0.041666666666666664,6,False,False,False,0.0,0.5
LC,F-Root,all_publicly_visible,5004,dns-root_f-root_msm5004_20260701T000000Z_010000Z.json,landing_region_47af17c54e44::landing_region_b221e27b3993,"Schoelcher, Martinique -> Philipsburg, Sint Maarten",0.5,4,4,2,1,1,2,2,0.041666666666666664,7,False,False,False,0.0,0.5
LC,F-Root,all_publicly_visible,5004,dns-root_f-root_msm5004_20260701T000000Z_010000Z.json,landing_region_47af17c54e44::landing_region_b69228a09b14,"Schoelcher, Martinique -> Basseterre, Saint Kitts and Nevis",0.5,4,4,2,1,1,2,2,0.041666666666666664,8,False,False,False,0.0,0.5
LC,F-Root,all_publicly_visible,5004,dns-root_f-root_msm5004_20260701T000000Z_010000Z.json,landing_region_56b1e3c6dc7d::landing_region_c92fc361db9a,"Dickenson Bay, Antigua and Barbuda -> Rodney Bay, Saint Lucia",0.5,4,4,2,1,1,2,2,0.041666666666666664,9,False,False,False,0.0,0.5
LC,F-Root,all_publicly_visible,5004,dns-root_f-root_msm5004_20260701T000000Z_010000Z.json,landing_region_881c7f4b78b6::landing_region_c92fc361db9a,"Morris Bay, Antigua and Barbuda -> Rodney Bay, Saint Lucia",0.5,4,4,2,1,1,2,2,0.041666666666666664,10,False,False,False,0.0,0.5
LC,F-Root,all_publicly_visible,5004,dns-root_f-root_msm5004_20260701T000000Z_010000Z.json,landing_region_b221e27b3993::landing_region_c92fc361db9a,"Philipsburg, Sint Maarten -> Rodney Bay, Saint Lucia",0.5,4,4,2,1,1,2,2,0.041666666666666664,11,False,False,False,0.0,0.5
LC,F-Root,all_publicly_visible,5004,dns-root_f-root_msm5004_20260701T000000Z_010000Z.json,landing_region_b69228a09b14::landing_region_c92fc361db9a,"Basseterre, Saint Kitts and Nevis -> Rodney Bay, Saint Lucia",0.5,4,4,2,1,1,2,2,0.041666666666666664,12,False,False,False,0.0,0.5
LK,F-Root,all_publicly_visible,5004,dns-root_f-root_msm5004_20260701T000000Z_010000Z.json,landing_region_465d1b4e7da4::landing_region_d0ecf913edd7,"Mt. Lavinia, Sri Lanka -> Katong, Singapore",6.0,6,6,3,2,2,2,2,1.0,1,True,False,False,0.0,6.0
ME,F-Root,all_publicly_visible,5004,dns-root_f-root_msm5004_20260701T000000Z_010000Z.json,landing_region_7adde3db3d0d::landing_region_ac34543a7a05,"Dubrovnik, Croatia -> Durres, Albania",8.0,8,8,2,1,1,1,1,1.0,1,True,False,False,8.0,0.0
ML,F-Root,all_publicly_visible,5004,dns-root_f-root_msm5004_20260701T000000Z_010000Z.json,landing_region_c78987ebb9a4::landing_region_c88b92706e9c,"Sines, Portugal -> Seixal, Portugal",4.0,4,4,2,1,1,1,1,0.6666666666666666,1,True,False,False,4.0,0.0
ML,F-Root,all_publicly_visible,5004,dns-root_f-root_msm5004_20260701T000000Z_010000Z.json,landing_region_9d5009d65552::landing_region_c88b92706e9c,"Dakar, Senegal -> Seixal, Portugal",2.0,2,2,1,1,1,1,1,0.3333333333333333,2,False,True,False,0.0,2.0
MM,F-Root,all_publicly_visible,5004,dns-root_f-root_msm5004_20260701T000000Z_010000Z.json,landing_region_a314ea9d2330::landing_region_d0ecf913edd7,"Thanlyin, Myanmar -> Katong, Singapore",6.0,6,6,3,2,2,2,2,1.0,1,True,False,False,0.0,6.0
MP,F-Root,all_publicly_visible,5004,dns-root_f-root_msm5004_20260701T000000Z_010000Z.json,landing_region_bc6c664daa8f::landing_region_ea9847129f13,"Alupang, Guam -> Maruyama, Japan",4.0,4,4,2,1,1,1,1,0.5,1,True,False,False,0.0,4.0
MP,F-Root,all_publicly_visible,5004,dns-root_f-root_msm5004_20260701T000000Z_010000Z.json,landing_region_3602b9b9f277::landing_region_a13562362d3c,"Tinian, Northern Mariana Islands -> Rota, Northern Mariana Islands",2.0,4,4,2,1,1,1,1,0.25,2,False,True,False,0.0,2.0
MP,F-Root,all_publicly_visible,5004,dns-root_f-root_msm5004_20260701T000000Z_010000Z.json,landing_region_3602b9b9f277::landing_region_bc6c664daa8f,"Tinian, Northern Mariana Islands -> Alupang, Guam",2.0,4,4,2,1,1,1,1,0.25,3,False,False,True,0.0,2.0
MT,F-Root,all_publicly_visible,5004,dns-root_f-root_msm5004_20260701T000000Z_010000Z.json,landing_region_9e2ae58b14d4::landing_region_9e3a5ff856b9,"Marina di Ragusa, Italy -> Balluta Bay, Malta",48.0,48,48,16,8,2,8,2,0.8571428571428571,1,True,False,False,48.0,0.0
MT,F-Root,all_publicly_visible,5004,dns-root_f-root_msm5004_20260701T000000Z_010000Z.json,landing_region_08ea81d123b5::landing_region_9e3a5ff856b9,"Marseille, France -> Balluta Bay, Malta",4.0,4,4,2,1,1,8,2,0.07142857142857142,2,False,True,False,0.0,4.0
MT,F-Root,all_publicly_visible,5004,dns-root_f-root_msm5004_20260701T000000Z_010000Z.json,landing_region_21eee101671e::landing_region_9e3a5ff856b9,"Marsala, Italy -> Balluta Bay, Malta",4.0,4,4,2,1,1,8,2,0.07142857142857142,3,False,False,True,0.0,4.0
MV,F-Root,all_publicly_visible,5004,dns-root_f-root_msm5004_20260701T000000Z_010000Z.json,landing_region_3e5f0fe5028c::landing_region_465d1b4e7da4,"Male, Maldives -> Mt. Lavinia, Sri Lanka",4.0,4,4,2,1,1,1,1,0.5,1,True,False,False,0.0,4.0
MV,F-Root,all_publicly_visible,5004,dns-root_f-root_msm5004_20260701T000000Z_010000Z.json,landing_region_465d1b4e7da4::landing_region_d0ecf913edd7,"Mt. Lavinia, Sri Lanka -> Katong, Singapore",4.0,4,4,2,1,1,1,1,0.5,2,False,True,False,0.0,4.0
MX,F-Root,all_publicly_visible,5004,dns-root_f-root_msm5004_20260701T000000Z_010000Z.json,landing_region_0c894d5ef6d3::landing_region_2899c8b816f4,"Dania Beach, FL, United States -> Cancún, Mexico",4.0,4,4,2,1,1,1,1,1.0,1,True,False,False,0.0,4.0
MY,F-Root,all_publicly_visible,5004,dns-root_f-root_msm5004_20260701T000000Z_010000Z.json,landing_region_d0ecf913edd7::landing_region_d5376611ccce,"Katong, Singapore -> Morib, Malaysia",4.0,4,4,2,1,1,3,3,0.4,1,True,False,False,0.0,4.0
MY,F-Root,all_publicly_visible,5004,dns-root_f-root_msm5004_20260701T000000Z_010000Z.json,landing_region_35391ab448ed::landing_region_a4e660c6c620,"Brookhaven, NY, United States -> Island Park, NY, United States",1.0,2,2,1,1,1,3,3,0.1,2,False,True,False,1.0,0.0
MY,F-Root,all_publicly_visible,5004,dns-root_f-root_msm5004_20260701T000000Z_010000Z.json,landing_region_35391ab448ed::landing_region_b3d356cd3c9f,"Brookhaven, NY, United States -> Wall Township, NJ, United States",1.0,2,2,1,1,1,3,3,0.1,3,False,False,True,1.0,0.0
MY,F-Root,all_publicly_visible,5004,dns-root_f-root_msm5004_20260701T000000Z_010000Z.json,landing_region_149ad599e1a3::landing_region_b0fe5c69b187,"Tanjung Bemban, Indonesia -> Rengit, Malaysia",0.8,4,4,2,1,1,3,3,0.08,4,False,False,False,0.0,0.8
MY,F-Root,all_publicly_visible,5004,dns-root_f-root_msm5004_20260701T000000Z_010000Z.json,landing_region_149ad599e1a3::landing_region_d0ecf913edd7,"Tanjung Bemban, Indonesia -> Katong, Singapore",0.8,4,4,2,1,1,3,3,0.08,5,False,False,False,0.0,0.8
MY,F-Root,all_publicly_visible,5004,dns-root_f-root_msm5004_20260701T000000Z_010000Z.json,landing_region_149ad599e1a3::landing_region_e2bda68c9220,"Tanjung Bemban, Indonesia -> Mersing, Malaysia",0.8,4,4,2,1,1,3,3,0.08,6,False,False,False,0.0,0.8
MY,F-Root,all_publicly_visible,5004,dns-root_f-root_msm5004_20260701T000000Z_010000Z.json,landing_region_149ad599e1a3::landing_region_e9a4eab3ab1c,"Tanjung Bemban, Indonesia -> Karimun, Indonesia",0.8,4,4,2,1,1,3,3,0.08,7,False,False,False,0.0,0.8
MY,F-Root,all_publicly_visible,5004,dns-root_f-root_msm5004_20260701T000000Z_010000Z.json,landing_region_d0ecf913edd7::landing_region_e2bda68c9220,"Katong, Singapore -> Mersing, Malaysia",0.8,4,4,2,1,1,3,3,0.08,8,False,False,False,0.0,0.8
NA,F-Root,all_publicly_visible,5004,dns-root_f-root_msm5004_20260701T000000Z_010000Z.json,landing_region_5631d1801aee::landing_region_65aa8d7cf62e,"Tallinn, Estonia -> Espoo, Finland",84.66666666666667,138,138,40,22,0,141,0,0.12164750957854407,1,True,False,False,84.66666666666667,0.0
NA,F-Root,all_publicly_visible,5004,dns-root_f-root_msm5004_20260701T000000Z_010000Z.json,landing_region_65aa8d7cf62e::landing_region_6a085d7da78f,"Espoo, Finland -> Kotka, Finland",52.0,100,100,26,13,0,141,0,0.07471264367816093,2,False,True,False,52.0,0.0
NA,F-Root,all_publicly_visible,5004,dns-root_f-root_msm5004_20260701T000000Z_010000Z.json,landing_region_35391ab448ed::landing_region_a4e660c6c620,"Brookhaven, NY, United States -> Island Park, NY, United States",44.666666666666664,88,88,30,18,0,141,0,0.06417624521072797,3,False,False,True,44.666666666666664,0.0
NA,F-Root,all_publicly_visible,5004,dns-root_f-root_msm5004_20260701T000000Z_010000Z.json,landing_region_35391ab448ed::landing_region_b3d356cd3c9f,"Brookhaven, NY, United States -> Wall Township, NJ, United States",38.666666666666664,82,82,30,18,0,141,0,0.05555555555555555,4,False,False,False,38.666666666666664,0.0
NA,F-Root,all_publicly_visible,5004,dns-root_f-root_msm5004_20260701T000000Z_010000Z.json,landing_region_cfeb44e542fb::landing_region_d84551d28c05,"Ajigaura, Japan -> Ninomiya, Japan",30.0,90,90,31,17,0,141,0,0.04310344827586207,5,False,False,False,30.0,0.0
NA,F-Root,all_publicly_visible,5004,dns-root_f-root_msm5004_20260701T000000Z_010000Z.json,landing_region_cfeb44e542fb::landing_region_ea9847129f13,"Ajigaura, Japan -> Maruyama, Japan",30.0,90,90,31,17,0,141,0,0.04310344827586207,6,False,False,False,30.0,0.0
NA,F-Root,all_publicly_visible,5004,dns-root_f-root_msm5004_20260701T000000Z_010000Z.json,landing_region_d84551d28c05::landing_region_ea9847129f13,"Ninomiya, Japan -> Maruyama, Japan",30.0,90,90,31,17,0,141,0,0.04310344827586207,7,False,False,False,30.0,0.0
NA,F-Root,all_publicly_visible,5004,dns-root_f-root_msm5004_20260701T000000Z_010000Z.json,landing_region_1392e3aea9b8::landing_region_8dc97f28b4d0,"Fujairah, United Arab Emirates -> Sharjah, United Arab Emirates",28.0,28,28,6,3,0,141,0,0.040229885057471264,8,False,False,False,28.0,0.0
NA,F-Root,all_publicly_visible,5004,dns-root_f-root_msm5004_20260701T000000Z_010000Z.json,landing_region_1c12bbea2f36::landing_region_e1a72a298b9d,"Borbby Strandbad, Sweden -> Dragor, Denmark",26.0,26,26,11,6,0,141,0,0.03735632183908046,9,False,False,False,4.0,22.0
NA,F-Root,all_publicly_visible,5004,dns-root_f-root_msm5004_20260701T000000Z_010000Z.json,landing_region_382ef3579d8a::landing_region_8c0e5886c6bc,"Cartagena, Chile -> Valparaíso, Chile",24.0,24,24,6,3,0,141,0,0.034482758620689655,10,False,False,False,24.0,0.0
NA,F-Root,all_publicly_visible,5004,dns-root_f-root_msm5004_20260701T000000Z_010000Z.json,landing_region_5f578929a68a::landing_region_fee5a5fdbba8,"Harbour Pointe, WA, United States -> Cama Beach, WA, United States",23.866666666666667,30,30,8,4,0,141,0,0.0342911877394636,11,False,False,False,23.866666666666667,0.0
NA,F-Root,all_publicly_visible,5004,dns-root_f-root_msm5004_20260701T000000Z_010000Z.json,landing_region_b8a30afb11ed::landing_region_d0ecf913edd7,"Sriracha, Thailand -> Katong, Singapore",22.0,22,22,11,6,0,141,0,0.031609195402298854,12,False,False,False,0.0,22.0
NA,F-Root,all_publicly_visible,5004,dns-root_f-root_msm5004_20260701T000000Z_010000Z.json,landing_region_ad2e1f237edf::landing_region_df3d1db01d0e,"Buffalo, NY, United States -> Toronto, ON, Canada",16.0,16,16,8,7,0,141,0,0.022988505747126436,13,False,False,False,0.0,16.0
NA,F-Root,all_publicly_visible,5004,dns-root_f-root_msm5004_20260701T000000Z_010000Z.json,landing_region_5631d1801aee::landing_region_71db3ba08a92,"Tallinn, Estonia -> Stockholm, Sweden",14.0,28,28,14,11,0,141,0,0.020114942528735632,14,False,False,False,0.0,14.0
NA,F-Root,all_publicly_visible,5004,dns-root_f-root_msm5004_20260701T000000Z_010000Z.json,landing_region_65aa8d7cf62e::landing_region_71db3ba08a92,"Espoo, Finland -> Stockholm, Sweden",14.0,28,28,14,11,0,141,0,0.020114942528735632,15,False,False,False,0.0,14.0
NA,F-Root,all_publicly_visible,5004,dns-root_f-root_msm5004_20260701T000000Z_010000Z.json,landing_region_16506ee61a44::landing_region_d0ecf913edd7,"Medan, Indonesia -> Katong, Singapore",8.0,8,8,4,2,0,141,0,0.011494252873563218,16,False,False,False,0.0,8.0
NA,F-Root,all_publicly_visible,5004,dns-root_f-root_msm5004_20260701T000000Z_010000Z.json,landing_region_1c12bbea2f36::landing_region_1ce0b85cd8b9,"Borbby Strandbad, Sweden -> Uto, Sweden",8.0,16,16,5,3,0,141,0,0.011494252873563218,17,False,False,False,8.0,0.0
NA,F-Root,all_publicly_visible,5004,dns-root_f-root_msm5004_20260701T000000Z_010000Z.json,landing_region_1ce0b85cd8b9::landing_region_e1a72a298b9d,"Uto, Sweden -> Dragor, Denmark",8.0,16,16,5,3,0,141,0,0.011494252873563218,18,False,False,False,8.0,0.0
NA,F-Root,all_publicly_visible,5004,dns-root_f-root_msm5004_20260701T000000Z_010000Z.json,landing_region_3362110f86da::landing_region_baee86a03f35,"Pa Li, Taiwan -> Guningtou, Taiwan",8.0,8,8,4,2,0,141,0,0.011494252873563218,19,False,False,False,0.0,8.0
NA,F-Root,all_publicly_visible,5004,dns-root_f-root_msm5004_20260701T000000Z_010000Z.json,landing_region_58084817cbe7::landing_region_b3ff0e144e34,"Paddington, NSW, Australia -> Maroochydore, QLD, Australia",8.0,8,8,4,2,0,141,0,0.011494252873563218,20,False,False,False,8.0,0.0
NA,F-Root,all_publicly_visible,5004,dns-root_f-root_msm5004_20260701T000000Z_010000Z.json,landing_region_71e1260196d0::landing_region_85b85b02a38f,"Cavite, Philippines -> Batangas, Philippines",8.0,8,8,3,2,0,141,0,0.011494252873563218,21,False,False,False,8.0,0.0
NA,F-Root,all_publicly_visible,5004,dns-root_f-root_msm5004_20260701T000000Z_010000Z.json,landing_region_319252418c1f::landing_region_6d0b3b188139,"Deep Water Bay, China -> Zhuhai, China",6.0,6,6,3,2,0,141,0,0.008620689655172414,22,False,False,False,4.0,2.0
NA,F-Root,all_publicly_visible,5004,dns-root_f-root_msm5004_20260701T000000Z_010000Z.json,landing_region_7559ef31b258::landing_region_c6ca70161fbc,"Netanya, Israel -> Rishon Le’Zion, Israel",5.333333333333333,16,16,4,2,0,141,0,0.007662835249042145,23,False,False,False,5.333333333333333,0.0
NA,F-Root,all_publicly_visible,5004,dns-root_f-root_msm5004_20260701T000000Z_010000Z.json,landing_region_7559ef31b258::landing_region_d42b6ba4dd12,"Netanya, Israel -> Haifa, Israel",5.333333333333333,16,16,4,2,0,141,0,0.007662835249042145,24,False,False,False,5.333333333333333,0.0
NA,F-Root,all_publicly_visible,5004,dns-root_f-root_msm5004_20260701T000000Z_010000Z.json,landing_region_c6ca70161fbc::landing_region_d42b6ba4dd12,"Rishon Le’Zion, Israel -> Haifa, Israel",5.333333333333333,16,16,4,2,0,141,0,0.007662835249042145,25,False,False,False,5.333333333333333,0.0
NA,F-Root,all_publicly_visible,5004,dns-root_f-root_msm5004_20260701T000000Z_010000Z.json,landing_region_1497f5544d8d::landing_region_65aa8d7cf62e,"Hanko, Finland -> Espoo, Finland",4.666666666666666,12,12,5,3,0,141,0,0.006704980842911877,26,False,False,False,4.666666666666666,0.0
NA,F-Root,all_publicly_visible,5004,dns-root_f-root_msm5004_20260701T000000Z_010000Z.json,landing_region_35391ab448ed::landing_region_59a210e88c9e,"Brookhaven, NY, United States -> New Haven, CT, United States",4.666666666666666,14,14,4,2,0,141,0,0.006704980842911877,27,False,False,False,4.666666666666666,0.0
NA,F-Root,all_publicly_visible,5004,dns-root_f-root_msm5004_20260701T000000Z_010000Z.json,landing_region_5ff6ee2e39f7::landing_region_65aa8d7cf62e,"Haradsholm, Finland -> Espoo, Finland",4.666666666666666,12,12,5,3,0,141,0,0.006704980842911877,28,False,False,False,4.666666666666666,0.0
NA,F-Root,all_publicly_visible,5004,dns-root_f-root_msm5004_20260701T000000Z_010000Z.json,landing_region_0601a73acabb::landing_region_3b96281acedd,"Apia, Samoa -> Alofi, Niue",4.0,4,4,2,1,0,141,0,0.005747126436781609,29,False,False,False,0.0,4.0
NA,F-Root,all_publicly_visible,5004,dns-root_f-root_msm5004_20260701T000000Z_010000Z.json,landing_region_08ea81d123b5::landing_region_9e3a5ff856b9,"Marseille, France -> Balluta Bay, Malta",4.0,4,4,2,1,0,141,0,0.005747126436781609,30,False,False,False,0.0,4.0
NA,F-Root,all_publicly_visible,5004,dns-root_f-root_msm5004_20260701T000000Z_010000Z.json,landing_region_0c894d5ef6d3::landing_region_af7df63397a0,"Dania Beach, FL, United States -> Jacksonville, FL, United States",4.0,4,4,2,1,0,141,0,0.005747126436781609,31,False,False,False,4.0,0.0
NA,F-Root,all_publicly_visible,5004,dns-root_f-root_msm5004_20260701T000000Z_010000Z.json,landing_region_30beda532e6f::landing_region_8afa8229a8fd,"Lagos, Nigeria -> Cotonou, Benin",4.0,4,4,2,1,0,141,0,0.005747126436781609,32,False,False,False,0.0,4.0
NA,F-Root,all_publicly_visible,5004,dns-root_f-root_msm5004_20260701T000000Z_010000Z.json,landing_region_319252418c1f::landing_region_b8a30afb11ed,"Deep Water Bay, China -> Sriracha, Thailand",4.0,4,4,2,1,0,141,0,0.005747126436781609,33,False,False,False,0.0,4.0
NA,F-Root,all_publicly_visible,5004,dns-root_f-root_msm5004_20260701T000000Z_010000Z.json,landing_region_34040dee7bd1::landing_region_a2016c77cbfd,"Hillsboro, OR, United States -> Portage, AK, United States",4.0,4,4,2,1,0,141,0,0.005747126436781609,34,False,False,False,4.0,0.0
NA,F-Root,all_publicly_visible,5004,dns-root_f-root_msm5004_20260701T000000Z_010000Z.json,landing_region_57424b247075::landing_region_eafefa1c1ea4,"Nyali, Kenya -> Amanzimtoti, South Africa",4.0,4,4,2,1,0,141,0,0.005747126436781609,35,False,False,False,0.0,4.0
NA,F-Root,all_publicly_visible,5004,dns-root_f-root_msm5004_20260701T000000Z_010000Z.json,landing_region_64561d142765::landing_region_ef749c24fbd2,"Bredene, Belgium -> Broadstairs, United Kingdom",4.0,4,4,2,1,0,141,0,0.005747126436781609,36,False,False,False,4.0,0.0
NA,F-Root,all_publicly_visible,5004,dns-root_f-root_msm5004_20260701T000000Z_010000Z.json,landing_region_66a38a926c5f::landing_region_d0ecf913edd7,"Vung Tau, Vietnam -> Katong, Singapore",4.0,4,4,2,1,0,141,0,0.005747126436781609,37,False,False,False,0.0,4.0
NA,F-Root,all_publicly_visible,5004,dns-root_f-root_msm5004_20260701T000000Z_010000Z.json,landing_region_85c5930cf70b::landing_region_bea624a510ae,"Mangalia, Romania -> Istanbul, Turkey",4.0,4,4,2,1,0,141,0,0.005747126436781609,38,False,False,False,0.0,4.0
NA,F-Root,all_publicly_visible,5004,dns-root_f-root_msm5004_20260701T000000Z_010000Z.json,landing_region_9e2ae58b14d4::landing_region_9e3a5ff856b9,"Marina di Ragusa, Italy -> Balluta Bay, Malta",4.0,4,4,2,1,0,141,0,0.005747126436781609,39,False,False,False,4.0,0.0
NA,F-Root,all_publicly_visible,5004,dns-root_f-root_msm5004_20260701T000000Z_010000Z.json,landing_region_319252418c1f::landing_region_3362110f86da,"Deep Water Bay, China -> Pa Li, Taiwan",3.0,6,6,1,1,0,141,0,0.004310344827586207,40,False,False,False,0.0,3.0
NA,F-Root,all_publicly_visible,5004,dns-root_f-root_msm5004_20260701T000000Z_010000Z.json,landing_region_319252418c1f::landing_region_8eebb9f0ec75,"Deep Water Bay, China -> Toucheng, Taiwan",3.0,6,6,1,1,0,141,0,0.004310344827586207,41,False,False,False,0.0,3.0
NA,F-Root,all_publicly_visible,5004,dns-root_f-root_msm5004_20260701T000000Z_010000Z.json,landing_region_149ad599e1a3::landing_region_b0fe5c69b187,"Tanjung Bemban, Indonesia -> Rengit, Malaysia",2.6666666666666665,8,8,4,2,0,141,0,0.0038314176245210726,42,False,False,False,2.6666666666666665,0.0
NA,F-Root,all_publicly_visible,5004,dns-root_f-root_msm5004_20260701T000000Z_010000Z.json,landing_region_149ad599e1a3::landing_region_d0ecf913edd7,"Tanjung Bemban, Indonesia -> Katong, Singapore",2.6666666666666665,8,8,4,2,0,141,0,0.0038314176245210726,43,False,False,False,2.6666666666666665,0.0
NA,F-Root,all_publicly_visible,5004,dns-root_f-root_msm5004_20260701T000000Z_010000Z.json,landing_region_149ad599e1a3::landing_region_e9a4eab3ab1c,"Tanjung Bemban, Indonesia -> Karimun, Indonesia",2.6666666666666665,8,8,4,2,0,141,0,0.0038314176245210726,44,False,False,False,2.6666666666666665,0.0
NA,F-Root,all_publicly_visible,5004,dns-root_f-root_msm5004_20260701T000000Z_010000Z.json,landing_region_19da5dac2df8::landing_region_4da2bf713882,"Eastbourne, BC, Canada -> Bowser, BC, Canada",2.5904761904761906,28,28,14,7,0,141,0,0.0037219485495347568,45,False,False,False,2.5904761904761906,0.0
NA,F-Root,all_publicly_visible,5004,dns-root_f-root_msm5004_20260701T000000Z_010000Z.json,landing_region_19da5dac2df8::landing_region_70abce74b352,"Eastbourne, BC, Canada -> Snaw-naw-as, BC, Canada",2.5904761904761906,28,28,14,7,0,141,0,0.0037219485495347568,46,False,False,False,2.5904761904761906,0.0
NA,F-Root,all_publicly_visible,5004,dns-root_f-root_msm5004_20260701T000000Z_010000Z.json,landing_region_19da5dac2df8::landing_region_94c53aa4a6d7,"Eastbourne, BC, Canada -> Vancouver, BC, Canada",2.5904761904761906,28,28,14,7,0,141,0,0.0037219485495347568,47,False,False,False,2.5904761904761906,0.0
NA,F-Root,all_publicly_visible,5004,dns-root_f-root_msm5004_20260701T000000Z_010000Z.json,landing_region_19da5dac2df8::landing_region_ed5425cf5b7d,"Eastbourne, BC, Canada -> Powell River, BC, Canada",2.5904761904761906,28,28,14,7,0,141,0,0.0037219485495347568,48,False,False,False,2.5904761904761906,0.0
NA,F-Root,all_publicly_visible,5004,dns-root_f-root_msm5004_20260701T000000Z_010000Z.json,landing_region_4da2bf713882::landing_region_70abce74b352,"Bowser, BC, Canada -> Snaw-naw-as, BC, Canada",2.5904761904761906,28,28,14,7,0,141,0,0.0037219485495347568,49,False,False,False,2.5904761904761906,0.0
NA,F-Root,all_publicly_visible,5004,dns-root_f-root_msm5004_20260701T000000Z_010000Z.json,landing_region_4da2bf713882::landing_region_94c53aa4a6d7,"Bowser, BC, Canada -> Vancouver, BC, Canada",2.5904761904761906,28,28,14,7,0,141,0,0.0037219485495347568,50,False,False,False,2.5904761904761906,0.0
NA,F-Root,all_publicly_visible,5004,dns-root_f-root_msm5004_20260701T000000Z_010000Z.json,landing_region_70abce74b352::landing_region_94c53aa4a6d7,"Snaw-naw-as, BC, Canada -> Vancouver, BC, Canada",2.5904761904761906,28,28,14,7,0,141,0,0.0037219485495347568,51,False,False,False,2.5904761904761906,0.0
NA,F-Root,all_publicly_visible,5004,dns-root_f-root_msm5004_20260701T000000Z_010000Z.json,landing_region_70abce74b352::landing_region_ed5425cf5b7d,"Snaw-naw-as, BC, Canada -> Powell River, BC, Canada",2.5904761904761906,28,28,14,7,0,141,0,0.0037219485495347568,52,False,False,False,2.5904761904761906,0.0
NA,F-Root,all_publicly_visible,5004,dns-root_f-root_msm5004_20260701T000000Z_010000Z.json,landing_region_94c53aa4a6d7::landing_region_ed5425cf5b7d,"Vancouver, BC, Canada -> Powell River, BC, Canada",2.5904761904761906,28,28,14,7,0,141,0,0.0037219485495347568,53,False,False,False,2.5904761904761906,0.0
NA,F-Root,all_publicly_visible,5004,dns-root_f-root_msm5004_20260701T000000Z_010000Z.json,landing_region_94c53aa4a6d7::landing_region_f41a83b9b5b3,"Vancouver, BC, Canada -> Cordova Bay, BC, Canada",2.5904761904761906,28,28,14,7,0,141,0,0.0037219485495347568,54,False,False,False,2.5904761904761906,0.0
NA,F-Root,all_publicly_visible,5004,dns-root_f-root_msm5004_20260701T000000Z_010000Z.json,landing_region_0c894d5ef6d3::landing_region_222235fff376,"Dania Beach, FL, United States -> Ponce, PR, United States",2.0,4,4,2,1,0,141,0,0.0028735632183908046,55,False,False,False,0.0,2.0
NA,F-Root,all_publicly_visible,5004,dns-root_f-root_msm5004_20260701T000000Z_010000Z.json,landing_region_0c894d5ef6d3::landing_region_4b188f8b0733,"Dania Beach, FL, United States -> Morant Point, Jamaica",2.0,4,4,2,1,0,141,0,0.0028735632183908046,56,False,False,False,0.0,2.0
NA,F-Root,all_publicly_visible,5004,dns-root_f-root_msm5004_20260701T000000Z_010000Z.json,landing_region_0c894d5ef6d3::landing_region_822747b0ce7e,"Dania Beach, FL, United States -> Miramar, PR, United States",2.0,4,4,2,1,0,141,0,0.0028735632183908046,57,False,False,False,0.0,2.0
NA,F-Root,all_publicly_visible,5004,dns-root_f-root_msm5004_20260701T000000Z_010000Z.json,landing_region_0c894d5ef6d3::landing_region_83c1ffe3b901,"Dania Beach, FL, United States -> Mahuma, Curaçao",2.0,2,2,1,1,0,141,0,0.0028735632183908046,58,False,False,False,0.0,2.0
NA,F-Root,all_publicly_visible,5004,dns-root_f-root_msm5004_20260701T000000Z_010000Z.json,landing_region_0c894d5ef6d3::landing_region_b2eb6ff00cc4,"Dania Beach, FL, United States -> Bull Bay, Jamaica",2.0,4,4,2,1,0,141,0,0.0028735632183908046,59,False,False,False,0.0,2.0
NA,F-Root,all_publicly_visible,5004,dns-root_f-root_msm5004_20260701T000000Z_010000Z.json,landing_region_120836cdab0e::landing_region_35391ab448ed,"Callantsoog, Netherlands -> Brookhaven, NY, United States",2.0,2,2,1,1,0,141,0,0.0028735632183908046,60,False,False,False,0.0,2.0
NA,F-Root,all_publicly_visible,5004,dns-root_f-root_msm5004_20260701T000000Z_010000Z.json,landing_region_1392e3aea9b8::landing_region_1ef38be3b39c,"Fujairah, United Arab Emirates -> Abu Dhabi, United Arab Emirates",2.0,4,4,2,1,0,141,0,0.0028735632183908046,61,False,False,False,2.0,0.0
NA,F-Root,all_publicly_visible,5004,dns-root_f-root_msm5004_20260701T000000Z_010000Z.json,landing_region_271ad44782a4::landing_region_319252418c1f,"Chongming, China -> Deep Water Bay, China",2.0,4,4,2,2,0,141,0,0.0028735632183908046,62,False,False,False,2.0,0.0
NA,F-Root,all_publicly_visible,5004,dns-root_f-root_msm5004_20260701T000000Z_010000Z.json,landing_region_319252418c1f::landing_region_6de47797807a,"Deep Water Bay, China -> Lingang, China",2.0,4,4,2,2,0,141,0,0.0028735632183908046,63,False,False,False,2.0,0.0
NA,F-Root,all_publicly_visible,5004,dns-root_f-root_msm5004_20260701T000000Z_010000Z.json,landing_region_319252418c1f::landing_region_71e1260196d0,"Deep Water Bay, China -> Cavite, Philippines",2.0,4,4,2,1,0,141,0,0.0028735632183908046,64,False,False,False,0.0,2.0
NA,F-Root,all_publicly_visible,5004,dns-root_f-root_msm5004_20260701T000000Z_010000Z.json,landing_region_319252418c1f::landing_region_85b85b02a38f,"Deep Water Bay, China -> Batangas, Philippines",2.0,4,4,2,1,0,141,0,0.0028735632183908046,65,False,False,False,0.0,2.0
NA,F-Root,all_publicly_visible,5004,dns-root_f-root_msm5004_20260701T000000Z_010000Z.json,landing_region_3362110f86da::landing_region_ddcc0ff066ef,"Pa Li, Taiwan -> Budai, Taiwan",2.0,4,4,2,1,0,141,0,0.0028735632183908046,66,False,False,False,2.0,0.0
NA,F-Root,all_publicly_visible,5004,dns-root_f-root_msm5004_20260701T000000Z_010000Z.json,landing_region_3362110f86da::landing_region_ef18f60e8ea4,"Pa Li, Taiwan -> Dawu, Taiwan",2.0,4,4,2,1,0,141,0,0.0028735632183908046,67,False,False,False,2.0,0.0
NA,F-Root,all_publicly_visible,5004,dns-root_f-root_msm5004_20260701T000000Z_010000Z.json,landing_region_4d0efd9bb45b::landing_region_5113b57f1083,"Lurin, Peru -> Praia Grande, Brazil",2.0,2,2,1,1,0,141,0,0.0028735632183908046,68,False,False,False,0.0,2.0
NA,F-Root,all_publicly_visible,5004,dns-root_f-root_msm5004_20260701T000000Z_010000Z.json,landing_region_8dc97f28b4d0::landing_region_8eb6b32d9fb6,"Sharjah, United Arab Emirates -> Sir Abu Nu'Ayr Island, United Arab Emirates",2.0,4,4,2,1,0,141,0,0.0028735632183908046,69,False,False,False,2.0,0.0
NA,F-Root,all_publicly_visible,5004,dns-root_f-root_msm5004_20260701T000000Z_010000Z.json,landing_region_5f578929a68a::landing_region_94c53aa4a6d7,"Harbour Pointe, WA, United States -> Vancouver, BC, Canada",1.8666666666666667,8,8,4,2,0,141,0,0.002681992337164751,70,False,False,False,1.8666666666666667,0.0
NA,F-Root,all_publicly_visible,5004,dns-root_f-root_msm5004_20260701T000000Z_010000Z.json,landing_region_5f578929a68a::landing_region_f41a83b9b5b3,"Harbour Pointe, WA, United States -> Cordova Bay, BC, Canada",1.8666666666666667,8,8,4,2,0,141,0,0.002681992337164751,71,False,False,False,1.8666666666666667,0.0
NA,F-Root,all_publicly_visible,5004,dns-root_f-root_msm5004_20260701T000000Z_010000Z.json,landing_region_a995dae8d34a::landing_region_ea9847129f13,"Toyohashi, Japan -> Maruyama, Japan",1.5,6,6,3,2,0,141,0,0.0021551724137931034,72,False,False,False,1.5,0.0
NA,F-Root,all_publicly_visible,5004,dns-root_f-root_msm5004_20260701T000000Z_010000Z.json,landing_region_cfeb44e542fb::landing_region_d77c3f65b5a6,"Ajigaura, Japan -> Shima, Japan",1.5,6,6,3,2,0,141,0,0.0021551724137931034,73,False,False,False,1.5,0.0
NA,F-Root,all_publicly_visible,5004,dns-root_f-root_msm5004_20260701T000000Z_010000Z.json,landing_region_d77c3f65b5a6::landing_region_d84551d28c05,"Shima, Japan -> Ninomiya, Japan",1.5,6,6,3,2,0,141,0,0.0021551724137931034,74,False,False,False,1.5,0.0
NA,F-Root,all_publicly_visible,5004,dns-root_f-root_msm5004_20260701T000000Z_010000Z.json,landing_region_d77c3f65b5a6::landing_region_ea9847129f13,"Shima, Japan -> Maruyama, Japan",1.5,6,6,3,2,0,141,0,0.0021551724137931034,75,False,False,False,1.5,0.0
NA,F-Root,all_publicly_visible,5004,dns-root_f-root_msm5004_20260701T000000Z_010000Z.json,landing_region_94c53aa4a6d7::landing_region_fee5a5fdbba8,"Vancouver, BC, Canada -> Cama Beach, WA, United States",1.2000000000000002,6,6,3,2,0,141,0,0.001724137931034483,76,False,False,False,1.2000000000000002,0.0
NA,F-Root,all_publicly_visible,5004,dns-root_f-root_msm5004_20260701T000000Z_010000Z.json,landing_region_f41a83b9b5b3::landing_region_fee5a5fdbba8,"Cordova Bay, BC, Canada -> Cama Beach, WA, United States",1.2000000000000002,6,6,3,2,0,141,0,0.001724137931034483,77,False,False,False,1.2000000000000002,0.0
NA,F-Root,all_publicly_visible,5004,dns-root_f-root_msm5004_20260701T000000Z_010000Z.json,landing_region_149acfcae34c::landing_region_58084817cbe7,"Melbourne, VIC, Australia -> Paddington, NSW, Australia",1.0,2,2,1,1,0,141,0,0.0014367816091954023,78,False,False,False,1.0,0.0
NA,F-Root,all_publicly_visible,5004,dns-root_f-root_msm5004_20260701T000000Z_010000Z.json,landing_region_58084817cbe7::landing_region_cf432e5aaa09,"Paddington, NSW, Australia -> Torquay, VIC, Australia",1.0,2,2,1,1,0,141,0,0.0014367816091954023,79,False,False,False,1.0,0.0
NA,F-Root,all_publicly_visible,5004,dns-root_f-root_msm5004_20260701T000000Z_010000Z.json,landing_region_1f776bd1cb70::landing_region_cfeb44e542fb,"Ishikari, Japan -> Ajigaura, Japan",0.6666666666666666,2,2,1,1,0,141,0,0.0009578544061302681,80,False,False,False,0.6666666666666666,0.0
NA,F-Root,all_publicly_visible,5004,dns-root_f-root_msm5004_20260701T000000Z_010000Z.json,landing_region_1f776bd1cb70::landing_region_d84551d28c05,"Ishikari, Japan -> Ninomiya, Japan",0.6666666666666666,2,2,1,1,0,141,0,0.0009578544061302681,81,False,False,False,0.6666666666666666,0.0
NA,F-Root,all_publicly_visible,5004,dns-root_f-root_msm5004_20260701T000000Z_010000Z.json,landing_region_1f776bd1cb70::landing_region_ea9847129f13,"Ishikari, Japan -> Maruyama, Japan",0.6666666666666666,2,2,1,1,0,141,0,0.0009578544061302681,82,False,False,False,0.6666666666666666,0.0
NA,F-Root,all_publicly_visible,5004,dns-root_f-root_msm5004_20260701T000000Z_010000Z.json,landing_region_cfeb44e542fb::landing_region_eaf653d4b51e,"Ajigaura, Japan -> Naha, Japan",0.6666666666666666,2,2,1,1,0,141,0,0.0009578544061302681,83,False,False,False,0.6666666666666666,0.0
NA,F-Root,all_publicly_visible,5004,dns-root_f-root_msm5004_20260701T000000Z_010000Z.json,landing_region_d84551d28c05::landing_region_eaf653d4b51e,"Ninomiya, Japan -> Naha, Japan",0.6666666666666666,2,2,1,1,0,141,0,0.0009578544061302681,84,False,False,False,0.6666666666666666,0.0
NA,F-Root,all_publicly_visible,5004,dns-root_f-root_msm5004_20260701T000000Z_010000Z.json,landing_region_ea9847129f13::landing_region_eaf653d4b51e,"Maruyama, Japan -> Naha, Japan",0.6666666666666666,2,2,1,1,0,141,0,0.0009578544061302681,85,False,False,False,0.6666666666666666,0.0
NA,F-Root,all_publicly_visible,5004,dns-root_f-root_msm5004_20260701T000000Z_010000Z.json,landing_region_10ed1e7f3a53::landing_region_19da5dac2df8,"Comox, BC, Canada -> Eastbourne, BC, Canada",0.19047619047619047,4,4,2,1,0,141,0,0.0002736726874657909,86,False,False,False,0.19047619047619047,0.0
NA,F-Root,all_publicly_visible,5004,dns-root_f-root_msm5004_20260701T000000Z_010000Z.json,landing_region_10ed1e7f3a53::landing_region_4da2bf713882,"Comox, BC, Canada -> Bowser, BC, Canada",0.19047619047619047,4,4,2,1,0,141,0,0.0002736726874657909,87,False,False,False,0.19047619047619047,0.0
NA,F-Root,all_publicly_visible,5004,dns-root_f-root_msm5004_20260701T000000Z_010000Z.json,landing_region_10ed1e7f3a53::landing_region_70abce74b352,"Comox, BC, Canada -> Snaw-naw-as, BC, Canada",0.19047619047619047,4,4,2,1,0,141,0,0.0002736726874657909,88,False,False,False,0.19047619047619047,0.0
NA,F-Root,all_publicly_visible,5004,dns-root_f-root_msm5004_20260701T000000Z_010000Z.json,landing_region_10ed1e7f3a53::landing_region_94c53aa4a6d7,"Comox, BC, Canada -> Vancouver, BC, Canada",0.19047619047619047,4,4,2,1,0,141,0,0.0002736726874657909,89,False,False,False,0.19047619047619047,0.0
NA,F-Root,all_publicly_visible,5004,dns-root_f-root_msm5004_20260701T000000Z_010000Z.json,landing_region_10ed1e7f3a53::landing_region_ed5425cf5b7d,"Comox, BC, Canada -> Powell River, BC, Canada",0.19047619047619047,4,4,2,1,0,141,0,0.0002736726874657909,90,False,False,False,0.19047619047619047,0.0
NA,F-Root,all_publicly_visible,5004,dns-root_f-root_msm5004_20260701T000000Z_010000Z.json,landing_region_19da5dac2df8::landing_region_49c51c03c37a,"Eastbourne, BC, Canada -> Toquaht Bay, BC, Canada",0.19047619047619047,4,4,2,1,0,141,0,0.0002736726874657909,91,False,False,False,0.19047619047619047,0.0
NA,F-Root,all_publicly_visible,5004,dns-root_f-root_msm5004_20260701T000000Z_010000Z.json,landing_region_49c51c03c37a::landing_region_4da2bf713882,"Toquaht Bay, BC, Canada -> Bowser, BC, Canada",0.19047619047619047,4,4,2,1,0,141,0,0.0002736726874657909,92,False,False,False,0.19047619047619047,0.0
NA,F-Root,all_publicly_visible,5004,dns-root_f-root_msm5004_20260701T000000Z_010000Z.json,landing_region_49c51c03c37a::landing_region_70abce74b352,"Toquaht Bay, BC, Canada -> Snaw-naw-as, BC, Canada",0.19047619047619047,4,4,2,1,0,141,0,0.0002736726874657909,93,False,False,False,0.19047619047619047,0.0
NA,F-Root,all_publicly_visible,5004,dns-root_f-root_msm5004_20260701T000000Z_010000Z.json,landing_region_49c51c03c37a::landing_region_94c53aa4a6d7,"Toquaht Bay, BC, Canada -> Vancouver, BC, Canada",0.19047619047619047,4,4,2,1,0,141,0,0.0002736726874657909,94,False,False,False,0.19047619047619047,0.0
NA,F-Root,all_publicly_visible,5004,dns-root_f-root_msm5004_20260701T000000Z_010000Z.json,landing_region_49c51c03c37a::landing_region_ed5425cf5b7d,"Toquaht Bay, BC, Canada -> Powell River, BC, Canada",0.19047619047619047,4,4,2,1,0,141,0,0.0002736726874657909,95,False,False,False,0.19047619047619047,0.0
NA,F-Root,all_publicly_visible,5004,dns-root_f-root_msm5004_20260701T000000Z_010000Z.json,landing_region_4da2bf713882::landing_region_ed5425cf5b7d,"Bowser, BC, Canada -> Powell River, BC, Canada",0.19047619047619047,4,4,2,1,0,141,0,0.0002736726874657909,96,False,False,False,0.19047619047619047,0.0
NA,F-Root,resolved_entry_only,5004,dns-root_f-root_msm5004_20260701T000000Z_010000Z.json,landing_region_35391ab448ed::landing_region_a4e660c6c620,"Brookhaven, NY, United States -> Island Park, NY, United States",10.0,16,16,4,2,0,4,0,0.4166666666666667,1,True,False,False,10.0,0.0
NA,F-Root,resolved_entry_only,5004,dns-root_f-root_msm5004_20260701T000000Z_010000Z.json,landing_region_35391ab448ed::landing_region_b3d356cd3c9f,"Brookhaven, NY, United States -> Wall Township, NJ, United States",6.0,12,12,4,2,0,4,0,0.25,2,False,True,False,6.0,0.0
NA,F-Root,resolved_entry_only,5004,dns-root_f-root_msm5004_20260701T000000Z_010000Z.json,landing_region_382ef3579d8a::landing_region_8c0e5886c6bc,"Cartagena, Chile -> Valparaíso, Chile",4.0,4,4,2,1,0,4,0,0.16666666666666666,3,False,False,True,4.0,0.0
NA,F-Root,resolved_entry_only,5004,dns-root_f-root_msm5004_20260701T000000Z_010000Z.json,landing_region_3362110f86da::landing_region_ddcc0ff066ef,"Pa Li, Taiwan -> Budai, Taiwan",2.0,4,4,2,1,0,4,0,0.08333333333333333,4,False,False,False,2.0,0.0
NA,F-Root,resolved_entry_only,5004,dns-root_f-root_msm5004_20260701T000000Z_010000Z.json,landing_region_3362110f86da::landing_region_ef18f60e8ea4,"Pa Li, Taiwan -> Dawu, Taiwan",2.0,4,4,2,1,0,4,0,0.08333333333333333,5,False,False,False,2.0,0.0
NL,F-Root,all_publicly_visible,5004,dns-root_f-root_msm5004_20260701T000000Z_010000Z.json,landing_region_1ce0b85cd8b9::landing_region_e1a72a298b9d,"Uto, Sweden -> Dragor, Denmark",6.0,8,8,2,1,1,2,2,0.5,1,True,False,False,2.0,4.0
NL,F-Root,all_publicly_visible,5004,dns-root_f-root_msm5004_20260701T000000Z_010000Z.json,landing_region_120836cdab0e::landing_region_a3a3679614fb,"Callantsoog, Netherlands -> Winterton-on-Sea, United Kingdom",2.0,4,4,2,1,1,2,2,0.16666666666666666,2,False,True,False,0.0,2.0
NL,F-Root,all_publicly_visible,5004,dns-root_f-root_msm5004_20260701T000000Z_010000Z.json,landing_region_1c12bbea2f36::landing_region_1ce0b85cd8b9,"Borbby Strandbad, Sweden -> Uto, Sweden",2.0,4,4,2,1,1,2,2,0.16666666666666666,3,False,False,True,2.0,0.0
NL,F-Root,all_publicly_visible,5004,dns-root_f-root_msm5004_20260701T000000Z_010000Z.json,landing_region_c0cd1a04639b::landing_region_c2e186b4690c,"Sizewell, United Kingdom -> Zandvoort, Netherlands",2.0,4,4,2,1,1,2,2,0.16666666666666666,4,False,False,False,0.0,2.0
NO,F-Root,all_publicly_visible,5004,dns-root_f-root_msm5004_20260701T000000Z_010000Z.json,landing_region_2f1f6d8f7ce5::landing_region_d514e04d4eb8,"Oslo, Norway -> Drøbak, Norway",19.6,74,74,31,16,8,30,13,0.13066666666666668,1,True,False,False,19.6,0.0
NO,F-Root,all_publicly_visible,5004,dns-root_f-root_msm5004_20260701T000000Z_010000Z.json,landing_region_2f1f6d8f7ce5::landing_region_d8238f687690,"Oslo, Norway -> Larvik, Norway",15.6,70,70,29,15,7,30,13,0.104,2,False,True,False,15.6,0.0
NO,F-Root,all_publicly_visible,5004,dns-root_f-root_msm5004_20260701T000000Z_010000Z.json,landing_region_d514e04d4eb8::landing_region_d8238f687690,"Drøbak, Norway -> Larvik, Norway",15.6,70,70,29,15,7,30,13,0.104,3,False,False,True,15.6,0.0
NO,F-Root,all_publicly_visible,5004,dns-root_f-root_msm5004_20260701T000000Z_010000Z.json,landing_region_1a418f57bf9f::landing_region_2f1f6d8f7ce5,"Capri Strand, Sweden -> Oslo, Norway",11.600000000000001,58,58,23,12,6,30,13,0.07733333333333334,4,False,False,False,11.600000000000001,0.0
NO,F-Root,all_publicly_visible,5004,dns-root_f-root_msm5004_20260701T000000Z_010000Z.json,landing_region_1a418f57bf9f::landing_region_d514e04d4eb8,"Capri Strand, Sweden -> Drøbak, Norway",11.600000000000001,58,58,23,12,6,30,13,0.07733333333333334,5,False,False,False,11.600000000000001,0.0
NO,F-Root,all_publicly_visible,5004,dns-root_f-root_msm5004_20260701T000000Z_010000Z.json,landing_region_68c2a6f2eb92::landing_region_fe6b66210668,"Brekstad, Norway -> Narvik, Norway",8.0,8,8,4,2,1,30,13,0.05333333333333334,6,False,False,False,8.0,0.0
NO,F-Root,all_publicly_visible,5004,dns-root_f-root_msm5004_20260701T000000Z_010000Z.json,landing_region_2f1f6d8f7ce5::landing_region_59507011995d,"Oslo, Norway -> Kårstø, Norway",5.5,24,24,12,6,3,30,13,0.03666666666666667,7,False,False,False,5.5,0.0
NO,F-Root,all_publicly_visible,5004,dns-root_f-root_msm5004_20260701T000000Z_010000Z.json,landing_region_2f1f6d8f7ce5::landing_region_9f0445306e12,"Oslo, Norway -> Egersund, Norway",5.5,24,24,12,6,3,30,13,0.03666666666666667,8,False,False,False,5.5,0.0
NO,F-Root,all_publicly_visible,5004,dns-root_f-root_msm5004_20260701T000000Z_010000Z.json,landing_region_59507011995d::landing_region_d514e04d4eb8,"Kårstø, Norway -> Drøbak, Norway",5.5,24,24,12,6,3,30,13,0.03666666666666667,9,False,False,False,5.5,0.0
NO,F-Root,all_publicly_visible,5004,dns-root_f-root_msm5004_20260701T000000Z_010000Z.json,landing_region_9f0445306e12::landing_region_d514e04d4eb8,"Egersund, Norway -> Drøbak, Norway",5.5,24,24,12,6,3,30,13,0.03666666666666667,10,False,False,False,5.5,0.0
NO,F-Root,all_publicly_visible,5004,dns-root_f-root_msm5004_20260701T000000Z_010000Z.json,landing_region_35391ab448ed::landing_region_a4e660c6c620,"Brookhaven, NY, United States -> Island Park, NY, United States",3.0,6,6,2,1,1,30,13,0.02,11,False,False,False,3.0,0.0
NO,F-Root,all_publicly_visible,5004,dns-root_f-root_msm5004_20260701T000000Z_010000Z.json,landing_region_35391ab448ed::landing_region_b3d356cd3c9f,"Brookhaven, NY, United States -> Wall Township, NJ, United States",3.0,6,6,2,1,1,30,13,0.02,12,False,False,False,3.0,0.0
NO,F-Root,all_publicly_visible,5004,dns-root_f-root_msm5004_20260701T000000Z_010000Z.json,landing_region_28d81b327182::landing_region_51738c738daf,"Lefdal, Norway -> Herlandsvika, Norway",2.0,12,12,2,1,1,30,13,0.013333333333333334,13,False,False,False,2.0,0.0
NO,F-Root,all_publicly_visible,5004,dns-root_f-root_msm5004_20260701T000000Z_010000Z.json,landing_region_28d81b327182::landing_region_bd7d4cf4f8a1,"Lefdal, Norway -> Åheim, Norway",2.0,12,12,2,1,1,30,13,0.013333333333333334,14,False,False,False,2.0,0.0
NO,F-Root,all_publicly_visible,5004,dns-root_f-root_msm5004_20260701T000000Z_010000Z.json,landing_region_28d81b327182::landing_region_f8ebd95c71ce,"Lefdal, Norway -> Molde, Norway",2.0,12,12,2,1,1,30,13,0.013333333333333334,15,False,False,False,2.0,0.0
NO,F-Root,all_publicly_visible,5004,dns-root_f-root_msm5004_20260701T000000Z_010000Z.json,landing_region_51738c738daf::landing_region_bd7d4cf4f8a1,"Herlandsvika, Norway -> Åheim, Norway",2.0,12,12,2,1,1,30,13,0.013333333333333334,16,False,False,False,2.0,0.0
NO,F-Root,all_publicly_visible,5004,dns-root_f-root_msm5004_20260701T000000Z_010000Z.json,landing_region_51738c738daf::landing_region_f8ebd95c71ce,"Herlandsvika, Norway -> Molde, Norway",2.0,12,12,2,1,1,30,13,0.013333333333333334,17,False,False,False,2.0,0.0
NO,F-Root,all_publicly_visible,5004,dns-root_f-root_msm5004_20260701T000000Z_010000Z.json,landing_region_59507011995d::landing_region_5c0c91ea8e24,"Kårstø, Norway -> Øygarden, Norway",2.0,4,4,2,1,1,30,13,0.013333333333333334,18,False,False,False,2.0,0.0
NO,F-Root,all_publicly_visible,5004,dns-root_f-root_msm5004_20260701T000000Z_010000Z.json,landing_region_5c0c91ea8e24::landing_region_84394d1aa7f2,"Øygarden, Norway -> Hyllestad, Norway",2.0,4,4,2,1,1,30,13,0.013333333333333334,19,False,False,False,2.0,0.0
NO,F-Root,all_publicly_visible,5004,dns-root_f-root_msm5004_20260701T000000Z_010000Z.json,landing_region_bd7d4cf4f8a1::landing_region_f8ebd95c71ce,"Åheim, Norway -> Molde, Norway",2.0,12,12,2,1,1,30,13,0.013333333333333334,20,False,False,False,2.0,0.0
NO,F-Root,all_publicly_visible,5004,dns-root_f-root_msm5004_20260701T000000Z_010000Z.json,landing_region_2f1f6d8f7ce5::landing_region_613d7c7fc2a1,"Oslo, Norway -> Lista, Norway",1.6666666666666665,10,10,5,3,2,30,13,0.01111111111111111,21,False,False,False,1.6666666666666665,0.0
NO,F-Root,all_publicly_visible,5004,dns-root_f-root_msm5004_20260701T000000Z_010000Z.json,landing_region_2f1f6d8f7ce5::landing_region_734e5f248738,"Oslo, Norway -> Kristiansand, Norway",1.6666666666666665,10,10,5,3,2,30,13,0.01111111111111111,22,False,False,False,1.6666666666666665,0.0
NO,F-Root,all_publicly_visible,5004,dns-root_f-root_msm5004_20260701T000000Z_010000Z.json,landing_region_2f1f6d8f7ce5::landing_region_b89ae8b4224f,"Oslo, Norway -> Arendal, Norway",1.6666666666666665,10,10,5,3,2,30,13,0.01111111111111111,23,False,False,False,1.6666666666666665,0.0
NO,F-Root,all_publicly_visible,5004,dns-root_f-root_msm5004_20260701T000000Z_010000Z.json,landing_region_613d7c7fc2a1::landing_region_d514e04d4eb8,"Lista, Norway -> Drøbak, Norway",1.6666666666666665,10,10,5,3,2,30,13,0.01111111111111111,24,False,False,False,1.6666666666666665,0.0
NO,F-Root,all_publicly_visible,5004,dns-root_f-root_msm5004_20260701T000000Z_010000Z.json,landing_region_734e5f248738::landing_region_d514e04d4eb8,"Kristiansand, Norway -> Drøbak, Norway",1.6666666666666665,10,10,5,3,2,30,13,0.01111111111111111,25,False,False,False,1.6666666666666665,0.0
NO,F-Root,all_publicly_visible,5004,dns-root_f-root_msm5004_20260701T000000Z_010000Z.json,landing_region_b89ae8b4224f::landing_region_d514e04d4eb8,"Arendal, Norway -> Drøbak, Norway",1.6666666666666665,10,10,5,3,2,30,13,0.01111111111111111,26,False,False,False,1.6666666666666665,0.0
NO,F-Root,all_publicly_visible,5004,dns-root_f-root_msm5004_20260701T000000Z_010000Z.json,landing_region_68c2a6f2eb92::landing_region_f8ebd95c71ce,"Brekstad, Norway -> Molde, Norway",1.3,8,8,4,2,2,30,13,0.008666666666666666,27,False,False,False,1.3,0.0
NO,F-Root,all_publicly_visible,5004,dns-root_f-root_msm5004_20260701T000000Z_010000Z.json,landing_region_85af16a4a5ec::landing_region_f8ebd95c71ce,"Hitra, Norway -> Molde, Norway",1.3,8,8,4,2,2,30,13,0.008666666666666666,28,False,False,False,1.3,0.0
NO,F-Root,all_publicly_visible,5004,dns-root_f-root_msm5004_20260701T000000Z_010000Z.json,landing_region_56f5968b4284::landing_region_68c2a6f2eb92,"Edøya, Norway -> Brekstad, Norway",0.8,4,4,2,1,1,30,13,0.005333333333333334,29,False,False,False,0.8,0.0
NO,F-Root,all_publicly_visible,5004,dns-root_f-root_msm5004_20260701T000000Z_010000Z.json,landing_region_56f5968b4284::landing_region_85af16a4a5ec,"Edøya, Norway -> Hitra, Norway",0.8,4,4,2,1,1,30,13,0.005333333333333334,30,False,False,False,0.8,0.0
NO,F-Root,all_publicly_visible,5004,dns-root_f-root_msm5004_20260701T000000Z_010000Z.json,landing_region_68c2a6f2eb92::landing_region_85af16a4a5ec,"Brekstad, Norway -> Hitra, Norway",0.8,4,4,2,1,1,30,13,0.005333333333333334,31,False,False,False,0.8,0.0
NO,F-Root,all_publicly_visible,5004,dns-root_f-root_msm5004_20260701T000000Z_010000Z.json,landing_region_59507011995d::landing_region_613d7c7fc2a1,"Kårstø, Norway -> Lista, Norway",0.6666666666666666,4,4,2,1,1,30,13,0.0044444444444444444,32,False,False,False,0.6666666666666666,0.0
NO,F-Root,all_publicly_visible,5004,dns-root_f-root_msm5004_20260701T000000Z_010000Z.json,landing_region_59507011995d::landing_region_734e5f248738,"Kårstø, Norway -> Kristiansand, Norway",0.6666666666666666,4,4,2,1,1,30,13,0.0044444444444444444,33,False,False,False,0.6666666666666666,0.0
NO,F-Root,all_publicly_visible,5004,dns-root_f-root_msm5004_20260701T000000Z_010000Z.json,landing_region_59507011995d::landing_region_b89ae8b4224f,"Kårstø, Norway -> Arendal, Norway",0.6666666666666666,4,4,2,1,1,30,13,0.0044444444444444444,34,False,False,False,0.6666666666666666,0.0
NO,F-Root,all_publicly_visible,5004,dns-root_f-root_msm5004_20260701T000000Z_010000Z.json,landing_region_613d7c7fc2a1::landing_region_9f0445306e12,"Lista, Norway -> Egersund, Norway",0.6666666666666666,4,4,2,1,1,30,13,0.0044444444444444444,35,False,False,False,0.6666666666666666,0.0
NO,F-Root,all_publicly_visible,5004,dns-root_f-root_msm5004_20260701T000000Z_010000Z.json,landing_region_734e5f248738::landing_region_9f0445306e12,"Kristiansand, Norway -> Egersund, Norway",0.6666666666666666,4,4,2,1,1,30,13,0.0044444444444444444,36,False,False,False,0.6666666666666666,0.0
NO,F-Root,all_publicly_visible,5004,dns-root_f-root_msm5004_20260701T000000Z_010000Z.json,landing_region_9f0445306e12::landing_region_b89ae8b4224f,"Egersund, Norway -> Arendal, Norway",0.6666666666666666,4,4,2,1,1,30,13,0.0044444444444444444,37,False,False,False,0.6666666666666666,0.0
NO,F-Root,all_publicly_visible,5004,dns-root_f-root_msm5004_20260701T000000Z_010000Z.json,landing_region_1a418f57bf9f::landing_region_59507011995d,"Capri Strand, Sweden -> Kårstø, Norway",0.5,4,4,2,1,1,30,13,0.0033333333333333335,38,False,False,False,0.5,0.0
NO,F-Root,all_publicly_visible,5004,dns-root_f-root_msm5004_20260701T000000Z_010000Z.json,landing_region_1a418f57bf9f::landing_region_9f0445306e12,"Capri Strand, Sweden -> Egersund, Norway",0.5,4,4,2,1,1,30,13,0.0033333333333333335,39,False,False,False,0.5,0.0
NO,F-Root,all_publicly_visible,5004,dns-root_f-root_msm5004_20260701T000000Z_010000Z.json,landing_region_28d81b327182::landing_region_68c2a6f2eb92,"Lefdal, Norway -> Brekstad, Norway",0.5,4,4,2,1,1,30,13,0.0033333333333333335,40,False,False,False,0.5,0.0
NO,F-Root,all_publicly_visible,5004,dns-root_f-root_msm5004_20260701T000000Z_010000Z.json,landing_region_28d81b327182::landing_region_85af16a4a5ec,"Lefdal, Norway -> Hitra, Norway",0.5,4,4,2,1,1,30,13,0.0033333333333333335,41,False,False,False,0.5,0.0
NO,F-Root,all_publicly_visible,5004,dns-root_f-root_msm5004_20260701T000000Z_010000Z.json,landing_region_51738c738daf::landing_region_68c2a6f2eb92,"Herlandsvika, Norway -> Brekstad, Norway",0.5,4,4,2,1,1,30,13,0.0033333333333333335,42,False,False,False,0.5,0.0
NO,F-Root,all_publicly_visible,5004,dns-root_f-root_msm5004_20260701T000000Z_010000Z.json,landing_region_51738c738daf::landing_region_85af16a4a5ec,"Herlandsvika, Norway -> Hitra, Norway",0.5,4,4,2,1,1,30,13,0.0033333333333333335,43,False,False,False,0.5,0.0
NO,F-Root,all_publicly_visible,5004,dns-root_f-root_msm5004_20260701T000000Z_010000Z.json,landing_region_59507011995d::landing_region_d8238f687690,"Kårstø, Norway -> Larvik, Norway",0.5,4,4,2,1,1,30,13,0.0033333333333333335,44,False,False,False,0.5,0.0
NO,F-Root,all_publicly_visible,5004,dns-root_f-root_msm5004_20260701T000000Z_010000Z.json,landing_region_68c2a6f2eb92::landing_region_bd7d4cf4f8a1,"Brekstad, Norway -> Åheim, Norway",0.5,4,4,2,1,1,30,13,0.0033333333333333335,45,False,False,False,0.5,0.0
NO,F-Root,all_publicly_visible,5004,dns-root_f-root_msm5004_20260701T000000Z_010000Z.json,landing_region_85af16a4a5ec::landing_region_bd7d4cf4f8a1,"Hitra, Norway -> Åheim, Norway",0.5,4,4,2,1,1,30,13,0.0033333333333333335,46,False,False,False,0.5,0.0
NO,F-Root,all_publicly_visible,5004,dns-root_f-root_msm5004_20260701T000000Z_010000Z.json,landing_region_9f0445306e12::landing_region_d8238f687690,"Egersund, Norway -> Larvik, Norway",0.5,4,4,2,1,1,30,13,0.0033333333333333335,47,False,False,False,0.5,0.0
NO,F-Root,resolved_entry_only,5004,dns-root_f-root_msm5004_20260701T000000Z_010000Z.json,landing_region_2f1f6d8f7ce5::landing_region_d514e04d4eb8,"Oslo, Norway -> Drøbak, Norway",8.8,28,28,12,6,3,11,4,0.17600000000000002,1,True,False,False,8.8,0.0
NO,F-Root,resolved_entry_only,5004,dns-root_f-root_msm5004_20260701T000000Z_010000Z.json,landing_region_68c2a6f2eb92::landing_region_fe6b66210668,"Brekstad, Norway -> Narvik, Norway",8.0,8,8,4,2,1,11,4,0.16,2,False,True,False,8.0,0.0
NO,F-Root,resolved_entry_only,5004,dns-root_f-root_msm5004_20260701T000000Z_010000Z.json,landing_region_1a418f57bf9f::landing_region_2f1f6d8f7ce5,"Capri Strand, Sweden -> Oslo, Norway",4.800000000000001,24,24,10,5,2,11,4,0.09600000000000002,3,False,False,True,4.800000000000001,0.0
NO,F-Root,resolved_entry_only,5004,dns-root_f-root_msm5004_20260701T000000Z_010000Z.json,landing_region_1a418f57bf9f::landing_region_d514e04d4eb8,"Capri Strand, Sweden -> Drøbak, Norway",4.800000000000001,24,24,10,5,2,11,4,0.09600000000000002,4,False,False,False,4.800000000000001,0.0
NO,F-Root,resolved_entry_only,5004,dns-root_f-root_msm5004_20260701T000000Z_010000Z.json,landing_region_2f1f6d8f7ce5::landing_region_d8238f687690,"Oslo, Norway -> Larvik, Norway",4.800000000000001,24,24,10,5,2,11,4,0.09600000000000002,5,False,False,False,4.800000000000001,0.0
NO,F-Root,resolved_entry_only,5004,dns-root_f-root_msm5004_20260701T000000Z_010000Z.json,landing_region_d514e04d4eb8::landing_region_d8238f687690,"Drøbak, Norway -> Larvik, Norway",4.800000000000001,24,24,10,5,2,11,4,0.09600000000000002,6,False,False,False,4.800000000000001,0.0
NO,F-Root,resolved_entry_only,5004,dns-root_f-root_msm5004_20260701T000000Z_010000Z.json,landing_region_2f1f6d8f7ce5::landing_region_613d7c7fc2a1,"Oslo, Norway -> Lista, Norway",1.6666666666666665,10,10,5,3,2,11,4,0.03333333333333333,7,False,False,False,1.6666666666666665,0.0
NO,F-Root,resolved_entry_only,5004,dns-root_f-root_msm5004_20260701T000000Z_010000Z.json,landing_region_2f1f6d8f7ce5::landing_region_734e5f248738,"Oslo, Norway -> Kristiansand, Norway",1.6666666666666665,10,10,5,3,2,11,4,0.03333333333333333,8,False,False,False,1.6666666666666665,0.0
NO,F-Root,resolved_entry_only,5004,dns-root_f-root_msm5004_20260701T000000Z_010000Z.json,landing_region_2f1f6d8f7ce5::landing_region_b89ae8b4224f,"Oslo, Norway -> Arendal, Norway",1.6666666666666665,10,10,5,3,2,11,4,0.03333333333333333,9,False,False,False,1.6666666666666665,0.0
NO,F-Root,resolved_entry_only,5004,dns-root_f-root_msm5004_20260701T000000Z_010000Z.json,landing_region_613d7c7fc2a1::landing_region_d514e04d4eb8,"Lista, Norway -> Drøbak, Norway",1.6666666666666665,10,10,5,3,2,11,4,0.03333333333333333,10,False,False,False,1.6666666666666665,0.0
NO,F-Root,resolved_entry_only,5004,dns-root_f-root_msm5004_20260701T000000Z_010000Z.json,landing_region_734e5f248738::landing_region_d514e04d4eb8,"Kristiansand, Norway -> Drøbak, Norway",1.6666666666666665,10,10,5,3,2,11,4,0.03333333333333333,11,False,False,False,1.6666666666666665,0.0
NO,F-Root,resolved_entry_only,5004,dns-root_f-root_msm5004_20260701T000000Z_010000Z.json,landing_region_b89ae8b4224f::landing_region_d514e04d4eb8,"Arendal, Norway -> Drøbak, Norway",1.6666666666666665,10,10,5,3,2,11,4,0.03333333333333333,12,False,False,False,1.6666666666666665,0.0
NO,F-Root,resolved_entry_only,5004,dns-root_f-root_msm5004_20260701T000000Z_010000Z.json,landing_region_28d81b327182::landing_region_68c2a6f2eb92,"Lefdal, Norway -> Brekstad, Norway",0.5,4,4,2,1,1,11,4,0.01,13,False,False,False,0.5,0.0
NO,F-Root,resolved_entry_only,5004,dns-root_f-root_msm5004_20260701T000000Z_010000Z.json,landing_region_28d81b327182::landing_region_85af16a4a5ec,"Lefdal, Norway -> Hitra, Norway",0.5,4,4,2,1,1,11,4,0.01,14,False,False,False,0.5,0.0
NO,F-Root,resolved_entry_only,5004,dns-root_f-root_msm5004_20260701T000000Z_010000Z.json,landing_region_51738c738daf::landing_region_68c2a6f2eb92,"Herlandsvika, Norway -> Brekstad, Norway",0.5,4,4,2,1,1,11,4,0.01,15,False,False,False,0.5,0.0
NO,F-Root,resolved_entry_only,5004,dns-root_f-root_msm5004_20260701T000000Z_010000Z.json,landing_region_51738c738daf::landing_region_85af16a4a5ec,"Herlandsvika, Norway -> Hitra, Norway",0.5,4,4,2,1,1,11,4,0.01,16,False,False,False,0.5,0.0
NO,F-Root,resolved_entry_only,5004,dns-root_f-root_msm5004_20260701T000000Z_010000Z.json,landing_region_68c2a6f2eb92::landing_region_bd7d4cf4f8a1,"Brekstad, Norway -> Åheim, Norway",0.5,4,4,2,1,1,11,4,0.01,17,False,False,False,0.5,0.0
NO,F-Root,resolved_entry_only,5004,dns-root_f-root_msm5004_20260701T000000Z_010000Z.json,landing_region_68c2a6f2eb92::landing_region_f8ebd95c71ce,"Brekstad, Norway -> Molde, Norway",0.5,4,4,2,1,1,11,4,0.01,18,False,False,False,0.5,0.0
NO,F-Root,resolved_entry_only,5004,dns-root_f-root_msm5004_20260701T000000Z_010000Z.json,landing_region_85af16a4a5ec::landing_region_bd7d4cf4f8a1,"Hitra, Norway -> Åheim, Norway",0.5,4,4,2,1,1,11,4,0.01,19,False,False,False,0.5,0.0
NO,F-Root,resolved_entry_only,5004,dns-root_f-root_msm5004_20260701T000000Z_010000Z.json,landing_region_85af16a4a5ec::landing_region_f8ebd95c71ce,"Hitra, Norway -> Molde, Norway",0.5,4,4,2,1,1,11,4,0.01,20,False,False,False,0.5,0.0
NZ,F-Root,all_publicly_visible,5004,dns-root_f-root_msm5004_20260701T000000Z_010000Z.json,landing_region_0850a0fd663e::landing_region_64abd2b76b5b,"Oteranga Bay, New Zealand -> Takapuna, New Zealand",6.0,12,12,4,2,2,3,3,0.375,1,True,False,False,6.0,0.0
NZ,F-Root,all_publicly_visible,5004,dns-root_f-root_msm5004_20260701T000000Z_010000Z.json,landing_region_202dc066a01e::landing_region_64abd2b76b5b,"Paraparaumu, New Zealand -> Takapuna, New Zealand",6.0,12,12,4,2,2,3,3,0.375,2,False,True,False,6.0,0.0
NZ,F-Root,all_publicly_visible,5004,dns-root_f-root_msm5004_20260701T000000Z_010000Z.json,landing_region_0850a0fd663e::landing_region_c0018732c600,"Oteranga Bay, New Zealand -> Christchurch, New Zealand",2.0,4,4,2,1,1,3,3,0.125,3,False,False,True,2.0,0.0
NZ,F-Root,all_publicly_visible,5004,dns-root_f-root_msm5004_20260701T000000Z_010000Z.json,landing_region_202dc066a01e::landing_region_c0018732c600,"Paraparaumu, New Zealand -> Christchurch, New Zealand",2.0,4,4,2,1,1,3,3,0.125,4,False,False,False,2.0,0.0
PA,F-Root,all_publicly_visible,5004,dns-root_f-root_msm5004_20260701T000000Z_010000Z.json,landing_region_0c894d5ef6d3::landing_region_af7df63397a0,"Dania Beach, FL, United States -> Jacksonville, FL, United States",8.0,8,8,4,2,1,3,2,0.5,1,True,False,False,8.0,0.0
PA,F-Root,all_publicly_visible,5004,dns-root_f-root_msm5004_20260701T000000Z_010000Z.json,landing_region_466f092d0a6e::landing_region_9e23da50dbe5,"Fort Amador, Panama -> Colón, Panama",4.0,4,4,2,1,1,3,2,0.25,2,False,True,False,4.0,0.0
PA,F-Root,all_publicly_visible,5004,dns-root_f-root_msm5004_20260701T000000Z_010000Z.json,landing_region_466f092d0a6e::landing_region_af7df63397a0,"Fort Amador, Panama -> Jacksonville, FL, United States",2.0,4,4,2,1,1,3,2,0.125,3,False,False,True,0.0,2.0
PA,F-Root,all_publicly_visible,5004,dns-root_f-root_msm5004_20260701T000000Z_010000Z.json,landing_region_9e23da50dbe5::landing_region_af7df63397a0,"Colón, Panama -> Jacksonville, FL, United States",2.0,4,4,2,1,1,3,2,0.125,4,False,False,False,0.0,2.0
PE,F-Root,all_publicly_visible,5004,dns-root_f-root_msm5004_20260701T000000Z_010000Z.json,landing_region_4d0efd9bb45b::landing_region_5113b57f1083,"Lurin, Peru -> Praia Grande, Brazil",10.0,10,10,5,3,3,3,3,1.0,1,True,False,False,0.0,10.0
PG,F-Root,all_publicly_visible,5004,dns-root_f-root_msm5004_20260701T000000Z_010000Z.json,landing_region_58084817cbe7::landing_region_a4275bfd77b7,"Paddington, NSW, Australia -> Port Moresby, Papua New Guinea",4.0,4,4,2,1,1,1,1,1.0,1,True,False,False,0.0,4.0
PH,F-Root,all_publicly_visible,5004,dns-root_f-root_msm5004_20260701T000000Z_010000Z.json,landing_region_71e1260196d0::landing_region_85b85b02a38f,"Cavite, Philippines -> Batangas, Philippines",111.83809523809524,132,132,50,26,15,34,20,0.4862525879917184,1,True,False,False,111.83809523809524,0.0
PH,F-Root,all_publicly_visible,5004,dns-root_f-root_msm5004_20260701T000000Z_010000Z.json,landing_region_71e1260196d0::landing_region_d0ecf913edd7,"Cavite, Philippines -> Katong, Singapore",13.0,26,26,13,7,6,34,20,0.05652173913043478,2,False,True,False,0.0,13.0
PH,F-Root,all_publicly_visible,5004,dns-root_f-root_msm5004_20260701T000000Z_010000Z.json,landing_region_85b85b02a38f::landing_region_d0ecf913edd7,"Batangas, Philippines -> Katong, Singapore",13.0,26,26,13,7,6,34,20,0.05652173913043478,3,False,False,True,0.0,13.0
PH,F-Root,all_publicly_visible,5004,dns-root_f-root_msm5004_20260701T000000Z_010000Z.json,landing_region_319252418c1f::landing_region_71e1260196d0,"Deep Water Bay, China -> Cavite, Philippines",11.0,22,22,11,6,4,34,20,0.04782608695652174,4,False,False,False,0.0,11.0
PH,F-Root,all_publicly_visible,5004,dns-root_f-root_msm5004_20260701T000000Z_010000Z.json,landing_region_319252418c1f::landing_region_85b85b02a38f,"Deep Water Bay, China -> Batangas, Philippines",11.0,22,22,11,6,4,34,20,0.04782608695652174,5,False,False,False,0.0,11.0
PH,F-Root,all_publicly_visible,5004,dns-root_f-root_msm5004_20260701T000000Z_010000Z.json,landing_region_85b85b02a38f::landing_region_f4e40485a2a8,"Batangas, Philippines -> Lucena, Philippines",8.238095238095237,22,22,9,5,4,34,20,0.03581780538302277,6,False,False,False,8.238095238095237,0.0
PH,F-Root,all_publicly_visible,5004,dns-root_f-root_msm5004_20260701T000000Z_010000Z.json,landing_region_319252418c1f::landing_region_d0ecf913edd7,"Deep Water Bay, China -> Katong, Singapore",4.0,4,4,2,1,1,34,20,0.017391304347826087,7,False,False,False,0.0,4.0
PH,F-Root,all_publicly_visible,5004,dns-root_f-root_msm5004_20260701T000000Z_010000Z.json,landing_region_71e1260196d0::landing_region_ea9847129f13,"Cavite, Philippines -> Maruyama, Japan",3.0,6,6,3,2,1,34,20,0.013043478260869565,8,False,False,False,0.0,3.0
PH,F-Root,all_publicly_visible,5004,dns-root_f-root_msm5004_20260701T000000Z_010000Z.json,landing_region_85b85b02a38f::landing_region_ea9847129f13,"Batangas, Philippines -> Maruyama, Japan",3.0,6,6,3,2,1,34,20,0.013043478260869565,9,False,False,False,0.0,3.0
PH,F-Root,all_publicly_visible,5004,dns-root_f-root_msm5004_20260701T000000Z_010000Z.json,landing_region_71e1260196d0::landing_region_f1cf3d89b00f,"Cavite, Philippines -> Pinamalayan, Philippines",2.8380952380952382,16,16,4,2,2,34,20,0.012339544513457557,10,False,False,False,2.8380952380952382,0.0
PH,F-Root,all_publicly_visible,5004,dns-root_f-root_msm5004_20260701T000000Z_010000Z.json,landing_region_85b85b02a38f::landing_region_f1cf3d89b00f,"Batangas, Philippines -> Pinamalayan, Philippines",2.8380952380952382,16,16,4,2,2,34,20,0.012339544513457557,11,False,False,False,2.8380952380952382,0.0
PH,F-Root,all_publicly_visible,5004,dns-root_f-root_msm5004_20260701T000000Z_010000Z.json,landing_region_149ad599e1a3::landing_region_bfbd2d5054a7,"Tanjung Bemban, Indonesia -> Melaka, Malaysia",2.6666666666666665,8,8,2,2,2,34,20,0.011594202898550725,12,False,False,False,0.0,2.6666666666666665
PH,F-Root,all_publicly_visible,5004,dns-root_f-root_msm5004_20260701T000000Z_010000Z.json,landing_region_bfbd2d5054a7::landing_region_d0ecf913edd7,"Melaka, Malaysia -> Katong, Singapore",2.6666666666666665,8,8,2,2,2,34,20,0.011594202898550725,13,False,False,False,0.0,2.6666666666666665
PH,F-Root,all_publicly_visible,5004,dns-root_f-root_msm5004_20260701T000000Z_010000Z.json,landing_region_d0ecf913edd7::landing_region_d5376611ccce,"Katong, Singapore -> Morib, Malaysia",2.6666666666666665,8,8,2,2,2,34,20,0.011594202898550725,14,False,False,False,0.0,2.6666666666666665
PH,F-Root,all_publicly_visible,5004,dns-root_f-root_msm5004_20260701T000000Z_010000Z.json,landing_region_568e54040a5c::landing_region_85b85b02a38f,"Talisay, Philippines -> Batangas, Philippines",2.6017316017316015,14,14,5,3,3,34,20,0.011311876529267833,15,False,False,False,2.6017316017316015,0.0
PH,F-Root,all_publicly_visible,5004,dns-root_f-root_msm5004_20260701T000000Z_010000Z.json,landing_region_71e1260196d0::landing_region_b424eda6e2a1,"Cavite, Philippines -> Cadiz City, Philippines",2.6017316017316015,14,14,5,3,3,34,20,0.011311876529267833,16,False,False,False,2.6017316017316015,0.0
PH,F-Root,all_publicly_visible,5004,dns-root_f-root_msm5004_20260701T000000Z_010000Z.json,landing_region_568e54040a5c::landing_region_71e1260196d0,"Talisay, Philippines -> Cavite, Philippines",2.2683982683982684,12,12,5,3,3,34,20,0.009862601166948993,17,False,False,False,2.2683982683982684,0.0
PH,F-Root,all_publicly_visible,5004,dns-root_f-root_msm5004_20260701T000000Z_010000Z.json,landing_region_68949973e697::landing_region_85b85b02a38f,"Roxas, Philippines -> Batangas, Philippines",1.6,8,8,2,1,1,34,20,0.006956521739130435,18,False,False,False,1.6,0.0
PH,F-Root,all_publicly_visible,5004,dns-root_f-root_msm5004_20260701T000000Z_010000Z.json,landing_region_85b85b02a38f::landing_region_e1fca807130d,"Batangas, Philippines -> San Jose, Philippines",1.6,8,8,2,1,1,34,20,0.006956521739130435,19,False,False,False,1.6,0.0
PH,F-Root,all_publicly_visible,5004,dns-root_f-root_msm5004_20260701T000000Z_010000Z.json,landing_region_07c15c5c24ef::landing_region_11a5fc08eb7a,"Calatrava, Philippines -> Caticlan, Philippines",1.3333333333333333,4,4,2,1,1,34,20,0.005797101449275362,20,False,False,False,1.3333333333333333,0.0
PH,F-Root,all_publicly_visible,5004,dns-root_f-root_msm5004_20260701T000000Z_010000Z.json,landing_region_07c15c5c24ef::landing_region_73f9243dcd5b,"Calatrava, Philippines -> Roxas City, Philippines",1.3333333333333333,4,4,2,1,1,34,20,0.005797101449275362,21,False,False,False,1.3333333333333333,0.0
PH,F-Root,all_publicly_visible,5004,dns-root_f-root_msm5004_20260701T000000Z_010000Z.json,landing_region_11a5fc08eb7a::landing_region_73f9243dcd5b,"Caticlan, Philippines -> Roxas City, Philippines",1.3333333333333333,4,4,2,1,1,34,20,0.005797101449275362,22,False,False,False,1.3333333333333333,0.0
PH,F-Root,all_publicly_visible,5004,dns-root_f-root_msm5004_20260701T000000Z_010000Z.json,landing_region_5cf0b30d1e13::landing_region_71e1260196d0,"Bulan, Philippines -> Cavite, Philippines",1.3333333333333333,4,4,2,1,1,34,20,0.005797101449275362,23,False,False,False,1.3333333333333333,0.0
PH,F-Root,all_publicly_visible,5004,dns-root_f-root_msm5004_20260701T000000Z_010000Z.json,landing_region_6bfc07cf0a74::landing_region_85b85b02a38f,"Matnog, Philippines -> Batangas, Philippines",1.3333333333333333,4,4,2,1,1,34,20,0.005797101449275362,24,False,False,False,1.3333333333333333,0.0
PH,F-Root,all_publicly_visible,5004,dns-root_f-root_msm5004_20260701T000000Z_010000Z.json,landing_region_71e1260196d0::landing_region_ca8ba064dbbf,"Cavite, Philippines -> Legazpi City, Philippines",1.3333333333333333,4,4,2,1,1,34,20,0.005797101449275362,25,False,False,False,1.3333333333333333,0.0
PH,F-Root,all_publicly_visible,5004,dns-root_f-root_msm5004_20260701T000000Z_010000Z.json,landing_region_00c458c2b5c8::landing_region_f4e40485a2a8,"Palompon, Philippines -> Lucena, Philippines",1.2683982683982684,10,10,5,3,3,34,20,0.005514775079992471,26,False,False,False,1.2683982683982684,0.0
PH,F-Root,all_publicly_visible,5004,dns-root_f-root_msm5004_20260701T000000Z_010000Z.json,landing_region_523d74a2945b::landing_region_f4e40485a2a8,"San Carlos, Philippines -> Lucena, Philippines",1.2683982683982684,10,10,5,3,3,34,20,0.005514775079992471,27,False,False,False,1.2683982683982684,0.0
PH,F-Root,all_publicly_visible,5004,dns-root_f-root_msm5004_20260701T000000Z_010000Z.json,landing_region_568e54040a5c::landing_region_f4e40485a2a8,"Talisay, Philippines -> Lucena, Philippines",1.2683982683982684,10,10,5,3,3,34,20,0.005514775079992471,28,False,False,False,1.2683982683982684,0.0
PH,F-Root,all_publicly_visible,5004,dns-root_f-root_msm5004_20260701T000000Z_010000Z.json,landing_region_e0e5e838eb99::landing_region_f4e40485a2a8,"Tagbilaran, Philippines -> Lucena, Philippines",1.2683982683982684,10,10,5,3,3,34,20,0.005514775079992471,29,False,False,False,1.2683982683982684,0.0
PH,F-Root,all_publicly_visible,5004,dns-root_f-root_msm5004_20260701T000000Z_010000Z.json,landing_region_b2f951a0073c::landing_region_f4e40485a2a8,"Boac, Philippines -> Lucena, Philippines",1.2380952380952381,8,8,2,1,1,34,20,0.005383022774327123,30,False,False,False,1.2380952380952381,0.0
PH,F-Root,all_publicly_visible,5004,dns-root_f-root_msm5004_20260701T000000Z_010000Z.json,landing_region_f1cf3d89b00f::landing_region_f4e40485a2a8,"Pinamalayan, Philippines -> Lucena, Philippines",1.2380952380952381,8,8,2,1,1,34,20,0.005383022774327123,31,False,False,False,1.2380952380952381,0.0
PH,F-Root,all_publicly_visible,5004,dns-root_f-root_msm5004_20260701T000000Z_010000Z.json,landing_region_2fee20529ebb::landing_region_f4e40485a2a8,"Surigao City, Philippines -> Lucena, Philippines",1.0,4,4,2,1,1,34,20,0.004347826086956522,32,False,False,False,1.0,0.0
PH,F-Root,all_publicly_visible,5004,dns-root_f-root_msm5004_20260701T000000Z_010000Z.json,landing_region_71e1260196d0::landing_region_c51cb80e0473,"Cavite, Philippines -> Buenavista, Philippines",1.0,4,4,2,1,1,34,20,0.004347826086956522,33,False,False,False,1.0,0.0
PH,F-Root,all_publicly_visible,5004,dns-root_f-root_msm5004_20260701T000000Z_010000Z.json,landing_region_cc1ec3c30a7f::landing_region_f4e40485a2a8,"Camiguin Island, Philippines -> Lucena, Philippines",1.0,4,4,2,1,1,34,20,0.004347826086956522,34,False,False,False,1.0,0.0
PH,F-Root,all_publicly_visible,5004,dns-root_f-root_msm5004_20260701T000000Z_010000Z.json,landing_region_f4e40485a2a8::landing_region_fe894cd39e7f,"Lucena, Philippines -> Siargao Island, Philippines",1.0,4,4,2,1,1,34,20,0.004347826086956522,35,False,False,False,1.0,0.0
PH,F-Root,all_publicly_visible,5004,dns-root_f-root_msm5004_20260701T000000Z_010000Z.json,landing_region_85b85b02a38f::landing_region_b2f951a0073c,"Batangas, Philippines -> Boac, Philippines",0.5714285714285714,4,4,2,1,1,34,20,0.0024844720496894407,36,False,False,False,0.5714285714285714,0.0
PH,F-Root,all_publicly_visible,5004,dns-root_f-root_msm5004_20260701T000000Z_010000Z.json,landing_region_00c458c2b5c8::landing_region_85b85b02a38f,"Palompon, Philippines -> Batangas, Philippines",0.36363636363636365,4,4,2,1,1,34,20,0.0015810276679841897,37,False,False,False,0.36363636363636365,0.0
PH,F-Root,all_publicly_visible,5004,dns-root_f-root_msm5004_20260701T000000Z_010000Z.json,landing_region_523d74a2945b::landing_region_85b85b02a38f,"San Carlos, Philippines -> Batangas, Philippines",0.36363636363636365,4,4,2,1,1,34,20,0.0015810276679841897,38,False,False,False,0.36363636363636365,0.0
PH,F-Root,all_publicly_visible,5004,dns-root_f-root_msm5004_20260701T000000Z_010000Z.json,landing_region_73d583aa73b2::landing_region_85b85b02a38f,"San Remigio, Philippines -> Batangas, Philippines",0.36363636363636365,4,4,2,1,1,34,20,0.0015810276679841897,39,False,False,False,0.36363636363636365,0.0
PH,F-Root,all_publicly_visible,5004,dns-root_f-root_msm5004_20260701T000000Z_010000Z.json,landing_region_85b85b02a38f::landing_region_e0e5e838eb99,"Batangas, Philippines -> Tagbilaran, Philippines",0.36363636363636365,4,4,2,1,1,34,20,0.0015810276679841897,40,False,False,False,0.36363636363636365,0.0
PH,F-Root,all_publicly_visible,5004,dns-root_f-root_msm5004_20260701T000000Z_010000Z.json,landing_region_00c458c2b5c8::landing_region_164e038b4e26,"Palompon, Philippines -> Maasin, Philippines",0.2857142857142857,4,4,2,1,1,34,20,0.0012422360248447203,41,False,False,False,0.2857142857142857,0.0
PH,F-Root,all_publicly_visible,5004,dns-root_f-root_msm5004_20260701T000000Z_010000Z.json,landing_region_00c458c2b5c8::landing_region_523d74a2945b,"Palompon, Philippines -> San Carlos, Philippines",0.2857142857142857,4,4,2,1,1,34,20,0.0012422360248447203,42,False,False,False,0.2857142857142857,0.0
PH,F-Root,all_publicly_visible,5004,dns-root_f-root_msm5004_20260701T000000Z_010000Z.json,landing_region_00c458c2b5c8::landing_region_568e54040a5c,"Palompon, Philippines -> Talisay, Philippines",0.2857142857142857,4,4,2,1,1,34,20,0.0012422360248447203,43,False,False,False,0.2857142857142857,0.0
PH,F-Root,all_publicly_visible,5004,dns-root_f-root_msm5004_20260701T000000Z_010000Z.json,landing_region_00c458c2b5c8::landing_region_73d583aa73b2,"Palompon, Philippines -> San Remigio, Philippines",0.2857142857142857,4,4,2,1,1,34,20,0.0012422360248447203,44,False,False,False,0.2857142857142857,0.0
PH,F-Root,all_publicly_visible,5004,dns-root_f-root_msm5004_20260701T000000Z_010000Z.json,landing_region_00c458c2b5c8::landing_region_b424eda6e2a1,"Palompon, Philippines -> Cadiz City, Philippines",0.2857142857142857,4,4,2,1,1,34,20,0.0012422360248447203,45,False,False,False,0.2857142857142857,0.0
PH,F-Root,all_publicly_visible,5004,dns-root_f-root_msm5004_20260701T000000Z_010000Z.json,landing_region_00c458c2b5c8::landing_region_e0e5e838eb99,"Palompon, Philippines -> Tagbilaran, Philippines",0.2857142857142857,4,4,2,1,1,34,20,0.0012422360248447203,46,False,False,False,0.2857142857142857,0.0
PH,F-Root,all_publicly_visible,5004,dns-root_f-root_msm5004_20260701T000000Z_010000Z.json,landing_region_164e038b4e26::landing_region_523d74a2945b,"Maasin, Philippines -> San Carlos, Philippines",0.2857142857142857,4,4,2,1,1,34,20,0.0012422360248447203,47,False,False,False,0.2857142857142857,0.0
PH,F-Root,all_publicly_visible,5004,dns-root_f-root_msm5004_20260701T000000Z_010000Z.json,landing_region_164e038b4e26::landing_region_568e54040a5c,"Maasin, Philippines -> Talisay, Philippines",0.2857142857142857,4,4,2,1,1,34,20,0.0012422360248447203,48,False,False,False,0.2857142857142857,0.0
PH,F-Root,all_publicly_visible,5004,dns-root_f-root_msm5004_20260701T000000Z_010000Z.json,landing_region_164e038b4e26::landing_region_e0e5e838eb99,"Maasin, Philippines -> Tagbilaran, Philippines",0.2857142857142857,4,4,2,1,1,34,20,0.0012422360248447203,49,False,False,False,0.2857142857142857,0.0
PH,F-Root,all_publicly_visible,5004,dns-root_f-root_msm5004_20260701T000000Z_010000Z.json,landing_region_523d74a2945b::landing_region_568e54040a5c,"San Carlos, Philippines -> Talisay, Philippines",0.2857142857142857,4,4,2,1,1,34,20,0.0012422360248447203,50,False,False,False,0.2857142857142857,0.0
PH,F-Root,all_publicly_visible,5004,dns-root_f-root_msm5004_20260701T000000Z_010000Z.json,landing_region_523d74a2945b::landing_region_73d583aa73b2,"San Carlos, Philippines -> San Remigio, Philippines",0.2857142857142857,4,4,2,1,1,34,20,0.0012422360248447203,51,False,False,False,0.2857142857142857,0.0
PH,F-Root,all_publicly_visible,5004,dns-root_f-root_msm5004_20260701T000000Z_010000Z.json,landing_region_568e54040a5c::landing_region_73d583aa73b2,"Talisay, Philippines -> San Remigio, Philippines",0.2857142857142857,4,4,2,1,1,34,20,0.0012422360248447203,52,False,False,False,0.2857142857142857,0.0
PH,F-Root,all_publicly_visible,5004,dns-root_f-root_msm5004_20260701T000000Z_010000Z.json,landing_region_568e54040a5c::landing_region_e0e5e838eb99,"Talisay, Philippines -> Tagbilaran, Philippines",0.2857142857142857,4,4,2,1,1,34,20,0.0012422360248447203,53,False,False,False,0.2857142857142857,0.0
PH,F-Root,all_publicly_visible,5004,dns-root_f-root_msm5004_20260701T000000Z_010000Z.json,landing_region_73d583aa73b2::landing_region_e0e5e838eb99,"San Remigio, Philippines -> Tagbilaran, Philippines",0.2857142857142857,4,4,2,1,1,34,20,0.0012422360248447203,54,False,False,False,0.2857142857142857,0.0
PH,F-Root,all_publicly_visible,5004,dns-root_f-root_msm5004_20260701T000000Z_010000Z.json,landing_region_00c458c2b5c8::landing_region_07c15c5c24ef,"Palompon, Philippines -> Calatrava, Philippines",0.13333333333333333,2,2,1,1,1,34,20,0.0005797101449275362,55,False,False,False,0.13333333333333333,0.0
PH,F-Root,all_publicly_visible,5004,dns-root_f-root_msm5004_20260701T000000Z_010000Z.json,landing_region_00c458c2b5c8::landing_region_11a5fc08eb7a,"Palompon, Philippines -> Caticlan, Philippines",0.13333333333333333,2,2,1,1,1,34,20,0.0005797101449275362,56,False,False,False,0.13333333333333333,0.0
PH,F-Root,all_publicly_visible,5004,dns-root_f-root_msm5004_20260701T000000Z_010000Z.json,landing_region_00c458c2b5c8::landing_region_73f9243dcd5b,"Palompon, Philippines -> Roxas City, Philippines",0.13333333333333333,2,2,1,1,1,34,20,0.0005797101449275362,57,False,False,False,0.13333333333333333,0.0
PH,F-Root,all_publicly_visible,5004,dns-root_f-root_msm5004_20260701T000000Z_010000Z.json,landing_region_07c15c5c24ef::landing_region_523d74a2945b,"Calatrava, Philippines -> San Carlos, Philippines",0.13333333333333333,2,2,1,1,1,34,20,0.0005797101449275362,58,False,False,False,0.13333333333333333,0.0
PH,F-Root,all_publicly_visible,5004,dns-root_f-root_msm5004_20260701T000000Z_010000Z.json,landing_region_07c15c5c24ef::landing_region_568e54040a5c,"Calatrava, Philippines -> Talisay, Philippines",0.13333333333333333,2,2,1,1,1,34,20,0.0005797101449275362,59,False,False,False,0.13333333333333333,0.0
PH,F-Root,all_publicly_visible,5004,dns-root_f-root_msm5004_20260701T000000Z_010000Z.json,landing_region_07c15c5c24ef::landing_region_e0e5e838eb99,"Calatrava, Philippines -> Tagbilaran, Philippines",0.13333333333333333,2,2,1,1,1,34,20,0.0005797101449275362,60,False,False,False,0.13333333333333333,0.0
PH,F-Root,all_publicly_visible,5004,dns-root_f-root_msm5004_20260701T000000Z_010000Z.json,landing_region_11a5fc08eb7a::landing_region_523d74a2945b,"Caticlan, Philippines -> San Carlos, Philippines",0.13333333333333333,2,2,1,1,1,34,20,0.0005797101449275362,61,False,False,False,0.13333333333333333,0.0
PH,F-Root,all_publicly_visible,5004,dns-root_f-root_msm5004_20260701T000000Z_010000Z.json,landing_region_11a5fc08eb7a::landing_region_568e54040a5c,"Caticlan, Philippines -> Talisay, Philippines",0.13333333333333333,2,2,1,1,1,34,20,0.0005797101449275362,62,False,False,False,0.13333333333333333,0.0
PH,F-Root,all_publicly_visible,5004,dns-root_f-root_msm5004_20260701T000000Z_010000Z.json,landing_region_11a5fc08eb7a::landing_region_73d583aa73b2,"Caticlan, Philippines -> San Remigio, Philippines",0.13333333333333333,2,2,1,1,1,34,20,0.0005797101449275362,63,False,False,False,0.13333333333333333,0.0
PH,F-Root,all_publicly_visible,5004,dns-root_f-root_msm5004_20260701T000000Z_010000Z.json,landing_region_11a5fc08eb7a::landing_region_e0e5e838eb99,"Caticlan, Philippines -> Tagbilaran, Philippines",0.13333333333333333,2,2,1,1,1,34,20,0.0005797101449275362,64,False,False,False,0.13333333333333333,0.0
PH,F-Root,all_publicly_visible,5004,dns-root_f-root_msm5004_20260701T000000Z_010000Z.json,landing_region_523d74a2945b::landing_region_73f9243dcd5b,"San Carlos, Philippines -> Roxas City, Philippines",0.13333333333333333,2,2,1,1,1,34,20,0.0005797101449275362,65,False,False,False,0.13333333333333333,0.0
PH,F-Root,all_publicly_visible,5004,dns-root_f-root_msm5004_20260701T000000Z_010000Z.json,landing_region_568e54040a5c::landing_region_73f9243dcd5b,"Talisay, Philippines -> Roxas City, Philippines",0.13333333333333333,2,2,1,1,1,34,20,0.0005797101449275362,66,False,False,False,0.13333333333333333,0.0
PH,F-Root,all_publicly_visible,5004,dns-root_f-root_msm5004_20260701T000000Z_010000Z.json,landing_region_73d583aa73b2::landing_region_73f9243dcd5b,"San Remigio, Philippines -> Roxas City, Philippines",0.13333333333333333,2,2,1,1,1,34,20,0.0005797101449275362,67,False,False,False,0.13333333333333333,0.0
PH,F-Root,all_publicly_visible,5004,dns-root_f-root_msm5004_20260701T000000Z_010000Z.json,landing_region_73f9243dcd5b::landing_region_b424eda6e2a1,"Roxas City, Philippines -> Cadiz City, Philippines",0.13333333333333333,2,2,1,1,1,34,20,0.0005797101449275362,68,False,False,False,0.13333333333333333,0.0
PH,F-Root,all_publicly_visible,5004,dns-root_f-root_msm5004_20260701T000000Z_010000Z.json,landing_region_73f9243dcd5b::landing_region_e0e5e838eb99,"Roxas City, Philippines -> Tagbilaran, Philippines",0.13333333333333333,2,2,1,1,1,34,20,0.0005797101449275362,69,False,False,False,0.13333333333333333,0.0
PT,F-Root,all_publicly_visible,5004,dns-root_f-root_msm5004_20260701T000000Z_010000Z.json,landing_region_a2ee20dddede::landing_region_c88b92706e9c,"Burgau, Portugal -> Seixal, Portugal",14.0,14,14,7,4,2,7,5,0.5384615384615384,1,True,False,False,14.0,0.0
PT,F-Root,all_publicly_visible,5004,dns-root_f-root_msm5004_20260701T000000Z_010000Z.json,landing_region_c78987ebb9a4::landing_region_c88b92706e9c,"Sines, Portugal -> Seixal, Portugal",8.0,8,8,4,2,2,7,5,0.3076923076923077,2,False,True,False,8.0,0.0
PT,F-Root,all_publicly_visible,5004,dns-root_f-root_msm5004_20260701T000000Z_010000Z.json,landing_region_88cdc9b92bbf::landing_region_bafbcb4f2540,"Machico, Portugal -> Porto Santo, Portugal",4.0,4,4,2,1,1,7,5,0.15384615384615385,3,False,False,True,4.0,0.0
SE,F-Root,all_publicly_visible,5004,dns-root_f-root_msm5004_20260701T000000Z_010000Z.json,landing_region_1c12bbea2f36::landing_region_e1a72a298b9d,"Borbby Strandbad, Sweden -> Dragor, Denmark",136.0,140,140,61,34,16,92,26,0.3177570093457944,1,True,False,False,36.0,100.0
SE,F-Root,all_publicly_visible,5004,dns-root_f-root_msm5004_20260701T000000Z_010000Z.json,landing_region_1ce0b85cd8b9::landing_region_e1a72a298b9d,"Uto, Sweden -> Dragor, Denmark",76.0,120,120,42,26,10,92,26,0.17757009345794392,2,False,True,False,52.0,24.0
SE,F-Root,all_publicly_visible,5004,dns-root_f-root_msm5004_20260701T000000Z_010000Z.json,landing_region_5631d1801aee::landing_region_71db3ba08a92,"Tallinn, Estonia -> Stockholm, Sweden",50.0,100,100,50,49,12,92,26,0.11682242990654206,3,False,False,True,0.0,50.0
SE,F-Root,all_publicly_visible,5004,dns-root_f-root_msm5004_20260701T000000Z_010000Z.json,landing_region_65aa8d7cf62e::landing_region_71db3ba08a92,"Espoo, Finland -> Stockholm, Sweden",50.0,100,100,50,49,12,92,26,0.11682242990654206,4,False,False,False,0.0,50.0
SE,F-Root,all_publicly_visible,5004,dns-root_f-root_msm5004_20260701T000000Z_010000Z.json,landing_region_1c12bbea2f36::landing_region_1ce0b85cd8b9,"Borbby Strandbad, Sweden -> Uto, Sweden",44.0,88,88,38,24,8,92,26,0.102803738317757,5,False,False,False,44.0,0.0
SE,F-Root,all_publicly_visible,5004,dns-root_f-root_msm5004_20260701T000000Z_010000Z.json,landing_region_3db43e0add05::landing_region_599c2c879d37,"Kungsbacka, Sweden -> Laeso, Denmark",26.0,28,28,8,4,3,92,26,0.06074766355140187,6,False,False,False,26.0,0.0
SE,F-Root,all_publicly_visible,5004,dns-root_f-root_msm5004_20260701T000000Z_010000Z.json,landing_region_1ce0b85cd8b9::landing_region_3d94d1c98c16,"Uto, Sweden -> Näsby, Sweden",22.0,24,24,8,4,3,92,26,0.0514018691588785,7,False,False,False,22.0,0.0
SE,F-Root,all_publicly_visible,5004,dns-root_f-root_msm5004_20260701T000000Z_010000Z.json,landing_region_1348c2f18d19::landing_region_3d94d1c98c16,"Byxelkrok, Sweden -> Näsby, Sweden",4.0,4,4,2,1,1,92,26,0.009345794392523364,8,False,False,False,4.0,0.0
SE,F-Root,all_publicly_visible,5004,dns-root_f-root_msm5004_20260701T000000Z_010000Z.json,landing_region_3eb4f4d89687::landing_region_71db3ba08a92,"Hamnäs, Finland -> Stockholm, Sweden",4.0,8,8,4,2,1,92,26,0.009345794392523364,9,False,False,False,4.0,0.0
SE,F-Root,all_publicly_visible,5004,dns-root_f-root_msm5004_20260701T000000Z_010000Z.json,landing_region_3eb4f4d89687::landing_region_f4011a851fe0,"Hamnäs, Finland -> Östhammar, Sweden",4.0,8,8,4,2,1,92,26,0.009345794392523364,10,False,False,False,4.0,0.0
SE,F-Root,all_publicly_visible,5004,dns-root_f-root_msm5004_20260701T000000Z_010000Z.json,landing_region_5631d1801aee::landing_region_65aa8d7cf62e,"Tallinn, Estonia -> Espoo, Finland",4.0,4,4,2,1,1,92,26,0.009345794392523364,11,False,False,False,4.0,0.0
SE,F-Root,all_publicly_visible,5004,dns-root_f-root_msm5004_20260701T000000Z_010000Z.json,landing_region_1348c2f18d19::landing_region_1ce0b85cd8b9,"Byxelkrok, Sweden -> Uto, Sweden",2.0,4,4,2,1,1,92,26,0.004672897196261682,12,False,False,False,2.0,0.0
SE,F-Root,all_publicly_visible,5004,dns-root_f-root_msm5004_20260701T000000Z_010000Z.json,landing_region_1c12bbea2f36::landing_region_5f83f61dba62,"Borbby Strandbad, Sweden -> Rønne, Denmark",2.0,6,6,3,2,1,92,26,0.004672897196261682,13,False,False,False,2.0,0.0
SE,F-Root,all_publicly_visible,5004,dns-root_f-root_msm5004_20260701T000000Z_010000Z.json,landing_region_599c2c879d37::landing_region_d51ce847b879,"Laeso, Denmark -> Skalvik, Sweden",2.0,4,4,2,1,1,92,26,0.004672897196261682,14,False,False,False,2.0,0.0
SE,F-Root,all_publicly_visible,5004,dns-root_f-root_msm5004_20260701T000000Z_010000Z.json,landing_region_5f83f61dba62::landing_region_e1a72a298b9d,"Rønne, Denmark -> Dragor, Denmark",2.0,6,6,3,2,1,92,26,0.004672897196261682,15,False,False,False,2.0,0.0
SG,F-Root,all_publicly_visible,5004,dns-root_f-root_msm5004_20260701T000000Z_010000Z.json,landing_region_149ad599e1a3::landing_region_b0fe5c69b187,"Tanjung Bemban, Indonesia -> Rengit, Malaysia",4.8,16,16,8,4,3,6,5,0.21818181818181817,1,True,False,False,4.8,0.0
SG,F-Root,all_publicly_visible,5004,dns-root_f-root_msm5004_20260701T000000Z_010000Z.json,landing_region_149ad599e1a3::landing_region_d0ecf913edd7,"Tanjung Bemban, Indonesia -> Katong, Singapore",4.8,16,16,8,4,3,6,5,0.21818181818181817,2,False,True,False,4.8,0.0
SG,F-Root,all_publicly_visible,5004,dns-root_f-root_msm5004_20260701T000000Z_010000Z.json,landing_region_149ad599e1a3::landing_region_e9a4eab3ab1c,"Tanjung Bemban, Indonesia -> Karimun, Indonesia",4.8,16,16,8,4,3,6,5,0.21818181818181817,3,False,False,True,4.8,0.0
SG,F-Root,all_publicly_visible,5004,dns-root_f-root_msm5004_20260701T000000Z_010000Z.json,landing_region_319252418c1f::landing_region_d0ecf913edd7,"Deep Water Bay, China -> Katong, Singapore",4.0,4,4,2,1,1,6,5,0.18181818181818182,4,False,False,False,0.0,4.0
SG,F-Root,all_publicly_visible,5004,dns-root_f-root_msm5004_20260701T000000Z_010000Z.json,landing_region_58084817cbe7::landing_region_b3ff0e144e34,"Paddington, NSW, Australia -> Maroochydore, QLD, Australia",2.0,2,2,1,1,1,6,5,0.09090909090909091,5,False,False,False,2.0,0.0
SG,F-Root,all_publicly_visible,5004,dns-root_f-root_msm5004_20260701T000000Z_010000Z.json,landing_region_149ad599e1a3::landing_region_e2bda68c9220,"Tanjung Bemban, Indonesia -> Mersing, Malaysia",0.8,4,4,2,1,1,6,5,0.03636363636363637,6,False,False,False,0.8,0.0
SG,F-Root,all_publicly_visible,5004,dns-root_f-root_msm5004_20260701T000000Z_010000Z.json,landing_region_d0ecf913edd7::landing_region_e2bda68c9220,"Katong, Singapore -> Mersing, Malaysia",0.8,4,4,2,1,1,6,5,0.03636363636363637,7,False,False,False,0.8,0.0
SL,F-Root,all_publicly_visible,5004,dns-root_f-root_msm5004_20260701T000000Z_010000Z.json,landing_region_2e263771884f::landing_region_30beda532e6f,"Accra, Ghana -> Lagos, Nigeria",4.0,4,4,2,1,1,1,1,1.0,1,True,False,False,0.0,4.0
TD,F-Root,all_publicly_visible,5004,dns-root_f-root_msm5004_20260701T000000Z_010000Z.json,landing_region_5113b57f1083::landing_region_7f124bf07cd8,"Praia Grande, Brazil -> Rio de Janeiro, Brazil",4.0,4,4,2,1,1,1,1,1.0,1,True,False,False,4.0,0.0
TG,F-Root,all_publicly_visible,5004,dns-root_f-root_msm5004_20260701T000000Z_010000Z.json,landing_region_30beda532e6f::landing_region_c40dbe766ade,"Lagos, Nigeria -> Lome, Togo",4.0,4,4,2,1,1,1,1,1.0,1,True,False,False,0.0,4.0
TH,F-Root,all_publicly_visible,5004,dns-root_f-root_msm5004_20260701T000000Z_010000Z.json,landing_region_25a669da6890::landing_region_b8a30afb11ed,"Phetchaburi, Thailand -> Sriracha, Thailand",56.0,56,56,15,8,5,10,7,0.875,1,True,False,False,56.0,0.0
TH,F-Root,all_publicly_visible,5004,dns-root_f-root_msm5004_20260701T000000Z_010000Z.json,landing_region_319252418c1f::landing_region_b8a30afb11ed,"Deep Water Bay, China -> Sriracha, Thailand",4.0,4,4,2,1,1,10,7,0.0625,2,False,True,False,0.0,4.0
TH,F-Root,all_publicly_visible,5004,dns-root_f-root_msm5004_20260701T000000Z_010000Z.json,landing_region_b8a30afb11ed::landing_region_d0ecf913edd7,"Sriracha, Thailand -> Katong, Singapore",4.0,4,4,2,1,1,10,7,0.0625,3,False,False,True,0.0,4.0
TL,F-Root,all_publicly_visible,5004,dns-root_f-root_msm5004_20260701T000000Z_010000Z.json,landing_region_58084817cbe7::landing_region_b204db5c9fda,"Paddington, NSW, Australia -> Adelaide, SA, Australia",4.0,4,4,2,1,1,1,1,0.5,1,True,False,False,4.0,0.0
TL,F-Root,all_publicly_visible,5004,dns-root_f-root_msm5004_20260701T000000Z_010000Z.json,landing_region_b204db5c9fda::landing_region_cf432e5aaa09,"Adelaide, SA, Australia -> Torquay, VIC, Australia",4.0,4,4,2,1,1,1,1,0.5,2,False,True,False,4.0,0.0
TN,F-Root,all_publicly_visible,5004,dns-root_f-root_msm5004_20260701T000000Z_010000Z.json,landing_region_08ea81d123b5::landing_region_408d7085b44b,"Marseille, France -> Bizerte, Tunisia",4.0,4,4,2,2,2,2,2,1.0,1,True,False,False,0.0,4.0
TO,F-Root,all_publicly_visible,5004,dns-root_f-root_msm5004_20260701T000000Z_010000Z.json,landing_region_1cece50a3587::landing_region_ab5fcb6a28e2,"Suva, Fiji -> Nuku'alofa, Tonga",4.0,4,4,2,1,1,1,1,1.0,1,True,False,False,0.0,4.0
TO,F-Root,resolved_entry_only,5004,dns-root_f-root_msm5004_20260701T000000Z_010000Z.json,landing_region_1cece50a3587::landing_region_ab5fcb6a28e2,"Suva, Fiji -> Nuku'alofa, Tonga",4.0,4,4,2,1,1,1,1,1.0,1,True,False,False,0.0,4.0
TR,F-Root,all_publicly_visible,5004,dns-root_f-root_msm5004_20260701T000000Z_010000Z.json,landing_region_85c5930cf70b::landing_region_bea624a510ae,"Mangalia, Romania -> Istanbul, Turkey",8.0,8,8,4,3,2,3,2,1.0,1,True,False,False,0.0,8.0
TV,F-Root,all_publicly_visible,5004,dns-root_f-root_msm5004_20260701T000000Z_010000Z.json,landing_region_1cece50a3587::landing_region_64abd2b76b5b,"Suva, Fiji -> Takapuna, New Zealand",4.0,4,4,2,1,1,1,1,1.0,1,True,False,False,0.0,4.0
TW,F-Root,all_publicly_visible,5004,dns-root_f-root_msm5004_20260701T000000Z_010000Z.json,landing_region_3362110f86da::landing_region_7a95dbddaa36,"Pa Li, Taiwan -> Yuanli, Taiwan",44.0,44,44,20,10,6,11,7,0.8461538461538461,1,True,False,False,44.0,0.0
TW,F-Root,all_publicly_visible,5004,dns-root_f-root_msm5004_20260701T000000Z_010000Z.json,landing_region_319252418c1f::landing_region_6d0b3b188139,"Deep Water Bay, China -> Zhuhai, China",4.0,4,4,2,1,1,11,7,0.07692307692307693,2,False,True,False,4.0,0.0
TW,F-Root,all_publicly_visible,5004,dns-root_f-root_msm5004_20260701T000000Z_010000Z.json,landing_region_7a95dbddaa36::landing_region_bc12e2110b5f,"Yuanli, Taiwan -> Magong, Taiwan",2.0,4,4,2,1,1,11,7,0.038461538461538464,3,False,False,True,2.0,0.0
TW,F-Root,all_publicly_visible,5004,dns-root_f-root_msm5004_20260701T000000Z_010000Z.json,landing_region_7a95dbddaa36::landing_region_ddcc0ff066ef,"Yuanli, Taiwan -> Budai, Taiwan",2.0,4,4,2,1,1,11,7,0.038461538461538464,4,False,False,False,2.0,0.0
TW,F-Root,resolved_entry_only,5004,dns-root_f-root_msm5004_20260701T000000Z_010000Z.json,landing_region_3362110f86da::landing_region_7a95dbddaa36,"Pa Li, Taiwan -> Yuanli, Taiwan",16.0,16,16,6,3,3,3,3,1.0,1,True,False,False,16.0,0.0
UA,F-Root,all_publicly_visible,5004,dns-root_f-root_msm5004_20260701T000000Z_010000Z.json,landing_region_5631d1801aee::landing_region_65aa8d7cf62e,"Tallinn, Estonia -> Espoo, Finland",2.0,2,2,1,1,1,1,1,1.0,1,True,False,False,2.0,0.0
UG,F-Root,all_publicly_visible,5004,dns-root_f-root_msm5004_20260701T000000Z_010000Z.json,landing_region_57424b247075::landing_region_eafefa1c1ea4,"Nyali, Kenya -> Amanzimtoti, South Africa",2.0,2,2,1,1,1,1,1,1.0,1,True,False,False,0.0,2.0
US,F-Root,all_publicly_visible,5004,dns-root_f-root_msm5004_20260701T000000Z_010000Z.json,landing_region_35391ab448ed::landing_region_b3d356cd3c9f,"Brookhaven, NY, United States -> Wall Township, NJ, United States",328.6666666666667,636,636,223,123,39,167,64,0.349645390070922,1,True,False,False,328.6666666666667,0.0
US,F-Root,all_publicly_visible,5004,dns-root_f-root_msm5004_20260701T000000Z_010000Z.json,landing_region_35391ab448ed::landing_region_a4e660c6c620,"Brookhaven, NY, United States -> Island Park, NY, United States",302.6666666666667,628,628,210,116,40,167,64,0.3219858156028369,2,False,True,False,302.6666666666667,0.0
US,F-Root,all_publicly_visible,5004,dns-root_f-root_msm5004_20260701T000000Z_010000Z.json,landing_region_5f578929a68a::landing_region_fee5a5fdbba8,"Harbour Pointe, WA, United States -> Cama Beach, WA, United States",136.4,154,154,41,21,11,167,64,0.1451063829787234,3,False,False,True,136.4,0.0
US,F-Root,all_publicly_visible,5004,dns-root_f-root_msm5004_20260701T000000Z_010000Z.json,landing_region_35391ab448ed::landing_region_59a210e88c9e,"Brookhaven, NY, United States -> New Haven, CT, United States",68.66666666666667,168,168,57,32,8,167,64,0.07304964539007093,4,False,False,False,68.66666666666667,0.0
US,F-Root,all_publicly_visible,5004,dns-root_f-root_msm5004_20260701T000000Z_010000Z.json,landing_region_ad2e1f237edf::landing_region_df3d1db01d0e,"Buffalo, NY, United States -> Toronto, ON, Canada",16.0,16,16,8,6,3,167,64,0.01702127659574468,5,False,False,False,4.0,12.0
US,F-Root,all_publicly_visible,5004,dns-root_f-root_msm5004_20260701T000000Z_010000Z.json,landing_region_0c894d5ef6d3::landing_region_a160581162b2,"Dania Beach, FL, United States -> Vero Beach, FL, United States",8.0,8,8,2,1,1,167,64,0.00851063829787234,6,False,False,False,8.0,0.0
US,F-Root,all_publicly_visible,5004,dns-root_f-root_msm5004_20260701T000000Z_010000Z.json,landing_region_0c894d5ef6d3::landing_region_af7df63397a0,"Dania Beach, FL, United States -> Jacksonville, FL, United States",6.0,6,6,3,2,2,167,64,0.006382978723404255,7,False,False,False,6.0,0.0
US,F-Root,all_publicly_visible,5004,dns-root_f-root_msm5004_20260701T000000Z_010000Z.json,landing_region_5f578929a68a::landing_region_94c53aa4a6d7,"Harbour Pointe, WA, United States -> Vancouver, BC, Canada",4.4,22,22,11,6,4,167,64,0.004680851063829788,8,False,False,False,4.4,0.0
US,F-Root,all_publicly_visible,5004,dns-root_f-root_msm5004_20260701T000000Z_010000Z.json,landing_region_5f578929a68a::landing_region_f41a83b9b5b3,"Harbour Pointe, WA, United States -> Cordova Bay, BC, Canada",4.4,22,22,11,6,4,167,64,0.004680851063829788,9,False,False,False,4.4,0.0
US,F-Root,all_publicly_visible,5004,dns-root_f-root_msm5004_20260701T000000Z_010000Z.json,landing_region_94c53aa4a6d7::landing_region_fee5a5fdbba8,"Vancouver, BC, Canada -> Cama Beach, WA, United States",4.4,22,22,11,6,4,167,64,0.004680851063829788,10,False,False,False,4.4,0.0
US,F-Root,all_publicly_visible,5004,dns-root_f-root_msm5004_20260701T000000Z_010000Z.json,landing_region_f41a83b9b5b3::landing_region_fee5a5fdbba8,"Cordova Bay, BC, Canada -> Cama Beach, WA, United States",4.4,22,22,11,6,4,167,64,0.004680851063829788,11,False,False,False,4.4,0.0
US,F-Root,all_publicly_visible,5004,dns-root_f-root_msm5004_20260701T000000Z_010000Z.json,landing_region_0c894d5ef6d3::landing_region_fd5565d28cce,"Dania Beach, FL, United States -> St. Croix, Virgin Islands, Virgin Islands (U.S.)",4.0,4,4,2,1,1,167,64,0.00425531914893617,12,False,False,False,0.0,4.0
US,F-Root,all_publicly_visible,5004,dns-root_f-root_msm5004_20260701T000000Z_010000Z.json,landing_region_1c12bbea2f36::landing_region_e1a72a298b9d,"Borbby Strandbad, Sweden -> Dragor, Denmark",4.0,4,4,2,1,1,167,64,0.00425531914893617,13,False,False,False,0.0,4.0
US,F-Root,all_publicly_visible,5004,dns-root_f-root_msm5004_20260701T000000Z_010000Z.json,landing_region_34040dee7bd1::landing_region_a2016c77cbfd,"Hillsboro, OR, United States -> Portage, AK, United States",4.0,4,4,2,1,1,167,64,0.00425531914893617,14,False,False,False,4.0,0.0
US,F-Root,all_publicly_visible,5004,dns-root_f-root_msm5004_20260701T000000Z_010000Z.json,landing_region_58084817cbe7::landing_region_bc6c664daa8f,"Paddington, NSW, Australia -> Alupang, Guam",4.0,4,4,2,1,1,167,64,0.00425531914893617,15,False,False,False,0.0,4.0
US,F-Root,all_publicly_visible,5004,dns-root_f-root_msm5004_20260701T000000Z_010000Z.json,landing_region_5f578929a68a::landing_region_a2016c77cbfd,"Harbour Pointe, WA, United States -> Portage, AK, United States",4.0,4,4,2,1,1,167,64,0.00425531914893617,16,False,False,False,4.0,0.0
US,F-Root,all_publicly_visible,5004,dns-root_f-root_msm5004_20260701T000000Z_010000Z.json,landing_region_661389eca7bf::landing_region_df61fea74887,"Santa Barbara, CA, United States -> El Segundo, CA, United States",4.0,4,4,2,1,1,167,64,0.00425531914893617,17,False,False,False,4.0,0.0
US,F-Root,all_publicly_visible,5004,dns-root_f-root_msm5004_20260701T000000Z_010000Z.json,landing_region_75e3d0794dc5::landing_region_fd5565d28cce,"Great Bay, Virgin Islands (U.S.) -> St. Croix, Virgin Islands, Virgin Islands (U.S.)",4.0,4,4,2,1,1,167,64,0.00425531914893617,18,False,False,False,4.0,0.0
US,F-Root,all_publicly_visible,5004,dns-root_f-root_msm5004_20260701T000000Z_010000Z.json,landing_region_91000f65ec77::landing_region_c227a3796213,"Kapolei, HI, United States -> Keawaula, HI, United States",4.0,12,12,4,2,1,167,64,0.00425531914893617,19,False,False,False,4.0,0.0
US,F-Root,all_publicly_visible,5004,dns-root_f-root_msm5004_20260701T000000Z_010000Z.json,landing_region_91000f65ec77::landing_region_ce80c3fde7f3,"Kapolei, HI, United States -> Kaunakakai, HI, United States",4.0,12,12,4,2,1,167,64,0.00425531914893617,20,False,False,False,4.0,0.0
US,F-Root,all_publicly_visible,5004,dns-root_f-root_msm5004_20260701T000000Z_010000Z.json,landing_region_c227a3796213::landing_region_ce80c3fde7f3,"Keawaula, HI, United States -> Kaunakakai, HI, United States",4.0,12,12,4,2,1,167,64,0.00425531914893617,21,False,False,False,4.0,0.0
US,F-Root,all_publicly_visible,5004,dns-root_f-root_msm5004_20260701T000000Z_010000Z.json,landing_region_1a3ed4fe187f::landing_region_91000f65ec77,"Kawaihae, HI, United States -> Kapolei, HI, United States",3.333333333333333,8,8,4,2,2,167,64,0.0035460992907801413,22,False,False,False,3.333333333333333,0.0
US,F-Root,all_publicly_visible,5004,dns-root_f-root_msm5004_20260701T000000Z_010000Z.json,landing_region_1a3ed4fe187f::landing_region_c227a3796213,"Kawaihae, HI, United States -> Keawaula, HI, United States",3.333333333333333,8,8,4,2,2,167,64,0.0035460992907801413,23,False,False,False,3.333333333333333,0.0
US,F-Root,all_publicly_visible,5004,dns-root_f-root_msm5004_20260701T000000Z_010000Z.json,landing_region_0c894d5ef6d3::landing_region_222235fff376,"Dania Beach, FL, United States -> Ponce, PR, United States",2.0,4,4,2,1,1,167,64,0.002127659574468085,24,False,False,False,0.0,2.0
US,F-Root,all_publicly_visible,5004,dns-root_f-root_msm5004_20260701T000000Z_010000Z.json,landing_region_0c894d5ef6d3::landing_region_822747b0ce7e,"Dania Beach, FL, United States -> Miramar, PR, United States",2.0,4,4,2,1,1,167,64,0.002127659574468085,25,False,False,False,0.0,2.0
US,F-Root,all_publicly_visible,5004,dns-root_f-root_msm5004_20260701T000000Z_010000Z.json,landing_region_64561d142765::landing_region_ef749c24fbd2,"Bredene, Belgium -> Broadstairs, United Kingdom",2.0,2,2,1,1,1,167,64,0.002127659574468085,26,False,False,False,2.0,0.0
US,F-Root,all_publicly_visible,5004,dns-root_f-root_msm5004_20260701T000000Z_010000Z.json,landing_region_1a3ed4fe187f::landing_region_ce80c3fde7f3,"Kawaihae, HI, United States -> Kaunakakai, HI, United States",1.3333333333333333,4,4,2,1,1,167,64,0.0014184397163120566,27,False,False,False,1.3333333333333333,0.0
US,F-Root,all_publicly_visible,5004,dns-root_f-root_msm5004_20260701T000000Z_010000Z.json,landing_region_1a418f57bf9f::landing_region_2f1f6d8f7ce5,"Capri Strand, Sweden -> Oslo, Norway",0.4,2,2,1,1,1,167,64,0.00042553191489361707,28,False,False,False,0.4,0.0
US,F-Root,all_publicly_visible,5004,dns-root_f-root_msm5004_20260701T000000Z_010000Z.json,landing_region_1a418f57bf9f::landing_region_d514e04d4eb8,"Capri Strand, Sweden -> Drøbak, Norway",0.4,2,2,1,1,1,167,64,0.00042553191489361707,29,False,False,False,0.4,0.0
US,F-Root,all_publicly_visible,5004,dns-root_f-root_msm5004_20260701T000000Z_010000Z.json,landing_region_2f1f6d8f7ce5::landing_region_d514e04d4eb8,"Oslo, Norway -> Drøbak, Norway",0.4,2,2,1,1,1,167,64,0.00042553191489361707,30,False,False,False,0.4,0.0
US,F-Root,all_publicly_visible,5004,dns-root_f-root_msm5004_20260701T000000Z_010000Z.json,landing_region_2f1f6d8f7ce5::landing_region_d8238f687690,"Oslo, Norway -> Larvik, Norway",0.4,2,2,1,1,1,167,64,0.00042553191489361707,31,False,False,False,0.4,0.0
US,F-Root,all_publicly_visible,5004,dns-root_f-root_msm5004_20260701T000000Z_010000Z.json,landing_region_d514e04d4eb8::landing_region_d8238f687690,"Drøbak, Norway -> Larvik, Norway",0.4,2,2,1,1,1,167,64,0.00042553191489361707,32,False,False,False,0.4,0.0
US,F-Root,resolved_entry_only,5004,dns-root_f-root_msm5004_20260701T000000Z_010000Z.json,landing_region_35391ab448ed::landing_region_a4e660c6c620,"Brookhaven, NY, United States -> Island Park, NY, United States",12.0,16,16,6,3,3,3,3,0.75,1,True,False,False,12.0,0.0
US,F-Root,resolved_entry_only,5004,dns-root_f-root_msm5004_20260701T000000Z_010000Z.json,landing_region_35391ab448ed::landing_region_b3d356cd3c9f,"Brookhaven, NY, United States -> Wall Township, NJ, United States",4.0,8,8,4,2,2,3,3,0.25,2,False,True,False,4.0,0.0
VE,F-Root,all_publicly_visible,5004,dns-root_f-root_msm5004_20260701T000000Z_010000Z.json,landing_region_8812d6f6982d::landing_region_9329cea6236f,"Higuerote, Venezuela -> Maiquetia, Venezuela",4.0,4,4,2,1,1,2,2,0.6666666666666666,1,True,False,False,4.0,0.0
VE,F-Root,all_publicly_visible,5004,dns-root_f-root_msm5004_20260701T000000Z_010000Z.json,landing_region_0c894d5ef6d3::landing_region_9329cea6236f,"Dania Beach, FL, United States -> Maiquetia, Venezuela",2.0,2,2,1,1,1,2,2,0.3333333333333333,2,False,True,False,0.0,2.0
VI,F-Root,all_publicly_visible,5004,dns-root_f-root_msm5004_20260701T000000Z_010000Z.json,landing_region_0c894d5ef6d3::landing_region_fd5565d28cce,"Dania Beach, FL, United States -> St. Croix, Virgin Islands, Virgin Islands (U.S.)",4.0,4,4,2,1,1,1,1,0.5,1,True,False,False,0.0,4.0
VI,F-Root,all_publicly_visible,5004,dns-root_f-root_msm5004_20260701T000000Z_010000Z.json,landing_region_75e3d0794dc5::landing_region_fd5565d28cce,"Great Bay, Virgin Islands (U.S.) -> St. Croix, Virgin Islands, Virgin Islands (U.S.)",4.0,4,4,2,1,1,1,1,0.5,2,False,True,False,4.0,0.0
VN,F-Root,all_publicly_visible,5004,dns-root_f-root_msm5004_20260701T000000Z_010000Z.json,landing_region_66a38a926c5f::landing_region_d0ecf913edd7,"Vung Tau, Vietnam -> Katong, Singapore",12.0,12,12,6,4,3,4,3,1.0,1,True,False,False,0.0,12.0
ZA,F-Root,all_publicly_visible,5004,dns-root_f-root_msm5004_20260701T000000Z_010000Z.json,landing_region_22e3b376dfe7::landing_region_44e270aeb18c,"Yzerfontein, South Africa -> Melkbosstrand, South Africa",48.0,48,48,14,7,6,7,6,0.96,1,True,False,False,48.0,0.0
ZA,F-Root,all_publicly_visible,5004,dns-root_f-root_msm5004_20260701T000000Z_010000Z.json,landing_region_44e270aeb18c::landing_region_991301515953,"Melkbosstrand, South Africa -> Baie du Tombeau, Mauritius",2.0,2,2,1,1,1,7,6,0.04,2,False,True,False,0.0,2.0
