probe_country,service_id,path_scope_stratum,msm_id,file_name,total_mappable_segments,total_observation_mass,unique_corridors_observed,top1_corridor_id,top1_corridor_share,top2_corridor_share,top3_corridor_share,corridor_entropy,corridor_normalized_entropy,effective_corridor_count,corridor_concentration_tier,is_corridor_concentrated,auditable_corridor_concentration,sufficient_corridor_observation,unique_probes,unique_probe_asns,unique_measurements_or_targets,domestic_segment_share,international_segment_share,country_fallback_share,sufficient_network_transition_resolution,auditable_paper_case,observation_sufficiency_reason,failed_thresholds,analysis_scope
?,E-Root,all_publicly_visible,,,0.0,0.0,0.0,,,,,,,,unknown_corridor_observation_concentration,False,False,False,0.0,0.0,,,,,False,False,insufficient_no_inter_region_projection_segments,"minimum_mappable_segments,minimum_unique_probes,minimum_unique_probe_asns,maximum_country_fallback_share",probe_country_service
?,E-Root,resolved_entry_only,,,0.0,0.0,0.0,,,,,,,,unknown_corridor_observation_concentration,False,False,False,0.0,0.0,,,,,False,False,insufficient_no_inter_region_projection_segments,"minimum_mappable_segments,minimum_unique_probes,minimum_unique_probe_asns,maximum_country_fallback_share",probe_country_service
AD,E-Root,all_publicly_visible,,,0.0,0.0,0.0,,,,,,,,unknown_corridor_observation_concentration,False,False,False,0.0,0.0,,,,,False,False,insufficient_no_inter_region_projection_segments,"minimum_mappable_segments,minimum_unique_probes,minimum_unique_probe_asns,maximum_country_fallback_share",probe_country_service
AD,E-Root,resolved_entry_only,,,0.0,0.0,0.0,,,,,,,,unknown_corridor_observation_concentration,False,False,False,0.0,0.0,,,,,False,False,insufficient_no_inter_region_projection_segments,"minimum_mappable_segments,minimum_unique_probes,minimum_unique_probe_asns,maximum_country_fallback_share",probe_country_service
AE,E-Root,all_publicly_visible,5013,dns-root_e-root_msm5013_20260701T000000Z_010000Z.json,2.0,2.0,1.0,landing_region_1392e3aea9b8::landing_region_8dc97f28b4d0,1.0,1.0,1.0,-0.0,0.0,1.0,severe_corridor_observation_concentration,True,False,False,2.0,1.0,1.0,1.0,0.0,0.0,True,False,"insufficient_minimum_mappable_segments,minimum_unique_probes,minimum_unique_probe_asns","minimum_mappable_segments,minimum_unique_probes,minimum_unique_probe_asns",probe_country_service
AE,E-Root,resolved_entry_only,,,0.0,0.0,0.0,,,,,,,,unknown_corridor_observation_concentration,False,False,False,0.0,0.0,,,,,False,False,insufficient_no_inter_region_projection_segments,"minimum_mappable_segments,minimum_unique_probes,minimum_unique_probe_asns,maximum_country_fallback_share",probe_country_service
AF,E-Root,all_publicly_visible,5013,dns-root_e-root_msm5013_20260701T000000Z_010000Z.json,4.0,4.0,1.0,landing_region_1b3a8d836a7d::landing_region_af2b1cb46785,1.0,1.0,1.0,-0.0,0.0,1.0,severe_corridor_observation_concentration,True,False,False,2.0,1.0,1.0,0.0,1.0,1.0,False,False,"insufficient_minimum_mappable_segments,minimum_unique_probes,minimum_unique_probe_asns,maximum_country_fallback_share","minimum_mappable_segments,minimum_unique_probes,minimum_unique_probe_asns,maximum_country_fallback_share",probe_country_service
AF,E-Root,resolved_entry_only,5013,dns-root_e-root_msm5013_20260701T000000Z_010000Z.json,4.0,4.0,1.0,landing_region_1b3a8d836a7d::landing_region_af2b1cb46785,1.0,1.0,1.0,-0.0,0.0,1.0,severe_corridor_observation_concentration,True,False,False,2.0,1.0,1.0,0.0,1.0,1.0,False,False,"insufficient_minimum_mappable_segments,minimum_unique_probes,minimum_unique_probe_asns,maximum_country_fallback_share","minimum_mappable_segments,minimum_unique_probes,minimum_unique_probe_asns,maximum_country_fallback_share",probe_country_service
AL,E-Root,all_publicly_visible,,,0.0,0.0,0.0,,,,,,,,unknown_corridor_observation_concentration,False,False,False,0.0,0.0,,,,,False,False,insufficient_no_inter_region_projection_segments,"minimum_mappable_segments,minimum_unique_probes,minimum_unique_probe_asns,maximum_country_fallback_share",probe_country_service
AL,E-Root,resolved_entry_only,,,0.0,0.0,0.0,,,,,,,,unknown_corridor_observation_concentration,False,False,False,0.0,0.0,,,,,False,False,insufficient_no_inter_region_projection_segments,"minimum_mappable_segments,minimum_unique_probes,minimum_unique_probe_asns,maximum_country_fallback_share",probe_country_service
AM,E-Root,all_publicly_visible,,,0.0,0.0,0.0,,,,,,,,unknown_corridor_observation_concentration,False,False,False,0.0,0.0,,,,,False,False,insufficient_no_inter_region_projection_segments,"minimum_mappable_segments,minimum_unique_probes,minimum_unique_probe_asns,maximum_country_fallback_share",probe_country_service
AM,E-Root,resolved_entry_only,,,0.0,0.0,0.0,,,,,,,,unknown_corridor_observation_concentration,False,False,False,0.0,0.0,,,,,False,False,insufficient_no_inter_region_projection_segments,"minimum_mappable_segments,minimum_unique_probes,minimum_unique_probe_asns,maximum_country_fallback_share",probe_country_service
AO,E-Root,all_publicly_visible,,,0.0,0.0,0.0,,,,,,,,unknown_corridor_observation_concentration,False,False,False,0.0,0.0,,,,,False,False,insufficient_no_inter_region_projection_segments,"minimum_mappable_segments,minimum_unique_probes,minimum_unique_probe_asns,maximum_country_fallback_share",probe_country_service
AO,E-Root,resolved_entry_only,,,0.0,0.0,0.0,,,,,,,,unknown_corridor_observation_concentration,False,False,False,0.0,0.0,,,,,False,False,insufficient_no_inter_region_projection_segments,"minimum_mappable_segments,minimum_unique_probes,minimum_unique_probe_asns,maximum_country_fallback_share",probe_country_service
AR,E-Root,all_publicly_visible,,,0.0,0.0,0.0,,,,,,,,unknown_corridor_observation_concentration,False,False,False,0.0,0.0,,,,,False,False,insufficient_no_inter_region_projection_segments,"minimum_mappable_segments,minimum_unique_probes,minimum_unique_probe_asns,maximum_country_fallback_share",probe_country_service
AR,E-Root,resolved_entry_only,,,0.0,0.0,0.0,,,,,,,,unknown_corridor_observation_concentration,False,False,False,0.0,0.0,,,,,False,False,insufficient_no_inter_region_projection_segments,"minimum_mappable_segments,minimum_unique_probes,minimum_unique_probe_asns,maximum_country_fallback_share",probe_country_service
AT,E-Root,all_publicly_visible,,,0.0,0.0,0.0,,,,,,,,unknown_corridor_observation_concentration,False,False,False,0.0,0.0,,,,,False,False,insufficient_no_inter_region_projection_segments,"minimum_mappable_segments,minimum_unique_probes,minimum_unique_probe_asns,maximum_country_fallback_share",probe_country_service
AT,E-Root,resolved_entry_only,,,0.0,0.0,0.0,,,,,,,,unknown_corridor_observation_concentration,False,False,False,0.0,0.0,,,,,False,False,insufficient_no_inter_region_projection_segments,"minimum_mappable_segments,minimum_unique_probes,minimum_unique_probe_asns,maximum_country_fallback_share",probe_country_service
AU,E-Root,all_publicly_visible,5013,dns-root_e-root_msm5013_20260701T000000Z_010000Z.json,8.0,8.0,3.0,landing_region_149acfcae34c::landing_region_58084817cbe7,0.5,0.75,1.0,1.0397207708399179,0.946394630357186,2.82842712474619,weak_corridor_observation_concentration,True,False,False,4.0,4.0,1.0,1.0,0.0,0.375,False,False,"insufficient_minimum_mappable_segments,minimum_unique_probes,maximum_country_fallback_share","minimum_mappable_segments,minimum_unique_probes,maximum_country_fallback_share",probe_country_service
AU,E-Root,resolved_entry_only,5013,dns-root_e-root_msm5013_20260701T000000Z_010000Z.json,2.0,2.0,1.0,landing_region_3996aeca3c5e::landing_region_58084817cbe7,1.0,1.0,1.0,-0.0,0.0,1.0,severe_corridor_observation_concentration,True,False,False,1.0,1.0,1.0,1.0,0.0,0.0,True,False,"insufficient_minimum_mappable_segments,minimum_unique_probes,minimum_unique_probe_asns","minimum_mappable_segments,minimum_unique_probes,minimum_unique_probe_asns",probe_country_service
AX,E-Root,all_publicly_visible,5013,dns-root_e-root_msm5013_20260701T000000Z_010000Z.json,2.0,2.0,1.0,landing_region_3c99e4792a25::landing_region_3eb4f4d89687,1.0,1.0,1.0,-0.0,0.0,1.0,severe_corridor_observation_concentration,True,False,False,1.0,1.0,1.0,0.0,1.0,0.0,True,False,"insufficient_minimum_mappable_segments,minimum_unique_probes,minimum_unique_probe_asns","minimum_mappable_segments,minimum_unique_probes,minimum_unique_probe_asns",probe_country_service
AX,E-Root,resolved_entry_only,5013,dns-root_e-root_msm5013_20260701T000000Z_010000Z.json,1.0,1.0,1.0,landing_region_3c99e4792a25::landing_region_3eb4f4d89687,1.0,1.0,1.0,-0.0,0.0,1.0,severe_corridor_observation_concentration,True,False,False,1.0,1.0,1.0,0.0,1.0,0.0,True,False,"insufficient_minimum_mappable_segments,minimum_unique_probes,minimum_unique_probe_asns","minimum_mappable_segments,minimum_unique_probes,minimum_unique_probe_asns",probe_country_service
AZ,E-Root,all_publicly_visible,,,0.0,0.0,0.0,,,,,,,,unknown_corridor_observation_concentration,False,False,False,0.0,0.0,,,,,False,False,insufficient_no_inter_region_projection_segments,"minimum_mappable_segments,minimum_unique_probes,minimum_unique_probe_asns,maximum_country_fallback_share",probe_country_service
AZ,E-Root,resolved_entry_only,,,0.0,0.0,0.0,,,,,,,,unknown_corridor_observation_concentration,False,False,False,0.0,0.0,,,,,False,False,insufficient_no_inter_region_projection_segments,"minimum_mappable_segments,minimum_unique_probes,minimum_unique_probe_asns,maximum_country_fallback_share",probe_country_service
BA,E-Root,all_publicly_visible,,,0.0,0.0,0.0,,,,,,,,unknown_corridor_observation_concentration,False,False,False,0.0,0.0,,,,,False,False,insufficient_no_inter_region_projection_segments,"minimum_mappable_segments,minimum_unique_probes,minimum_unique_probe_asns,maximum_country_fallback_share",probe_country_service
BA,E-Root,resolved_entry_only,,,0.0,0.0,0.0,,,,,,,,unknown_corridor_observation_concentration,False,False,False,0.0,0.0,,,,,False,False,insufficient_no_inter_region_projection_segments,"minimum_mappable_segments,minimum_unique_probes,minimum_unique_probe_asns,maximum_country_fallback_share",probe_country_service
BB,E-Root,all_publicly_visible,5013,dns-root_e-root_msm5013_20260701T000000Z_010000Z.json,2.0,2.0,1.0,landing_region_83c1ffe3b901::landing_region_bd03623e84bf,1.0,1.0,1.0,-0.0,0.0,1.0,severe_corridor_observation_concentration,True,False,False,1.0,1.0,1.0,0.0,1.0,0.0,True,False,"insufficient_minimum_mappable_segments,minimum_unique_probes,minimum_unique_probe_asns","minimum_mappable_segments,minimum_unique_probes,minimum_unique_probe_asns",probe_country_service
BB,E-Root,resolved_entry_only,,,0.0,0.0,0.0,,,,,,,,unknown_corridor_observation_concentration,False,False,False,0.0,0.0,,,,,False,False,insufficient_no_inter_region_projection_segments,"minimum_mappable_segments,minimum_unique_probes,minimum_unique_probe_asns,maximum_country_fallback_share",probe_country_service
BD,E-Root,all_publicly_visible,,,0.0,0.0,0.0,,,,,,,,unknown_corridor_observation_concentration,False,False,False,0.0,0.0,,,,,False,False,insufficient_no_inter_region_projection_segments,"minimum_mappable_segments,minimum_unique_probes,minimum_unique_probe_asns,maximum_country_fallback_share",probe_country_service
BD,E-Root,resolved_entry_only,,,0.0,0.0,0.0,,,,,,,,unknown_corridor_observation_concentration,False,False,False,0.0,0.0,,,,,False,False,insufficient_no_inter_region_projection_segments,"minimum_mappable_segments,minimum_unique_probes,minimum_unique_probe_asns,maximum_country_fallback_share",probe_country_service
BE,E-Root,all_publicly_visible,,,0.0,0.0,0.0,,,,,,,,unknown_corridor_observation_concentration,False,False,False,0.0,0.0,,,,,False,False,insufficient_no_inter_region_projection_segments,"minimum_mappable_segments,minimum_unique_probes,minimum_unique_probe_asns,maximum_country_fallback_share",probe_country_service
BE,E-Root,resolved_entry_only,,,0.0,0.0,0.0,,,,,,,,unknown_corridor_observation_concentration,False,False,False,0.0,0.0,,,,,False,False,insufficient_no_inter_region_projection_segments,"minimum_mappable_segments,minimum_unique_probes,minimum_unique_probe_asns,maximum_country_fallback_share",probe_country_service
BF,E-Root,all_publicly_visible,,,0.0,0.0,0.0,,,,,,,,unknown_corridor_observation_concentration,False,False,False,0.0,0.0,,,,,False,False,insufficient_no_inter_region_projection_segments,"minimum_mappable_segments,minimum_unique_probes,minimum_unique_probe_asns,maximum_country_fallback_share",probe_country_service
BF,E-Root,resolved_entry_only,,,0.0,0.0,0.0,,,,,,,,unknown_corridor_observation_concentration,False,False,False,0.0,0.0,,,,,False,False,insufficient_no_inter_region_projection_segments,"minimum_mappable_segments,minimum_unique_probes,minimum_unique_probe_asns,maximum_country_fallback_share",probe_country_service
BG,E-Root,all_publicly_visible,,,0.0,0.0,0.0,,,,,,,,unknown_corridor_observation_concentration,False,False,False,0.0,0.0,,,,,False,False,insufficient_no_inter_region_projection_segments,"minimum_mappable_segments,minimum_unique_probes,minimum_unique_probe_asns,maximum_country_fallback_share",probe_country_service
BG,E-Root,resolved_entry_only,,,0.0,0.0,0.0,,,,,,,,unknown_corridor_observation_concentration,False,False,False,0.0,0.0,,,,,False,False,insufficient_no_inter_region_projection_segments,"minimum_mappable_segments,minimum_unique_probes,minimum_unique_probe_asns,maximum_country_fallback_share",probe_country_service
BH,E-Root,all_publicly_visible,5013,dns-root_e-root_msm5013_20260701T000000Z_010000Z.json,6.0,6.0,1.0,landing_region_05a5445633a9::landing_region_ca49ab31c10b,1.0,1.0,1.0,-0.0,0.0,1.0,severe_corridor_observation_concentration,True,False,False,2.0,1.0,1.0,1.0,0.0,0.0,True,False,"insufficient_minimum_mappable_segments,minimum_unique_probes,minimum_unique_probe_asns","minimum_mappable_segments,minimum_unique_probes,minimum_unique_probe_asns",probe_country_service
BH,E-Root,resolved_entry_only,,,0.0,0.0,0.0,,,,,,,,unknown_corridor_observation_concentration,False,False,False,0.0,0.0,,,,,False,False,insufficient_no_inter_region_projection_segments,"minimum_mappable_segments,minimum_unique_probes,minimum_unique_probe_asns,maximum_country_fallback_share",probe_country_service
BI,E-Root,all_publicly_visible,,,0.0,0.0,0.0,,,,,,,,unknown_corridor_observation_concentration,False,False,False,0.0,0.0,,,,,False,False,insufficient_no_inter_region_projection_segments,"minimum_mappable_segments,minimum_unique_probes,minimum_unique_probe_asns,maximum_country_fallback_share",probe_country_service
BI,E-Root,resolved_entry_only,,,0.0,0.0,0.0,,,,,,,,unknown_corridor_observation_concentration,False,False,False,0.0,0.0,,,,,False,False,insufficient_no_inter_region_projection_segments,"minimum_mappable_segments,minimum_unique_probes,minimum_unique_probe_asns,maximum_country_fallback_share",probe_country_service
BJ,E-Root,all_publicly_visible,5013,dns-root_e-root_msm5013_20260701T000000Z_010000Z.json,2.0,2.0,1.0,landing_region_30beda532e6f::landing_region_8afa8229a8fd,1.0,1.0,1.0,-0.0,0.0,1.0,severe_corridor_observation_concentration,True,False,False,1.0,1.0,1.0,0.0,1.0,1.0,False,False,"insufficient_minimum_mappable_segments,minimum_unique_probes,minimum_unique_probe_asns,maximum_country_fallback_share","minimum_mappable_segments,minimum_unique_probes,minimum_unique_probe_asns,maximum_country_fallback_share",probe_country_service
BJ,E-Root,resolved_entry_only,5013,dns-root_e-root_msm5013_20260701T000000Z_010000Z.json,2.0,2.0,1.0,landing_region_30beda532e6f::landing_region_8afa8229a8fd,1.0,1.0,1.0,-0.0,0.0,1.0,severe_corridor_observation_concentration,True,False,False,1.0,1.0,1.0,0.0,1.0,1.0,False,False,"insufficient_minimum_mappable_segments,minimum_unique_probes,minimum_unique_probe_asns,maximum_country_fallback_share","minimum_mappable_segments,minimum_unique_probes,minimum_unique_probe_asns,maximum_country_fallback_share",probe_country_service
BL,E-Root,all_publicly_visible,5013,dns-root_e-root_msm5013_20260701T000000Z_010000Z.json,2.0,2.0,2.0,landing_region_04a5b4bc2547::landing_region_aca2fc3e8719,0.5,1.0,1.0,0.6931471805599453,1.0,2.0,moderate_corridor_observation_concentration,True,False,False,1.0,1.0,1.0,1.0,0.0,1.0,False,False,"insufficient_minimum_mappable_segments,minimum_unique_probes,minimum_unique_probe_asns,maximum_country_fallback_share","minimum_mappable_segments,minimum_unique_probes,minimum_unique_probe_asns,maximum_country_fallback_share",probe_country_service
BL,E-Root,resolved_entry_only,5013,dns-root_e-root_msm5013_20260701T000000Z_010000Z.json,2.0,2.0,2.0,landing_region_04a5b4bc2547::landing_region_aca2fc3e8719,0.5,1.0,1.0,0.6931471805599453,1.0,2.0,moderate_corridor_observation_concentration,True,False,False,1.0,1.0,1.0,1.0,0.0,1.0,False,False,"insufficient_minimum_mappable_segments,minimum_unique_probes,minimum_unique_probe_asns,maximum_country_fallback_share","minimum_mappable_segments,minimum_unique_probes,minimum_unique_probe_asns,maximum_country_fallback_share",probe_country_service
BO,E-Root,all_publicly_visible,,,0.0,0.0,0.0,,,,,,,,unknown_corridor_observation_concentration,False,False,False,0.0,0.0,,,,,False,False,insufficient_no_inter_region_projection_segments,"minimum_mappable_segments,minimum_unique_probes,minimum_unique_probe_asns,maximum_country_fallback_share",probe_country_service
BO,E-Root,resolved_entry_only,,,0.0,0.0,0.0,,,,,,,,unknown_corridor_observation_concentration,False,False,False,0.0,0.0,,,,,False,False,insufficient_no_inter_region_projection_segments,"minimum_mappable_segments,minimum_unique_probes,minimum_unique_probe_asns,maximum_country_fallback_share",probe_country_service
BR,E-Root,all_publicly_visible,5013,dns-root_e-root_msm5013_20260701T000000Z_010000Z.json,1.0,1.0,1.0,landing_region_38c81e7bfa6f::landing_region_7f124bf07cd8,1.0,1.0,1.0,-0.0,0.0,1.0,severe_corridor_observation_concentration,True,False,False,1.0,1.0,1.0,1.0,0.0,1.0,False,False,"insufficient_minimum_mappable_segments,minimum_unique_probes,minimum_unique_probe_asns,maximum_country_fallback_share","minimum_mappable_segments,minimum_unique_probes,minimum_unique_probe_asns,maximum_country_fallback_share",probe_country_service
BR,E-Root,resolved_entry_only,,,0.0,0.0,0.0,,,,,,,,unknown_corridor_observation_concentration,False,False,False,0.0,0.0,,,,,False,False,insufficient_no_inter_region_projection_segments,"minimum_mappable_segments,minimum_unique_probes,minimum_unique_probe_asns,maximum_country_fallback_share",probe_country_service
BT,E-Root,all_publicly_visible,,,0.0,0.0,0.0,,,,,,,,unknown_corridor_observation_concentration,False,False,False,0.0,0.0,,,,,False,False,insufficient_no_inter_region_projection_segments,"minimum_mappable_segments,minimum_unique_probes,minimum_unique_probe_asns,maximum_country_fallback_share",probe_country_service
BT,E-Root,resolved_entry_only,,,0.0,0.0,0.0,,,,,,,,unknown_corridor_observation_concentration,False,False,False,0.0,0.0,,,,,False,False,insufficient_no_inter_region_projection_segments,"minimum_mappable_segments,minimum_unique_probes,minimum_unique_probe_asns,maximum_country_fallback_share",probe_country_service
BW,E-Root,all_publicly_visible,,,0.0,0.0,0.0,,,,,,,,unknown_corridor_observation_concentration,False,False,False,0.0,0.0,,,,,False,False,insufficient_no_inter_region_projection_segments,"minimum_mappable_segments,minimum_unique_probes,minimum_unique_probe_asns,maximum_country_fallback_share",probe_country_service
BW,E-Root,resolved_entry_only,,,0.0,0.0,0.0,,,,,,,,unknown_corridor_observation_concentration,False,False,False,0.0,0.0,,,,,False,False,insufficient_no_inter_region_projection_segments,"minimum_mappable_segments,minimum_unique_probes,minimum_unique_probe_asns,maximum_country_fallback_share",probe_country_service
BY,E-Root,all_publicly_visible,,,0.0,0.0,0.0,,,,,,,,unknown_corridor_observation_concentration,False,False,False,0.0,0.0,,,,,False,False,insufficient_no_inter_region_projection_segments,"minimum_mappable_segments,minimum_unique_probes,minimum_unique_probe_asns,maximum_country_fallback_share",probe_country_service
BY,E-Root,resolved_entry_only,,,0.0,0.0,0.0,,,,,,,,unknown_corridor_observation_concentration,False,False,False,0.0,0.0,,,,,False,False,insufficient_no_inter_region_projection_segments,"minimum_mappable_segments,minimum_unique_probes,minimum_unique_probe_asns,maximum_country_fallback_share",probe_country_service
CA,E-Root,all_publicly_visible,5013,dns-root_e-root_msm5013_20260701T000000Z_010000Z.json,431.0,430.99999999999994,10.0,landing_region_82a1b23200f3::landing_region_c94f4fef1bdd,0.854292343387471,0.891415313225058,0.9238979118329466,0.6696080098530884,0.29080706371741455,1.9534714289823212,severe_corridor_observation_concentration,True,True,True,79.0,27.0,1.0,0.9396751740139211,0.0603248259860789,0.21345707656612528,True,True,auditable,,probe_country_service
CA,E-Root,resolved_entry_only,5013,dns-root_e-root_msm5013_20260701T000000Z_010000Z.json,48.0,48.0,5.0,landing_region_d026f3e5a07d::landing_region_f41a83b9b5b3,0.3333333333333333,0.5833333333333333,0.7916666666666666,1.4706181572039003,0.9137464364684623,4.351924483229125,broad_corridor_observation_distribution,False,False,True,12.0,8.0,1.0,0.7916666666666666,0.20833333333333334,0.3333333333333333,False,False,insufficient_maximum_country_fallback_share,maximum_country_fallback_share,probe_country_service
CD,E-Root,all_publicly_visible,,,0.0,0.0,0.0,,,,,,,,unknown_corridor_observation_concentration,False,False,False,0.0,0.0,,,,,False,False,insufficient_no_inter_region_projection_segments,"minimum_mappable_segments,minimum_unique_probes,minimum_unique_probe_asns,maximum_country_fallback_share",probe_country_service
CD,E-Root,resolved_entry_only,,,0.0,0.0,0.0,,,,,,,,unknown_corridor_observation_concentration,False,False,False,0.0,0.0,,,,,False,False,insufficient_no_inter_region_projection_segments,"minimum_mappable_segments,minimum_unique_probes,minimum_unique_probe_asns,maximum_country_fallback_share",probe_country_service
CG,E-Root,all_publicly_visible,,,0.0,0.0,0.0,,,,,,,,unknown_corridor_observation_concentration,False,False,False,0.0,0.0,,,,,False,False,insufficient_no_inter_region_projection_segments,"minimum_mappable_segments,minimum_unique_probes,minimum_unique_probe_asns,maximum_country_fallback_share",probe_country_service
CG,E-Root,resolved_entry_only,,,0.0,0.0,0.0,,,,,,,,unknown_corridor_observation_concentration,False,False,False,0.0,0.0,,,,,False,False,insufficient_no_inter_region_projection_segments,"minimum_mappable_segments,minimum_unique_probes,minimum_unique_probe_asns,maximum_country_fallback_share",probe_country_service
CH,E-Root,all_publicly_visible,,,0.0,0.0,0.0,,,,,,,,unknown_corridor_observation_concentration,False,False,False,0.0,0.0,,,,,False,False,insufficient_no_inter_region_projection_segments,"minimum_mappable_segments,minimum_unique_probes,minimum_unique_probe_asns,maximum_country_fallback_share",probe_country_service
CH,E-Root,resolved_entry_only,,,0.0,0.0,0.0,,,,,,,,unknown_corridor_observation_concentration,False,False,False,0.0,0.0,,,,,False,False,insufficient_no_inter_region_projection_segments,"minimum_mappable_segments,minimum_unique_probes,minimum_unique_probe_asns,maximum_country_fallback_share",probe_country_service
CI,E-Root,all_publicly_visible,,,0.0,0.0,0.0,,,,,,,,unknown_corridor_observation_concentration,False,False,False,0.0,0.0,,,,,False,False,insufficient_no_inter_region_projection_segments,"minimum_mappable_segments,minimum_unique_probes,minimum_unique_probe_asns,maximum_country_fallback_share",probe_country_service
CI,E-Root,resolved_entry_only,,,0.0,0.0,0.0,,,,,,,,unknown_corridor_observation_concentration,False,False,False,0.0,0.0,,,,,False,False,insufficient_no_inter_region_projection_segments,"minimum_mappable_segments,minimum_unique_probes,minimum_unique_probe_asns,maximum_country_fallback_share",probe_country_service
CK,E-Root,all_publicly_visible,,,0.0,0.0,0.0,,,,,,,,unknown_corridor_observation_concentration,False,False,False,0.0,0.0,,,,,False,False,insufficient_no_inter_region_projection_segments,"minimum_mappable_segments,minimum_unique_probes,minimum_unique_probe_asns,maximum_country_fallback_share",probe_country_service
CK,E-Root,resolved_entry_only,,,0.0,0.0,0.0,,,,,,,,unknown_corridor_observation_concentration,False,False,False,0.0,0.0,,,,,False,False,insufficient_no_inter_region_projection_segments,"minimum_mappable_segments,minimum_unique_probes,minimum_unique_probe_asns,maximum_country_fallback_share",probe_country_service
CL,E-Root,all_publicly_visible,5013,dns-root_e-root_msm5013_20260701T000000Z_010000Z.json,4.0,4.0,1.0,landing_region_5113b57f1083::landing_region_8c0e5886c6bc,1.0,1.0,1.0,-0.0,0.0,1.0,severe_corridor_observation_concentration,True,False,False,2.0,1.0,1.0,0.0,1.0,0.0,True,False,"insufficient_minimum_mappable_segments,minimum_unique_probes,minimum_unique_probe_asns","minimum_mappable_segments,minimum_unique_probes,minimum_unique_probe_asns",probe_country_service
CL,E-Root,resolved_entry_only,,,0.0,0.0,0.0,,,,,,,,unknown_corridor_observation_concentration,False,False,False,0.0,0.0,,,,,False,False,insufficient_no_inter_region_projection_segments,"minimum_mappable_segments,minimum_unique_probes,minimum_unique_probe_asns,maximum_country_fallback_share",probe_country_service
CM,E-Root,all_publicly_visible,5013,dns-root_e-root_msm5013_20260701T000000Z_010000Z.json,2.0,2.0,1.0,landing_region_30beda532e6f::landing_region_99a747248ab4,1.0,1.0,1.0,-0.0,0.0,1.0,severe_corridor_observation_concentration,True,False,False,1.0,1.0,1.0,0.0,1.0,0.0,True,False,"insufficient_minimum_mappable_segments,minimum_unique_probes,minimum_unique_probe_asns","minimum_mappable_segments,minimum_unique_probes,minimum_unique_probe_asns",probe_country_service
CM,E-Root,resolved_entry_only,5013,dns-root_e-root_msm5013_20260701T000000Z_010000Z.json,2.0,2.0,1.0,landing_region_30beda532e6f::landing_region_99a747248ab4,1.0,1.0,1.0,-0.0,0.0,1.0,severe_corridor_observation_concentration,True,False,False,1.0,1.0,1.0,0.0,1.0,0.0,True,False,"insufficient_minimum_mappable_segments,minimum_unique_probes,minimum_unique_probe_asns","minimum_mappable_segments,minimum_unique_probes,minimum_unique_probe_asns",probe_country_service
CN,E-Root,all_publicly_visible,5013,dns-root_e-root_msm5013_20260701T000000Z_010000Z.json,27.0,26.999999999999996,5.0,landing_region_271ad44782a4::landing_region_7a7da5f2aeb1,0.42592592592592593,0.8518518518518519,0.9012345679012346,1.1726994547710394,0.7286391389882563,3.2307020119197993,moderate_corridor_observation_concentration,True,False,False,14.0,9.0,1.0,0.14814814814814817,0.851851851851852,0.14814814814814814,True,False,insufficient_minimum_mappable_segments,minimum_mappable_segments,probe_country_service
CN,E-Root,resolved_entry_only,5013,dns-root_e-root_msm5013_20260701T000000Z_010000Z.json,4.0,4.0,3.0,landing_region_5d023e72c246::landing_region_b37879c52c2b,0.3333333333333333,0.6666666666666666,1.0,1.0986122886681096,0.9999999999999998,2.9999999999999996,weak_corridor_observation_concentration,True,False,False,1.0,1.0,1.0,1.0,0.0,1.0,False,False,"insufficient_minimum_mappable_segments,minimum_unique_probes,minimum_unique_probe_asns,maximum_country_fallback_share","minimum_mappable_segments,minimum_unique_probes,minimum_unique_probe_asns,maximum_country_fallback_share",probe_country_service
CO,E-Root,all_publicly_visible,,,0.0,0.0,0.0,,,,,,,,unknown_corridor_observation_concentration,False,False,False,0.0,0.0,,,,,False,False,insufficient_no_inter_region_projection_segments,"minimum_mappable_segments,minimum_unique_probes,minimum_unique_probe_asns,maximum_country_fallback_share",probe_country_service
CO,E-Root,resolved_entry_only,,,0.0,0.0,0.0,,,,,,,,unknown_corridor_observation_concentration,False,False,False,0.0,0.0,,,,,False,False,insufficient_no_inter_region_projection_segments,"minimum_mappable_segments,minimum_unique_probes,minimum_unique_probe_asns,maximum_country_fallback_share",probe_country_service
CR,E-Root,all_publicly_visible,,,0.0,0.0,0.0,,,,,,,,unknown_corridor_observation_concentration,False,False,False,0.0,0.0,,,,,False,False,insufficient_no_inter_region_projection_segments,"minimum_mappable_segments,minimum_unique_probes,minimum_unique_probe_asns,maximum_country_fallback_share",probe_country_service
CR,E-Root,resolved_entry_only,,,0.0,0.0,0.0,,,,,,,,unknown_corridor_observation_concentration,False,False,False,0.0,0.0,,,,,False,False,insufficient_no_inter_region_projection_segments,"minimum_mappable_segments,minimum_unique_probes,minimum_unique_probe_asns,maximum_country_fallback_share",probe_country_service
CU,E-Root,all_publicly_visible,5013,dns-root_e-root_msm5013_20260701T000000Z_010000Z.json,2.0,2.0,1.0,landing_region_bc2d670b199a::landing_region_bd03623e84bf,1.0,1.0,1.0,-0.0,0.0,1.0,severe_corridor_observation_concentration,True,False,False,1.0,1.0,1.0,0.0,1.0,0.0,True,False,"insufficient_minimum_mappable_segments,minimum_unique_probes,minimum_unique_probe_asns","minimum_mappable_segments,minimum_unique_probes,minimum_unique_probe_asns",probe_country_service
CU,E-Root,resolved_entry_only,,,0.0,0.0,0.0,,,,,,,,unknown_corridor_observation_concentration,False,False,False,0.0,0.0,,,,,False,False,insufficient_no_inter_region_projection_segments,"minimum_mappable_segments,minimum_unique_probes,minimum_unique_probe_asns,maximum_country_fallback_share",probe_country_service
CV,E-Root,all_publicly_visible,5013,dns-root_e-root_msm5013_20260701T000000Z_010000Z.json,14.0,14.0,5.0,landing_region_343850da3642::landing_region_f7627feb3284,0.42857142857142855,0.5714285714285714,0.7142857142857142,1.475076311054695,0.9165164431996026,4.371369344007118,broad_corridor_observation_distribution,False,False,False,4.0,2.0,1.0,0.8571428571428571,0.14285714285714285,0.14285714285714285,True,False,"insufficient_minimum_mappable_segments,minimum_unique_probes,minimum_unique_probe_asns","minimum_mappable_segments,minimum_unique_probes,minimum_unique_probe_asns",probe_country_service
CV,E-Root,resolved_entry_only,5013,dns-root_e-root_msm5013_20260701T000000Z_010000Z.json,8.0,8.0,4.0,landing_region_1ad4dd854de2::landing_region_d02d22941d60,0.25,0.5,0.75,1.3862943611198906,1.0,4.0,weak_corridor_observation_concentration,True,False,False,1.0,1.0,1.0,0.75,0.25,0.25,True,False,"insufficient_minimum_mappable_segments,minimum_unique_probes,minimum_unique_probe_asns","minimum_mappable_segments,minimum_unique_probes,minimum_unique_probe_asns",probe_country_service
CW,E-Root,all_publicly_visible,5013,dns-root_e-root_msm5013_20260701T000000Z_010000Z.json,1.0,1.0,1.0,landing_region_83c1ffe3b901::landing_region_bd03623e84bf,1.0,1.0,1.0,-0.0,0.0,1.0,severe_corridor_observation_concentration,True,False,False,1.0,1.0,1.0,0.0,1.0,0.0,True,False,"insufficient_minimum_mappable_segments,minimum_unique_probes,minimum_unique_probe_asns","minimum_mappable_segments,minimum_unique_probes,minimum_unique_probe_asns",probe_country_service
CW,E-Root,resolved_entry_only,,,0.0,0.0,0.0,,,,,,,,unknown_corridor_observation_concentration,False,False,False,0.0,0.0,,,,,False,False,insufficient_no_inter_region_projection_segments,"minimum_mappable_segments,minimum_unique_probes,minimum_unique_probe_asns,maximum_country_fallback_share",probe_country_service
CY,E-Root,all_publicly_visible,5013,dns-root_e-root_msm5013_20260701T000000Z_010000Z.json,7.0,7.0,1.0,landing_region_08ea81d123b5::landing_region_3e7b4a85e943,1.0,1.0,1.0,-0.0,0.0,1.0,severe_corridor_observation_concentration,True,False,False,4.0,2.0,1.0,0.0,1.0,0.0,True,False,"insufficient_minimum_mappable_segments,minimum_unique_probes,minimum_unique_probe_asns","minimum_mappable_segments,minimum_unique_probes,minimum_unique_probe_asns",probe_country_service
CY,E-Root,resolved_entry_only,,,0.0,0.0,0.0,,,,,,,,unknown_corridor_observation_concentration,False,False,False,0.0,0.0,,,,,False,False,insufficient_no_inter_region_projection_segments,"minimum_mappable_segments,minimum_unique_probes,minimum_unique_probe_asns,maximum_country_fallback_share",probe_country_service
CZ,E-Root,all_publicly_visible,,,0.0,0.0,0.0,,,,,,,,unknown_corridor_observation_concentration,False,False,False,0.0,0.0,,,,,False,False,insufficient_no_inter_region_projection_segments,"minimum_mappable_segments,minimum_unique_probes,minimum_unique_probe_asns,maximum_country_fallback_share",probe_country_service
CZ,E-Root,resolved_entry_only,,,0.0,0.0,0.0,,,,,,,,unknown_corridor_observation_concentration,False,False,False,0.0,0.0,,,,,False,False,insufficient_no_inter_region_projection_segments,"minimum_mappable_segments,minimum_unique_probes,minimum_unique_probe_asns,maximum_country_fallback_share",probe_country_service
DE,E-Root,all_publicly_visible,5013,dns-root_e-root_msm5013_20260701T000000Z_010000Z.json,2.0,2.0,1.0,landing_region_d073d559153a::landing_region_e2b0cd002b0c,1.0,1.0,1.0,-0.0,0.0,1.0,severe_corridor_observation_concentration,True,False,False,1.0,1.0,1.0,1.0,0.0,0.0,True,False,"insufficient_minimum_mappable_segments,minimum_unique_probes,minimum_unique_probe_asns","minimum_mappable_segments,minimum_unique_probes,minimum_unique_probe_asns",probe_country_service
DE,E-Root,resolved_entry_only,,,0.0,0.0,0.0,,,,,,,,unknown_corridor_observation_concentration,False,False,False,0.0,0.0,,,,,False,False,insufficient_no_inter_region_projection_segments,"minimum_mappable_segments,minimum_unique_probes,minimum_unique_probe_asns,maximum_country_fallback_share",probe_country_service
DJ,E-Root,all_publicly_visible,5013,dns-root_e-root_msm5013_20260701T000000Z_010000Z.json,4.0,4.0,2.0,landing_region_08ea81d123b5::landing_region_173727a59ebb,0.5,1.0,1.0,0.6931471805599453,1.0,2.0,moderate_corridor_observation_concentration,True,False,False,2.0,1.0,1.0,0.0,1.0,1.0,False,False,"insufficient_minimum_mappable_segments,minimum_unique_probes,minimum_unique_probe_asns,maximum_country_fallback_share","minimum_mappable_segments,minimum_unique_probes,minimum_unique_probe_asns,maximum_country_fallback_share",probe_country_service
DJ,E-Root,resolved_entry_only,5013,dns-root_e-root_msm5013_20260701T000000Z_010000Z.json,4.0,4.0,2.0,landing_region_08ea81d123b5::landing_region_173727a59ebb,0.5,1.0,1.0,0.6931471805599453,1.0,2.0,moderate_corridor_observation_concentration,True,False,False,2.0,1.0,1.0,0.0,1.0,1.0,False,False,"insufficient_minimum_mappable_segments,minimum_unique_probes,minimum_unique_probe_asns,maximum_country_fallback_share","minimum_mappable_segments,minimum_unique_probes,minimum_unique_probe_asns,maximum_country_fallback_share",probe_country_service
DK,E-Root,all_publicly_visible,5013,dns-root_e-root_msm5013_20260701T000000Z_010000Z.json,596.0,596.0,3.0,landing_region_d073d559153a::landing_region_e2b0cd002b0c,0.9395973154362416,0.9714765100671141,1.0,0.2698487772306733,0.24562694229264578,1.30976636925888,severe_corridor_observation_concentration,True,True,True,100.0,30.0,1.0,0.9093959731543624,0.09060402684563758,0.09731543624161074,True,True,auditable,,probe_country_service
DK,E-Root,resolved_entry_only,5013,dns-root_e-root_msm5013_20260701T000000Z_010000Z.json,21.0,21.0,3.0,landing_region_d073d559153a::landing_region_e2b0cd002b0c,0.8095238095238095,0.9047619047619048,1.0,0.6189407438569727,0.5633841440162103,1.8569600034109872,severe_corridor_observation_concentration,True,False,False,9.0,6.0,1.0,1.0,0.0,0.2857142857142857,True,False,"insufficient_minimum_mappable_segments,minimum_unique_probes","minimum_mappable_segments,minimum_unique_probes",probe_country_service
DO,E-Root,all_publicly_visible,5013,dns-root_e-root_msm5013_20260701T000000Z_010000Z.json,5.0,5.0,2.0,landing_region_bc2d670b199a::landing_region_bd03623e84bf,0.6,1.0,1.0,0.6730116670092565,0.9709505944546688,1.9601317042077895,moderate_corridor_observation_concentration,True,False,False,3.0,3.0,1.0,0.0,1.0,0.0,True,False,"insufficient_minimum_mappable_segments,minimum_unique_probes","minimum_mappable_segments,minimum_unique_probes",probe_country_service
DO,E-Root,resolved_entry_only,,,0.0,0.0,0.0,,,,,,,,unknown_corridor_observation_concentration,False,False,False,0.0,0.0,,,,,False,False,insufficient_no_inter_region_projection_segments,"minimum_mappable_segments,minimum_unique_probes,minimum_unique_probe_asns,maximum_country_fallback_share",probe_country_service
DZ,E-Root,all_publicly_visible,,,0.0,0.0,0.0,,,,,,,,unknown_corridor_observation_concentration,False,False,False,0.0,0.0,,,,,False,False,insufficient_no_inter_region_projection_segments,"minimum_mappable_segments,minimum_unique_probes,minimum_unique_probe_asns,maximum_country_fallback_share",probe_country_service
DZ,E-Root,resolved_entry_only,,,0.0,0.0,0.0,,,,,,,,unknown_corridor_observation_concentration,False,False,False,0.0,0.0,,,,,False,False,insufficient_no_inter_region_projection_segments,"minimum_mappable_segments,minimum_unique_probes,minimum_unique_probe_asns,maximum_country_fallback_share",probe_country_service
EC,E-Root,all_publicly_visible,,,0.0,0.0,0.0,,,,,,,,unknown_corridor_observation_concentration,False,False,False,0.0,0.0,,,,,False,False,insufficient_no_inter_region_projection_segments,"minimum_mappable_segments,minimum_unique_probes,minimum_unique_probe_asns,maximum_country_fallback_share",probe_country_service
EC,E-Root,resolved_entry_only,,,0.0,0.0,0.0,,,,,,,,unknown_corridor_observation_concentration,False,False,False,0.0,0.0,,,,,False,False,insufficient_no_inter_region_projection_segments,"minimum_mappable_segments,minimum_unique_probes,minimum_unique_probe_asns,maximum_country_fallback_share",probe_country_service
EE,E-Root,all_publicly_visible,5013,dns-root_e-root_msm5013_20260701T000000Z_010000Z.json,14.0,14.0,2.0,landing_region_3c99e4792a25::landing_region_5631d1801aee,0.5,1.0,1.0,0.6931471805599453,1.0,2.0,moderate_corridor_observation_concentration,True,False,False,4.0,3.0,1.0,0.0,1.0,0.0,True,False,"insufficient_minimum_mappable_segments,minimum_unique_probes","minimum_mappable_segments,minimum_unique_probes",probe_country_service
EE,E-Root,resolved_entry_only,5013,dns-root_e-root_msm5013_20260701T000000Z_010000Z.json,14.0,14.0,2.0,landing_region_3c99e4792a25::landing_region_5631d1801aee,0.5,1.0,1.0,0.6931471805599453,1.0,2.0,moderate_corridor_observation_concentration,True,False,False,4.0,3.0,1.0,0.0,1.0,0.0,True,False,"insufficient_minimum_mappable_segments,minimum_unique_probes","minimum_mappable_segments,minimum_unique_probes",probe_country_service
EG,E-Root,all_publicly_visible,,,0.0,0.0,0.0,,,,,,,,unknown_corridor_observation_concentration,False,False,False,0.0,0.0,,,,,False,False,insufficient_no_inter_region_projection_segments,"minimum_mappable_segments,minimum_unique_probes,minimum_unique_probe_asns,maximum_country_fallback_share",probe_country_service
EG,E-Root,resolved_entry_only,,,0.0,0.0,0.0,,,,,,,,unknown_corridor_observation_concentration,False,False,False,0.0,0.0,,,,,False,False,insufficient_no_inter_region_projection_segments,"minimum_mappable_segments,minimum_unique_probes,minimum_unique_probe_asns,maximum_country_fallback_share",probe_country_service
ES,E-Root,all_publicly_visible,5013,dns-root_e-root_msm5013_20260701T000000Z_010000Z.json,33.0,33.0,7.0,landing_region_343850da3642::landing_region_f7627feb3284,0.5454545454545454,0.7272727272727273,0.8484848484848484,1.3631176389313684,0.7005038951017986,3.9083591802711855,weak_corridor_observation_concentration,True,True,True,18.0,9.0,1.0,0.8181818181818182,0.18181818181818182,0.0,True,True,auditable,,probe_country_service
ES,E-Root,resolved_entry_only,5013,dns-root_e-root_msm5013_20260701T000000Z_010000Z.json,4.0,4.0,1.0,landing_region_16498428a563::landing_region_f2fd1754176a,1.0,1.0,1.0,-0.0,0.0,1.0,severe_corridor_observation_concentration,True,False,False,2.0,1.0,1.0,1.0,0.0,0.0,True,False,"insufficient_minimum_mappable_segments,minimum_unique_probes,minimum_unique_probe_asns","minimum_mappable_segments,minimum_unique_probes,minimum_unique_probe_asns",probe_country_service
ET,E-Root,all_publicly_visible,5013,dns-root_e-root_msm5013_20260701T000000Z_010000Z.json,1.0,1.0,2.0,landing_region_08ea81d123b5::landing_region_173727a59ebb,0.5,1.0,1.0,0.6931471805599453,1.0,2.0,moderate_corridor_observation_concentration,True,False,False,1.0,1.0,1.0,0.0,1.0,1.0,False,False,"insufficient_minimum_mappable_segments,minimum_unique_probes,minimum_unique_probe_asns,maximum_country_fallback_share","minimum_mappable_segments,minimum_unique_probes,minimum_unique_probe_asns,maximum_country_fallback_share",probe_country_service
ET,E-Root,resolved_entry_only,,,0.0,0.0,0.0,,,,,,,,unknown_corridor_observation_concentration,False,False,False,0.0,0.0,,,,,False,False,insufficient_no_inter_region_projection_segments,"minimum_mappable_segments,minimum_unique_probes,minimum_unique_probe_asns,maximum_country_fallback_share",probe_country_service
FI,E-Root,all_publicly_visible,5013,dns-root_e-root_msm5013_20260701T000000Z_010000Z.json,40.0,40.0,6.0,landing_region_5ff6ee2e39f7::landing_region_65aa8d7cf62e,0.5,0.7,0.8,1.4370463705607708,0.8020308502568676,4.2082478379856765,weak_corridor_observation_concentration,True,True,True,13.0,10.0,1.0,0.85,0.15,0.55,False,False,insufficient_maximum_country_fallback_share,maximum_country_fallback_share,probe_country_service
FI,E-Root,resolved_entry_only,5013,dns-root_e-root_msm5013_20260701T000000Z_010000Z.json,35.0,35.0,6.0,landing_region_5ff6ee2e39f7::landing_region_65aa8d7cf62e,0.5714285714285714,0.7999999999999999,0.9142857142857143,1.1899622777877559,0.6641305924284738,3.2869572137468217,weak_corridor_observation_concentration,True,True,True,11.0,9.0,1.0,0.9714285714285714,0.02857142857142857,0.5142857142857142,False,False,insufficient_maximum_country_fallback_share,maximum_country_fallback_share,probe_country_service
FJ,E-Root,all_publicly_visible,,,0.0,0.0,0.0,,,,,,,,unknown_corridor_observation_concentration,False,False,False,0.0,0.0,,,,,False,False,insufficient_no_inter_region_projection_segments,"minimum_mappable_segments,minimum_unique_probes,minimum_unique_probe_asns,maximum_country_fallback_share",probe_country_service
FJ,E-Root,resolved_entry_only,,,0.0,0.0,0.0,,,,,,,,unknown_corridor_observation_concentration,False,False,False,0.0,0.0,,,,,False,False,insufficient_no_inter_region_projection_segments,"minimum_mappable_segments,minimum_unique_probes,minimum_unique_probe_asns,maximum_country_fallback_share",probe_country_service
FM,E-Root,all_publicly_visible,,,0.0,0.0,0.0,,,,,,,,unknown_corridor_observation_concentration,False,False,False,0.0,0.0,,,,,False,False,insufficient_no_inter_region_projection_segments,"minimum_mappable_segments,minimum_unique_probes,minimum_unique_probe_asns,maximum_country_fallback_share",probe_country_service
FM,E-Root,resolved_entry_only,,,0.0,0.0,0.0,,,,,,,,unknown_corridor_observation_concentration,False,False,False,0.0,0.0,,,,,False,False,insufficient_no_inter_region_projection_segments,"minimum_mappable_segments,minimum_unique_probes,minimum_unique_probe_asns,maximum_country_fallback_share",probe_country_service
FR,E-Root,all_publicly_visible,,,0.0,0.0,0.0,,,,,,,,unknown_corridor_observation_concentration,False,False,False,0.0,0.0,,,,,False,False,insufficient_no_inter_region_projection_segments,"minimum_mappable_segments,minimum_unique_probes,minimum_unique_probe_asns,maximum_country_fallback_share",probe_country_service
FR,E-Root,resolved_entry_only,,,0.0,0.0,0.0,,,,,,,,unknown_corridor_observation_concentration,False,False,False,0.0,0.0,,,,,False,False,insufficient_no_inter_region_projection_segments,"minimum_mappable_segments,minimum_unique_probes,minimum_unique_probe_asns,maximum_country_fallback_share",probe_country_service
GB,E-Root,all_publicly_visible,,,0.0,0.0,0.0,,,,,,,,unknown_corridor_observation_concentration,False,False,False,0.0,0.0,,,,,False,False,insufficient_no_inter_region_projection_segments,"minimum_mappable_segments,minimum_unique_probes,minimum_unique_probe_asns,maximum_country_fallback_share",probe_country_service
GB,E-Root,resolved_entry_only,,,0.0,0.0,0.0,,,,,,,,unknown_corridor_observation_concentration,False,False,False,0.0,0.0,,,,,False,False,insufficient_no_inter_region_projection_segments,"minimum_mappable_segments,minimum_unique_probes,minimum_unique_probe_asns,maximum_country_fallback_share",probe_country_service
GE,E-Root,all_publicly_visible,,,0.0,0.0,0.0,,,,,,,,unknown_corridor_observation_concentration,False,False,False,0.0,0.0,,,,,False,False,insufficient_no_inter_region_projection_segments,"minimum_mappable_segments,minimum_unique_probes,minimum_unique_probe_asns,maximum_country_fallback_share",probe_country_service
GE,E-Root,resolved_entry_only,,,0.0,0.0,0.0,,,,,,,,unknown_corridor_observation_concentration,False,False,False,0.0,0.0,,,,,False,False,insufficient_no_inter_region_projection_segments,"minimum_mappable_segments,minimum_unique_probes,minimum_unique_probe_asns,maximum_country_fallback_share",probe_country_service
GF,E-Root,all_publicly_visible,,,0.0,0.0,0.0,,,,,,,,unknown_corridor_observation_concentration,False,False,False,0.0,0.0,,,,,False,False,insufficient_no_inter_region_projection_segments,"minimum_mappable_segments,minimum_unique_probes,minimum_unique_probe_asns,maximum_country_fallback_share",probe_country_service
GF,E-Root,resolved_entry_only,,,0.0,0.0,0.0,,,,,,,,unknown_corridor_observation_concentration,False,False,False,0.0,0.0,,,,,False,False,insufficient_no_inter_region_projection_segments,"minimum_mappable_segments,minimum_unique_probes,minimum_unique_probe_asns,maximum_country_fallback_share",probe_country_service
GG,E-Root,all_publicly_visible,5013,dns-root_e-root_msm5013_20260701T000000Z_010000Z.json,4.0,4.0,1.0,landing_region_0389fb1be871::landing_region_da27bcef4ab9,1.0,1.0,1.0,-0.0,0.0,1.0,severe_corridor_observation_concentration,True,False,False,1.0,1.0,1.0,1.0,0.0,0.0,True,False,"insufficient_minimum_mappable_segments,minimum_unique_probes,minimum_unique_probe_asns","minimum_mappable_segments,minimum_unique_probes,minimum_unique_probe_asns",probe_country_service
GG,E-Root,resolved_entry_only,5013,dns-root_e-root_msm5013_20260701T000000Z_010000Z.json,4.0,4.0,1.0,landing_region_0389fb1be871::landing_region_da27bcef4ab9,1.0,1.0,1.0,-0.0,0.0,1.0,severe_corridor_observation_concentration,True,False,False,1.0,1.0,1.0,1.0,0.0,0.0,True,False,"insufficient_minimum_mappable_segments,minimum_unique_probes,minimum_unique_probe_asns","minimum_mappable_segments,minimum_unique_probes,minimum_unique_probe_asns",probe_country_service
GH,E-Root,all_publicly_visible,5013,dns-root_e-root_msm5013_20260701T000000Z_010000Z.json,4.0,4.0,1.0,landing_region_2e263771884f::landing_region_30beda532e6f,1.0,1.0,1.0,-0.0,0.0,1.0,severe_corridor_observation_concentration,True,False,False,2.0,2.0,1.0,0.0,1.0,0.0,True,False,"insufficient_minimum_mappable_segments,minimum_unique_probes,minimum_unique_probe_asns","minimum_mappable_segments,minimum_unique_probes,minimum_unique_probe_asns",probe_country_service
GH,E-Root,resolved_entry_only,,,0.0,0.0,0.0,,,,,,,,unknown_corridor_observation_concentration,False,False,False,0.0,0.0,,,,,False,False,insufficient_no_inter_region_projection_segments,"minimum_mappable_segments,minimum_unique_probes,minimum_unique_probe_asns,maximum_country_fallback_share",probe_country_service
GP,E-Root,all_publicly_visible,5013,dns-root_e-root_msm5013_20260701T000000Z_010000Z.json,8.0,8.0,8.0,landing_region_15bd93313ef3::landing_region_7587c579129b,0.1875,0.375,0.5625,1.9486295057386989,0.9370927081530444,7.019061402413293,broad_corridor_observation_distribution,False,False,False,1.0,1.0,1.0,0.75,0.25,0.25,True,False,"insufficient_minimum_mappable_segments,minimum_unique_probes,minimum_unique_probe_asns","minimum_mappable_segments,minimum_unique_probes,minimum_unique_probe_asns",probe_country_service
GP,E-Root,resolved_entry_only,5013,dns-root_e-root_msm5013_20260701T000000Z_010000Z.json,8.0,8.0,8.0,landing_region_15bd93313ef3::landing_region_7587c579129b,0.1875,0.375,0.5625,1.9486295057386989,0.9370927081530444,7.019061402413293,broad_corridor_observation_distribution,False,False,False,1.0,1.0,1.0,0.75,0.25,0.25,True,False,"insufficient_minimum_mappable_segments,minimum_unique_probes,minimum_unique_probe_asns","minimum_mappable_segments,minimum_unique_probes,minimum_unique_probe_asns",probe_country_service
GQ,E-Root,all_publicly_visible,,,0.0,0.0,0.0,,,,,,,,unknown_corridor_observation_concentration,False,False,False,0.0,0.0,,,,,False,False,insufficient_no_inter_region_projection_segments,"minimum_mappable_segments,minimum_unique_probes,minimum_unique_probe_asns,maximum_country_fallback_share",probe_country_service
GQ,E-Root,resolved_entry_only,,,0.0,0.0,0.0,,,,,,,,unknown_corridor_observation_concentration,False,False,False,0.0,0.0,,,,,False,False,insufficient_no_inter_region_projection_segments,"minimum_mappable_segments,minimum_unique_probes,minimum_unique_probe_asns,maximum_country_fallback_share",probe_country_service
GR,E-Root,all_publicly_visible,,,0.0,0.0,0.0,,,,,,,,unknown_corridor_observation_concentration,False,False,False,0.0,0.0,,,,,False,False,insufficient_no_inter_region_projection_segments,"minimum_mappable_segments,minimum_unique_probes,minimum_unique_probe_asns,maximum_country_fallback_share",probe_country_service
GR,E-Root,resolved_entry_only,,,0.0,0.0,0.0,,,,,,,,unknown_corridor_observation_concentration,False,False,False,0.0,0.0,,,,,False,False,insufficient_no_inter_region_projection_segments,"minimum_mappable_segments,minimum_unique_probes,minimum_unique_probe_asns,maximum_country_fallback_share",probe_country_service
GT,E-Root,all_publicly_visible,,,0.0,0.0,0.0,,,,,,,,unknown_corridor_observation_concentration,False,False,False,0.0,0.0,,,,,False,False,insufficient_no_inter_region_projection_segments,"minimum_mappable_segments,minimum_unique_probes,minimum_unique_probe_asns,maximum_country_fallback_share",probe_country_service
GT,E-Root,resolved_entry_only,,,0.0,0.0,0.0,,,,,,,,unknown_corridor_observation_concentration,False,False,False,0.0,0.0,,,,,False,False,insufficient_no_inter_region_projection_segments,"minimum_mappable_segments,minimum_unique_probes,minimum_unique_probe_asns,maximum_country_fallback_share",probe_country_service
GU,E-Root,all_publicly_visible,5013,dns-root_e-root_msm5013_20260701T000000Z_010000Z.json,2.0,2.0,1.0,landing_region_8d528e077d6e::landing_region_df61fea74887,1.0,1.0,1.0,-0.0,0.0,1.0,severe_corridor_observation_concentration,True,False,False,1.0,1.0,1.0,1.0,0.0,0.0,True,False,"insufficient_minimum_mappable_segments,minimum_unique_probes,minimum_unique_probe_asns","minimum_mappable_segments,minimum_unique_probes,minimum_unique_probe_asns",probe_country_service
GU,E-Root,resolved_entry_only,,,0.0,0.0,0.0,,,,,,,,unknown_corridor_observation_concentration,False,False,False,0.0,0.0,,,,,False,False,insufficient_no_inter_region_projection_segments,"minimum_mappable_segments,minimum_unique_probes,minimum_unique_probe_asns,maximum_country_fallback_share",probe_country_service
HK,E-Root,all_publicly_visible,5013,dns-root_e-root_msm5013_20260701T000000Z_010000Z.json,17.0,16.999999999999996,4.0,landing_region_6d0b3b188139::landing_region_85e39fb7d29e,0.4117647058823529,0.6078431372549019,0.8039215686274509,1.3237369271946542,0.9548743501526612,3.757436440732922,weak_corridor_observation_concentration,True,False,False,4.0,4.0,1.0,1.0,0.0,0.23529411764705882,True,False,"insufficient_minimum_mappable_segments,minimum_unique_probes","minimum_mappable_segments,minimum_unique_probes",probe_country_service
HK,E-Root,resolved_entry_only,5013,dns-root_e-root_msm5013_20260701T000000Z_010000Z.json,10.0,10.0,3.0,landing_region_5d023e72c246::landing_region_b37879c52c2b,0.3333333333333333,0.6666666666666666,1.0,1.0986122886681096,0.9999999999999998,2.9999999999999996,weak_corridor_observation_concentration,True,False,False,1.0,1.0,1.0,1.0,0.0,0.2,True,False,"insufficient_minimum_mappable_segments,minimum_unique_probes,minimum_unique_probe_asns","minimum_mappable_segments,minimum_unique_probes,minimum_unique_probe_asns",probe_country_service
HN,E-Root,all_publicly_visible,5013,dns-root_e-root_msm5013_20260701T000000Z_010000Z.json,9.0,9.0,1.0,landing_region_620bdff3a2d2::landing_region_bd03623e84bf,1.0,1.0,1.0,-0.0,0.0,1.0,severe_corridor_observation_concentration,True,False,False,6.0,5.0,1.0,0.0,1.0,0.0,True,False,"insufficient_minimum_mappable_segments,minimum_unique_probes","minimum_mappable_segments,minimum_unique_probes",probe_country_service
HN,E-Root,resolved_entry_only,,,0.0,0.0,0.0,,,,,,,,unknown_corridor_observation_concentration,False,False,False,0.0,0.0,,,,,False,False,insufficient_no_inter_region_projection_segments,"minimum_mappable_segments,minimum_unique_probes,minimum_unique_probe_asns,maximum_country_fallback_share",probe_country_service
HR,E-Root,all_publicly_visible,,,0.0,0.0,0.0,,,,,,,,unknown_corridor_observation_concentration,False,False,False,0.0,0.0,,,,,False,False,insufficient_no_inter_region_projection_segments,"minimum_mappable_segments,minimum_unique_probes,minimum_unique_probe_asns,maximum_country_fallback_share",probe_country_service
HR,E-Root,resolved_entry_only,,,0.0,0.0,0.0,,,,,,,,unknown_corridor_observation_concentration,False,False,False,0.0,0.0,,,,,False,False,insufficient_no_inter_region_projection_segments,"minimum_mappable_segments,minimum_unique_probes,minimum_unique_probe_asns,maximum_country_fallback_share",probe_country_service
HT,E-Root,all_publicly_visible,,,0.0,0.0,0.0,,,,,,,,unknown_corridor_observation_concentration,False,False,False,0.0,0.0,,,,,False,False,insufficient_no_inter_region_projection_segments,"minimum_mappable_segments,minimum_unique_probes,minimum_unique_probe_asns,maximum_country_fallback_share",probe_country_service
HT,E-Root,resolved_entry_only,,,0.0,0.0,0.0,,,,,,,,unknown_corridor_observation_concentration,False,False,False,0.0,0.0,,,,,False,False,insufficient_no_inter_region_projection_segments,"minimum_mappable_segments,minimum_unique_probes,minimum_unique_probe_asns,maximum_country_fallback_share",probe_country_service
HU,E-Root,all_publicly_visible,,,0.0,0.0,0.0,,,,,,,,unknown_corridor_observation_concentration,False,False,False,0.0,0.0,,,,,False,False,insufficient_no_inter_region_projection_segments,"minimum_mappable_segments,minimum_unique_probes,minimum_unique_probe_asns,maximum_country_fallback_share",probe_country_service
HU,E-Root,resolved_entry_only,,,0.0,0.0,0.0,,,,,,,,unknown_corridor_observation_concentration,False,False,False,0.0,0.0,,,,,False,False,insufficient_no_inter_region_projection_segments,"minimum_mappable_segments,minimum_unique_probes,minimum_unique_probe_asns,maximum_country_fallback_share",probe_country_service
ID,E-Root,all_publicly_visible,5013,dns-root_e-root_msm5013_20260701T000000Z_010000Z.json,382.0,382.0,16.0,landing_region_5a1e27deaea1::landing_region_ae1b031adf3a,0.9057591623036649,0.9267015706806283,0.9450261780104712,0.527035149684822,0.19008774920611632,1.693902688347837,severe_corridor_observation_concentration,True,True,True,80.0,57.0,1.0,0.9790575916230366,0.02094240837696335,0.337696335078534,False,False,insufficient_maximum_country_fallback_share,maximum_country_fallback_share,probe_country_service
ID,E-Root,resolved_entry_only,5013,dns-root_e-root_msm5013_20260701T000000Z_010000Z.json,118.0,117.99999999999999,7.0,landing_region_5a1e27deaea1::landing_region_ae1b031adf3a,0.8813559322033898,0.9152542372881356,0.9491525423728814,0.5618369036979621,0.288727053492536,1.7538912724679991,severe_corridor_observation_concentration,True,True,True,28.0,22.0,1.0,0.9661016949152542,0.03389830508474577,0.3813559322033898,False,False,insufficient_maximum_country_fallback_share,maximum_country_fallback_share,probe_country_service
IE,E-Root,all_publicly_visible,,,0.0,0.0,0.0,,,,,,,,unknown_corridor_observation_concentration,False,False,False,0.0,0.0,,,,,False,False,insufficient_no_inter_region_projection_segments,"minimum_mappable_segments,minimum_unique_probes,minimum_unique_probe_asns,maximum_country_fallback_share",probe_country_service
IE,E-Root,resolved_entry_only,,,0.0,0.0,0.0,,,,,,,,unknown_corridor_observation_concentration,False,False,False,0.0,0.0,,,,,False,False,insufficient_no_inter_region_projection_segments,"minimum_mappable_segments,minimum_unique_probes,minimum_unique_probe_asns,maximum_country_fallback_share",probe_country_service
IL,E-Root,all_publicly_visible,5013,dns-root_e-root_msm5013_20260701T000000Z_010000Z.json,160.0,160.0,8.0,landing_region_192d23342e5f::landing_region_cc314324bd60,0.721875,0.7937500000000001,0.8562500000000001,1.081146348320639,0.5199214917324659,2.948057115086254,weak_corridor_observation_concentration,True,True,True,31.0,11.0,1.0,1.0,0.0,0.125,True,True,auditable,,probe_country_service
IL,E-Root,resolved_entry_only,5013,dns-root_e-root_msm5013_20260701T000000Z_010000Z.json,68.0,68.0,5.0,landing_region_192d23342e5f::landing_region_cc314324bd60,0.8970588235294118,0.9313725490196079,0.9558823529411765,0.4720567900099625,0.2933053747292605,1.603288431907257,severe_corridor_observation_concentration,True,True,True,11.0,6.0,1.0,1.0,0.0,0.29411764705882354,True,True,auditable,,probe_country_service
IM,E-Root,all_publicly_visible,,,0.0,0.0,0.0,,,,,,,,unknown_corridor_observation_concentration,False,False,False,0.0,0.0,,,,,False,False,insufficient_no_inter_region_projection_segments,"minimum_mappable_segments,minimum_unique_probes,minimum_unique_probe_asns,maximum_country_fallback_share",probe_country_service
IM,E-Root,resolved_entry_only,,,0.0,0.0,0.0,,,,,,,,unknown_corridor_observation_concentration,False,False,False,0.0,0.0,,,,,False,False,insufficient_no_inter_region_projection_segments,"minimum_mappable_segments,minimum_unique_probes,minimum_unique_probe_asns,maximum_country_fallback_share",probe_country_service
IN,E-Root,all_publicly_visible,5013,dns-root_e-root_msm5013_20260701T000000Z_010000Z.json,5.0,5.0,1.0,landing_region_0074f164da96::landing_region_32509493c7f4,1.0,1.0,1.0,-0.0,0.0,1.0,severe_corridor_observation_concentration,True,False,False,4.0,3.0,1.0,1.0,0.0,1.0,False,False,"insufficient_minimum_mappable_segments,minimum_unique_probes,maximum_country_fallback_share","minimum_mappable_segments,minimum_unique_probes,maximum_country_fallback_share",probe_country_service
IN,E-Root,resolved_entry_only,,,0.0,0.0,0.0,,,,,,,,unknown_corridor_observation_concentration,False,False,False,0.0,0.0,,,,,False,False,insufficient_no_inter_region_projection_segments,"minimum_mappable_segments,minimum_unique_probes,minimum_unique_probe_asns,maximum_country_fallback_share",probe_country_service
IQ,E-Root,all_publicly_visible,,,0.0,0.0,0.0,,,,,,,,unknown_corridor_observation_concentration,False,False,False,0.0,0.0,,,,,False,False,insufficient_no_inter_region_projection_segments,"minimum_mappable_segments,minimum_unique_probes,minimum_unique_probe_asns,maximum_country_fallback_share",probe_country_service
IQ,E-Root,resolved_entry_only,,,0.0,0.0,0.0,,,,,,,,unknown_corridor_observation_concentration,False,False,False,0.0,0.0,,,,,False,False,insufficient_no_inter_region_projection_segments,"minimum_mappable_segments,minimum_unique_probes,minimum_unique_probe_asns,maximum_country_fallback_share",probe_country_service
IR,E-Root,all_publicly_visible,,,0.0,0.0,0.0,,,,,,,,unknown_corridor_observation_concentration,False,False,False,0.0,0.0,,,,,False,False,insufficient_no_inter_region_projection_segments,"minimum_mappable_segments,minimum_unique_probes,minimum_unique_probe_asns,maximum_country_fallback_share",probe_country_service
IR,E-Root,resolved_entry_only,,,0.0,0.0,0.0,,,,,,,,unknown_corridor_observation_concentration,False,False,False,0.0,0.0,,,,,False,False,insufficient_no_inter_region_projection_segments,"minimum_mappable_segments,minimum_unique_probes,minimum_unique_probe_asns,maximum_country_fallback_share",probe_country_service
IS,E-Root,all_publicly_visible,,,0.0,0.0,0.0,,,,,,,,unknown_corridor_observation_concentration,False,False,False,0.0,0.0,,,,,False,False,insufficient_no_inter_region_projection_segments,"minimum_mappable_segments,minimum_unique_probes,minimum_unique_probe_asns,maximum_country_fallback_share",probe_country_service
IS,E-Root,resolved_entry_only,,,0.0,0.0,0.0,,,,,,,,unknown_corridor_observation_concentration,False,False,False,0.0,0.0,,,,,False,False,insufficient_no_inter_region_projection_segments,"minimum_mappable_segments,minimum_unique_probes,minimum_unique_probe_asns,maximum_country_fallback_share",probe_country_service
IT,E-Root,all_publicly_visible,5013,dns-root_e-root_msm5013_20260701T000000Z_010000Z.json,2.0,2.0,1.0,landing_region_1d5c9bdda1cc::landing_region_ea98b74befe5,1.0,1.0,1.0,-0.0,0.0,1.0,severe_corridor_observation_concentration,True,False,False,1.0,1.0,1.0,1.0,0.0,0.0,True,False,"insufficient_minimum_mappable_segments,minimum_unique_probes,minimum_unique_probe_asns","minimum_mappable_segments,minimum_unique_probes,minimum_unique_probe_asns",probe_country_service
IT,E-Root,resolved_entry_only,,,0.0,0.0,0.0,,,,,,,,unknown_corridor_observation_concentration,False,False,False,0.0,0.0,,,,,False,False,insufficient_no_inter_region_projection_segments,"minimum_mappable_segments,minimum_unique_probes,minimum_unique_probe_asns,maximum_country_fallback_share",probe_country_service
JM,E-Root,all_publicly_visible,5013,dns-root_e-root_msm5013_20260701T000000Z_010000Z.json,12.0,12.0,2.0,landing_region_68c87c6fa47f::landing_region_bb71ecf60691,0.8333333333333334,1.0,1.0,0.45056120886630463,0.6500224216483541,1.5691925832141966,severe_corridor_observation_concentration,True,False,False,4.0,2.0,1.0,1.0,0.0,0.0,True,False,"insufficient_minimum_mappable_segments,minimum_unique_probes,minimum_unique_probe_asns","minimum_mappable_segments,minimum_unique_probes,minimum_unique_probe_asns",probe_country_service
JM,E-Root,resolved_entry_only,,,0.0,0.0,0.0,,,,,,,,unknown_corridor_observation_concentration,False,False,False,0.0,0.0,,,,,False,False,insufficient_no_inter_region_projection_segments,"minimum_mappable_segments,minimum_unique_probes,minimum_unique_probe_asns,maximum_country_fallback_share",probe_country_service
JO,E-Root,all_publicly_visible,,,0.0,0.0,0.0,,,,,,,,unknown_corridor_observation_concentration,False,False,False,0.0,0.0,,,,,False,False,insufficient_no_inter_region_projection_segments,"minimum_mappable_segments,minimum_unique_probes,minimum_unique_probe_asns,maximum_country_fallback_share",probe_country_service
JO,E-Root,resolved_entry_only,,,0.0,0.0,0.0,,,,,,,,unknown_corridor_observation_concentration,False,False,False,0.0,0.0,,,,,False,False,insufficient_no_inter_region_projection_segments,"minimum_mappable_segments,minimum_unique_probes,minimum_unique_probe_asns,maximum_country_fallback_share",probe_country_service
JP,E-Root,all_publicly_visible,5013,dns-root_e-root_msm5013_20260701T000000Z_010000Z.json,14.0,13.999999999999998,7.0,landing_region_6ee5239e409c::landing_region_87b575b90c68,0.2380952380952381,0.4761904761904762,0.7142857142857143,1.7379793161750499,0.8931446896552709,5.685842516733253,broad_corridor_observation_distribution,False,False,False,3.0,3.0,1.0,0.8571428571428571,0.14285714285714288,0.14285714285714285,True,False,"insufficient_minimum_mappable_segments,minimum_unique_probes","minimum_mappable_segments,minimum_unique_probes",probe_country_service
JP,E-Root,resolved_entry_only,5013,dns-root_e-root_msm5013_20260701T000000Z_010000Z.json,4.0,3.9999999999999996,4.0,landing_region_76da986d22a9::landing_region_85e39fb7d29e,0.5,0.6666666666666666,0.8333333333333333,1.2424533248940002,0.8962406251802891,3.464101615137755,weak_corridor_observation_concentration,True,False,False,2.0,2.0,1.0,0.5000000000000001,0.5000000000000001,0.5,False,False,"insufficient_minimum_mappable_segments,minimum_unique_probes,minimum_unique_probe_asns,maximum_country_fallback_share","minimum_mappable_segments,minimum_unique_probes,minimum_unique_probe_asns,maximum_country_fallback_share",probe_country_service
KE,E-Root,all_publicly_visible,5013,dns-root_e-root_msm5013_20260701T000000Z_010000Z.json,4.0,4.0,1.0,landing_region_5524694c9ae5::landing_region_57424b247075,1.0,1.0,1.0,-0.0,0.0,1.0,severe_corridor_observation_concentration,True,False,False,2.0,1.0,1.0,0.0,1.0,0.0,True,False,"insufficient_minimum_mappable_segments,minimum_unique_probes,minimum_unique_probe_asns","minimum_mappable_segments,minimum_unique_probes,minimum_unique_probe_asns",probe_country_service
KE,E-Root,resolved_entry_only,5013,dns-root_e-root_msm5013_20260701T000000Z_010000Z.json,4.0,4.0,1.0,landing_region_5524694c9ae5::landing_region_57424b247075,1.0,1.0,1.0,-0.0,0.0,1.0,severe_corridor_observation_concentration,True,False,False,2.0,1.0,1.0,0.0,1.0,0.0,True,False,"insufficient_minimum_mappable_segments,minimum_unique_probes,minimum_unique_probe_asns","minimum_mappable_segments,minimum_unique_probes,minimum_unique_probe_asns",probe_country_service
KG,E-Root,all_publicly_visible,,,0.0,0.0,0.0,,,,,,,,unknown_corridor_observation_concentration,False,False,False,0.0,0.0,,,,,False,False,insufficient_no_inter_region_projection_segments,"minimum_mappable_segments,minimum_unique_probes,minimum_unique_probe_asns,maximum_country_fallback_share",probe_country_service
KG,E-Root,resolved_entry_only,,,0.0,0.0,0.0,,,,,,,,unknown_corridor_observation_concentration,False,False,False,0.0,0.0,,,,,False,False,insufficient_no_inter_region_projection_segments,"minimum_mappable_segments,minimum_unique_probes,minimum_unique_probe_asns,maximum_country_fallback_share",probe_country_service
KH,E-Root,all_publicly_visible,,,0.0,0.0,0.0,,,,,,,,unknown_corridor_observation_concentration,False,False,False,0.0,0.0,,,,,False,False,insufficient_no_inter_region_projection_segments,"minimum_mappable_segments,minimum_unique_probes,minimum_unique_probe_asns,maximum_country_fallback_share",probe_country_service
KH,E-Root,resolved_entry_only,,,0.0,0.0,0.0,,,,,,,,unknown_corridor_observation_concentration,False,False,False,0.0,0.0,,,,,False,False,insufficient_no_inter_region_projection_segments,"minimum_mappable_segments,minimum_unique_probes,minimum_unique_probe_asns,maximum_country_fallback_share",probe_country_service
KI,E-Root,all_publicly_visible,,,0.0,0.0,0.0,,,,,,,,unknown_corridor_observation_concentration,False,False,False,0.0,0.0,,,,,False,False,insufficient_no_inter_region_projection_segments,"minimum_mappable_segments,minimum_unique_probes,minimum_unique_probe_asns,maximum_country_fallback_share",probe_country_service
KI,E-Root,resolved_entry_only,,,0.0,0.0,0.0,,,,,,,,unknown_corridor_observation_concentration,False,False,False,0.0,0.0,,,,,False,False,insufficient_no_inter_region_projection_segments,"minimum_mappable_segments,minimum_unique_probes,minimum_unique_probe_asns,maximum_country_fallback_share",probe_country_service
KN,E-Root,all_publicly_visible,5013,dns-root_e-root_msm5013_20260701T000000Z_010000Z.json,2.0,2.0,1.0,landing_region_04a5b4bc2547::landing_region_32bca37bf53d,1.0,1.0,1.0,-0.0,0.0,1.0,severe_corridor_observation_concentration,True,False,False,1.0,1.0,1.0,1.0,0.0,0.0,True,False,"insufficient_minimum_mappable_segments,minimum_unique_probes,minimum_unique_probe_asns","minimum_mappable_segments,minimum_unique_probes,minimum_unique_probe_asns",probe_country_service
KN,E-Root,resolved_entry_only,,,0.0,0.0,0.0,,,,,,,,unknown_corridor_observation_concentration,False,False,False,0.0,0.0,,,,,False,False,insufficient_no_inter_region_projection_segments,"minimum_mappable_segments,minimum_unique_probes,minimum_unique_probe_asns,maximum_country_fallback_share",probe_country_service
KR,E-Root,all_publicly_visible,,,0.0,0.0,0.0,,,,,,,,unknown_corridor_observation_concentration,False,False,False,0.0,0.0,,,,,False,False,insufficient_no_inter_region_projection_segments,"minimum_mappable_segments,minimum_unique_probes,minimum_unique_probe_asns,maximum_country_fallback_share",probe_country_service
KR,E-Root,resolved_entry_only,,,0.0,0.0,0.0,,,,,,,,unknown_corridor_observation_concentration,False,False,False,0.0,0.0,,,,,False,False,insufficient_no_inter_region_projection_segments,"minimum_mappable_segments,minimum_unique_probes,minimum_unique_probe_asns,maximum_country_fallback_share",probe_country_service
KW,E-Root,all_publicly_visible,,,0.0,0.0,0.0,,,,,,,,unknown_corridor_observation_concentration,False,False,False,0.0,0.0,,,,,False,False,insufficient_no_inter_region_projection_segments,"minimum_mappable_segments,minimum_unique_probes,minimum_unique_probe_asns,maximum_country_fallback_share",probe_country_service
KW,E-Root,resolved_entry_only,,,0.0,0.0,0.0,,,,,,,,unknown_corridor_observation_concentration,False,False,False,0.0,0.0,,,,,False,False,insufficient_no_inter_region_projection_segments,"minimum_mappable_segments,minimum_unique_probes,minimum_unique_probe_asns,maximum_country_fallback_share",probe_country_service
KY,E-Root,all_publicly_visible,5013,dns-root_e-root_msm5013_20260701T000000Z_010000Z.json,2.0,2.0,1.0,landing_region_6a990cca53f4::landing_region_bd03623e84bf,1.0,1.0,1.0,-0.0,0.0,1.0,severe_corridor_observation_concentration,True,False,False,1.0,1.0,1.0,0.0,1.0,0.0,True,False,"insufficient_minimum_mappable_segments,minimum_unique_probes,minimum_unique_probe_asns","minimum_mappable_segments,minimum_unique_probes,minimum_unique_probe_asns",probe_country_service
KY,E-Root,resolved_entry_only,,,0.0,0.0,0.0,,,,,,,,unknown_corridor_observation_concentration,False,False,False,0.0,0.0,,,,,False,False,insufficient_no_inter_region_projection_segments,"minimum_mappable_segments,minimum_unique_probes,minimum_unique_probe_asns,maximum_country_fallback_share",probe_country_service
KZ,E-Root,all_publicly_visible,,,0.0,0.0,0.0,,,,,,,,unknown_corridor_observation_concentration,False,False,False,0.0,0.0,,,,,False,False,insufficient_no_inter_region_projection_segments,"minimum_mappable_segments,minimum_unique_probes,minimum_unique_probe_asns,maximum_country_fallback_share",probe_country_service
KZ,E-Root,resolved_entry_only,,,0.0,0.0,0.0,,,,,,,,unknown_corridor_observation_concentration,False,False,False,0.0,0.0,,,,,False,False,insufficient_no_inter_region_projection_segments,"minimum_mappable_segments,minimum_unique_probes,minimum_unique_probe_asns,maximum_country_fallback_share",probe_country_service
LA,E-Root,all_publicly_visible,,,0.0,0.0,0.0,,,,,,,,unknown_corridor_observation_concentration,False,False,False,0.0,0.0,,,,,False,False,insufficient_no_inter_region_projection_segments,"minimum_mappable_segments,minimum_unique_probes,minimum_unique_probe_asns,maximum_country_fallback_share",probe_country_service
LA,E-Root,resolved_entry_only,,,0.0,0.0,0.0,,,,,,,,unknown_corridor_observation_concentration,False,False,False,0.0,0.0,,,,,False,False,insufficient_no_inter_region_projection_segments,"minimum_mappable_segments,minimum_unique_probes,minimum_unique_probe_asns,maximum_country_fallback_share",probe_country_service
LB,E-Root,all_publicly_visible,,,0.0,0.0,0.0,,,,,,,,unknown_corridor_observation_concentration,False,False,False,0.0,0.0,,,,,False,False,insufficient_no_inter_region_projection_segments,"minimum_mappable_segments,minimum_unique_probes,minimum_unique_probe_asns,maximum_country_fallback_share",probe_country_service
LB,E-Root,resolved_entry_only,,,0.0,0.0,0.0,,,,,,,,unknown_corridor_observation_concentration,False,False,False,0.0,0.0,,,,,False,False,insufficient_no_inter_region_projection_segments,"minimum_mappable_segments,minimum_unique_probes,minimum_unique_probe_asns,maximum_country_fallback_share",probe_country_service
LC,E-Root,all_publicly_visible,5013,dns-root_e-root_msm5013_20260701T000000Z_010000Z.json,3.0,3.0,1.0,landing_region_32bca37bf53d::landing_region_c92fc361db9a,1.0,1.0,1.0,-0.0,0.0,1.0,severe_corridor_observation_concentration,True,False,False,2.0,1.0,1.0,0.0,1.0,0.0,True,False,"insufficient_minimum_mappable_segments,minimum_unique_probes,minimum_unique_probe_asns","minimum_mappable_segments,minimum_unique_probes,minimum_unique_probe_asns",probe_country_service
LC,E-Root,resolved_entry_only,,,0.0,0.0,0.0,,,,,,,,unknown_corridor_observation_concentration,False,False,False,0.0,0.0,,,,,False,False,insufficient_no_inter_region_projection_segments,"minimum_mappable_segments,minimum_unique_probes,minimum_unique_probe_asns,maximum_country_fallback_share",probe_country_service
LI,E-Root,all_publicly_visible,,,0.0,0.0,0.0,,,,,,,,unknown_corridor_observation_concentration,False,False,False,0.0,0.0,,,,,False,False,insufficient_no_inter_region_projection_segments,"minimum_mappable_segments,minimum_unique_probes,minimum_unique_probe_asns,maximum_country_fallback_share",probe_country_service
LI,E-Root,resolved_entry_only,,,0.0,0.0,0.0,,,,,,,,unknown_corridor_observation_concentration,False,False,False,0.0,0.0,,,,,False,False,insufficient_no_inter_region_projection_segments,"minimum_mappable_segments,minimum_unique_probes,minimum_unique_probe_asns,maximum_country_fallback_share",probe_country_service
LK,E-Root,all_publicly_visible,5013,dns-root_e-root_msm5013_20260701T000000Z_010000Z.json,11.0,10.999999999999998,4.0,landing_region_465d1b4e7da4::landing_region_af2b1cb46785,0.2727272727272727,0.5151515151515151,0.7575757575757576,1.3849433736985395,0.9990254685734568,3.994599699005324,weak_corridor_observation_concentration,True,False,False,2.0,2.0,1.0,0.7272727272727274,0.27272727272727276,0.7272727272727273,False,False,"insufficient_minimum_mappable_segments,minimum_unique_probes,minimum_unique_probe_asns,maximum_country_fallback_share","minimum_mappable_segments,minimum_unique_probes,minimum_unique_probe_asns,maximum_country_fallback_share",probe_country_service
LK,E-Root,resolved_entry_only,,,0.0,0.0,0.0,,,,,,,,unknown_corridor_observation_concentration,False,False,False,0.0,0.0,,,,,False,False,insufficient_no_inter_region_projection_segments,"minimum_mappable_segments,minimum_unique_probes,minimum_unique_probe_asns,maximum_country_fallback_share",probe_country_service
LR,E-Root,all_publicly_visible,,,0.0,0.0,0.0,,,,,,,,unknown_corridor_observation_concentration,False,False,False,0.0,0.0,,,,,False,False,insufficient_no_inter_region_projection_segments,"minimum_mappable_segments,minimum_unique_probes,minimum_unique_probe_asns,maximum_country_fallback_share",probe_country_service
LR,E-Root,resolved_entry_only,,,0.0,0.0,0.0,,,,,,,,unknown_corridor_observation_concentration,False,False,False,0.0,0.0,,,,,False,False,insufficient_no_inter_region_projection_segments,"minimum_mappable_segments,minimum_unique_probes,minimum_unique_probe_asns,maximum_country_fallback_share",probe_country_service
LS,E-Root,all_publicly_visible,,,0.0,0.0,0.0,,,,,,,,unknown_corridor_observation_concentration,False,False,False,0.0,0.0,,,,,False,False,insufficient_no_inter_region_projection_segments,"minimum_mappable_segments,minimum_unique_probes,minimum_unique_probe_asns,maximum_country_fallback_share",probe_country_service
LS,E-Root,resolved_entry_only,,,0.0,0.0,0.0,,,,,,,,unknown_corridor_observation_concentration,False,False,False,0.0,0.0,,,,,False,False,insufficient_no_inter_region_projection_segments,"minimum_mappable_segments,minimum_unique_probes,minimum_unique_probe_asns,maximum_country_fallback_share",probe_country_service
LT,E-Root,all_publicly_visible,5013,dns-root_e-root_msm5013_20260701T000000Z_010000Z.json,2.0,2.0,2.0,landing_region_3c99e4792a25::landing_region_5631d1801aee,0.5,1.0,1.0,0.6931471805599453,1.0,2.0,moderate_corridor_observation_concentration,True,False,False,1.0,1.0,1.0,0.0,1.0,0.0,True,False,"insufficient_minimum_mappable_segments,minimum_unique_probes,minimum_unique_probe_asns","minimum_mappable_segments,minimum_unique_probes,minimum_unique_probe_asns",probe_country_service
LT,E-Root,resolved_entry_only,5013,dns-root_e-root_msm5013_20260701T000000Z_010000Z.json,2.0,2.0,2.0,landing_region_3c99e4792a25::landing_region_5631d1801aee,0.5,1.0,1.0,0.6931471805599453,1.0,2.0,moderate_corridor_observation_concentration,True,False,False,1.0,1.0,1.0,0.0,1.0,0.0,True,False,"insufficient_minimum_mappable_segments,minimum_unique_probes,minimum_unique_probe_asns","minimum_mappable_segments,minimum_unique_probes,minimum_unique_probe_asns",probe_country_service
LU,E-Root,all_publicly_visible,,,0.0,0.0,0.0,,,,,,,,unknown_corridor_observation_concentration,False,False,False,0.0,0.0,,,,,False,False,insufficient_no_inter_region_projection_segments,"minimum_mappable_segments,minimum_unique_probes,minimum_unique_probe_asns,maximum_country_fallback_share",probe_country_service
LU,E-Root,resolved_entry_only,,,0.0,0.0,0.0,,,,,,,,unknown_corridor_observation_concentration,False,False,False,0.0,0.0,,,,,False,False,insufficient_no_inter_region_projection_segments,"minimum_mappable_segments,minimum_unique_probes,minimum_unique_probe_asns,maximum_country_fallback_share",probe_country_service
LV,E-Root,all_publicly_visible,,,0.0,0.0,0.0,,,,,,,,unknown_corridor_observation_concentration,False,False,False,0.0,0.0,,,,,False,False,insufficient_no_inter_region_projection_segments,"minimum_mappable_segments,minimum_unique_probes,minimum_unique_probe_asns,maximum_country_fallback_share",probe_country_service
LV,E-Root,resolved_entry_only,,,0.0,0.0,0.0,,,,,,,,unknown_corridor_observation_concentration,False,False,False,0.0,0.0,,,,,False,False,insufficient_no_inter_region_projection_segments,"minimum_mappable_segments,minimum_unique_probes,minimum_unique_probe_asns,maximum_country_fallback_share",probe_country_service
MA,E-Root,all_publicly_visible,,,0.0,0.0,0.0,,,,,,,,unknown_corridor_observation_concentration,False,False,False,0.0,0.0,,,,,False,False,insufficient_no_inter_region_projection_segments,"minimum_mappable_segments,minimum_unique_probes,minimum_unique_probe_asns,maximum_country_fallback_share",probe_country_service
MA,E-Root,resolved_entry_only,,,0.0,0.0,0.0,,,,,,,,unknown_corridor_observation_concentration,False,False,False,0.0,0.0,,,,,False,False,insufficient_no_inter_region_projection_segments,"minimum_mappable_segments,minimum_unique_probes,minimum_unique_probe_asns,maximum_country_fallback_share",probe_country_service
MD,E-Root,all_publicly_visible,,,0.0,0.0,0.0,,,,,,,,unknown_corridor_observation_concentration,False,False,False,0.0,0.0,,,,,False,False,insufficient_no_inter_region_projection_segments,"minimum_mappable_segments,minimum_unique_probes,minimum_unique_probe_asns,maximum_country_fallback_share",probe_country_service
MD,E-Root,resolved_entry_only,,,0.0,0.0,0.0,,,,,,,,unknown_corridor_observation_concentration,False,False,False,0.0,0.0,,,,,False,False,insufficient_no_inter_region_projection_segments,"minimum_mappable_segments,minimum_unique_probes,minimum_unique_probe_asns,maximum_country_fallback_share",probe_country_service
ME,E-Root,all_publicly_visible,,,0.0,0.0,0.0,,,,,,,,unknown_corridor_observation_concentration,False,False,False,0.0,0.0,,,,,False,False,insufficient_no_inter_region_projection_segments,"minimum_mappable_segments,minimum_unique_probes,minimum_unique_probe_asns,maximum_country_fallback_share",probe_country_service
ME,E-Root,resolved_entry_only,,,0.0,0.0,0.0,,,,,,,,unknown_corridor_observation_concentration,False,False,False,0.0,0.0,,,,,False,False,insufficient_no_inter_region_projection_segments,"minimum_mappable_segments,minimum_unique_probes,minimum_unique_probe_asns,maximum_country_fallback_share",probe_country_service
MG,E-Root,all_publicly_visible,,,0.0,0.0,0.0,,,,,,,,unknown_corridor_observation_concentration,False,False,False,0.0,0.0,,,,,False,False,insufficient_no_inter_region_projection_segments,"minimum_mappable_segments,minimum_unique_probes,minimum_unique_probe_asns,maximum_country_fallback_share",probe_country_service
MG,E-Root,resolved_entry_only,,,0.0,0.0,0.0,,,,,,,,unknown_corridor_observation_concentration,False,False,False,0.0,0.0,,,,,False,False,insufficient_no_inter_region_projection_segments,"minimum_mappable_segments,minimum_unique_probes,minimum_unique_probe_asns,maximum_country_fallback_share",probe_country_service
MH,E-Root,all_publicly_visible,,,0.0,0.0,0.0,,,,,,,,unknown_corridor_observation_concentration,False,False,False,0.0,0.0,,,,,False,False,insufficient_no_inter_region_projection_segments,"minimum_mappable_segments,minimum_unique_probes,minimum_unique_probe_asns,maximum_country_fallback_share",probe_country_service
MH,E-Root,resolved_entry_only,,,0.0,0.0,0.0,,,,,,,,unknown_corridor_observation_concentration,False,False,False,0.0,0.0,,,,,False,False,insufficient_no_inter_region_projection_segments,"minimum_mappable_segments,minimum_unique_probes,minimum_unique_probe_asns,maximum_country_fallback_share",probe_country_service
MK,E-Root,all_publicly_visible,,,0.0,0.0,0.0,,,,,,,,unknown_corridor_observation_concentration,False,False,False,0.0,0.0,,,,,False,False,insufficient_no_inter_region_projection_segments,"minimum_mappable_segments,minimum_unique_probes,minimum_unique_probe_asns,maximum_country_fallback_share",probe_country_service
MK,E-Root,resolved_entry_only,,,0.0,0.0,0.0,,,,,,,,unknown_corridor_observation_concentration,False,False,False,0.0,0.0,,,,,False,False,insufficient_no_inter_region_projection_segments,"minimum_mappable_segments,minimum_unique_probes,minimum_unique_probe_asns,maximum_country_fallback_share",probe_country_service
ML,E-Root,all_publicly_visible,5013,dns-root_e-root_msm5013_20260701T000000Z_010000Z.json,12.0,12.0,3.0,landing_region_343850da3642::landing_region_f7627feb3284,0.8333333333333334,0.9166666666666667,1.0,0.5660857389596289,0.5152734452350943,1.7613591211464834,severe_corridor_observation_concentration,True,False,False,1.0,1.0,1.0,0.8333333333333334,0.16666666666666666,0.0,True,False,"insufficient_minimum_mappable_segments,minimum_unique_probes,minimum_unique_probe_asns","minimum_mappable_segments,minimum_unique_probes,minimum_unique_probe_asns",probe_country_service
ML,E-Root,resolved_entry_only,,,0.0,0.0,0.0,,,,,,,,unknown_corridor_observation_concentration,False,False,False,0.0,0.0,,,,,False,False,insufficient_no_inter_region_projection_segments,"minimum_mappable_segments,minimum_unique_probes,minimum_unique_probe_asns,maximum_country_fallback_share",probe_country_service
MM,E-Root,all_publicly_visible,5013,dns-root_e-root_msm5013_20260701T000000Z_010000Z.json,6.0,5.999999999999999,4.0,landing_region_a314ea9d2330::landing_region_af2b1cb46785,0.3333333333333333,0.5555555555555556,0.7777777777777777,1.3689223607402192,0.9874687506009635,3.9311120913133446,weak_corridor_observation_concentration,True,False,False,2.0,2.0,1.0,0.6666666666666667,0.33333333333333337,0.6666666666666666,False,False,"insufficient_minimum_mappable_segments,minimum_unique_probes,minimum_unique_probe_asns,maximum_country_fallback_share","minimum_mappable_segments,minimum_unique_probes,minimum_unique_probe_asns,maximum_country_fallback_share",probe_country_service
MM,E-Root,resolved_entry_only,5013,dns-root_e-root_msm5013_20260701T000000Z_010000Z.json,6.0,5.999999999999999,4.0,landing_region_a314ea9d2330::landing_region_af2b1cb46785,0.3333333333333333,0.5555555555555556,0.7777777777777777,1.3689223607402192,0.9874687506009635,3.9311120913133446,weak_corridor_observation_concentration,True,False,False,2.0,2.0,1.0,0.6666666666666667,0.33333333333333337,0.6666666666666666,False,False,"insufficient_minimum_mappable_segments,minimum_unique_probes,minimum_unique_probe_asns,maximum_country_fallback_share","minimum_mappable_segments,minimum_unique_probes,minimum_unique_probe_asns,maximum_country_fallback_share",probe_country_service
MN,E-Root,all_publicly_visible,,,0.0,0.0,0.0,,,,,,,,unknown_corridor_observation_concentration,False,False,False,0.0,0.0,,,,,False,False,insufficient_no_inter_region_projection_segments,"minimum_mappable_segments,minimum_unique_probes,minimum_unique_probe_asns,maximum_country_fallback_share",probe_country_service
MN,E-Root,resolved_entry_only,,,0.0,0.0,0.0,,,,,,,,unknown_corridor_observation_concentration,False,False,False,0.0,0.0,,,,,False,False,insufficient_no_inter_region_projection_segments,"minimum_mappable_segments,minimum_unique_probes,minimum_unique_probe_asns,maximum_country_fallback_share",probe_country_service
MP,E-Root,all_publicly_visible,5013,dns-root_e-root_msm5013_20260701T000000Z_010000Z.json,2.0,2.0,1.0,landing_region_3602b9b9f277::landing_region_bc6c664daa8f,1.0,1.0,1.0,-0.0,0.0,1.0,severe_corridor_observation_concentration,True,False,False,1.0,1.0,1.0,0.0,1.0,0.0,True,False,"insufficient_minimum_mappable_segments,minimum_unique_probes,minimum_unique_probe_asns","minimum_mappable_segments,minimum_unique_probes,minimum_unique_probe_asns",probe_country_service
MP,E-Root,resolved_entry_only,,,0.0,0.0,0.0,,,,,,,,unknown_corridor_observation_concentration,False,False,False,0.0,0.0,,,,,False,False,insufficient_no_inter_region_projection_segments,"minimum_mappable_segments,minimum_unique_probes,minimum_unique_probe_asns,maximum_country_fallback_share",probe_country_service
MT,E-Root,all_publicly_visible,5013,dns-root_e-root_msm5013_20260701T000000Z_010000Z.json,4.0,4.0,1.0,landing_region_08ea81d123b5::landing_region_9e3a5ff856b9,1.0,1.0,1.0,-0.0,0.0,1.0,severe_corridor_observation_concentration,True,False,False,2.0,2.0,1.0,0.0,1.0,0.0,True,False,"insufficient_minimum_mappable_segments,minimum_unique_probes,minimum_unique_probe_asns","minimum_mappable_segments,minimum_unique_probes,minimum_unique_probe_asns",probe_country_service
MT,E-Root,resolved_entry_only,,,0.0,0.0,0.0,,,,,,,,unknown_corridor_observation_concentration,False,False,False,0.0,0.0,,,,,False,False,insufficient_no_inter_region_projection_segments,"minimum_mappable_segments,minimum_unique_probes,minimum_unique_probe_asns,maximum_country_fallback_share",probe_country_service
MU,E-Root,all_publicly_visible,,,0.0,0.0,0.0,,,,,,,,unknown_corridor_observation_concentration,False,False,False,0.0,0.0,,,,,False,False,insufficient_no_inter_region_projection_segments,"minimum_mappable_segments,minimum_unique_probes,minimum_unique_probe_asns,maximum_country_fallback_share",probe_country_service
MU,E-Root,resolved_entry_only,,,0.0,0.0,0.0,,,,,,,,unknown_corridor_observation_concentration,False,False,False,0.0,0.0,,,,,False,False,insufficient_no_inter_region_projection_segments,"minimum_mappable_segments,minimum_unique_probes,minimum_unique_probe_asns,maximum_country_fallback_share",probe_country_service
MV,E-Root,all_publicly_visible,5013,dns-root_e-root_msm5013_20260701T000000Z_010000Z.json,68.0,68.0,9.0,landing_region_05d4f4227b7d::landing_region_946d8574d05e,0.6176470588235294,0.75,0.8823529411764706,1.291768080488116,0.5879089892823685,3.639215296370205,weak_corridor_observation_concentration,True,True,True,11.0,3.0,1.0,0.6911764705882353,0.3088235294117647,0.29411764705882354,True,True,auditable,,probe_country_service
MV,E-Root,resolved_entry_only,,,0.0,0.0,0.0,,,,,,,,unknown_corridor_observation_concentration,False,False,False,0.0,0.0,,,,,False,False,insufficient_no_inter_region_projection_segments,"minimum_mappable_segments,minimum_unique_probes,minimum_unique_probe_asns,maximum_country_fallback_share",probe_country_service
MW,E-Root,all_publicly_visible,,,0.0,0.0,0.0,,,,,,,,unknown_corridor_observation_concentration,False,False,False,0.0,0.0,,,,,False,False,insufficient_no_inter_region_projection_segments,"minimum_mappable_segments,minimum_unique_probes,minimum_unique_probe_asns,maximum_country_fallback_share",probe_country_service
MW,E-Root,resolved_entry_only,,,0.0,0.0,0.0,,,,,,,,unknown_corridor_observation_concentration,False,False,False,0.0,0.0,,,,,False,False,insufficient_no_inter_region_projection_segments,"minimum_mappable_segments,minimum_unique_probes,minimum_unique_probe_asns,maximum_country_fallback_share",probe_country_service
MX,E-Root,all_publicly_visible,5013,dns-root_e-root_msm5013_20260701T000000Z_010000Z.json,6.0,6.0,2.0,landing_region_5a1e27deaea1::landing_region_ae1b031adf3a,0.6666666666666666,1.0,1.0,0.6365141682948128,0.9182958340544894,1.8898815748423097,moderate_corridor_observation_concentration,True,False,False,3.0,2.0,1.0,0.6666666666666666,0.3333333333333333,0.6666666666666666,False,False,"insufficient_minimum_mappable_segments,minimum_unique_probes,minimum_unique_probe_asns,maximum_country_fallback_share","minimum_mappable_segments,minimum_unique_probes,minimum_unique_probe_asns,maximum_country_fallback_share",probe_country_service
MX,E-Root,resolved_entry_only,,,0.0,0.0,0.0,,,,,,,,unknown_corridor_observation_concentration,False,False,False,0.0,0.0,,,,,False,False,insufficient_no_inter_region_projection_segments,"minimum_mappable_segments,minimum_unique_probes,minimum_unique_probe_asns,maximum_country_fallback_share",probe_country_service
MY,E-Root,all_publicly_visible,5013,dns-root_e-root_msm5013_20260701T000000Z_010000Z.json,1.0,1.0,3.0,landing_region_5d023e72c246::landing_region_b37879c52c2b,0.3333333333333333,0.6666666666666666,1.0,1.0986122886681096,0.9999999999999998,2.9999999999999996,weak_corridor_observation_concentration,True,False,False,1.0,1.0,1.0,1.0,0.0,1.0,False,False,"insufficient_minimum_mappable_segments,minimum_unique_probes,minimum_unique_probe_asns,maximum_country_fallback_share","minimum_mappable_segments,minimum_unique_probes,minimum_unique_probe_asns,maximum_country_fallback_share",probe_country_service
MY,E-Root,resolved_entry_only,,,0.0,0.0,0.0,,,,,,,,unknown_corridor_observation_concentration,False,False,False,0.0,0.0,,,,,False,False,insufficient_no_inter_region_projection_segments,"minimum_mappable_segments,minimum_unique_probes,minimum_unique_probe_asns,maximum_country_fallback_share",probe_country_service
MZ,E-Root,all_publicly_visible,,,0.0,0.0,0.0,,,,,,,,unknown_corridor_observation_concentration,False,False,False,0.0,0.0,,,,,False,False,insufficient_no_inter_region_projection_segments,"minimum_mappable_segments,minimum_unique_probes,minimum_unique_probe_asns,maximum_country_fallback_share",probe_country_service
MZ,E-Root,resolved_entry_only,,,0.0,0.0,0.0,,,,,,,,unknown_corridor_observation_concentration,False,False,False,0.0,0.0,,,,,False,False,insufficient_no_inter_region_projection_segments,"minimum_mappable_segments,minimum_unique_probes,minimum_unique_probe_asns,maximum_country_fallback_share",probe_country_service
NA,E-Root,all_publicly_visible,,,0.0,0.0,0.0,,,,,,,,unknown_corridor_observation_concentration,False,False,False,0.0,0.0,,,,,False,False,insufficient_no_inter_region_projection_segments,"minimum_mappable_segments,minimum_unique_probes,minimum_unique_probe_asns,maximum_country_fallback_share",probe_country_service
NA,E-Root,resolved_entry_only,,,0.0,0.0,0.0,,,,,,,,unknown_corridor_observation_concentration,False,False,False,0.0,0.0,,,,,False,False,insufficient_no_inter_region_projection_segments,"minimum_mappable_segments,minimum_unique_probes,minimum_unique_probe_asns,maximum_country_fallback_share",probe_country_service
NC,E-Root,all_publicly_visible,,,0.0,0.0,0.0,,,,,,,,unknown_corridor_observation_concentration,False,False,False,0.0,0.0,,,,,False,False,insufficient_no_inter_region_projection_segments,"minimum_mappable_segments,minimum_unique_probes,minimum_unique_probe_asns,maximum_country_fallback_share",probe_country_service
NC,E-Root,resolved_entry_only,,,0.0,0.0,0.0,,,,,,,,unknown_corridor_observation_concentration,False,False,False,0.0,0.0,,,,,False,False,insufficient_no_inter_region_projection_segments,"minimum_mappable_segments,minimum_unique_probes,minimum_unique_probe_asns,maximum_country_fallback_share",probe_country_service
NG,E-Root,all_publicly_visible,,,0.0,0.0,0.0,,,,,,,,unknown_corridor_observation_concentration,False,False,False,0.0,0.0,,,,,False,False,insufficient_no_inter_region_projection_segments,"minimum_mappable_segments,minimum_unique_probes,minimum_unique_probe_asns,maximum_country_fallback_share",probe_country_service
NG,E-Root,resolved_entry_only,,,0.0,0.0,0.0,,,,,,,,unknown_corridor_observation_concentration,False,False,False,0.0,0.0,,,,,False,False,insufficient_no_inter_region_projection_segments,"minimum_mappable_segments,minimum_unique_probes,minimum_unique_probe_asns,maximum_country_fallback_share",probe_country_service
NI,E-Root,all_publicly_visible,,,0.0,0.0,0.0,,,,,,,,unknown_corridor_observation_concentration,False,False,False,0.0,0.0,,,,,False,False,insufficient_no_inter_region_projection_segments,"minimum_mappable_segments,minimum_unique_probes,minimum_unique_probe_asns,maximum_country_fallback_share",probe_country_service
NI,E-Root,resolved_entry_only,,,0.0,0.0,0.0,,,,,,,,unknown_corridor_observation_concentration,False,False,False,0.0,0.0,,,,,False,False,insufficient_no_inter_region_projection_segments,"minimum_mappable_segments,minimum_unique_probes,minimum_unique_probe_asns,maximum_country_fallback_share",probe_country_service
NL,E-Root,all_publicly_visible,,,0.0,0.0,0.0,,,,,,,,unknown_corridor_observation_concentration,False,False,False,0.0,0.0,,,,,False,False,insufficient_no_inter_region_projection_segments,"minimum_mappable_segments,minimum_unique_probes,minimum_unique_probe_asns,maximum_country_fallback_share",probe_country_service
NL,E-Root,resolved_entry_only,,,0.0,0.0,0.0,,,,,,,,unknown_corridor_observation_concentration,False,False,False,0.0,0.0,,,,,False,False,insufficient_no_inter_region_projection_segments,"minimum_mappable_segments,minimum_unique_probes,minimum_unique_probe_asns,maximum_country_fallback_share",probe_country_service
NO,E-Root,all_publicly_visible,5013,dns-root_e-root_msm5013_20260701T000000Z_010000Z.json,481.0,481.0,25.0,landing_region_2f1f6d8f7ce5::landing_region_d514e04d4eb8,0.7817047817047817,0.8440748440748441,0.8711018711018712,1.076203835051234,0.3343415197121809,2.933522252639884,moderate_corridor_observation_concentration,True,True,True,81.0,30.0,1.0,1.0,0.0,0.23076923076923078,True,True,auditable,,probe_country_service
NO,E-Root,resolved_entry_only,5013,dns-root_e-root_msm5013_20260701T000000Z_010000Z.json,219.0,219.0,13.0,landing_region_2f1f6d8f7ce5::landing_region_d514e04d4eb8,0.8127853881278538,0.8584474885844748,0.8995433789954337,0.8858505835426573,0.3453676701123489,2.4250462188869815,severe_corridor_observation_concentration,True,True,True,40.0,18.0,1.0,1.0,0.0,0.3242009132420091,False,False,insufficient_maximum_country_fallback_share,maximum_country_fallback_share,probe_country_service
NP,E-Root,all_publicly_visible,,,0.0,0.0,0.0,,,,,,,,unknown_corridor_observation_concentration,False,False,False,0.0,0.0,,,,,False,False,insufficient_no_inter_region_projection_segments,"minimum_mappable_segments,minimum_unique_probes,minimum_unique_probe_asns,maximum_country_fallback_share",probe_country_service
NP,E-Root,resolved_entry_only,,,0.0,0.0,0.0,,,,,,,,unknown_corridor_observation_concentration,False,False,False,0.0,0.0,,,,,False,False,insufficient_no_inter_region_projection_segments,"minimum_mappable_segments,minimum_unique_probes,minimum_unique_probe_asns,maximum_country_fallback_share",probe_country_service
NU,E-Root,all_publicly_visible,5013,dns-root_e-root_msm5013_20260701T000000Z_010000Z.json,2.0,2.0,1.0,landing_region_3b96281acedd::landing_region_be83c6d38254,1.0,1.0,1.0,-0.0,0.0,1.0,severe_corridor_observation_concentration,True,False,False,1.0,1.0,1.0,0.0,1.0,0.0,True,False,"insufficient_minimum_mappable_segments,minimum_unique_probes,minimum_unique_probe_asns","minimum_mappable_segments,minimum_unique_probes,minimum_unique_probe_asns",probe_country_service
NU,E-Root,resolved_entry_only,,,0.0,0.0,0.0,,,,,,,,unknown_corridor_observation_concentration,False,False,False,0.0,0.0,,,,,False,False,insufficient_no_inter_region_projection_segments,"minimum_mappable_segments,minimum_unique_probes,minimum_unique_probe_asns,maximum_country_fallback_share",probe_country_service
NZ,E-Root,all_publicly_visible,5013,dns-root_e-root_msm5013_20260701T000000Z_010000Z.json,103.0,103.0,7.0,landing_region_1a4049df1b14::landing_region_883a5ebd5136,0.4174757281553398,0.8349514563106796,0.8737864077669902,1.2873418667712935,0.6615628513969481,3.6231429477717874,moderate_corridor_observation_concentration,True,True,True,27.0,12.0,1.0,0.9611650485436893,0.038834951456310676,0.42718446601941745,False,False,insufficient_maximum_country_fallback_share,maximum_country_fallback_share,probe_country_service
NZ,E-Root,resolved_entry_only,5013,dns-root_e-root_msm5013_20260701T000000Z_010000Z.json,16.0,16.0,5.0,landing_region_1a4049df1b14::landing_region_883a5ebd5136,0.3125,0.625,0.75,1.5067598342584891,0.9362025230160499,4.512087172965135,broad_corridor_observation_distribution,False,False,False,3.0,3.0,1.0,1.0,0.0,0.375,False,False,"insufficient_minimum_mappable_segments,minimum_unique_probes,maximum_country_fallback_share","minimum_mappable_segments,minimum_unique_probes,maximum_country_fallback_share",probe_country_service
OM,E-Root,all_publicly_visible,,,0.0,0.0,0.0,,,,,,,,unknown_corridor_observation_concentration,False,False,False,0.0,0.0,,,,,False,False,insufficient_no_inter_region_projection_segments,"minimum_mappable_segments,minimum_unique_probes,minimum_unique_probe_asns,maximum_country_fallback_share",probe_country_service
OM,E-Root,resolved_entry_only,,,0.0,0.0,0.0,,,,,,,,unknown_corridor_observation_concentration,False,False,False,0.0,0.0,,,,,False,False,insufficient_no_inter_region_projection_segments,"minimum_mappable_segments,minimum_unique_probes,minimum_unique_probe_asns,maximum_country_fallback_share",probe_country_service
PA,E-Root,all_publicly_visible,,,0.0,0.0,0.0,,,,,,,,unknown_corridor_observation_concentration,False,False,False,0.0,0.0,,,,,False,False,insufficient_no_inter_region_projection_segments,"minimum_mappable_segments,minimum_unique_probes,minimum_unique_probe_asns,maximum_country_fallback_share",probe_country_service
PA,E-Root,resolved_entry_only,,,0.0,0.0,0.0,,,,,,,,unknown_corridor_observation_concentration,False,False,False,0.0,0.0,,,,,False,False,insufficient_no_inter_region_projection_segments,"minimum_mappable_segments,minimum_unique_probes,minimum_unique_probe_asns,maximum_country_fallback_share",probe_country_service
PE,E-Root,all_publicly_visible,5013,dns-root_e-root_msm5013_20260701T000000Z_010000Z.json,2.0,2.0,1.0,landing_region_4d0efd9bb45b::landing_region_5113b57f1083,1.0,1.0,1.0,-0.0,0.0,1.0,severe_corridor_observation_concentration,True,False,False,2.0,2.0,1.0,0.0,1.0,0.0,True,False,"insufficient_minimum_mappable_segments,minimum_unique_probes,minimum_unique_probe_asns","minimum_mappable_segments,minimum_unique_probes,minimum_unique_probe_asns",probe_country_service
PE,E-Root,resolved_entry_only,,,0.0,0.0,0.0,,,,,,,,unknown_corridor_observation_concentration,False,False,False,0.0,0.0,,,,,False,False,insufficient_no_inter_region_projection_segments,"minimum_mappable_segments,minimum_unique_probes,minimum_unique_probe_asns,maximum_country_fallback_share",probe_country_service
PF,E-Root,all_publicly_visible,,,0.0,0.0,0.0,,,,,,,,unknown_corridor_observation_concentration,False,False,False,0.0,0.0,,,,,False,False,insufficient_no_inter_region_projection_segments,"minimum_mappable_segments,minimum_unique_probes,minimum_unique_probe_asns,maximum_country_fallback_share",probe_country_service
PF,E-Root,resolved_entry_only,,,0.0,0.0,0.0,,,,,,,,unknown_corridor_observation_concentration,False,False,False,0.0,0.0,,,,,False,False,insufficient_no_inter_region_projection_segments,"minimum_mappable_segments,minimum_unique_probes,minimum_unique_probe_asns,maximum_country_fallback_share",probe_country_service
PG,E-Root,all_publicly_visible,5013,dns-root_e-root_msm5013_20260701T000000Z_010000Z.json,2.0,2.0,1.0,landing_region_58084817cbe7::landing_region_a4275bfd77b7,1.0,1.0,1.0,-0.0,0.0,1.0,severe_corridor_observation_concentration,True,False,False,1.0,1.0,1.0,0.0,1.0,1.0,False,False,"insufficient_minimum_mappable_segments,minimum_unique_probes,minimum_unique_probe_asns,maximum_country_fallback_share","minimum_mappable_segments,minimum_unique_probes,minimum_unique_probe_asns,maximum_country_fallback_share",probe_country_service
PG,E-Root,resolved_entry_only,,,0.0,0.0,0.0,,,,,,,,unknown_corridor_observation_concentration,False,False,False,0.0,0.0,,,,,False,False,insufficient_no_inter_region_projection_segments,"minimum_mappable_segments,minimum_unique_probes,minimum_unique_probe_asns,maximum_country_fallback_share",probe_country_service
PH,E-Root,all_publicly_visible,5013,dns-root_e-root_msm5013_20260701T000000Z_010000Z.json,61.0,61.0,14.0,landing_region_76da986d22a9::landing_region_85e39fb7d29e,0.43169398907103823,0.5464480874316939,0.6448087431693988,1.9875778592753823,0.75313932629313,7.297835952007504,broad_corridor_observation_distribution,False,False,True,25.0,13.0,1.0,0.4262295081967213,0.5737704918032787,0.26229508196721313,True,True,auditable,,probe_country_service
PH,E-Root,resolved_entry_only,5013,dns-root_e-root_msm5013_20260701T000000Z_010000Z.json,44.0,44.00000000000001,10.0,landing_region_76da986d22a9::landing_region_85e39fb7d29e,0.5075757575757576,0.6439393939393939,0.7348484848484849,1.6658344882645744,0.7234627260174319,5.290085922963994,broad_corridor_observation_distribution,False,False,True,18.0,7.0,1.0,0.3181818181818181,0.6818181818181817,0.3181818181818182,False,False,insufficient_maximum_country_fallback_share,maximum_country_fallback_share,probe_country_service
PK,E-Root,all_publicly_visible,5013,dns-root_e-root_msm5013_20260701T000000Z_010000Z.json,10.0,10.0,1.0,landing_region_1b3a8d836a7d::landing_region_af2b1cb46785,1.0,1.0,1.0,-0.0,0.0,1.0,severe_corridor_observation_concentration,True,False,False,5.0,5.0,1.0,0.0,1.0,1.0,False,False,"insufficient_minimum_mappable_segments,minimum_unique_probes,maximum_country_fallback_share","minimum_mappable_segments,minimum_unique_probes,maximum_country_fallback_share",probe_country_service
PK,E-Root,resolved_entry_only,5013,dns-root_e-root_msm5013_20260701T000000Z_010000Z.json,10.0,10.0,1.0,landing_region_1b3a8d836a7d::landing_region_af2b1cb46785,1.0,1.0,1.0,-0.0,0.0,1.0,severe_corridor_observation_concentration,True,False,False,5.0,5.0,1.0,0.0,1.0,1.0,False,False,"insufficient_minimum_mappable_segments,minimum_unique_probes,maximum_country_fallback_share","minimum_mappable_segments,minimum_unique_probes,maximum_country_fallback_share",probe_country_service
PL,E-Root,all_publicly_visible,5013,dns-root_e-root_msm5013_20260701T000000Z_010000Z.json,1.0,1.0,2.0,landing_region_3c99e4792a25::landing_region_65aa8d7cf62e,0.5,1.0,1.0,0.6931471805599453,1.0,2.0,moderate_corridor_observation_concentration,True,False,False,1.0,1.0,1.0,0.0,1.0,0.0,True,False,"insufficient_minimum_mappable_segments,minimum_unique_probes,minimum_unique_probe_asns","minimum_mappable_segments,minimum_unique_probes,minimum_unique_probe_asns",probe_country_service
PL,E-Root,resolved_entry_only,5013,dns-root_e-root_msm5013_20260701T000000Z_010000Z.json,1.0,1.0,2.0,landing_region_3c99e4792a25::landing_region_65aa8d7cf62e,0.5,1.0,1.0,0.6931471805599453,1.0,2.0,moderate_corridor_observation_concentration,True,False,False,1.0,1.0,1.0,0.0,1.0,0.0,True,False,"insufficient_minimum_mappable_segments,minimum_unique_probes,minimum_unique_probe_asns","minimum_mappable_segments,minimum_unique_probes,minimum_unique_probe_asns",probe_country_service
PR,E-Root,all_publicly_visible,5013,dns-root_e-root_msm5013_20260701T000000Z_010000Z.json,2.0,2.0,1.0,landing_region_822747b0ce7e::landing_region_bd03623e84bf,1.0,1.0,1.0,-0.0,0.0,1.0,severe_corridor_observation_concentration,True,False,False,1.0,1.0,1.0,0.0,1.0,0.0,True,False,"insufficient_minimum_mappable_segments,minimum_unique_probes,minimum_unique_probe_asns","minimum_mappable_segments,minimum_unique_probes,minimum_unique_probe_asns",probe_country_service
PR,E-Root,resolved_entry_only,,,0.0,0.0,0.0,,,,,,,,unknown_corridor_observation_concentration,False,False,False,0.0,0.0,,,,,False,False,insufficient_no_inter_region_projection_segments,"minimum_mappable_segments,minimum_unique_probes,minimum_unique_probe_asns,maximum_country_fallback_share",probe_country_service
PS,E-Root,all_publicly_visible,,,0.0,0.0,0.0,,,,,,,,unknown_corridor_observation_concentration,False,False,False,0.0,0.0,,,,,False,False,insufficient_no_inter_region_projection_segments,"minimum_mappable_segments,minimum_unique_probes,minimum_unique_probe_asns,maximum_country_fallback_share",probe_country_service
PS,E-Root,resolved_entry_only,,,0.0,0.0,0.0,,,,,,,,unknown_corridor_observation_concentration,False,False,False,0.0,0.0,,,,,False,False,insufficient_no_inter_region_projection_segments,"minimum_mappable_segments,minimum_unique_probes,minimum_unique_probe_asns,maximum_country_fallback_share",probe_country_service
PT,E-Root,all_publicly_visible,5013,dns-root_e-root_msm5013_20260701T000000Z_010000Z.json,190.0,190.0,2.0,landing_region_343850da3642::landing_region_f7627feb3284,0.9894736842105263,1.0,1.0,0.058406264933379116,0.08426242877623302,1.0601456082178786,severe_corridor_observation_concentration,True,True,True,66.0,15.0,1.0,1.0,0.0,0.021052631578947368,True,True,auditable,,probe_country_service
PT,E-Root,resolved_entry_only,5013,dns-root_e-root_msm5013_20260701T000000Z_010000Z.json,16.0,16.0,1.0,landing_region_343850da3642::landing_region_f7627feb3284,1.0,1.0,1.0,-0.0,0.0,1.0,severe_corridor_observation_concentration,True,False,False,3.0,2.0,1.0,1.0,0.0,0.0,True,False,"insufficient_minimum_mappable_segments,minimum_unique_probes,minimum_unique_probe_asns","minimum_mappable_segments,minimum_unique_probes,minimum_unique_probe_asns",probe_country_service
PW,E-Root,all_publicly_visible,,,0.0,0.0,0.0,,,,,,,,unknown_corridor_observation_concentration,False,False,False,0.0,0.0,,,,,False,False,insufficient_no_inter_region_projection_segments,"minimum_mappable_segments,minimum_unique_probes,minimum_unique_probe_asns,maximum_country_fallback_share",probe_country_service
PW,E-Root,resolved_entry_only,,,0.0,0.0,0.0,,,,,,,,unknown_corridor_observation_concentration,False,False,False,0.0,0.0,,,,,False,False,insufficient_no_inter_region_projection_segments,"minimum_mappable_segments,minimum_unique_probes,minimum_unique_probe_asns,maximum_country_fallback_share",probe_country_service
PY,E-Root,all_publicly_visible,,,0.0,0.0,0.0,,,,,,,,unknown_corridor_observation_concentration,False,False,False,0.0,0.0,,,,,False,False,insufficient_no_inter_region_projection_segments,"minimum_mappable_segments,minimum_unique_probes,minimum_unique_probe_asns,maximum_country_fallback_share",probe_country_service
PY,E-Root,resolved_entry_only,,,0.0,0.0,0.0,,,,,,,,unknown_corridor_observation_concentration,False,False,False,0.0,0.0,,,,,False,False,insufficient_no_inter_region_projection_segments,"minimum_mappable_segments,minimum_unique_probes,minimum_unique_probe_asns,maximum_country_fallback_share",probe_country_service
QA,E-Root,all_publicly_visible,,,0.0,0.0,0.0,,,,,,,,unknown_corridor_observation_concentration,False,False,False,0.0,0.0,,,,,False,False,insufficient_no_inter_region_projection_segments,"minimum_mappable_segments,minimum_unique_probes,minimum_unique_probe_asns,maximum_country_fallback_share",probe_country_service
QA,E-Root,resolved_entry_only,,,0.0,0.0,0.0,,,,,,,,unknown_corridor_observation_concentration,False,False,False,0.0,0.0,,,,,False,False,insufficient_no_inter_region_projection_segments,"minimum_mappable_segments,minimum_unique_probes,minimum_unique_probe_asns,maximum_country_fallback_share",probe_country_service
RE,E-Root,all_publicly_visible,,,0.0,0.0,0.0,,,,,,,,unknown_corridor_observation_concentration,False,False,False,0.0,0.0,,,,,False,False,insufficient_no_inter_region_projection_segments,"minimum_mappable_segments,minimum_unique_probes,minimum_unique_probe_asns,maximum_country_fallback_share",probe_country_service
RE,E-Root,resolved_entry_only,,,0.0,0.0,0.0,,,,,,,,unknown_corridor_observation_concentration,False,False,False,0.0,0.0,,,,,False,False,insufficient_no_inter_region_projection_segments,"minimum_mappable_segments,minimum_unique_probes,minimum_unique_probe_asns,maximum_country_fallback_share",probe_country_service
RO,E-Root,all_publicly_visible,5013,dns-root_e-root_msm5013_20260701T000000Z_010000Z.json,6.0,6.0,1.0,landing_region_d073d559153a::landing_region_e2b0cd002b0c,1.0,1.0,1.0,-0.0,0.0,1.0,severe_corridor_observation_concentration,True,False,False,1.0,1.0,1.0,1.0,0.0,0.0,True,False,"insufficient_minimum_mappable_segments,minimum_unique_probes,minimum_unique_probe_asns","minimum_mappable_segments,minimum_unique_probes,minimum_unique_probe_asns",probe_country_service
RO,E-Root,resolved_entry_only,,,0.0,0.0,0.0,,,,,,,,unknown_corridor_observation_concentration,False,False,False,0.0,0.0,,,,,False,False,insufficient_no_inter_region_projection_segments,"minimum_mappable_segments,minimum_unique_probes,minimum_unique_probe_asns,maximum_country_fallback_share",probe_country_service
RS,E-Root,all_publicly_visible,,,0.0,0.0,0.0,,,,,,,,unknown_corridor_observation_concentration,False,False,False,0.0,0.0,,,,,False,False,insufficient_no_inter_region_projection_segments,"minimum_mappable_segments,minimum_unique_probes,minimum_unique_probe_asns,maximum_country_fallback_share",probe_country_service
RS,E-Root,resolved_entry_only,,,0.0,0.0,0.0,,,,,,,,unknown_corridor_observation_concentration,False,False,False,0.0,0.0,,,,,False,False,insufficient_no_inter_region_projection_segments,"minimum_mappable_segments,minimum_unique_probes,minimum_unique_probe_asns,maximum_country_fallback_share",probe_country_service
RU,E-Root,all_publicly_visible,5013,dns-root_e-root_msm5013_20260701T000000Z_010000Z.json,2.0,2.0,2.0,landing_region_3c99e4792a25::landing_region_65aa8d7cf62e,0.5,1.0,1.0,0.6931471805599453,1.0,2.0,moderate_corridor_observation_concentration,True,False,False,2.0,2.0,1.0,0.0,1.0,0.0,True,False,"insufficient_minimum_mappable_segments,minimum_unique_probes,minimum_unique_probe_asns","minimum_mappable_segments,minimum_unique_probes,minimum_unique_probe_asns",probe_country_service
RU,E-Root,resolved_entry_only,5013,dns-root_e-root_msm5013_20260701T000000Z_010000Z.json,1.0,1.0,2.0,landing_region_3c99e4792a25::landing_region_65aa8d7cf62e,0.5,1.0,1.0,0.6931471805599453,1.0,2.0,moderate_corridor_observation_concentration,True,False,False,1.0,1.0,1.0,0.0,1.0,0.0,True,False,"insufficient_minimum_mappable_segments,minimum_unique_probes,minimum_unique_probe_asns","minimum_mappable_segments,minimum_unique_probes,minimum_unique_probe_asns",probe_country_service
RW,E-Root,all_publicly_visible,,,0.0,0.0,0.0,,,,,,,,unknown_corridor_observation_concentration,False,False,False,0.0,0.0,,,,,False,False,insufficient_no_inter_region_projection_segments,"minimum_mappable_segments,minimum_unique_probes,minimum_unique_probe_asns,maximum_country_fallback_share",probe_country_service
RW,E-Root,resolved_entry_only,,,0.0,0.0,0.0,,,,,,,,unknown_corridor_observation_concentration,False,False,False,0.0,0.0,,,,,False,False,insufficient_no_inter_region_projection_segments,"minimum_mappable_segments,minimum_unique_probes,minimum_unique_probe_asns,maximum_country_fallback_share",probe_country_service
SA,E-Root,all_publicly_visible,5013,dns-root_e-root_msm5013_20260701T000000Z_010000Z.json,1.0,1.0,1.0,landing_region_05a5445633a9::landing_region_a096883e3a96,1.0,1.0,1.0,-0.0,0.0,1.0,severe_corridor_observation_concentration,True,False,False,1.0,1.0,1.0,1.0,0.0,0.0,True,False,"insufficient_minimum_mappable_segments,minimum_unique_probes,minimum_unique_probe_asns","minimum_mappable_segments,minimum_unique_probes,minimum_unique_probe_asns",probe_country_service
SA,E-Root,resolved_entry_only,5013,dns-root_e-root_msm5013_20260701T000000Z_010000Z.json,1.0,1.0,1.0,landing_region_05a5445633a9::landing_region_a096883e3a96,1.0,1.0,1.0,-0.0,0.0,1.0,severe_corridor_observation_concentration,True,False,False,1.0,1.0,1.0,1.0,0.0,0.0,True,False,"insufficient_minimum_mappable_segments,minimum_unique_probes,minimum_unique_probe_asns","minimum_mappable_segments,minimum_unique_probes,minimum_unique_probe_asns",probe_country_service
SE,E-Root,all_publicly_visible,5013,dns-root_e-root_msm5013_20260701T000000Z_010000Z.json,315.0,315.0,9.0,landing_region_d073d559153a::landing_region_e2b0cd002b0c,0.746031746031746,0.8126984126984127,0.8761904761904762,1.0210682694242148,0.46470819594695023,2.776158866085981,moderate_corridor_observation_concentration,True,True,True,71.0,26.0,1.0,0.7523809523809524,0.24761904761904763,0.1492063492063492,True,True,auditable,,probe_country_service
SE,E-Root,resolved_entry_only,5013,dns-root_e-root_msm5013_20260701T000000Z_010000Z.json,81.0,81.0,4.0,landing_region_d073d559153a::landing_region_e2b0cd002b0c,0.5802469135802469,0.7654320987654322,0.9382716049382716,1.1034407290713273,0.795964233873053,3.014520348317487,weak_corridor_observation_concentration,True,True,True,17.0,8.0,1.0,1.0,0.0,0.06172839506172839,True,True,auditable,,probe_country_service
SG,E-Root,all_publicly_visible,5013,dns-root_e-root_msm5013_20260701T000000Z_010000Z.json,560.0,560.0,8.0,landing_region_5d023e72c246::landing_region_b37879c52c2b,0.33035714285714285,0.6607142857142857,0.9910714285714286,1.154191278517641,0.555048677918231,3.171457554278546,weak_corridor_observation_concentration,True,True,True,109.0,42.0,1.0,0.9910714285714286,0.008928571428571428,0.3196428571428571,False,False,insufficient_maximum_country_fallback_share,maximum_country_fallback_share,probe_country_service
SG,E-Root,resolved_entry_only,5013,dns-root_e-root_msm5013_20260701T000000Z_010000Z.json,295.0,295.0,8.0,landing_region_5d023e72c246::landing_region_b37879c52c2b,0.3310734463276836,0.6621468926553672,0.9932203389830507,1.1411757648105838,0.5487895388916332,3.1304468715061606,weak_corridor_observation_concentration,True,True,True,68.0,25.0,1.0,0.9932203389830508,0.006779661016949152,0.39661016949152544,False,False,insufficient_maximum_country_fallback_share,maximum_country_fallback_share,probe_country_service
SI,E-Root,all_publicly_visible,,,0.0,0.0,0.0,,,,,,,,unknown_corridor_observation_concentration,False,False,False,0.0,0.0,,,,,False,False,insufficient_no_inter_region_projection_segments,"minimum_mappable_segments,minimum_unique_probes,minimum_unique_probe_asns,maximum_country_fallback_share",probe_country_service
SI,E-Root,resolved_entry_only,,,0.0,0.0,0.0,,,,,,,,unknown_corridor_observation_concentration,False,False,False,0.0,0.0,,,,,False,False,insufficient_no_inter_region_projection_segments,"minimum_mappable_segments,minimum_unique_probes,minimum_unique_probe_asns,maximum_country_fallback_share",probe_country_service
SK,E-Root,all_publicly_visible,,,0.0,0.0,0.0,,,,,,,,unknown_corridor_observation_concentration,False,False,False,0.0,0.0,,,,,False,False,insufficient_no_inter_region_projection_segments,"minimum_mappable_segments,minimum_unique_probes,minimum_unique_probe_asns,maximum_country_fallback_share",probe_country_service
SK,E-Root,resolved_entry_only,,,0.0,0.0,0.0,,,,,,,,unknown_corridor_observation_concentration,False,False,False,0.0,0.0,,,,,False,False,insufficient_no_inter_region_projection_segments,"minimum_mappable_segments,minimum_unique_probes,minimum_unique_probe_asns,maximum_country_fallback_share",probe_country_service
SL,E-Root,all_publicly_visible,5013,dns-root_e-root_msm5013_20260701T000000Z_010000Z.json,2.0,2.0,1.0,landing_region_2e263771884f::landing_region_30beda532e6f,1.0,1.0,1.0,-0.0,0.0,1.0,severe_corridor_observation_concentration,True,False,False,1.0,1.0,1.0,0.0,1.0,1.0,False,False,"insufficient_minimum_mappable_segments,minimum_unique_probes,minimum_unique_probe_asns,maximum_country_fallback_share","minimum_mappable_segments,minimum_unique_probes,minimum_unique_probe_asns,maximum_country_fallback_share",probe_country_service
SL,E-Root,resolved_entry_only,,,0.0,0.0,0.0,,,,,,,,unknown_corridor_observation_concentration,False,False,False,0.0,0.0,,,,,False,False,insufficient_no_inter_region_projection_segments,"minimum_mappable_segments,minimum_unique_probes,minimum_unique_probe_asns,maximum_country_fallback_share",probe_country_service
SM,E-Root,all_publicly_visible,,,0.0,0.0,0.0,,,,,,,,unknown_corridor_observation_concentration,False,False,False,0.0,0.0,,,,,False,False,insufficient_no_inter_region_projection_segments,"minimum_mappable_segments,minimum_unique_probes,minimum_unique_probe_asns,maximum_country_fallback_share",probe_country_service
SM,E-Root,resolved_entry_only,,,0.0,0.0,0.0,,,,,,,,unknown_corridor_observation_concentration,False,False,False,0.0,0.0,,,,,False,False,insufficient_no_inter_region_projection_segments,"minimum_mappable_segments,minimum_unique_probes,minimum_unique_probe_asns,maximum_country_fallback_share",probe_country_service
SN,E-Root,all_publicly_visible,,,0.0,0.0,0.0,,,,,,,,unknown_corridor_observation_concentration,False,False,False,0.0,0.0,,,,,False,False,insufficient_no_inter_region_projection_segments,"minimum_mappable_segments,minimum_unique_probes,minimum_unique_probe_asns,maximum_country_fallback_share",probe_country_service
SN,E-Root,resolved_entry_only,,,0.0,0.0,0.0,,,,,,,,unknown_corridor_observation_concentration,False,False,False,0.0,0.0,,,,,False,False,insufficient_no_inter_region_projection_segments,"minimum_mappable_segments,minimum_unique_probes,minimum_unique_probe_asns,maximum_country_fallback_share",probe_country_service
SR,E-Root,all_publicly_visible,,,0.0,0.0,0.0,,,,,,,,unknown_corridor_observation_concentration,False,False,False,0.0,0.0,,,,,False,False,insufficient_no_inter_region_projection_segments,"minimum_mappable_segments,minimum_unique_probes,minimum_unique_probe_asns,maximum_country_fallback_share",probe_country_service
SR,E-Root,resolved_entry_only,,,0.0,0.0,0.0,,,,,,,,unknown_corridor_observation_concentration,False,False,False,0.0,0.0,,,,,False,False,insufficient_no_inter_region_projection_segments,"minimum_mappable_segments,minimum_unique_probes,minimum_unique_probe_asns,maximum_country_fallback_share",probe_country_service
SS,E-Root,all_publicly_visible,,,0.0,0.0,0.0,,,,,,,,unknown_corridor_observation_concentration,False,False,False,0.0,0.0,,,,,False,False,insufficient_no_inter_region_projection_segments,"minimum_mappable_segments,minimum_unique_probes,minimum_unique_probe_asns,maximum_country_fallback_share",probe_country_service
SS,E-Root,resolved_entry_only,,,0.0,0.0,0.0,,,,,,,,unknown_corridor_observation_concentration,False,False,False,0.0,0.0,,,,,False,False,insufficient_no_inter_region_projection_segments,"minimum_mappable_segments,minimum_unique_probes,minimum_unique_probe_asns,maximum_country_fallback_share",probe_country_service
SV,E-Root,all_publicly_visible,5013,dns-root_e-root_msm5013_20260701T000000Z_010000Z.json,2.0,2.0,1.0,landing_region_620bdff3a2d2::landing_region_bd03623e84bf,1.0,1.0,1.0,-0.0,0.0,1.0,severe_corridor_observation_concentration,True,False,False,2.0,2.0,1.0,0.0,1.0,0.0,True,False,"insufficient_minimum_mappable_segments,minimum_unique_probes,minimum_unique_probe_asns","minimum_mappable_segments,minimum_unique_probes,minimum_unique_probe_asns",probe_country_service
SV,E-Root,resolved_entry_only,,,0.0,0.0,0.0,,,,,,,,unknown_corridor_observation_concentration,False,False,False,0.0,0.0,,,,,False,False,insufficient_no_inter_region_projection_segments,"minimum_mappable_segments,minimum_unique_probes,minimum_unique_probe_asns,maximum_country_fallback_share",probe_country_service
SY,E-Root,all_publicly_visible,,,0.0,0.0,0.0,,,,,,,,unknown_corridor_observation_concentration,False,False,False,0.0,0.0,,,,,False,False,insufficient_no_inter_region_projection_segments,"minimum_mappable_segments,minimum_unique_probes,minimum_unique_probe_asns,maximum_country_fallback_share",probe_country_service
SY,E-Root,resolved_entry_only,,,0.0,0.0,0.0,,,,,,,,unknown_corridor_observation_concentration,False,False,False,0.0,0.0,,,,,False,False,insufficient_no_inter_region_projection_segments,"minimum_mappable_segments,minimum_unique_probes,minimum_unique_probe_asns,maximum_country_fallback_share",probe_country_service
TD,E-Root,all_publicly_visible,,,0.0,0.0,0.0,,,,,,,,unknown_corridor_observation_concentration,False,False,False,0.0,0.0,,,,,False,False,insufficient_no_inter_region_projection_segments,"minimum_mappable_segments,minimum_unique_probes,minimum_unique_probe_asns,maximum_country_fallback_share",probe_country_service
TD,E-Root,resolved_entry_only,,,0.0,0.0,0.0,,,,,,,,unknown_corridor_observation_concentration,False,False,False,0.0,0.0,,,,,False,False,insufficient_no_inter_region_projection_segments,"minimum_mappable_segments,minimum_unique_probes,minimum_unique_probe_asns,maximum_country_fallback_share",probe_country_service
TG,E-Root,all_publicly_visible,,,0.0,0.0,0.0,,,,,,,,unknown_corridor_observation_concentration,False,False,False,0.0,0.0,,,,,False,False,insufficient_no_inter_region_projection_segments,"minimum_mappable_segments,minimum_unique_probes,minimum_unique_probe_asns,maximum_country_fallback_share",probe_country_service
TG,E-Root,resolved_entry_only,,,0.0,0.0,0.0,,,,,,,,unknown_corridor_observation_concentration,False,False,False,0.0,0.0,,,,,False,False,insufficient_no_inter_region_projection_segments,"minimum_mappable_segments,minimum_unique_probes,minimum_unique_probe_asns,maximum_country_fallback_share",probe_country_service
TH,E-Root,all_publicly_visible,5013,dns-root_e-root_msm5013_20260701T000000Z_010000Z.json,3.0,3.0,3.0,landing_region_5d023e72c246::landing_region_b37879c52c2b,0.3333333333333333,0.6666666666666666,1.0,1.0986122886681096,0.9999999999999998,2.9999999999999996,weak_corridor_observation_concentration,True,False,False,2.0,2.0,1.0,1.0,0.0,1.0,False,False,"insufficient_minimum_mappable_segments,minimum_unique_probes,minimum_unique_probe_asns,maximum_country_fallback_share","minimum_mappable_segments,minimum_unique_probes,minimum_unique_probe_asns,maximum_country_fallback_share",probe_country_service
TH,E-Root,resolved_entry_only,5013,dns-root_e-root_msm5013_20260701T000000Z_010000Z.json,3.0,3.0,3.0,landing_region_5d023e72c246::landing_region_b37879c52c2b,0.3333333333333333,0.6666666666666666,1.0,1.0986122886681096,0.9999999999999998,2.9999999999999996,weak_corridor_observation_concentration,True,False,False,2.0,2.0,1.0,1.0,0.0,1.0,False,False,"insufficient_minimum_mappable_segments,minimum_unique_probes,minimum_unique_probe_asns,maximum_country_fallback_share","minimum_mappable_segments,minimum_unique_probes,minimum_unique_probe_asns,maximum_country_fallback_share",probe_country_service
TJ,E-Root,all_publicly_visible,,,0.0,0.0,0.0,,,,,,,,unknown_corridor_observation_concentration,False,False,False,0.0,0.0,,,,,False,False,insufficient_no_inter_region_projection_segments,"minimum_mappable_segments,minimum_unique_probes,minimum_unique_probe_asns,maximum_country_fallback_share",probe_country_service
TJ,E-Root,resolved_entry_only,,,0.0,0.0,0.0,,,,,,,,unknown_corridor_observation_concentration,False,False,False,0.0,0.0,,,,,False,False,insufficient_no_inter_region_projection_segments,"minimum_mappable_segments,minimum_unique_probes,minimum_unique_probe_asns,maximum_country_fallback_share",probe_country_service
TL,E-Root,all_publicly_visible,5013,dns-root_e-root_msm5013_20260701T000000Z_010000Z.json,8.0,8.0,2.0,landing_region_5a1e27deaea1::landing_region_ae1b031adf3a,0.75,1.0,1.0,0.5623351446188083,0.8112781244591328,1.7547653506033232,moderate_corridor_observation_concentration,True,False,False,4.0,2.0,1.0,1.0,0.0,0.75,False,False,"insufficient_minimum_mappable_segments,minimum_unique_probes,minimum_unique_probe_asns,maximum_country_fallback_share","minimum_mappable_segments,minimum_unique_probes,minimum_unique_probe_asns,maximum_country_fallback_share",probe_country_service
TL,E-Root,resolved_entry_only,5013,dns-root_e-root_msm5013_20260701T000000Z_010000Z.json,6.0,6.0,1.0,landing_region_5a1e27deaea1::landing_region_ae1b031adf3a,1.0,1.0,1.0,-0.0,0.0,1.0,severe_corridor_observation_concentration,True,False,False,3.0,1.0,1.0,1.0,0.0,1.0,False,False,"insufficient_minimum_mappable_segments,minimum_unique_probes,minimum_unique_probe_asns,maximum_country_fallback_share","minimum_mappable_segments,minimum_unique_probes,minimum_unique_probe_asns,maximum_country_fallback_share",probe_country_service
TN,E-Root,all_publicly_visible,,,0.0,0.0,0.0,,,,,,,,unknown_corridor_observation_concentration,False,False,False,0.0,0.0,,,,,False,False,insufficient_no_inter_region_projection_segments,"minimum_mappable_segments,minimum_unique_probes,minimum_unique_probe_asns,maximum_country_fallback_share",probe_country_service
TN,E-Root,resolved_entry_only,,,0.0,0.0,0.0,,,,,,,,unknown_corridor_observation_concentration,False,False,False,0.0,0.0,,,,,False,False,insufficient_no_inter_region_projection_segments,"minimum_mappable_segments,minimum_unique_probes,minimum_unique_probe_asns,maximum_country_fallback_share",probe_country_service
TO,E-Root,all_publicly_visible,5013,dns-root_e-root_msm5013_20260701T000000Z_010000Z.json,4.0,4.0,2.0,landing_region_1cece50a3587::landing_region_58084817cbe7,0.5,1.0,1.0,0.6931471805599453,1.0,2.0,moderate_corridor_observation_concentration,True,False,False,1.0,1.0,1.0,0.0,1.0,0.0,True,False,"insufficient_minimum_mappable_segments,minimum_unique_probes,minimum_unique_probe_asns","minimum_mappable_segments,minimum_unique_probes,minimum_unique_probe_asns",probe_country_service
TO,E-Root,resolved_entry_only,,,0.0,0.0,0.0,,,,,,,,unknown_corridor_observation_concentration,False,False,False,0.0,0.0,,,,,False,False,insufficient_no_inter_region_projection_segments,"minimum_mappable_segments,minimum_unique_probes,minimum_unique_probe_asns,maximum_country_fallback_share",probe_country_service
TR,E-Root,all_publicly_visible,,,0.0,0.0,0.0,,,,,,,,unknown_corridor_observation_concentration,False,False,False,0.0,0.0,,,,,False,False,insufficient_no_inter_region_projection_segments,"minimum_mappable_segments,minimum_unique_probes,minimum_unique_probe_asns,maximum_country_fallback_share",probe_country_service
TR,E-Root,resolved_entry_only,,,0.0,0.0,0.0,,,,,,,,unknown_corridor_observation_concentration,False,False,False,0.0,0.0,,,,,False,False,insufficient_no_inter_region_projection_segments,"minimum_mappable_segments,minimum_unique_probes,minimum_unique_probe_asns,maximum_country_fallback_share",probe_country_service
TT,E-Root,all_publicly_visible,,,0.0,0.0,0.0,,,,,,,,unknown_corridor_observation_concentration,False,False,False,0.0,0.0,,,,,False,False,insufficient_no_inter_region_projection_segments,"minimum_mappable_segments,minimum_unique_probes,minimum_unique_probe_asns,maximum_country_fallback_share",probe_country_service
TT,E-Root,resolved_entry_only,,,0.0,0.0,0.0,,,,,,,,unknown_corridor_observation_concentration,False,False,False,0.0,0.0,,,,,False,False,insufficient_no_inter_region_projection_segments,"minimum_mappable_segments,minimum_unique_probes,minimum_unique_probe_asns,maximum_country_fallback_share",probe_country_service
TV,E-Root,all_publicly_visible,,,0.0,0.0,0.0,,,,,,,,unknown_corridor_observation_concentration,False,False,False,0.0,0.0,,,,,False,False,insufficient_no_inter_region_projection_segments,"minimum_mappable_segments,minimum_unique_probes,minimum_unique_probe_asns,maximum_country_fallback_share",probe_country_service
TV,E-Root,resolved_entry_only,,,0.0,0.0,0.0,,,,,,,,unknown_corridor_observation_concentration,False,False,False,0.0,0.0,,,,,False,False,insufficient_no_inter_region_projection_segments,"minimum_mappable_segments,minimum_unique_probes,minimum_unique_probe_asns,maximum_country_fallback_share",probe_country_service
TW,E-Root,all_publicly_visible,5013,dns-root_e-root_msm5013_20260701T000000Z_010000Z.json,63.0,63.0,9.0,landing_region_3362110f86da::landing_region_7a95dbddaa36,0.8095238095238095,0.8650793650793651,0.9126984126984127,0.8286615170765964,0.37714010921961144,2.29025122565834,severe_corridor_observation_concentration,True,True,True,28.0,8.0,1.0,0.9365079365079365,0.06349206349206349,0.5714285714285714,False,False,insufficient_maximum_country_fallback_share,maximum_country_fallback_share,probe_country_service
TW,E-Root,resolved_entry_only,,,0.0,0.0,0.0,,,,,,,,unknown_corridor_observation_concentration,False,False,False,0.0,0.0,,,,,False,False,insufficient_no_inter_region_projection_segments,"minimum_mappable_segments,minimum_unique_probes,minimum_unique_probe_asns,maximum_country_fallback_share",probe_country_service
TZ,E-Root,all_publicly_visible,,,0.0,0.0,0.0,,,,,,,,unknown_corridor_observation_concentration,False,False,False,0.0,0.0,,,,,False,False,insufficient_no_inter_region_projection_segments,"minimum_mappable_segments,minimum_unique_probes,minimum_unique_probe_asns,maximum_country_fallback_share",probe_country_service
TZ,E-Root,resolved_entry_only,,,0.0,0.0,0.0,,,,,,,,unknown_corridor_observation_concentration,False,False,False,0.0,0.0,,,,,False,False,insufficient_no_inter_region_projection_segments,"minimum_mappable_segments,minimum_unique_probes,minimum_unique_probe_asns,maximum_country_fallback_share",probe_country_service
UA,E-Root,all_publicly_visible,,,0.0,0.0,0.0,,,,,,,,unknown_corridor_observation_concentration,False,False,False,0.0,0.0,,,,,False,False,insufficient_no_inter_region_projection_segments,"minimum_mappable_segments,minimum_unique_probes,minimum_unique_probe_asns,maximum_country_fallback_share",probe_country_service
UA,E-Root,resolved_entry_only,,,0.0,0.0,0.0,,,,,,,,unknown_corridor_observation_concentration,False,False,False,0.0,0.0,,,,,False,False,insufficient_no_inter_region_projection_segments,"minimum_mappable_segments,minimum_unique_probes,minimum_unique_probe_asns,maximum_country_fallback_share",probe_country_service
UG,E-Root,all_publicly_visible,5013,dns-root_e-root_msm5013_20260701T000000Z_010000Z.json,2.0,2.0,1.0,landing_region_5524694c9ae5::landing_region_57424b247075,1.0,1.0,1.0,-0.0,0.0,1.0,severe_corridor_observation_concentration,True,False,False,1.0,1.0,1.0,0.0,1.0,0.0,True,False,"insufficient_minimum_mappable_segments,minimum_unique_probes,minimum_unique_probe_asns","minimum_mappable_segments,minimum_unique_probes,minimum_unique_probe_asns",probe_country_service
UG,E-Root,resolved_entry_only,5013,dns-root_e-root_msm5013_20260701T000000Z_010000Z.json,2.0,2.0,1.0,landing_region_5524694c9ae5::landing_region_57424b247075,1.0,1.0,1.0,-0.0,0.0,1.0,severe_corridor_observation_concentration,True,False,False,1.0,1.0,1.0,0.0,1.0,0.0,True,False,"insufficient_minimum_mappable_segments,minimum_unique_probes,minimum_unique_probe_asns","minimum_mappable_segments,minimum_unique_probes,minimum_unique_probe_asns",probe_country_service
US,E-Root,all_publicly_visible,5013,dns-root_e-root_msm5013_20260701T000000Z_010000Z.json,706.0,705.9999999999999,19.0,landing_region_08d221ee162c::landing_region_b451e83206f9,0.7018413597733711,0.8973087818696884,0.9244570349386214,1.0228356481227776,0.34737878942641176,2.781069728528255,moderate_corridor_observation_concentration,True,True,True,154.0,61.0,1.0,0.9787535410764873,0.02124645892351275,0.24220963172804533,True,True,auditable,,probe_country_service
US,E-Root,resolved_entry_only,5013,dns-root_e-root_msm5013_20260701T000000Z_010000Z.json,151.0,151.0,9.0,landing_region_08d221ee162c::landing_region_b451e83206f9,0.847682119205298,0.9205298013245033,0.9470198675496688,0.6707245249333617,0.30525988642749796,1.9556537273494756,severe_corridor_observation_concentration,True,True,True,55.0,28.0,1.0,1.0,0.0,0.3443708609271523,False,False,insufficient_maximum_country_fallback_share,maximum_country_fallback_share,probe_country_service
UY,E-Root,all_publicly_visible,,,0.0,0.0,0.0,,,,,,,,unknown_corridor_observation_concentration,False,False,False,0.0,0.0,,,,,False,False,insufficient_no_inter_region_projection_segments,"minimum_mappable_segments,minimum_unique_probes,minimum_unique_probe_asns,maximum_country_fallback_share",probe_country_service
UY,E-Root,resolved_entry_only,,,0.0,0.0,0.0,,,,,,,,unknown_corridor_observation_concentration,False,False,False,0.0,0.0,,,,,False,False,insufficient_no_inter_region_projection_segments,"minimum_mappable_segments,minimum_unique_probes,minimum_unique_probe_asns,maximum_country_fallback_share",probe_country_service
UZ,E-Root,all_publicly_visible,,,0.0,0.0,0.0,,,,,,,,unknown_corridor_observation_concentration,False,False,False,0.0,0.0,,,,,False,False,insufficient_no_inter_region_projection_segments,"minimum_mappable_segments,minimum_unique_probes,minimum_unique_probe_asns,maximum_country_fallback_share",probe_country_service
UZ,E-Root,resolved_entry_only,,,0.0,0.0,0.0,,,,,,,,unknown_corridor_observation_concentration,False,False,False,0.0,0.0,,,,,False,False,insufficient_no_inter_region_projection_segments,"minimum_mappable_segments,minimum_unique_probes,minimum_unique_probe_asns,maximum_country_fallback_share",probe_country_service
VA,E-Root,all_publicly_visible,,,0.0,0.0,0.0,,,,,,,,unknown_corridor_observation_concentration,False,False,False,0.0,0.0,,,,,False,False,insufficient_no_inter_region_projection_segments,"minimum_mappable_segments,minimum_unique_probes,minimum_unique_probe_asns,maximum_country_fallback_share",probe_country_service
VA,E-Root,resolved_entry_only,,,0.0,0.0,0.0,,,,,,,,unknown_corridor_observation_concentration,False,False,False,0.0,0.0,,,,,False,False,insufficient_no_inter_region_projection_segments,"minimum_mappable_segments,minimum_unique_probes,minimum_unique_probe_asns,maximum_country_fallback_share",probe_country_service
VE,E-Root,all_publicly_visible,5013,dns-root_e-root_msm5013_20260701T000000Z_010000Z.json,13.0,13.0,1.0,landing_region_382d2f85d165::landing_region_b3c39d3335c0,1.0,1.0,1.0,-0.0,0.0,1.0,severe_corridor_observation_concentration,True,False,False,4.0,2.0,1.0,1.0,0.0,0.0,True,False,"insufficient_minimum_mappable_segments,minimum_unique_probes,minimum_unique_probe_asns","minimum_mappable_segments,minimum_unique_probes,minimum_unique_probe_asns",probe_country_service
VE,E-Root,resolved_entry_only,,,0.0,0.0,0.0,,,,,,,,unknown_corridor_observation_concentration,False,False,False,0.0,0.0,,,,,False,False,insufficient_no_inter_region_projection_segments,"minimum_mappable_segments,minimum_unique_probes,minimum_unique_probe_asns,maximum_country_fallback_share",probe_country_service
VI,E-Root,all_publicly_visible,5013,dns-root_e-root_msm5013_20260701T000000Z_010000Z.json,4.0,4.0,1.0,landing_region_bd03623e84bf::landing_region_fd5565d28cce,1.0,1.0,1.0,-0.0,0.0,1.0,severe_corridor_observation_concentration,True,False,False,2.0,1.0,1.0,0.0,1.0,0.0,True,False,"insufficient_minimum_mappable_segments,minimum_unique_probes,minimum_unique_probe_asns","minimum_mappable_segments,minimum_unique_probes,minimum_unique_probe_asns",probe_country_service
VI,E-Root,resolved_entry_only,,,0.0,0.0,0.0,,,,,,,,unknown_corridor_observation_concentration,False,False,False,0.0,0.0,,,,,False,False,insufficient_no_inter_region_projection_segments,"minimum_mappable_segments,minimum_unique_probes,minimum_unique_probe_asns,maximum_country_fallback_share",probe_country_service
VN,E-Root,all_publicly_visible,5013,dns-root_e-root_msm5013_20260701T000000Z_010000Z.json,10.0,10.0,4.0,landing_region_5d023e72c246::landing_region_b37879c52c2b,0.26666666666666666,0.5333333333333333,0.8,1.3792922544726758,0.9949490477321438,3.9720894039330465,weak_corridor_observation_concentration,True,False,False,5.0,3.0,1.0,0.8,0.2,0.4,False,False,"insufficient_minimum_mappable_segments,minimum_unique_probes,maximum_country_fallback_share","minimum_mappable_segments,minimum_unique_probes,maximum_country_fallback_share",probe_country_service
VN,E-Root,resolved_entry_only,5013,dns-root_e-root_msm5013_20260701T000000Z_010000Z.json,4.0,4.0,3.0,landing_region_5d023e72c246::landing_region_b37879c52c2b,0.3333333333333333,0.6666666666666666,1.0,1.0986122886681096,0.9999999999999998,2.9999999999999996,weak_corridor_observation_concentration,True,False,False,2.0,1.0,1.0,1.0,0.0,0.0,True,False,"insufficient_minimum_mappable_segments,minimum_unique_probes,minimum_unique_probe_asns","minimum_mappable_segments,minimum_unique_probes,minimum_unique_probe_asns",probe_country_service
VU,E-Root,all_publicly_visible,5013,dns-root_e-root_msm5013_20260701T000000Z_010000Z.json,2.0,2.0,1.0,landing_region_1cece50a3587::landing_region_58084817cbe7,1.0,1.0,1.0,-0.0,0.0,1.0,severe_corridor_observation_concentration,True,False,False,1.0,1.0,1.0,0.0,1.0,0.0,True,False,"insufficient_minimum_mappable_segments,minimum_unique_probes,minimum_unique_probe_asns","minimum_mappable_segments,minimum_unique_probes,minimum_unique_probe_asns",probe_country_service
VU,E-Root,resolved_entry_only,,,0.0,0.0,0.0,,,,,,,,unknown_corridor_observation_concentration,False,False,False,0.0,0.0,,,,,False,False,insufficient_no_inter_region_projection_segments,"minimum_mappable_segments,minimum_unique_probes,minimum_unique_probe_asns,maximum_country_fallback_share",probe_country_service
YE,E-Root,all_publicly_visible,,,0.0,0.0,0.0,,,,,,,,unknown_corridor_observation_concentration,False,False,False,0.0,0.0,,,,,False,False,insufficient_no_inter_region_projection_segments,"minimum_mappable_segments,minimum_unique_probes,minimum_unique_probe_asns,maximum_country_fallback_share",probe_country_service
YE,E-Root,resolved_entry_only,,,0.0,0.0,0.0,,,,,,,,unknown_corridor_observation_concentration,False,False,False,0.0,0.0,,,,,False,False,insufficient_no_inter_region_projection_segments,"minimum_mappable_segments,minimum_unique_probes,minimum_unique_probe_asns,maximum_country_fallback_share",probe_country_service
ZA,E-Root,all_publicly_visible,,,0.0,0.0,0.0,,,,,,,,unknown_corridor_observation_concentration,False,False,False,0.0,0.0,,,,,False,False,insufficient_no_inter_region_projection_segments,"minimum_mappable_segments,minimum_unique_probes,minimum_unique_probe_asns,maximum_country_fallback_share",probe_country_service
ZA,E-Root,resolved_entry_only,,,0.0,0.0,0.0,,,,,,,,unknown_corridor_observation_concentration,False,False,False,0.0,0.0,,,,,False,False,insufficient_no_inter_region_projection_segments,"minimum_mappable_segments,minimum_unique_probes,minimum_unique_probe_asns,maximum_country_fallback_share",probe_country_service
ZM,E-Root,all_publicly_visible,,,0.0,0.0,0.0,,,,,,,,unknown_corridor_observation_concentration,False,False,False,0.0,0.0,,,,,False,False,insufficient_no_inter_region_projection_segments,"minimum_mappable_segments,minimum_unique_probes,minimum_unique_probe_asns,maximum_country_fallback_share",probe_country_service
ZM,E-Root,resolved_entry_only,,,0.0,0.0,0.0,,,,,,,,unknown_corridor_observation_concentration,False,False,False,0.0,0.0,,,,,False,False,insufficient_no_inter_region_projection_segments,"minimum_mappable_segments,minimum_unique_probes,minimum_unique_probe_asns,maximum_country_fallback_share",probe_country_service
ZW,E-Root,all_publicly_visible,,,0.0,0.0,0.0,,,,,,,,unknown_corridor_observation_concentration,False,False,False,0.0,0.0,,,,,False,False,insufficient_no_inter_region_projection_segments,"minimum_mappable_segments,minimum_unique_probes,minimum_unique_probe_asns,maximum_country_fallback_share",probe_country_service
ZW,E-Root,resolved_entry_only,,,0.0,0.0,0.0,,,,,,,,unknown_corridor_observation_concentration,False,False,False,0.0,0.0,,,,,False,False,insufficient_no_inter_region_projection_segments,"minimum_mappable_segments,minimum_unique_probes,minimum_unique_probe_asns,maximum_country_fallback_share",probe_country_service
