probe_country,country_geography_type,country_geography_classification_source,path_scope_stratum,total_valid_traces,mappable_traces,traces_with_inter_region_candidates,traces_with_domestic_inter_region_candidates,traces_with_international_inter_region_candidates,traces_with_intra_region_candidates,inter_region_candidate_exposure_rate,inter_region_candidate_rate_among_mappable_traces,domestic_inter_region_candidate_exposure_rate,international_inter_region_candidate_exposure_rate,intra_region_candidate_rate,candidate_dependency_proxy_rate,candidate_dependency_proxy_tier,unique_services,unique_probes,unique_probe_asns,service_entry_resolution_rate,geography_summary_eligible,geography_summary_eligibility_reason,candidate_dependency_proxy_interpretation
?,unknown,unclassified_or_missing_country_code,all_publicly_visible,2,2,0,0,0,0,0.0,0.0,0.0,0.0,0.0,0.0,no_observed_inter_region_candidate_exposure,1,1,1,1.0,False,"insufficient_minimum_mappable_traces,minimum_unique_probes,minimum_unique_probe_asns",trace share with at least one feasible domestic or international inter-region submarine-corridor candidate; not actual cable use or traffic dependency
?,unknown,unclassified_or_missing_country_code,resolved_entry_only,2,2,0,0,0,0,0.0,0.0,0.0,0.0,0.0,0.0,no_observed_inter_region_candidate_exposure,1,1,1,1.0,False,"insufficient_minimum_mappable_traces,minimum_unique_probes,minimum_unique_probe_asns",trace share with at least one feasible domestic or international inter-region submarine-corridor candidate; not actual cable use or traffic dependency
AD,landlocked,catalog_landlocked_list,all_publicly_visible,6,6,5,0,5,0,0.8333333333333334,0.8333333333333334,0.0,0.8333333333333334,0.0,0.8333333333333334,very_high_candidate_dependency_proxy,1,3,1,1.0,False,"insufficient_minimum_mappable_traces,minimum_unique_probes,minimum_unique_probe_asns",trace share with at least one feasible domestic or international inter-region submarine-corridor candidate; not actual cable use or traffic dependency
AD,landlocked,catalog_landlocked_list,resolved_entry_only,6,6,5,0,5,0,0.8333333333333334,0.8333333333333334,0.0,0.8333333333333334,0.0,0.8333333333333334,very_high_candidate_dependency_proxy,1,3,1,1.0,False,"insufficient_minimum_mappable_traces,minimum_unique_probes,minimum_unique_probe_asns",trace share with at least one feasible domestic or international inter-region submarine-corridor candidate; not actual cable use or traffic dependency
AE,coastal_mainland_or_mixed,catalog_default_alpha2_rule,all_publicly_visible,44,44,32,32,4,30,0.7272727272727273,0.7272727272727273,0.7272727272727273,0.09090909090909091,0.6818181818181818,0.7272727272727273,very_high_candidate_dependency_proxy,1,22,14,1.0,True,eligible,trace share with at least one feasible domestic or international inter-region submarine-corridor candidate; not actual cable use or traffic dependency
AE,coastal_mainland_or_mixed,catalog_default_alpha2_rule,resolved_entry_only,44,44,32,32,4,30,0.7272727272727273,0.7272727272727273,0.7272727272727273,0.09090909090909091,0.6818181818181818,0.7272727272727273,very_high_candidate_dependency_proxy,1,22,14,1.0,True,eligible,trace share with at least one feasible domestic or international inter-region submarine-corridor candidate; not actual cable use or traffic dependency
AF,landlocked,catalog_landlocked_list,all_publicly_visible,12,6,4,0,4,0,0.3333333333333333,0.6666666666666666,0.0,0.3333333333333333,0.0,0.3333333333333333,very_high_candidate_dependency_proxy,1,6,2,0.5,False,"insufficient_minimum_mappable_traces,minimum_unique_probes,minimum_unique_probe_asns",trace share with at least one feasible domestic or international inter-region submarine-corridor candidate; not actual cable use or traffic dependency
AF,landlocked,catalog_landlocked_list,resolved_entry_only,6,6,4,0,4,0,0.6666666666666666,0.6666666666666666,0.0,0.6666666666666666,0.0,0.6666666666666666,very_high_candidate_dependency_proxy,1,3,1,1.0,False,"insufficient_minimum_mappable_traces,minimum_unique_probes,minimum_unique_probe_asns",trace share with at least one feasible domestic or international inter-region submarine-corridor candidate; not actual cable use or traffic dependency
AL,coastal_mainland_or_mixed,catalog_default_alpha2_rule,all_publicly_visible,58,54,21,1,20,0,0.3620689655172414,0.3888888888888889,0.017241379310344827,0.3448275862068966,0.0,0.3620689655172414,very_high_candidate_dependency_proxy,1,29,20,0.896551724137931,True,eligible,trace share with at least one feasible domestic or international inter-region submarine-corridor candidate; not actual cable use or traffic dependency
AL,coastal_mainland_or_mixed,catalog_default_alpha2_rule,resolved_entry_only,52,52,20,0,20,0,0.38461538461538464,0.38461538461538464,0.0,0.38461538461538464,0.0,0.38461538461538464,very_high_candidate_dependency_proxy,1,26,17,1.0,True,eligible,trace share with at least one feasible domestic or international inter-region submarine-corridor candidate; not actual cable use or traffic dependency
AM,landlocked,catalog_landlocked_list,all_publicly_visible,42,41,0,0,0,0,0.0,0.0,0.0,0.0,0.0,0.0,no_observed_inter_region_candidate_exposure,1,21,10,0.9761904761904762,True,eligible,trace share with at least one feasible domestic or international inter-region submarine-corridor candidate; not actual cable use or traffic dependency
AM,landlocked,catalog_landlocked_list,resolved_entry_only,41,41,0,0,0,0,0.0,0.0,0.0,0.0,0.0,0.0,no_observed_inter_region_candidate_exposure,1,21,10,1.0,True,eligible,trace share with at least one feasible domestic or international inter-region submarine-corridor candidate; not actual cable use or traffic dependency
AO,coastal_mainland_or_mixed,catalog_default_alpha2_rule,all_publicly_visible,24,24,0,0,0,0,0.0,0.0,0.0,0.0,0.0,0.0,no_observed_inter_region_candidate_exposure,1,12,5,1.0,False,insufficient_minimum_mappable_traces,trace share with at least one feasible domestic or international inter-region submarine-corridor candidate; not actual cable use or traffic dependency
AO,coastal_mainland_or_mixed,catalog_default_alpha2_rule,resolved_entry_only,24,24,0,0,0,0,0.0,0.0,0.0,0.0,0.0,0.0,no_observed_inter_region_candidate_exposure,1,12,5,1.0,False,insufficient_minimum_mappable_traces,trace share with at least one feasible domestic or international inter-region submarine-corridor candidate; not actual cable use or traffic dependency
AR,coastal_mainland_or_mixed,catalog_default_alpha2_rule,all_publicly_visible,113,104,0,0,0,0,0.0,0.0,0.0,0.0,0.0,0.0,no_observed_inter_region_candidate_exposure,1,57,42,0.9203539823008849,True,eligible,trace share with at least one feasible domestic or international inter-region submarine-corridor candidate; not actual cable use or traffic dependency
AR,coastal_mainland_or_mixed,catalog_default_alpha2_rule,resolved_entry_only,104,104,0,0,0,0,0.0,0.0,0.0,0.0,0.0,0.0,no_observed_inter_region_candidate_exposure,1,53,40,1.0,True,eligible,trace share with at least one feasible domestic or international inter-region submarine-corridor candidate; not actual cable use or traffic dependency
AT,landlocked,catalog_landlocked_list,all_publicly_visible,449,435,0,0,0,6,0.0,0.0,0.0,0.0,0.013363028953229399,0.0,no_observed_inter_region_candidate_exposure,1,225,85,0.9510022271714922,True,eligible,trace share with at least one feasible domestic or international inter-region submarine-corridor candidate; not actual cable use or traffic dependency
AT,landlocked,catalog_landlocked_list,resolved_entry_only,427,427,0,0,0,6,0.0,0.0,0.0,0.0,0.01405152224824356,0.0,no_observed_inter_region_candidate_exposure,1,214,81,1.0,True,eligible,trace share with at least one feasible domestic or international inter-region submarine-corridor candidate; not actual cable use or traffic dependency
AU,coastal_mainland_or_mixed,catalog_default_alpha2_rule,all_publicly_visible,560,485,207,117,130,253,0.36964285714285716,0.4268041237113402,0.20892857142857144,0.23214285714285715,0.4517857142857143,0.36964285714285716,very_high_candidate_dependency_proxy,1,280,77,0.8660714285714286,True,eligible,trace share with at least one feasible domestic or international inter-region submarine-corridor candidate; not actual cable use or traffic dependency
AU,coastal_mainland_or_mixed,catalog_default_alpha2_rule,resolved_entry_only,485,485,207,117,130,253,0.4268041237113402,0.4268041237113402,0.24123711340206186,0.26804123711340205,0.5216494845360825,0.4268041237113402,very_high_candidate_dependency_proxy,1,243,72,1.0,True,eligible,trace share with at least one feasible domestic or international inter-region submarine-corridor candidate; not actual cable use or traffic dependency
AX,coastal_mainland_or_mixed,catalog_default_alpha2_rule,all_publicly_visible,5,5,3,0,3,3,0.6,0.6,0.0,0.6,0.6,0.6,very_high_candidate_dependency_proxy,1,2,2,1.0,False,"insufficient_minimum_mappable_traces,minimum_unique_probes,minimum_unique_probe_asns",trace share with at least one feasible domestic or international inter-region submarine-corridor candidate; not actual cable use or traffic dependency
AX,coastal_mainland_or_mixed,catalog_default_alpha2_rule,resolved_entry_only,5,5,3,0,3,3,0.6,0.6,0.0,0.6,0.6,0.6,very_high_candidate_dependency_proxy,1,2,2,1.0,False,"insufficient_minimum_mappable_traces,minimum_unique_probes,minimum_unique_probe_asns",trace share with at least one feasible domestic or international inter-region submarine-corridor candidate; not actual cable use or traffic dependency
AZ,landlocked,catalog_landlocked_list,all_publicly_visible,18,14,0,0,0,0,0.0,0.0,0.0,0.0,0.0,0.0,no_observed_inter_region_candidate_exposure,1,9,8,0.7777777777777778,False,"insufficient_minimum_mappable_traces,minimum_unique_probes",trace share with at least one feasible domestic or international inter-region submarine-corridor candidate; not actual cable use or traffic dependency
AZ,landlocked,catalog_landlocked_list,resolved_entry_only,14,14,0,0,0,0,0.0,0.0,0.0,0.0,0.0,0.0,no_observed_inter_region_candidate_exposure,1,7,7,1.0,False,"insufficient_minimum_mappable_traces,minimum_unique_probes",trace share with at least one feasible domestic or international inter-region submarine-corridor candidate; not actual cable use or traffic dependency
BA,coastal_mainland_or_mixed,catalog_default_alpha2_rule,all_publicly_visible,30,28,0,0,0,0,0.0,0.0,0.0,0.0,0.0,0.0,no_observed_inter_region_candidate_exposure,1,15,7,0.9333333333333333,False,insufficient_minimum_mappable_traces,trace share with at least one feasible domestic or international inter-region submarine-corridor candidate; not actual cable use or traffic dependency
BA,coastal_mainland_or_mixed,catalog_default_alpha2_rule,resolved_entry_only,28,28,0,0,0,0,0.0,0.0,0.0,0.0,0.0,0.0,no_observed_inter_region_candidate_exposure,1,14,7,1.0,False,insufficient_minimum_mappable_traces,trace share with at least one feasible domestic or international inter-region submarine-corridor candidate; not actual cable use or traffic dependency
BB,island_or_archipelagic,catalog_island_or_archipelagic_list,all_publicly_visible,2,2,0,0,0,0,0.0,0.0,0.0,0.0,0.0,0.0,no_observed_inter_region_candidate_exposure,1,1,1,1.0,False,"insufficient_minimum_mappable_traces,minimum_unique_probes,minimum_unique_probe_asns",trace share with at least one feasible domestic or international inter-region submarine-corridor candidate; not actual cable use or traffic dependency
BB,island_or_archipelagic,catalog_island_or_archipelagic_list,resolved_entry_only,2,2,0,0,0,0,0.0,0.0,0.0,0.0,0.0,0.0,no_observed_inter_region_candidate_exposure,1,1,1,1.0,False,"insufficient_minimum_mappable_traces,minimum_unique_probes,minimum_unique_probe_asns",trace share with at least one feasible domestic or international inter-region submarine-corridor candidate; not actual cable use or traffic dependency
BD,coastal_mainland_or_mixed,catalog_default_alpha2_rule,all_publicly_visible,22,22,10,10,6,10,0.45454545454545453,0.45454545454545453,0.45454545454545453,0.2727272727272727,0.45454545454545453,0.45454545454545453,very_high_candidate_dependency_proxy,1,11,7,1.0,False,insufficient_minimum_mappable_traces,trace share with at least one feasible domestic or international inter-region submarine-corridor candidate; not actual cable use or traffic dependency
BD,coastal_mainland_or_mixed,catalog_default_alpha2_rule,resolved_entry_only,22,22,10,10,6,10,0.45454545454545453,0.45454545454545453,0.45454545454545453,0.2727272727272727,0.45454545454545453,0.45454545454545453,very_high_candidate_dependency_proxy,1,11,7,1.0,False,insufficient_minimum_mappable_traces,trace share with at least one feasible domestic or international inter-region submarine-corridor candidate; not actual cable use or traffic dependency
BE,coastal_mainland_or_mixed,catalog_default_alpha2_rule,all_publicly_visible,322,313,12,12,0,0,0.037267080745341616,0.038338658146964855,0.037267080745341616,0.0,0.0,0.037267080745341616,low_candidate_dependency_proxy,1,160,28,0.9720496894409938,True,eligible,trace share with at least one feasible domestic or international inter-region submarine-corridor candidate; not actual cable use or traffic dependency
BE,coastal_mainland_or_mixed,catalog_default_alpha2_rule,resolved_entry_only,313,313,12,12,0,0,0.038338658146964855,0.038338658146964855,0.038338658146964855,0.0,0.0,0.038338658146964855,low_candidate_dependency_proxy,1,156,28,1.0,True,eligible,trace share with at least one feasible domestic or international inter-region submarine-corridor candidate; not actual cable use or traffic dependency
BF,landlocked,catalog_landlocked_list,all_publicly_visible,9,7,0,0,0,0,0.0,0.0,0.0,0.0,0.0,0.0,no_observed_inter_region_candidate_exposure,1,5,4,0.7777777777777778,False,"insufficient_minimum_mappable_traces,minimum_unique_probes",trace share with at least one feasible domestic or international inter-region submarine-corridor candidate; not actual cable use or traffic dependency
BF,landlocked,catalog_landlocked_list,resolved_entry_only,7,7,0,0,0,0,0.0,0.0,0.0,0.0,0.0,0.0,no_observed_inter_region_candidate_exposure,1,4,3,1.0,False,"insufficient_minimum_mappable_traces,minimum_unique_probes",trace share with at least one feasible domestic or international inter-region submarine-corridor candidate; not actual cable use or traffic dependency
BG,coastal_mainland_or_mixed,catalog_default_alpha2_rule,all_publicly_visible,180,178,3,3,0,2,0.016666666666666666,0.016853932584269662,0.016666666666666666,0.0,0.011111111111111112,0.016666666666666666,low_candidate_dependency_proxy,1,90,50,0.9777777777777777,True,eligible,trace share with at least one feasible domestic or international inter-region submarine-corridor candidate; not actual cable use or traffic dependency
BG,coastal_mainland_or_mixed,catalog_default_alpha2_rule,resolved_entry_only,176,176,3,3,0,2,0.017045454545454544,0.017045454545454544,0.017045454545454544,0.0,0.011363636363636364,0.017045454545454544,low_candidate_dependency_proxy,1,88,49,1.0,True,eligible,trace share with at least one feasible domestic or international inter-region submarine-corridor candidate; not actual cable use or traffic dependency
BH,island_or_archipelagic,catalog_island_or_archipelagic_list,all_publicly_visible,12,12,8,6,5,0,0.6666666666666666,0.6666666666666666,0.5,0.4166666666666667,0.0,0.6666666666666666,very_high_candidate_dependency_proxy,1,6,3,1.0,False,"insufficient_minimum_mappable_traces,minimum_unique_probes",trace share with at least one feasible domestic or international inter-region submarine-corridor candidate; not actual cable use or traffic dependency
BH,island_or_archipelagic,catalog_island_or_archipelagic_list,resolved_entry_only,12,12,8,6,5,0,0.6666666666666666,0.6666666666666666,0.5,0.4166666666666667,0.0,0.6666666666666666,very_high_candidate_dependency_proxy,1,6,3,1.0,False,"insufficient_minimum_mappable_traces,minimum_unique_probes",trace share with at least one feasible domestic or international inter-region submarine-corridor candidate; not actual cable use or traffic dependency
BI,landlocked,catalog_landlocked_list,all_publicly_visible,2,2,0,0,0,0,0.0,0.0,0.0,0.0,0.0,0.0,no_observed_inter_region_candidate_exposure,1,1,1,1.0,False,"insufficient_minimum_mappable_traces,minimum_unique_probes,minimum_unique_probe_asns",trace share with at least one feasible domestic or international inter-region submarine-corridor candidate; not actual cable use or traffic dependency
BI,landlocked,catalog_landlocked_list,resolved_entry_only,2,2,0,0,0,0,0.0,0.0,0.0,0.0,0.0,0.0,no_observed_inter_region_candidate_exposure,1,1,1,1.0,False,"insufficient_minimum_mappable_traces,minimum_unique_probes,minimum_unique_probe_asns",trace share with at least one feasible domestic or international inter-region submarine-corridor candidate; not actual cable use or traffic dependency
BJ,coastal_mainland_or_mixed,catalog_default_alpha2_rule,all_publicly_visible,20,20,6,0,6,0,0.3,0.3,0.0,0.3,0.0,0.3,very_high_candidate_dependency_proxy,1,10,5,1.0,False,insufficient_minimum_mappable_traces,trace share with at least one feasible domestic or international inter-region submarine-corridor candidate; not actual cable use or traffic dependency
BJ,coastal_mainland_or_mixed,catalog_default_alpha2_rule,resolved_entry_only,20,20,6,0,6,0,0.3,0.3,0.0,0.3,0.0,0.3,very_high_candidate_dependency_proxy,1,10,5,1.0,False,insufficient_minimum_mappable_traces,trace share with at least one feasible domestic or international inter-region submarine-corridor candidate; not actual cable use or traffic dependency
BL,island_or_archipelagic,catalog_island_or_archipelagic_list,all_publicly_visible,2,2,0,0,0,0,0.0,0.0,0.0,0.0,0.0,0.0,no_observed_inter_region_candidate_exposure,1,1,1,1.0,False,"insufficient_minimum_mappable_traces,minimum_unique_probes,minimum_unique_probe_asns",trace share with at least one feasible domestic or international inter-region submarine-corridor candidate; not actual cable use or traffic dependency
BL,island_or_archipelagic,catalog_island_or_archipelagic_list,resolved_entry_only,2,2,0,0,0,0,0.0,0.0,0.0,0.0,0.0,0.0,no_observed_inter_region_candidate_exposure,1,1,1,1.0,False,"insufficient_minimum_mappable_traces,minimum_unique_probes,minimum_unique_probe_asns",trace share with at least one feasible domestic or international inter-region submarine-corridor candidate; not actual cable use or traffic dependency
BO,landlocked,catalog_landlocked_list,all_publicly_visible,36,36,1,0,1,2,0.027777777777777776,0.027777777777777776,0.0,0.027777777777777776,0.05555555555555555,0.027777777777777776,low_candidate_dependency_proxy,1,18,8,1.0,True,eligible,trace share with at least one feasible domestic or international inter-region submarine-corridor candidate; not actual cable use or traffic dependency
BO,landlocked,catalog_landlocked_list,resolved_entry_only,36,36,1,0,1,2,0.027777777777777776,0.027777777777777776,0.0,0.027777777777777776,0.05555555555555555,0.027777777777777776,low_candidate_dependency_proxy,1,18,8,1.0,True,eligible,trace share with at least one feasible domestic or international inter-region submarine-corridor candidate; not actual cable use or traffic dependency
BR,coastal_mainland_or_mixed,catalog_default_alpha2_rule,all_publicly_visible,217,142,4,2,2,0,0.018433179723502304,0.028169014084507043,0.009216589861751152,0.009216589861751152,0.0,0.018433179723502304,low_candidate_dependency_proxy,1,109,70,0.6175115207373272,True,eligible,trace share with at least one feasible domestic or international inter-region submarine-corridor candidate; not actual cable use or traffic dependency
BR,coastal_mainland_or_mixed,catalog_default_alpha2_rule,resolved_entry_only,134,134,4,2,2,0,0.029850746268656716,0.029850746268656716,0.014925373134328358,0.014925373134328358,0.0,0.029850746268656716,low_candidate_dependency_proxy,1,68,42,1.0,True,eligible,trace share with at least one feasible domestic or international inter-region submarine-corridor candidate; not actual cable use or traffic dependency
BT,landlocked,catalog_landlocked_list,all_publicly_visible,4,2,2,2,0,2,0.5,1.0,0.5,0.0,0.5,0.5,very_high_candidate_dependency_proxy,1,2,2,0.5,False,"insufficient_minimum_mappable_traces,minimum_unique_probes,minimum_unique_probe_asns",trace share with at least one feasible domestic or international inter-region submarine-corridor candidate; not actual cable use or traffic dependency
BT,landlocked,catalog_landlocked_list,resolved_entry_only,2,2,2,2,0,2,1.0,1.0,1.0,0.0,1.0,1.0,very_high_candidate_dependency_proxy,1,1,1,1.0,False,"insufficient_minimum_mappable_traces,minimum_unique_probes,minimum_unique_probe_asns",trace share with at least one feasible domestic or international inter-region submarine-corridor candidate; not actual cable use or traffic dependency
BW,landlocked,catalog_landlocked_list,all_publicly_visible,2,2,0,0,0,0,0.0,0.0,0.0,0.0,0.0,0.0,no_observed_inter_region_candidate_exposure,1,1,1,1.0,False,"insufficient_minimum_mappable_traces,minimum_unique_probes,minimum_unique_probe_asns",trace share with at least one feasible domestic or international inter-region submarine-corridor candidate; not actual cable use or traffic dependency
BW,landlocked,catalog_landlocked_list,resolved_entry_only,2,2,0,0,0,0,0.0,0.0,0.0,0.0,0.0,0.0,no_observed_inter_region_candidate_exposure,1,1,1,1.0,False,"insufficient_minimum_mappable_traces,minimum_unique_probes,minimum_unique_probe_asns",trace share with at least one feasible domestic or international inter-region submarine-corridor candidate; not actual cable use or traffic dependency
BY,landlocked,catalog_landlocked_list,all_publicly_visible,54,54,2,2,0,0,0.037037037037037035,0.037037037037037035,0.037037037037037035,0.0,0.0,0.037037037037037035,low_candidate_dependency_proxy,1,27,14,0.9629629629629629,True,eligible,trace share with at least one feasible domestic or international inter-region submarine-corridor candidate; not actual cable use or traffic dependency
BY,landlocked,catalog_landlocked_list,resolved_entry_only,52,52,2,2,0,0,0.038461538461538464,0.038461538461538464,0.038461538461538464,0.0,0.0,0.038461538461538464,low_candidate_dependency_proxy,1,26,13,1.0,True,eligible,trace share with at least one feasible domestic or international inter-region submarine-corridor candidate; not actual cable use or traffic dependency
CA,coastal_mainland_or_mixed,catalog_default_alpha2_rule,all_publicly_visible,619,594,119,107,89,113,0.19224555735056542,0.20033670033670034,0.172859450726979,0.14378029079159935,0.1825525040387722,0.19224555735056542,high_candidate_dependency_proxy,1,311,95,0.938610662358643,True,eligible,trace share with at least one feasible domestic or international inter-region submarine-corridor candidate; not actual cable use or traffic dependency
CA,coastal_mainland_or_mixed,catalog_default_alpha2_rule,resolved_entry_only,581,581,119,107,89,113,0.20481927710843373,0.20481927710843373,0.18416523235800344,0.153184165232358,0.1944922547332186,0.20481927710843373,high_candidate_dependency_proxy,1,292,88,1.0,True,eligible,trace share with at least one feasible domestic or international inter-region submarine-corridor candidate; not actual cable use or traffic dependency
CD,coastal_mainland_or_mixed,catalog_default_alpha2_rule,all_publicly_visible,6,6,0,0,0,0,0.0,0.0,0.0,0.0,0.0,0.0,no_observed_inter_region_candidate_exposure,1,3,3,1.0,False,"insufficient_minimum_mappable_traces,minimum_unique_probes",trace share with at least one feasible domestic or international inter-region submarine-corridor candidate; not actual cable use or traffic dependency
CD,coastal_mainland_or_mixed,catalog_default_alpha2_rule,resolved_entry_only,6,6,0,0,0,0,0.0,0.0,0.0,0.0,0.0,0.0,no_observed_inter_region_candidate_exposure,1,3,3,1.0,False,"insufficient_minimum_mappable_traces,minimum_unique_probes",trace share with at least one feasible domestic or international inter-region submarine-corridor candidate; not actual cable use or traffic dependency
CG,coastal_mainland_or_mixed,catalog_default_alpha2_rule,all_publicly_visible,6,6,0,0,0,0,0.0,0.0,0.0,0.0,0.0,0.0,no_observed_inter_region_candidate_exposure,1,3,2,1.0,False,"insufficient_minimum_mappable_traces,minimum_unique_probes,minimum_unique_probe_asns",trace share with at least one feasible domestic or international inter-region submarine-corridor candidate; not actual cable use or traffic dependency
CG,coastal_mainland_or_mixed,catalog_default_alpha2_rule,resolved_entry_only,6,6,0,0,0,0,0.0,0.0,0.0,0.0,0.0,0.0,no_observed_inter_region_candidate_exposure,1,3,2,1.0,False,"insufficient_minimum_mappable_traces,minimum_unique_probes,minimum_unique_probe_asns",trace share with at least one feasible domestic or international inter-region submarine-corridor candidate; not actual cable use or traffic dependency
CH,landlocked,catalog_landlocked_list,all_publicly_visible,679,643,8,8,0,29,0.011782032400589101,0.012441679626749611,0.011782032400589101,0.0,0.042709867452135494,0.011782032400589101,low_candidate_dependency_proxy,1,340,86,0.93519882179676,True,eligible,trace share with at least one feasible domestic or international inter-region submarine-corridor candidate; not actual cable use or traffic dependency
CH,landlocked,catalog_landlocked_list,resolved_entry_only,635,635,8,8,0,27,0.012598425196850394,0.012598425196850394,0.012598425196850394,0.0,0.04251968503937008,0.012598425196850394,low_candidate_dependency_proxy,1,318,83,1.0,True,eligible,trace share with at least one feasible domestic or international inter-region submarine-corridor candidate; not actual cable use or traffic dependency
CI,coastal_mainland_or_mixed,catalog_default_alpha2_rule,all_publicly_visible,4,4,0,0,0,0,0.0,0.0,0.0,0.0,0.0,0.0,no_observed_inter_region_candidate_exposure,1,2,2,1.0,False,"insufficient_minimum_mappable_traces,minimum_unique_probes,minimum_unique_probe_asns",trace share with at least one feasible domestic or international inter-region submarine-corridor candidate; not actual cable use or traffic dependency
CI,coastal_mainland_or_mixed,catalog_default_alpha2_rule,resolved_entry_only,4,4,0,0,0,0,0.0,0.0,0.0,0.0,0.0,0.0,no_observed_inter_region_candidate_exposure,1,2,2,1.0,False,"insufficient_minimum_mappable_traces,minimum_unique_probes,minimum_unique_probe_asns",trace share with at least one feasible domestic or international inter-region submarine-corridor candidate; not actual cable use or traffic dependency
CK,island_or_archipelagic,catalog_island_or_archipelagic_list,all_publicly_visible,2,2,0,0,0,0,0.0,0.0,0.0,0.0,0.0,0.0,no_observed_inter_region_candidate_exposure,1,1,1,1.0,False,"insufficient_minimum_mappable_traces,minimum_unique_probes,minimum_unique_probe_asns",trace share with at least one feasible domestic or international inter-region submarine-corridor candidate; not actual cable use or traffic dependency
CK,island_or_archipelagic,catalog_island_or_archipelagic_list,resolved_entry_only,2,2,0,0,0,0,0.0,0.0,0.0,0.0,0.0,0.0,no_observed_inter_region_candidate_exposure,1,1,1,1.0,False,"insufficient_minimum_mappable_traces,minimum_unique_probes,minimum_unique_probe_asns",trace share with at least one feasible domestic or international inter-region submarine-corridor candidate; not actual cable use or traffic dependency
CL,coastal_mainland_or_mixed,catalog_default_alpha2_rule,all_publicly_visible,176,170,0,0,0,0,0.0,0.0,0.0,0.0,0.0,0.0,no_observed_inter_region_candidate_exposure,1,87,37,0.9659090909090909,True,eligible,trace share with at least one feasible domestic or international inter-region submarine-corridor candidate; not actual cable use or traffic dependency
CL,coastal_mainland_or_mixed,catalog_default_alpha2_rule,resolved_entry_only,170,170,0,0,0,0,0.0,0.0,0.0,0.0,0.0,0.0,no_observed_inter_region_candidate_exposure,1,84,35,1.0,True,eligible,trace share with at least one feasible domestic or international inter-region submarine-corridor candidate; not actual cable use or traffic dependency
CM,coastal_mainland_or_mixed,catalog_default_alpha2_rule,all_publicly_visible,4,4,2,0,2,0,0.5,0.5,0.0,0.5,0.0,0.5,very_high_candidate_dependency_proxy,1,2,2,1.0,False,"insufficient_minimum_mappable_traces,minimum_unique_probes,minimum_unique_probe_asns",trace share with at least one feasible domestic or international inter-region submarine-corridor candidate; not actual cable use or traffic dependency
CM,coastal_mainland_or_mixed,catalog_default_alpha2_rule,resolved_entry_only,4,4,2,0,2,0,0.5,0.5,0.0,0.5,0.0,0.5,very_high_candidate_dependency_proxy,1,2,2,1.0,False,"insufficient_minimum_mappable_traces,minimum_unique_probes,minimum_unique_probe_asns",trace share with at least one feasible domestic or international inter-region submarine-corridor candidate; not actual cable use or traffic dependency
CN,coastal_mainland_or_mixed,catalog_default_alpha2_rule,all_publicly_visible,159,148,12,10,4,20,0.07547169811320754,0.08108108108108109,0.06289308176100629,0.025157232704402517,0.12578616352201258,0.07547169811320754,moderate_candidate_dependency_proxy,1,79,27,0.4779874213836478,True,eligible,trace share with at least one feasible domestic or international inter-region submarine-corridor candidate; not actual cable use or traffic dependency
CN,coastal_mainland_or_mixed,catalog_default_alpha2_rule,resolved_entry_only,76,76,8,6,4,9,0.10526315789473684,0.10526315789473684,0.07894736842105263,0.05263157894736842,0.11842105263157894,0.10526315789473684,moderate_candidate_dependency_proxy,1,38,19,1.0,True,eligible,trace share with at least one feasible domestic or international inter-region submarine-corridor candidate; not actual cable use or traffic dependency
CO,coastal_mainland_or_mixed,catalog_default_alpha2_rule,all_publicly_visible,86,66,4,0,4,0,0.046511627906976744,0.06060606060606061,0.0,0.046511627906976744,0.0,0.046511627906976744,low_candidate_dependency_proxy,1,43,29,0.7441860465116279,True,eligible,trace share with at least one feasible domestic or international inter-region submarine-corridor candidate; not actual cable use or traffic dependency
CO,coastal_mainland_or_mixed,catalog_default_alpha2_rule,resolved_entry_only,64,64,4,0,4,0,0.0625,0.0625,0.0,0.0625,0.0,0.0625,moderate_candidate_dependency_proxy,1,32,23,1.0,True,eligible,trace share with at least one feasible domestic or international inter-region submarine-corridor candidate; not actual cable use or traffic dependency
CR,coastal_mainland_or_mixed,catalog_default_alpha2_rule,all_publicly_visible,36,30,0,0,0,0,0.0,0.0,0.0,0.0,0.0,0.0,no_observed_inter_region_candidate_exposure,1,18,9,0.8333333333333334,True,eligible,trace share with at least one feasible domestic or international inter-region submarine-corridor candidate; not actual cable use or traffic dependency
CR,coastal_mainland_or_mixed,catalog_default_alpha2_rule,resolved_entry_only,30,30,0,0,0,0,0.0,0.0,0.0,0.0,0.0,0.0,no_observed_inter_region_candidate_exposure,1,15,9,1.0,True,eligible,trace share with at least one feasible domestic or international inter-region submarine-corridor candidate; not actual cable use or traffic dependency
CU,island_or_archipelagic,catalog_island_or_archipelagic_list,all_publicly_visible,2,2,0,0,0,0,0.0,0.0,0.0,0.0,0.0,0.0,no_observed_inter_region_candidate_exposure,1,1,1,1.0,False,"insufficient_minimum_mappable_traces,minimum_unique_probes,minimum_unique_probe_asns",trace share with at least one feasible domestic or international inter-region submarine-corridor candidate; not actual cable use or traffic dependency
CU,island_or_archipelagic,catalog_island_or_archipelagic_list,resolved_entry_only,2,2,0,0,0,0,0.0,0.0,0.0,0.0,0.0,0.0,no_observed_inter_region_candidate_exposure,1,1,1,1.0,False,"insufficient_minimum_mappable_traces,minimum_unique_probes,minimum_unique_probe_asns",trace share with at least one feasible domestic or international inter-region submarine-corridor candidate; not actual cable use or traffic dependency
CV,island_or_archipelagic,catalog_island_or_archipelagic_list,all_publicly_visible,8,8,2,2,2,0,0.25,0.25,0.25,0.25,0.0,0.25,high_candidate_dependency_proxy,1,4,2,1.0,False,"insufficient_minimum_mappable_traces,minimum_unique_probes,minimum_unique_probe_asns",trace share with at least one feasible domestic or international inter-region submarine-corridor candidate; not actual cable use or traffic dependency
CV,island_or_archipelagic,catalog_island_or_archipelagic_list,resolved_entry_only,8,8,2,2,2,0,0.25,0.25,0.25,0.25,0.0,0.25,high_candidate_dependency_proxy,1,4,2,1.0,False,"insufficient_minimum_mappable_traces,minimum_unique_probes,minimum_unique_probe_asns",trace share with at least one feasible domestic or international inter-region submarine-corridor candidate; not actual cable use or traffic dependency
CW,island_or_archipelagic,catalog_island_or_archipelagic_list,all_publicly_visible,4,4,0,0,0,0,0.0,0.0,0.0,0.0,0.0,0.0,no_observed_inter_region_candidate_exposure,1,2,2,1.0,False,"insufficient_minimum_mappable_traces,minimum_unique_probes,minimum_unique_probe_asns",trace share with at least one feasible domestic or international inter-region submarine-corridor candidate; not actual cable use or traffic dependency
CW,island_or_archipelagic,catalog_island_or_archipelagic_list,resolved_entry_only,4,4,0,0,0,0,0.0,0.0,0.0,0.0,0.0,0.0,no_observed_inter_region_candidate_exposure,1,2,2,1.0,False,"insufficient_minimum_mappable_traces,minimum_unique_probes,minimum_unique_probe_asns",trace share with at least one feasible domestic or international inter-region submarine-corridor candidate; not actual cable use or traffic dependency
CY,island_or_archipelagic,catalog_island_or_archipelagic_list,all_publicly_visible,28,26,7,0,7,0,0.25,0.2692307692307692,0.0,0.25,0.0,0.25,high_candidate_dependency_proxy,1,14,7,0.9285714285714286,False,insufficient_minimum_mappable_traces,trace share with at least one feasible domestic or international inter-region submarine-corridor candidate; not actual cable use or traffic dependency
CY,island_or_archipelagic,catalog_island_or_archipelagic_list,resolved_entry_only,26,26,7,0,7,0,0.2692307692307692,0.2692307692307692,0.0,0.2692307692307692,0.0,0.2692307692307692,high_candidate_dependency_proxy,1,13,7,1.0,False,insufficient_minimum_mappable_traces,trace share with at least one feasible domestic or international inter-region submarine-corridor candidate; not actual cable use or traffic dependency
CZ,landlocked,catalog_landlocked_list,all_publicly_visible,569,529,14,14,0,0,0.02460456942003515,0.026465028355387523,0.02460456942003515,0.0,0.0,0.02460456942003515,low_candidate_dependency_proxy,1,285,112,0.9226713532513181,True,eligible,trace share with at least one feasible domestic or international inter-region submarine-corridor candidate; not actual cable use or traffic dependency
CZ,landlocked,catalog_landlocked_list,resolved_entry_only,525,525,14,14,0,0,0.02666666666666667,0.02666666666666667,0.02666666666666667,0.0,0.0,0.02666666666666667,low_candidate_dependency_proxy,1,264,110,1.0,True,eligible,trace share with at least one feasible domestic or international inter-region submarine-corridor candidate; not actual cable use or traffic dependency
DE,coastal_mainland_or_mixed,catalog_default_alpha2_rule,all_publicly_visible,3620,3497,60,60,12,76,0.016574585635359115,0.017157563625965114,0.016574585635359115,0.0033149171270718232,0.020994475138121547,0.016574585635359115,low_candidate_dependency_proxy,1,1812,408,0.9588397790055249,True,eligible,trace share with at least one feasible domestic or international inter-region submarine-corridor candidate; not actual cable use or traffic dependency
DE,coastal_mainland_or_mixed,catalog_default_alpha2_rule,resolved_entry_only,3471,3471,60,60,12,76,0.01728608470181504,0.01728608470181504,0.01728608470181504,0.003457216940363008,0.021895707288965716,0.01728608470181504,low_candidate_dependency_proxy,1,1740,391,1.0,True,eligible,trace share with at least one feasible domestic or international inter-region submarine-corridor candidate; not actual cable use or traffic dependency
DJ,coastal_mainland_or_mixed,catalog_default_alpha2_rule,all_publicly_visible,6,6,3,0,3,0,0.5,0.5,0.0,0.5,0.0,0.5,very_high_candidate_dependency_proxy,1,3,2,1.0,False,"insufficient_minimum_mappable_traces,minimum_unique_probes,minimum_unique_probe_asns",trace share with at least one feasible domestic or international inter-region submarine-corridor candidate; not actual cable use or traffic dependency
DJ,coastal_mainland_or_mixed,catalog_default_alpha2_rule,resolved_entry_only,6,6,3,0,3,0,0.5,0.5,0.0,0.5,0.0,0.5,very_high_candidate_dependency_proxy,1,3,2,1.0,False,"insufficient_minimum_mappable_traces,minimum_unique_probes,minimum_unique_probe_asns",trace share with at least one feasible domestic or international inter-region submarine-corridor candidate; not actual cable use or traffic dependency
DK,coastal_mainland_or_mixed,catalog_default_alpha2_rule,all_publicly_visible,221,210,171,171,120,187,0.7737556561085973,0.8142857142857143,0.7737556561085973,0.5429864253393665,0.8461538461538461,0.7737556561085973,very_high_candidate_dependency_proxy,1,110,36,0.9502262443438914,True,eligible,trace share with at least one feasible domestic or international inter-region submarine-corridor candidate; not actual cable use or traffic dependency
DK,coastal_mainland_or_mixed,catalog_default_alpha2_rule,resolved_entry_only,210,210,171,171,120,187,0.8142857142857143,0.8142857142857143,0.8142857142857143,0.5714285714285714,0.8904761904761904,0.8142857142857143,very_high_candidate_dependency_proxy,1,105,35,1.0,True,eligible,trace share with at least one feasible domestic or international inter-region submarine-corridor candidate; not actual cable use or traffic dependency
DO,island_or_archipelagic,catalog_island_or_archipelagic_list,all_publicly_visible,18,18,3,0,3,0,0.16666666666666666,0.16666666666666666,0.0,0.16666666666666666,0.0,0.16666666666666666,high_candidate_dependency_proxy,1,9,7,1.0,False,"insufficient_minimum_mappable_traces,minimum_unique_probes",trace share with at least one feasible domestic or international inter-region submarine-corridor candidate; not actual cable use or traffic dependency
DO,island_or_archipelagic,catalog_island_or_archipelagic_list,resolved_entry_only,18,18,3,0,3,0,0.16666666666666666,0.16666666666666666,0.0,0.16666666666666666,0.0,0.16666666666666666,high_candidate_dependency_proxy,1,9,7,1.0,False,"insufficient_minimum_mappable_traces,minimum_unique_probes",trace share with at least one feasible domestic or international inter-region submarine-corridor candidate; not actual cable use or traffic dependency
DZ,coastal_mainland_or_mixed,catalog_default_alpha2_rule,all_publicly_visible,2,2,0,0,0,0,0.0,0.0,0.0,0.0,0.0,0.0,no_observed_inter_region_candidate_exposure,1,1,1,1.0,False,"insufficient_minimum_mappable_traces,minimum_unique_probes,minimum_unique_probe_asns",trace share with at least one feasible domestic or international inter-region submarine-corridor candidate; not actual cable use or traffic dependency
DZ,coastal_mainland_or_mixed,catalog_default_alpha2_rule,resolved_entry_only,2,2,0,0,0,0,0.0,0.0,0.0,0.0,0.0,0.0,no_observed_inter_region_candidate_exposure,1,1,1,1.0,False,"insufficient_minimum_mappable_traces,minimum_unique_probes,minimum_unique_probe_asns",trace share with at least one feasible domestic or international inter-region submarine-corridor candidate; not actual cable use or traffic dependency
EC,coastal_mainland_or_mixed,catalog_default_alpha2_rule,all_publicly_visible,53,21,0,0,0,0,0.0,0.0,0.0,0.0,0.0,0.0,no_observed_inter_region_candidate_exposure,1,27,20,0.39622641509433965,False,insufficient_minimum_mappable_traces,trace share with at least one feasible domestic or international inter-region submarine-corridor candidate; not actual cable use or traffic dependency
EC,coastal_mainland_or_mixed,catalog_default_alpha2_rule,resolved_entry_only,21,21,0,0,0,0,0.0,0.0,0.0,0.0,0.0,0.0,no_observed_inter_region_candidate_exposure,1,11,9,1.0,False,insufficient_minimum_mappable_traces,trace share with at least one feasible domestic or international inter-region submarine-corridor candidate; not actual cable use or traffic dependency
EE,coastal_mainland_or_mixed,catalog_default_alpha2_rule,all_publicly_visible,84,72,20,4,16,0,0.23809523809523808,0.2777777777777778,0.047619047619047616,0.19047619047619047,0.0,0.23809523809523808,high_candidate_dependency_proxy,1,42,22,0.8571428571428571,True,eligible,trace share with at least one feasible domestic or international inter-region submarine-corridor candidate; not actual cable use or traffic dependency
EE,coastal_mainland_or_mixed,catalog_default_alpha2_rule,resolved_entry_only,72,72,20,4,16,0,0.2777777777777778,0.2777777777777778,0.05555555555555555,0.2222222222222222,0.0,0.2777777777777778,high_candidate_dependency_proxy,1,36,19,1.0,True,eligible,trace share with at least one feasible domestic or international inter-region submarine-corridor candidate; not actual cable use or traffic dependency
EG,coastal_mainland_or_mixed,catalog_default_alpha2_rule,all_publicly_visible,6,6,0,0,0,0,0.0,0.0,0.0,0.0,0.0,0.0,no_observed_inter_region_candidate_exposure,1,3,2,1.0,False,"insufficient_minimum_mappable_traces,minimum_unique_probes,minimum_unique_probe_asns",trace share with at least one feasible domestic or international inter-region submarine-corridor candidate; not actual cable use or traffic dependency
EG,coastal_mainland_or_mixed,catalog_default_alpha2_rule,resolved_entry_only,6,6,0,0,0,0,0.0,0.0,0.0,0.0,0.0,0.0,no_observed_inter_region_candidate_exposure,1,3,2,1.0,False,"insufficient_minimum_mappable_traces,minimum_unique_probes,minimum_unique_probe_asns",trace share with at least one feasible domestic or international inter-region submarine-corridor candidate; not actual cable use or traffic dependency
ES,coastal_mainland_or_mixed,catalog_default_alpha2_rule,all_publicly_visible,502,460,30,25,5,1,0.05976095617529881,0.06521739130434782,0.049800796812749,0.0099601593625498,0.00199203187250996,0.05976095617529881,moderate_candidate_dependency_proxy,1,250,78,0.9063745019920318,True,eligible,trace share with at least one feasible domestic or international inter-region submarine-corridor candidate; not actual cable use or traffic dependency
ES,coastal_mainland_or_mixed,catalog_default_alpha2_rule,resolved_entry_only,455,455,30,25,5,1,0.06593406593406594,0.06593406593406594,0.054945054945054944,0.01098901098901099,0.002197802197802198,0.06593406593406594,moderate_candidate_dependency_proxy,1,228,66,1.0,True,eligible,trace share with at least one feasible domestic or international inter-region submarine-corridor candidate; not actual cable use or traffic dependency
ET,landlocked,catalog_landlocked_list,all_publicly_visible,2,2,1,0,1,0,0.5,0.5,0.0,0.5,0.0,0.5,very_high_candidate_dependency_proxy,1,1,1,0.0,False,"insufficient_minimum_mappable_traces,minimum_unique_probes,minimum_unique_probe_asns",trace share with at least one feasible domestic or international inter-region submarine-corridor candidate; not actual cable use or traffic dependency
ET,landlocked,catalog_landlocked_list,resolved_entry_only,0,0,0,0,0,0,,,,,,,unknown_candidate_dependency_proxy,0,0,0,,False,"insufficient_minimum_mappable_traces,minimum_unique_probes,minimum_unique_probe_asns",trace share with at least one feasible domestic or international inter-region submarine-corridor candidate; not actual cable use or traffic dependency
FI,coastal_mainland_or_mixed,catalog_default_alpha2_rule,all_publicly_visible,352,331,116,24,92,0,0.32954545454545453,0.3504531722054381,0.06818181818181818,0.26136363636363635,0.0,0.32954545454545453,very_high_candidate_dependency_proxy,1,177,62,0.9346590909090909,True,eligible,trace share with at least one feasible domestic or international inter-region submarine-corridor candidate; not actual cable use or traffic dependency
FI,coastal_mainland_or_mixed,catalog_default_alpha2_rule,resolved_entry_only,329,329,115,24,91,0,0.3495440729483283,0.3495440729483283,0.0729483282674772,0.2765957446808511,0.0,0.3495440729483283,very_high_candidate_dependency_proxy,1,165,60,1.0,True,eligible,trace share with at least one feasible domestic or international inter-region submarine-corridor candidate; not actual cable use or traffic dependency
FJ,island_or_archipelagic,catalog_island_or_archipelagic_list,all_publicly_visible,4,2,0,0,0,2,0.0,0.0,0.0,0.0,0.5,0.0,no_observed_inter_region_candidate_exposure,1,2,2,0.5,False,"insufficient_minimum_mappable_traces,minimum_unique_probes,minimum_unique_probe_asns",trace share with at least one feasible domestic or international inter-region submarine-corridor candidate; not actual cable use or traffic dependency
FJ,island_or_archipelagic,catalog_island_or_archipelagic_list,resolved_entry_only,2,2,0,0,0,2,0.0,0.0,0.0,0.0,1.0,0.0,no_observed_inter_region_candidate_exposure,1,1,1,1.0,False,"insufficient_minimum_mappable_traces,minimum_unique_probes,minimum_unique_probe_asns",trace share with at least one feasible domestic or international inter-region submarine-corridor candidate; not actual cable use or traffic dependency
FM,island_or_archipelagic,catalog_island_or_archipelagic_list,all_publicly_visible,4,2,0,0,0,0,0.0,0.0,0.0,0.0,0.0,0.0,no_observed_inter_region_candidate_exposure,1,3,1,0.5,False,"insufficient_minimum_mappable_traces,minimum_unique_probes,minimum_unique_probe_asns",trace share with at least one feasible domestic or international inter-region submarine-corridor candidate; not actual cable use or traffic dependency
FM,island_or_archipelagic,catalog_island_or_archipelagic_list,resolved_entry_only,2,2,0,0,0,0,0.0,0.0,0.0,0.0,0.0,0.0,no_observed_inter_region_candidate_exposure,1,2,1,1.0,False,"insufficient_minimum_mappable_traces,minimum_unique_probes,minimum_unique_probe_asns",trace share with at least one feasible domestic or international inter-region submarine-corridor candidate; not actual cable use or traffic dependency
FR,coastal_mainland_or_mixed,catalog_default_alpha2_rule,all_publicly_visible,2143,2024,44,43,4,11,0.02053196453569762,0.021739130434782608,0.02006532897806813,0.0018665422305179655,0.005132991133924405,0.02053196453569762,low_candidate_dependency_proxy,1,1072,179,0.9374708352776482,True,eligible,trace share with at least one feasible domestic or international inter-region submarine-corridor candidate; not actual cable use or traffic dependency
FR,coastal_mainland_or_mixed,catalog_default_alpha2_rule,resolved_entry_only,2009,2009,42,41,4,11,0.020905923344947737,0.020905923344947737,0.02040816326530612,0.001991040318566451,0.0054753608760577405,0.020905923344947737,low_candidate_dependency_proxy,1,1014,164,1.0,True,eligible,trace share with at least one feasible domestic or international inter-region submarine-corridor candidate; not actual cable use or traffic dependency
GB,island_or_archipelagic,catalog_island_or_archipelagic_list,all_publicly_visible,1221,1126,15,8,8,7,0.012285012285012284,0.013321492007104795,0.006552006552006552,0.006552006552006552,0.005733005733005733,0.012285012285012284,low_candidate_dependency_proxy,1,612,204,0.9148239148239148,True,eligible,trace share with at least one feasible domestic or international inter-region submarine-corridor candidate; not actual cable use or traffic dependency
GB,island_or_archipelagic,catalog_island_or_archipelagic_list,resolved_entry_only,1117,1117,15,8,8,7,0.01342882721575649,0.01342882721575649,0.007162041181736795,0.007162041181736795,0.006266786034019696,0.01342882721575649,low_candidate_dependency_proxy,1,562,191,1.0,True,eligible,trace share with at least one feasible domestic or international inter-region submarine-corridor candidate; not actual cable use or traffic dependency
GE,coastal_mainland_or_mixed,catalog_default_alpha2_rule,all_publicly_visible,32,32,2,2,0,0,0.0625,0.0625,0.0625,0.0,0.0,0.0625,moderate_candidate_dependency_proxy,1,16,11,1.0,True,eligible,trace share with at least one feasible domestic or international inter-region submarine-corridor candidate; not actual cable use or traffic dependency
GE,coastal_mainland_or_mixed,catalog_default_alpha2_rule,resolved_entry_only,32,32,2,2,0,0,0.0625,0.0625,0.0625,0.0,0.0,0.0625,moderate_candidate_dependency_proxy,1,16,11,1.0,True,eligible,trace share with at least one feasible domestic or international inter-region submarine-corridor candidate; not actual cable use or traffic dependency
GF,coastal_mainland_or_mixed,catalog_default_alpha2_rule,all_publicly_visible,2,2,0,0,0,0,0.0,0.0,0.0,0.0,0.0,0.0,no_observed_inter_region_candidate_exposure,1,1,1,1.0,False,"insufficient_minimum_mappable_traces,minimum_unique_probes,minimum_unique_probe_asns",trace share with at least one feasible domestic or international inter-region submarine-corridor candidate; not actual cable use or traffic dependency
GF,coastal_mainland_or_mixed,catalog_default_alpha2_rule,resolved_entry_only,2,2,0,0,0,0,0.0,0.0,0.0,0.0,0.0,0.0,no_observed_inter_region_candidate_exposure,1,1,1,1.0,False,"insufficient_minimum_mappable_traces,minimum_unique_probes,minimum_unique_probe_asns",trace share with at least one feasible domestic or international inter-region submarine-corridor candidate; not actual cable use or traffic dependency
GG,island_or_archipelagic,catalog_island_or_archipelagic_list,all_publicly_visible,2,2,2,2,0,2,1.0,1.0,1.0,0.0,1.0,1.0,very_high_candidate_dependency_proxy,1,1,1,1.0,False,"insufficient_minimum_mappable_traces,minimum_unique_probes,minimum_unique_probe_asns",trace share with at least one feasible domestic or international inter-region submarine-corridor candidate; not actual cable use or traffic dependency
GG,island_or_archipelagic,catalog_island_or_archipelagic_list,resolved_entry_only,2,2,2,2,0,2,1.0,1.0,1.0,0.0,1.0,1.0,very_high_candidate_dependency_proxy,1,1,1,1.0,False,"insufficient_minimum_mappable_traces,minimum_unique_probes,minimum_unique_probe_asns",trace share with at least one feasible domestic or international inter-region submarine-corridor candidate; not actual cable use or traffic dependency
GH,coastal_mainland_or_mixed,catalog_default_alpha2_rule,all_publicly_visible,6,6,3,0,3,0,0.5,0.5,0.0,0.5,0.0,0.5,very_high_candidate_dependency_proxy,1,3,3,1.0,False,"insufficient_minimum_mappable_traces,minimum_unique_probes",trace share with at least one feasible domestic or international inter-region submarine-corridor candidate; not actual cable use or traffic dependency
GH,coastal_mainland_or_mixed,catalog_default_alpha2_rule,resolved_entry_only,6,6,3,0,3,0,0.5,0.5,0.0,0.5,0.0,0.5,very_high_candidate_dependency_proxy,1,3,3,1.0,False,"insufficient_minimum_mappable_traces,minimum_unique_probes",trace share with at least one feasible domestic or international inter-region submarine-corridor candidate; not actual cable use or traffic dependency
GP,island_or_archipelagic,catalog_island_or_archipelagic_list,all_publicly_visible,4,4,2,2,0,2,0.5,0.5,0.5,0.0,0.5,0.5,very_high_candidate_dependency_proxy,1,2,2,1.0,False,"insufficient_minimum_mappable_traces,minimum_unique_probes,minimum_unique_probe_asns",trace share with at least one feasible domestic or international inter-region submarine-corridor candidate; not actual cable use or traffic dependency
GP,island_or_archipelagic,catalog_island_or_archipelagic_list,resolved_entry_only,4,4,2,2,0,2,0.5,0.5,0.5,0.0,0.5,0.5,very_high_candidate_dependency_proxy,1,2,2,1.0,False,"insufficient_minimum_mappable_traces,minimum_unique_probes,minimum_unique_probe_asns",trace share with at least one feasible domestic or international inter-region submarine-corridor candidate; not actual cable use or traffic dependency
GQ,coastal_mainland_or_mixed,catalog_default_alpha2_rule,all_publicly_visible,2,2,0,0,0,0,0.0,0.0,0.0,0.0,0.0,0.0,no_observed_inter_region_candidate_exposure,1,1,1,0.0,False,"insufficient_minimum_mappable_traces,minimum_unique_probes,minimum_unique_probe_asns",trace share with at least one feasible domestic or international inter-region submarine-corridor candidate; not actual cable use or traffic dependency
GQ,coastal_mainland_or_mixed,catalog_default_alpha2_rule,resolved_entry_only,0,0,0,0,0,0,,,,,,,unknown_candidate_dependency_proxy,0,0,0,,False,"insufficient_minimum_mappable_traces,minimum_unique_probes,minimum_unique_probe_asns",trace share with at least one feasible domestic or international inter-region submarine-corridor candidate; not actual cable use or traffic dependency
GR,coastal_mainland_or_mixed,catalog_default_alpha2_rule,all_publicly_visible,151,141,38,38,0,0,0.25165562913907286,0.2695035460992908,0.25165562913907286,0.0,0.0,0.25165562913907286,high_candidate_dependency_proxy,1,76,25,0.9337748344370861,True,eligible,trace share with at least one feasible domestic or international inter-region submarine-corridor candidate; not actual cable use or traffic dependency
GR,coastal_mainland_or_mixed,catalog_default_alpha2_rule,resolved_entry_only,141,141,38,38,0,0,0.2695035460992908,0.2695035460992908,0.2695035460992908,0.0,0.0,0.2695035460992908,high_candidate_dependency_proxy,1,71,25,1.0,True,eligible,trace share with at least one feasible domestic or international inter-region submarine-corridor candidate; not actual cable use or traffic dependency
GT,coastal_mainland_or_mixed,catalog_default_alpha2_rule,all_publicly_visible,8,4,2,0,2,0,0.25,0.5,0.0,0.25,0.0,0.25,high_candidate_dependency_proxy,1,4,3,0.5,False,"insufficient_minimum_mappable_traces,minimum_unique_probes",trace share with at least one feasible domestic or international inter-region submarine-corridor candidate; not actual cable use or traffic dependency
GT,coastal_mainland_or_mixed,catalog_default_alpha2_rule,resolved_entry_only,4,4,2,0,2,0,0.5,0.5,0.0,0.5,0.0,0.5,very_high_candidate_dependency_proxy,1,2,2,1.0,False,"insufficient_minimum_mappable_traces,minimum_unique_probes,minimum_unique_probe_asns",trace share with at least one feasible domestic or international inter-region submarine-corridor candidate; not actual cable use or traffic dependency
GU,island_or_archipelagic,catalog_island_or_archipelagic_list,all_publicly_visible,18,12,6,6,2,12,0.3333333333333333,0.5,0.3333333333333333,0.1111111111111111,0.6666666666666666,0.3333333333333333,very_high_candidate_dependency_proxy,1,9,5,0.0,False,"insufficient_minimum_mappable_traces,minimum_unique_probes",trace share with at least one feasible domestic or international inter-region submarine-corridor candidate; not actual cable use or traffic dependency
GU,island_or_archipelagic,catalog_island_or_archipelagic_list,resolved_entry_only,0,0,0,0,0,0,,,,,,,unknown_candidate_dependency_proxy,0,0,0,,False,"insufficient_minimum_mappable_traces,minimum_unique_probes,minimum_unique_probe_asns",trace share with at least one feasible domestic or international inter-region submarine-corridor candidate; not actual cable use or traffic dependency
HK,coastal_mainland_or_mixed,catalog_default_alpha2_rule,all_publicly_visible,132,127,101,87,78,107,0.7651515151515151,0.7952755905511811,0.6590909090909091,0.5909090909090909,0.8106060606060606,0.7651515151515151,very_high_candidate_dependency_proxy,1,66,40,0.9545454545454546,True,eligible,trace share with at least one feasible domestic or international inter-region submarine-corridor candidate; not actual cable use or traffic dependency
HK,coastal_mainland_or_mixed,catalog_default_alpha2_rule,resolved_entry_only,126,126,100,86,78,106,0.7936507936507936,0.7936507936507936,0.6825396825396826,0.6190476190476191,0.8412698412698413,0.7936507936507936,very_high_candidate_dependency_proxy,1,63,38,1.0,True,eligible,trace share with at least one feasible domestic or international inter-region submarine-corridor candidate; not actual cable use or traffic dependency
HN,coastal_mainland_or_mixed,catalog_default_alpha2_rule,all_publicly_visible,22,18,13,0,13,0,0.5909090909090909,0.7222222222222222,0.0,0.5909090909090909,0.0,0.5909090909090909,very_high_candidate_dependency_proxy,1,11,8,0.8181818181818182,False,insufficient_minimum_mappable_traces,trace share with at least one feasible domestic or international inter-region submarine-corridor candidate; not actual cable use or traffic dependency
HN,coastal_mainland_or_mixed,catalog_default_alpha2_rule,resolved_entry_only,18,18,13,0,13,0,0.7222222222222222,0.7222222222222222,0.0,0.7222222222222222,0.0,0.7222222222222222,very_high_candidate_dependency_proxy,1,9,7,1.0,False,"insufficient_minimum_mappable_traces,minimum_unique_probes",trace share with at least one feasible domestic or international inter-region submarine-corridor candidate; not actual cable use or traffic dependency
HR,coastal_mainland_or_mixed,catalog_default_alpha2_rule,all_publicly_visible,94,94,11,11,0,0,0.11702127659574468,0.11702127659574468,0.11702127659574468,0.0,0.0,0.11702127659574468,moderate_candidate_dependency_proxy,1,47,22,1.0,True,eligible,trace share with at least one feasible domestic or international inter-region submarine-corridor candidate; not actual cable use or traffic dependency
HR,coastal_mainland_or_mixed,catalog_default_alpha2_rule,resolved_entry_only,94,94,11,11,0,0,0.11702127659574468,0.11702127659574468,0.11702127659574468,0.0,0.0,0.11702127659574468,moderate_candidate_dependency_proxy,1,47,22,1.0,True,eligible,trace share with at least one feasible domestic or international inter-region submarine-corridor candidate; not actual cable use or traffic dependency
HT,island_or_archipelagic,catalog_island_or_archipelagic_list,all_publicly_visible,2,2,0,0,0,0,0.0,0.0,0.0,0.0,0.0,0.0,no_observed_inter_region_candidate_exposure,1,1,1,1.0,False,"insufficient_minimum_mappable_traces,minimum_unique_probes,minimum_unique_probe_asns",trace share with at least one feasible domestic or international inter-region submarine-corridor candidate; not actual cable use or traffic dependency
HT,island_or_archipelagic,catalog_island_or_archipelagic_list,resolved_entry_only,2,2,0,0,0,0,0.0,0.0,0.0,0.0,0.0,0.0,no_observed_inter_region_candidate_exposure,1,1,1,1.0,False,"insufficient_minimum_mappable_traces,minimum_unique_probes,minimum_unique_probe_asns",trace share with at least one feasible domestic or international inter-region submarine-corridor candidate; not actual cable use or traffic dependency
HU,landlocked,catalog_landlocked_list,all_publicly_visible,110,104,2,2,0,0,0.01818181818181818,0.019230769230769232,0.01818181818181818,0.0,0.0,0.01818181818181818,low_candidate_dependency_proxy,1,55,21,0.9454545454545454,True,eligible,trace share with at least one feasible domestic or international inter-region submarine-corridor candidate; not actual cable use or traffic dependency
HU,landlocked,catalog_landlocked_list,resolved_entry_only,104,104,2,2,0,0,0.019230769230769232,0.019230769230769232,0.019230769230769232,0.0,0.0,0.019230769230769232,low_candidate_dependency_proxy,1,52,21,1.0,True,eligible,trace share with at least one feasible domestic or international inter-region submarine-corridor candidate; not actual cable use or traffic dependency
ID,island_or_archipelagic,catalog_island_or_archipelagic_list,all_publicly_visible,193,187,181,180,10,4,0.9378238341968912,0.9679144385026738,0.9326424870466321,0.05181347150259067,0.02072538860103627,0.9378238341968912,very_high_candidate_dependency_proxy,1,96,66,0.9689119170984456,True,eligible,trace share with at least one feasible domestic or international inter-region submarine-corridor candidate; not actual cable use or traffic dependency
ID,island_or_archipelagic,catalog_island_or_archipelagic_list,resolved_entry_only,187,187,181,180,10,4,0.9679144385026738,0.9679144385026738,0.9625668449197861,0.053475935828877004,0.0213903743315508,0.9679144385026738,very_high_candidate_dependency_proxy,1,93,65,1.0,True,eligible,trace share with at least one feasible domestic or international inter-region submarine-corridor candidate; not actual cable use or traffic dependency
IE,island_or_archipelagic,catalog_island_or_archipelagic_list,all_publicly_visible,200,190,16,0,16,0,0.08,0.08421052631578947,0.0,0.08,0.0,0.08,moderate_candidate_dependency_proxy,1,100,27,0.93,True,eligible,trace share with at least one feasible domestic or international inter-region submarine-corridor candidate; not actual cable use or traffic dependency
IE,island_or_archipelagic,catalog_island_or_archipelagic_list,resolved_entry_only,186,186,16,0,16,0,0.08602150537634409,0.08602150537634409,0.0,0.08602150537634409,0.0,0.08602150537634409,moderate_candidate_dependency_proxy,1,93,24,1.0,True,eligible,trace share with at least one feasible domestic or international inter-region submarine-corridor candidate; not actual cable use or traffic dependency
IL,coastal_mainland_or_mixed,catalog_default_alpha2_rule,all_publicly_visible,68,64,44,39,9,39,0.6470588235294118,0.6875,0.5735294117647058,0.1323529411764706,0.5735294117647058,0.6470588235294118,very_high_candidate_dependency_proxy,1,34,13,0.9411764705882353,True,eligible,trace share with at least one feasible domestic or international inter-region submarine-corridor candidate; not actual cable use or traffic dependency
IL,coastal_mainland_or_mixed,catalog_default_alpha2_rule,resolved_entry_only,64,64,44,39,9,39,0.6875,0.6875,0.609375,0.140625,0.609375,0.6875,very_high_candidate_dependency_proxy,1,32,13,1.0,True,eligible,trace share with at least one feasible domestic or international inter-region submarine-corridor candidate; not actual cable use or traffic dependency
IM,island_or_archipelagic,catalog_island_or_archipelagic_list,all_publicly_visible,6,6,0,0,0,4,0.0,0.0,0.0,0.0,0.6666666666666666,0.0,no_observed_inter_region_candidate_exposure,1,3,3,1.0,False,"insufficient_minimum_mappable_traces,minimum_unique_probes",trace share with at least one feasible domestic or international inter-region submarine-corridor candidate; not actual cable use or traffic dependency
IM,island_or_archipelagic,catalog_island_or_archipelagic_list,resolved_entry_only,6,6,0,0,0,4,0.0,0.0,0.0,0.0,0.6666666666666666,0.0,no_observed_inter_region_candidate_exposure,1,3,3,1.0,False,"insufficient_minimum_mappable_traces,minimum_unique_probes",trace share with at least one feasible domestic or international inter-region submarine-corridor candidate; not actual cable use or traffic dependency
IN,coastal_mainland_or_mixed,catalog_default_alpha2_rule,all_publicly_visible,307,224,7,7,0,4,0.02280130293159609,0.03125,0.02280130293159609,0.0,0.013029315960912053,0.02280130293159609,low_candidate_dependency_proxy,1,152,63,0.7166123778501629,True,eligible,trace share with at least one feasible domestic or international inter-region submarine-corridor candidate; not actual cable use or traffic dependency
IN,coastal_mainland_or_mixed,catalog_default_alpha2_rule,resolved_entry_only,220,220,7,7,0,4,0.031818181818181815,0.031818181818181815,0.031818181818181815,0.0,0.01818181818181818,0.031818181818181815,low_candidate_dependency_proxy,1,110,51,1.0,True,eligible,trace share with at least one feasible domestic or international inter-region submarine-corridor candidate; not actual cable use or traffic dependency
IQ,coastal_mainland_or_mixed,catalog_default_alpha2_rule,all_publicly_visible,20,12,0,0,0,0,0.0,0.0,0.0,0.0,0.0,0.0,no_observed_inter_region_candidate_exposure,1,10,8,0.6,False,insufficient_minimum_mappable_traces,trace share with at least one feasible domestic or international inter-region submarine-corridor candidate; not actual cable use or traffic dependency
IQ,coastal_mainland_or_mixed,catalog_default_alpha2_rule,resolved_entry_only,12,12,0,0,0,0,0.0,0.0,0.0,0.0,0.0,0.0,no_observed_inter_region_candidate_exposure,1,6,6,1.0,False,"insufficient_minimum_mappable_traces,minimum_unique_probes",trace share with at least one feasible domestic or international inter-region submarine-corridor candidate; not actual cable use or traffic dependency
IR,coastal_mainland_or_mixed,catalog_default_alpha2_rule,all_publicly_visible,94,42,0,0,0,0,0.0,0.0,0.0,0.0,0.0,0.0,no_observed_inter_region_candidate_exposure,1,47,24,0.425531914893617,True,eligible,trace share with at least one feasible domestic or international inter-region submarine-corridor candidate; not actual cable use or traffic dependency
IR,coastal_mainland_or_mixed,catalog_default_alpha2_rule,resolved_entry_only,40,40,0,0,0,0,0.0,0.0,0.0,0.0,0.0,0.0,no_observed_inter_region_candidate_exposure,1,23,14,1.0,True,eligible,trace share with at least one feasible domestic or international inter-region submarine-corridor candidate; not actual cable use or traffic dependency
IS,island_or_archipelagic,catalog_island_or_archipelagic_list,all_publicly_visible,24,24,0,0,0,0,0.0,0.0,0.0,0.0,0.0,0.0,no_observed_inter_region_candidate_exposure,1,12,9,1.0,False,insufficient_minimum_mappable_traces,trace share with at least one feasible domestic or international inter-region submarine-corridor candidate; not actual cable use or traffic dependency
IS,island_or_archipelagic,catalog_island_or_archipelagic_list,resolved_entry_only,24,24,0,0,0,0,0.0,0.0,0.0,0.0,0.0,0.0,no_observed_inter_region_candidate_exposure,1,12,9,1.0,False,insufficient_minimum_mappable_traces,trace share with at least one feasible domestic or international inter-region submarine-corridor candidate; not actual cable use or traffic dependency
IT,coastal_mainland_or_mixed,catalog_default_alpha2_rule,all_publicly_visible,687,651,2,2,0,0,0.002911208151382824,0.0030721966205837174,0.002911208151382824,0.0,0.0,0.002911208151382824,low_candidate_dependency_proxy,1,345,117,0.9213973799126638,True,eligible,trace share with at least one feasible domestic or international inter-region submarine-corridor candidate; not actual cable use or traffic dependency
IT,coastal_mainland_or_mixed,catalog_default_alpha2_rule,resolved_entry_only,633,633,2,2,0,0,0.00315955766192733,0.00315955766192733,0.00315955766192733,0.0,0.0,0.00315955766192733,low_candidate_dependency_proxy,1,318,110,1.0,True,eligible,trace share with at least one feasible domestic or international inter-region submarine-corridor candidate; not actual cable use or traffic dependency
JM,island_or_archipelagic,catalog_island_or_archipelagic_list,all_publicly_visible,12,12,8,8,0,0,0.6666666666666666,0.6666666666666666,0.6666666666666666,0.0,0.0,0.6666666666666666,very_high_candidate_dependency_proxy,1,6,3,1.0,False,"insufficient_minimum_mappable_traces,minimum_unique_probes",trace share with at least one feasible domestic or international inter-region submarine-corridor candidate; not actual cable use or traffic dependency
JM,island_or_archipelagic,catalog_island_or_archipelagic_list,resolved_entry_only,12,12,8,8,0,0,0.6666666666666666,0.6666666666666666,0.6666666666666666,0.0,0.0,0.6666666666666666,very_high_candidate_dependency_proxy,1,6,3,1.0,False,"insufficient_minimum_mappable_traces,minimum_unique_probes",trace share with at least one feasible domestic or international inter-region submarine-corridor candidate; not actual cable use or traffic dependency
JO,coastal_mainland_or_mixed,catalog_default_alpha2_rule,all_publicly_visible,8,4,0,0,0,0,0.0,0.0,0.0,0.0,0.0,0.0,no_observed_inter_region_candidate_exposure,1,4,4,0.5,False,"insufficient_minimum_mappable_traces,minimum_unique_probes",trace share with at least one feasible domestic or international inter-region submarine-corridor candidate; not actual cable use or traffic dependency
JO,coastal_mainland_or_mixed,catalog_default_alpha2_rule,resolved_entry_only,4,4,0,0,0,0,0.0,0.0,0.0,0.0,0.0,0.0,no_observed_inter_region_candidate_exposure,1,2,2,1.0,False,"insufficient_minimum_mappable_traces,minimum_unique_probes,minimum_unique_probe_asns",trace share with at least one feasible domestic or international inter-region submarine-corridor candidate; not actual cable use or traffic dependency
JP,island_or_archipelagic,catalog_island_or_archipelagic_list,all_publicly_visible,580,544,316,313,11,366,0.5448275862068965,0.5808823529411765,0.5396551724137931,0.01896551724137931,0.6310344827586207,0.5448275862068965,very_high_candidate_dependency_proxy,1,290,118,0.9344827586206896,True,eligible,trace share with at least one feasible domestic or international inter-region submarine-corridor candidate; not actual cable use or traffic dependency
JP,island_or_archipelagic,catalog_island_or_archipelagic_list,resolved_entry_only,542,542,314,311,11,364,0.5793357933579336,0.5793357933579336,0.5738007380073801,0.02029520295202952,0.6715867158671587,0.5793357933579336,very_high_candidate_dependency_proxy,1,271,114,1.0,True,eligible,trace share with at least one feasible domestic or international inter-region submarine-corridor candidate; not actual cable use or traffic dependency
KE,coastal_mainland_or_mixed,catalog_default_alpha2_rule,all_publicly_visible,34,32,7,3,7,8,0.20588235294117646,0.21875,0.08823529411764706,0.20588235294117646,0.23529411764705882,0.20588235294117646,high_candidate_dependency_proxy,1,17,11,0.9411764705882353,True,eligible,trace share with at least one feasible domestic or international inter-region submarine-corridor candidate; not actual cable use or traffic dependency
KE,coastal_mainland_or_mixed,catalog_default_alpha2_rule,resolved_entry_only,32,32,7,3,7,8,0.21875,0.21875,0.09375,0.21875,0.25,0.21875,high_candidate_dependency_proxy,1,16,11,1.0,True,eligible,trace share with at least one feasible domestic or international inter-region submarine-corridor candidate; not actual cable use or traffic dependency
KG,landlocked,catalog_landlocked_list,all_publicly_visible,46,40,0,0,0,0,0.0,0.0,0.0,0.0,0.0,0.0,no_observed_inter_region_candidate_exposure,1,23,12,0.8478260869565217,True,eligible,trace share with at least one feasible domestic or international inter-region submarine-corridor candidate; not actual cable use or traffic dependency
KG,landlocked,catalog_landlocked_list,resolved_entry_only,39,39,0,0,0,0,0.0,0.0,0.0,0.0,0.0,0.0,no_observed_inter_region_candidate_exposure,1,20,10,1.0,True,eligible,trace share with at least one feasible domestic or international inter-region submarine-corridor candidate; not actual cable use or traffic dependency
KH,coastal_mainland_or_mixed,catalog_default_alpha2_rule,all_publicly_visible,14,12,10,10,0,10,0.7142857142857143,0.8333333333333334,0.7142857142857143,0.0,0.7142857142857143,0.7142857142857143,very_high_candidate_dependency_proxy,1,7,7,0.8571428571428571,False,"insufficient_minimum_mappable_traces,minimum_unique_probes",trace share with at least one feasible domestic or international inter-region submarine-corridor candidate; not actual cable use or traffic dependency
KH,coastal_mainland_or_mixed,catalog_default_alpha2_rule,resolved_entry_only,12,12,10,10,0,10,0.8333333333333334,0.8333333333333334,0.8333333333333334,0.0,0.8333333333333334,0.8333333333333334,very_high_candidate_dependency_proxy,1,6,6,1.0,False,"insufficient_minimum_mappable_traces,minimum_unique_probes",trace share with at least one feasible domestic or international inter-region submarine-corridor candidate; not actual cable use or traffic dependency
KI,island_or_archipelagic,catalog_island_or_archipelagic_list,all_publicly_visible,4,4,2,0,2,3,0.5,0.5,0.0,0.5,0.75,0.5,very_high_candidate_dependency_proxy,1,2,1,1.0,False,"insufficient_minimum_mappable_traces,minimum_unique_probes,minimum_unique_probe_asns",trace share with at least one feasible domestic or international inter-region submarine-corridor candidate; not actual cable use or traffic dependency
KI,island_or_archipelagic,catalog_island_or_archipelagic_list,resolved_entry_only,4,4,2,0,2,3,0.5,0.5,0.0,0.5,0.75,0.5,very_high_candidate_dependency_proxy,1,2,1,1.0,False,"insufficient_minimum_mappable_traces,minimum_unique_probes,minimum_unique_probe_asns",trace share with at least one feasible domestic or international inter-region submarine-corridor candidate; not actual cable use or traffic dependency
KN,island_or_archipelagic,catalog_island_or_archipelagic_list,all_publicly_visible,2,2,2,2,0,0,1.0,1.0,1.0,0.0,0.0,1.0,very_high_candidate_dependency_proxy,1,1,1,1.0,False,"insufficient_minimum_mappable_traces,minimum_unique_probes,minimum_unique_probe_asns",trace share with at least one feasible domestic or international inter-region submarine-corridor candidate; not actual cable use or traffic dependency
KN,island_or_archipelagic,catalog_island_or_archipelagic_list,resolved_entry_only,2,2,2,2,0,0,1.0,1.0,1.0,0.0,0.0,1.0,very_high_candidate_dependency_proxy,1,1,1,1.0,False,"insufficient_minimum_mappable_traces,minimum_unique_probes,minimum_unique_probe_asns",trace share with at least one feasible domestic or international inter-region submarine-corridor candidate; not actual cable use or traffic dependency
KR,coastal_mainland_or_mixed,catalog_default_alpha2_rule,all_publicly_visible,70,55,19,18,5,10,0.2714285714285714,0.34545454545454546,0.2571428571428571,0.07142857142857142,0.14285714285714285,0.2714285714285714,high_candidate_dependency_proxy,1,35,14,0.7571428571428571,True,eligible,trace share with at least one feasible domestic or international inter-region submarine-corridor candidate; not actual cable use or traffic dependency
KR,coastal_mainland_or_mixed,catalog_default_alpha2_rule,resolved_entry_only,53,53,19,18,5,10,0.3584905660377358,0.3584905660377358,0.33962264150943394,0.09433962264150944,0.18867924528301888,0.3584905660377358,very_high_candidate_dependency_proxy,1,27,11,1.0,True,eligible,trace share with at least one feasible domestic or international inter-region submarine-corridor candidate; not actual cable use or traffic dependency
KW,coastal_mainland_or_mixed,catalog_default_alpha2_rule,all_publicly_visible,4,2,0,0,0,0,0.0,0.0,0.0,0.0,0.0,0.0,no_observed_inter_region_candidate_exposure,1,2,2,0.5,False,"insufficient_minimum_mappable_traces,minimum_unique_probes,minimum_unique_probe_asns",trace share with at least one feasible domestic or international inter-region submarine-corridor candidate; not actual cable use or traffic dependency
KW,coastal_mainland_or_mixed,catalog_default_alpha2_rule,resolved_entry_only,2,2,0,0,0,0,0.0,0.0,0.0,0.0,0.0,0.0,no_observed_inter_region_candidate_exposure,1,1,1,1.0,False,"insufficient_minimum_mappable_traces,minimum_unique_probes,minimum_unique_probe_asns",trace share with at least one feasible domestic or international inter-region submarine-corridor candidate; not actual cable use or traffic dependency
KY,island_or_archipelagic,catalog_island_or_archipelagic_list,all_publicly_visible,2,2,2,0,2,0,1.0,1.0,0.0,1.0,0.0,1.0,very_high_candidate_dependency_proxy,1,1,1,1.0,False,"insufficient_minimum_mappable_traces,minimum_unique_probes,minimum_unique_probe_asns",trace share with at least one feasible domestic or international inter-region submarine-corridor candidate; not actual cable use or traffic dependency
KY,island_or_archipelagic,catalog_island_or_archipelagic_list,resolved_entry_only,2,2,2,0,2,0,1.0,1.0,0.0,1.0,0.0,1.0,very_high_candidate_dependency_proxy,1,1,1,1.0,False,"insufficient_minimum_mappable_traces,minimum_unique_probes,minimum_unique_probe_asns",trace share with at least one feasible domestic or international inter-region submarine-corridor candidate; not actual cable use or traffic dependency
KZ,landlocked,catalog_landlocked_list,all_publicly_visible,144,144,0,0,0,0,0.0,0.0,0.0,0.0,0.0,0.0,no_observed_inter_region_candidate_exposure,1,72,23,1.0,True,eligible,trace share with at least one feasible domestic or international inter-region submarine-corridor candidate; not actual cable use or traffic dependency
KZ,landlocked,catalog_landlocked_list,resolved_entry_only,144,144,0,0,0,0,0.0,0.0,0.0,0.0,0.0,0.0,no_observed_inter_region_candidate_exposure,1,72,23,1.0,True,eligible,trace share with at least one feasible domestic or international inter-region submarine-corridor candidate; not actual cable use or traffic dependency
LA,landlocked,catalog_landlocked_list,all_publicly_visible,8,8,8,8,8,8,1.0,1.0,1.0,1.0,1.0,1.0,very_high_candidate_dependency_proxy,1,4,1,1.0,False,"insufficient_minimum_mappable_traces,minimum_unique_probes,minimum_unique_probe_asns",trace share with at least one feasible domestic or international inter-region submarine-corridor candidate; not actual cable use or traffic dependency
LA,landlocked,catalog_landlocked_list,resolved_entry_only,8,8,8,8,8,8,1.0,1.0,1.0,1.0,1.0,1.0,very_high_candidate_dependency_proxy,1,4,1,1.0,False,"insufficient_minimum_mappable_traces,minimum_unique_probes,minimum_unique_probe_asns",trace share with at least one feasible domestic or international inter-region submarine-corridor candidate; not actual cable use or traffic dependency
LB,coastal_mainland_or_mixed,catalog_default_alpha2_rule,all_publicly_visible,8,6,0,0,0,0,0.0,0.0,0.0,0.0,0.0,0.0,no_observed_inter_region_candidate_exposure,1,4,4,0.75,False,"insufficient_minimum_mappable_traces,minimum_unique_probes",trace share with at least one feasible domestic or international inter-region submarine-corridor candidate; not actual cable use or traffic dependency
LB,coastal_mainland_or_mixed,catalog_default_alpha2_rule,resolved_entry_only,6,6,0,0,0,0,0.0,0.0,0.0,0.0,0.0,0.0,no_observed_inter_region_candidate_exposure,1,3,3,1.0,False,"insufficient_minimum_mappable_traces,minimum_unique_probes",trace share with at least one feasible domestic or international inter-region submarine-corridor candidate; not actual cable use or traffic dependency
LC,island_or_archipelagic,catalog_island_or_archipelagic_list,all_publicly_visible,4,4,0,0,0,0,0.0,0.0,0.0,0.0,0.0,0.0,no_observed_inter_region_candidate_exposure,1,2,1,1.0,False,"insufficient_minimum_mappable_traces,minimum_unique_probes,minimum_unique_probe_asns",trace share with at least one feasible domestic or international inter-region submarine-corridor candidate; not actual cable use or traffic dependency
LC,island_or_archipelagic,catalog_island_or_archipelagic_list,resolved_entry_only,4,4,0,0,0,0,0.0,0.0,0.0,0.0,0.0,0.0,no_observed_inter_region_candidate_exposure,1,2,1,1.0,False,"insufficient_minimum_mappable_traces,minimum_unique_probes,minimum_unique_probe_asns",trace share with at least one feasible domestic or international inter-region submarine-corridor candidate; not actual cable use or traffic dependency
LI,landlocked,catalog_landlocked_list,all_publicly_visible,6,6,0,0,0,0,0.0,0.0,0.0,0.0,0.0,0.0,no_observed_inter_region_candidate_exposure,1,3,3,1.0,False,"insufficient_minimum_mappable_traces,minimum_unique_probes",trace share with at least one feasible domestic or international inter-region submarine-corridor candidate; not actual cable use or traffic dependency
LI,landlocked,catalog_landlocked_list,resolved_entry_only,6,6,0,0,0,0,0.0,0.0,0.0,0.0,0.0,0.0,no_observed_inter_region_candidate_exposure,1,3,3,1.0,False,"insufficient_minimum_mappable_traces,minimum_unique_probes",trace share with at least one feasible domestic or international inter-region submarine-corridor candidate; not actual cable use or traffic dependency
LK,island_or_archipelagic,catalog_island_or_archipelagic_list,all_publicly_visible,26,24,6,6,6,6,0.23076923076923078,0.25,0.23076923076923078,0.23076923076923078,0.23076923076923078,0.23076923076923078,high_candidate_dependency_proxy,1,13,6,0.9230769230769231,False,insufficient_minimum_mappable_traces,trace share with at least one feasible domestic or international inter-region submarine-corridor candidate; not actual cable use or traffic dependency
LK,island_or_archipelagic,catalog_island_or_archipelagic_list,resolved_entry_only,24,24,6,6,6,6,0.25,0.25,0.25,0.25,0.25,0.25,high_candidate_dependency_proxy,1,12,6,1.0,False,insufficient_minimum_mappable_traces,trace share with at least one feasible domestic or international inter-region submarine-corridor candidate; not actual cable use or traffic dependency
LR,coastal_mainland_or_mixed,catalog_default_alpha2_rule,all_publicly_visible,2,2,0,0,0,0,0.0,0.0,0.0,0.0,0.0,0.0,no_observed_inter_region_candidate_exposure,1,1,1,0.0,False,"insufficient_minimum_mappable_traces,minimum_unique_probes,minimum_unique_probe_asns",trace share with at least one feasible domestic or international inter-region submarine-corridor candidate; not actual cable use or traffic dependency
LR,coastal_mainland_or_mixed,catalog_default_alpha2_rule,resolved_entry_only,0,0,0,0,0,0,,,,,,,unknown_candidate_dependency_proxy,0,0,0,,False,"insufficient_minimum_mappable_traces,minimum_unique_probes,minimum_unique_probe_asns",trace share with at least one feasible domestic or international inter-region submarine-corridor candidate; not actual cable use or traffic dependency
LS,landlocked,catalog_landlocked_list,all_publicly_visible,2,2,0,0,0,0,0.0,0.0,0.0,0.0,0.0,0.0,no_observed_inter_region_candidate_exposure,1,1,1,1.0,False,"insufficient_minimum_mappable_traces,minimum_unique_probes,minimum_unique_probe_asns",trace share with at least one feasible domestic or international inter-region submarine-corridor candidate; not actual cable use or traffic dependency
LS,landlocked,catalog_landlocked_list,resolved_entry_only,2,2,0,0,0,0,0.0,0.0,0.0,0.0,0.0,0.0,no_observed_inter_region_candidate_exposure,1,1,1,1.0,False,"insufficient_minimum_mappable_traces,minimum_unique_probes,minimum_unique_probe_asns",trace share with at least one feasible domestic or international inter-region submarine-corridor candidate; not actual cable use or traffic dependency
LT,coastal_mainland_or_mixed,catalog_default_alpha2_rule,all_publicly_visible,86,82,4,4,0,0,0.046511627906976744,0.04878048780487805,0.046511627906976744,0.0,0.0,0.046511627906976744,low_candidate_dependency_proxy,1,43,25,0.9534883720930233,True,eligible,trace share with at least one feasible domestic or international inter-region submarine-corridor candidate; not actual cable use or traffic dependency
LT,coastal_mainland_or_mixed,catalog_default_alpha2_rule,resolved_entry_only,82,82,4,4,0,0,0.04878048780487805,0.04878048780487805,0.04878048780487805,0.0,0.0,0.04878048780487805,low_candidate_dependency_proxy,1,41,24,1.0,True,eligible,trace share with at least one feasible domestic or international inter-region submarine-corridor candidate; not actual cable use or traffic dependency
LU,landlocked,catalog_landlocked_list,all_publicly_visible,96,90,4,4,0,4,0.041666666666666664,0.044444444444444446,0.041666666666666664,0.0,0.041666666666666664,0.041666666666666664,low_candidate_dependency_proxy,1,48,22,0.90625,True,eligible,trace share with at least one feasible domestic or international inter-region submarine-corridor candidate; not actual cable use or traffic dependency
LU,landlocked,catalog_landlocked_list,resolved_entry_only,87,87,4,4,0,4,0.04597701149425287,0.04597701149425287,0.04597701149425287,0.0,0.04597701149425287,0.04597701149425287,low_candidate_dependency_proxy,1,44,20,1.0,True,eligible,trace share with at least one feasible domestic or international inter-region submarine-corridor candidate; not actual cable use or traffic dependency
LV,coastal_mainland_or_mixed,catalog_default_alpha2_rule,all_publicly_visible,62,58,0,0,0,0,0.0,0.0,0.0,0.0,0.0,0.0,no_observed_inter_region_candidate_exposure,1,31,21,0.9354838709677419,True,eligible,trace share with at least one feasible domestic or international inter-region submarine-corridor candidate; not actual cable use or traffic dependency
LV,coastal_mainland_or_mixed,catalog_default_alpha2_rule,resolved_entry_only,58,58,0,0,0,0,0.0,0.0,0.0,0.0,0.0,0.0,no_observed_inter_region_candidate_exposure,1,29,20,1.0,True,eligible,trace share with at least one feasible domestic or international inter-region submarine-corridor candidate; not actual cable use or traffic dependency
MA,coastal_mainland_or_mixed,catalog_default_alpha2_rule,all_publicly_visible,2,2,0,0,0,0,0.0,0.0,0.0,0.0,0.0,0.0,no_observed_inter_region_candidate_exposure,1,1,1,1.0,False,"insufficient_minimum_mappable_traces,minimum_unique_probes,minimum_unique_probe_asns",trace share with at least one feasible domestic or international inter-region submarine-corridor candidate; not actual cable use or traffic dependency
MA,coastal_mainland_or_mixed,catalog_default_alpha2_rule,resolved_entry_only,2,2,0,0,0,0,0.0,0.0,0.0,0.0,0.0,0.0,no_observed_inter_region_candidate_exposure,1,1,1,1.0,False,"insufficient_minimum_mappable_traces,minimum_unique_probes,minimum_unique_probe_asns",trace share with at least one feasible domestic or international inter-region submarine-corridor candidate; not actual cable use or traffic dependency
MD,landlocked,catalog_landlocked_list,all_publicly_visible,52,52,0,0,0,0,0.0,0.0,0.0,0.0,0.0,0.0,no_observed_inter_region_candidate_exposure,1,26,14,1.0,True,eligible,trace share with at least one feasible domestic or international inter-region submarine-corridor candidate; not actual cable use or traffic dependency
MD,landlocked,catalog_landlocked_list,resolved_entry_only,52,52,0,0,0,0,0.0,0.0,0.0,0.0,0.0,0.0,no_observed_inter_region_candidate_exposure,1,26,14,1.0,True,eligible,trace share with at least one feasible domestic or international inter-region submarine-corridor candidate; not actual cable use or traffic dependency
ME,coastal_mainland_or_mixed,catalog_default_alpha2_rule,all_publicly_visible,12,12,0,0,0,0,0.0,0.0,0.0,0.0,0.0,0.0,no_observed_inter_region_candidate_exposure,1,6,5,1.0,False,"insufficient_minimum_mappable_traces,minimum_unique_probes",trace share with at least one feasible domestic or international inter-region submarine-corridor candidate; not actual cable use or traffic dependency
ME,coastal_mainland_or_mixed,catalog_default_alpha2_rule,resolved_entry_only,12,12,0,0,0,0,0.0,0.0,0.0,0.0,0.0,0.0,no_observed_inter_region_candidate_exposure,1,6,5,1.0,False,"insufficient_minimum_mappable_traces,minimum_unique_probes",trace share with at least one feasible domestic or international inter-region submarine-corridor candidate; not actual cable use or traffic dependency
MG,island_or_archipelagic,catalog_island_or_archipelagic_list,all_publicly_visible,4,4,0,0,0,0,0.0,0.0,0.0,0.0,0.0,0.0,no_observed_inter_region_candidate_exposure,1,2,1,1.0,False,"insufficient_minimum_mappable_traces,minimum_unique_probes,minimum_unique_probe_asns",trace share with at least one feasible domestic or international inter-region submarine-corridor candidate; not actual cable use or traffic dependency
MG,island_or_archipelagic,catalog_island_or_archipelagic_list,resolved_entry_only,4,4,0,0,0,0,0.0,0.0,0.0,0.0,0.0,0.0,no_observed_inter_region_candidate_exposure,1,2,1,1.0,False,"insufficient_minimum_mappable_traces,minimum_unique_probes,minimum_unique_probe_asns",trace share with at least one feasible domestic or international inter-region submarine-corridor candidate; not actual cable use or traffic dependency
MH,island_or_archipelagic,catalog_island_or_archipelagic_list,all_publicly_visible,2,2,2,2,0,2,1.0,1.0,1.0,0.0,1.0,1.0,very_high_candidate_dependency_proxy,1,1,1,0.0,False,"insufficient_minimum_mappable_traces,minimum_unique_probes,minimum_unique_probe_asns",trace share with at least one feasible domestic or international inter-region submarine-corridor candidate; not actual cable use or traffic dependency
MH,island_or_archipelagic,catalog_island_or_archipelagic_list,resolved_entry_only,0,0,0,0,0,0,,,,,,,unknown_candidate_dependency_proxy,0,0,0,,False,"insufficient_minimum_mappable_traces,minimum_unique_probes,minimum_unique_probe_asns",trace share with at least one feasible domestic or international inter-region submarine-corridor candidate; not actual cable use or traffic dependency
MK,landlocked,catalog_landlocked_list,all_publicly_visible,26,24,0,0,0,0,0.0,0.0,0.0,0.0,0.0,0.0,no_observed_inter_region_candidate_exposure,1,13,10,0.6923076923076923,False,insufficient_minimum_mappable_traces,trace share with at least one feasible domestic or international inter-region submarine-corridor candidate; not actual cable use or traffic dependency
MK,landlocked,catalog_landlocked_list,resolved_entry_only,18,18,0,0,0,0,0.0,0.0,0.0,0.0,0.0,0.0,no_observed_inter_region_candidate_exposure,1,9,8,1.0,False,"insufficient_minimum_mappable_traces,minimum_unique_probes",trace share with at least one feasible domestic or international inter-region submarine-corridor candidate; not actual cable use or traffic dependency
ML,landlocked,catalog_landlocked_list,all_publicly_visible,2,2,2,2,2,0,1.0,1.0,1.0,1.0,0.0,1.0,very_high_candidate_dependency_proxy,1,1,1,1.0,False,"insufficient_minimum_mappable_traces,minimum_unique_probes,minimum_unique_probe_asns",trace share with at least one feasible domestic or international inter-region submarine-corridor candidate; not actual cable use or traffic dependency
ML,landlocked,catalog_landlocked_list,resolved_entry_only,2,2,2,2,2,0,1.0,1.0,1.0,1.0,0.0,1.0,very_high_candidate_dependency_proxy,1,1,1,1.0,False,"insufficient_minimum_mappable_traces,minimum_unique_probes,minimum_unique_probe_asns",trace share with at least one feasible domestic or international inter-region submarine-corridor candidate; not actual cable use or traffic dependency
MM,coastal_mainland_or_mixed,catalog_default_alpha2_rule,all_publicly_visible,6,6,6,6,4,6,1.0,1.0,1.0,0.6666666666666666,1.0,1.0,very_high_candidate_dependency_proxy,1,3,3,1.0,False,"insufficient_minimum_mappable_traces,minimum_unique_probes",trace share with at least one feasible domestic or international inter-region submarine-corridor candidate; not actual cable use or traffic dependency
MM,coastal_mainland_or_mixed,catalog_default_alpha2_rule,resolved_entry_only,6,6,6,6,4,6,1.0,1.0,1.0,0.6666666666666666,1.0,1.0,very_high_candidate_dependency_proxy,1,3,3,1.0,False,"insufficient_minimum_mappable_traces,minimum_unique_probes",trace share with at least one feasible domestic or international inter-region submarine-corridor candidate; not actual cable use or traffic dependency
MN,landlocked,catalog_landlocked_list,all_publicly_visible,16,16,13,9,11,13,0.8125,0.8125,0.5625,0.6875,0.8125,0.8125,very_high_candidate_dependency_proxy,1,8,8,1.0,False,"insufficient_minimum_mappable_traces,minimum_unique_probes",trace share with at least one feasible domestic or international inter-region submarine-corridor candidate; not actual cable use or traffic dependency
MN,landlocked,catalog_landlocked_list,resolved_entry_only,16,16,13,9,11,13,0.8125,0.8125,0.5625,0.6875,0.8125,0.8125,very_high_candidate_dependency_proxy,1,8,8,1.0,False,"insufficient_minimum_mappable_traces,minimum_unique_probes",trace share with at least one feasible domestic or international inter-region submarine-corridor candidate; not actual cable use or traffic dependency
MP,island_or_archipelagic,catalog_island_or_archipelagic_list,all_publicly_visible,2,2,2,2,2,2,1.0,1.0,1.0,1.0,1.0,1.0,very_high_candidate_dependency_proxy,1,1,1,0.0,False,"insufficient_minimum_mappable_traces,minimum_unique_probes,minimum_unique_probe_asns",trace share with at least one feasible domestic or international inter-region submarine-corridor candidate; not actual cable use or traffic dependency
MP,island_or_archipelagic,catalog_island_or_archipelagic_list,resolved_entry_only,0,0,0,0,0,0,,,,,,,unknown_candidate_dependency_proxy,0,0,0,,False,"insufficient_minimum_mappable_traces,minimum_unique_probes,minimum_unique_probe_asns",trace share with at least one feasible domestic or international inter-region submarine-corridor candidate; not actual cable use or traffic dependency
MT,island_or_archipelagic,catalog_island_or_archipelagic_list,all_publicly_visible,18,18,4,0,4,18,0.2222222222222222,0.2222222222222222,0.0,0.2222222222222222,1.0,0.2222222222222222,high_candidate_dependency_proxy,1,9,3,1.0,False,"insufficient_minimum_mappable_traces,minimum_unique_probes",trace share with at least one feasible domestic or international inter-region submarine-corridor candidate; not actual cable use or traffic dependency
MT,island_or_archipelagic,catalog_island_or_archipelagic_list,resolved_entry_only,18,18,4,0,4,18,0.2222222222222222,0.2222222222222222,0.0,0.2222222222222222,1.0,0.2222222222222222,high_candidate_dependency_proxy,1,9,3,1.0,False,"insufficient_minimum_mappable_traces,minimum_unique_probes",trace share with at least one feasible domestic or international inter-region submarine-corridor candidate; not actual cable use or traffic dependency
MU,island_or_archipelagic,catalog_island_or_archipelagic_list,all_publicly_visible,16,14,0,0,0,0,0.0,0.0,0.0,0.0,0.0,0.0,no_observed_inter_region_candidate_exposure,1,8,4,0.875,False,"insufficient_minimum_mappable_traces,minimum_unique_probes",trace share with at least one feasible domestic or international inter-region submarine-corridor candidate; not actual cable use or traffic dependency
MU,island_or_archipelagic,catalog_island_or_archipelagic_list,resolved_entry_only,14,14,0,0,0,0,0.0,0.0,0.0,0.0,0.0,0.0,no_observed_inter_region_candidate_exposure,1,7,4,1.0,False,"insufficient_minimum_mappable_traces,minimum_unique_probes",trace share with at least one feasible domestic or international inter-region submarine-corridor candidate; not actual cable use or traffic dependency
MV,island_or_archipelagic,catalog_island_or_archipelagic_list,all_publicly_visible,24,24,19,19,19,19,0.7916666666666666,0.7916666666666666,0.7916666666666666,0.7916666666666666,0.7916666666666666,0.7916666666666666,very_high_candidate_dependency_proxy,1,12,4,0.9166666666666666,False,insufficient_minimum_mappable_traces,trace share with at least one feasible domestic or international inter-region submarine-corridor candidate; not actual cable use or traffic dependency
MV,island_or_archipelagic,catalog_island_or_archipelagic_list,resolved_entry_only,22,22,17,17,17,17,0.7727272727272727,0.7727272727272727,0.7727272727272727,0.7727272727272727,0.7727272727272727,0.7727272727272727,very_high_candidate_dependency_proxy,1,11,3,1.0,False,insufficient_minimum_mappable_traces,trace share with at least one feasible domestic or international inter-region submarine-corridor candidate; not actual cable use or traffic dependency
MW,landlocked,catalog_landlocked_list,all_publicly_visible,2,2,0,0,0,0,0.0,0.0,0.0,0.0,0.0,0.0,no_observed_inter_region_candidate_exposure,1,1,1,1.0,False,"insufficient_minimum_mappable_traces,minimum_unique_probes,minimum_unique_probe_asns",trace share with at least one feasible domestic or international inter-region submarine-corridor candidate; not actual cable use or traffic dependency
MW,landlocked,catalog_landlocked_list,resolved_entry_only,2,2,0,0,0,0,0.0,0.0,0.0,0.0,0.0,0.0,no_observed_inter_region_candidate_exposure,1,1,1,1.0,False,"insufficient_minimum_mappable_traces,minimum_unique_probes,minimum_unique_probe_asns",trace share with at least one feasible domestic or international inter-region submarine-corridor candidate; not actual cable use or traffic dependency
MX,coastal_mainland_or_mixed,catalog_default_alpha2_rule,all_publicly_visible,116,110,10,4,6,1,0.08620689655172414,0.09090909090909091,0.034482758620689655,0.05172413793103448,0.008620689655172414,0.08620689655172414,moderate_candidate_dependency_proxy,1,58,27,0.9482758620689655,True,eligible,trace share with at least one feasible domestic or international inter-region submarine-corridor candidate; not actual cable use or traffic dependency
MX,coastal_mainland_or_mixed,catalog_default_alpha2_rule,resolved_entry_only,110,110,10,4,6,1,0.09090909090909091,0.09090909090909091,0.03636363636363636,0.05454545454545454,0.00909090909090909,0.09090909090909091,moderate_candidate_dependency_proxy,1,55,26,1.0,True,eligible,trace share with at least one feasible domestic or international inter-region submarine-corridor candidate; not actual cable use or traffic dependency
MY,coastal_mainland_or_mixed,catalog_default_alpha2_rule,all_publicly_visible,72,70,59,54,28,33,0.8194444444444444,0.8428571428571429,0.75,0.3888888888888889,0.4583333333333333,0.8194444444444444,very_high_candidate_dependency_proxy,1,36,20,0.9722222222222222,True,eligible,trace share with at least one feasible domestic or international inter-region submarine-corridor candidate; not actual cable use or traffic dependency
MY,coastal_mainland_or_mixed,catalog_default_alpha2_rule,resolved_entry_only,70,70,59,54,28,33,0.8428571428571429,0.8428571428571429,0.7714285714285715,0.4,0.4714285714285714,0.8428571428571429,very_high_candidate_dependency_proxy,1,35,19,1.0,True,eligible,trace share with at least one feasible domestic or international inter-region submarine-corridor candidate; not actual cable use or traffic dependency
MZ,coastal_mainland_or_mixed,catalog_default_alpha2_rule,all_publicly_visible,6,6,2,0,2,0,0.3333333333333333,0.3333333333333333,0.0,0.3333333333333333,0.0,0.3333333333333333,very_high_candidate_dependency_proxy,1,3,3,1.0,False,"insufficient_minimum_mappable_traces,minimum_unique_probes",trace share with at least one feasible domestic or international inter-region submarine-corridor candidate; not actual cable use or traffic dependency
MZ,coastal_mainland_or_mixed,catalog_default_alpha2_rule,resolved_entry_only,6,6,2,0,2,0,0.3333333333333333,0.3333333333333333,0.0,0.3333333333333333,0.0,0.3333333333333333,very_high_candidate_dependency_proxy,1,3,3,1.0,False,"insufficient_minimum_mappable_traces,minimum_unique_probes",trace share with at least one feasible domestic or international inter-region submarine-corridor candidate; not actual cable use or traffic dependency
NA,unknown,unclassified_or_missing_country_code,all_publicly_visible,8,8,0,0,0,0,0.0,0.0,0.0,0.0,0.0,0.0,no_observed_inter_region_candidate_exposure,1,4,3,1.0,False,"insufficient_minimum_mappable_traces,minimum_unique_probes",trace share with at least one feasible domestic or international inter-region submarine-corridor candidate; not actual cable use or traffic dependency
NA,unknown,unclassified_or_missing_country_code,resolved_entry_only,8,8,0,0,0,0,0.0,0.0,0.0,0.0,0.0,0.0,no_observed_inter_region_candidate_exposure,1,4,3,1.0,False,"insufficient_minimum_mappable_traces,minimum_unique_probes",trace share with at least one feasible domestic or international inter-region submarine-corridor candidate; not actual cable use or traffic dependency
NC,island_or_archipelagic,catalog_island_or_archipelagic_list,all_publicly_visible,10,6,0,0,0,6,0.0,0.0,0.0,0.0,0.6,0.0,no_observed_inter_region_candidate_exposure,1,5,2,0.6,False,"insufficient_minimum_mappable_traces,minimum_unique_probes,minimum_unique_probe_asns",trace share with at least one feasible domestic or international inter-region submarine-corridor candidate; not actual cable use or traffic dependency
NC,island_or_archipelagic,catalog_island_or_archipelagic_list,resolved_entry_only,6,6,0,0,0,6,0.0,0.0,0.0,0.0,1.0,0.0,no_observed_inter_region_candidate_exposure,1,3,2,1.0,False,"insufficient_minimum_mappable_traces,minimum_unique_probes,minimum_unique_probe_asns",trace share with at least one feasible domestic or international inter-region submarine-corridor candidate; not actual cable use or traffic dependency
NG,coastal_mainland_or_mixed,catalog_default_alpha2_rule,all_publicly_visible,20,20,9,0,9,0,0.45,0.45,0.0,0.45,0.0,0.45,very_high_candidate_dependency_proxy,1,10,6,0.6,False,insufficient_minimum_mappable_traces,trace share with at least one feasible domestic or international inter-region submarine-corridor candidate; not actual cable use or traffic dependency
NG,coastal_mainland_or_mixed,catalog_default_alpha2_rule,resolved_entry_only,12,12,9,0,9,0,0.75,0.75,0.0,0.75,0.0,0.75,very_high_candidate_dependency_proxy,1,6,5,1.0,False,"insufficient_minimum_mappable_traces,minimum_unique_probes",trace share with at least one feasible domestic or international inter-region submarine-corridor candidate; not actual cable use or traffic dependency
NI,coastal_mainland_or_mixed,catalog_default_alpha2_rule,all_publicly_visible,14,8,0,0,0,0,0.0,0.0,0.0,0.0,0.0,0.0,no_observed_inter_region_candidate_exposure,1,7,5,0.5714285714285714,False,"insufficient_minimum_mappable_traces,minimum_unique_probes",trace share with at least one feasible domestic or international inter-region submarine-corridor candidate; not actual cable use or traffic dependency
NI,coastal_mainland_or_mixed,catalog_default_alpha2_rule,resolved_entry_only,8,8,0,0,0,0,0.0,0.0,0.0,0.0,0.0,0.0,no_observed_inter_region_candidate_exposure,1,4,3,1.0,False,"insufficient_minimum_mappable_traces,minimum_unique_probes",trace share with at least one feasible domestic or international inter-region submarine-corridor candidate; not actual cable use or traffic dependency
NL,coastal_mainland_or_mixed,catalog_default_alpha2_rule,all_publicly_visible,1335,1263,18,18,11,12,0.01348314606741573,0.014251781472684086,0.01348314606741573,0.008239700374531835,0.008988764044943821,0.01348314606741573,low_candidate_dependency_proxy,1,668,184,0.9408239700374532,True,eligible,trace share with at least one feasible domestic or international inter-region submarine-corridor candidate; not actual cable use or traffic dependency
NL,coastal_mainland_or_mixed,catalog_default_alpha2_rule,resolved_entry_only,1256,1256,18,18,11,12,0.014331210191082803,0.014331210191082803,0.014331210191082803,0.00875796178343949,0.009554140127388535,0.014331210191082803,low_candidate_dependency_proxy,1,629,175,1.0,True,eligible,trace share with at least one feasible domestic or international inter-region submarine-corridor candidate; not actual cable use or traffic dependency
NO,coastal_mainland_or_mixed,catalog_default_alpha2_rule,all_publicly_visible,183,169,143,143,0,38,0.7814207650273224,0.8461538461538461,0.7814207650273224,0.0,0.20765027322404372,0.7814207650273224,very_high_candidate_dependency_proxy,1,92,35,0.912568306010929,True,eligible,trace share with at least one feasible domestic or international inter-region submarine-corridor candidate; not actual cable use or traffic dependency
NO,coastal_mainland_or_mixed,catalog_default_alpha2_rule,resolved_entry_only,167,167,141,141,0,38,0.844311377245509,0.844311377245509,0.844311377245509,0.0,0.2275449101796407,0.844311377245509,very_high_candidate_dependency_proxy,1,84,34,1.0,True,eligible,trace share with at least one feasible domestic or international inter-region submarine-corridor candidate; not actual cable use or traffic dependency
NP,landlocked,catalog_landlocked_list,all_publicly_visible,31,29,0,0,0,0,0.0,0.0,0.0,0.0,0.0,0.0,no_observed_inter_region_candidate_exposure,1,16,10,0.9354838709677419,False,insufficient_minimum_mappable_traces,trace share with at least one feasible domestic or international inter-region submarine-corridor candidate; not actual cable use or traffic dependency
NP,landlocked,catalog_landlocked_list,resolved_entry_only,29,29,0,0,0,0,0.0,0.0,0.0,0.0,0.0,0.0,no_observed_inter_region_candidate_exposure,1,15,9,1.0,False,insufficient_minimum_mappable_traces,trace share with at least one feasible domestic or international inter-region submarine-corridor candidate; not actual cable use or traffic dependency
NU,island_or_archipelagic,catalog_island_or_archipelagic_list,all_publicly_visible,2,2,2,2,2,2,1.0,1.0,1.0,1.0,1.0,1.0,very_high_candidate_dependency_proxy,1,1,1,1.0,False,"insufficient_minimum_mappable_traces,minimum_unique_probes,minimum_unique_probe_asns",trace share with at least one feasible domestic or international inter-region submarine-corridor candidate; not actual cable use or traffic dependency
NU,island_or_archipelagic,catalog_island_or_archipelagic_list,resolved_entry_only,2,2,2,2,2,2,1.0,1.0,1.0,1.0,1.0,1.0,very_high_candidate_dependency_proxy,1,1,1,1.0,False,"insufficient_minimum_mappable_traces,minimum_unique_probes,minimum_unique_probe_asns",trace share with at least one feasible domestic or international inter-region submarine-corridor candidate; not actual cable use or traffic dependency
NZ,island_or_archipelagic,catalog_island_or_archipelagic_list,all_publicly_visible,232,226,95,85,10,157,0.40948275862068967,0.42035398230088494,0.36637931034482757,0.04310344827586207,0.6767241379310345,0.40948275862068967,very_high_candidate_dependency_proxy,1,116,35,0.9698275862068966,True,eligible,trace share with at least one feasible domestic or international inter-region submarine-corridor candidate; not actual cable use or traffic dependency
NZ,island_or_archipelagic,catalog_island_or_archipelagic_list,resolved_entry_only,225,225,95,85,10,156,0.4222222222222222,0.4222222222222222,0.37777777777777777,0.044444444444444446,0.6933333333333334,0.4222222222222222,very_high_candidate_dependency_proxy,1,113,33,1.0,True,eligible,trace share with at least one feasible domestic or international inter-region submarine-corridor candidate; not actual cable use or traffic dependency
OM,coastal_mainland_or_mixed,catalog_default_alpha2_rule,all_publicly_visible,4,4,0,0,0,0,0.0,0.0,0.0,0.0,0.0,0.0,no_observed_inter_region_candidate_exposure,1,2,2,1.0,False,"insufficient_minimum_mappable_traces,minimum_unique_probes,minimum_unique_probe_asns",trace share with at least one feasible domestic or international inter-region submarine-corridor candidate; not actual cable use or traffic dependency
OM,coastal_mainland_or_mixed,catalog_default_alpha2_rule,resolved_entry_only,4,4,0,0,0,0,0.0,0.0,0.0,0.0,0.0,0.0,no_observed_inter_region_candidate_exposure,1,2,2,1.0,False,"insufficient_minimum_mappable_traces,minimum_unique_probes,minimum_unique_probe_asns",trace share with at least one feasible domestic or international inter-region submarine-corridor candidate; not actual cable use or traffic dependency
PA,coastal_mainland_or_mixed,catalog_default_alpha2_rule,all_publicly_visible,44,42,6,0,6,0,0.13636363636363635,0.14285714285714285,0.0,0.13636363636363635,0.0,0.13636363636363635,moderate_candidate_dependency_proxy,1,22,10,0.9545454545454546,True,eligible,trace share with at least one feasible domestic or international inter-region submarine-corridor candidate; not actual cable use or traffic dependency
PA,coastal_mainland_or_mixed,catalog_default_alpha2_rule,resolved_entry_only,42,42,6,0,6,0,0.14285714285714285,0.14285714285714285,0.0,0.14285714285714285,0.0,0.14285714285714285,moderate_candidate_dependency_proxy,1,21,9,1.0,True,eligible,trace share with at least one feasible domestic or international inter-region submarine-corridor candidate; not actual cable use or traffic dependency
PE,coastal_mainland_or_mixed,catalog_default_alpha2_rule,all_publicly_visible,46,44,2,0,2,0,0.043478260869565216,0.045454545454545456,0.0,0.043478260869565216,0.0,0.043478260869565216,low_candidate_dependency_proxy,1,23,18,0.9565217391304348,True,eligible,trace share with at least one feasible domestic or international inter-region submarine-corridor candidate; not actual cable use or traffic dependency
PE,coastal_mainland_or_mixed,catalog_default_alpha2_rule,resolved_entry_only,44,44,2,0,2,0,0.045454545454545456,0.045454545454545456,0.0,0.045454545454545456,0.0,0.045454545454545456,low_candidate_dependency_proxy,1,22,17,1.0,True,eligible,trace share with at least one feasible domestic or international inter-region submarine-corridor candidate; not actual cable use or traffic dependency
PF,island_or_archipelagic,catalog_island_or_archipelagic_list,all_publicly_visible,12,0,0,0,0,0,0.0,,0.0,0.0,0.0,0.0,no_observed_inter_region_candidate_exposure,1,6,1,0.0,False,"insufficient_minimum_mappable_traces,minimum_unique_probes,minimum_unique_probe_asns",trace share with at least one feasible domestic or international inter-region submarine-corridor candidate; not actual cable use or traffic dependency
PF,island_or_archipelagic,catalog_island_or_archipelagic_list,resolved_entry_only,0,0,0,0,0,0,,,,,,,unknown_candidate_dependency_proxy,0,0,0,,False,"insufficient_minimum_mappable_traces,minimum_unique_probes,minimum_unique_probe_asns",trace share with at least one feasible domestic or international inter-region submarine-corridor candidate; not actual cable use or traffic dependency
PG,island_or_archipelagic,catalog_island_or_archipelagic_list,all_publicly_visible,2,2,2,2,2,1,1.0,1.0,1.0,1.0,0.5,1.0,very_high_candidate_dependency_proxy,1,1,1,1.0,False,"insufficient_minimum_mappable_traces,minimum_unique_probes,minimum_unique_probe_asns",trace share with at least one feasible domestic or international inter-region submarine-corridor candidate; not actual cable use or traffic dependency
PG,island_or_archipelagic,catalog_island_or_archipelagic_list,resolved_entry_only,2,2,2,2,2,1,1.0,1.0,1.0,1.0,0.5,1.0,very_high_candidate_dependency_proxy,1,1,1,1.0,False,"insufficient_minimum_mappable_traces,minimum_unique_probes,minimum_unique_probe_asns",trace share with at least one feasible domestic or international inter-region submarine-corridor candidate; not actual cable use or traffic dependency
PH,island_or_archipelagic,catalog_island_or_archipelagic_list,all_publicly_visible,132,126,85,49,78,53,0.6439393939393939,0.6746031746031746,0.3712121212121212,0.5909090909090909,0.4015151515151515,0.6439393939393939,very_high_candidate_dependency_proxy,1,66,35,0.8939393939393939,True,eligible,trace share with at least one feasible domestic or international inter-region submarine-corridor candidate; not actual cable use or traffic dependency
PH,island_or_archipelagic,catalog_island_or_archipelagic_list,resolved_entry_only,118,118,78,49,71,53,0.6610169491525424,0.6610169491525424,0.4152542372881356,0.6016949152542372,0.4491525423728814,0.6610169491525424,very_high_candidate_dependency_proxy,1,59,33,1.0,True,eligible,trace share with at least one feasible domestic or international inter-region submarine-corridor candidate; not actual cable use or traffic dependency
PK,coastal_mainland_or_mixed,catalog_default_alpha2_rule,all_publicly_visible,26,16,14,4,10,4,0.5384615384615384,0.875,0.15384615384615385,0.38461538461538464,0.15384615384615385,0.5384615384615384,very_high_candidate_dependency_proxy,1,13,9,0.6153846153846154,False,insufficient_minimum_mappable_traces,trace share with at least one feasible domestic or international inter-region submarine-corridor candidate; not actual cable use or traffic dependency
PK,coastal_mainland_or_mixed,catalog_default_alpha2_rule,resolved_entry_only,16,16,14,4,10,4,0.875,0.875,0.25,0.625,0.25,0.875,very_high_candidate_dependency_proxy,1,8,6,1.0,False,"insufficient_minimum_mappable_traces,minimum_unique_probes",trace share with at least one feasible domestic or international inter-region submarine-corridor candidate; not actual cable use or traffic dependency
PL,coastal_mainland_or_mixed,catalog_default_alpha2_rule,all_publicly_visible,467,439,6,4,2,0,0.01284796573875803,0.01366742596810934,0.008565310492505354,0.004282655246252677,0.0,0.01284796573875803,low_candidate_dependency_proxy,1,232,132,0.9357601713062098,True,eligible,trace share with at least one feasible domestic or international inter-region submarine-corridor candidate; not actual cable use or traffic dependency
PL,coastal_mainland_or_mixed,catalog_default_alpha2_rule,resolved_entry_only,437,437,6,4,2,0,0.013729977116704805,0.013729977116704805,0.009153318077803204,0.004576659038901602,0.0,0.013729977116704805,low_candidate_dependency_proxy,1,217,125,1.0,True,eligible,trace share with at least one feasible domestic or international inter-region submarine-corridor candidate; not actual cable use or traffic dependency
PR,island_or_archipelagic,catalog_island_or_archipelagic_list,all_publicly_visible,4,2,2,0,2,2,0.5,1.0,0.0,0.5,0.5,0.5,very_high_candidate_dependency_proxy,1,2,2,0.5,False,"insufficient_minimum_mappable_traces,minimum_unique_probes,minimum_unique_probe_asns",trace share with at least one feasible domestic or international inter-region submarine-corridor candidate; not actual cable use or traffic dependency
PR,island_or_archipelagic,catalog_island_or_archipelagic_list,resolved_entry_only,2,2,2,0,2,2,1.0,1.0,0.0,1.0,1.0,1.0,very_high_candidate_dependency_proxy,1,1,1,1.0,False,"insufficient_minimum_mappable_traces,minimum_unique_probes,minimum_unique_probe_asns",trace share with at least one feasible domestic or international inter-region submarine-corridor candidate; not actual cable use or traffic dependency
PS,coastal_mainland_or_mixed,catalog_default_alpha2_rule,all_publicly_visible,2,2,0,0,0,1,0.0,0.0,0.0,0.0,0.5,0.0,no_observed_inter_region_candidate_exposure,1,1,1,1.0,False,"insufficient_minimum_mappable_traces,minimum_unique_probes,minimum_unique_probe_asns",trace share with at least one feasible domestic or international inter-region submarine-corridor candidate; not actual cable use or traffic dependency
PS,coastal_mainland_or_mixed,catalog_default_alpha2_rule,resolved_entry_only,2,2,0,0,0,1,0.0,0.0,0.0,0.0,0.5,0.0,no_observed_inter_region_candidate_exposure,1,1,1,1.0,False,"insufficient_minimum_mappable_traces,minimum_unique_probes,minimum_unique_probe_asns",trace share with at least one feasible domestic or international inter-region submarine-corridor candidate; not actual cable use or traffic dependency
PT,coastal_mainland_or_mixed,catalog_default_alpha2_rule,all_publicly_visible,208,196,90,90,0,4,0.4326923076923077,0.45918367346938777,0.4326923076923077,0.0,0.019230769230769232,0.4326923076923077,very_high_candidate_dependency_proxy,1,104,23,0.9423076923076923,True,eligible,trace share with at least one feasible domestic or international inter-region submarine-corridor candidate; not actual cable use or traffic dependency
PT,coastal_mainland_or_mixed,catalog_default_alpha2_rule,resolved_entry_only,196,196,90,90,0,4,0.45918367346938777,0.45918367346938777,0.45918367346938777,0.0,0.02040816326530612,0.45918367346938777,very_high_candidate_dependency_proxy,1,98,22,1.0,True,eligible,trace share with at least one feasible domestic or international inter-region submarine-corridor candidate; not actual cable use or traffic dependency
PW,island_or_archipelagic,catalog_island_or_archipelagic_list,all_publicly_visible,2,2,0,0,0,0,0.0,0.0,0.0,0.0,0.0,0.0,no_observed_inter_region_candidate_exposure,1,1,1,1.0,False,"insufficient_minimum_mappable_traces,minimum_unique_probes,minimum_unique_probe_asns",trace share with at least one feasible domestic or international inter-region submarine-corridor candidate; not actual cable use or traffic dependency
PW,island_or_archipelagic,catalog_island_or_archipelagic_list,resolved_entry_only,2,2,0,0,0,0,0.0,0.0,0.0,0.0,0.0,0.0,no_observed_inter_region_candidate_exposure,1,1,1,1.0,False,"insufficient_minimum_mappable_traces,minimum_unique_probes,minimum_unique_probe_asns",trace share with at least one feasible domestic or international inter-region submarine-corridor candidate; not actual cable use or traffic dependency
PY,landlocked,catalog_landlocked_list,all_publicly_visible,22,18,0,0,0,0,0.0,0.0,0.0,0.0,0.0,0.0,no_observed_inter_region_candidate_exposure,1,11,8,0.7272727272727273,False,insufficient_minimum_mappable_traces,trace share with at least one feasible domestic or international inter-region submarine-corridor candidate; not actual cable use or traffic dependency
PY,landlocked,catalog_landlocked_list,resolved_entry_only,16,16,0,0,0,0,0.0,0.0,0.0,0.0,0.0,0.0,no_observed_inter_region_candidate_exposure,1,8,6,1.0,False,"insufficient_minimum_mappable_traces,minimum_unique_probes",trace share with at least one feasible domestic or international inter-region submarine-corridor candidate; not actual cable use or traffic dependency
QA,coastal_mainland_or_mixed,catalog_default_alpha2_rule,all_publicly_visible,2,2,2,2,2,2,1.0,1.0,1.0,1.0,1.0,1.0,very_high_candidate_dependency_proxy,1,1,1,1.0,False,"insufficient_minimum_mappable_traces,minimum_unique_probes,minimum_unique_probe_asns",trace share with at least one feasible domestic or international inter-region submarine-corridor candidate; not actual cable use or traffic dependency
QA,coastal_mainland_or_mixed,catalog_default_alpha2_rule,resolved_entry_only,2,2,2,2,2,2,1.0,1.0,1.0,1.0,1.0,1.0,very_high_candidate_dependency_proxy,1,1,1,1.0,False,"insufficient_minimum_mappable_traces,minimum_unique_probes,minimum_unique_probe_asns",trace share with at least one feasible domestic or international inter-region submarine-corridor candidate; not actual cable use or traffic dependency
RE,island_or_archipelagic,catalog_island_or_archipelagic_list,all_publicly_visible,104,103,52,0,52,0,0.5,0.5048543689320388,0.0,0.5,0.0,0.5,very_high_candidate_dependency_proxy,1,52,5,0.9903846153846154,True,eligible,trace share with at least one feasible domestic or international inter-region submarine-corridor candidate; not actual cable use or traffic dependency
RE,island_or_archipelagic,catalog_island_or_archipelagic_list,resolved_entry_only,103,103,52,0,52,0,0.5048543689320388,0.5048543689320388,0.0,0.5048543689320388,0.0,0.5048543689320388,very_high_candidate_dependency_proxy,1,52,5,1.0,True,eligible,trace share with at least one feasible domestic or international inter-region submarine-corridor candidate; not actual cable use or traffic dependency
RO,coastal_mainland_or_mixed,catalog_default_alpha2_rule,all_publicly_visible,180,178,8,8,0,2,0.044444444444444446,0.0449438202247191,0.044444444444444446,0.0,0.011111111111111112,0.044444444444444446,low_candidate_dependency_proxy,1,90,47,0.9666666666666667,True,eligible,trace share with at least one feasible domestic or international inter-region submarine-corridor candidate; not actual cable use or traffic dependency
RO,coastal_mainland_or_mixed,catalog_default_alpha2_rule,resolved_entry_only,174,174,8,8,0,2,0.04597701149425287,0.04597701149425287,0.04597701149425287,0.0,0.011494252873563218,0.04597701149425287,low_candidate_dependency_proxy,1,87,44,1.0,True,eligible,trace share with at least one feasible domestic or international inter-region submarine-corridor candidate; not actual cable use or traffic dependency
RS,landlocked,catalog_landlocked_list,all_publicly_visible,102,95,4,4,0,0,0.0392156862745098,0.042105263157894736,0.0392156862745098,0.0,0.0,0.0392156862745098,low_candidate_dependency_proxy,1,51,21,0.8333333333333334,True,eligible,trace share with at least one feasible domestic or international inter-region submarine-corridor candidate; not actual cable use or traffic dependency
RS,landlocked,catalog_landlocked_list,resolved_entry_only,85,85,4,4,0,0,0.047058823529411764,0.047058823529411764,0.047058823529411764,0.0,0.0,0.047058823529411764,low_candidate_dependency_proxy,1,43,19,1.0,True,eligible,trace share with at least one feasible domestic or international inter-region submarine-corridor candidate; not actual cable use or traffic dependency
RU,coastal_mainland_or_mixed,catalog_default_alpha2_rule,all_publicly_visible,1043,990,50,0,50,0,0.04793863854266539,0.050505050505050504,0.0,0.04793863854266539,0.0,0.04793863854266539,low_candidate_dependency_proxy,1,521,308,0.9213806327900288,True,eligible,trace share with at least one feasible domestic or international inter-region submarine-corridor candidate; not actual cable use or traffic dependency
RU,coastal_mainland_or_mixed,catalog_default_alpha2_rule,resolved_entry_only,961,961,50,0,50,0,0.05202913631633715,0.05202913631633715,0.0,0.05202913631633715,0.0,0.05202913631633715,moderate_candidate_dependency_proxy,1,482,291,1.0,True,eligible,trace share with at least one feasible domestic or international inter-region submarine-corridor candidate; not actual cable use or traffic dependency
RW,landlocked,catalog_landlocked_list,all_publicly_visible,2,2,1,0,1,0,0.5,0.5,0.0,0.5,0.0,0.5,very_high_candidate_dependency_proxy,1,1,1,1.0,False,"insufficient_minimum_mappable_traces,minimum_unique_probes,minimum_unique_probe_asns",trace share with at least one feasible domestic or international inter-region submarine-corridor candidate; not actual cable use or traffic dependency
RW,landlocked,catalog_landlocked_list,resolved_entry_only,2,2,1,0,1,0,0.5,0.5,0.0,0.5,0.0,0.5,very_high_candidate_dependency_proxy,1,1,1,1.0,False,"insufficient_minimum_mappable_traces,minimum_unique_probes,minimum_unique_probe_asns",trace share with at least one feasible domestic or international inter-region submarine-corridor candidate; not actual cable use or traffic dependency
SA,coastal_mainland_or_mixed,catalog_default_alpha2_rule,all_publicly_visible,49,31,13,6,9,6,0.2653061224489796,0.41935483870967744,0.12244897959183673,0.1836734693877551,0.12244897959183673,0.2653061224489796,high_candidate_dependency_proxy,1,24,12,0.6326530612244898,True,eligible,trace share with at least one feasible domestic or international inter-region submarine-corridor candidate; not actual cable use or traffic dependency
SA,coastal_mainland_or_mixed,catalog_default_alpha2_rule,resolved_entry_only,31,31,13,6,9,6,0.41935483870967744,0.41935483870967744,0.1935483870967742,0.2903225806451613,0.1935483870967742,0.41935483870967744,very_high_candidate_dependency_proxy,1,16,11,1.0,True,eligible,trace share with at least one feasible domestic or international inter-region submarine-corridor candidate; not actual cable use or traffic dependency
SE,coastal_mainland_or_mixed,catalog_default_alpha2_rule,all_publicly_visible,465,432,86,84,6,60,0.18494623655913978,0.19907407407407407,0.18064516129032257,0.012903225806451613,0.12903225806451613,0.18494623655913978,high_candidate_dependency_proxy,1,232,77,0.9247311827956989,True,eligible,trace share with at least one feasible domestic or international inter-region submarine-corridor candidate; not actual cable use or traffic dependency
SE,coastal_mainland_or_mixed,catalog_default_alpha2_rule,resolved_entry_only,430,430,84,82,6,58,0.19534883720930232,0.19534883720930232,0.19069767441860466,0.013953488372093023,0.13488372093023257,0.19534883720930232,high_candidate_dependency_proxy,1,215,73,1.0,True,eligible,trace share with at least one feasible domestic or international inter-region submarine-corridor candidate; not actual cable use or traffic dependency
SG,island_or_archipelagic,catalog_island_or_archipelagic_list,all_publicly_visible,298,276,194,192,49,188,0.6510067114093959,0.7028985507246377,0.6442953020134228,0.1644295302013423,0.6308724832214765,0.6510067114093959,very_high_candidate_dependency_proxy,1,150,67,0.9261744966442953,True,eligible,trace share with at least one feasible domestic or international inter-region submarine-corridor candidate; not actual cable use or traffic dependency
SG,island_or_archipelagic,catalog_island_or_archipelagic_list,resolved_entry_only,276,276,194,192,49,188,0.7028985507246377,0.7028985507246377,0.6956521739130435,0.17753623188405798,0.6811594202898551,0.7028985507246377,very_high_candidate_dependency_proxy,1,139,62,1.0,True,eligible,trace share with at least one feasible domestic or international inter-region submarine-corridor candidate; not actual cable use or traffic dependency
SI,coastal_mainland_or_mixed,catalog_default_alpha2_rule,all_publicly_visible,98,90,0,0,0,0,0.0,0.0,0.0,0.0,0.0,0.0,no_observed_inter_region_candidate_exposure,1,49,22,0.9183673469387755,True,eligible,trace share with at least one feasible domestic or international inter-region submarine-corridor candidate; not actual cable use or traffic dependency
SI,coastal_mainland_or_mixed,catalog_default_alpha2_rule,resolved_entry_only,90,90,0,0,0,0,0.0,0.0,0.0,0.0,0.0,0.0,no_observed_inter_region_candidate_exposure,1,45,21,1.0,True,eligible,trace share with at least one feasible domestic or international inter-region submarine-corridor candidate; not actual cable use or traffic dependency
SK,landlocked,catalog_landlocked_list,all_publicly_visible,112,100,0,0,0,0,0.0,0.0,0.0,0.0,0.0,0.0,no_observed_inter_region_candidate_exposure,1,56,22,0.8928571428571429,True,eligible,trace share with at least one feasible domestic or international inter-region submarine-corridor candidate; not actual cable use or traffic dependency
SK,landlocked,catalog_landlocked_list,resolved_entry_only,100,100,0,0,0,0,0.0,0.0,0.0,0.0,0.0,0.0,no_observed_inter_region_candidate_exposure,1,50,22,1.0,True,eligible,trace share with at least one feasible domestic or international inter-region submarine-corridor candidate; not actual cable use or traffic dependency
SL,coastal_mainland_or_mixed,catalog_default_alpha2_rule,all_publicly_visible,4,2,2,0,2,0,0.5,1.0,0.0,0.5,0.0,0.5,very_high_candidate_dependency_proxy,1,2,2,0.5,False,"insufficient_minimum_mappable_traces,minimum_unique_probes,minimum_unique_probe_asns",trace share with at least one feasible domestic or international inter-region submarine-corridor candidate; not actual cable use or traffic dependency
SL,coastal_mainland_or_mixed,catalog_default_alpha2_rule,resolved_entry_only,2,2,2,0,2,0,1.0,1.0,0.0,1.0,0.0,1.0,very_high_candidate_dependency_proxy,1,1,1,1.0,False,"insufficient_minimum_mappable_traces,minimum_unique_probes,minimum_unique_probe_asns",trace share with at least one feasible domestic or international inter-region submarine-corridor candidate; not actual cable use or traffic dependency
SM,landlocked,catalog_landlocked_list,all_publicly_visible,2,2,0,0,0,0,0.0,0.0,0.0,0.0,0.0,0.0,no_observed_inter_region_candidate_exposure,1,1,1,1.0,False,"insufficient_minimum_mappable_traces,minimum_unique_probes,minimum_unique_probe_asns",trace share with at least one feasible domestic or international inter-region submarine-corridor candidate; not actual cable use or traffic dependency
SM,landlocked,catalog_landlocked_list,resolved_entry_only,2,2,0,0,0,0,0.0,0.0,0.0,0.0,0.0,0.0,no_observed_inter_region_candidate_exposure,1,1,1,1.0,False,"insufficient_minimum_mappable_traces,minimum_unique_probes,minimum_unique_probe_asns",trace share with at least one feasible domestic or international inter-region submarine-corridor candidate; not actual cable use or traffic dependency
SN,coastal_mainland_or_mixed,catalog_default_alpha2_rule,all_publicly_visible,4,4,0,0,0,0,0.0,0.0,0.0,0.0,0.0,0.0,no_observed_inter_region_candidate_exposure,1,2,2,1.0,False,"insufficient_minimum_mappable_traces,minimum_unique_probes,minimum_unique_probe_asns",trace share with at least one feasible domestic or international inter-region submarine-corridor candidate; not actual cable use or traffic dependency
SN,coastal_mainland_or_mixed,catalog_default_alpha2_rule,resolved_entry_only,4,4,0,0,0,0,0.0,0.0,0.0,0.0,0.0,0.0,no_observed_inter_region_candidate_exposure,1,2,2,1.0,False,"insufficient_minimum_mappable_traces,minimum_unique_probes,minimum_unique_probe_asns",trace share with at least one feasible domestic or international inter-region submarine-corridor candidate; not actual cable use or traffic dependency
SR,coastal_mainland_or_mixed,catalog_default_alpha2_rule,all_publicly_visible,2,2,2,0,2,0,1.0,1.0,0.0,1.0,0.0,1.0,very_high_candidate_dependency_proxy,1,1,1,1.0,False,"insufficient_minimum_mappable_traces,minimum_unique_probes,minimum_unique_probe_asns",trace share with at least one feasible domestic or international inter-region submarine-corridor candidate; not actual cable use or traffic dependency
SR,coastal_mainland_or_mixed,catalog_default_alpha2_rule,resolved_entry_only,2,2,2,0,2,0,1.0,1.0,0.0,1.0,0.0,1.0,very_high_candidate_dependency_proxy,1,1,1,1.0,False,"insufficient_minimum_mappable_traces,minimum_unique_probes,minimum_unique_probe_asns",trace share with at least one feasible domestic or international inter-region submarine-corridor candidate; not actual cable use or traffic dependency
SS,landlocked,catalog_landlocked_list,all_publicly_visible,2,2,2,2,2,2,1.0,1.0,1.0,1.0,1.0,1.0,very_high_candidate_dependency_proxy,1,1,1,1.0,False,"insufficient_minimum_mappable_traces,minimum_unique_probes,minimum_unique_probe_asns",trace share with at least one feasible domestic or international inter-region submarine-corridor candidate; not actual cable use or traffic dependency
SS,landlocked,catalog_landlocked_list,resolved_entry_only,2,2,2,2,2,2,1.0,1.0,1.0,1.0,1.0,1.0,very_high_candidate_dependency_proxy,1,1,1,1.0,False,"insufficient_minimum_mappable_traces,minimum_unique_probes,minimum_unique_probe_asns",trace share with at least one feasible domestic or international inter-region submarine-corridor candidate; not actual cable use or traffic dependency
SV,coastal_mainland_or_mixed,catalog_default_alpha2_rule,all_publicly_visible,28,22,8,0,8,0,0.2857142857142857,0.36363636363636365,0.0,0.2857142857142857,0.0,0.2857142857142857,high_candidate_dependency_proxy,1,14,9,0.7142857142857143,False,insufficient_minimum_mappable_traces,trace share with at least one feasible domestic or international inter-region submarine-corridor candidate; not actual cable use or traffic dependency
SV,coastal_mainland_or_mixed,catalog_default_alpha2_rule,resolved_entry_only,20,20,8,0,8,0,0.4,0.4,0.0,0.4,0.0,0.4,very_high_candidate_dependency_proxy,1,10,7,1.0,False,insufficient_minimum_mappable_traces,trace share with at least one feasible domestic or international inter-region submarine-corridor candidate; not actual cable use or traffic dependency
SY,coastal_mainland_or_mixed,catalog_default_alpha2_rule,all_publicly_visible,6,0,0,0,0,0,0.0,,0.0,0.0,0.0,0.0,no_observed_inter_region_candidate_exposure,1,3,2,0.0,False,"insufficient_minimum_mappable_traces,minimum_unique_probes,minimum_unique_probe_asns",trace share with at least one feasible domestic or international inter-region submarine-corridor candidate; not actual cable use or traffic dependency
SY,coastal_mainland_or_mixed,catalog_default_alpha2_rule,resolved_entry_only,0,0,0,0,0,0,,,,,,,unknown_candidate_dependency_proxy,0,0,0,,False,"insufficient_minimum_mappable_traces,minimum_unique_probes,minimum_unique_probe_asns",trace share with at least one feasible domestic or international inter-region submarine-corridor candidate; not actual cable use or traffic dependency
TD,landlocked,catalog_landlocked_list,all_publicly_visible,2,2,0,0,0,0,0.0,0.0,0.0,0.0,0.0,0.0,no_observed_inter_region_candidate_exposure,1,1,1,1.0,False,"insufficient_minimum_mappable_traces,minimum_unique_probes,minimum_unique_probe_asns",trace share with at least one feasible domestic or international inter-region submarine-corridor candidate; not actual cable use or traffic dependency
TD,landlocked,catalog_landlocked_list,resolved_entry_only,2,2,0,0,0,0,0.0,0.0,0.0,0.0,0.0,0.0,no_observed_inter_region_candidate_exposure,1,1,1,1.0,False,"insufficient_minimum_mappable_traces,minimum_unique_probes,minimum_unique_probe_asns",trace share with at least one feasible domestic or international inter-region submarine-corridor candidate; not actual cable use or traffic dependency
TG,coastal_mainland_or_mixed,catalog_default_alpha2_rule,all_publicly_visible,2,2,2,0,2,0,1.0,1.0,0.0,1.0,0.0,1.0,very_high_candidate_dependency_proxy,1,1,1,1.0,False,"insufficient_minimum_mappable_traces,minimum_unique_probes,minimum_unique_probe_asns",trace share with at least one feasible domestic or international inter-region submarine-corridor candidate; not actual cable use or traffic dependency
TG,coastal_mainland_or_mixed,catalog_default_alpha2_rule,resolved_entry_only,2,2,2,0,2,0,1.0,1.0,0.0,1.0,0.0,1.0,very_high_candidate_dependency_proxy,1,1,1,1.0,False,"insufficient_minimum_mappable_traces,minimum_unique_probes,minimum_unique_probe_asns",trace share with at least one feasible domestic or international inter-region submarine-corridor candidate; not actual cable use or traffic dependency
TH,coastal_mainland_or_mixed,catalog_default_alpha2_rule,all_publicly_visible,98,96,31,29,13,29,0.3163265306122449,0.3229166666666667,0.29591836734693877,0.1326530612244898,0.29591836734693877,0.3163265306122449,very_high_candidate_dependency_proxy,1,49,29,0.9795918367346939,True,eligible,trace share with at least one feasible domestic or international inter-region submarine-corridor candidate; not actual cable use or traffic dependency
TH,coastal_mainland_or_mixed,catalog_default_alpha2_rule,resolved_entry_only,96,96,31,29,13,29,0.3229166666666667,0.3229166666666667,0.3020833333333333,0.13541666666666666,0.3020833333333333,0.3229166666666667,very_high_candidate_dependency_proxy,1,48,28,1.0,True,eligible,trace share with at least one feasible domestic or international inter-region submarine-corridor candidate; not actual cable use or traffic dependency
TJ,landlocked,catalog_landlocked_list,all_publicly_visible,28,26,0,0,0,0,0.0,0.0,0.0,0.0,0.0,0.0,no_observed_inter_region_candidate_exposure,1,14,11,0.7857142857142857,False,insufficient_minimum_mappable_traces,trace share with at least one feasible domestic or international inter-region submarine-corridor candidate; not actual cable use or traffic dependency
TJ,landlocked,catalog_landlocked_list,resolved_entry_only,22,22,0,0,0,0,0.0,0.0,0.0,0.0,0.0,0.0,no_observed_inter_region_candidate_exposure,1,11,9,1.0,False,insufficient_minimum_mappable_traces,trace share with at least one feasible domestic or international inter-region submarine-corridor candidate; not actual cable use or traffic dependency
TL,island_or_archipelagic,catalog_island_or_archipelagic_list,all_publicly_visible,8,8,8,8,2,8,1.0,1.0,1.0,0.25,1.0,1.0,very_high_candidate_dependency_proxy,1,4,2,1.0,False,"insufficient_minimum_mappable_traces,minimum_unique_probes,minimum_unique_probe_asns",trace share with at least one feasible domestic or international inter-region submarine-corridor candidate; not actual cable use or traffic dependency
TL,island_or_archipelagic,catalog_island_or_archipelagic_list,resolved_entry_only,8,8,8,8,2,8,1.0,1.0,1.0,0.25,1.0,1.0,very_high_candidate_dependency_proxy,1,4,2,1.0,False,"insufficient_minimum_mappable_traces,minimum_unique_probes,minimum_unique_probe_asns",trace share with at least one feasible domestic or international inter-region submarine-corridor candidate; not actual cable use or traffic dependency
TN,coastal_mainland_or_mixed,catalog_default_alpha2_rule,all_publicly_visible,16,14,0,0,0,0,0.0,0.0,0.0,0.0,0.0,0.0,no_observed_inter_region_candidate_exposure,1,8,5,0.75,False,"insufficient_minimum_mappable_traces,minimum_unique_probes",trace share with at least one feasible domestic or international inter-region submarine-corridor candidate; not actual cable use or traffic dependency
TN,coastal_mainland_or_mixed,catalog_default_alpha2_rule,resolved_entry_only,12,12,0,0,0,0,0.0,0.0,0.0,0.0,0.0,0.0,no_observed_inter_region_candidate_exposure,1,6,3,1.0,False,"insufficient_minimum_mappable_traces,minimum_unique_probes",trace share with at least one feasible domestic or international inter-region submarine-corridor candidate; not actual cable use or traffic dependency
TO,island_or_archipelagic,catalog_island_or_archipelagic_list,all_publicly_visible,2,2,2,0,2,0,1.0,1.0,0.0,1.0,0.0,1.0,very_high_candidate_dependency_proxy,1,1,1,1.0,False,"insufficient_minimum_mappable_traces,minimum_unique_probes,minimum_unique_probe_asns",trace share with at least one feasible domestic or international inter-region submarine-corridor candidate; not actual cable use or traffic dependency
TO,island_or_archipelagic,catalog_island_or_archipelagic_list,resolved_entry_only,2,2,2,0,2,0,1.0,1.0,0.0,1.0,0.0,1.0,very_high_candidate_dependency_proxy,1,1,1,1.0,False,"insufficient_minimum_mappable_traces,minimum_unique_probes,minimum_unique_probe_asns",trace share with at least one feasible domestic or international inter-region submarine-corridor candidate; not actual cable use or traffic dependency
TR,coastal_mainland_or_mixed,catalog_default_alpha2_rule,all_publicly_visible,138,113,16,0,16,0,0.11594202898550725,0.1415929203539823,0.0,0.11594202898550725,0.0,0.11594202898550725,moderate_candidate_dependency_proxy,1,69,30,0.8188405797101449,True,eligible,trace share with at least one feasible domestic or international inter-region submarine-corridor candidate; not actual cable use or traffic dependency
TR,coastal_mainland_or_mixed,catalog_default_alpha2_rule,resolved_entry_only,113,113,16,0,16,0,0.1415929203539823,0.1415929203539823,0.0,0.1415929203539823,0.0,0.1415929203539823,moderate_candidate_dependency_proxy,1,59,25,1.0,True,eligible,trace share with at least one feasible domestic or international inter-region submarine-corridor candidate; not actual cable use or traffic dependency
TT,island_or_archipelagic,catalog_island_or_archipelagic_list,all_publicly_visible,2,2,0,0,0,0,0.0,0.0,0.0,0.0,0.0,0.0,no_observed_inter_region_candidate_exposure,1,1,1,1.0,False,"insufficient_minimum_mappable_traces,minimum_unique_probes,minimum_unique_probe_asns",trace share with at least one feasible domestic or international inter-region submarine-corridor candidate; not actual cable use or traffic dependency
TT,island_or_archipelagic,catalog_island_or_archipelagic_list,resolved_entry_only,2,2,0,0,0,0,0.0,0.0,0.0,0.0,0.0,0.0,no_observed_inter_region_candidate_exposure,1,1,1,1.0,False,"insufficient_minimum_mappable_traces,minimum_unique_probes,minimum_unique_probe_asns",trace share with at least one feasible domestic or international inter-region submarine-corridor candidate; not actual cable use or traffic dependency
TV,island_or_archipelagic,catalog_island_or_archipelagic_list,all_publicly_visible,2,2,0,0,0,0,0.0,0.0,0.0,0.0,0.0,0.0,no_observed_inter_region_candidate_exposure,1,1,1,1.0,False,"insufficient_minimum_mappable_traces,minimum_unique_probes,minimum_unique_probe_asns",trace share with at least one feasible domestic or international inter-region submarine-corridor candidate; not actual cable use or traffic dependency
TV,island_or_archipelagic,catalog_island_or_archipelagic_list,resolved_entry_only,2,2,0,0,0,0,0.0,0.0,0.0,0.0,0.0,0.0,no_observed_inter_region_candidate_exposure,1,1,1,1.0,False,"insufficient_minimum_mappable_traces,minimum_unique_probes,minimum_unique_probe_asns",trace share with at least one feasible domestic or international inter-region submarine-corridor candidate; not actual cable use or traffic dependency
TW,island_or_archipelagic,catalog_island_or_archipelagic_list,all_publicly_visible,160,154,93,86,32,144,0.58125,0.6038961038961039,0.5375,0.2,0.9,0.58125,very_high_candidate_dependency_proxy,1,81,34,0.9625,True,eligible,trace share with at least one feasible domestic or international inter-region submarine-corridor candidate; not actual cable use or traffic dependency
TW,island_or_archipelagic,catalog_island_or_archipelagic_list,resolved_entry_only,154,154,93,86,32,144,0.6038961038961039,0.6038961038961039,0.5584415584415584,0.2077922077922078,0.935064935064935,0.6038961038961039,very_high_candidate_dependency_proxy,1,78,33,1.0,True,eligible,trace share with at least one feasible domestic or international inter-region submarine-corridor candidate; not actual cable use or traffic dependency
TZ,coastal_mainland_or_mixed,catalog_default_alpha2_rule,all_publicly_visible,12,10,0,0,0,0,0.0,0.0,0.0,0.0,0.0,0.0,no_observed_inter_region_candidate_exposure,1,6,5,0.8333333333333334,False,"insufficient_minimum_mappable_traces,minimum_unique_probes",trace share with at least one feasible domestic or international inter-region submarine-corridor candidate; not actual cable use or traffic dependency
TZ,coastal_mainland_or_mixed,catalog_default_alpha2_rule,resolved_entry_only,10,10,0,0,0,0,0.0,0.0,0.0,0.0,0.0,0.0,no_observed_inter_region_candidate_exposure,1,5,4,1.0,False,"insufficient_minimum_mappable_traces,minimum_unique_probes",trace share with at least one feasible domestic or international inter-region submarine-corridor candidate; not actual cable use or traffic dependency
UA,coastal_mainland_or_mixed,catalog_default_alpha2_rule,all_publicly_visible,330,306,0,0,0,0,0.0,0.0,0.0,0.0,0.0,0.0,no_observed_inter_region_candidate_exposure,1,165,115,0.9151515151515152,True,eligible,trace share with at least one feasible domestic or international inter-region submarine-corridor candidate; not actual cable use or traffic dependency
UA,coastal_mainland_or_mixed,catalog_default_alpha2_rule,resolved_entry_only,302,302,0,0,0,0,0.0,0.0,0.0,0.0,0.0,0.0,no_observed_inter_region_candidate_exposure,1,151,109,1.0,True,eligible,trace share with at least one feasible domestic or international inter-region submarine-corridor candidate; not actual cable use or traffic dependency
UG,landlocked,catalog_landlocked_list,all_publicly_visible,12,12,3,2,3,2,0.25,0.25,0.16666666666666666,0.25,0.16666666666666666,0.25,high_candidate_dependency_proxy,1,6,4,1.0,False,"insufficient_minimum_mappable_traces,minimum_unique_probes",trace share with at least one feasible domestic or international inter-region submarine-corridor candidate; not actual cable use or traffic dependency
UG,landlocked,catalog_landlocked_list,resolved_entry_only,12,12,3,2,3,2,0.25,0.25,0.16666666666666666,0.25,0.16666666666666666,0.25,high_candidate_dependency_proxy,1,6,4,1.0,False,"insufficient_minimum_mappable_traces,minimum_unique_probes",trace share with at least one feasible domestic or international inter-region submarine-corridor candidate; not actual cable use or traffic dependency
US,coastal_mainland_or_mixed,catalog_default_alpha2_rule,all_publicly_visible,3775,3568,403,272,136,416,0.10675496688741722,0.11294843049327355,0.07205298013245033,0.036026490066225166,0.11019867549668874,0.10675496688741722,moderate_candidate_dependency_proxy,1,1886,512,0.9329801324503312,True,eligible,trace share with at least one feasible domestic or international inter-region submarine-corridor candidate; not actual cable use or traffic dependency
US,coastal_mainland_or_mixed,catalog_default_alpha2_rule,resolved_entry_only,3522,3522,401,272,134,414,0.1138557637705849,0.1138557637705849,0.07722884724588303,0.0380465644520159,0.11754684838160136,0.1138557637705849,moderate_candidate_dependency_proxy,1,1760,491,1.0,True,eligible,trace share with at least one feasible domestic or international inter-region submarine-corridor candidate; not actual cable use or traffic dependency
UY,coastal_mainland_or_mixed,catalog_default_alpha2_rule,all_publicly_visible,42,42,0,0,0,0,0.0,0.0,0.0,0.0,0.0,0.0,no_observed_inter_region_candidate_exposure,1,21,5,0.9523809523809523,True,eligible,trace share with at least one feasible domestic or international inter-region submarine-corridor candidate; not actual cable use or traffic dependency
UY,coastal_mainland_or_mixed,catalog_default_alpha2_rule,resolved_entry_only,40,40,0,0,0,0,0.0,0.0,0.0,0.0,0.0,0.0,no_observed_inter_region_candidate_exposure,1,20,4,1.0,True,eligible,trace share with at least one feasible domestic or international inter-region submarine-corridor candidate; not actual cable use or traffic dependency
UZ,landlocked,catalog_landlocked_list,all_publicly_visible,20,18,0,0,0,0,0.0,0.0,0.0,0.0,0.0,0.0,no_observed_inter_region_candidate_exposure,1,10,8,0.9,False,insufficient_minimum_mappable_traces,trace share with at least one feasible domestic or international inter-region submarine-corridor candidate; not actual cable use or traffic dependency
UZ,landlocked,catalog_landlocked_list,resolved_entry_only,18,18,0,0,0,0,0.0,0.0,0.0,0.0,0.0,0.0,no_observed_inter_region_candidate_exposure,1,9,8,1.0,False,"insufficient_minimum_mappable_traces,minimum_unique_probes",trace share with at least one feasible domestic or international inter-region submarine-corridor candidate; not actual cable use or traffic dependency
VA,landlocked,catalog_landlocked_list,all_publicly_visible,2,2,0,0,0,0,0.0,0.0,0.0,0.0,0.0,0.0,no_observed_inter_region_candidate_exposure,1,1,1,1.0,False,"insufficient_minimum_mappable_traces,minimum_unique_probes,minimum_unique_probe_asns",trace share with at least one feasible domestic or international inter-region submarine-corridor candidate; not actual cable use or traffic dependency
VA,landlocked,catalog_landlocked_list,resolved_entry_only,2,2,0,0,0,0,0.0,0.0,0.0,0.0,0.0,0.0,no_observed_inter_region_candidate_exposure,1,1,1,1.0,False,"insufficient_minimum_mappable_traces,minimum_unique_probes,minimum_unique_probe_asns",trace share with at least one feasible domestic or international inter-region submarine-corridor candidate; not actual cable use or traffic dependency
VE,coastal_mainland_or_mixed,catalog_default_alpha2_rule,all_publicly_visible,78,67,20,8,12,0,0.2564102564102564,0.29850746268656714,0.10256410256410256,0.15384615384615385,0.0,0.2564102564102564,high_candidate_dependency_proxy,1,39,25,0.8076923076923077,True,eligible,trace share with at least one feasible domestic or international inter-region submarine-corridor candidate; not actual cable use or traffic dependency
VE,coastal_mainland_or_mixed,catalog_default_alpha2_rule,resolved_entry_only,63,63,20,8,12,0,0.31746031746031744,0.31746031746031744,0.12698412698412698,0.19047619047619047,0.0,0.31746031746031744,very_high_candidate_dependency_proxy,1,32,22,1.0,True,eligible,trace share with at least one feasible domestic or international inter-region submarine-corridor candidate; not actual cable use or traffic dependency
VI,island_or_archipelagic,catalog_island_or_archipelagic_list,all_publicly_visible,6,6,4,0,4,4,0.6666666666666666,0.6666666666666666,0.0,0.6666666666666666,0.6666666666666666,0.6666666666666666,very_high_candidate_dependency_proxy,1,3,2,1.0,False,"insufficient_minimum_mappable_traces,minimum_unique_probes,minimum_unique_probe_asns",trace share with at least one feasible domestic or international inter-region submarine-corridor candidate; not actual cable use or traffic dependency
VI,island_or_archipelagic,catalog_island_or_archipelagic_list,resolved_entry_only,6,6,4,0,4,4,0.6666666666666666,0.6666666666666666,0.0,0.6666666666666666,0.6666666666666666,0.6666666666666666,very_high_candidate_dependency_proxy,1,3,2,1.0,False,"insufficient_minimum_mappable_traces,minimum_unique_probes,minimum_unique_probe_asns",trace share with at least one feasible domestic or international inter-region submarine-corridor candidate; not actual cable use or traffic dependency
VN,coastal_mainland_or_mixed,catalog_default_alpha2_rule,all_publicly_visible,56,56,55,53,43,55,0.9821428571428571,0.9821428571428571,0.9464285714285714,0.7678571428571429,0.9821428571428571,0.9821428571428571,very_high_candidate_dependency_proxy,1,28,16,1.0,True,eligible,trace share with at least one feasible domestic or international inter-region submarine-corridor candidate; not actual cable use or traffic dependency
VN,coastal_mainland_or_mixed,catalog_default_alpha2_rule,resolved_entry_only,56,56,55,53,43,55,0.9821428571428571,0.9821428571428571,0.9464285714285714,0.7678571428571429,0.9821428571428571,0.9821428571428571,very_high_candidate_dependency_proxy,1,28,16,1.0,True,eligible,trace share with at least one feasible domestic or international inter-region submarine-corridor candidate; not actual cable use or traffic dependency
VU,island_or_archipelagic,catalog_island_or_archipelagic_list,all_publicly_visible,4,2,0,0,0,0,0.0,0.0,0.0,0.0,0.0,0.0,no_observed_inter_region_candidate_exposure,1,2,1,0.5,False,"insufficient_minimum_mappable_traces,minimum_unique_probes,minimum_unique_probe_asns",trace share with at least one feasible domestic or international inter-region submarine-corridor candidate; not actual cable use or traffic dependency
VU,island_or_archipelagic,catalog_island_or_archipelagic_list,resolved_entry_only,2,2,0,0,0,0,0.0,0.0,0.0,0.0,0.0,0.0,no_observed_inter_region_candidate_exposure,1,1,1,1.0,False,"insufficient_minimum_mappable_traces,minimum_unique_probes,minimum_unique_probe_asns",trace share with at least one feasible domestic or international inter-region submarine-corridor candidate; not actual cable use or traffic dependency
YE,coastal_mainland_or_mixed,catalog_default_alpha2_rule,all_publicly_visible,2,2,0,0,0,0,0.0,0.0,0.0,0.0,0.0,0.0,no_observed_inter_region_candidate_exposure,1,1,1,1.0,False,"insufficient_minimum_mappable_traces,minimum_unique_probes,minimum_unique_probe_asns",trace share with at least one feasible domestic or international inter-region submarine-corridor candidate; not actual cable use or traffic dependency
YE,coastal_mainland_or_mixed,catalog_default_alpha2_rule,resolved_entry_only,2,2,0,0,0,0,0.0,0.0,0.0,0.0,0.0,0.0,no_observed_inter_region_candidate_exposure,1,1,1,1.0,False,"insufficient_minimum_mappable_traces,minimum_unique_probes,minimum_unique_probe_asns",trace share with at least one feasible domestic or international inter-region submarine-corridor candidate; not actual cable use or traffic dependency
ZA,coastal_mainland_or_mixed,catalog_default_alpha2_rule,all_publicly_visible,271,263,34,0,34,2,0.12546125461254612,0.12927756653992395,0.0,0.12546125461254612,0.007380073800738007,0.12546125461254612,moderate_candidate_dependency_proxy,1,134,71,0.9704797047970479,True,eligible,trace share with at least one feasible domestic or international inter-region submarine-corridor candidate; not actual cable use or traffic dependency
ZA,coastal_mainland_or_mixed,catalog_default_alpha2_rule,resolved_entry_only,263,263,34,0,34,2,0.12927756653992395,0.12927756653992395,0.0,0.12927756653992395,0.0076045627376425855,0.12927756653992395,moderate_candidate_dependency_proxy,1,130,69,1.0,True,eligible,trace share with at least one feasible domestic or international inter-region submarine-corridor candidate; not actual cable use or traffic dependency
ZM,landlocked,catalog_landlocked_list,all_publicly_visible,8,6,0,0,0,0,0.0,0.0,0.0,0.0,0.0,0.0,no_observed_inter_region_candidate_exposure,1,4,4,0.75,False,"insufficient_minimum_mappable_traces,minimum_unique_probes",trace share with at least one feasible domestic or international inter-region submarine-corridor candidate; not actual cable use or traffic dependency
ZM,landlocked,catalog_landlocked_list,resolved_entry_only,6,6,0,0,0,0,0.0,0.0,0.0,0.0,0.0,0.0,no_observed_inter_region_candidate_exposure,1,3,3,1.0,False,"insufficient_minimum_mappable_traces,minimum_unique_probes",trace share with at least one feasible domestic or international inter-region submarine-corridor candidate; not actual cable use or traffic dependency
ZW,landlocked,catalog_landlocked_list,all_publicly_visible,6,6,0,0,0,0,0.0,0.0,0.0,0.0,0.0,0.0,no_observed_inter_region_candidate_exposure,1,3,2,1.0,False,"insufficient_minimum_mappable_traces,minimum_unique_probes,minimum_unique_probe_asns",trace share with at least one feasible domestic or international inter-region submarine-corridor candidate; not actual cable use or traffic dependency
ZW,landlocked,catalog_landlocked_list,resolved_entry_only,6,6,0,0,0,0,0.0,0.0,0.0,0.0,0.0,0.0,no_observed_inter_region_candidate_exposure,1,3,2,1.0,False,"insufficient_minimum_mappable_traces,minimum_unique_probes,minimum_unique_probe_asns",trace share with at least one feasible domestic or international inter-region submarine-corridor candidate; not actual cable use or traffic dependency
