probe_country,service_id,path_scope_stratum,msm_id,file_name,total_mappable_segments,unique_network_transitions_observed,top1_network_transition_key,top1_network_transition_share,top2_network_transition_share,top3_network_transition_share,network_transition_entropy,network_transition_normalized_entropy,effective_network_transition_count,network_transition_concentration_tier,country_fallback_share,sufficient_network_transition_resolution,auditable_paper_case,observation_sufficiency_reason,failed_thresholds,unique_probes,unique_probe_asns,domestic_segment_share,international_segment_share
?,L-Root,all_publicly_visible,,,0.0,0.0,,,,,,,,unknown_network_transition_concentration,,False,False,insufficient_no_inter_region_projection_segments,"minimum_mappable_segments,minimum_unique_probes,minimum_unique_probe_asns,maximum_country_fallback_share",0.0,0.0,,
?,L-Root,resolved_entry_only,,,0.0,0.0,,,,,,,,unknown_network_transition_concentration,,False,False,insufficient_no_inter_region_projection_segments,"minimum_mappable_segments,minimum_unique_probes,minimum_unique_probe_asns,maximum_country_fallback_share",0.0,0.0,,
AD,L-Root,all_publicly_visible,5008,dns-root_l-root_msm5008_20260701T000000Z_010000Z.json,5.0,2.0,6939->6939,0.6,1.0,1.0,0.6730116670092565,0.9709505944546688,1.9601317042077895,moderate_network_transition_concentration,0.4,False,False,"insufficient_minimum_mappable_segments,minimum_unique_probes,minimum_unique_probe_asns,maximum_country_fallback_share","minimum_mappable_segments,minimum_unique_probes,minimum_unique_probe_asns,maximum_country_fallback_share",3.0,1.0,0.0,1.0
AD,L-Root,resolved_entry_only,5008,dns-root_l-root_msm5008_20260701T000000Z_010000Z.json,5.0,2.0,6939->6939,0.6,1.0,1.0,0.6730116670092565,0.9709505944546688,1.9601317042077895,moderate_network_transition_concentration,0.4,False,False,"insufficient_minimum_mappable_segments,minimum_unique_probes,minimum_unique_probe_asns,maximum_country_fallback_share","minimum_mappable_segments,minimum_unique_probes,minimum_unique_probe_asns,maximum_country_fallback_share",3.0,1.0,0.0,1.0
AE,L-Root,all_publicly_visible,5008,dns-root_l-root_msm5008_20260701T000000Z_010000Z.json,62.0,7.0,COUNTRY_FALLBACK:SG->SG,0.5,0.6935483870967742,0.8225806451612903,1.4735598930667384,0.757259986429544,4.3647455443956025,weak_network_transition_concentration,0.5806451612903226,False,False,insufficient_maximum_country_fallback_share,maximum_country_fallback_share,16.0,9.0,0.9032258064516129,0.0967741935483871
AE,L-Root,resolved_entry_only,5008,dns-root_l-root_msm5008_20260701T000000Z_010000Z.json,62.0,7.0,COUNTRY_FALLBACK:SG->SG,0.5,0.6935483870967742,0.8225806451612903,1.4735598930667384,0.757259986429544,4.3647455443956025,weak_network_transition_concentration,0.5806451612903226,False,False,insufficient_maximum_country_fallback_share,maximum_country_fallback_share,16.0,9.0,0.9032258064516129,0.0967741935483871
AF,L-Root,all_publicly_visible,5008,dns-root_l-root_msm5008_20260701T000000Z_010000Z.json,4.0,1.0,COUNTRY_FALLBACK:PK->SG,1.0,1.0,1.0,-0.0,0.0,1.0,severe_network_transition_concentration,1.0,False,False,"insufficient_minimum_mappable_segments,minimum_unique_probes,minimum_unique_probe_asns,maximum_country_fallback_share","minimum_mappable_segments,minimum_unique_probes,minimum_unique_probe_asns,maximum_country_fallback_share",2.0,1.0,0.0,1.0
AF,L-Root,resolved_entry_only,5008,dns-root_l-root_msm5008_20260701T000000Z_010000Z.json,4.0,1.0,COUNTRY_FALLBACK:PK->SG,1.0,1.0,1.0,-0.0,0.0,1.0,severe_network_transition_concentration,1.0,False,False,"insufficient_minimum_mappable_segments,minimum_unique_probes,minimum_unique_probe_asns,maximum_country_fallback_share","minimum_mappable_segments,minimum_unique_probes,minimum_unique_probe_asns,maximum_country_fallback_share",2.0,1.0,0.0,1.0
AL,L-Root,all_publicly_visible,5008,dns-root_l-root_msm5008_20260701T000000Z_010000Z.json,21.0,3.0,COUNTRY_FALLBACK:AL->IT,0.5714285714285714,0.9523809523809523,1.0,0.8324075743474855,0.7576900267123767,2.298846727483754,moderate_network_transition_concentration,0.5714285714285714,False,False,"insufficient_minimum_mappable_segments,maximum_country_fallback_share","minimum_mappable_segments,maximum_country_fallback_share",11.0,9.0,0.047619047619047616,0.9523809523809523
AL,L-Root,resolved_entry_only,5008,dns-root_l-root_msm5008_20260701T000000Z_010000Z.json,20.0,2.0,COUNTRY_FALLBACK:AL->IT,0.6,1.0,1.0,0.6730116670092565,0.9709505944546688,1.9601317042077895,moderate_network_transition_concentration,0.6,False,False,"insufficient_minimum_mappable_segments,maximum_country_fallback_share","minimum_mappable_segments,maximum_country_fallback_share",10.0,8.0,0.0,1.0
AM,L-Root,all_publicly_visible,,,0.0,0.0,,,,,,,,unknown_network_transition_concentration,,False,False,insufficient_no_inter_region_projection_segments,"minimum_mappable_segments,minimum_unique_probes,minimum_unique_probe_asns,maximum_country_fallback_share",0.0,0.0,,
AM,L-Root,resolved_entry_only,,,0.0,0.0,,,,,,,,unknown_network_transition_concentration,,False,False,insufficient_no_inter_region_projection_segments,"minimum_mappable_segments,minimum_unique_probes,minimum_unique_probe_asns,maximum_country_fallback_share",0.0,0.0,,
AO,L-Root,all_publicly_visible,,,0.0,0.0,,,,,,,,unknown_network_transition_concentration,,False,False,insufficient_no_inter_region_projection_segments,"minimum_mappable_segments,minimum_unique_probes,minimum_unique_probe_asns,maximum_country_fallback_share",0.0,0.0,,
AO,L-Root,resolved_entry_only,,,0.0,0.0,,,,,,,,unknown_network_transition_concentration,,False,False,insufficient_no_inter_region_projection_segments,"minimum_mappable_segments,minimum_unique_probes,minimum_unique_probe_asns,maximum_country_fallback_share",0.0,0.0,,
AR,L-Root,all_publicly_visible,,,0.0,0.0,,,,,,,,unknown_network_transition_concentration,,False,False,insufficient_no_inter_region_projection_segments,"minimum_mappable_segments,minimum_unique_probes,minimum_unique_probe_asns,maximum_country_fallback_share",0.0,0.0,,
AR,L-Root,resolved_entry_only,,,0.0,0.0,,,,,,,,unknown_network_transition_concentration,,False,False,insufficient_no_inter_region_projection_segments,"minimum_mappable_segments,minimum_unique_probes,minimum_unique_probe_asns,maximum_country_fallback_share",0.0,0.0,,
AT,L-Root,all_publicly_visible,,,0.0,0.0,,,,,,,,unknown_network_transition_concentration,,False,False,insufficient_no_inter_region_projection_segments,"minimum_mappable_segments,minimum_unique_probes,minimum_unique_probe_asns,maximum_country_fallback_share",0.0,0.0,,
AT,L-Root,resolved_entry_only,,,0.0,0.0,,,,,,,,unknown_network_transition_concentration,,False,False,insufficient_no_inter_region_projection_segments,"minimum_mappable_segments,minimum_unique_probes,minimum_unique_probe_asns,maximum_country_fallback_share",0.0,0.0,,
AU,L-Root,all_publicly_visible,5008,dns-root_l-root_msm5008_20260701T000000Z_010000Z.json,274.0,14.0,COUNTRY_FALLBACK:AU->AU,0.23357664233576642,0.45985401459854014,0.6131386861313869,2.0235838424217207,0.7667828279868153,7.565389571077733,broad_network_transition_distribution,0.6058394160583942,False,False,insufficient_maximum_country_fallback_share,maximum_country_fallback_share,116.0,48.0,0.5255474452554745,0.4744525547445255
AU,L-Root,resolved_entry_only,5008,dns-root_l-root_msm5008_20260701T000000Z_010000Z.json,274.0,14.0,COUNTRY_FALLBACK:AU->AU,0.23357664233576642,0.45985401459854014,0.6131386861313869,2.0235838424217207,0.7667828279868153,7.565389571077733,broad_network_transition_distribution,0.6058394160583942,False,False,insufficient_maximum_country_fallback_share,maximum_country_fallback_share,116.0,48.0,0.5255474452554745,0.4744525547445255
AX,L-Root,all_publicly_visible,5008,dns-root_l-root_msm5008_20260701T000000Z_010000Z.json,3.0,1.0,3238->3238,1.0,1.0,1.0,-0.0,0.0,1.0,severe_network_transition_concentration,0.0,True,False,"insufficient_minimum_mappable_segments,minimum_unique_probes,minimum_unique_probe_asns","minimum_mappable_segments,minimum_unique_probes,minimum_unique_probe_asns",1.0,1.0,0.0,1.0
AX,L-Root,resolved_entry_only,5008,dns-root_l-root_msm5008_20260701T000000Z_010000Z.json,3.0,1.0,3238->3238,1.0,1.0,1.0,-0.0,0.0,1.0,severe_network_transition_concentration,0.0,True,False,"insufficient_minimum_mappable_segments,minimum_unique_probes,minimum_unique_probe_asns","minimum_mappable_segments,minimum_unique_probes,minimum_unique_probe_asns",1.0,1.0,0.0,1.0
AZ,L-Root,all_publicly_visible,,,0.0,0.0,,,,,,,,unknown_network_transition_concentration,,False,False,insufficient_no_inter_region_projection_segments,"minimum_mappable_segments,minimum_unique_probes,minimum_unique_probe_asns,maximum_country_fallback_share",0.0,0.0,,
AZ,L-Root,resolved_entry_only,,,0.0,0.0,,,,,,,,unknown_network_transition_concentration,,False,False,insufficient_no_inter_region_projection_segments,"minimum_mappable_segments,minimum_unique_probes,minimum_unique_probe_asns,maximum_country_fallback_share",0.0,0.0,,
BA,L-Root,all_publicly_visible,,,0.0,0.0,,,,,,,,unknown_network_transition_concentration,,False,False,insufficient_no_inter_region_projection_segments,"minimum_mappable_segments,minimum_unique_probes,minimum_unique_probe_asns,maximum_country_fallback_share",0.0,0.0,,
BA,L-Root,resolved_entry_only,,,0.0,0.0,,,,,,,,unknown_network_transition_concentration,,False,False,insufficient_no_inter_region_projection_segments,"minimum_mappable_segments,minimum_unique_probes,minimum_unique_probe_asns,maximum_country_fallback_share",0.0,0.0,,
BB,L-Root,all_publicly_visible,,,0.0,0.0,,,,,,,,unknown_network_transition_concentration,,False,False,insufficient_no_inter_region_projection_segments,"minimum_mappable_segments,minimum_unique_probes,minimum_unique_probe_asns,maximum_country_fallback_share",0.0,0.0,,
BB,L-Root,resolved_entry_only,,,0.0,0.0,,,,,,,,unknown_network_transition_concentration,,False,False,insufficient_no_inter_region_projection_segments,"minimum_mappable_segments,minimum_unique_probes,minimum_unique_probe_asns,maximum_country_fallback_share",0.0,0.0,,
BD,L-Root,all_publicly_visible,5008,dns-root_l-root_msm5008_20260701T000000Z_010000Z.json,21.0,6.0,58717->45430,0.2857142857142857,0.5238095238095237,0.7142857142857142,1.6872935374673244,0.9416964533717588,5.404832914445729,broad_network_transition_distribution,0.5238095238095238,False,False,"insufficient_minimum_mappable_segments,minimum_unique_probes,maximum_country_fallback_share","minimum_mappable_segments,minimum_unique_probes,maximum_country_fallback_share",5.0,4.0,0.7142857142857143,0.2857142857142857
BD,L-Root,resolved_entry_only,5008,dns-root_l-root_msm5008_20260701T000000Z_010000Z.json,21.0,6.0,58717->45430,0.2857142857142857,0.5238095238095237,0.7142857142857142,1.6872935374673244,0.9416964533717588,5.404832914445729,broad_network_transition_distribution,0.5238095238095238,False,False,"insufficient_minimum_mappable_segments,minimum_unique_probes,maximum_country_fallback_share","minimum_mappable_segments,minimum_unique_probes,maximum_country_fallback_share",5.0,4.0,0.7142857142857143,0.2857142857142857
BE,L-Root,all_publicly_visible,5008,dns-root_l-root_msm5008_20260701T000000Z_010000Z.json,12.0,1.0,5408->5408,1.0,1.0,1.0,-0.0,0.0,1.0,severe_network_transition_concentration,0.0,True,False,"insufficient_minimum_mappable_segments,minimum_unique_probes,minimum_unique_probe_asns","minimum_mappable_segments,minimum_unique_probes,minimum_unique_probe_asns",6.0,1.0,1.0,0.0
BE,L-Root,resolved_entry_only,5008,dns-root_l-root_msm5008_20260701T000000Z_010000Z.json,12.0,1.0,5408->5408,1.0,1.0,1.0,-0.0,0.0,1.0,severe_network_transition_concentration,0.0,True,False,"insufficient_minimum_mappable_segments,minimum_unique_probes,minimum_unique_probe_asns","minimum_mappable_segments,minimum_unique_probes,minimum_unique_probe_asns",6.0,1.0,1.0,0.0
BF,L-Root,all_publicly_visible,,,0.0,0.0,,,,,,,,unknown_network_transition_concentration,,False,False,insufficient_no_inter_region_projection_segments,"minimum_mappable_segments,minimum_unique_probes,minimum_unique_probe_asns,maximum_country_fallback_share",0.0,0.0,,
BF,L-Root,resolved_entry_only,,,0.0,0.0,,,,,,,,unknown_network_transition_concentration,,False,False,insufficient_no_inter_region_projection_segments,"minimum_mappable_segments,minimum_unique_probes,minimum_unique_probe_asns,maximum_country_fallback_share",0.0,0.0,,
BG,L-Root,all_publicly_visible,5008,dns-root_l-root_msm5008_20260701T000000Z_010000Z.json,4.0,3.0,5408->5408,0.5,0.75,1.0,1.0397207708399179,0.946394630357186,2.82842712474619,weak_network_transition_concentration,0.0,True,False,"insufficient_minimum_mappable_segments,minimum_unique_probes,minimum_unique_probe_asns","minimum_mappable_segments,minimum_unique_probes,minimum_unique_probe_asns",2.0,2.0,1.0,0.0
BG,L-Root,resolved_entry_only,5008,dns-root_l-root_msm5008_20260701T000000Z_010000Z.json,4.0,3.0,5408->5408,0.5,0.75,1.0,1.0397207708399179,0.946394630357186,2.82842712474619,weak_network_transition_concentration,0.0,True,False,"insufficient_minimum_mappable_segments,minimum_unique_probes,minimum_unique_probe_asns","minimum_mappable_segments,minimum_unique_probes,minimum_unique_probe_asns",2.0,2.0,1.0,0.0
BH,L-Root,all_publicly_visible,5008,dns-root_l-root_msm5008_20260701T000000Z_010000Z.json,13.0,4.0,8966->5384,0.46153846153846156,0.6923076923076923,0.8461538461538463,1.2711814802605796,0.916963608820915,3.5650621256370636,weak_network_transition_concentration,0.0,True,False,"insufficient_minimum_mappable_segments,minimum_unique_probes","minimum_mappable_segments,minimum_unique_probes",5.0,3.0,0.6153846153846154,0.38461538461538464
BH,L-Root,resolved_entry_only,5008,dns-root_l-root_msm5008_20260701T000000Z_010000Z.json,13.0,4.0,8966->5384,0.46153846153846156,0.6923076923076923,0.8461538461538463,1.2711814802605796,0.916963608820915,3.5650621256370636,weak_network_transition_concentration,0.0,True,False,"insufficient_minimum_mappable_segments,minimum_unique_probes","minimum_mappable_segments,minimum_unique_probes",5.0,3.0,0.6153846153846154,0.38461538461538464
BI,L-Root,all_publicly_visible,,,0.0,0.0,,,,,,,,unknown_network_transition_concentration,,False,False,insufficient_no_inter_region_projection_segments,"minimum_mappable_segments,minimum_unique_probes,minimum_unique_probe_asns,maximum_country_fallback_share",0.0,0.0,,
BI,L-Root,resolved_entry_only,,,0.0,0.0,,,,,,,,unknown_network_transition_concentration,,False,False,insufficient_no_inter_region_projection_segments,"minimum_mappable_segments,minimum_unique_probes,minimum_unique_probe_asns,maximum_country_fallback_share",0.0,0.0,,
BJ,L-Root,all_publicly_visible,5008,dns-root_l-root_msm5008_20260701T000000Z_010000Z.json,6.0,3.0,37136->6713,0.3333333333333333,0.6666666666666666,1.0,1.0986122886681096,0.9999999999999998,2.9999999999999996,weak_network_transition_concentration,0.6666666666666666,False,False,"insufficient_minimum_mappable_segments,minimum_unique_probes,maximum_country_fallback_share","minimum_mappable_segments,minimum_unique_probes,maximum_country_fallback_share",3.0,3.0,0.0,1.0
BJ,L-Root,resolved_entry_only,5008,dns-root_l-root_msm5008_20260701T000000Z_010000Z.json,6.0,3.0,37136->6713,0.3333333333333333,0.6666666666666666,1.0,1.0986122886681096,0.9999999999999998,2.9999999999999996,weak_network_transition_concentration,0.6666666666666666,False,False,"insufficient_minimum_mappable_segments,minimum_unique_probes,maximum_country_fallback_share","minimum_mappable_segments,minimum_unique_probes,maximum_country_fallback_share",3.0,3.0,0.0,1.0
BL,L-Root,all_publicly_visible,,,0.0,0.0,,,,,,,,unknown_network_transition_concentration,,False,False,insufficient_no_inter_region_projection_segments,"minimum_mappable_segments,minimum_unique_probes,minimum_unique_probe_asns,maximum_country_fallback_share",0.0,0.0,,
BL,L-Root,resolved_entry_only,,,0.0,0.0,,,,,,,,unknown_network_transition_concentration,,False,False,insufficient_no_inter_region_projection_segments,"minimum_mappable_segments,minimum_unique_probes,minimum_unique_probe_asns,maximum_country_fallback_share",0.0,0.0,,
BO,L-Root,all_publicly_visible,5008,dns-root_l-root_msm5008_20260701T000000Z_010000Z.json,1.0,1.0,7578->7578,1.0,1.0,1.0,-0.0,0.0,1.0,severe_network_transition_concentration,0.0,True,False,"insufficient_minimum_mappable_segments,minimum_unique_probes,minimum_unique_probe_asns","minimum_mappable_segments,minimum_unique_probes,minimum_unique_probe_asns",1.0,1.0,0.0,1.0
BO,L-Root,resolved_entry_only,5008,dns-root_l-root_msm5008_20260701T000000Z_010000Z.json,1.0,1.0,7578->7578,1.0,1.0,1.0,-0.0,0.0,1.0,severe_network_transition_concentration,0.0,True,False,"insufficient_minimum_mappable_segments,minimum_unique_probes,minimum_unique_probe_asns","minimum_mappable_segments,minimum_unique_probes,minimum_unique_probe_asns",1.0,1.0,0.0,1.0
BR,L-Root,all_publicly_visible,5008,dns-root_l-root_msm5008_20260701T000000Z_010000Z.json,4.0,2.0,COUNTRY_FALLBACK:BR->BR,0.5,1.0,1.0,0.6931471805599453,1.0,2.0,moderate_network_transition_concentration,1.0,False,False,"insufficient_minimum_mappable_segments,minimum_unique_probes,minimum_unique_probe_asns,maximum_country_fallback_share","minimum_mappable_segments,minimum_unique_probes,minimum_unique_probe_asns,maximum_country_fallback_share",3.0,2.0,0.5,0.5
BR,L-Root,resolved_entry_only,5008,dns-root_l-root_msm5008_20260701T000000Z_010000Z.json,4.0,2.0,COUNTRY_FALLBACK:BR->BR,0.5,1.0,1.0,0.6931471805599453,1.0,2.0,moderate_network_transition_concentration,1.0,False,False,"insufficient_minimum_mappable_segments,minimum_unique_probes,minimum_unique_probe_asns,maximum_country_fallback_share","minimum_mappable_segments,minimum_unique_probes,minimum_unique_probe_asns,maximum_country_fallback_share",3.0,2.0,0.5,0.5
BT,L-Root,all_publicly_visible,5008,dns-root_l-root_msm5008_20260701T000000Z_010000Z.json,2.0,1.0,COUNTRY_FALLBACK:SG->SG,1.0,1.0,1.0,-0.0,0.0,1.0,severe_network_transition_concentration,1.0,False,False,"insufficient_minimum_mappable_segments,minimum_unique_probes,minimum_unique_probe_asns,maximum_country_fallback_share","minimum_mappable_segments,minimum_unique_probes,minimum_unique_probe_asns,maximum_country_fallback_share",1.0,1.0,1.0,0.0
BT,L-Root,resolved_entry_only,5008,dns-root_l-root_msm5008_20260701T000000Z_010000Z.json,2.0,1.0,COUNTRY_FALLBACK:SG->SG,1.0,1.0,1.0,-0.0,0.0,1.0,severe_network_transition_concentration,1.0,False,False,"insufficient_minimum_mappable_segments,minimum_unique_probes,minimum_unique_probe_asns,maximum_country_fallback_share","minimum_mappable_segments,minimum_unique_probes,minimum_unique_probe_asns,maximum_country_fallback_share",1.0,1.0,1.0,0.0
BW,L-Root,all_publicly_visible,,,0.0,0.0,,,,,,,,unknown_network_transition_concentration,,False,False,insufficient_no_inter_region_projection_segments,"minimum_mappable_segments,minimum_unique_probes,minimum_unique_probe_asns,maximum_country_fallback_share",0.0,0.0,,
BW,L-Root,resolved_entry_only,,,0.0,0.0,,,,,,,,unknown_network_transition_concentration,,False,False,insufficient_no_inter_region_projection_segments,"minimum_mappable_segments,minimum_unique_probes,minimum_unique_probe_asns,maximum_country_fallback_share",0.0,0.0,,
BY,L-Root,all_publicly_visible,5008,dns-root_l-root_msm5008_20260701T000000Z_010000Z.json,2.0,1.0,5408->5408,1.0,1.0,1.0,-0.0,0.0,1.0,severe_network_transition_concentration,0.0,True,False,"insufficient_minimum_mappable_segments,minimum_unique_probes,minimum_unique_probe_asns","minimum_mappable_segments,minimum_unique_probes,minimum_unique_probe_asns",1.0,1.0,1.0,0.0
BY,L-Root,resolved_entry_only,5008,dns-root_l-root_msm5008_20260701T000000Z_010000Z.json,2.0,1.0,5408->5408,1.0,1.0,1.0,-0.0,0.0,1.0,severe_network_transition_concentration,0.0,True,False,"insufficient_minimum_mappable_segments,minimum_unique_probes,minimum_unique_probe_asns","minimum_mappable_segments,minimum_unique_probes,minimum_unique_probe_asns",1.0,1.0,1.0,0.0
CA,L-Root,all_publicly_visible,5008,dns-root_l-root_msm5008_20260701T000000Z_010000Z.json,339.0,22.0,6327->6327,0.20943952802359883,0.3893805309734514,0.551622418879056,2.2545093396106357,0.7293686106320492,9.530615867030372,broad_network_transition_distribution,0.2743362831858407,True,True,auditable,,61.0,19.0,0.7345132743362832,0.26548672566371684
CA,L-Root,resolved_entry_only,5008,dns-root_l-root_msm5008_20260701T000000Z_010000Z.json,339.0,22.0,6327->6327,0.20943952802359883,0.3893805309734514,0.551622418879056,2.2545093396106357,0.7293686106320492,9.530615867030372,broad_network_transition_distribution,0.2743362831858407,True,True,auditable,,61.0,19.0,0.7345132743362832,0.26548672566371684
CD,L-Root,all_publicly_visible,,,0.0,0.0,,,,,,,,unknown_network_transition_concentration,,False,False,insufficient_no_inter_region_projection_segments,"minimum_mappable_segments,minimum_unique_probes,minimum_unique_probe_asns,maximum_country_fallback_share",0.0,0.0,,
CD,L-Root,resolved_entry_only,,,0.0,0.0,,,,,,,,unknown_network_transition_concentration,,False,False,insufficient_no_inter_region_projection_segments,"minimum_mappable_segments,minimum_unique_probes,minimum_unique_probe_asns,maximum_country_fallback_share",0.0,0.0,,
CG,L-Root,all_publicly_visible,,,0.0,0.0,,,,,,,,unknown_network_transition_concentration,,False,False,insufficient_no_inter_region_projection_segments,"minimum_mappable_segments,minimum_unique_probes,minimum_unique_probe_asns,maximum_country_fallback_share",0.0,0.0,,
CG,L-Root,resolved_entry_only,,,0.0,0.0,,,,,,,,unknown_network_transition_concentration,,False,False,insufficient_no_inter_region_projection_segments,"minimum_mappable_segments,minimum_unique_probes,minimum_unique_probe_asns,maximum_country_fallback_share",0.0,0.0,,
CH,L-Root,all_publicly_visible,5008,dns-root_l-root_msm5008_20260701T000000Z_010000Z.json,8.0,1.0,5408->5408,1.0,1.0,1.0,-0.0,0.0,1.0,severe_network_transition_concentration,0.0,True,False,"insufficient_minimum_mappable_segments,minimum_unique_probes,minimum_unique_probe_asns","minimum_mappable_segments,minimum_unique_probes,minimum_unique_probe_asns",4.0,1.0,1.0,0.0
CH,L-Root,resolved_entry_only,5008,dns-root_l-root_msm5008_20260701T000000Z_010000Z.json,8.0,1.0,5408->5408,1.0,1.0,1.0,-0.0,0.0,1.0,severe_network_transition_concentration,0.0,True,False,"insufficient_minimum_mappable_segments,minimum_unique_probes,minimum_unique_probe_asns","minimum_mappable_segments,minimum_unique_probes,minimum_unique_probe_asns",4.0,1.0,1.0,0.0
CI,L-Root,all_publicly_visible,,,0.0,0.0,,,,,,,,unknown_network_transition_concentration,,False,False,insufficient_no_inter_region_projection_segments,"minimum_mappable_segments,minimum_unique_probes,minimum_unique_probe_asns,maximum_country_fallback_share",0.0,0.0,,
CI,L-Root,resolved_entry_only,,,0.0,0.0,,,,,,,,unknown_network_transition_concentration,,False,False,insufficient_no_inter_region_projection_segments,"minimum_mappable_segments,minimum_unique_probes,minimum_unique_probe_asns,maximum_country_fallback_share",0.0,0.0,,
CK,L-Root,all_publicly_visible,,,0.0,0.0,,,,,,,,unknown_network_transition_concentration,,False,False,insufficient_no_inter_region_projection_segments,"minimum_mappable_segments,minimum_unique_probes,minimum_unique_probe_asns,maximum_country_fallback_share",0.0,0.0,,
CK,L-Root,resolved_entry_only,,,0.0,0.0,,,,,,,,unknown_network_transition_concentration,,False,False,insufficient_no_inter_region_projection_segments,"minimum_mappable_segments,minimum_unique_probes,minimum_unique_probe_asns,maximum_country_fallback_share",0.0,0.0,,
CL,L-Root,all_publicly_visible,,,0.0,0.0,,,,,,,,unknown_network_transition_concentration,,False,False,insufficient_no_inter_region_projection_segments,"minimum_mappable_segments,minimum_unique_probes,minimum_unique_probe_asns,maximum_country_fallback_share",0.0,0.0,,
CL,L-Root,resolved_entry_only,,,0.0,0.0,,,,,,,,unknown_network_transition_concentration,,False,False,insufficient_no_inter_region_projection_segments,"minimum_mappable_segments,minimum_unique_probes,minimum_unique_probe_asns,maximum_country_fallback_share",0.0,0.0,,
CM,L-Root,all_publicly_visible,5008,dns-root_l-root_msm5008_20260701T000000Z_010000Z.json,2.0,1.0,60171->60171,1.0,1.0,1.0,-0.0,0.0,1.0,severe_network_transition_concentration,0.0,True,False,"insufficient_minimum_mappable_segments,minimum_unique_probes,minimum_unique_probe_asns","minimum_mappable_segments,minimum_unique_probes,minimum_unique_probe_asns",1.0,1.0,0.0,1.0
CM,L-Root,resolved_entry_only,5008,dns-root_l-root_msm5008_20260701T000000Z_010000Z.json,2.0,1.0,60171->60171,1.0,1.0,1.0,-0.0,0.0,1.0,severe_network_transition_concentration,0.0,True,False,"insufficient_minimum_mappable_segments,minimum_unique_probes,minimum_unique_probe_asns","minimum_mappable_segments,minimum_unique_probes,minimum_unique_probe_asns",1.0,1.0,0.0,1.0
CN,L-Root,all_publicly_visible,5008,dns-root_l-root_msm5008_20260701T000000Z_010000Z.json,21.0,10.0,COUNTRY_FALLBACK:SG->SG,0.2857142857142857,0.42857142857142855,0.5238095238095237,2.1115904793495077,0.9170520932209335,8.261370380069566,broad_network_transition_distribution,0.6666666666666666,False,False,"insufficient_minimum_mappable_segments,minimum_unique_probes,maximum_country_fallback_share","minimum_mappable_segments,minimum_unique_probes,maximum_country_fallback_share",7.0,7.0,0.7619047619047619,0.23809523809523808
CN,L-Root,resolved_entry_only,5008,dns-root_l-root_msm5008_20260701T000000Z_010000Z.json,17.0,8.0,COUNTRY_FALLBACK:SG->SG,0.35294117647058826,0.47058823529411764,0.5882352941176471,1.874640740535752,0.9015116332731145,6.518476875108558,broad_network_transition_distribution,0.7647058823529411,False,False,"insufficient_minimum_mappable_segments,minimum_unique_probes,maximum_country_fallback_share","minimum_mappable_segments,minimum_unique_probes,maximum_country_fallback_share",4.0,4.0,0.7058823529411765,0.29411764705882354
CO,L-Root,all_publicly_visible,5008,dns-root_l-root_msm5008_20260701T000000Z_010000Z.json,4.0,3.0,52320->52320,0.5,0.75,1.0,1.0397207708399179,0.946394630357186,2.82842712474619,weak_network_transition_concentration,0.0,True,False,"insufficient_minimum_mappable_segments,minimum_unique_probes","minimum_mappable_segments,minimum_unique_probes",3.0,3.0,0.0,1.0
CO,L-Root,resolved_entry_only,5008,dns-root_l-root_msm5008_20260701T000000Z_010000Z.json,4.0,3.0,52320->52320,0.5,0.75,1.0,1.0397207708399179,0.946394630357186,2.82842712474619,weak_network_transition_concentration,0.0,True,False,"insufficient_minimum_mappable_segments,minimum_unique_probes","minimum_mappable_segments,minimum_unique_probes",3.0,3.0,0.0,1.0
CR,L-Root,all_publicly_visible,,,0.0,0.0,,,,,,,,unknown_network_transition_concentration,,False,False,insufficient_no_inter_region_projection_segments,"minimum_mappable_segments,minimum_unique_probes,minimum_unique_probe_asns,maximum_country_fallback_share",0.0,0.0,,
CR,L-Root,resolved_entry_only,,,0.0,0.0,,,,,,,,unknown_network_transition_concentration,,False,False,insufficient_no_inter_region_projection_segments,"minimum_mappable_segments,minimum_unique_probes,minimum_unique_probe_asns,maximum_country_fallback_share",0.0,0.0,,
CU,L-Root,all_publicly_visible,,,0.0,0.0,,,,,,,,unknown_network_transition_concentration,,False,False,insufficient_no_inter_region_projection_segments,"minimum_mappable_segments,minimum_unique_probes,minimum_unique_probe_asns,maximum_country_fallback_share",0.0,0.0,,
CU,L-Root,resolved_entry_only,,,0.0,0.0,,,,,,,,unknown_network_transition_concentration,,False,False,insufficient_no_inter_region_projection_segments,"minimum_mappable_segments,minimum_unique_probes,minimum_unique_probe_asns,maximum_country_fallback_share",0.0,0.0,,
CV,L-Root,all_publicly_visible,5008,dns-root_l-root_msm5008_20260701T000000Z_010000Z.json,8.0,2.0,37575->37575,0.75,1.0,1.0,0.5623351446188083,0.8112781244591328,1.7547653506033232,moderate_network_transition_concentration,0.0,True,False,"insufficient_minimum_mappable_segments,minimum_unique_probes,minimum_unique_probe_asns","minimum_mappable_segments,minimum_unique_probes,minimum_unique_probe_asns",1.0,1.0,0.75,0.25
CV,L-Root,resolved_entry_only,5008,dns-root_l-root_msm5008_20260701T000000Z_010000Z.json,8.0,2.0,37575->37575,0.75,1.0,1.0,0.5623351446188083,0.8112781244591328,1.7547653506033232,moderate_network_transition_concentration,0.0,True,False,"insufficient_minimum_mappable_segments,minimum_unique_probes,minimum_unique_probe_asns","minimum_mappable_segments,minimum_unique_probes,minimum_unique_probe_asns",1.0,1.0,0.75,0.25
CW,L-Root,all_publicly_visible,,,0.0,0.0,,,,,,,,unknown_network_transition_concentration,,False,False,insufficient_no_inter_region_projection_segments,"minimum_mappable_segments,minimum_unique_probes,minimum_unique_probe_asns,maximum_country_fallback_share",0.0,0.0,,
CW,L-Root,resolved_entry_only,,,0.0,0.0,,,,,,,,unknown_network_transition_concentration,,False,False,insufficient_no_inter_region_projection_segments,"minimum_mappable_segments,minimum_unique_probes,minimum_unique_probe_asns,maximum_country_fallback_share",0.0,0.0,,
CY,L-Root,all_publicly_visible,5008,dns-root_l-root_msm5008_20260701T000000Z_010000Z.json,7.0,2.0,5504->1299,0.5714285714285714,1.0,1.0,0.6829081047004717,0.9852281360342515,1.9796263300525183,moderate_network_transition_concentration,0.0,True,False,"insufficient_minimum_mappable_segments,minimum_unique_probes,minimum_unique_probe_asns","minimum_mappable_segments,minimum_unique_probes,minimum_unique_probe_asns",4.0,2.0,0.0,1.0
CY,L-Root,resolved_entry_only,5008,dns-root_l-root_msm5008_20260701T000000Z_010000Z.json,7.0,2.0,5504->1299,0.5714285714285714,1.0,1.0,0.6829081047004717,0.9852281360342515,1.9796263300525183,moderate_network_transition_concentration,0.0,True,False,"insufficient_minimum_mappable_segments,minimum_unique_probes,minimum_unique_probe_asns","minimum_mappable_segments,minimum_unique_probes,minimum_unique_probe_asns",4.0,2.0,0.0,1.0
CZ,L-Root,all_publicly_visible,5008,dns-root_l-root_msm5008_20260701T000000Z_010000Z.json,14.0,1.0,5408->5408,1.0,1.0,1.0,-0.0,0.0,1.0,severe_network_transition_concentration,0.0,True,False,"insufficient_minimum_mappable_segments,minimum_unique_probes,minimum_unique_probe_asns","minimum_mappable_segments,minimum_unique_probes,minimum_unique_probe_asns",7.0,2.0,1.0,0.0
CZ,L-Root,resolved_entry_only,5008,dns-root_l-root_msm5008_20260701T000000Z_010000Z.json,14.0,1.0,5408->5408,1.0,1.0,1.0,-0.0,0.0,1.0,severe_network_transition_concentration,0.0,True,False,"insufficient_minimum_mappable_segments,minimum_unique_probes,minimum_unique_probe_asns","minimum_mappable_segments,minimum_unique_probes,minimum_unique_probe_asns",7.0,2.0,1.0,0.0
DE,L-Root,all_publicly_visible,5008,dns-root_l-root_msm5008_20260701T000000Z_010000Z.json,159.0,5.0,8473->8473,0.8238993710691824,0.8867924528301887,0.949685534591195,0.6928481890869556,0.4304907842260891,1.9994021064410126,severe_network_transition_concentration,0.0,True,True,auditable,,36.0,14.0,0.9245283018867925,0.07547169811320754
DE,L-Root,resolved_entry_only,5008,dns-root_l-root_msm5008_20260701T000000Z_010000Z.json,159.0,5.0,8473->8473,0.8238993710691824,0.8867924528301887,0.949685534591195,0.6928481890869556,0.4304907842260891,1.9994021064410126,severe_network_transition_concentration,0.0,True,True,auditable,,36.0,14.0,0.9245283018867925,0.07547169811320754
DJ,L-Root,all_publicly_visible,5008,dns-root_l-root_msm5008_20260701T000000Z_010000Z.json,3.0,1.0,COUNTRY_FALLBACK:DJ->FR,1.0,1.0,1.0,-0.0,0.0,1.0,severe_network_transition_concentration,1.0,False,False,"insufficient_minimum_mappable_segments,minimum_unique_probes,minimum_unique_probe_asns,maximum_country_fallback_share","minimum_mappable_segments,minimum_unique_probes,minimum_unique_probe_asns,maximum_country_fallback_share",2.0,2.0,0.0,1.0
DJ,L-Root,resolved_entry_only,5008,dns-root_l-root_msm5008_20260701T000000Z_010000Z.json,3.0,1.0,COUNTRY_FALLBACK:DJ->FR,1.0,1.0,1.0,-0.0,0.0,1.0,severe_network_transition_concentration,1.0,False,False,"insufficient_minimum_mappable_segments,minimum_unique_probes,minimum_unique_probe_asns,maximum_country_fallback_share","minimum_mappable_segments,minimum_unique_probes,minimum_unique_probe_asns,maximum_country_fallback_share",2.0,2.0,0.0,1.0
DK,L-Root,all_publicly_visible,5008,dns-root_l-root_msm5008_20260701T000000Z_010000Z.json,501.0,34.0,1299->1299,0.15568862275449102,0.3033932135728543,0.4151696606786427,2.834529504184858,0.8038116024717558,17.022389453007527,broad_network_transition_distribution,0.13572854291417166,True,True,auditable,,86.0,29.0,0.7604790419161677,0.23952095808383234
DK,L-Root,resolved_entry_only,5008,dns-root_l-root_msm5008_20260701T000000Z_010000Z.json,501.0,34.0,1299->1299,0.15568862275449102,0.3033932135728543,0.4151696606786427,2.834529504184858,0.8038116024717558,17.022389453007527,broad_network_transition_distribution,0.13572854291417166,True,True,auditable,,86.0,29.0,0.7604790419161677,0.23952095808383234
DO,L-Root,all_publicly_visible,5008,dns-root_l-root_msm5008_20260701T000000Z_010000Z.json,3.0,2.0,23520->23520,0.6666666666666666,1.0,1.0,0.6365141682948128,0.9182958340544894,1.8898815748423097,moderate_network_transition_concentration,0.0,True,False,"insufficient_minimum_mappable_segments,minimum_unique_probes,minimum_unique_probe_asns","minimum_mappable_segments,minimum_unique_probes,minimum_unique_probe_asns",2.0,2.0,0.0,1.0
DO,L-Root,resolved_entry_only,5008,dns-root_l-root_msm5008_20260701T000000Z_010000Z.json,3.0,2.0,23520->23520,0.6666666666666666,1.0,1.0,0.6365141682948128,0.9182958340544894,1.8898815748423097,moderate_network_transition_concentration,0.0,True,False,"insufficient_minimum_mappable_segments,minimum_unique_probes,minimum_unique_probe_asns","minimum_mappable_segments,minimum_unique_probes,minimum_unique_probe_asns",2.0,2.0,0.0,1.0
DZ,L-Root,all_publicly_visible,,,0.0,0.0,,,,,,,,unknown_network_transition_concentration,,False,False,insufficient_no_inter_region_projection_segments,"minimum_mappable_segments,minimum_unique_probes,minimum_unique_probe_asns,maximum_country_fallback_share",0.0,0.0,,
DZ,L-Root,resolved_entry_only,,,0.0,0.0,,,,,,,,unknown_network_transition_concentration,,False,False,insufficient_no_inter_region_projection_segments,"minimum_mappable_segments,minimum_unique_probes,minimum_unique_probe_asns,maximum_country_fallback_share",0.0,0.0,,
EC,L-Root,all_publicly_visible,,,0.0,0.0,,,,,,,,unknown_network_transition_concentration,,False,False,insufficient_no_inter_region_projection_segments,"minimum_mappable_segments,minimum_unique_probes,minimum_unique_probe_asns,maximum_country_fallback_share",0.0,0.0,,
EC,L-Root,resolved_entry_only,,,0.0,0.0,,,,,,,,unknown_network_transition_concentration,,False,False,insufficient_no_inter_region_projection_segments,"minimum_mappable_segments,minimum_unique_probes,minimum_unique_probe_asns,maximum_country_fallback_share",0.0,0.0,,
EE,L-Root,all_publicly_visible,5008,dns-root_l-root_msm5008_20260701T000000Z_010000Z.json,26.0,4.0,1257->1257,0.46153846153846156,0.7692307692307693,0.9230769230769231,1.2047933096947843,0.8690746665964332,3.3360694735848733,weak_network_transition_concentration,0.0,True,False,insufficient_minimum_mappable_segments,minimum_mappable_segments,10.0,6.0,0.15384615384615385,0.8461538461538461
EE,L-Root,resolved_entry_only,5008,dns-root_l-root_msm5008_20260701T000000Z_010000Z.json,26.0,4.0,1257->1257,0.46153846153846156,0.7692307692307693,0.9230769230769231,1.2047933096947843,0.8690746665964332,3.3360694735848733,weak_network_transition_concentration,0.0,True,False,insufficient_minimum_mappable_segments,minimum_mappable_segments,10.0,6.0,0.15384615384615385,0.8461538461538461
EG,L-Root,all_publicly_visible,,,0.0,0.0,,,,,,,,unknown_network_transition_concentration,,False,False,insufficient_no_inter_region_projection_segments,"minimum_mappable_segments,minimum_unique_probes,minimum_unique_probe_asns,maximum_country_fallback_share",0.0,0.0,,
EG,L-Root,resolved_entry_only,,,0.0,0.0,,,,,,,,unknown_network_transition_concentration,,False,False,insufficient_no_inter_region_projection_segments,"minimum_mappable_segments,minimum_unique_probes,minimum_unique_probe_asns,maximum_country_fallback_share",0.0,0.0,,
ES,L-Root,all_publicly_visible,5008,dns-root_l-root_msm5008_20260701T000000Z_010000Z.json,31.0,6.0,5408->5408,0.45161290322580644,0.6451612903225806,0.7741935483870968,1.492890150289631,0.8331978571503317,4.449937941228829,broad_network_transition_distribution,0.12903225806451613,True,True,auditable,,17.0,10.0,0.8387096774193549,0.16129032258064516
ES,L-Root,resolved_entry_only,5008,dns-root_l-root_msm5008_20260701T000000Z_010000Z.json,31.0,6.0,5408->5408,0.45161290322580644,0.6451612903225806,0.7741935483870968,1.492890150289631,0.8331978571503317,4.449937941228829,broad_network_transition_distribution,0.12903225806451613,True,True,auditable,,17.0,10.0,0.8387096774193549,0.16129032258064516
ET,L-Root,all_publicly_visible,5008,dns-root_l-root_msm5008_20260701T000000Z_010000Z.json,1.0,1.0,COUNTRY_FALLBACK:DJ->FR,1.0,1.0,1.0,-0.0,0.0,1.0,severe_network_transition_concentration,1.0,False,False,"insufficient_minimum_mappable_segments,minimum_unique_probes,minimum_unique_probe_asns,maximum_country_fallback_share","minimum_mappable_segments,minimum_unique_probes,minimum_unique_probe_asns,maximum_country_fallback_share",1.0,1.0,0.0,1.0
ET,L-Root,resolved_entry_only,,,0.0,0.0,,,,,,,,unknown_network_transition_concentration,,False,False,insufficient_no_inter_region_projection_segments,"minimum_mappable_segments,minimum_unique_probes,minimum_unique_probe_asns,maximum_country_fallback_share",0.0,0.0,,
FI,L-Root,all_publicly_visible,5008,dns-root_l-root_msm5008_20260701T000000Z_010000Z.json,133.0,13.0,COUNTRY_FALLBACK:FI->EE,0.47368421052631576,0.5639097744360901,0.6390977443609023,1.8966145651749005,0.7394354822864535,6.663298053280306,broad_network_transition_distribution,0.5488721804511278,False,False,insufficient_maximum_country_fallback_share,maximum_country_fallback_share,64.0,33.0,0.3082706766917293,0.6917293233082706
FI,L-Root,resolved_entry_only,5008,dns-root_l-root_msm5008_20260701T000000Z_010000Z.json,132.0,13.0,COUNTRY_FALLBACK:FI->EE,0.4696969696969697,0.5606060606060607,0.6363636363636364,1.9052902483790934,0.7428178817006779,6.721358207870019,broad_network_transition_distribution,0.5454545454545454,False,False,insufficient_maximum_country_fallback_share,maximum_country_fallback_share,63.0,33.0,0.3106060606060606,0.6893939393939394
FJ,L-Root,all_publicly_visible,,,0.0,0.0,,,,,,,,unknown_network_transition_concentration,,False,False,insufficient_no_inter_region_projection_segments,"minimum_mappable_segments,minimum_unique_probes,minimum_unique_probe_asns,maximum_country_fallback_share",0.0,0.0,,
FJ,L-Root,resolved_entry_only,,,0.0,0.0,,,,,,,,unknown_network_transition_concentration,,False,False,insufficient_no_inter_region_projection_segments,"minimum_mappable_segments,minimum_unique_probes,minimum_unique_probe_asns,maximum_country_fallback_share",0.0,0.0,,
FM,L-Root,all_publicly_visible,,,0.0,0.0,,,,,,,,unknown_network_transition_concentration,,False,False,insufficient_no_inter_region_projection_segments,"minimum_mappable_segments,minimum_unique_probes,minimum_unique_probe_asns,maximum_country_fallback_share",0.0,0.0,,
FM,L-Root,resolved_entry_only,,,0.0,0.0,,,,,,,,unknown_network_transition_concentration,,False,False,insufficient_no_inter_region_projection_segments,"minimum_mappable_segments,minimum_unique_probes,minimum_unique_probe_asns,maximum_country_fallback_share",0.0,0.0,,
FR,L-Root,all_publicly_visible,5008,dns-root_l-root_msm5008_20260701T000000Z_010000Z.json,63.0,8.0,5408->5408,0.4444444444444444,0.7619047619047619,0.8253968253968254,1.4744710493325879,0.7090706902688236,4.368724322016029,weak_network_transition_concentration,0.0,True,True,auditable,,24.0,11.0,0.9365079365079365,0.06349206349206349
FR,L-Root,resolved_entry_only,5008,dns-root_l-root_msm5008_20260701T000000Z_010000Z.json,61.0,8.0,5408->5408,0.4262295081967213,0.7540983606557377,0.8196721311475409,1.495552628790256,0.7192087869813851,4.461801591675348,weak_network_transition_concentration,0.0,True,True,auditable,,23.0,11.0,0.9344262295081968,0.06557377049180328
GB,L-Root,all_publicly_visible,5008,dns-root_l-root_msm5008_20260701T000000Z_010000Z.json,17.0,8.0,30844->30844,0.23529411764705882,0.47058823529411764,0.5882352941176471,1.9361993456845223,0.9311150647305054,6.93235335960359,broad_network_transition_distribution,0.11764705882352941,True,False,insufficient_minimum_mappable_segments,minimum_mappable_segments,11.0,9.0,0.5294117647058824,0.47058823529411764
GB,L-Root,resolved_entry_only,5008,dns-root_l-root_msm5008_20260701T000000Z_010000Z.json,17.0,8.0,30844->30844,0.23529411764705882,0.47058823529411764,0.5882352941176471,1.9361993456845223,0.9311150647305054,6.93235335960359,broad_network_transition_distribution,0.11764705882352941,True,False,insufficient_minimum_mappable_segments,minimum_mappable_segments,11.0,9.0,0.5294117647058824,0.47058823529411764
GE,L-Root,all_publicly_visible,5008,dns-root_l-root_msm5008_20260701T000000Z_010000Z.json,2.0,1.0,5408->5408,1.0,1.0,1.0,-0.0,0.0,1.0,severe_network_transition_concentration,0.0,True,False,"insufficient_minimum_mappable_segments,minimum_unique_probes,minimum_unique_probe_asns","minimum_mappable_segments,minimum_unique_probes,minimum_unique_probe_asns",1.0,1.0,1.0,0.0
GE,L-Root,resolved_entry_only,5008,dns-root_l-root_msm5008_20260701T000000Z_010000Z.json,2.0,1.0,5408->5408,1.0,1.0,1.0,-0.0,0.0,1.0,severe_network_transition_concentration,0.0,True,False,"insufficient_minimum_mappable_segments,minimum_unique_probes,minimum_unique_probe_asns","minimum_mappable_segments,minimum_unique_probes,minimum_unique_probe_asns",1.0,1.0,1.0,0.0
GF,L-Root,all_publicly_visible,,,0.0,0.0,,,,,,,,unknown_network_transition_concentration,,False,False,insufficient_no_inter_region_projection_segments,"minimum_mappable_segments,minimum_unique_probes,minimum_unique_probe_asns,maximum_country_fallback_share",0.0,0.0,,
GF,L-Root,resolved_entry_only,,,0.0,0.0,,,,,,,,unknown_network_transition_concentration,,False,False,insufficient_no_inter_region_projection_segments,"minimum_mappable_segments,minimum_unique_probes,minimum_unique_probe_asns,maximum_country_fallback_share",0.0,0.0,,
GG,L-Root,all_publicly_visible,5008,dns-root_l-root_msm5008_20260701T000000Z_010000Z.json,4.0,1.0,8680->8680,1.0,1.0,1.0,-0.0,0.0,1.0,severe_network_transition_concentration,0.0,True,False,"insufficient_minimum_mappable_segments,minimum_unique_probes,minimum_unique_probe_asns","minimum_mappable_segments,minimum_unique_probes,minimum_unique_probe_asns",1.0,1.0,1.0,0.0
GG,L-Root,resolved_entry_only,5008,dns-root_l-root_msm5008_20260701T000000Z_010000Z.json,4.0,1.0,8680->8680,1.0,1.0,1.0,-0.0,0.0,1.0,severe_network_transition_concentration,0.0,True,False,"insufficient_minimum_mappable_segments,minimum_unique_probes,minimum_unique_probe_asns","minimum_mappable_segments,minimum_unique_probes,minimum_unique_probe_asns",1.0,1.0,1.0,0.0
GH,L-Root,all_publicly_visible,5008,dns-root_l-root_msm5008_20260701T000000Z_010000Z.json,3.0,2.0,37468->37468,0.6666666666666666,1.0,1.0,0.6365141682948128,0.9182958340544894,1.8898815748423097,moderate_network_transition_concentration,0.0,True,False,"insufficient_minimum_mappable_segments,minimum_unique_probes,minimum_unique_probe_asns","minimum_mappable_segments,minimum_unique_probes,minimum_unique_probe_asns",2.0,2.0,0.0,1.0
GH,L-Root,resolved_entry_only,5008,dns-root_l-root_msm5008_20260701T000000Z_010000Z.json,3.0,2.0,37468->37468,0.6666666666666666,1.0,1.0,0.6365141682948128,0.9182958340544894,1.8898815748423097,moderate_network_transition_concentration,0.0,True,False,"insufficient_minimum_mappable_segments,minimum_unique_probes,minimum_unique_probe_asns","minimum_mappable_segments,minimum_unique_probes,minimum_unique_probe_asns",2.0,2.0,0.0,1.0
GP,L-Root,all_publicly_visible,5008,dns-root_l-root_msm5008_20260701T000000Z_010000Z.json,2.0,1.0,21351->21351,1.0,1.0,1.0,-0.0,0.0,1.0,severe_network_transition_concentration,0.0,True,False,"insufficient_minimum_mappable_segments,minimum_unique_probes,minimum_unique_probe_asns","minimum_mappable_segments,minimum_unique_probes,minimum_unique_probe_asns",1.0,1.0,1.0,0.0
GP,L-Root,resolved_entry_only,5008,dns-root_l-root_msm5008_20260701T000000Z_010000Z.json,2.0,1.0,21351->21351,1.0,1.0,1.0,-0.0,0.0,1.0,severe_network_transition_concentration,0.0,True,False,"insufficient_minimum_mappable_segments,minimum_unique_probes,minimum_unique_probe_asns","minimum_mappable_segments,minimum_unique_probes,minimum_unique_probe_asns",1.0,1.0,1.0,0.0
GQ,L-Root,all_publicly_visible,,,0.0,0.0,,,,,,,,unknown_network_transition_concentration,,False,False,insufficient_no_inter_region_projection_segments,"minimum_mappable_segments,minimum_unique_probes,minimum_unique_probe_asns,maximum_country_fallback_share",0.0,0.0,,
GQ,L-Root,resolved_entry_only,,,0.0,0.0,,,,,,,,unknown_network_transition_concentration,,False,False,insufficient_no_inter_region_projection_segments,"minimum_mappable_segments,minimum_unique_probes,minimum_unique_probe_asns,maximum_country_fallback_share",0.0,0.0,,
GR,L-Root,all_publicly_visible,5008,dns-root_l-root_msm5008_20260701T000000Z_010000Z.json,38.0,2.0,5408->5408,0.8421052631578947,1.0,1.0,0.4361623253853443,0.6292492238560347,1.5467598527614164,severe_network_transition_concentration,0.15789473684210525,True,True,auditable,,19.0,9.0,1.0,0.0
GR,L-Root,resolved_entry_only,5008,dns-root_l-root_msm5008_20260701T000000Z_010000Z.json,38.0,2.0,5408->5408,0.8421052631578947,1.0,1.0,0.4361623253853443,0.6292492238560347,1.5467598527614164,severe_network_transition_concentration,0.15789473684210525,True,True,auditable,,19.0,9.0,1.0,0.0
GT,L-Root,all_publicly_visible,5008,dns-root_l-root_msm5008_20260701T000000Z_010000Z.json,2.0,1.0,12956->12956,1.0,1.0,1.0,-0.0,0.0,1.0,severe_network_transition_concentration,0.0,True,False,"insufficient_minimum_mappable_segments,minimum_unique_probes,minimum_unique_probe_asns","minimum_mappable_segments,minimum_unique_probes,minimum_unique_probe_asns",1.0,1.0,0.0,1.0
GT,L-Root,resolved_entry_only,5008,dns-root_l-root_msm5008_20260701T000000Z_010000Z.json,2.0,1.0,12956->12956,1.0,1.0,1.0,-0.0,0.0,1.0,severe_network_transition_concentration,0.0,True,False,"insufficient_minimum_mappable_segments,minimum_unique_probes,minimum_unique_probe_asns","minimum_mappable_segments,minimum_unique_probes,minimum_unique_probe_asns",1.0,1.0,0.0,1.0
GU,L-Root,all_publicly_visible,5008,dns-root_l-root_msm5008_20260701T000000Z_010000Z.json,8.0,2.0,COUNTRY_FALLBACK:SG->SG,0.75,1.0,1.0,0.5623351446188083,0.8112781244591328,1.7547653506033232,moderate_network_transition_concentration,0.75,False,False,"insufficient_minimum_mappable_segments,minimum_unique_probes,minimum_unique_probe_asns,maximum_country_fallback_share","minimum_mappable_segments,minimum_unique_probes,minimum_unique_probe_asns,maximum_country_fallback_share",4.0,2.0,0.75,0.25
GU,L-Root,resolved_entry_only,,,0.0,0.0,,,,,,,,unknown_network_transition_concentration,,False,False,insufficient_no_inter_region_projection_segments,"minimum_mappable_segments,minimum_unique_probes,minimum_unique_probe_asns,maximum_country_fallback_share",0.0,0.0,,
HK,L-Root,all_publicly_visible,5008,dns-root_l-root_msm5008_20260701T000000Z_010000Z.json,212.0,18.0,COUNTRY_FALLBACK:SG->SG,0.25471698113207547,0.4481132075471698,0.6273584905660378,2.0343236547362036,0.7038276820892206,7.647078310835939,broad_network_transition_distribution,0.44339622641509435,False,False,insufficient_maximum_country_fallback_share,maximum_country_fallback_share,54.0,30.0,0.6320754716981132,0.36792452830188677
HK,L-Root,resolved_entry_only,5008,dns-root_l-root_msm5008_20260701T000000Z_010000Z.json,211.0,18.0,COUNTRY_FALLBACK:SG->SG,0.25118483412322273,0.44549763033175355,0.6255924170616114,2.0374505110581373,0.70490950013335,7.671027048614871,broad_network_transition_distribution,0.44075829383886256,False,False,insufficient_maximum_country_fallback_share,maximum_country_fallback_share,53.0,29.0,0.6303317535545023,0.3696682464454976
HN,L-Root,all_publicly_visible,5008,dns-root_l-root_msm5008_20260701T000000Z_010000Z.json,13.0,3.0,263725->54082,0.6153846153846154,0.8461538461538463,1.0,0.9251290835720823,0.842088781560647,2.5221938131328216,moderate_network_transition_concentration,0.0,True,False,"insufficient_minimum_mappable_segments,minimum_unique_probes","minimum_mappable_segments,minimum_unique_probes",7.0,6.0,0.0,1.0
HN,L-Root,resolved_entry_only,5008,dns-root_l-root_msm5008_20260701T000000Z_010000Z.json,13.0,3.0,263725->54082,0.6153846153846154,0.8461538461538463,1.0,0.9251290835720823,0.842088781560647,2.5221938131328216,moderate_network_transition_concentration,0.0,True,False,"insufficient_minimum_mappable_segments,minimum_unique_probes","minimum_mappable_segments,minimum_unique_probes",7.0,6.0,0.0,1.0
HR,L-Root,all_publicly_visible,5008,dns-root_l-root_msm5008_20260701T000000Z_010000Z.json,11.0,1.0,5408->5408,1.0,1.0,1.0,-0.0,0.0,1.0,severe_network_transition_concentration,0.0,True,False,"insufficient_minimum_mappable_segments,minimum_unique_probes,minimum_unique_probe_asns","minimum_mappable_segments,minimum_unique_probes,minimum_unique_probe_asns",6.0,1.0,1.0,0.0
HR,L-Root,resolved_entry_only,5008,dns-root_l-root_msm5008_20260701T000000Z_010000Z.json,11.0,1.0,5408->5408,1.0,1.0,1.0,-0.0,0.0,1.0,severe_network_transition_concentration,0.0,True,False,"insufficient_minimum_mappable_segments,minimum_unique_probes,minimum_unique_probe_asns","minimum_mappable_segments,minimum_unique_probes,minimum_unique_probe_asns",6.0,1.0,1.0,0.0
HT,L-Root,all_publicly_visible,,,0.0,0.0,,,,,,,,unknown_network_transition_concentration,,False,False,insufficient_no_inter_region_projection_segments,"minimum_mappable_segments,minimum_unique_probes,minimum_unique_probe_asns,maximum_country_fallback_share",0.0,0.0,,
HT,L-Root,resolved_entry_only,,,0.0,0.0,,,,,,,,unknown_network_transition_concentration,,False,False,insufficient_no_inter_region_projection_segments,"minimum_mappable_segments,minimum_unique_probes,minimum_unique_probe_asns,maximum_country_fallback_share",0.0,0.0,,
HU,L-Root,all_publicly_visible,5008,dns-root_l-root_msm5008_20260701T000000Z_010000Z.json,2.0,1.0,5408->5408,1.0,1.0,1.0,-0.0,0.0,1.0,severe_network_transition_concentration,0.0,True,False,"insufficient_minimum_mappable_segments,minimum_unique_probes,minimum_unique_probe_asns","minimum_mappable_segments,minimum_unique_probes,minimum_unique_probe_asns",1.0,1.0,1.0,0.0
HU,L-Root,resolved_entry_only,5008,dns-root_l-root_msm5008_20260701T000000Z_010000Z.json,2.0,1.0,5408->5408,1.0,1.0,1.0,-0.0,0.0,1.0,severe_network_transition_concentration,0.0,True,False,"insufficient_minimum_mappable_segments,minimum_unique_probes,minimum_unique_probe_asns","minimum_mappable_segments,minimum_unique_probes,minimum_unique_probe_asns",1.0,1.0,1.0,0.0
ID,L-Root,all_publicly_visible,5008,dns-root_l-root_msm5008_20260701T000000Z_010000Z.json,566.0,65.0,COUNTRY_FALLBACK:ID->ID,0.3197879858657244,0.5477031802120141,0.627208480565371,2.7245943862060904,0.6526932481456632,15.250226969767223,broad_network_transition_distribution,0.3392226148409894,False,False,insufficient_maximum_country_fallback_share,maximum_country_fallback_share,90.0,62.0,0.9823321554770318,0.0176678445229682
ID,L-Root,resolved_entry_only,5008,dns-root_l-root_msm5008_20260701T000000Z_010000Z.json,566.0,65.0,COUNTRY_FALLBACK:ID->ID,0.3197879858657244,0.5477031802120141,0.627208480565371,2.7245943862060904,0.6526932481456632,15.250226969767223,broad_network_transition_distribution,0.3392226148409894,False,False,insufficient_maximum_country_fallback_share,maximum_country_fallback_share,90.0,62.0,0.9823321554770318,0.0176678445229682
IE,L-Root,all_publicly_visible,5008,dns-root_l-root_msm5008_20260701T000000Z_010000Z.json,16.0,1.0,174->174,1.0,1.0,1.0,-0.0,0.0,1.0,severe_network_transition_concentration,0.0,True,False,"insufficient_minimum_mappable_segments,minimum_unique_probes,minimum_unique_probe_asns","minimum_mappable_segments,minimum_unique_probes,minimum_unique_probe_asns",8.0,2.0,0.0,1.0
IE,L-Root,resolved_entry_only,5008,dns-root_l-root_msm5008_20260701T000000Z_010000Z.json,16.0,1.0,174->174,1.0,1.0,1.0,-0.0,0.0,1.0,severe_network_transition_concentration,0.0,True,False,"insufficient_minimum_mappable_segments,minimum_unique_probes,minimum_unique_probe_asns","minimum_mappable_segments,minimum_unique_probes,minimum_unique_probe_asns",8.0,2.0,0.0,1.0
IL,L-Root,all_publicly_visible,5008,dns-root_l-root_msm5008_20260701T000000Z_010000Z.json,83.0,10.0,1680->1680,0.30120481927710846,0.5903614457831325,0.6987951807228916,1.8610901797164776,0.8082611953751974,6.430743617628174,broad_network_transition_distribution,0.0,True,True,auditable,,22.0,9.0,0.891566265060241,0.10843373493975904
IL,L-Root,resolved_entry_only,5008,dns-root_l-root_msm5008_20260701T000000Z_010000Z.json,83.0,10.0,1680->1680,0.30120481927710846,0.5903614457831325,0.6987951807228916,1.8610901797164776,0.8082611953751974,6.430743617628174,broad_network_transition_distribution,0.0,True,True,auditable,,22.0,9.0,0.891566265060241,0.10843373493975904
IM,L-Root,all_publicly_visible,,,0.0,0.0,,,,,,,,unknown_network_transition_concentration,,False,False,insufficient_no_inter_region_projection_segments,"minimum_mappable_segments,minimum_unique_probes,minimum_unique_probe_asns,maximum_country_fallback_share",0.0,0.0,,
IM,L-Root,resolved_entry_only,,,0.0,0.0,,,,,,,,unknown_network_transition_concentration,,False,False,insufficient_no_inter_region_projection_segments,"minimum_mappable_segments,minimum_unique_probes,minimum_unique_probe_asns,maximum_country_fallback_share",0.0,0.0,,
IN,L-Root,all_publicly_visible,5008,dns-root_l-root_msm5008_20260701T000000Z_010000Z.json,10.0,7.0,COUNTRY_FALLBACK:IN->IN,0.2,0.4,0.6000000000000001,1.8866967846580782,0.9695703501901249,6.597539553864469,broad_network_transition_distribution,0.2,True,False,"insufficient_minimum_mappable_segments,minimum_unique_probes","minimum_mappable_segments,minimum_unique_probes",5.0,4.0,1.0,0.0
IN,L-Root,resolved_entry_only,5008,dns-root_l-root_msm5008_20260701T000000Z_010000Z.json,10.0,7.0,COUNTRY_FALLBACK:IN->IN,0.2,0.4,0.6000000000000001,1.8866967846580782,0.9695703501901249,6.597539553864469,broad_network_transition_distribution,0.2,True,False,"insufficient_minimum_mappable_segments,minimum_unique_probes","minimum_mappable_segments,minimum_unique_probes",5.0,4.0,1.0,0.0
IQ,L-Root,all_publicly_visible,,,0.0,0.0,,,,,,,,unknown_network_transition_concentration,,False,False,insufficient_no_inter_region_projection_segments,"minimum_mappable_segments,minimum_unique_probes,minimum_unique_probe_asns,maximum_country_fallback_share",0.0,0.0,,
IQ,L-Root,resolved_entry_only,,,0.0,0.0,,,,,,,,unknown_network_transition_concentration,,False,False,insufficient_no_inter_region_projection_segments,"minimum_mappable_segments,minimum_unique_probes,minimum_unique_probe_asns,maximum_country_fallback_share",0.0,0.0,,
IR,L-Root,all_publicly_visible,,,0.0,0.0,,,,,,,,unknown_network_transition_concentration,,False,False,insufficient_no_inter_region_projection_segments,"minimum_mappable_segments,minimum_unique_probes,minimum_unique_probe_asns,maximum_country_fallback_share",0.0,0.0,,
IR,L-Root,resolved_entry_only,,,0.0,0.0,,,,,,,,unknown_network_transition_concentration,,False,False,insufficient_no_inter_region_projection_segments,"minimum_mappable_segments,minimum_unique_probes,minimum_unique_probe_asns,maximum_country_fallback_share",0.0,0.0,,
IS,L-Root,all_publicly_visible,,,0.0,0.0,,,,,,,,unknown_network_transition_concentration,,False,False,insufficient_no_inter_region_projection_segments,"minimum_mappable_segments,minimum_unique_probes,minimum_unique_probe_asns,maximum_country_fallback_share",0.0,0.0,,
IS,L-Root,resolved_entry_only,,,0.0,0.0,,,,,,,,unknown_network_transition_concentration,,False,False,insufficient_no_inter_region_projection_segments,"minimum_mappable_segments,minimum_unique_probes,minimum_unique_probe_asns,maximum_country_fallback_share",0.0,0.0,,
IT,L-Root,all_publicly_visible,5008,dns-root_l-root_msm5008_20260701T000000Z_010000Z.json,2.0,1.0,34428->34428,1.0,1.0,1.0,-0.0,0.0,1.0,severe_network_transition_concentration,0.0,True,False,"insufficient_minimum_mappable_segments,minimum_unique_probes,minimum_unique_probe_asns","minimum_mappable_segments,minimum_unique_probes,minimum_unique_probe_asns",1.0,1.0,1.0,0.0
IT,L-Root,resolved_entry_only,5008,dns-root_l-root_msm5008_20260701T000000Z_010000Z.json,2.0,1.0,34428->34428,1.0,1.0,1.0,-0.0,0.0,1.0,severe_network_transition_concentration,0.0,True,False,"insufficient_minimum_mappable_segments,minimum_unique_probes,minimum_unique_probe_asns","minimum_mappable_segments,minimum_unique_probes,minimum_unique_probe_asns",1.0,1.0,1.0,0.0
JM,L-Root,all_publicly_visible,5008,dns-root_l-root_msm5008_20260701T000000Z_010000Z.json,8.0,2.0,30689->30689,0.5,1.0,1.0,0.6931471805599453,1.0,2.0,moderate_network_transition_concentration,0.0,True,False,"insufficient_minimum_mappable_segments,minimum_unique_probes,minimum_unique_probe_asns","minimum_mappable_segments,minimum_unique_probes,minimum_unique_probe_asns",4.0,2.0,1.0,0.0
JM,L-Root,resolved_entry_only,5008,dns-root_l-root_msm5008_20260701T000000Z_010000Z.json,8.0,2.0,30689->30689,0.5,1.0,1.0,0.6931471805599453,1.0,2.0,moderate_network_transition_concentration,0.0,True,False,"insufficient_minimum_mappable_segments,minimum_unique_probes,minimum_unique_probe_asns","minimum_mappable_segments,minimum_unique_probes,minimum_unique_probe_asns",4.0,2.0,1.0,0.0
JO,L-Root,all_publicly_visible,,,0.0,0.0,,,,,,,,unknown_network_transition_concentration,,False,False,insufficient_no_inter_region_projection_segments,"minimum_mappable_segments,minimum_unique_probes,minimum_unique_probe_asns,maximum_country_fallback_share",0.0,0.0,,
JO,L-Root,resolved_entry_only,,,0.0,0.0,,,,,,,,unknown_network_transition_concentration,,False,False,insufficient_no_inter_region_projection_segments,"minimum_mappable_segments,minimum_unique_probes,minimum_unique_probe_asns,maximum_country_fallback_share",0.0,0.0,,
JP,L-Root,all_publicly_visible,5008,dns-root_l-root_msm5008_20260701T000000Z_010000Z.json,483.0,14.0,2914->2914,0.6086956521739131,0.8198757763975155,0.8902691511387164,1.2815994292362496,0.4856277333782252,3.602396899167178,moderate_network_transition_concentration,0.2194616977225673,True,True,auditable,,182.0,72.0,0.9772256728778468,0.022774327122153208
JP,L-Root,resolved_entry_only,5008,dns-root_l-root_msm5008_20260701T000000Z_010000Z.json,481.0,14.0,2914->2914,0.6112266112266113,0.8232848232848233,0.893970893970894,1.273018523106198,0.48237622912564315,3.5716173167491188,moderate_network_transition_concentration,0.2203742203742204,True,True,auditable,,181.0,72.0,0.9771309771309772,0.02286902286902287
KE,L-Root,all_publicly_visible,5008,dns-root_l-root_msm5008_20260701T000000Z_010000Z.json,14.0,3.0,6939->6939,0.6428571428571429,0.8571428571428572,1.0,0.8921178708188162,0.8120406807941001,2.4402924064128437,moderate_network_transition_concentration,0.14285714285714285,True,False,"insufficient_minimum_mappable_segments,minimum_unique_probes","minimum_mappable_segments,minimum_unique_probes",5.0,3.0,0.35714285714285715,0.6428571428571429
KE,L-Root,resolved_entry_only,5008,dns-root_l-root_msm5008_20260701T000000Z_010000Z.json,14.0,3.0,6939->6939,0.6428571428571429,0.8571428571428572,1.0,0.8921178708188162,0.8120406807941001,2.4402924064128437,moderate_network_transition_concentration,0.14285714285714285,True,False,"insufficient_minimum_mappable_segments,minimum_unique_probes","minimum_mappable_segments,minimum_unique_probes",5.0,3.0,0.35714285714285715,0.6428571428571429
KG,L-Root,all_publicly_visible,,,0.0,0.0,,,,,,,,unknown_network_transition_concentration,,False,False,insufficient_no_inter_region_projection_segments,"minimum_mappable_segments,minimum_unique_probes,minimum_unique_probe_asns,maximum_country_fallback_share",0.0,0.0,,
KG,L-Root,resolved_entry_only,,,0.0,0.0,,,,,,,,unknown_network_transition_concentration,,False,False,insufficient_no_inter_region_projection_segments,"minimum_mappable_segments,minimum_unique_probes,minimum_unique_probe_asns,maximum_country_fallback_share",0.0,0.0,,
KH,L-Root,all_publicly_visible,5008,dns-root_l-root_msm5008_20260701T000000Z_010000Z.json,14.0,2.0,COUNTRY_FALLBACK:SG->SG,0.7857142857142857,1.0,1.0,0.5195798391305154,0.74959525725948,1.6813210759468074,moderate_network_transition_concentration,0.7857142857142857,False,False,"insufficient_minimum_mappable_segments,minimum_unique_probes,maximum_country_fallback_share","minimum_mappable_segments,minimum_unique_probes,maximum_country_fallback_share",5.0,5.0,1.0,0.0
KH,L-Root,resolved_entry_only,5008,dns-root_l-root_msm5008_20260701T000000Z_010000Z.json,14.0,2.0,COUNTRY_FALLBACK:SG->SG,0.7857142857142857,1.0,1.0,0.5195798391305154,0.74959525725948,1.6813210759468074,moderate_network_transition_concentration,0.7857142857142857,False,False,"insufficient_minimum_mappable_segments,minimum_unique_probes,maximum_country_fallback_share","minimum_mappable_segments,minimum_unique_probes,maximum_country_fallback_share",5.0,5.0,1.0,0.0
KI,L-Root,all_publicly_visible,5008,dns-root_l-root_msm5008_20260701T000000Z_010000Z.json,2.0,2.0,COUNTRY_FALLBACK:AU->NZ,0.5,1.0,1.0,0.6931471805599453,1.0,2.0,moderate_network_transition_concentration,0.5,False,False,"insufficient_minimum_mappable_segments,minimum_unique_probes,minimum_unique_probe_asns,maximum_country_fallback_share","minimum_mappable_segments,minimum_unique_probes,minimum_unique_probe_asns,maximum_country_fallback_share",1.0,1.0,0.0,1.0
KI,L-Root,resolved_entry_only,5008,dns-root_l-root_msm5008_20260701T000000Z_010000Z.json,2.0,2.0,COUNTRY_FALLBACK:AU->NZ,0.5,1.0,1.0,0.6931471805599453,1.0,2.0,moderate_network_transition_concentration,0.5,False,False,"insufficient_minimum_mappable_segments,minimum_unique_probes,minimum_unique_probe_asns,maximum_country_fallback_share","minimum_mappable_segments,minimum_unique_probes,minimum_unique_probe_asns,maximum_country_fallback_share",1.0,1.0,0.0,1.0
KN,L-Root,all_publicly_visible,5008,dns-root_l-root_msm5008_20260701T000000Z_010000Z.json,2.0,1.0,36290->36290,1.0,1.0,1.0,-0.0,0.0,1.0,severe_network_transition_concentration,0.0,True,False,"insufficient_minimum_mappable_segments,minimum_unique_probes,minimum_unique_probe_asns","minimum_mappable_segments,minimum_unique_probes,minimum_unique_probe_asns",1.0,1.0,1.0,0.0
KN,L-Root,resolved_entry_only,5008,dns-root_l-root_msm5008_20260701T000000Z_010000Z.json,2.0,1.0,36290->36290,1.0,1.0,1.0,-0.0,0.0,1.0,severe_network_transition_concentration,0.0,True,False,"insufficient_minimum_mappable_segments,minimum_unique_probes,minimum_unique_probe_asns","minimum_mappable_segments,minimum_unique_probes,minimum_unique_probe_asns",1.0,1.0,1.0,0.0
KR,L-Root,all_publicly_visible,5008,dns-root_l-root_msm5008_20260701T000000Z_010000Z.json,37.0,5.0,COUNTRY_FALLBACK:SG->SG,0.2702702702702703,0.5405405405405406,0.7567567567567568,1.4670593578669733,0.911535230115342,4.336464383277493,broad_network_transition_distribution,0.2972972972972973,True,True,auditable,,10.0,5.0,0.8648648648648649,0.13513513513513514
KR,L-Root,resolved_entry_only,5008,dns-root_l-root_msm5008_20260701T000000Z_010000Z.json,37.0,5.0,COUNTRY_FALLBACK:SG->SG,0.2702702702702703,0.5405405405405406,0.7567567567567568,1.4670593578669733,0.911535230115342,4.336464383277493,broad_network_transition_distribution,0.2972972972972973,True,True,auditable,,10.0,5.0,0.8648648648648649,0.13513513513513514
KW,L-Root,all_publicly_visible,,,0.0,0.0,,,,,,,,unknown_network_transition_concentration,,False,False,insufficient_no_inter_region_projection_segments,"minimum_mappable_segments,minimum_unique_probes,minimum_unique_probe_asns,maximum_country_fallback_share",0.0,0.0,,
KW,L-Root,resolved_entry_only,,,0.0,0.0,,,,,,,,unknown_network_transition_concentration,,False,False,insufficient_no_inter_region_projection_segments,"minimum_mappable_segments,minimum_unique_probes,minimum_unique_probe_asns,maximum_country_fallback_share",0.0,0.0,,
KY,L-Root,all_publicly_visible,5008,dns-root_l-root_msm5008_20260701T000000Z_010000Z.json,2.0,1.0,36549->3855,1.0,1.0,1.0,-0.0,0.0,1.0,severe_network_transition_concentration,0.0,True,False,"insufficient_minimum_mappable_segments,minimum_unique_probes,minimum_unique_probe_asns","minimum_mappable_segments,minimum_unique_probes,minimum_unique_probe_asns",1.0,1.0,0.0,1.0
KY,L-Root,resolved_entry_only,5008,dns-root_l-root_msm5008_20260701T000000Z_010000Z.json,2.0,1.0,36549->3855,1.0,1.0,1.0,-0.0,0.0,1.0,severe_network_transition_concentration,0.0,True,False,"insufficient_minimum_mappable_segments,minimum_unique_probes,minimum_unique_probe_asns","minimum_mappable_segments,minimum_unique_probes,minimum_unique_probe_asns",1.0,1.0,0.0,1.0
KZ,L-Root,all_publicly_visible,,,0.0,0.0,,,,,,,,unknown_network_transition_concentration,,False,False,insufficient_no_inter_region_projection_segments,"minimum_mappable_segments,minimum_unique_probes,minimum_unique_probe_asns,maximum_country_fallback_share",0.0,0.0,,
KZ,L-Root,resolved_entry_only,,,0.0,0.0,,,,,,,,unknown_network_transition_concentration,,False,False,insufficient_no_inter_region_projection_segments,"minimum_mappable_segments,minimum_unique_probes,minimum_unique_probe_asns,maximum_country_fallback_share",0.0,0.0,,
LA,L-Root,all_publicly_visible,5008,dns-root_l-root_msm5008_20260701T000000Z_010000Z.json,20.0,3.0,COUNTRY_FALLBACK:AU->AU,0.4,0.8,1.0,1.0549201679861442,0.9602297178607612,2.8717458874925876,moderate_network_transition_concentration,1.0,False,False,"insufficient_minimum_mappable_segments,minimum_unique_probes,minimum_unique_probe_asns,maximum_country_fallback_share","minimum_mappable_segments,minimum_unique_probes,minimum_unique_probe_asns,maximum_country_fallback_share",4.0,1.0,0.6,0.4
LA,L-Root,resolved_entry_only,5008,dns-root_l-root_msm5008_20260701T000000Z_010000Z.json,20.0,3.0,COUNTRY_FALLBACK:AU->AU,0.4,0.8,1.0,1.0549201679861442,0.9602297178607612,2.8717458874925876,moderate_network_transition_concentration,1.0,False,False,"insufficient_minimum_mappable_segments,minimum_unique_probes,minimum_unique_probe_asns,maximum_country_fallback_share","minimum_mappable_segments,minimum_unique_probes,minimum_unique_probe_asns,maximum_country_fallback_share",4.0,1.0,0.6,0.4
LB,L-Root,all_publicly_visible,,,0.0,0.0,,,,,,,,unknown_network_transition_concentration,,False,False,insufficient_no_inter_region_projection_segments,"minimum_mappable_segments,minimum_unique_probes,minimum_unique_probe_asns,maximum_country_fallback_share",0.0,0.0,,
LB,L-Root,resolved_entry_only,,,0.0,0.0,,,,,,,,unknown_network_transition_concentration,,False,False,insufficient_no_inter_region_projection_segments,"minimum_mappable_segments,minimum_unique_probes,minimum_unique_probe_asns,maximum_country_fallback_share",0.0,0.0,,
LC,L-Root,all_publicly_visible,,,0.0,0.0,,,,,,,,unknown_network_transition_concentration,,False,False,insufficient_no_inter_region_projection_segments,"minimum_mappable_segments,minimum_unique_probes,minimum_unique_probe_asns,maximum_country_fallback_share",0.0,0.0,,
LC,L-Root,resolved_entry_only,,,0.0,0.0,,,,,,,,unknown_network_transition_concentration,,False,False,insufficient_no_inter_region_projection_segments,"minimum_mappable_segments,minimum_unique_probes,minimum_unique_probe_asns,maximum_country_fallback_share",0.0,0.0,,
LI,L-Root,all_publicly_visible,,,0.0,0.0,,,,,,,,unknown_network_transition_concentration,,False,False,insufficient_no_inter_region_projection_segments,"minimum_mappable_segments,minimum_unique_probes,minimum_unique_probe_asns,maximum_country_fallback_share",0.0,0.0,,
LI,L-Root,resolved_entry_only,,,0.0,0.0,,,,,,,,unknown_network_transition_concentration,,False,False,insufficient_no_inter_region_projection_segments,"minimum_mappable_segments,minimum_unique_probes,minimum_unique_probe_asns,maximum_country_fallback_share",0.0,0.0,,
LK,L-Root,all_publicly_visible,5008,dns-root_l-root_msm5008_20260701T000000Z_010000Z.json,12.0,2.0,18001->18001,0.5,1.0,1.0,0.6931471805599453,1.0,2.0,moderate_network_transition_concentration,0.5,False,False,"insufficient_minimum_mappable_segments,minimum_unique_probes,minimum_unique_probe_asns,maximum_country_fallback_share","minimum_mappable_segments,minimum_unique_probes,minimum_unique_probe_asns,maximum_country_fallback_share",3.0,1.0,0.5,0.5
LK,L-Root,resolved_entry_only,5008,dns-root_l-root_msm5008_20260701T000000Z_010000Z.json,12.0,2.0,18001->18001,0.5,1.0,1.0,0.6931471805599453,1.0,2.0,moderate_network_transition_concentration,0.5,False,False,"insufficient_minimum_mappable_segments,minimum_unique_probes,minimum_unique_probe_asns,maximum_country_fallback_share","minimum_mappable_segments,minimum_unique_probes,minimum_unique_probe_asns,maximum_country_fallback_share",3.0,1.0,0.5,0.5
LR,L-Root,all_publicly_visible,,,0.0,0.0,,,,,,,,unknown_network_transition_concentration,,False,False,insufficient_no_inter_region_projection_segments,"minimum_mappable_segments,minimum_unique_probes,minimum_unique_probe_asns,maximum_country_fallback_share",0.0,0.0,,
LR,L-Root,resolved_entry_only,,,0.0,0.0,,,,,,,,unknown_network_transition_concentration,,False,False,insufficient_no_inter_region_projection_segments,"minimum_mappable_segments,minimum_unique_probes,minimum_unique_probe_asns,maximum_country_fallback_share",0.0,0.0,,
LS,L-Root,all_publicly_visible,,,0.0,0.0,,,,,,,,unknown_network_transition_concentration,,False,False,insufficient_no_inter_region_projection_segments,"minimum_mappable_segments,minimum_unique_probes,minimum_unique_probe_asns,maximum_country_fallback_share",0.0,0.0,,
LS,L-Root,resolved_entry_only,,,0.0,0.0,,,,,,,,unknown_network_transition_concentration,,False,False,insufficient_no_inter_region_projection_segments,"minimum_mappable_segments,minimum_unique_probes,minimum_unique_probe_asns,maximum_country_fallback_share",0.0,0.0,,
LT,L-Root,all_publicly_visible,5008,dns-root_l-root_msm5008_20260701T000000Z_010000Z.json,4.0,1.0,5408->5408,1.0,1.0,1.0,-0.0,0.0,1.0,severe_network_transition_concentration,0.0,True,False,"insufficient_minimum_mappable_segments,minimum_unique_probes,minimum_unique_probe_asns","minimum_mappable_segments,minimum_unique_probes,minimum_unique_probe_asns",2.0,1.0,1.0,0.0
LT,L-Root,resolved_entry_only,5008,dns-root_l-root_msm5008_20260701T000000Z_010000Z.json,4.0,1.0,5408->5408,1.0,1.0,1.0,-0.0,0.0,1.0,severe_network_transition_concentration,0.0,True,False,"insufficient_minimum_mappable_segments,minimum_unique_probes,minimum_unique_probe_asns","minimum_mappable_segments,minimum_unique_probes,minimum_unique_probe_asns",2.0,1.0,1.0,0.0
LU,L-Root,all_publicly_visible,5008,dns-root_l-root_msm5008_20260701T000000Z_010000Z.json,9.0,1.0,8473->8473,1.0,1.0,1.0,-0.0,0.0,1.0,severe_network_transition_concentration,0.0,True,False,"insufficient_minimum_mappable_segments,minimum_unique_probes,minimum_unique_probe_asns","minimum_mappable_segments,minimum_unique_probes,minimum_unique_probe_asns",4.0,1.0,1.0,0.0
LU,L-Root,resolved_entry_only,5008,dns-root_l-root_msm5008_20260701T000000Z_010000Z.json,9.0,1.0,8473->8473,1.0,1.0,1.0,-0.0,0.0,1.0,severe_network_transition_concentration,0.0,True,False,"insufficient_minimum_mappable_segments,minimum_unique_probes,minimum_unique_probe_asns","minimum_mappable_segments,minimum_unique_probes,minimum_unique_probe_asns",4.0,1.0,1.0,0.0
LV,L-Root,all_publicly_visible,,,0.0,0.0,,,,,,,,unknown_network_transition_concentration,,False,False,insufficient_no_inter_region_projection_segments,"minimum_mappable_segments,minimum_unique_probes,minimum_unique_probe_asns,maximum_country_fallback_share",0.0,0.0,,
LV,L-Root,resolved_entry_only,,,0.0,0.0,,,,,,,,unknown_network_transition_concentration,,False,False,insufficient_no_inter_region_projection_segments,"minimum_mappable_segments,minimum_unique_probes,minimum_unique_probe_asns,maximum_country_fallback_share",0.0,0.0,,
MA,L-Root,all_publicly_visible,,,0.0,0.0,,,,,,,,unknown_network_transition_concentration,,False,False,insufficient_no_inter_region_projection_segments,"minimum_mappable_segments,minimum_unique_probes,minimum_unique_probe_asns,maximum_country_fallback_share",0.0,0.0,,
MA,L-Root,resolved_entry_only,,,0.0,0.0,,,,,,,,unknown_network_transition_concentration,,False,False,insufficient_no_inter_region_projection_segments,"minimum_mappable_segments,minimum_unique_probes,minimum_unique_probe_asns,maximum_country_fallback_share",0.0,0.0,,
MD,L-Root,all_publicly_visible,,,0.0,0.0,,,,,,,,unknown_network_transition_concentration,,False,False,insufficient_no_inter_region_projection_segments,"minimum_mappable_segments,minimum_unique_probes,minimum_unique_probe_asns,maximum_country_fallback_share",0.0,0.0,,
MD,L-Root,resolved_entry_only,,,0.0,0.0,,,,,,,,unknown_network_transition_concentration,,False,False,insufficient_no_inter_region_projection_segments,"minimum_mappable_segments,minimum_unique_probes,minimum_unique_probe_asns,maximum_country_fallback_share",0.0,0.0,,
ME,L-Root,all_publicly_visible,,,0.0,0.0,,,,,,,,unknown_network_transition_concentration,,False,False,insufficient_no_inter_region_projection_segments,"minimum_mappable_segments,minimum_unique_probes,minimum_unique_probe_asns,maximum_country_fallback_share",0.0,0.0,,
ME,L-Root,resolved_entry_only,,,0.0,0.0,,,,,,,,unknown_network_transition_concentration,,False,False,insufficient_no_inter_region_projection_segments,"minimum_mappable_segments,minimum_unique_probes,minimum_unique_probe_asns,maximum_country_fallback_share",0.0,0.0,,
MG,L-Root,all_publicly_visible,,,0.0,0.0,,,,,,,,unknown_network_transition_concentration,,False,False,insufficient_no_inter_region_projection_segments,"minimum_mappable_segments,minimum_unique_probes,minimum_unique_probe_asns,maximum_country_fallback_share",0.0,0.0,,
MG,L-Root,resolved_entry_only,,,0.0,0.0,,,,,,,,unknown_network_transition_concentration,,False,False,insufficient_no_inter_region_projection_segments,"minimum_mappable_segments,minimum_unique_probes,minimum_unique_probe_asns,maximum_country_fallback_share",0.0,0.0,,
MH,L-Root,all_publicly_visible,5008,dns-root_l-root_msm5008_20260701T000000Z_010000Z.json,2.0,1.0,2914->2914,1.0,1.0,1.0,-0.0,0.0,1.0,severe_network_transition_concentration,0.0,True,False,"insufficient_minimum_mappable_segments,minimum_unique_probes,minimum_unique_probe_asns","minimum_mappable_segments,minimum_unique_probes,minimum_unique_probe_asns",1.0,1.0,1.0,0.0
MH,L-Root,resolved_entry_only,,,0.0,0.0,,,,,,,,unknown_network_transition_concentration,,False,False,insufficient_no_inter_region_projection_segments,"minimum_mappable_segments,minimum_unique_probes,minimum_unique_probe_asns,maximum_country_fallback_share",0.0,0.0,,
MK,L-Root,all_publicly_visible,,,0.0,0.0,,,,,,,,unknown_network_transition_concentration,,False,False,insufficient_no_inter_region_projection_segments,"minimum_mappable_segments,minimum_unique_probes,minimum_unique_probe_asns,maximum_country_fallback_share",0.0,0.0,,
MK,L-Root,resolved_entry_only,,,0.0,0.0,,,,,,,,unknown_network_transition_concentration,,False,False,insufficient_no_inter_region_projection_segments,"minimum_mappable_segments,minimum_unique_probes,minimum_unique_probe_asns,maximum_country_fallback_share",0.0,0.0,,
ML,L-Root,all_publicly_visible,5008,dns-root_l-root_msm5008_20260701T000000Z_010000Z.json,4.0,2.0,8346->6453,0.5,1.0,1.0,0.6931471805599453,1.0,2.0,moderate_network_transition_concentration,0.0,True,False,"insufficient_minimum_mappable_segments,minimum_unique_probes,minimum_unique_probe_asns","minimum_mappable_segments,minimum_unique_probes,minimum_unique_probe_asns",1.0,1.0,0.5,0.5
ML,L-Root,resolved_entry_only,5008,dns-root_l-root_msm5008_20260701T000000Z_010000Z.json,4.0,2.0,8346->6453,0.5,1.0,1.0,0.6931471805599453,1.0,2.0,moderate_network_transition_concentration,0.0,True,False,"insufficient_minimum_mappable_segments,minimum_unique_probes,minimum_unique_probe_asns","minimum_mappable_segments,minimum_unique_probes,minimum_unique_probe_asns",1.0,1.0,0.5,0.5
MM,L-Root,all_publicly_visible,5008,dns-root_l-root_msm5008_20260701T000000Z_010000Z.json,10.0,2.0,COUNTRY_FALLBACK:SG->SG,0.6,1.0,1.0,0.6730116670092565,0.9709505944546688,1.9601317042077895,moderate_network_transition_concentration,0.6,False,False,"insufficient_minimum_mappable_segments,minimum_unique_probes,maximum_country_fallback_share","minimum_mappable_segments,minimum_unique_probes,maximum_country_fallback_share",3.0,3.0,0.6,0.4
MM,L-Root,resolved_entry_only,5008,dns-root_l-root_msm5008_20260701T000000Z_010000Z.json,10.0,2.0,COUNTRY_FALLBACK:SG->SG,0.6,1.0,1.0,0.6730116670092565,0.9709505944546688,1.9601317042077895,moderate_network_transition_concentration,0.6,False,False,"insufficient_minimum_mappable_segments,minimum_unique_probes,maximum_country_fallback_share","minimum_mappable_segments,minimum_unique_probes,maximum_country_fallback_share",3.0,3.0,0.6,0.4
MN,L-Root,all_publicly_visible,5008,dns-root_l-root_msm5008_20260701T000000Z_010000Z.json,24.0,8.0,COUNTRY_FALLBACK:SG->SG,0.20833333333333334,0.375,0.5416666666666666,1.9763202895575764,0.950409160317652,7.216140762421892,broad_network_transition_distribution,0.7083333333333334,False,False,"insufficient_minimum_mappable_segments,minimum_unique_probes,maximum_country_fallback_share","minimum_mappable_segments,minimum_unique_probes,maximum_country_fallback_share",7.0,7.0,0.4166666666666667,0.5833333333333334
MN,L-Root,resolved_entry_only,5008,dns-root_l-root_msm5008_20260701T000000Z_010000Z.json,24.0,8.0,COUNTRY_FALLBACK:SG->SG,0.20833333333333334,0.375,0.5416666666666666,1.9763202895575764,0.950409160317652,7.216140762421892,broad_network_transition_distribution,0.7083333333333334,False,False,"insufficient_minimum_mappable_segments,minimum_unique_probes,maximum_country_fallback_share","minimum_mappable_segments,minimum_unique_probes,maximum_country_fallback_share",7.0,7.0,0.4166666666666667,0.5833333333333334
MP,L-Root,all_publicly_visible,5008,dns-root_l-root_msm5008_20260701T000000Z_010000Z.json,4.0,2.0,7131->7131,0.5,1.0,1.0,0.6931471805599453,1.0,2.0,moderate_network_transition_concentration,0.5,False,False,"insufficient_minimum_mappable_segments,minimum_unique_probes,minimum_unique_probe_asns,maximum_country_fallback_share","minimum_mappable_segments,minimum_unique_probes,minimum_unique_probe_asns,maximum_country_fallback_share",1.0,1.0,0.5,0.5
MP,L-Root,resolved_entry_only,,,0.0,0.0,,,,,,,,unknown_network_transition_concentration,,False,False,insufficient_no_inter_region_projection_segments,"minimum_mappable_segments,minimum_unique_probes,minimum_unique_probe_asns,maximum_country_fallback_share",0.0,0.0,,
MT,L-Root,all_publicly_visible,5008,dns-root_l-root_msm5008_20260701T000000Z_010000Z.json,4.0,1.0,15735->1299,1.0,1.0,1.0,-0.0,0.0,1.0,severe_network_transition_concentration,0.0,True,False,"insufficient_minimum_mappable_segments,minimum_unique_probes,minimum_unique_probe_asns","minimum_mappable_segments,minimum_unique_probes,minimum_unique_probe_asns",2.0,2.0,0.0,1.0
MT,L-Root,resolved_entry_only,5008,dns-root_l-root_msm5008_20260701T000000Z_010000Z.json,4.0,1.0,15735->1299,1.0,1.0,1.0,-0.0,0.0,1.0,severe_network_transition_concentration,0.0,True,False,"insufficient_minimum_mappable_segments,minimum_unique_probes,minimum_unique_probe_asns","minimum_mappable_segments,minimum_unique_probes,minimum_unique_probe_asns",2.0,2.0,0.0,1.0
MU,L-Root,all_publicly_visible,,,0.0,0.0,,,,,,,,unknown_network_transition_concentration,,False,False,insufficient_no_inter_region_projection_segments,"minimum_mappable_segments,minimum_unique_probes,minimum_unique_probe_asns,maximum_country_fallback_share",0.0,0.0,,
MU,L-Root,resolved_entry_only,,,0.0,0.0,,,,,,,,unknown_network_transition_concentration,,False,False,insufficient_no_inter_region_projection_segments,"minimum_mappable_segments,minimum_unique_probes,minimum_unique_probe_asns,maximum_country_fallback_share",0.0,0.0,,
MV,L-Root,all_publicly_visible,5008,dns-root_l-root_msm5008_20260701T000000Z_010000Z.json,59.0,6.0,7642->7642,0.5423728813559322,0.8305084745762712,0.8983050847457628,1.216991066509344,0.6792156466368006,3.377011228901338,moderate_network_transition_concentration,0.288135593220339,True,True,auditable,,10.0,3.0,0.6779661016949152,0.3220338983050847
MV,L-Root,resolved_entry_only,5008,dns-root_l-root_msm5008_20260701T000000Z_010000Z.json,55.0,4.0,7642->7642,0.5818181818181818,0.8909090909090909,0.9636363636363636,0.9891577753389004,0.7135265085690955,2.6889688025432683,moderate_network_transition_concentration,0.3090909090909091,False,False,"insufficient_minimum_unique_probes,minimum_unique_probe_asns,maximum_country_fallback_share","minimum_unique_probes,minimum_unique_probe_asns,maximum_country_fallback_share",9.0,2.0,0.6909090909090909,0.3090909090909091
MW,L-Root,all_publicly_visible,,,0.0,0.0,,,,,,,,unknown_network_transition_concentration,,False,False,insufficient_no_inter_region_projection_segments,"minimum_mappable_segments,minimum_unique_probes,minimum_unique_probe_asns,maximum_country_fallback_share",0.0,0.0,,
MW,L-Root,resolved_entry_only,,,0.0,0.0,,,,,,,,unknown_network_transition_concentration,,False,False,insufficient_no_inter_region_projection_segments,"minimum_mappable_segments,minimum_unique_probes,minimum_unique_probe_asns,maximum_country_fallback_share",0.0,0.0,,
MX,L-Root,all_publicly_visible,5008,dns-root_l-root_msm5008_20260701T000000Z_010000Z.json,10.0,4.0,265539->23520,0.4,0.7,0.9,1.2798542258336676,0.9232196723355078,3.5961154666243225,weak_network_transition_concentration,0.3,True,False,"insufficient_minimum_mappable_segments,minimum_unique_probes","minimum_mappable_segments,minimum_unique_probes",5.0,4.0,0.4,0.6
MX,L-Root,resolved_entry_only,5008,dns-root_l-root_msm5008_20260701T000000Z_010000Z.json,10.0,4.0,265539->23520,0.4,0.7,0.9,1.2798542258336676,0.9232196723355078,3.5961154666243225,weak_network_transition_concentration,0.3,True,False,"insufficient_minimum_mappable_segments,minimum_unique_probes","minimum_mappable_segments,minimum_unique_probes",5.0,4.0,0.4,0.6
MY,L-Root,all_publicly_visible,5008,dns-root_l-root_msm5008_20260701T000000Z_010000Z.json,119.0,17.0,COUNTRY_FALLBACK:SG->SG,0.18487394957983194,0.3277310924369748,0.46218487394957986,2.492825096549743,0.8798578835509964,12.095398566906217,broad_network_transition_distribution,0.24369747899159663,True,True,auditable,,31.0,16.0,0.7058823529411765,0.29411764705882354
MY,L-Root,resolved_entry_only,5008,dns-root_l-root_msm5008_20260701T000000Z_010000Z.json,119.0,17.0,COUNTRY_FALLBACK:SG->SG,0.18487394957983194,0.3277310924369748,0.46218487394957986,2.492825096549743,0.8798578835509964,12.095398566906217,broad_network_transition_distribution,0.24369747899159663,True,True,auditable,,31.0,16.0,0.7058823529411765,0.29411764705882354
MZ,L-Root,all_publicly_visible,5008,dns-root_l-root_msm5008_20260701T000000Z_010000Z.json,2.0,2.0,6939->6939,0.5,1.0,1.0,0.6931471805599453,1.0,2.0,moderate_network_transition_concentration,0.0,True,False,"insufficient_minimum_mappable_segments,minimum_unique_probes,minimum_unique_probe_asns","minimum_mappable_segments,minimum_unique_probes,minimum_unique_probe_asns",1.0,1.0,0.0,1.0
MZ,L-Root,resolved_entry_only,5008,dns-root_l-root_msm5008_20260701T000000Z_010000Z.json,2.0,2.0,6939->6939,0.5,1.0,1.0,0.6931471805599453,1.0,2.0,moderate_network_transition_concentration,0.0,True,False,"insufficient_minimum_mappable_segments,minimum_unique_probes,minimum_unique_probe_asns","minimum_mappable_segments,minimum_unique_probes,minimum_unique_probe_asns",1.0,1.0,0.0,1.0
NA,L-Root,all_publicly_visible,,,0.0,0.0,,,,,,,,unknown_network_transition_concentration,,False,False,insufficient_no_inter_region_projection_segments,"minimum_mappable_segments,minimum_unique_probes,minimum_unique_probe_asns,maximum_country_fallback_share",0.0,0.0,,
NA,L-Root,resolved_entry_only,,,0.0,0.0,,,,,,,,unknown_network_transition_concentration,,False,False,insufficient_no_inter_region_projection_segments,"minimum_mappable_segments,minimum_unique_probes,minimum_unique_probe_asns,maximum_country_fallback_share",0.0,0.0,,
NC,L-Root,all_publicly_visible,,,0.0,0.0,,,,,,,,unknown_network_transition_concentration,,False,False,insufficient_no_inter_region_projection_segments,"minimum_mappable_segments,minimum_unique_probes,minimum_unique_probe_asns,maximum_country_fallback_share",0.0,0.0,,
NC,L-Root,resolved_entry_only,,,0.0,0.0,,,,,,,,unknown_network_transition_concentration,,False,False,insufficient_no_inter_region_projection_segments,"minimum_mappable_segments,minimum_unique_probes,minimum_unique_probe_asns,maximum_country_fallback_share",0.0,0.0,,
NG,L-Root,all_publicly_visible,5008,dns-root_l-root_msm5008_20260701T000000Z_010000Z.json,9.0,3.0,37282->37282,0.4444444444444444,0.7777777777777777,1.0,1.0608569471580214,0.965633607142825,2.8888455168024434,weak_network_transition_concentration,0.0,True,False,"insufficient_minimum_mappable_segments,minimum_unique_probes","minimum_mappable_segments,minimum_unique_probes",5.0,4.0,0.0,1.0
NG,L-Root,resolved_entry_only,5008,dns-root_l-root_msm5008_20260701T000000Z_010000Z.json,9.0,3.0,37282->37282,0.4444444444444444,0.7777777777777777,1.0,1.0608569471580214,0.965633607142825,2.8888455168024434,weak_network_transition_concentration,0.0,True,False,"insufficient_minimum_mappable_segments,minimum_unique_probes","minimum_mappable_segments,minimum_unique_probes",5.0,4.0,0.0,1.0
NI,L-Root,all_publicly_visible,,,0.0,0.0,,,,,,,,unknown_network_transition_concentration,,False,False,insufficient_no_inter_region_projection_segments,"minimum_mappable_segments,minimum_unique_probes,minimum_unique_probe_asns,maximum_country_fallback_share",0.0,0.0,,
NI,L-Root,resolved_entry_only,,,0.0,0.0,,,,,,,,unknown_network_transition_concentration,,False,False,insufficient_no_inter_region_projection_segments,"minimum_mappable_segments,minimum_unique_probes,minimum_unique_probe_asns,maximum_country_fallback_share",0.0,0.0,,
NL,L-Root,all_publicly_visible,5008,dns-root_l-root_msm5008_20260701T000000Z_010000Z.json,45.0,7.0,15412->15412,0.35555555555555557,0.6,0.7777777777777778,1.6569277710079708,0.8514924349474021,5.243177832036131,broad_network_transition_distribution,0.0,True,False,insufficient_minimum_unique_probes,minimum_unique_probes,9.0,6.0,0.5777777777777777,0.4222222222222222
NL,L-Root,resolved_entry_only,5008,dns-root_l-root_msm5008_20260701T000000Z_010000Z.json,45.0,7.0,15412->15412,0.35555555555555557,0.6,0.7777777777777778,1.6569277710079708,0.8514924349474021,5.243177832036131,broad_network_transition_distribution,0.0,True,False,insufficient_minimum_unique_probes,minimum_unique_probes,9.0,6.0,0.5777777777777777,0.4222222222222222
NO,L-Root,all_publicly_visible,5008,dns-root_l-root_msm5008_20260701T000000Z_010000Z.json,315.0,26.0,COUNTRY_FALLBACK:NO->NO,0.28253968253968254,0.4095238095238095,0.5206349206349206,2.5807647155461138,0.7921081175554466,13.2072340761334,broad_network_transition_distribution,0.28253968253968254,True,True,auditable,,72.0,28.0,1.0,0.0
NO,L-Root,resolved_entry_only,5008,dns-root_l-root_msm5008_20260701T000000Z_010000Z.json,309.0,26.0,COUNTRY_FALLBACK:NO->NO,0.28802588996763756,0.41747572815533984,0.511326860841424,2.586629649873386,0.7939082282209317,13.284921228973008,broad_network_transition_distribution,0.28802588996763756,True,True,auditable,,71.0,28.0,1.0,0.0
NP,L-Root,all_publicly_visible,,,0.0,0.0,,,,,,,,unknown_network_transition_concentration,,False,False,insufficient_no_inter_region_projection_segments,"minimum_mappable_segments,minimum_unique_probes,minimum_unique_probe_asns,maximum_country_fallback_share",0.0,0.0,,
NP,L-Root,resolved_entry_only,,,0.0,0.0,,,,,,,,unknown_network_transition_concentration,,False,False,insufficient_no_inter_region_projection_segments,"minimum_mappable_segments,minimum_unique_probes,minimum_unique_probe_asns,maximum_country_fallback_share",0.0,0.0,,
NU,L-Root,all_publicly_visible,5008,dns-root_l-root_msm5008_20260701T000000Z_010000Z.json,4.0,2.0,55885->38800,0.5,1.0,1.0,0.6931471805599453,1.0,2.0,moderate_network_transition_concentration,0.0,True,False,"insufficient_minimum_mappable_segments,minimum_unique_probes,minimum_unique_probe_asns","minimum_mappable_segments,minimum_unique_probes,minimum_unique_probe_asns",1.0,1.0,0.5,0.5
NU,L-Root,resolved_entry_only,5008,dns-root_l-root_msm5008_20260701T000000Z_010000Z.json,4.0,2.0,55885->38800,0.5,1.0,1.0,0.6931471805599453,1.0,2.0,moderate_network_transition_concentration,0.0,True,False,"insufficient_minimum_mappable_segments,minimum_unique_probes,minimum_unique_probe_asns","minimum_mappable_segments,minimum_unique_probes,minimum_unique_probe_asns",1.0,1.0,0.5,0.5
NZ,L-Root,all_publicly_visible,5008,dns-root_l-root_msm5008_20260701T000000Z_010000Z.json,196.0,15.0,COUNTRY_FALLBACK:NZ->NZ,0.6173469387755102,0.7193877551020408,0.7806122448979591,1.5227459884287051,0.562303456490182,4.584797726734376,broad_network_transition_distribution,0.6173469387755102,False,False,insufficient_maximum_country_fallback_share,maximum_country_fallback_share,49.0,14.0,0.9489795918367347,0.05102040816326531
NZ,L-Root,resolved_entry_only,5008,dns-root_l-root_msm5008_20260701T000000Z_010000Z.json,196.0,15.0,COUNTRY_FALLBACK:NZ->NZ,0.6173469387755102,0.7193877551020408,0.7806122448979591,1.5227459884287051,0.562303456490182,4.584797726734376,broad_network_transition_distribution,0.6173469387755102,False,False,insufficient_maximum_country_fallback_share,maximum_country_fallback_share,49.0,14.0,0.9489795918367347,0.05102040816326531
OM,L-Root,all_publicly_visible,,,0.0,0.0,,,,,,,,unknown_network_transition_concentration,,False,False,insufficient_no_inter_region_projection_segments,"minimum_mappable_segments,minimum_unique_probes,minimum_unique_probe_asns,maximum_country_fallback_share",0.0,0.0,,
OM,L-Root,resolved_entry_only,,,0.0,0.0,,,,,,,,unknown_network_transition_concentration,,False,False,insufficient_no_inter_region_projection_segments,"minimum_mappable_segments,minimum_unique_probes,minimum_unique_probe_asns,maximum_country_fallback_share",0.0,0.0,,
PA,L-Root,all_publicly_visible,5008,dns-root_l-root_msm5008_20260701T000000Z_010000Z.json,6.0,3.0,12956->12956,0.5,0.8333333333333333,1.0,1.0114042647073518,0.920619835714305,2.7494592739972052,moderate_network_transition_concentration,0.0,True,False,"insufficient_minimum_mappable_segments,minimum_unique_probes","minimum_mappable_segments,minimum_unique_probes",4.0,3.0,0.0,1.0
PA,L-Root,resolved_entry_only,5008,dns-root_l-root_msm5008_20260701T000000Z_010000Z.json,6.0,3.0,12956->12956,0.5,0.8333333333333333,1.0,1.0114042647073518,0.920619835714305,2.7494592739972052,moderate_network_transition_concentration,0.0,True,False,"insufficient_minimum_mappable_segments,minimum_unique_probes","minimum_mappable_segments,minimum_unique_probes",4.0,3.0,0.0,1.0
PE,L-Root,all_publicly_visible,5008,dns-root_l-root_msm5008_20260701T000000Z_010000Z.json,2.0,1.0,3356->3549,1.0,1.0,1.0,-0.0,0.0,1.0,severe_network_transition_concentration,0.0,True,False,"insufficient_minimum_mappable_segments,minimum_unique_probes,minimum_unique_probe_asns","minimum_mappable_segments,minimum_unique_probes,minimum_unique_probe_asns",1.0,1.0,0.0,1.0
PE,L-Root,resolved_entry_only,5008,dns-root_l-root_msm5008_20260701T000000Z_010000Z.json,2.0,1.0,3356->3549,1.0,1.0,1.0,-0.0,0.0,1.0,severe_network_transition_concentration,0.0,True,False,"insufficient_minimum_mappable_segments,minimum_unique_probes,minimum_unique_probe_asns","minimum_mappable_segments,minimum_unique_probes,minimum_unique_probe_asns",1.0,1.0,0.0,1.0
PF,L-Root,all_publicly_visible,,,0.0,0.0,,,,,,,,unknown_network_transition_concentration,,False,False,insufficient_no_inter_region_projection_segments,"minimum_mappable_segments,minimum_unique_probes,minimum_unique_probe_asns,maximum_country_fallback_share",0.0,0.0,,
PF,L-Root,resolved_entry_only,,,0.0,0.0,,,,,,,,unknown_network_transition_concentration,,False,False,insufficient_no_inter_region_projection_segments,"minimum_mappable_segments,minimum_unique_probes,minimum_unique_probe_asns,maximum_country_fallback_share",0.0,0.0,,
PG,L-Root,all_publicly_visible,5008,dns-root_l-root_msm5008_20260701T000000Z_010000Z.json,7.0,4.0,6939->6939,0.42857142857142855,0.7142857142857142,0.8571428571428571,1.2770342594661392,0.9211854965885544,3.5859888270569544,weak_network_transition_concentration,0.2857142857142857,True,False,"insufficient_minimum_mappable_segments,minimum_unique_probes,minimum_unique_probe_asns","minimum_mappable_segments,minimum_unique_probes,minimum_unique_probe_asns",1.0,1.0,0.42857142857142855,0.5714285714285714
PG,L-Root,resolved_entry_only,5008,dns-root_l-root_msm5008_20260701T000000Z_010000Z.json,7.0,4.0,6939->6939,0.42857142857142855,0.7142857142857142,0.8571428571428571,1.2770342594661392,0.9211854965885544,3.5859888270569544,weak_network_transition_concentration,0.2857142857142857,True,False,"insufficient_minimum_mappable_segments,minimum_unique_probes,minimum_unique_probe_asns","minimum_mappable_segments,minimum_unique_probes,minimum_unique_probe_asns",1.0,1.0,0.42857142857142855,0.5714285714285714
PH,L-Root,all_publicly_visible,5008,dns-root_l-root_msm5008_20260701T000000Z_010000Z.json,165.0,19.0,COUNTRY_FALLBACK:SG->SG,0.2727272727272727,0.4424242424242424,0.5696969696969697,2.390595812960604,0.8119019717764274,10.919998281670923,broad_network_transition_distribution,0.4666666666666667,False,False,insufficient_maximum_country_fallback_share,maximum_country_fallback_share,46.0,25.0,0.4727272727272727,0.5272727272727272
PH,L-Root,resolved_entry_only,5008,dns-root_l-root_msm5008_20260701T000000Z_010000Z.json,158.0,18.0,COUNTRY_FALLBACK:SG->SG,0.2848101265822785,0.4620253164556962,0.5949367088607596,2.313156279788302,0.8002971498282269,10.106272591991507,broad_network_transition_distribution,0.4430379746835443,False,False,insufficient_maximum_country_fallback_share,maximum_country_fallback_share,42.0,24.0,0.4936708860759494,0.5063291139240507
PK,L-Root,all_publicly_visible,5008,dns-root_l-root_msm5008_20260701T000000Z_010000Z.json,17.0,3.0,COUNTRY_FALLBACK:PK->SG,0.5882352941176471,0.8235294117647058,1.0,0.9586918593253719,0.8726389366057713,2.6082822406716963,moderate_network_transition_concentration,0.8235294117647058,False,False,"insufficient_minimum_mappable_segments,minimum_unique_probes,maximum_country_fallback_share","minimum_mappable_segments,minimum_unique_probes,maximum_country_fallback_share",7.0,6.0,0.4117647058823529,0.5882352941176471
PK,L-Root,resolved_entry_only,5008,dns-root_l-root_msm5008_20260701T000000Z_010000Z.json,17.0,3.0,COUNTRY_FALLBACK:PK->SG,0.5882352941176471,0.8235294117647058,1.0,0.9586918593253719,0.8726389366057713,2.6082822406716963,moderate_network_transition_concentration,0.8235294117647058,False,False,"insufficient_minimum_mappable_segments,minimum_unique_probes,maximum_country_fallback_share","minimum_mappable_segments,minimum_unique_probes,maximum_country_fallback_share",7.0,6.0,0.4117647058823529,0.5882352941176471
PL,L-Root,all_publicly_visible,5008,dns-root_l-root_msm5008_20260701T000000Z_010000Z.json,6.0,4.0,7578->7578,0.3333333333333333,0.6666666666666666,0.8333333333333333,1.3296613488547582,0.9591479170272448,3.77976314968462,weak_network_transition_concentration,0.0,True,False,"insufficient_minimum_mappable_segments,minimum_unique_probes","minimum_mappable_segments,minimum_unique_probes",3.0,3.0,0.6666666666666666,0.3333333333333333
PL,L-Root,resolved_entry_only,5008,dns-root_l-root_msm5008_20260701T000000Z_010000Z.json,6.0,4.0,7578->7578,0.3333333333333333,0.6666666666666666,0.8333333333333333,1.3296613488547582,0.9591479170272448,3.77976314968462,weak_network_transition_concentration,0.0,True,False,"insufficient_minimum_mappable_segments,minimum_unique_probes","minimum_mappable_segments,minimum_unique_probes",3.0,3.0,0.6666666666666666,0.3333333333333333
PR,L-Root,all_publicly_visible,5008,dns-root_l-root_msm5008_20260701T000000Z_010000Z.json,2.0,1.0,5786->20080,1.0,1.0,1.0,-0.0,0.0,1.0,severe_network_transition_concentration,0.0,True,False,"insufficient_minimum_mappable_segments,minimum_unique_probes,minimum_unique_probe_asns","minimum_mappable_segments,minimum_unique_probes,minimum_unique_probe_asns",1.0,1.0,0.0,1.0
PR,L-Root,resolved_entry_only,5008,dns-root_l-root_msm5008_20260701T000000Z_010000Z.json,2.0,1.0,5786->20080,1.0,1.0,1.0,-0.0,0.0,1.0,severe_network_transition_concentration,0.0,True,False,"insufficient_minimum_mappable_segments,minimum_unique_probes,minimum_unique_probe_asns","minimum_mappable_segments,minimum_unique_probes,minimum_unique_probe_asns",1.0,1.0,0.0,1.0
PS,L-Root,all_publicly_visible,,,0.0,0.0,,,,,,,,unknown_network_transition_concentration,,False,False,insufficient_no_inter_region_projection_segments,"minimum_mappable_segments,minimum_unique_probes,minimum_unique_probe_asns,maximum_country_fallback_share",0.0,0.0,,
PS,L-Root,resolved_entry_only,,,0.0,0.0,,,,,,,,unknown_network_transition_concentration,,False,False,insufficient_no_inter_region_projection_segments,"minimum_mappable_segments,minimum_unique_probes,minimum_unique_probe_asns,maximum_country_fallback_share",0.0,0.0,,
PT,L-Root,all_publicly_visible,5008,dns-root_l-root_msm5008_20260701T000000Z_010000Z.json,196.0,17.0,8657->8657,0.4897959183673469,0.5816326530612245,0.6632653061224489,1.9274920874475068,0.6803201359654693,6.872253600484128,broad_network_transition_distribution,0.04081632653061224,True,True,auditable,,53.0,14.0,1.0,0.0
PT,L-Root,resolved_entry_only,5008,dns-root_l-root_msm5008_20260701T000000Z_010000Z.json,196.0,17.0,8657->8657,0.4897959183673469,0.5816326530612245,0.6632653061224489,1.9274920874475068,0.6803201359654693,6.872253600484128,broad_network_transition_distribution,0.04081632653061224,True,True,auditable,,53.0,14.0,1.0,0.0
PW,L-Root,all_publicly_visible,,,0.0,0.0,,,,,,,,unknown_network_transition_concentration,,False,False,insufficient_no_inter_region_projection_segments,"minimum_mappable_segments,minimum_unique_probes,minimum_unique_probe_asns,maximum_country_fallback_share",0.0,0.0,,
PW,L-Root,resolved_entry_only,,,0.0,0.0,,,,,,,,unknown_network_transition_concentration,,False,False,insufficient_no_inter_region_projection_segments,"minimum_mappable_segments,minimum_unique_probes,minimum_unique_probe_asns,maximum_country_fallback_share",0.0,0.0,,
PY,L-Root,all_publicly_visible,,,0.0,0.0,,,,,,,,unknown_network_transition_concentration,,False,False,insufficient_no_inter_region_projection_segments,"minimum_mappable_segments,minimum_unique_probes,minimum_unique_probe_asns,maximum_country_fallback_share",0.0,0.0,,
PY,L-Root,resolved_entry_only,,,0.0,0.0,,,,,,,,unknown_network_transition_concentration,,False,False,insufficient_no_inter_region_projection_segments,"minimum_mappable_segments,minimum_unique_probes,minimum_unique_probe_asns,maximum_country_fallback_share",0.0,0.0,,
QA,L-Root,all_publicly_visible,5008,dns-root_l-root_msm5008_20260701T000000Z_010000Z.json,6.0,3.0,8781->6939,0.3333333333333333,0.6666666666666666,1.0,1.0986122886681096,0.9999999999999998,2.9999999999999996,weak_network_transition_concentration,0.3333333333333333,False,False,"insufficient_minimum_mappable_segments,minimum_unique_probes,minimum_unique_probe_asns,maximum_country_fallback_share","minimum_mappable_segments,minimum_unique_probes,minimum_unique_probe_asns,maximum_country_fallback_share",1.0,1.0,0.6666666666666666,0.3333333333333333
QA,L-Root,resolved_entry_only,5008,dns-root_l-root_msm5008_20260701T000000Z_010000Z.json,6.0,3.0,8781->6939,0.3333333333333333,0.6666666666666666,1.0,1.0986122886681096,0.9999999999999998,2.9999999999999996,weak_network_transition_concentration,0.3333333333333333,False,False,"insufficient_minimum_mappable_segments,minimum_unique_probes,minimum_unique_probe_asns,maximum_country_fallback_share","minimum_mappable_segments,minimum_unique_probes,minimum_unique_probe_asns,maximum_country_fallback_share",1.0,1.0,0.6666666666666666,0.3333333333333333
RE,L-Root,all_publicly_visible,5008,dns-root_l-root_msm5008_20260701T000000Z_010000Z.json,52.0,2.0,COUNTRY_FALLBACK:RE->ZA,0.9807692307692307,1.0,1.0,0.09503011725564635,0.1370994788998177,1.0996919743316937,severe_network_transition_concentration,0.9807692307692307,False,False,"insufficient_minimum_unique_probe_asns,maximum_country_fallback_share","minimum_unique_probe_asns,maximum_country_fallback_share",27.0,2.0,0.0,1.0
RE,L-Root,resolved_entry_only,5008,dns-root_l-root_msm5008_20260701T000000Z_010000Z.json,52.0,2.0,COUNTRY_FALLBACK:RE->ZA,0.9807692307692307,1.0,1.0,0.09503011725564635,0.1370994788998177,1.0996919743316937,severe_network_transition_concentration,0.9807692307692307,False,False,"insufficient_minimum_unique_probe_asns,maximum_country_fallback_share","minimum_unique_probe_asns,maximum_country_fallback_share",27.0,2.0,0.0,1.0
RO,L-Root,all_publicly_visible,5008,dns-root_l-root_msm5008_20260701T000000Z_010000Z.json,10.0,2.0,5408->5408,0.6,1.0,1.0,0.6730116670092565,0.9709505944546688,1.9601317042077895,moderate_network_transition_concentration,0.0,True,False,"insufficient_minimum_mappable_segments,minimum_unique_probes,minimum_unique_probe_asns","minimum_mappable_segments,minimum_unique_probes,minimum_unique_probe_asns",4.0,2.0,1.0,0.0
RO,L-Root,resolved_entry_only,5008,dns-root_l-root_msm5008_20260701T000000Z_010000Z.json,10.0,2.0,5408->5408,0.6,1.0,1.0,0.6730116670092565,0.9709505944546688,1.9601317042077895,moderate_network_transition_concentration,0.0,True,False,"insufficient_minimum_mappable_segments,minimum_unique_probes,minimum_unique_probe_asns","minimum_mappable_segments,minimum_unique_probes,minimum_unique_probe_asns",4.0,2.0,1.0,0.0
RS,L-Root,all_publicly_visible,5008,dns-root_l-root_msm5008_20260701T000000Z_010000Z.json,4.0,1.0,5408->5408,1.0,1.0,1.0,-0.0,0.0,1.0,severe_network_transition_concentration,0.0,True,False,"insufficient_minimum_mappable_segments,minimum_unique_probes,minimum_unique_probe_asns","minimum_mappable_segments,minimum_unique_probes,minimum_unique_probe_asns",2.0,1.0,1.0,0.0
RS,L-Root,resolved_entry_only,5008,dns-root_l-root_msm5008_20260701T000000Z_010000Z.json,4.0,1.0,5408->5408,1.0,1.0,1.0,-0.0,0.0,1.0,severe_network_transition_concentration,0.0,True,False,"insufficient_minimum_mappable_segments,minimum_unique_probes,minimum_unique_probe_asns","minimum_mappable_segments,minimum_unique_probes,minimum_unique_probe_asns",2.0,1.0,1.0,0.0
RU,L-Root,all_publicly_visible,5008,dns-root_l-root_msm5008_20260701T000000Z_010000Z.json,50.0,3.0,9002->9002,0.94,0.98,1.0,0.2651583725982932,0.2413575520075012,1.3036374198758112,severe_network_transition_concentration,0.04,True,True,auditable,,27.0,15.0,0.0,1.0
RU,L-Root,resolved_entry_only,5008,dns-root_l-root_msm5008_20260701T000000Z_010000Z.json,50.0,3.0,9002->9002,0.94,0.98,1.0,0.2651583725982932,0.2413575520075012,1.3036374198758112,severe_network_transition_concentration,0.04,True,True,auditable,,27.0,15.0,0.0,1.0
RW,L-Root,all_publicly_visible,5008,dns-root_l-root_msm5008_20260701T000000Z_010000Z.json,1.0,1.0,30844->30844,1.0,1.0,1.0,-0.0,0.0,1.0,severe_network_transition_concentration,0.0,True,False,"insufficient_minimum_mappable_segments,minimum_unique_probes,minimum_unique_probe_asns","minimum_mappable_segments,minimum_unique_probes,minimum_unique_probe_asns",1.0,1.0,0.0,1.0
RW,L-Root,resolved_entry_only,5008,dns-root_l-root_msm5008_20260701T000000Z_010000Z.json,1.0,1.0,30844->30844,1.0,1.0,1.0,-0.0,0.0,1.0,severe_network_transition_concentration,0.0,True,False,"insufficient_minimum_mappable_segments,minimum_unique_probes,minimum_unique_probe_asns","minimum_mappable_segments,minimum_unique_probes,minimum_unique_probe_asns",1.0,1.0,0.0,1.0
SA,L-Root,all_publicly_visible,5008,dns-root_l-root_msm5008_20260701T000000Z_010000Z.json,20.0,6.0,15412->15412,0.4,0.6000000000000001,0.75,1.5832755052458727,0.8836428842360166,4.870884317176681,broad_network_transition_distribution,0.1,True,False,"insufficient_minimum_mappable_segments,minimum_unique_probes","minimum_mappable_segments,minimum_unique_probes",7.0,5.0,0.55,0.45
SA,L-Root,resolved_entry_only,5008,dns-root_l-root_msm5008_20260701T000000Z_010000Z.json,20.0,6.0,15412->15412,0.4,0.6000000000000001,0.75,1.5832755052458727,0.8836428842360166,4.870884317176681,broad_network_transition_distribution,0.1,True,False,"insufficient_minimum_mappable_segments,minimum_unique_probes","minimum_mappable_segments,minimum_unique_probes",7.0,5.0,0.55,0.45
SE,L-Root,all_publicly_visible,5008,dns-root_l-root_msm5008_20260701T000000Z_010000Z.json,273.0,16.0,8473->8473,0.31135531135531136,0.42124542124542125,0.5238095238095238,2.28016358922996,0.8223951756494107,9.778279899974802,broad_network_transition_distribution,0.03663003663003663,True,True,auditable,,43.0,17.0,0.9706959706959707,0.029304029304029304
SE,L-Root,resolved_entry_only,5008,dns-root_l-root_msm5008_20260701T000000Z_010000Z.json,271.0,16.0,8473->8473,0.31365313653136534,0.41697416974169743,0.5202952029520296,2.280469577113073,0.8225055374497955,9.781272392951829,broad_network_transition_distribution,0.03690036900369004,True,True,auditable,,42.0,17.0,0.9704797047970479,0.02952029520295203
SG,L-Root,all_publicly_visible,5008,dns-root_l-root_msm5008_20260701T000000Z_010000Z.json,654.0,58.0,COUNTRY_FALLBACK:SG->SG,0.18960244648318042,0.28593272171253825,0.3730886850152905,3.1897709958128937,0.7855721623300513,24.28286592834125,broad_network_transition_distribution,0.26146788990825687,True,True,auditable,,100.0,48.0,0.8960244648318043,0.10397553516819572
SG,L-Root,resolved_entry_only,5008,dns-root_l-root_msm5008_20260701T000000Z_010000Z.json,654.0,58.0,COUNTRY_FALLBACK:SG->SG,0.18960244648318042,0.28593272171253825,0.3730886850152905,3.1897709958128937,0.7855721623300513,24.28286592834125,broad_network_transition_distribution,0.26146788990825687,True,True,auditable,,100.0,48.0,0.8960244648318043,0.10397553516819572
SI,L-Root,all_publicly_visible,,,0.0,0.0,,,,,,,,unknown_network_transition_concentration,,False,False,insufficient_no_inter_region_projection_segments,"minimum_mappable_segments,minimum_unique_probes,minimum_unique_probe_asns,maximum_country_fallback_share",0.0,0.0,,
SI,L-Root,resolved_entry_only,,,0.0,0.0,,,,,,,,unknown_network_transition_concentration,,False,False,insufficient_no_inter_region_projection_segments,"minimum_mappable_segments,minimum_unique_probes,minimum_unique_probe_asns,maximum_country_fallback_share",0.0,0.0,,
SK,L-Root,all_publicly_visible,,,0.0,0.0,,,,,,,,unknown_network_transition_concentration,,False,False,insufficient_no_inter_region_projection_segments,"minimum_mappable_segments,minimum_unique_probes,minimum_unique_probe_asns,maximum_country_fallback_share",0.0,0.0,,
SK,L-Root,resolved_entry_only,,,0.0,0.0,,,,,,,,unknown_network_transition_concentration,,False,False,insufficient_no_inter_region_projection_segments,"minimum_mappable_segments,minimum_unique_probes,minimum_unique_probe_asns,maximum_country_fallback_share",0.0,0.0,,
SL,L-Root,all_publicly_visible,5008,dns-root_l-root_msm5008_20260701T000000Z_010000Z.json,4.0,2.0,COUNTRY_FALLBACK:GH->NG,0.5,1.0,1.0,0.6931471805599453,1.0,2.0,moderate_network_transition_concentration,1.0,False,False,"insufficient_minimum_mappable_segments,minimum_unique_probes,minimum_unique_probe_asns,maximum_country_fallback_share","minimum_mappable_segments,minimum_unique_probes,minimum_unique_probe_asns,maximum_country_fallback_share",1.0,1.0,0.0,1.0
SL,L-Root,resolved_entry_only,5008,dns-root_l-root_msm5008_20260701T000000Z_010000Z.json,4.0,2.0,COUNTRY_FALLBACK:GH->NG,0.5,1.0,1.0,0.6931471805599453,1.0,2.0,moderate_network_transition_concentration,1.0,False,False,"insufficient_minimum_mappable_segments,minimum_unique_probes,minimum_unique_probe_asns,maximum_country_fallback_share","minimum_mappable_segments,minimum_unique_probes,minimum_unique_probe_asns,maximum_country_fallback_share",1.0,1.0,0.0,1.0
SM,L-Root,all_publicly_visible,,,0.0,0.0,,,,,,,,unknown_network_transition_concentration,,False,False,insufficient_no_inter_region_projection_segments,"minimum_mappable_segments,minimum_unique_probes,minimum_unique_probe_asns,maximum_country_fallback_share",0.0,0.0,,
SM,L-Root,resolved_entry_only,,,0.0,0.0,,,,,,,,unknown_network_transition_concentration,,False,False,insufficient_no_inter_region_projection_segments,"minimum_mappable_segments,minimum_unique_probes,minimum_unique_probe_asns,maximum_country_fallback_share",0.0,0.0,,
SN,L-Root,all_publicly_visible,,,0.0,0.0,,,,,,,,unknown_network_transition_concentration,,False,False,insufficient_no_inter_region_projection_segments,"minimum_mappable_segments,minimum_unique_probes,minimum_unique_probe_asns,maximum_country_fallback_share",0.0,0.0,,
SN,L-Root,resolved_entry_only,,,0.0,0.0,,,,,,,,unknown_network_transition_concentration,,False,False,insufficient_no_inter_region_projection_segments,"minimum_mappable_segments,minimum_unique_probes,minimum_unique_probe_asns,maximum_country_fallback_share",0.0,0.0,,
SR,L-Root,all_publicly_visible,5008,dns-root_l-root_msm5008_20260701T000000Z_010000Z.json,2.0,1.0,23520->23520,1.0,1.0,1.0,-0.0,0.0,1.0,severe_network_transition_concentration,0.0,True,False,"insufficient_minimum_mappable_segments,minimum_unique_probes,minimum_unique_probe_asns","minimum_mappable_segments,minimum_unique_probes,minimum_unique_probe_asns",1.0,1.0,0.0,1.0
SR,L-Root,resolved_entry_only,5008,dns-root_l-root_msm5008_20260701T000000Z_010000Z.json,2.0,1.0,23520->23520,1.0,1.0,1.0,-0.0,0.0,1.0,severe_network_transition_concentration,0.0,True,False,"insufficient_minimum_mappable_segments,minimum_unique_probes,minimum_unique_probe_asns","minimum_mappable_segments,minimum_unique_probes,minimum_unique_probe_asns",1.0,1.0,0.0,1.0
SS,L-Root,all_publicly_visible,5008,dns-root_l-root_msm5008_20260701T000000Z_010000Z.json,8.0,2.0,6939->6939,0.75,1.0,1.0,0.5623351446188083,0.8112781244591328,1.7547653506033232,moderate_network_transition_concentration,0.25,True,False,"insufficient_minimum_mappable_segments,minimum_unique_probes,minimum_unique_probe_asns","minimum_mappable_segments,minimum_unique_probes,minimum_unique_probe_asns",1.0,1.0,0.5,0.5
SS,L-Root,resolved_entry_only,5008,dns-root_l-root_msm5008_20260701T000000Z_010000Z.json,8.0,2.0,6939->6939,0.75,1.0,1.0,0.5623351446188083,0.8112781244591328,1.7547653506033232,moderate_network_transition_concentration,0.25,True,False,"insufficient_minimum_mappable_segments,minimum_unique_probes,minimum_unique_probe_asns","minimum_mappable_segments,minimum_unique_probes,minimum_unique_probe_asns",1.0,1.0,0.5,0.5
SV,L-Root,all_publicly_visible,5008,dns-root_l-root_msm5008_20260701T000000Z_010000Z.json,8.0,2.0,12956->12956,0.75,1.0,1.0,0.5623351446188083,0.8112781244591328,1.7547653506033232,moderate_network_transition_concentration,0.0,True,False,"insufficient_minimum_mappable_segments,minimum_unique_probes","minimum_mappable_segments,minimum_unique_probes",5.0,3.0,0.0,1.0
SV,L-Root,resolved_entry_only,5008,dns-root_l-root_msm5008_20260701T000000Z_010000Z.json,8.0,2.0,12956->12956,0.75,1.0,1.0,0.5623351446188083,0.8112781244591328,1.7547653506033232,moderate_network_transition_concentration,0.0,True,False,"insufficient_minimum_mappable_segments,minimum_unique_probes","minimum_mappable_segments,minimum_unique_probes",5.0,3.0,0.0,1.0
SY,L-Root,all_publicly_visible,,,0.0,0.0,,,,,,,,unknown_network_transition_concentration,,False,False,insufficient_no_inter_region_projection_segments,"minimum_mappable_segments,minimum_unique_probes,minimum_unique_probe_asns,maximum_country_fallback_share",0.0,0.0,,
SY,L-Root,resolved_entry_only,,,0.0,0.0,,,,,,,,unknown_network_transition_concentration,,False,False,insufficient_no_inter_region_projection_segments,"minimum_mappable_segments,minimum_unique_probes,minimum_unique_probe_asns,maximum_country_fallback_share",0.0,0.0,,
TD,L-Root,all_publicly_visible,,,0.0,0.0,,,,,,,,unknown_network_transition_concentration,,False,False,insufficient_no_inter_region_projection_segments,"minimum_mappable_segments,minimum_unique_probes,minimum_unique_probe_asns,maximum_country_fallback_share",0.0,0.0,,
TD,L-Root,resolved_entry_only,,,0.0,0.0,,,,,,,,unknown_network_transition_concentration,,False,False,insufficient_no_inter_region_projection_segments,"minimum_mappable_segments,minimum_unique_probes,minimum_unique_probe_asns,maximum_country_fallback_share",0.0,0.0,,
TG,L-Root,all_publicly_visible,5008,dns-root_l-root_msm5008_20260701T000000Z_010000Z.json,2.0,1.0,COUNTRY_FALLBACK:TG->NG,1.0,1.0,1.0,-0.0,0.0,1.0,severe_network_transition_concentration,1.0,False,False,"insufficient_minimum_mappable_segments,minimum_unique_probes,minimum_unique_probe_asns,maximum_country_fallback_share","minimum_mappable_segments,minimum_unique_probes,minimum_unique_probe_asns,maximum_country_fallback_share",1.0,1.0,0.0,1.0
TG,L-Root,resolved_entry_only,5008,dns-root_l-root_msm5008_20260701T000000Z_010000Z.json,2.0,1.0,COUNTRY_FALLBACK:TG->NG,1.0,1.0,1.0,-0.0,0.0,1.0,severe_network_transition_concentration,1.0,False,False,"insufficient_minimum_mappable_segments,minimum_unique_probes,minimum_unique_probe_asns,maximum_country_fallback_share","minimum_mappable_segments,minimum_unique_probes,minimum_unique_probe_asns,maximum_country_fallback_share",1.0,1.0,0.0,1.0
TH,L-Root,all_publicly_visible,5008,dns-root_l-root_msm5008_20260701T000000Z_010000Z.json,61.0,12.0,4637->4637,0.2786885245901639,0.540983606557377,0.6557377049180327,2.0127045338043468,0.8099718892764284,7.483529461230122,broad_network_transition_distribution,0.39344262295081966,False,False,insufficient_maximum_country_fallback_share,maximum_country_fallback_share,19.0,16.0,0.7704918032786885,0.22950819672131148
TH,L-Root,resolved_entry_only,5008,dns-root_l-root_msm5008_20260701T000000Z_010000Z.json,61.0,12.0,4637->4637,0.2786885245901639,0.540983606557377,0.6557377049180327,2.0127045338043468,0.8099718892764284,7.483529461230122,broad_network_transition_distribution,0.39344262295081966,False,False,insufficient_maximum_country_fallback_share,maximum_country_fallback_share,19.0,16.0,0.7704918032786885,0.22950819672131148
TJ,L-Root,all_publicly_visible,,,0.0,0.0,,,,,,,,unknown_network_transition_concentration,,False,False,insufficient_no_inter_region_projection_segments,"minimum_mappable_segments,minimum_unique_probes,minimum_unique_probe_asns,maximum_country_fallback_share",0.0,0.0,,
TJ,L-Root,resolved_entry_only,,,0.0,0.0,,,,,,,,unknown_network_transition_concentration,,False,False,insufficient_no_inter_region_projection_segments,"minimum_mappable_segments,minimum_unique_probes,minimum_unique_probe_asns,maximum_country_fallback_share",0.0,0.0,,
TL,L-Root,all_publicly_visible,5008,dns-root_l-root_msm5008_20260701T000000Z_010000Z.json,15.0,4.0,1299->1299,0.6666666666666666,0.7999999999999999,0.9333333333333333,0.9881542242901943,0.7128025995084719,2.6862716386787135,weak_network_transition_concentration,0.2,True,False,"insufficient_minimum_mappable_segments,minimum_unique_probes,minimum_unique_probe_asns","minimum_mappable_segments,minimum_unique_probes,minimum_unique_probe_asns",4.0,2.0,0.8666666666666667,0.13333333333333333
TL,L-Root,resolved_entry_only,5008,dns-root_l-root_msm5008_20260701T000000Z_010000Z.json,15.0,4.0,1299->1299,0.6666666666666666,0.7999999999999999,0.9333333333333333,0.9881542242901943,0.7128025995084719,2.6862716386787135,weak_network_transition_concentration,0.2,True,False,"insufficient_minimum_mappable_segments,minimum_unique_probes,minimum_unique_probe_asns","minimum_mappable_segments,minimum_unique_probes,minimum_unique_probe_asns",4.0,2.0,0.8666666666666667,0.13333333333333333
TN,L-Root,all_publicly_visible,,,0.0,0.0,,,,,,,,unknown_network_transition_concentration,,False,False,insufficient_no_inter_region_projection_segments,"minimum_mappable_segments,minimum_unique_probes,minimum_unique_probe_asns,maximum_country_fallback_share",0.0,0.0,,
TN,L-Root,resolved_entry_only,,,0.0,0.0,,,,,,,,unknown_network_transition_concentration,,False,False,insufficient_no_inter_region_projection_segments,"minimum_mappable_segments,minimum_unique_probes,minimum_unique_probe_asns,maximum_country_fallback_share",0.0,0.0,,
TO,L-Root,all_publicly_visible,5008,dns-root_l-root_msm5008_20260701T000000Z_010000Z.json,2.0,1.0,24390->24390,1.0,1.0,1.0,-0.0,0.0,1.0,severe_network_transition_concentration,0.0,True,False,"insufficient_minimum_mappable_segments,minimum_unique_probes,minimum_unique_probe_asns","minimum_mappable_segments,minimum_unique_probes,minimum_unique_probe_asns",1.0,1.0,0.0,1.0
TO,L-Root,resolved_entry_only,5008,dns-root_l-root_msm5008_20260701T000000Z_010000Z.json,2.0,1.0,24390->24390,1.0,1.0,1.0,-0.0,0.0,1.0,severe_network_transition_concentration,0.0,True,False,"insufficient_minimum_mappable_segments,minimum_unique_probes,minimum_unique_probe_asns","minimum_mappable_segments,minimum_unique_probes,minimum_unique_probe_asns",1.0,1.0,0.0,1.0
TR,L-Root,all_publicly_visible,5008,dns-root_l-root_msm5008_20260701T000000Z_010000Z.json,16.0,1.0,COUNTRY_FALLBACK:TR->GR,1.0,1.0,1.0,-0.0,0.0,1.0,severe_network_transition_concentration,1.0,False,False,"insufficient_minimum_mappable_segments,minimum_unique_probes,maximum_country_fallback_share","minimum_mappable_segments,minimum_unique_probes,maximum_country_fallback_share",8.0,3.0,0.0,1.0
TR,L-Root,resolved_entry_only,5008,dns-root_l-root_msm5008_20260701T000000Z_010000Z.json,16.0,1.0,COUNTRY_FALLBACK:TR->GR,1.0,1.0,1.0,-0.0,0.0,1.0,severe_network_transition_concentration,1.0,False,False,"insufficient_minimum_mappable_segments,minimum_unique_probes,maximum_country_fallback_share","minimum_mappable_segments,minimum_unique_probes,maximum_country_fallback_share",8.0,3.0,0.0,1.0
TT,L-Root,all_publicly_visible,,,0.0,0.0,,,,,,,,unknown_network_transition_concentration,,False,False,insufficient_no_inter_region_projection_segments,"minimum_mappable_segments,minimum_unique_probes,minimum_unique_probe_asns,maximum_country_fallback_share",0.0,0.0,,
TT,L-Root,resolved_entry_only,,,0.0,0.0,,,,,,,,unknown_network_transition_concentration,,False,False,insufficient_no_inter_region_projection_segments,"minimum_mappable_segments,minimum_unique_probes,minimum_unique_probe_asns,maximum_country_fallback_share",0.0,0.0,,
TV,L-Root,all_publicly_visible,,,0.0,0.0,,,,,,,,unknown_network_transition_concentration,,False,False,insufficient_no_inter_region_projection_segments,"minimum_mappable_segments,minimum_unique_probes,minimum_unique_probe_asns,maximum_country_fallback_share",0.0,0.0,,
TV,L-Root,resolved_entry_only,,,0.0,0.0,,,,,,,,unknown_network_transition_concentration,,False,False,insufficient_no_inter_region_projection_segments,"minimum_mappable_segments,minimum_unique_probes,minimum_unique_probe_asns,maximum_country_fallback_share",0.0,0.0,,
TW,L-Root,all_publicly_visible,5008,dns-root_l-root_msm5008_20260701T000000Z_010000Z.json,151.0,19.0,COUNTRY_FALLBACK:TW->TW,0.24503311258278146,0.4370860927152318,0.543046357615894,2.438641391746171,0.8282193684436759,11.457463958714857,broad_network_transition_distribution,0.5629139072847682,False,False,insufficient_maximum_country_fallback_share,maximum_country_fallback_share,53.0,26.0,0.7350993377483444,0.26490066225165565
TW,L-Root,resolved_entry_only,5008,dns-root_l-root_msm5008_20260701T000000Z_010000Z.json,151.0,19.0,COUNTRY_FALLBACK:TW->TW,0.24503311258278146,0.4370860927152318,0.543046357615894,2.438641391746171,0.8282193684436759,11.457463958714857,broad_network_transition_distribution,0.5629139072847682,False,False,insufficient_maximum_country_fallback_share,maximum_country_fallback_share,53.0,26.0,0.7350993377483444,0.26490066225165565
TZ,L-Root,all_publicly_visible,,,0.0,0.0,,,,,,,,unknown_network_transition_concentration,,False,False,insufficient_no_inter_region_projection_segments,"minimum_mappable_segments,minimum_unique_probes,minimum_unique_probe_asns,maximum_country_fallback_share",0.0,0.0,,
TZ,L-Root,resolved_entry_only,,,0.0,0.0,,,,,,,,unknown_network_transition_concentration,,False,False,insufficient_no_inter_region_projection_segments,"minimum_mappable_segments,minimum_unique_probes,minimum_unique_probe_asns,maximum_country_fallback_share",0.0,0.0,,
UA,L-Root,all_publicly_visible,,,0.0,0.0,,,,,,,,unknown_network_transition_concentration,,False,False,insufficient_no_inter_region_projection_segments,"minimum_mappable_segments,minimum_unique_probes,minimum_unique_probe_asns,maximum_country_fallback_share",0.0,0.0,,
UA,L-Root,resolved_entry_only,,,0.0,0.0,,,,,,,,unknown_network_transition_concentration,,False,False,insufficient_no_inter_region_projection_segments,"minimum_mappable_segments,minimum_unique_probes,minimum_unique_probe_asns,maximum_country_fallback_share",0.0,0.0,,
UG,L-Root,all_publicly_visible,5008,dns-root_l-root_msm5008_20260701T000000Z_010000Z.json,7.0,3.0,6939->6939,0.5714285714285714,0.8571428571428571,1.0,0.9556998911125343,0.8699155297736259,2.6004900059896596,moderate_network_transition_concentration,0.2857142857142857,True,False,"insufficient_minimum_mappable_segments,minimum_unique_probes,minimum_unique_probe_asns","minimum_mappable_segments,minimum_unique_probes,minimum_unique_probe_asns",2.0,2.0,0.42857142857142855,0.5714285714285714
UG,L-Root,resolved_entry_only,5008,dns-root_l-root_msm5008_20260701T000000Z_010000Z.json,7.0,3.0,6939->6939,0.5714285714285714,0.8571428571428571,1.0,0.9556998911125343,0.8699155297736259,2.6004900059896596,moderate_network_transition_concentration,0.2857142857142857,True,False,"insufficient_minimum_mappable_segments,minimum_unique_probes,minimum_unique_probe_asns","minimum_mappable_segments,minimum_unique_probes,minimum_unique_probe_asns",2.0,2.0,0.42857142857142855,0.5714285714285714
US,L-Root,all_publicly_visible,5008,dns-root_l-root_msm5008_20260701T000000Z_010000Z.json,616.0,49.0,COUNTRY_FALLBACK:US->US,0.17207792207792208,0.3198051948051948,0.4383116883116883,2.9167669401859735,0.7494608478202308,18.481439167046705,broad_network_transition_distribution,0.2305194805194805,True,True,auditable,,227.0,96.0,0.775974025974026,0.22402597402597402
US,L-Root,resolved_entry_only,5008,dns-root_l-root_msm5008_20260701T000000Z_010000Z.json,614.0,48.0,COUNTRY_FALLBACK:US->US,0.17263843648208468,0.3208469055374593,0.43973941368078173,2.904350954171624,0.7502454525063483,18.25339251839296,broad_network_transition_distribution,0.23127035830618892,True,True,auditable,,226.0,95.0,0.7785016286644951,0.22149837133550487
UY,L-Root,all_publicly_visible,,,0.0,0.0,,,,,,,,unknown_network_transition_concentration,,False,False,insufficient_no_inter_region_projection_segments,"minimum_mappable_segments,minimum_unique_probes,minimum_unique_probe_asns,maximum_country_fallback_share",0.0,0.0,,
UY,L-Root,resolved_entry_only,,,0.0,0.0,,,,,,,,unknown_network_transition_concentration,,False,False,insufficient_no_inter_region_projection_segments,"minimum_mappable_segments,minimum_unique_probes,minimum_unique_probe_asns,maximum_country_fallback_share",0.0,0.0,,
UZ,L-Root,all_publicly_visible,,,0.0,0.0,,,,,,,,unknown_network_transition_concentration,,False,False,insufficient_no_inter_region_projection_segments,"minimum_mappable_segments,minimum_unique_probes,minimum_unique_probe_asns,maximum_country_fallback_share",0.0,0.0,,
UZ,L-Root,resolved_entry_only,,,0.0,0.0,,,,,,,,unknown_network_transition_concentration,,False,False,insufficient_no_inter_region_projection_segments,"minimum_mappable_segments,minimum_unique_probes,minimum_unique_probe_asns,maximum_country_fallback_share",0.0,0.0,,
VA,L-Root,all_publicly_visible,,,0.0,0.0,,,,,,,,unknown_network_transition_concentration,,False,False,insufficient_no_inter_region_projection_segments,"minimum_mappable_segments,minimum_unique_probes,minimum_unique_probe_asns,maximum_country_fallback_share",0.0,0.0,,
VA,L-Root,resolved_entry_only,,,0.0,0.0,,,,,,,,unknown_network_transition_concentration,,False,False,insufficient_no_inter_region_projection_segments,"minimum_mappable_segments,minimum_unique_probes,minimum_unique_probe_asns,maximum_country_fallback_share",0.0,0.0,,
VE,L-Root,all_publicly_visible,5008,dns-root_l-root_msm5008_20260701T000000Z_010000Z.json,27.0,4.0,52320->52320,0.48148148148148145,0.7037037037037037,0.9259259259259258,1.213179471972606,0.8751240039615849,3.3641639312495872,weak_network_transition_concentration,0.0,True,False,insufficient_minimum_mappable_segments,minimum_mappable_segments,10.0,6.0,0.5185185185185185,0.48148148148148145
VE,L-Root,resolved_entry_only,5008,dns-root_l-root_msm5008_20260701T000000Z_010000Z.json,27.0,4.0,52320->52320,0.48148148148148145,0.7037037037037037,0.9259259259259258,1.213179471972606,0.8751240039615849,3.3641639312495872,weak_network_transition_concentration,0.0,True,False,insufficient_minimum_mappable_segments,minimum_mappable_segments,10.0,6.0,0.5185185185185185,0.48148148148148145
VI,L-Root,all_publicly_visible,5008,dns-root_l-root_msm5008_20260701T000000Z_010000Z.json,4.0,1.0,14434->14434,1.0,1.0,1.0,-0.0,0.0,1.0,severe_network_transition_concentration,0.0,True,False,"insufficient_minimum_mappable_segments,minimum_unique_probes,minimum_unique_probe_asns","minimum_mappable_segments,minimum_unique_probes,minimum_unique_probe_asns",2.0,1.0,0.0,1.0
VI,L-Root,resolved_entry_only,5008,dns-root_l-root_msm5008_20260701T000000Z_010000Z.json,4.0,1.0,14434->14434,1.0,1.0,1.0,-0.0,0.0,1.0,severe_network_transition_concentration,0.0,True,False,"insufficient_minimum_mappable_segments,minimum_unique_probes,minimum_unique_probe_asns","minimum_mappable_segments,minimum_unique_probes,minimum_unique_probe_asns",2.0,1.0,0.0,1.0
VN,L-Root,all_publicly_visible,5008,dns-root_l-root_msm5008_20260701T000000Z_010000Z.json,140.0,12.0,COUNTRY_FALLBACK:SG->SG,0.2857142857142857,0.5285714285714286,0.6714285714285714,1.9855797297006748,0.7990560650920526,7.283268488846661,broad_network_transition_distribution,0.6071428571428571,False,False,insufficient_maximum_country_fallback_share,maximum_country_fallback_share,28.0,16.0,0.6214285714285714,0.37857142857142856
VN,L-Root,resolved_entry_only,5008,dns-root_l-root_msm5008_20260701T000000Z_010000Z.json,140.0,12.0,COUNTRY_FALLBACK:SG->SG,0.2857142857142857,0.5285714285714286,0.6714285714285714,1.9855797297006748,0.7990560650920526,7.283268488846661,broad_network_transition_distribution,0.6071428571428571,False,False,insufficient_maximum_country_fallback_share,maximum_country_fallback_share,28.0,16.0,0.6214285714285714,0.37857142857142856
VU,L-Root,all_publicly_visible,,,0.0,0.0,,,,,,,,unknown_network_transition_concentration,,False,False,insufficient_no_inter_region_projection_segments,"minimum_mappable_segments,minimum_unique_probes,minimum_unique_probe_asns,maximum_country_fallback_share",0.0,0.0,,
VU,L-Root,resolved_entry_only,,,0.0,0.0,,,,,,,,unknown_network_transition_concentration,,False,False,insufficient_no_inter_region_projection_segments,"minimum_mappable_segments,minimum_unique_probes,minimum_unique_probe_asns,maximum_country_fallback_share",0.0,0.0,,
YE,L-Root,all_publicly_visible,,,0.0,0.0,,,,,,,,unknown_network_transition_concentration,,False,False,insufficient_no_inter_region_projection_segments,"minimum_mappable_segments,minimum_unique_probes,minimum_unique_probe_asns,maximum_country_fallback_share",0.0,0.0,,
YE,L-Root,resolved_entry_only,,,0.0,0.0,,,,,,,,unknown_network_transition_concentration,,False,False,insufficient_no_inter_region_projection_segments,"minimum_mappable_segments,minimum_unique_probes,minimum_unique_probe_asns,maximum_country_fallback_share",0.0,0.0,,
ZA,L-Root,all_publicly_visible,5008,dns-root_l-root_msm5008_20260701T000000Z_010000Z.json,50.0,4.0,37721->37721,0.76,0.86,0.9400000000000001,0.809693446583005,0.5840703600127971,2.247218988414847,moderate_network_transition_concentration,0.0,True,True,auditable,,20.0,15.0,0.0,1.0
ZA,L-Root,resolved_entry_only,5008,dns-root_l-root_msm5008_20260701T000000Z_010000Z.json,50.0,4.0,37721->37721,0.76,0.86,0.9400000000000001,0.809693446583005,0.5840703600127971,2.247218988414847,moderate_network_transition_concentration,0.0,True,True,auditable,,20.0,15.0,0.0,1.0
ZM,L-Root,all_publicly_visible,,,0.0,0.0,,,,,,,,unknown_network_transition_concentration,,False,False,insufficient_no_inter_region_projection_segments,"minimum_mappable_segments,minimum_unique_probes,minimum_unique_probe_asns,maximum_country_fallback_share",0.0,0.0,,
ZM,L-Root,resolved_entry_only,,,0.0,0.0,,,,,,,,unknown_network_transition_concentration,,False,False,insufficient_no_inter_region_projection_segments,"minimum_mappable_segments,minimum_unique_probes,minimum_unique_probe_asns,maximum_country_fallback_share",0.0,0.0,,
ZW,L-Root,all_publicly_visible,,,0.0,0.0,,,,,,,,unknown_network_transition_concentration,,False,False,insufficient_no_inter_region_projection_segments,"minimum_mappable_segments,minimum_unique_probes,minimum_unique_probe_asns,maximum_country_fallback_share",0.0,0.0,,
ZW,L-Root,resolved_entry_only,,,0.0,0.0,,,,,,,,unknown_network_transition_concentration,,False,False,insufficient_no_inter_region_projection_segments,"minimum_mappable_segments,minimum_unique_probes,minimum_unique_probe_asns,maximum_country_fallback_share",0.0,0.0,,
