probe_country,country_geography_type,country_geography_classification_source,path_scope_stratum,total_valid_traces,mappable_traces,traces_with_inter_region_candidates,traces_with_domestic_inter_region_candidates,traces_with_international_inter_region_candidates,traces_with_intra_region_candidates,inter_region_candidate_exposure_rate,inter_region_candidate_rate_among_mappable_traces,domestic_inter_region_candidate_exposure_rate,international_inter_region_candidate_exposure_rate,intra_region_candidate_rate,candidate_dependency_proxy_rate,candidate_dependency_proxy_tier,unique_services,unique_probes,unique_probe_asns,service_entry_resolution_rate,geography_summary_eligible,geography_summary_eligibility_reason,candidate_dependency_proxy_interpretation
?,unknown,unclassified_or_missing_country_code,all_publicly_visible,4,4,0,0,0,0,0.0,0.0,0.0,0.0,0.0,0.0,no_observed_inter_region_candidate_exposure,1,1,1,1.0,False,"insufficient_minimum_mappable_traces,minimum_unique_probes,minimum_unique_probe_asns",trace share with at least one feasible domestic or international inter-region submarine-corridor candidate; not actual cable use or traffic dependency
?,unknown,unclassified_or_missing_country_code,resolved_entry_only,4,4,0,0,0,0,0.0,0.0,0.0,0.0,0.0,0.0,no_observed_inter_region_candidate_exposure,1,1,1,1.0,False,"insufficient_minimum_mappable_traces,minimum_unique_probes,minimum_unique_probe_asns",trace share with at least one feasible domestic or international inter-region submarine-corridor candidate; not actual cable use or traffic dependency
AD,landlocked,catalog_landlocked_list,all_publicly_visible,12,12,0,0,0,0,0.0,0.0,0.0,0.0,0.0,0.0,no_observed_inter_region_candidate_exposure,1,3,1,1.0,False,"insufficient_minimum_mappable_traces,minimum_unique_probes,minimum_unique_probe_asns",trace share with at least one feasible domestic or international inter-region submarine-corridor candidate; not actual cable use or traffic dependency
AD,landlocked,catalog_landlocked_list,resolved_entry_only,12,12,0,0,0,0,0.0,0.0,0.0,0.0,0.0,0.0,no_observed_inter_region_candidate_exposure,1,3,1,1.0,False,"insufficient_minimum_mappable_traces,minimum_unique_probes,minimum_unique_probe_asns",trace share with at least one feasible domestic or international inter-region submarine-corridor candidate; not actual cable use or traffic dependency
AE,coastal_mainland_or_mixed,catalog_default_alpha2_rule,all_publicly_visible,78,70,15,12,5,7,0.19230769230769232,0.21428571428571427,0.15384615384615385,0.0641025641025641,0.08974358974358974,0.19230769230769232,high_candidate_dependency_proxy,1,22,14,0.8846153846153846,True,eligible,trace share with at least one feasible domestic or international inter-region submarine-corridor candidate; not actual cable use or traffic dependency
AE,coastal_mainland_or_mixed,catalog_default_alpha2_rule,resolved_entry_only,69,69,15,12,5,7,0.21739130434782608,0.21739130434782608,0.17391304347826086,0.07246376811594203,0.10144927536231885,0.21739130434782608,high_candidate_dependency_proxy,1,22,14,1.0,True,eligible,trace share with at least one feasible domestic or international inter-region submarine-corridor candidate; not actual cable use or traffic dependency
AF,landlocked,catalog_landlocked_list,all_publicly_visible,19,19,8,5,3,0,0.42105263157894735,0.42105263157894735,0.2631578947368421,0.15789473684210525,0.0,0.42105263157894735,very_high_candidate_dependency_proxy,1,5,2,1.0,False,"insufficient_minimum_mappable_traces,minimum_unique_probes,minimum_unique_probe_asns",trace share with at least one feasible domestic or international inter-region submarine-corridor candidate; not actual cable use or traffic dependency
AF,landlocked,catalog_landlocked_list,resolved_entry_only,19,19,8,5,3,0,0.42105263157894735,0.42105263157894735,0.2631578947368421,0.15789473684210525,0.0,0.42105263157894735,very_high_candidate_dependency_proxy,1,5,2,1.0,False,"insufficient_minimum_mappable_traces,minimum_unique_probes,minimum_unique_probe_asns",trace share with at least one feasible domestic or international inter-region submarine-corridor candidate; not actual cable use or traffic dependency
AL,coastal_mainland_or_mixed,catalog_default_alpha2_rule,all_publicly_visible,109,102,0,0,0,0,0.0,0.0,0.0,0.0,0.0,0.0,no_observed_inter_region_candidate_exposure,1,29,20,0.9357798165137615,True,eligible,trace share with at least one feasible domestic or international inter-region submarine-corridor candidate; not actual cable use or traffic dependency
AL,coastal_mainland_or_mixed,catalog_default_alpha2_rule,resolved_entry_only,102,102,0,0,0,0,0.0,0.0,0.0,0.0,0.0,0.0,no_observed_inter_region_candidate_exposure,1,27,18,1.0,True,eligible,trace share with at least one feasible domestic or international inter-region submarine-corridor candidate; not actual cable use or traffic dependency
AM,landlocked,catalog_landlocked_list,all_publicly_visible,79,78,0,0,0,0,0.0,0.0,0.0,0.0,0.0,0.0,no_observed_inter_region_candidate_exposure,1,21,10,0.9873417721518988,True,eligible,trace share with at least one feasible domestic or international inter-region submarine-corridor candidate; not actual cable use or traffic dependency
AM,landlocked,catalog_landlocked_list,resolved_entry_only,78,78,0,0,0,0,0.0,0.0,0.0,0.0,0.0,0.0,no_observed_inter_region_candidate_exposure,1,21,10,1.0,True,eligible,trace share with at least one feasible domestic or international inter-region submarine-corridor candidate; not actual cable use or traffic dependency
AO,coastal_mainland_or_mixed,catalog_default_alpha2_rule,all_publicly_visible,41,38,0,0,0,0,0.0,0.0,0.0,0.0,0.0,0.0,no_observed_inter_region_candidate_exposure,1,12,5,0.926829268292683,True,eligible,trace share with at least one feasible domestic or international inter-region submarine-corridor candidate; not actual cable use or traffic dependency
AO,coastal_mainland_or_mixed,catalog_default_alpha2_rule,resolved_entry_only,38,38,0,0,0,0,0.0,0.0,0.0,0.0,0.0,0.0,no_observed_inter_region_candidate_exposure,1,12,5,1.0,True,eligible,trace share with at least one feasible domestic or international inter-region submarine-corridor candidate; not actual cable use or traffic dependency
AR,coastal_mainland_or_mixed,catalog_default_alpha2_rule,all_publicly_visible,207,199,0,0,0,0,0.0,0.0,0.0,0.0,0.0,0.0,no_observed_inter_region_candidate_exposure,1,56,42,0.961352657004831,True,eligible,trace share with at least one feasible domestic or international inter-region submarine-corridor candidate; not actual cable use or traffic dependency
AR,coastal_mainland_or_mixed,catalog_default_alpha2_rule,resolved_entry_only,199,199,0,0,0,0,0.0,0.0,0.0,0.0,0.0,0.0,no_observed_inter_region_candidate_exposure,1,54,41,1.0,True,eligible,trace share with at least one feasible domestic or international inter-region submarine-corridor candidate; not actual cable use or traffic dependency
AT,landlocked,catalog_landlocked_list,all_publicly_visible,840,822,0,0,0,12,0.0,0.0,0.0,0.0,0.014285714285714285,0.0,no_observed_inter_region_candidate_exposure,1,222,85,0.9785714285714285,True,eligible,trace share with at least one feasible domestic or international inter-region submarine-corridor candidate; not actual cable use or traffic dependency
AT,landlocked,catalog_landlocked_list,resolved_entry_only,822,822,0,0,0,12,0.0,0.0,0.0,0.0,0.014598540145985401,0.0,no_observed_inter_region_candidate_exposure,1,219,83,1.0,True,eligible,trace share with at least one feasible domestic or international inter-region submarine-corridor candidate; not actual cable use or traffic dependency
AU,coastal_mainland_or_mixed,catalog_default_alpha2_rule,all_publicly_visible,1060,852,14,14,0,290,0.013207547169811321,0.01643192488262911,0.013207547169811321,0.0,0.27358490566037735,0.013207547169811321,low_candidate_dependency_proxy,1,279,77,0.8037735849056604,True,eligible,trace share with at least one feasible domestic or international inter-region submarine-corridor candidate; not actual cable use or traffic dependency
AU,coastal_mainland_or_mixed,catalog_default_alpha2_rule,resolved_entry_only,852,852,14,14,0,290,0.01643192488262911,0.01643192488262911,0.01643192488262911,0.0,0.3403755868544601,0.01643192488262911,low_candidate_dependency_proxy,1,243,74,1.0,True,eligible,trace share with at least one feasible domestic or international inter-region submarine-corridor candidate; not actual cable use or traffic dependency
AX,coastal_mainland_or_mixed,catalog_default_alpha2_rule,all_publicly_visible,8,8,4,0,4,4,0.5,0.5,0.0,0.5,0.5,0.5,very_high_candidate_dependency_proxy,1,2,2,1.0,False,"insufficient_minimum_mappable_traces,minimum_unique_probes,minimum_unique_probe_asns",trace share with at least one feasible domestic or international inter-region submarine-corridor candidate; not actual cable use or traffic dependency
AX,coastal_mainland_or_mixed,catalog_default_alpha2_rule,resolved_entry_only,8,8,4,0,4,4,0.5,0.5,0.0,0.5,0.5,0.5,very_high_candidate_dependency_proxy,1,2,2,1.0,False,"insufficient_minimum_mappable_traces,minimum_unique_probes,minimum_unique_probe_asns",trace share with at least one feasible domestic or international inter-region submarine-corridor candidate; not actual cable use or traffic dependency
AZ,landlocked,catalog_landlocked_list,all_publicly_visible,35,27,9,0,9,0,0.2571428571428571,0.3333333333333333,0.0,0.2571428571428571,0.0,0.2571428571428571,high_candidate_dependency_proxy,1,9,8,0.7714285714285715,False,"insufficient_minimum_mappable_traces,minimum_unique_probes",trace share with at least one feasible domestic or international inter-region submarine-corridor candidate; not actual cable use or traffic dependency
AZ,landlocked,catalog_landlocked_list,resolved_entry_only,27,27,9,0,9,0,0.3333333333333333,0.3333333333333333,0.0,0.3333333333333333,0.0,0.3333333333333333,very_high_candidate_dependency_proxy,1,7,7,1.0,False,"insufficient_minimum_mappable_traces,minimum_unique_probes",trace share with at least one feasible domestic or international inter-region submarine-corridor candidate; not actual cable use or traffic dependency
BA,coastal_mainland_or_mixed,catalog_default_alpha2_rule,all_publicly_visible,54,46,0,0,0,0,0.0,0.0,0.0,0.0,0.0,0.0,no_observed_inter_region_candidate_exposure,1,15,7,0.8518518518518519,True,eligible,trace share with at least one feasible domestic or international inter-region submarine-corridor candidate; not actual cable use or traffic dependency
BA,coastal_mainland_or_mixed,catalog_default_alpha2_rule,resolved_entry_only,46,46,0,0,0,0,0.0,0.0,0.0,0.0,0.0,0.0,no_observed_inter_region_candidate_exposure,1,13,7,1.0,True,eligible,trace share with at least one feasible domestic or international inter-region submarine-corridor candidate; not actual cable use or traffic dependency
BB,island_or_archipelagic,catalog_island_or_archipelagic_list,all_publicly_visible,4,4,4,0,4,0,1.0,1.0,0.0,1.0,0.0,1.0,very_high_candidate_dependency_proxy,1,1,1,1.0,False,"insufficient_minimum_mappable_traces,minimum_unique_probes,minimum_unique_probe_asns",trace share with at least one feasible domestic or international inter-region submarine-corridor candidate; not actual cable use or traffic dependency
BB,island_or_archipelagic,catalog_island_or_archipelagic_list,resolved_entry_only,4,4,4,0,4,0,1.0,1.0,0.0,1.0,0.0,1.0,very_high_candidate_dependency_proxy,1,1,1,1.0,False,"insufficient_minimum_mappable_traces,minimum_unique_probes,minimum_unique_probe_asns",trace share with at least one feasible domestic or international inter-region submarine-corridor candidate; not actual cable use or traffic dependency
BD,coastal_mainland_or_mixed,catalog_default_alpha2_rule,all_publicly_visible,44,44,0,0,0,0,0.0,0.0,0.0,0.0,0.0,0.0,no_observed_inter_region_candidate_exposure,1,11,7,1.0,True,eligible,trace share with at least one feasible domestic or international inter-region submarine-corridor candidate; not actual cable use or traffic dependency
BD,coastal_mainland_or_mixed,catalog_default_alpha2_rule,resolved_entry_only,44,44,0,0,0,0,0.0,0.0,0.0,0.0,0.0,0.0,no_observed_inter_region_candidate_exposure,1,11,7,1.0,True,eligible,trace share with at least one feasible domestic or international inter-region submarine-corridor candidate; not actual cable use or traffic dependency
BE,coastal_mainland_or_mixed,catalog_default_alpha2_rule,all_publicly_visible,614,596,0,0,0,0,0.0,0.0,0.0,0.0,0.0,0.0,no_observed_inter_region_candidate_exposure,1,160,28,0.9657980456026058,True,eligible,trace share with at least one feasible domestic or international inter-region submarine-corridor candidate; not actual cable use or traffic dependency
BE,coastal_mainland_or_mixed,catalog_default_alpha2_rule,resolved_entry_only,593,593,0,0,0,0,0.0,0.0,0.0,0.0,0.0,0.0,no_observed_inter_region_candidate_exposure,1,157,28,1.0,True,eligible,trace share with at least one feasible domestic or international inter-region submarine-corridor candidate; not actual cable use or traffic dependency
BF,landlocked,catalog_landlocked_list,all_publicly_visible,13,10,1,0,1,2,0.07692307692307693,0.1,0.0,0.07692307692307693,0.15384615384615385,0.07692307692307693,moderate_candidate_dependency_proxy,1,5,4,0.7692307692307693,False,"insufficient_minimum_mappable_traces,minimum_unique_probes",trace share with at least one feasible domestic or international inter-region submarine-corridor candidate; not actual cable use or traffic dependency
BF,landlocked,catalog_landlocked_list,resolved_entry_only,10,10,1,0,1,2,0.1,0.1,0.0,0.1,0.2,0.1,moderate_candidate_dependency_proxy,1,4,3,1.0,False,"insufficient_minimum_mappable_traces,minimum_unique_probes",trace share with at least one feasible domestic or international inter-region submarine-corridor candidate; not actual cable use or traffic dependency
BG,coastal_mainland_or_mixed,catalog_default_alpha2_rule,all_publicly_visible,335,330,0,0,0,0,0.0,0.0,0.0,0.0,0.0,0.0,no_observed_inter_region_candidate_exposure,1,90,50,0.9850746268656716,True,eligible,trace share with at least one feasible domestic or international inter-region submarine-corridor candidate; not actual cable use or traffic dependency
BG,coastal_mainland_or_mixed,catalog_default_alpha2_rule,resolved_entry_only,330,330,0,0,0,0,0.0,0.0,0.0,0.0,0.0,0.0,no_observed_inter_region_candidate_exposure,1,89,50,1.0,True,eligible,trace share with at least one feasible domestic or international inter-region submarine-corridor candidate; not actual cable use or traffic dependency
BH,island_or_archipelagic,catalog_island_or_archipelagic_list,all_publicly_visible,21,15,8,0,8,7,0.38095238095238093,0.5333333333333333,0.0,0.38095238095238093,0.3333333333333333,0.38095238095238093,very_high_candidate_dependency_proxy,1,6,3,0.7142857142857143,False,"insufficient_minimum_mappable_traces,minimum_unique_probes",trace share with at least one feasible domestic or international inter-region submarine-corridor candidate; not actual cable use or traffic dependency
BH,island_or_archipelagic,catalog_island_or_archipelagic_list,resolved_entry_only,15,15,8,0,8,7,0.5333333333333333,0.5333333333333333,0.0,0.5333333333333333,0.4666666666666667,0.5333333333333333,very_high_candidate_dependency_proxy,1,6,3,1.0,False,"insufficient_minimum_mappable_traces,minimum_unique_probes",trace share with at least one feasible domestic or international inter-region submarine-corridor candidate; not actual cable use or traffic dependency
BI,landlocked,catalog_landlocked_list,all_publicly_visible,4,2,0,0,0,0,0.0,0.0,0.0,0.0,0.0,0.0,no_observed_inter_region_candidate_exposure,1,1,1,0.5,False,"insufficient_minimum_mappable_traces,minimum_unique_probes,minimum_unique_probe_asns",trace share with at least one feasible domestic or international inter-region submarine-corridor candidate; not actual cable use or traffic dependency
BI,landlocked,catalog_landlocked_list,resolved_entry_only,2,2,0,0,0,0,0.0,0.0,0.0,0.0,0.0,0.0,no_observed_inter_region_candidate_exposure,1,1,1,1.0,False,"insufficient_minimum_mappable_traces,minimum_unique_probes,minimum_unique_probe_asns",trace share with at least one feasible domestic or international inter-region submarine-corridor candidate; not actual cable use or traffic dependency
BJ,coastal_mainland_or_mixed,catalog_default_alpha2_rule,all_publicly_visible,36,36,23,0,23,12,0.6388888888888888,0.6388888888888888,0.0,0.6388888888888888,0.3333333333333333,0.6388888888888888,very_high_candidate_dependency_proxy,1,10,5,1.0,True,eligible,trace share with at least one feasible domestic or international inter-region submarine-corridor candidate; not actual cable use or traffic dependency
BJ,coastal_mainland_or_mixed,catalog_default_alpha2_rule,resolved_entry_only,36,36,23,0,23,12,0.6388888888888888,0.6388888888888888,0.0,0.6388888888888888,0.3333333333333333,0.6388888888888888,very_high_candidate_dependency_proxy,1,10,5,1.0,True,eligible,trace share with at least one feasible domestic or international inter-region submarine-corridor candidate; not actual cable use or traffic dependency
BL,island_or_archipelagic,catalog_island_or_archipelagic_list,all_publicly_visible,4,3,0,0,0,0,0.0,0.0,0.0,0.0,0.0,0.0,no_observed_inter_region_candidate_exposure,1,1,1,0.75,False,"insufficient_minimum_mappable_traces,minimum_unique_probes,minimum_unique_probe_asns",trace share with at least one feasible domestic or international inter-region submarine-corridor candidate; not actual cable use or traffic dependency
BL,island_or_archipelagic,catalog_island_or_archipelagic_list,resolved_entry_only,3,3,0,0,0,0,0.0,0.0,0.0,0.0,0.0,0.0,no_observed_inter_region_candidate_exposure,1,1,1,1.0,False,"insufficient_minimum_mappable_traces,minimum_unique_probes,minimum_unique_probe_asns",trace share with at least one feasible domestic or international inter-region submarine-corridor candidate; not actual cable use or traffic dependency
BO,landlocked,catalog_landlocked_list,all_publicly_visible,60,59,0,0,0,0,0.0,0.0,0.0,0.0,0.0,0.0,no_observed_inter_region_candidate_exposure,1,17,8,0.9833333333333333,True,eligible,trace share with at least one feasible domestic or international inter-region submarine-corridor candidate; not actual cable use or traffic dependency
BO,landlocked,catalog_landlocked_list,resolved_entry_only,59,59,0,0,0,0,0.0,0.0,0.0,0.0,0.0,0.0,no_observed_inter_region_candidate_exposure,1,17,8,1.0,True,eligible,trace share with at least one feasible domestic or international inter-region submarine-corridor candidate; not actual cable use or traffic dependency
BR,coastal_mainland_or_mixed,catalog_default_alpha2_rule,all_publicly_visible,416,379,2,2,0,0,0.004807692307692308,0.005277044854881266,0.004807692307692308,0.0,0.0,0.004807692307692308,low_candidate_dependency_proxy,1,109,70,0.9110576923076923,True,eligible,trace share with at least one feasible domestic or international inter-region submarine-corridor candidate; not actual cable use or traffic dependency
BR,coastal_mainland_or_mixed,catalog_default_alpha2_rule,resolved_entry_only,379,379,2,2,0,0,0.005277044854881266,0.005277044854881266,0.005277044854881266,0.0,0.0,0.005277044854881266,low_candidate_dependency_proxy,1,101,66,1.0,True,eligible,trace share with at least one feasible domestic or international inter-region submarine-corridor candidate; not actual cable use or traffic dependency
BT,landlocked,catalog_landlocked_list,all_publicly_visible,7,4,4,4,0,4,0.5714285714285714,1.0,0.5714285714285714,0.0,0.5714285714285714,0.5714285714285714,very_high_candidate_dependency_proxy,1,2,2,0.5714285714285714,False,"insufficient_minimum_mappable_traces,minimum_unique_probes,minimum_unique_probe_asns",trace share with at least one feasible domestic or international inter-region submarine-corridor candidate; not actual cable use or traffic dependency
BT,landlocked,catalog_landlocked_list,resolved_entry_only,4,4,4,4,0,4,1.0,1.0,1.0,0.0,1.0,1.0,very_high_candidate_dependency_proxy,1,1,1,1.0,False,"insufficient_minimum_mappable_traces,minimum_unique_probes,minimum_unique_probe_asns",trace share with at least one feasible domestic or international inter-region submarine-corridor candidate; not actual cable use or traffic dependency
BW,landlocked,catalog_landlocked_list,all_publicly_visible,4,4,0,0,0,0,0.0,0.0,0.0,0.0,0.0,0.0,no_observed_inter_region_candidate_exposure,1,1,1,1.0,False,"insufficient_minimum_mappable_traces,minimum_unique_probes,minimum_unique_probe_asns",trace share with at least one feasible domestic or international inter-region submarine-corridor candidate; not actual cable use or traffic dependency
BW,landlocked,catalog_landlocked_list,resolved_entry_only,4,4,0,0,0,0,0.0,0.0,0.0,0.0,0.0,0.0,no_observed_inter_region_candidate_exposure,1,1,1,1.0,False,"insufficient_minimum_mappable_traces,minimum_unique_probes,minimum_unique_probe_asns",trace share with at least one feasible domestic or international inter-region submarine-corridor candidate; not actual cable use or traffic dependency
BY,landlocked,catalog_landlocked_list,all_publicly_visible,102,101,0,0,0,0,0.0,0.0,0.0,0.0,0.0,0.0,no_observed_inter_region_candidate_exposure,1,26,14,0.9901960784313726,True,eligible,trace share with at least one feasible domestic or international inter-region submarine-corridor candidate; not actual cable use or traffic dependency
BY,landlocked,catalog_landlocked_list,resolved_entry_only,101,101,0,0,0,0,0.0,0.0,0.0,0.0,0.0,0.0,no_observed_inter_region_candidate_exposure,1,26,14,1.0,True,eligible,trace share with at least one feasible domestic or international inter-region submarine-corridor candidate; not actual cable use or traffic dependency
CA,coastal_mainland_or_mixed,catalog_default_alpha2_rule,all_publicly_visible,1200,1171,177,153,24,161,0.1475,0.1511528608027327,0.1275,0.02,0.13416666666666666,0.1475,moderate_candidate_dependency_proxy,1,309,95,0.9758333333333333,True,eligible,trace share with at least one feasible domestic or international inter-region submarine-corridor candidate; not actual cable use or traffic dependency
CA,coastal_mainland_or_mixed,catalog_default_alpha2_rule,resolved_entry_only,1171,1171,177,153,24,161,0.1511528608027327,0.1511528608027327,0.13065755764304013,0.02049530315969257,0.13748932536293765,0.1511528608027327,high_candidate_dependency_proxy,1,305,93,1.0,True,eligible,trace share with at least one feasible domestic or international inter-region submarine-corridor candidate; not actual cable use or traffic dependency
CD,coastal_mainland_or_mixed,catalog_default_alpha2_rule,all_publicly_visible,12,12,2,0,2,0,0.16666666666666666,0.16666666666666666,0.0,0.16666666666666666,0.0,0.16666666666666666,high_candidate_dependency_proxy,1,3,3,1.0,False,"insufficient_minimum_mappable_traces,minimum_unique_probes",trace share with at least one feasible domestic or international inter-region submarine-corridor candidate; not actual cable use or traffic dependency
CD,coastal_mainland_or_mixed,catalog_default_alpha2_rule,resolved_entry_only,12,12,2,0,2,0,0.16666666666666666,0.16666666666666666,0.0,0.16666666666666666,0.0,0.16666666666666666,high_candidate_dependency_proxy,1,3,3,1.0,False,"insufficient_minimum_mappable_traces,minimum_unique_probes",trace share with at least one feasible domestic or international inter-region submarine-corridor candidate; not actual cable use or traffic dependency
CG,coastal_mainland_or_mixed,catalog_default_alpha2_rule,all_publicly_visible,9,9,0,0,0,0,0.0,0.0,0.0,0.0,0.0,0.0,no_observed_inter_region_candidate_exposure,1,3,2,1.0,False,"insufficient_minimum_mappable_traces,minimum_unique_probes,minimum_unique_probe_asns",trace share with at least one feasible domestic or international inter-region submarine-corridor candidate; not actual cable use or traffic dependency
CG,coastal_mainland_or_mixed,catalog_default_alpha2_rule,resolved_entry_only,9,9,0,0,0,0,0.0,0.0,0.0,0.0,0.0,0.0,no_observed_inter_region_candidate_exposure,1,3,2,1.0,False,"insufficient_minimum_mappable_traces,minimum_unique_probes,minimum_unique_probe_asns",trace share with at least one feasible domestic or international inter-region submarine-corridor candidate; not actual cable use or traffic dependency
CH,landlocked,catalog_landlocked_list,all_publicly_visible,1316,1280,0,0,0,67,0.0,0.0,0.0,0.0,0.050911854103343465,0.0,no_observed_inter_region_candidate_exposure,1,342,86,0.9726443768996961,True,eligible,trace share with at least one feasible domestic or international inter-region submarine-corridor candidate; not actual cable use or traffic dependency
CH,landlocked,catalog_landlocked_list,resolved_entry_only,1280,1280,0,0,0,67,0.0,0.0,0.0,0.0,0.05234375,0.0,no_observed_inter_region_candidate_exposure,1,335,83,1.0,True,eligible,trace share with at least one feasible domestic or international inter-region submarine-corridor candidate; not actual cable use or traffic dependency
CI,coastal_mainland_or_mixed,catalog_default_alpha2_rule,all_publicly_visible,7,7,2,0,2,1,0.2857142857142857,0.2857142857142857,0.0,0.2857142857142857,0.14285714285714285,0.2857142857142857,high_candidate_dependency_proxy,1,2,2,1.0,False,"insufficient_minimum_mappable_traces,minimum_unique_probes,minimum_unique_probe_asns",trace share with at least one feasible domestic or international inter-region submarine-corridor candidate; not actual cable use or traffic dependency
CI,coastal_mainland_or_mixed,catalog_default_alpha2_rule,resolved_entry_only,7,7,2,0,2,1,0.2857142857142857,0.2857142857142857,0.0,0.2857142857142857,0.14285714285714285,0.2857142857142857,high_candidate_dependency_proxy,1,2,2,1.0,False,"insufficient_minimum_mappable_traces,minimum_unique_probes,minimum_unique_probe_asns",trace share with at least one feasible domestic or international inter-region submarine-corridor candidate; not actual cable use or traffic dependency
CK,island_or_archipelagic,catalog_island_or_archipelagic_list,all_publicly_visible,4,4,0,0,0,4,0.0,0.0,0.0,0.0,1.0,0.0,no_observed_inter_region_candidate_exposure,1,1,1,1.0,False,"insufficient_minimum_mappable_traces,minimum_unique_probes,minimum_unique_probe_asns",trace share with at least one feasible domestic or international inter-region submarine-corridor candidate; not actual cable use or traffic dependency
CK,island_or_archipelagic,catalog_island_or_archipelagic_list,resolved_entry_only,4,4,0,0,0,4,0.0,0.0,0.0,0.0,1.0,0.0,no_observed_inter_region_candidate_exposure,1,1,1,1.0,False,"insufficient_minimum_mappable_traces,minimum_unique_probes,minimum_unique_probe_asns",trace share with at least one feasible domestic or international inter-region submarine-corridor candidate; not actual cable use or traffic dependency
CL,coastal_mainland_or_mixed,catalog_default_alpha2_rule,all_publicly_visible,319,267,0,0,0,0,0.0,0.0,0.0,0.0,0.0,0.0,no_observed_inter_region_candidate_exposure,1,87,37,0.8338557993730408,True,eligible,trace share with at least one feasible domestic or international inter-region submarine-corridor candidate; not actual cable use or traffic dependency
CL,coastal_mainland_or_mixed,catalog_default_alpha2_rule,resolved_entry_only,266,266,0,0,0,0,0.0,0.0,0.0,0.0,0.0,0.0,no_observed_inter_region_candidate_exposure,1,82,35,1.0,True,eligible,trace share with at least one feasible domestic or international inter-region submarine-corridor candidate; not actual cable use or traffic dependency
CM,coastal_mainland_or_mixed,catalog_default_alpha2_rule,all_publicly_visible,7,7,3,0,3,0,0.42857142857142855,0.42857142857142855,0.0,0.42857142857142855,0.0,0.42857142857142855,very_high_candidate_dependency_proxy,1,2,2,1.0,False,"insufficient_minimum_mappable_traces,minimum_unique_probes,minimum_unique_probe_asns",trace share with at least one feasible domestic or international inter-region submarine-corridor candidate; not actual cable use or traffic dependency
CM,coastal_mainland_or_mixed,catalog_default_alpha2_rule,resolved_entry_only,7,7,3,0,3,0,0.42857142857142855,0.42857142857142855,0.0,0.42857142857142855,0.0,0.42857142857142855,very_high_candidate_dependency_proxy,1,2,2,1.0,False,"insufficient_minimum_mappable_traces,minimum_unique_probes,minimum_unique_probe_asns",trace share with at least one feasible domestic or international inter-region submarine-corridor candidate; not actual cable use or traffic dependency
CN,coastal_mainland_or_mixed,catalog_default_alpha2_rule,all_publicly_visible,306,196,18,16,14,46,0.058823529411764705,0.09183673469387756,0.05228758169934641,0.0457516339869281,0.1503267973856209,0.058823529411764705,moderate_candidate_dependency_proxy,1,78,27,0.12745098039215685,True,eligible,trace share with at least one feasible domestic or international inter-region submarine-corridor candidate; not actual cable use or traffic dependency
CN,coastal_mainland_or_mixed,catalog_default_alpha2_rule,resolved_entry_only,39,39,16,14,13,28,0.41025641025641024,0.41025641025641024,0.358974358974359,0.3333333333333333,0.717948717948718,0.41025641025641024,very_high_candidate_dependency_proxy,1,17,13,1.0,True,eligible,trace share with at least one feasible domestic or international inter-region submarine-corridor candidate; not actual cable use or traffic dependency
CO,coastal_mainland_or_mixed,catalog_default_alpha2_rule,all_publicly_visible,153,144,0,0,0,0,0.0,0.0,0.0,0.0,0.0,0.0,no_observed_inter_region_candidate_exposure,1,42,28,0.9411764705882353,True,eligible,trace share with at least one feasible domestic or international inter-region submarine-corridor candidate; not actual cable use or traffic dependency
CO,coastal_mainland_or_mixed,catalog_default_alpha2_rule,resolved_entry_only,144,144,0,0,0,0,0.0,0.0,0.0,0.0,0.0,0.0,no_observed_inter_region_candidate_exposure,1,41,28,1.0,True,eligible,trace share with at least one feasible domestic or international inter-region submarine-corridor candidate; not actual cable use or traffic dependency
CR,coastal_mainland_or_mixed,catalog_default_alpha2_rule,all_publicly_visible,64,47,3,0,3,0,0.046875,0.06382978723404255,0.0,0.046875,0.0,0.046875,low_candidate_dependency_proxy,1,17,9,0.734375,True,eligible,trace share with at least one feasible domestic or international inter-region submarine-corridor candidate; not actual cable use or traffic dependency
CR,coastal_mainland_or_mixed,catalog_default_alpha2_rule,resolved_entry_only,47,47,3,0,3,0,0.06382978723404255,0.06382978723404255,0.0,0.06382978723404255,0.0,0.06382978723404255,moderate_candidate_dependency_proxy,1,13,9,1.0,True,eligible,trace share with at least one feasible domestic or international inter-region submarine-corridor candidate; not actual cable use or traffic dependency
CU,island_or_archipelagic,catalog_island_or_archipelagic_list,all_publicly_visible,4,2,0,0,0,0,0.0,0.0,0.0,0.0,0.0,0.0,no_observed_inter_region_candidate_exposure,1,1,1,0.5,False,"insufficient_minimum_mappable_traces,minimum_unique_probes,minimum_unique_probe_asns",trace share with at least one feasible domestic or international inter-region submarine-corridor candidate; not actual cable use or traffic dependency
CU,island_or_archipelagic,catalog_island_or_archipelagic_list,resolved_entry_only,2,2,0,0,0,0,0.0,0.0,0.0,0.0,0.0,0.0,no_observed_inter_region_candidate_exposure,1,1,1,1.0,False,"insufficient_minimum_mappable_traces,minimum_unique_probes,minimum_unique_probe_asns",trace share with at least one feasible domestic or international inter-region submarine-corridor candidate; not actual cable use or traffic dependency
CV,island_or_archipelagic,catalog_island_or_archipelagic_list,all_publicly_visible,13,10,0,0,0,0,0.0,0.0,0.0,0.0,0.0,0.0,no_observed_inter_region_candidate_exposure,1,4,2,0.7692307692307693,False,"insufficient_minimum_mappable_traces,minimum_unique_probes,minimum_unique_probe_asns",trace share with at least one feasible domestic or international inter-region submarine-corridor candidate; not actual cable use or traffic dependency
CV,island_or_archipelagic,catalog_island_or_archipelagic_list,resolved_entry_only,10,10,0,0,0,0,0.0,0.0,0.0,0.0,0.0,0.0,no_observed_inter_region_candidate_exposure,1,3,1,1.0,False,"insufficient_minimum_mappable_traces,minimum_unique_probes,minimum_unique_probe_asns",trace share with at least one feasible domestic or international inter-region submarine-corridor candidate; not actual cable use or traffic dependency
CW,island_or_archipelagic,catalog_island_or_archipelagic_list,all_publicly_visible,7,7,3,0,3,0,0.42857142857142855,0.42857142857142855,0.0,0.42857142857142855,0.0,0.42857142857142855,very_high_candidate_dependency_proxy,1,2,2,1.0,False,"insufficient_minimum_mappable_traces,minimum_unique_probes,minimum_unique_probe_asns",trace share with at least one feasible domestic or international inter-region submarine-corridor candidate; not actual cable use or traffic dependency
CW,island_or_archipelagic,catalog_island_or_archipelagic_list,resolved_entry_only,7,7,3,0,3,0,0.42857142857142855,0.42857142857142855,0.0,0.42857142857142855,0.0,0.42857142857142855,very_high_candidate_dependency_proxy,1,2,2,1.0,False,"insufficient_minimum_mappable_traces,minimum_unique_probes,minimum_unique_probe_asns",trace share with at least one feasible domestic or international inter-region submarine-corridor candidate; not actual cable use or traffic dependency
CY,island_or_archipelagic,catalog_island_or_archipelagic_list,all_publicly_visible,48,47,29,0,29,0,0.6041666666666666,0.6170212765957447,0.0,0.6041666666666666,0.0,0.6041666666666666,very_high_candidate_dependency_proxy,1,13,7,0.9791666666666666,True,eligible,trace share with at least one feasible domestic or international inter-region submarine-corridor candidate; not actual cable use or traffic dependency
CY,island_or_archipelagic,catalog_island_or_archipelagic_list,resolved_entry_only,47,47,29,0,29,0,0.6170212765957447,0.6170212765957447,0.0,0.6170212765957447,0.0,0.6170212765957447,very_high_candidate_dependency_proxy,1,13,7,1.0,True,eligible,trace share with at least one feasible domestic or international inter-region submarine-corridor candidate; not actual cable use or traffic dependency
CZ,landlocked,catalog_landlocked_list,all_publicly_visible,1102,1082,0,0,0,0,0.0,0.0,0.0,0.0,0.0,0.0,no_observed_inter_region_candidate_exposure,1,284,112,0.9818511796733213,True,eligible,trace share with at least one feasible domestic or international inter-region submarine-corridor candidate; not actual cable use or traffic dependency
CZ,landlocked,catalog_landlocked_list,resolved_entry_only,1082,1082,0,0,0,0,0.0,0.0,0.0,0.0,0.0,0.0,no_observed_inter_region_candidate_exposure,1,281,112,1.0,True,eligible,trace share with at least one feasible domestic or international inter-region submarine-corridor candidate; not actual cable use or traffic dependency
DE,coastal_mainland_or_mixed,catalog_default_alpha2_rule,all_publicly_visible,6980,6773,4,0,4,51,0.0005730659025787965,0.0005905802450908018,0.0,0.0005730659025787965,0.007306590257879656,0.0005730659025787965,low_candidate_dependency_proxy,1,1800,407,0.9697707736389685,True,eligible,trace share with at least one feasible domestic or international inter-region submarine-corridor candidate; not actual cable use or traffic dependency
DE,coastal_mainland_or_mixed,catalog_default_alpha2_rule,resolved_entry_only,6769,6769,4,0,4,51,0.0005909292362239622,0.0005909292362239622,0.0,0.0005909292362239622,0.007534347761855518,0.0005909292362239622,low_candidate_dependency_proxy,1,1760,400,1.0,True,eligible,trace share with at least one feasible domestic or international inter-region submarine-corridor candidate; not actual cable use or traffic dependency
DJ,coastal_mainland_or_mixed,catalog_default_alpha2_rule,all_publicly_visible,10,10,9,0,9,0,0.9,0.9,0.0,0.9,0.0,0.9,very_high_candidate_dependency_proxy,1,3,2,1.0,False,"insufficient_minimum_mappable_traces,minimum_unique_probes,minimum_unique_probe_asns",trace share with at least one feasible domestic or international inter-region submarine-corridor candidate; not actual cable use or traffic dependency
DJ,coastal_mainland_or_mixed,catalog_default_alpha2_rule,resolved_entry_only,10,10,9,0,9,0,0.9,0.9,0.0,0.9,0.0,0.9,very_high_candidate_dependency_proxy,1,3,2,1.0,False,"insufficient_minimum_mappable_traces,minimum_unique_probes,minimum_unique_probe_asns",trace share with at least one feasible domestic or international inter-region submarine-corridor candidate; not actual cable use or traffic dependency
DK,coastal_mainland_or_mixed,catalog_default_alpha2_rule,all_publicly_visible,422,406,4,4,0,340,0.009478672985781991,0.009852216748768473,0.009478672985781991,0.0,0.8056872037914692,0.009478672985781991,low_candidate_dependency_proxy,1,109,36,0.9620853080568721,True,eligible,trace share with at least one feasible domestic or international inter-region submarine-corridor candidate; not actual cable use or traffic dependency
DK,coastal_mainland_or_mixed,catalog_default_alpha2_rule,resolved_entry_only,406,406,4,4,0,340,0.009852216748768473,0.009852216748768473,0.009852216748768473,0.0,0.8374384236453202,0.009852216748768473,low_candidate_dependency_proxy,1,105,35,1.0,True,eligible,trace share with at least one feasible domestic or international inter-region submarine-corridor candidate; not actual cable use or traffic dependency
DO,island_or_archipelagic,catalog_island_or_archipelagic_list,all_publicly_visible,30,30,15,0,15,0,0.5,0.5,0.0,0.5,0.0,0.5,very_high_candidate_dependency_proxy,1,9,7,1.0,False,insufficient_minimum_unique_probes,trace share with at least one feasible domestic or international inter-region submarine-corridor candidate; not actual cable use or traffic dependency
DO,island_or_archipelagic,catalog_island_or_archipelagic_list,resolved_entry_only,30,30,15,0,15,0,0.5,0.5,0.0,0.5,0.0,0.5,very_high_candidate_dependency_proxy,1,9,7,1.0,False,insufficient_minimum_unique_probes,trace share with at least one feasible domestic or international inter-region submarine-corridor candidate; not actual cable use or traffic dependency
DZ,coastal_mainland_or_mixed,catalog_default_alpha2_rule,all_publicly_visible,4,1,0,0,0,0,0.0,0.0,0.0,0.0,0.0,0.0,no_observed_inter_region_candidate_exposure,1,1,1,0.25,False,"insufficient_minimum_mappable_traces,minimum_unique_probes,minimum_unique_probe_asns",trace share with at least one feasible domestic or international inter-region submarine-corridor candidate; not actual cable use or traffic dependency
DZ,coastal_mainland_or_mixed,catalog_default_alpha2_rule,resolved_entry_only,1,1,0,0,0,0,0.0,0.0,0.0,0.0,0.0,0.0,no_observed_inter_region_candidate_exposure,1,1,1,1.0,False,"insufficient_minimum_mappable_traces,minimum_unique_probes,minimum_unique_probe_asns",trace share with at least one feasible domestic or international inter-region submarine-corridor candidate; not actual cable use or traffic dependency
EC,coastal_mainland_or_mixed,catalog_default_alpha2_rule,all_publicly_visible,102,71,0,0,0,0,0.0,0.0,0.0,0.0,0.0,0.0,no_observed_inter_region_candidate_exposure,1,27,20,0.696078431372549,True,eligible,trace share with at least one feasible domestic or international inter-region submarine-corridor candidate; not actual cable use or traffic dependency
EC,coastal_mainland_or_mixed,catalog_default_alpha2_rule,resolved_entry_only,71,71,0,0,0,0,0.0,0.0,0.0,0.0,0.0,0.0,no_observed_inter_region_candidate_exposure,1,21,17,1.0,True,eligible,trace share with at least one feasible domestic or international inter-region submarine-corridor candidate; not actual cable use or traffic dependency
EE,coastal_mainland_or_mixed,catalog_default_alpha2_rule,all_publicly_visible,158,139,128,0,128,0,0.810126582278481,0.920863309352518,0.0,0.810126582278481,0.0,0.810126582278481,very_high_candidate_dependency_proxy,1,43,22,0.8734177215189873,True,eligible,trace share with at least one feasible domestic or international inter-region submarine-corridor candidate; not actual cable use or traffic dependency
EE,coastal_mainland_or_mixed,catalog_default_alpha2_rule,resolved_entry_only,138,138,127,0,127,0,0.9202898550724637,0.9202898550724637,0.0,0.9202898550724637,0.0,0.9202898550724637,very_high_candidate_dependency_proxy,1,38,19,1.0,True,eligible,trace share with at least one feasible domestic or international inter-region submarine-corridor candidate; not actual cable use or traffic dependency
EG,coastal_mainland_or_mixed,catalog_default_alpha2_rule,all_publicly_visible,11,10,0,0,0,0,0.0,0.0,0.0,0.0,0.0,0.0,no_observed_inter_region_candidate_exposure,1,3,2,0.9090909090909091,False,"insufficient_minimum_mappable_traces,minimum_unique_probes,minimum_unique_probe_asns",trace share with at least one feasible domestic or international inter-region submarine-corridor candidate; not actual cable use or traffic dependency
EG,coastal_mainland_or_mixed,catalog_default_alpha2_rule,resolved_entry_only,10,10,0,0,0,0,0.0,0.0,0.0,0.0,0.0,0.0,no_observed_inter_region_candidate_exposure,1,3,2,1.0,False,"insufficient_minimum_mappable_traces,minimum_unique_probes,minimum_unique_probe_asns",trace share with at least one feasible domestic or international inter-region submarine-corridor candidate; not actual cable use or traffic dependency
ES,coastal_mainland_or_mixed,catalog_default_alpha2_rule,all_publicly_visible,958,850,12,7,5,15,0.012526096033402923,0.01411764705882353,0.007306889352818371,0.005219206680584551,0.015657620041753653,0.012526096033402923,low_candidate_dependency_proxy,1,250,79,0.8862212943632568,True,eligible,trace share with at least one feasible domestic or international inter-region submarine-corridor candidate; not actual cable use or traffic dependency
ES,coastal_mainland_or_mixed,catalog_default_alpha2_rule,resolved_entry_only,849,849,12,7,5,15,0.014134275618374558,0.014134275618374558,0.008244994110718492,0.005889281507656066,0.0176678445229682,0.014134275618374558,low_candidate_dependency_proxy,1,231,74,1.0,True,eligible,trace share with at least one feasible domestic or international inter-region submarine-corridor candidate; not actual cable use or traffic dependency
ET,landlocked,catalog_landlocked_list,all_publicly_visible,4,4,2,0,2,0,0.5,0.5,0.0,0.5,0.0,0.5,very_high_candidate_dependency_proxy,1,1,1,0.0,False,"insufficient_minimum_mappable_traces,minimum_unique_probes,minimum_unique_probe_asns",trace share with at least one feasible domestic or international inter-region submarine-corridor candidate; not actual cable use or traffic dependency
ET,landlocked,catalog_landlocked_list,resolved_entry_only,0,0,0,0,0,0,,,,,,,unknown_candidate_dependency_proxy,0,0,0,,False,"insufficient_minimum_mappable_traces,minimum_unique_probes,minimum_unique_probe_asns",trace share with at least one feasible domestic or international inter-region submarine-corridor candidate; not actual cable use or traffic dependency
FI,coastal_mainland_or_mixed,catalog_default_alpha2_rule,all_publicly_visible,672,648,119,38,81,0,0.17708333333333334,0.18364197530864199,0.05654761904761905,0.12053571428571429,0.0,0.17708333333333334,high_candidate_dependency_proxy,1,177,62,0.9642857142857143,True,eligible,trace share with at least one feasible domestic or international inter-region submarine-corridor candidate; not actual cable use or traffic dependency
FI,coastal_mainland_or_mixed,catalog_default_alpha2_rule,resolved_entry_only,648,648,119,38,81,0,0.18364197530864199,0.18364197530864199,0.05864197530864197,0.125,0.0,0.18364197530864199,high_candidate_dependency_proxy,1,171,61,1.0,True,eligible,trace share with at least one feasible domestic or international inter-region submarine-corridor candidate; not actual cable use or traffic dependency
FJ,island_or_archipelagic,catalog_island_or_archipelagic_list,all_publicly_visible,8,4,0,0,0,4,0.0,0.0,0.0,0.0,0.5,0.0,no_observed_inter_region_candidate_exposure,1,2,2,0.5,False,"insufficient_minimum_mappable_traces,minimum_unique_probes,minimum_unique_probe_asns",trace share with at least one feasible domestic or international inter-region submarine-corridor candidate; not actual cable use or traffic dependency
FJ,island_or_archipelagic,catalog_island_or_archipelagic_list,resolved_entry_only,4,4,0,0,0,4,0.0,0.0,0.0,0.0,1.0,0.0,no_observed_inter_region_candidate_exposure,1,1,1,1.0,False,"insufficient_minimum_mappable_traces,minimum_unique_probes,minimum_unique_probe_asns",trace share with at least one feasible domestic or international inter-region submarine-corridor candidate; not actual cable use or traffic dependency
FM,island_or_archipelagic,catalog_island_or_archipelagic_list,all_publicly_visible,7,7,0,0,0,6,0.0,0.0,0.0,0.0,0.8571428571428571,0.0,no_observed_inter_region_candidate_exposure,1,3,1,1.0,False,"insufficient_minimum_mappable_traces,minimum_unique_probes,minimum_unique_probe_asns",trace share with at least one feasible domestic or international inter-region submarine-corridor candidate; not actual cable use or traffic dependency
FM,island_or_archipelagic,catalog_island_or_archipelagic_list,resolved_entry_only,7,7,0,0,0,6,0.0,0.0,0.0,0.0,0.8571428571428571,0.0,no_observed_inter_region_candidate_exposure,1,3,1,1.0,False,"insufficient_minimum_mappable_traces,minimum_unique_probes,minimum_unique_probe_asns",trace share with at least one feasible domestic or international inter-region submarine-corridor candidate; not actual cable use or traffic dependency
FR,coastal_mainland_or_mixed,catalog_default_alpha2_rule,all_publicly_visible,4146,3996,0,0,0,0,0.0,0.0,0.0,0.0,0.0,0.0,no_observed_inter_region_candidate_exposure,1,1069,179,0.9626145682585625,True,eligible,trace share with at least one feasible domestic or international inter-region submarine-corridor candidate; not actual cable use or traffic dependency
FR,coastal_mainland_or_mixed,catalog_default_alpha2_rule,resolved_entry_only,3991,3991,0,0,0,0,0.0,0.0,0.0,0.0,0.0,0.0,no_observed_inter_region_candidate_exposure,1,1045,173,1.0,True,eligible,trace share with at least one feasible domestic or international inter-region submarine-corridor candidate; not actual cable use or traffic dependency
GB,island_or_archipelagic,catalog_island_or_archipelagic_list,all_publicly_visible,2344,2165,0,0,0,10,0.0,0.0,0.0,0.0,0.004266211604095563,0.0,no_observed_inter_region_candidate_exposure,1,607,204,0.9236348122866894,True,eligible,trace share with at least one feasible domestic or international inter-region submarine-corridor candidate; not actual cable use or traffic dependency
GB,island_or_archipelagic,catalog_island_or_archipelagic_list,resolved_entry_only,2165,2165,0,0,0,10,0.0,0.0,0.0,0.0,0.004618937644341801,0.0,no_observed_inter_region_candidate_exposure,1,571,196,1.0,True,eligible,trace share with at least one feasible domestic or international inter-region submarine-corridor candidate; not actual cable use or traffic dependency
GE,coastal_mainland_or_mixed,catalog_default_alpha2_rule,all_publicly_visible,62,61,0,0,0,0,0.0,0.0,0.0,0.0,0.0,0.0,no_observed_inter_region_candidate_exposure,1,16,11,0.9838709677419355,True,eligible,trace share with at least one feasible domestic or international inter-region submarine-corridor candidate; not actual cable use or traffic dependency
GE,coastal_mainland_or_mixed,catalog_default_alpha2_rule,resolved_entry_only,61,61,0,0,0,0,0.0,0.0,0.0,0.0,0.0,0.0,no_observed_inter_region_candidate_exposure,1,16,11,1.0,True,eligible,trace share with at least one feasible domestic or international inter-region submarine-corridor candidate; not actual cable use or traffic dependency
GF,coastal_mainland_or_mixed,catalog_default_alpha2_rule,all_publicly_visible,4,4,0,0,0,0,0.0,0.0,0.0,0.0,0.0,0.0,no_observed_inter_region_candidate_exposure,1,1,1,1.0,False,"insufficient_minimum_mappable_traces,minimum_unique_probes,minimum_unique_probe_asns",trace share with at least one feasible domestic or international inter-region submarine-corridor candidate; not actual cable use or traffic dependency
GF,coastal_mainland_or_mixed,catalog_default_alpha2_rule,resolved_entry_only,4,4,0,0,0,0,0.0,0.0,0.0,0.0,0.0,0.0,no_observed_inter_region_candidate_exposure,1,1,1,1.0,False,"insufficient_minimum_mappable_traces,minimum_unique_probes,minimum_unique_probe_asns",trace share with at least one feasible domestic or international inter-region submarine-corridor candidate; not actual cable use or traffic dependency
GG,island_or_archipelagic,catalog_island_or_archipelagic_list,all_publicly_visible,3,3,3,3,0,3,1.0,1.0,1.0,0.0,1.0,1.0,very_high_candidate_dependency_proxy,1,1,1,1.0,False,"insufficient_minimum_mappable_traces,minimum_unique_probes,minimum_unique_probe_asns",trace share with at least one feasible domestic or international inter-region submarine-corridor candidate; not actual cable use or traffic dependency
GG,island_or_archipelagic,catalog_island_or_archipelagic_list,resolved_entry_only,3,3,3,3,0,3,1.0,1.0,1.0,0.0,1.0,1.0,very_high_candidate_dependency_proxy,1,1,1,1.0,False,"insufficient_minimum_mappable_traces,minimum_unique_probes,minimum_unique_probe_asns",trace share with at least one feasible domestic or international inter-region submarine-corridor candidate; not actual cable use or traffic dependency
GH,coastal_mainland_or_mixed,catalog_default_alpha2_rule,all_publicly_visible,10,10,4,0,4,0,0.4,0.4,0.0,0.4,0.0,0.4,very_high_candidate_dependency_proxy,1,3,3,1.0,False,"insufficient_minimum_mappable_traces,minimum_unique_probes",trace share with at least one feasible domestic or international inter-region submarine-corridor candidate; not actual cable use or traffic dependency
GH,coastal_mainland_or_mixed,catalog_default_alpha2_rule,resolved_entry_only,10,10,4,0,4,0,0.4,0.4,0.0,0.4,0.0,0.4,very_high_candidate_dependency_proxy,1,3,3,1.0,False,"insufficient_minimum_mappable_traces,minimum_unique_probes",trace share with at least one feasible domestic or international inter-region submarine-corridor candidate; not actual cable use or traffic dependency
GP,island_or_archipelagic,catalog_island_or_archipelagic_list,all_publicly_visible,8,8,4,4,0,4,0.5,0.5,0.5,0.0,0.5,0.5,very_high_candidate_dependency_proxy,1,2,2,1.0,False,"insufficient_minimum_mappable_traces,minimum_unique_probes,minimum_unique_probe_asns",trace share with at least one feasible domestic or international inter-region submarine-corridor candidate; not actual cable use or traffic dependency
GP,island_or_archipelagic,catalog_island_or_archipelagic_list,resolved_entry_only,8,8,4,4,0,4,0.5,0.5,0.5,0.0,0.5,0.5,very_high_candidate_dependency_proxy,1,2,2,1.0,False,"insufficient_minimum_mappable_traces,minimum_unique_probes,minimum_unique_probe_asns",trace share with at least one feasible domestic or international inter-region submarine-corridor candidate; not actual cable use or traffic dependency
GQ,coastal_mainland_or_mixed,catalog_default_alpha2_rule,all_publicly_visible,4,4,0,0,0,4,0.0,0.0,0.0,0.0,1.0,0.0,no_observed_inter_region_candidate_exposure,1,1,1,1.0,False,"insufficient_minimum_mappable_traces,minimum_unique_probes,minimum_unique_probe_asns",trace share with at least one feasible domestic or international inter-region submarine-corridor candidate; not actual cable use or traffic dependency
GQ,coastal_mainland_or_mixed,catalog_default_alpha2_rule,resolved_entry_only,4,4,0,0,0,4,0.0,0.0,0.0,0.0,1.0,0.0,no_observed_inter_region_candidate_exposure,1,1,1,1.0,False,"insufficient_minimum_mappable_traces,minimum_unique_probes,minimum_unique_probe_asns",trace share with at least one feasible domestic or international inter-region submarine-corridor candidate; not actual cable use or traffic dependency
GR,coastal_mainland_or_mixed,catalog_default_alpha2_rule,all_publicly_visible,289,263,0,0,0,0,0.0,0.0,0.0,0.0,0.0,0.0,no_observed_inter_region_candidate_exposure,1,76,25,0.9100346020761245,True,eligible,trace share with at least one feasible domestic or international inter-region submarine-corridor candidate; not actual cable use or traffic dependency
GR,coastal_mainland_or_mixed,catalog_default_alpha2_rule,resolved_entry_only,263,263,0,0,0,0,0.0,0.0,0.0,0.0,0.0,0.0,no_observed_inter_region_candidate_exposure,1,70,25,1.0,True,eligible,trace share with at least one feasible domestic or international inter-region submarine-corridor candidate; not actual cable use or traffic dependency
GT,coastal_mainland_or_mixed,catalog_default_alpha2_rule,all_publicly_visible,14,14,0,0,0,0,0.0,0.0,0.0,0.0,0.0,0.0,no_observed_inter_region_candidate_exposure,1,4,3,1.0,False,"insufficient_minimum_mappable_traces,minimum_unique_probes",trace share with at least one feasible domestic or international inter-region submarine-corridor candidate; not actual cable use or traffic dependency
GT,coastal_mainland_or_mixed,catalog_default_alpha2_rule,resolved_entry_only,14,14,0,0,0,0,0.0,0.0,0.0,0.0,0.0,0.0,no_observed_inter_region_candidate_exposure,1,4,3,1.0,False,"insufficient_minimum_mappable_traces,minimum_unique_probes",trace share with at least one feasible domestic or international inter-region submarine-corridor candidate; not actual cable use or traffic dependency
GU,island_or_archipelagic,catalog_island_or_archipelagic_list,all_publicly_visible,32,32,4,4,1,25,0.125,0.125,0.125,0.03125,0.78125,0.125,moderate_candidate_dependency_proxy,1,9,5,1.0,False,insufficient_minimum_unique_probes,trace share with at least one feasible domestic or international inter-region submarine-corridor candidate; not actual cable use or traffic dependency
GU,island_or_archipelagic,catalog_island_or_archipelagic_list,resolved_entry_only,32,32,4,4,1,25,0.125,0.125,0.125,0.03125,0.78125,0.125,moderate_candidate_dependency_proxy,1,9,5,1.0,False,insufficient_minimum_unique_probes,trace share with at least one feasible domestic or international inter-region submarine-corridor candidate; not actual cable use or traffic dependency
HK,coastal_mainland_or_mixed,catalog_default_alpha2_rule,all_publicly_visible,257,237,40,38,22,188,0.1556420233463035,0.16877637130801687,0.14785992217898833,0.08560311284046693,0.7315175097276264,0.1556420233463035,high_candidate_dependency_proxy,1,65,39,0.9221789883268483,True,eligible,trace share with at least one feasible domestic or international inter-region submarine-corridor candidate; not actual cable use or traffic dependency
HK,coastal_mainland_or_mixed,catalog_default_alpha2_rule,resolved_entry_only,237,237,40,38,22,188,0.16877637130801687,0.16877637130801687,0.16033755274261605,0.09282700421940929,0.7932489451476793,0.16877637130801687,high_candidate_dependency_proxy,1,61,37,1.0,True,eligible,trace share with at least one feasible domestic or international inter-region submarine-corridor candidate; not actual cable use or traffic dependency
HN,coastal_mainland_or_mixed,catalog_default_alpha2_rule,all_publicly_visible,41,40,24,0,24,0,0.5853658536585366,0.6,0.0,0.5853658536585366,0.0,0.5853658536585366,very_high_candidate_dependency_proxy,1,11,8,0.975609756097561,True,eligible,trace share with at least one feasible domestic or international inter-region submarine-corridor candidate; not actual cable use or traffic dependency
HN,coastal_mainland_or_mixed,catalog_default_alpha2_rule,resolved_entry_only,40,40,24,0,24,0,0.6,0.6,0.0,0.6,0.0,0.6,very_high_candidate_dependency_proxy,1,11,8,1.0,True,eligible,trace share with at least one feasible domestic or international inter-region submarine-corridor candidate; not actual cable use or traffic dependency
HR,coastal_mainland_or_mixed,catalog_default_alpha2_rule,all_publicly_visible,178,178,0,0,0,0,0.0,0.0,0.0,0.0,0.0,0.0,no_observed_inter_region_candidate_exposure,1,47,22,1.0,True,eligible,trace share with at least one feasible domestic or international inter-region submarine-corridor candidate; not actual cable use or traffic dependency
HR,coastal_mainland_or_mixed,catalog_default_alpha2_rule,resolved_entry_only,178,178,0,0,0,0,0.0,0.0,0.0,0.0,0.0,0.0,no_observed_inter_region_candidate_exposure,1,47,22,1.0,True,eligible,trace share with at least one feasible domestic or international inter-region submarine-corridor candidate; not actual cable use or traffic dependency
HT,island_or_archipelagic,catalog_island_or_archipelagic_list,all_publicly_visible,4,4,0,0,0,0,0.0,0.0,0.0,0.0,0.0,0.0,no_observed_inter_region_candidate_exposure,1,1,1,1.0,False,"insufficient_minimum_mappable_traces,minimum_unique_probes,minimum_unique_probe_asns",trace share with at least one feasible domestic or international inter-region submarine-corridor candidate; not actual cable use or traffic dependency
HT,island_or_archipelagic,catalog_island_or_archipelagic_list,resolved_entry_only,4,4,0,0,0,0,0.0,0.0,0.0,0.0,0.0,0.0,no_observed_inter_region_candidate_exposure,1,1,1,1.0,False,"insufficient_minimum_mappable_traces,minimum_unique_probes,minimum_unique_probe_asns",trace share with at least one feasible domestic or international inter-region submarine-corridor candidate; not actual cable use or traffic dependency
HU,landlocked,catalog_landlocked_list,all_publicly_visible,219,211,0,0,0,0,0.0,0.0,0.0,0.0,0.0,0.0,no_observed_inter_region_candidate_exposure,1,56,21,0.9634703196347032,True,eligible,trace share with at least one feasible domestic or international inter-region submarine-corridor candidate; not actual cable use or traffic dependency
HU,landlocked,catalog_landlocked_list,resolved_entry_only,211,211,0,0,0,0,0.0,0.0,0.0,0.0,0.0,0.0,no_observed_inter_region_candidate_exposure,1,54,21,1.0,True,eligible,trace share with at least one feasible domestic or international inter-region submarine-corridor candidate; not actual cable use or traffic dependency
ID,island_or_archipelagic,catalog_island_or_archipelagic_list,all_publicly_visible,350,324,225,199,115,252,0.6428571428571429,0.6944444444444444,0.5685714285714286,0.32857142857142857,0.72,0.6428571428571429,very_high_candidate_dependency_proxy,1,93,66,0.9057142857142857,True,eligible,trace share with at least one feasible domestic or international inter-region submarine-corridor candidate; not actual cable use or traffic dependency
ID,island_or_archipelagic,catalog_island_or_archipelagic_list,resolved_entry_only,317,317,222,196,115,245,0.7003154574132492,0.7003154574132492,0.6182965299684543,0.3627760252365931,0.7728706624605678,0.7003154574132492,very_high_candidate_dependency_proxy,1,87,61,1.0,True,eligible,trace share with at least one feasible domestic or international inter-region submarine-corridor candidate; not actual cable use or traffic dependency
IE,island_or_archipelagic,catalog_island_or_archipelagic_list,all_publicly_visible,378,363,0,0,0,0,0.0,0.0,0.0,0.0,0.0,0.0,no_observed_inter_region_candidate_exposure,1,99,26,0.9603174603174603,True,eligible,trace share with at least one feasible domestic or international inter-region submarine-corridor candidate; not actual cable use or traffic dependency
IE,island_or_archipelagic,catalog_island_or_archipelagic_list,resolved_entry_only,363,363,0,0,0,0,0.0,0.0,0.0,0.0,0.0,0.0,no_observed_inter_region_candidate_exposure,1,96,25,1.0,True,eligible,trace share with at least one feasible domestic or international inter-region submarine-corridor candidate; not actual cable use or traffic dependency
IL,coastal_mainland_or_mixed,catalog_default_alpha2_rule,all_publicly_visible,133,115,62,62,3,62,0.46616541353383456,0.5391304347826087,0.46616541353383456,0.022556390977443608,0.46616541353383456,0.46616541353383456,very_high_candidate_dependency_proxy,1,35,13,0.8646616541353384,True,eligible,trace share with at least one feasible domestic or international inter-region submarine-corridor candidate; not actual cable use or traffic dependency
IL,coastal_mainland_or_mixed,catalog_default_alpha2_rule,resolved_entry_only,115,115,62,62,3,62,0.5391304347826087,0.5391304347826087,0.5391304347826087,0.02608695652173913,0.5391304347826087,0.5391304347826087,very_high_candidate_dependency_proxy,1,33,13,1.0,True,eligible,trace share with at least one feasible domestic or international inter-region submarine-corridor candidate; not actual cable use or traffic dependency
IM,island_or_archipelagic,catalog_island_or_archipelagic_list,all_publicly_visible,11,11,0,0,0,8,0.0,0.0,0.0,0.0,0.7272727272727273,0.0,no_observed_inter_region_candidate_exposure,1,3,3,1.0,False,"insufficient_minimum_mappable_traces,minimum_unique_probes",trace share with at least one feasible domestic or international inter-region submarine-corridor candidate; not actual cable use or traffic dependency
IM,island_or_archipelagic,catalog_island_or_archipelagic_list,resolved_entry_only,11,11,0,0,0,8,0.0,0.0,0.0,0.0,0.7272727272727273,0.0,no_observed_inter_region_candidate_exposure,1,3,3,1.0,False,"insufficient_minimum_mappable_traces,minimum_unique_probes",trace share with at least one feasible domestic or international inter-region submarine-corridor candidate; not actual cable use or traffic dependency
IN,coastal_mainland_or_mixed,catalog_default_alpha2_rule,all_publicly_visible,572,507,8,8,0,0,0.013986013986013986,0.015779092702169626,0.013986013986013986,0.0,0.0,0.013986013986013986,low_candidate_dependency_proxy,1,149,62,0.8846153846153846,True,eligible,trace share with at least one feasible domestic or international inter-region submarine-corridor candidate; not actual cable use or traffic dependency
IN,coastal_mainland_or_mixed,catalog_default_alpha2_rule,resolved_entry_only,506,506,8,8,0,0,0.015810276679841896,0.015810276679841896,0.015810276679841896,0.0,0.0,0.015810276679841896,low_candidate_dependency_proxy,1,137,56,1.0,True,eligible,trace share with at least one feasible domestic or international inter-region submarine-corridor candidate; not actual cable use or traffic dependency
IQ,coastal_mainland_or_mixed,catalog_default_alpha2_rule,all_publicly_visible,37,37,0,0,0,0,0.0,0.0,0.0,0.0,0.0,0.0,no_observed_inter_region_candidate_exposure,1,10,8,1.0,True,eligible,trace share with at least one feasible domestic or international inter-region submarine-corridor candidate; not actual cable use or traffic dependency
IQ,coastal_mainland_or_mixed,catalog_default_alpha2_rule,resolved_entry_only,37,37,0,0,0,0,0.0,0.0,0.0,0.0,0.0,0.0,no_observed_inter_region_candidate_exposure,1,10,8,1.0,True,eligible,trace share with at least one feasible domestic or international inter-region submarine-corridor candidate; not actual cable use or traffic dependency
IR,coastal_mainland_or_mixed,catalog_default_alpha2_rule,all_publicly_visible,170,53,0,0,0,0,0.0,0.0,0.0,0.0,0.0,0.0,no_observed_inter_region_candidate_exposure,1,45,23,0.31176470588235294,True,eligible,trace share with at least one feasible domestic or international inter-region submarine-corridor candidate; not actual cable use or traffic dependency
IR,coastal_mainland_or_mixed,catalog_default_alpha2_rule,resolved_entry_only,53,53,0,0,0,0,0.0,0.0,0.0,0.0,0.0,0.0,no_observed_inter_region_candidate_exposure,1,20,11,1.0,True,eligible,trace share with at least one feasible domestic or international inter-region submarine-corridor candidate; not actual cable use or traffic dependency
IS,island_or_archipelagic,catalog_island_or_archipelagic_list,all_publicly_visible,44,44,0,0,0,0,0.0,0.0,0.0,0.0,0.0,0.0,no_observed_inter_region_candidate_exposure,1,12,9,1.0,True,eligible,trace share with at least one feasible domestic or international inter-region submarine-corridor candidate; not actual cable use or traffic dependency
IS,island_or_archipelagic,catalog_island_or_archipelagic_list,resolved_entry_only,44,44,0,0,0,0,0.0,0.0,0.0,0.0,0.0,0.0,no_observed_inter_region_candidate_exposure,1,12,9,1.0,True,eligible,trace share with at least one feasible domestic or international inter-region submarine-corridor candidate; not actual cable use or traffic dependency
IT,coastal_mainland_or_mixed,catalog_default_alpha2_rule,all_publicly_visible,1318,1232,4,4,4,0,0.0030349013657056147,0.003246753246753247,0.0030349013657056147,0.0030349013657056147,0.0,0.0030349013657056147,low_candidate_dependency_proxy,1,341,115,0.9347496206373292,True,eligible,trace share with at least one feasible domestic or international inter-region submarine-corridor candidate; not actual cable use or traffic dependency
IT,coastal_mainland_or_mixed,catalog_default_alpha2_rule,resolved_entry_only,1232,1232,4,4,4,0,0.003246753246753247,0.003246753246753247,0.003246753246753247,0.003246753246753247,0.0,0.003246753246753247,low_candidate_dependency_proxy,1,323,113,1.0,True,eligible,trace share with at least one feasible domestic or international inter-region submarine-corridor candidate; not actual cable use or traffic dependency
JM,island_or_archipelagic,catalog_island_or_archipelagic_list,all_publicly_visible,24,24,4,4,0,16,0.16666666666666666,0.16666666666666666,0.16666666666666666,0.0,0.6666666666666666,0.16666666666666666,high_candidate_dependency_proxy,1,6,3,1.0,False,"insufficient_minimum_mappable_traces,minimum_unique_probes",trace share with at least one feasible domestic or international inter-region submarine-corridor candidate; not actual cable use or traffic dependency
JM,island_or_archipelagic,catalog_island_or_archipelagic_list,resolved_entry_only,24,24,4,4,0,16,0.16666666666666666,0.16666666666666666,0.16666666666666666,0.0,0.6666666666666666,0.16666666666666666,high_candidate_dependency_proxy,1,6,3,1.0,False,"insufficient_minimum_mappable_traces,minimum_unique_probes",trace share with at least one feasible domestic or international inter-region submarine-corridor candidate; not actual cable use or traffic dependency
JO,coastal_mainland_or_mixed,catalog_default_alpha2_rule,all_publicly_visible,15,4,0,0,0,0,0.0,0.0,0.0,0.0,0.0,0.0,no_observed_inter_region_candidate_exposure,1,4,4,0.26666666666666666,False,"insufficient_minimum_mappable_traces,minimum_unique_probes",trace share with at least one feasible domestic or international inter-region submarine-corridor candidate; not actual cable use or traffic dependency
JO,coastal_mainland_or_mixed,catalog_default_alpha2_rule,resolved_entry_only,4,4,0,0,0,0,0.0,0.0,0.0,0.0,0.0,0.0,no_observed_inter_region_candidate_exposure,1,2,2,1.0,False,"insufficient_minimum_mappable_traces,minimum_unique_probes,minimum_unique_probe_asns",trace share with at least one feasible domestic or international inter-region submarine-corridor candidate; not actual cable use or traffic dependency
JP,island_or_archipelagic,catalog_island_or_archipelagic_list,all_publicly_visible,1131,1049,0,0,0,2,0.0,0.0,0.0,0.0,0.0017683465959328027,0.0,no_observed_inter_region_candidate_exposure,1,289,118,0.9239610963748894,True,eligible,trace share with at least one feasible domestic or international inter-region submarine-corridor candidate; not actual cable use or traffic dependency
JP,island_or_archipelagic,catalog_island_or_archipelagic_list,resolved_entry_only,1045,1045,0,0,0,2,0.0,0.0,0.0,0.0,0.0019138755980861245,0.0,no_observed_inter_region_candidate_exposure,1,270,115,1.0,True,eligible,trace share with at least one feasible domestic or international inter-region submarine-corridor candidate; not actual cable use or traffic dependency
KE,coastal_mainland_or_mixed,catalog_default_alpha2_rule,all_publicly_visible,59,56,0,0,0,11,0.0,0.0,0.0,0.0,0.1864406779661017,0.0,no_observed_inter_region_candidate_exposure,1,16,10,0.9491525423728814,True,eligible,trace share with at least one feasible domestic or international inter-region submarine-corridor candidate; not actual cable use or traffic dependency
KE,coastal_mainland_or_mixed,catalog_default_alpha2_rule,resolved_entry_only,56,56,0,0,0,11,0.0,0.0,0.0,0.0,0.19642857142857142,0.0,no_observed_inter_region_candidate_exposure,1,15,10,1.0,True,eligible,trace share with at least one feasible domestic or international inter-region submarine-corridor candidate; not actual cable use or traffic dependency
KG,landlocked,catalog_landlocked_list,all_publicly_visible,72,65,0,0,0,0,0.0,0.0,0.0,0.0,0.0,0.0,no_observed_inter_region_candidate_exposure,1,22,12,0.8888888888888888,True,eligible,trace share with at least one feasible domestic or international inter-region submarine-corridor candidate; not actual cable use or traffic dependency
KG,landlocked,catalog_landlocked_list,resolved_entry_only,64,64,0,0,0,0,0.0,0.0,0.0,0.0,0.0,0.0,no_observed_inter_region_candidate_exposure,1,20,10,1.0,True,eligible,trace share with at least one feasible domestic or international inter-region submarine-corridor candidate; not actual cable use or traffic dependency
KH,coastal_mainland_or_mixed,catalog_default_alpha2_rule,all_publicly_visible,25,21,12,12,0,12,0.48,0.5714285714285714,0.48,0.0,0.48,0.48,very_high_candidate_dependency_proxy,1,7,7,0.84,False,"insufficient_minimum_mappable_traces,minimum_unique_probes",trace share with at least one feasible domestic or international inter-region submarine-corridor candidate; not actual cable use or traffic dependency
KH,coastal_mainland_or_mixed,catalog_default_alpha2_rule,resolved_entry_only,21,21,12,12,0,12,0.5714285714285714,0.5714285714285714,0.5714285714285714,0.0,0.5714285714285714,0.5714285714285714,very_high_candidate_dependency_proxy,1,6,6,1.0,False,"insufficient_minimum_mappable_traces,minimum_unique_probes",trace share with at least one feasible domestic or international inter-region submarine-corridor candidate; not actual cable use or traffic dependency
KI,island_or_archipelagic,catalog_island_or_archipelagic_list,all_publicly_visible,8,8,0,0,0,0,0.0,0.0,0.0,0.0,0.0,0.0,no_observed_inter_region_candidate_exposure,1,2,1,1.0,False,"insufficient_minimum_mappable_traces,minimum_unique_probes,minimum_unique_probe_asns",trace share with at least one feasible domestic or international inter-region submarine-corridor candidate; not actual cable use or traffic dependency
KI,island_or_archipelagic,catalog_island_or_archipelagic_list,resolved_entry_only,8,8,0,0,0,0,0.0,0.0,0.0,0.0,0.0,0.0,no_observed_inter_region_candidate_exposure,1,2,1,1.0,False,"insufficient_minimum_mappable_traces,minimum_unique_probes,minimum_unique_probe_asns",trace share with at least one feasible domestic or international inter-region submarine-corridor candidate; not actual cable use or traffic dependency
KN,island_or_archipelagic,catalog_island_or_archipelagic_list,all_publicly_visible,4,4,0,0,0,4,0.0,0.0,0.0,0.0,1.0,0.0,no_observed_inter_region_candidate_exposure,1,1,1,1.0,False,"insufficient_minimum_mappable_traces,minimum_unique_probes,minimum_unique_probe_asns",trace share with at least one feasible domestic or international inter-region submarine-corridor candidate; not actual cable use or traffic dependency
KN,island_or_archipelagic,catalog_island_or_archipelagic_list,resolved_entry_only,4,4,0,0,0,4,0.0,0.0,0.0,0.0,1.0,0.0,no_observed_inter_region_candidate_exposure,1,1,1,1.0,False,"insufficient_minimum_mappable_traces,minimum_unique_probes,minimum_unique_probe_asns",trace share with at least one feasible domestic or international inter-region submarine-corridor candidate; not actual cable use or traffic dependency
KR,coastal_mainland_or_mixed,catalog_default_alpha2_rule,all_publicly_visible,132,116,0,0,0,0,0.0,0.0,0.0,0.0,0.0,0.0,no_observed_inter_region_candidate_exposure,1,35,14,0.8787878787878788,True,eligible,trace share with at least one feasible domestic or international inter-region submarine-corridor candidate; not actual cable use or traffic dependency
KR,coastal_mainland_or_mixed,catalog_default_alpha2_rule,resolved_entry_only,116,116,0,0,0,0,0.0,0.0,0.0,0.0,0.0,0.0,no_observed_inter_region_candidate_exposure,1,31,13,1.0,True,eligible,trace share with at least one feasible domestic or international inter-region submarine-corridor candidate; not actual cable use or traffic dependency
KW,coastal_mainland_or_mixed,catalog_default_alpha2_rule,all_publicly_visible,8,4,0,0,0,0,0.0,0.0,0.0,0.0,0.0,0.0,no_observed_inter_region_candidate_exposure,1,2,2,0.5,False,"insufficient_minimum_mappable_traces,minimum_unique_probes,minimum_unique_probe_asns",trace share with at least one feasible domestic or international inter-region submarine-corridor candidate; not actual cable use or traffic dependency
KW,coastal_mainland_or_mixed,catalog_default_alpha2_rule,resolved_entry_only,4,4,0,0,0,0,0.0,0.0,0.0,0.0,0.0,0.0,no_observed_inter_region_candidate_exposure,1,1,1,1.0,False,"insufficient_minimum_mappable_traces,minimum_unique_probes,minimum_unique_probe_asns",trace share with at least one feasible domestic or international inter-region submarine-corridor candidate; not actual cable use or traffic dependency
KY,island_or_archipelagic,catalog_island_or_archipelagic_list,all_publicly_visible,4,4,4,0,4,0,1.0,1.0,0.0,1.0,0.0,1.0,very_high_candidate_dependency_proxy,1,1,1,1.0,False,"insufficient_minimum_mappable_traces,minimum_unique_probes,minimum_unique_probe_asns",trace share with at least one feasible domestic or international inter-region submarine-corridor candidate; not actual cable use or traffic dependency
KY,island_or_archipelagic,catalog_island_or_archipelagic_list,resolved_entry_only,4,4,4,0,4,0,1.0,1.0,0.0,1.0,0.0,1.0,very_high_candidate_dependency_proxy,1,1,1,1.0,False,"insufficient_minimum_mappable_traces,minimum_unique_probes,minimum_unique_probe_asns",trace share with at least one feasible domestic or international inter-region submarine-corridor candidate; not actual cable use or traffic dependency
KZ,landlocked,catalog_landlocked_list,all_publicly_visible,260,257,0,0,0,0,0.0,0.0,0.0,0.0,0.0,0.0,no_observed_inter_region_candidate_exposure,1,73,23,0.9884615384615385,True,eligible,trace share with at least one feasible domestic or international inter-region submarine-corridor candidate; not actual cable use or traffic dependency
KZ,landlocked,catalog_landlocked_list,resolved_entry_only,257,257,0,0,0,0,0.0,0.0,0.0,0.0,0.0,0.0,no_observed_inter_region_candidate_exposure,1,73,23,1.0,True,eligible,trace share with at least one feasible domestic or international inter-region submarine-corridor candidate; not actual cable use or traffic dependency
LA,landlocked,catalog_landlocked_list,all_publicly_visible,14,14,0,0,0,0,0.0,0.0,0.0,0.0,0.0,0.0,no_observed_inter_region_candidate_exposure,1,4,1,1.0,False,"insufficient_minimum_mappable_traces,minimum_unique_probes,minimum_unique_probe_asns",trace share with at least one feasible domestic or international inter-region submarine-corridor candidate; not actual cable use or traffic dependency
LA,landlocked,catalog_landlocked_list,resolved_entry_only,14,14,0,0,0,0,0.0,0.0,0.0,0.0,0.0,0.0,no_observed_inter_region_candidate_exposure,1,4,1,1.0,False,"insufficient_minimum_mappable_traces,minimum_unique_probes,minimum_unique_probe_asns",trace share with at least one feasible domestic or international inter-region submarine-corridor candidate; not actual cable use or traffic dependency
LB,coastal_mainland_or_mixed,catalog_default_alpha2_rule,all_publicly_visible,15,15,0,0,0,4,0.0,0.0,0.0,0.0,0.26666666666666666,0.0,no_observed_inter_region_candidate_exposure,1,4,4,1.0,False,"insufficient_minimum_mappable_traces,minimum_unique_probes",trace share with at least one feasible domestic or international inter-region submarine-corridor candidate; not actual cable use or traffic dependency
LB,coastal_mainland_or_mixed,catalog_default_alpha2_rule,resolved_entry_only,15,15,0,0,0,4,0.0,0.0,0.0,0.0,0.26666666666666666,0.0,no_observed_inter_region_candidate_exposure,1,4,4,1.0,False,"insufficient_minimum_mappable_traces,minimum_unique_probes",trace share with at least one feasible domestic or international inter-region submarine-corridor candidate; not actual cable use or traffic dependency
LC,island_or_archipelagic,catalog_island_or_archipelagic_list,all_publicly_visible,8,8,2,0,2,0,0.25,0.25,0.0,0.25,0.0,0.25,high_candidate_dependency_proxy,1,2,1,1.0,False,"insufficient_minimum_mappable_traces,minimum_unique_probes,minimum_unique_probe_asns",trace share with at least one feasible domestic or international inter-region submarine-corridor candidate; not actual cable use or traffic dependency
LC,island_or_archipelagic,catalog_island_or_archipelagic_list,resolved_entry_only,8,8,2,0,2,0,0.25,0.25,0.0,0.25,0.0,0.25,high_candidate_dependency_proxy,1,2,1,1.0,False,"insufficient_minimum_mappable_traces,minimum_unique_probes,minimum_unique_probe_asns",trace share with at least one feasible domestic or international inter-region submarine-corridor candidate; not actual cable use or traffic dependency
LI,landlocked,catalog_landlocked_list,all_publicly_visible,11,11,0,0,0,0,0.0,0.0,0.0,0.0,0.0,0.0,no_observed_inter_region_candidate_exposure,1,3,3,1.0,False,"insufficient_minimum_mappable_traces,minimum_unique_probes",trace share with at least one feasible domestic or international inter-region submarine-corridor candidate; not actual cable use or traffic dependency
LI,landlocked,catalog_landlocked_list,resolved_entry_only,11,11,0,0,0,0,0.0,0.0,0.0,0.0,0.0,0.0,no_observed_inter_region_candidate_exposure,1,3,3,1.0,False,"insufficient_minimum_mappable_traces,minimum_unique_probes",trace share with at least one feasible domestic or international inter-region submarine-corridor candidate; not actual cable use or traffic dependency
LK,island_or_archipelagic,catalog_island_or_archipelagic_list,all_publicly_visible,38,38,31,20,31,20,0.8157894736842105,0.8157894736842105,0.5263157894736842,0.8157894736842105,0.5263157894736842,0.8157894736842105,very_high_candidate_dependency_proxy,1,12,6,1.0,True,eligible,trace share with at least one feasible domestic or international inter-region submarine-corridor candidate; not actual cable use or traffic dependency
LK,island_or_archipelagic,catalog_island_or_archipelagic_list,resolved_entry_only,38,38,31,20,31,20,0.8157894736842105,0.8157894736842105,0.5263157894736842,0.8157894736842105,0.5263157894736842,0.8157894736842105,very_high_candidate_dependency_proxy,1,12,6,1.0,True,eligible,trace share with at least one feasible domestic or international inter-region submarine-corridor candidate; not actual cable use or traffic dependency
LR,coastal_mainland_or_mixed,catalog_default_alpha2_rule,all_publicly_visible,3,3,0,0,0,0,0.0,0.0,0.0,0.0,0.0,0.0,no_observed_inter_region_candidate_exposure,1,1,1,1.0,False,"insufficient_minimum_mappable_traces,minimum_unique_probes,minimum_unique_probe_asns",trace share with at least one feasible domestic or international inter-region submarine-corridor candidate; not actual cable use or traffic dependency
LR,coastal_mainland_or_mixed,catalog_default_alpha2_rule,resolved_entry_only,3,3,0,0,0,0,0.0,0.0,0.0,0.0,0.0,0.0,no_observed_inter_region_candidate_exposure,1,1,1,1.0,False,"insufficient_minimum_mappable_traces,minimum_unique_probes,minimum_unique_probe_asns",trace share with at least one feasible domestic or international inter-region submarine-corridor candidate; not actual cable use or traffic dependency
LS,landlocked,catalog_landlocked_list,all_publicly_visible,3,3,0,0,0,0,0.0,0.0,0.0,0.0,0.0,0.0,no_observed_inter_region_candidate_exposure,1,1,1,1.0,False,"insufficient_minimum_mappable_traces,minimum_unique_probes,minimum_unique_probe_asns",trace share with at least one feasible domestic or international inter-region submarine-corridor candidate; not actual cable use or traffic dependency
LS,landlocked,catalog_landlocked_list,resolved_entry_only,3,3,0,0,0,0,0.0,0.0,0.0,0.0,0.0,0.0,no_observed_inter_region_candidate_exposure,1,1,1,1.0,False,"insufficient_minimum_mappable_traces,minimum_unique_probes,minimum_unique_probe_asns",trace share with at least one feasible domestic or international inter-region submarine-corridor candidate; not actual cable use or traffic dependency
LT,coastal_mainland_or_mixed,catalog_default_alpha2_rule,all_publicly_visible,164,160,8,0,8,0,0.04878048780487805,0.05,0.0,0.04878048780487805,0.0,0.04878048780487805,low_candidate_dependency_proxy,1,43,25,0.975609756097561,True,eligible,trace share with at least one feasible domestic or international inter-region submarine-corridor candidate; not actual cable use or traffic dependency
LT,coastal_mainland_or_mixed,catalog_default_alpha2_rule,resolved_entry_only,160,160,8,0,8,0,0.05,0.05,0.0,0.05,0.0,0.05,moderate_candidate_dependency_proxy,1,42,25,1.0,True,eligible,trace share with at least one feasible domestic or international inter-region submarine-corridor candidate; not actual cable use or traffic dependency
LU,landlocked,catalog_landlocked_list,all_publicly_visible,183,173,0,0,0,0,0.0,0.0,0.0,0.0,0.0,0.0,no_observed_inter_region_candidate_exposure,1,48,22,0.9453551912568307,True,eligible,trace share with at least one feasible domestic or international inter-region submarine-corridor candidate; not actual cable use or traffic dependency
LU,landlocked,catalog_landlocked_list,resolved_entry_only,173,173,0,0,0,0,0.0,0.0,0.0,0.0,0.0,0.0,no_observed_inter_region_candidate_exposure,1,46,20,1.0,True,eligible,trace share with at least one feasible domestic or international inter-region submarine-corridor candidate; not actual cable use or traffic dependency
LV,coastal_mainland_or_mixed,catalog_default_alpha2_rule,all_publicly_visible,120,116,22,1,21,1,0.18333333333333332,0.1896551724137931,0.008333333333333333,0.175,0.008333333333333333,0.18333333333333332,high_candidate_dependency_proxy,1,31,21,0.9666666666666667,True,eligible,trace share with at least one feasible domestic or international inter-region submarine-corridor candidate; not actual cable use or traffic dependency
LV,coastal_mainland_or_mixed,catalog_default_alpha2_rule,resolved_entry_only,116,116,22,1,21,1,0.1896551724137931,0.1896551724137931,0.008620689655172414,0.1810344827586207,0.008620689655172414,0.1896551724137931,high_candidate_dependency_proxy,1,30,21,1.0,True,eligible,trace share with at least one feasible domestic or international inter-region submarine-corridor candidate; not actual cable use or traffic dependency
MA,coastal_mainland_or_mixed,catalog_default_alpha2_rule,all_publicly_visible,4,4,0,0,0,0,0.0,0.0,0.0,0.0,0.0,0.0,no_observed_inter_region_candidate_exposure,1,1,1,1.0,False,"insufficient_minimum_mappable_traces,minimum_unique_probes,minimum_unique_probe_asns",trace share with at least one feasible domestic or international inter-region submarine-corridor candidate; not actual cable use or traffic dependency
MA,coastal_mainland_or_mixed,catalog_default_alpha2_rule,resolved_entry_only,4,4,0,0,0,0,0.0,0.0,0.0,0.0,0.0,0.0,no_observed_inter_region_candidate_exposure,1,1,1,1.0,False,"insufficient_minimum_mappable_traces,minimum_unique_probes,minimum_unique_probe_asns",trace share with at least one feasible domestic or international inter-region submarine-corridor candidate; not actual cable use or traffic dependency
MD,landlocked,catalog_landlocked_list,all_publicly_visible,97,95,0,0,0,0,0.0,0.0,0.0,0.0,0.0,0.0,no_observed_inter_region_candidate_exposure,1,26,14,0.979381443298969,True,eligible,trace share with at least one feasible domestic or international inter-region submarine-corridor candidate; not actual cable use or traffic dependency
MD,landlocked,catalog_landlocked_list,resolved_entry_only,95,95,0,0,0,0,0.0,0.0,0.0,0.0,0.0,0.0,no_observed_inter_region_candidate_exposure,1,26,14,1.0,True,eligible,trace share with at least one feasible domestic or international inter-region submarine-corridor candidate; not actual cable use or traffic dependency
ME,coastal_mainland_or_mixed,catalog_default_alpha2_rule,all_publicly_visible,22,22,0,0,0,0,0.0,0.0,0.0,0.0,0.0,0.0,no_observed_inter_region_candidate_exposure,1,6,5,1.0,False,"insufficient_minimum_mappable_traces,minimum_unique_probes",trace share with at least one feasible domestic or international inter-region submarine-corridor candidate; not actual cable use or traffic dependency
ME,coastal_mainland_or_mixed,catalog_default_alpha2_rule,resolved_entry_only,22,22,0,0,0,0,0.0,0.0,0.0,0.0,0.0,0.0,no_observed_inter_region_candidate_exposure,1,6,5,1.0,False,"insufficient_minimum_mappable_traces,minimum_unique_probes",trace share with at least one feasible domestic or international inter-region submarine-corridor candidate; not actual cable use or traffic dependency
MG,island_or_archipelagic,catalog_island_or_archipelagic_list,all_publicly_visible,8,8,0,0,0,0,0.0,0.0,0.0,0.0,0.0,0.0,no_observed_inter_region_candidate_exposure,1,2,1,1.0,False,"insufficient_minimum_mappable_traces,minimum_unique_probes,minimum_unique_probe_asns",trace share with at least one feasible domestic or international inter-region submarine-corridor candidate; not actual cable use or traffic dependency
MG,island_or_archipelagic,catalog_island_or_archipelagic_list,resolved_entry_only,8,8,0,0,0,0,0.0,0.0,0.0,0.0,0.0,0.0,no_observed_inter_region_candidate_exposure,1,2,1,1.0,False,"insufficient_minimum_mappable_traces,minimum_unique_probes,minimum_unique_probe_asns",trace share with at least one feasible domestic or international inter-region submarine-corridor candidate; not actual cable use or traffic dependency
MH,island_or_archipelagic,catalog_island_or_archipelagic_list,all_publicly_visible,3,2,0,0,0,0,0.0,0.0,0.0,0.0,0.0,0.0,no_observed_inter_region_candidate_exposure,1,1,1,0.6666666666666666,False,"insufficient_minimum_mappable_traces,minimum_unique_probes,minimum_unique_probe_asns",trace share with at least one feasible domestic or international inter-region submarine-corridor candidate; not actual cable use or traffic dependency
MH,island_or_archipelagic,catalog_island_or_archipelagic_list,resolved_entry_only,2,2,0,0,0,0,0.0,0.0,0.0,0.0,0.0,0.0,no_observed_inter_region_candidate_exposure,1,1,1,1.0,False,"insufficient_minimum_mappable_traces,minimum_unique_probes,minimum_unique_probe_asns",trace share with at least one feasible domestic or international inter-region submarine-corridor candidate; not actual cable use or traffic dependency
MK,landlocked,catalog_landlocked_list,all_publicly_visible,45,42,0,0,0,0,0.0,0.0,0.0,0.0,0.0,0.0,no_observed_inter_region_candidate_exposure,1,13,10,0.9333333333333333,True,eligible,trace share with at least one feasible domestic or international inter-region submarine-corridor candidate; not actual cable use or traffic dependency
MK,landlocked,catalog_landlocked_list,resolved_entry_only,42,42,0,0,0,0,0.0,0.0,0.0,0.0,0.0,0.0,no_observed_inter_region_candidate_exposure,1,12,10,1.0,True,eligible,trace share with at least one feasible domestic or international inter-region submarine-corridor candidate; not actual cable use or traffic dependency
ML,landlocked,catalog_landlocked_list,all_publicly_visible,3,3,3,0,3,3,1.0,1.0,0.0,1.0,1.0,1.0,very_high_candidate_dependency_proxy,1,1,1,1.0,False,"insufficient_minimum_mappable_traces,minimum_unique_probes,minimum_unique_probe_asns",trace share with at least one feasible domestic or international inter-region submarine-corridor candidate; not actual cable use or traffic dependency
ML,landlocked,catalog_landlocked_list,resolved_entry_only,3,3,3,0,3,3,1.0,1.0,0.0,1.0,1.0,1.0,very_high_candidate_dependency_proxy,1,1,1,1.0,False,"insufficient_minimum_mappable_traces,minimum_unique_probes,minimum_unique_probe_asns",trace share with at least one feasible domestic or international inter-region submarine-corridor candidate; not actual cable use or traffic dependency
MM,coastal_mainland_or_mixed,catalog_default_alpha2_rule,all_publicly_visible,9,9,9,9,8,9,1.0,1.0,1.0,0.8888888888888888,1.0,1.0,very_high_candidate_dependency_proxy,1,3,3,1.0,False,"insufficient_minimum_mappable_traces,minimum_unique_probes",trace share with at least one feasible domestic or international inter-region submarine-corridor candidate; not actual cable use or traffic dependency
MM,coastal_mainland_or_mixed,catalog_default_alpha2_rule,resolved_entry_only,9,9,9,9,8,9,1.0,1.0,1.0,0.8888888888888888,1.0,1.0,very_high_candidate_dependency_proxy,1,3,3,1.0,False,"insufficient_minimum_mappable_traces,minimum_unique_probes",trace share with at least one feasible domestic or international inter-region submarine-corridor candidate; not actual cable use or traffic dependency
MN,landlocked,catalog_landlocked_list,all_publicly_visible,26,26,0,0,0,1,0.0,0.0,0.0,0.0,0.038461538461538464,0.0,no_observed_inter_region_candidate_exposure,1,8,8,1.0,False,"insufficient_minimum_mappable_traces,minimum_unique_probes",trace share with at least one feasible domestic or international inter-region submarine-corridor candidate; not actual cable use or traffic dependency
MN,landlocked,catalog_landlocked_list,resolved_entry_only,26,26,0,0,0,1,0.0,0.0,0.0,0.0,0.038461538461538464,0.0,no_observed_inter_region_candidate_exposure,1,8,8,1.0,False,"insufficient_minimum_mappable_traces,minimum_unique_probes",trace share with at least one feasible domestic or international inter-region submarine-corridor candidate; not actual cable use or traffic dependency
MP,island_or_archipelagic,catalog_island_or_archipelagic_list,all_publicly_visible,3,3,3,0,3,0,1.0,1.0,0.0,1.0,0.0,1.0,very_high_candidate_dependency_proxy,1,1,1,1.0,False,"insufficient_minimum_mappable_traces,minimum_unique_probes,minimum_unique_probe_asns",trace share with at least one feasible domestic or international inter-region submarine-corridor candidate; not actual cable use or traffic dependency
MP,island_or_archipelagic,catalog_island_or_archipelagic_list,resolved_entry_only,3,3,3,0,3,0,1.0,1.0,0.0,1.0,0.0,1.0,very_high_candidate_dependency_proxy,1,1,1,1.0,False,"insufficient_minimum_mappable_traces,minimum_unique_probes,minimum_unique_probe_asns",trace share with at least one feasible domestic or international inter-region submarine-corridor candidate; not actual cable use or traffic dependency
MT,island_or_archipelagic,catalog_island_or_archipelagic_list,all_publicly_visible,36,36,8,0,8,36,0.2222222222222222,0.2222222222222222,0.0,0.2222222222222222,1.0,0.2222222222222222,high_candidate_dependency_proxy,1,9,3,1.0,False,insufficient_minimum_unique_probes,trace share with at least one feasible domestic or international inter-region submarine-corridor candidate; not actual cable use or traffic dependency
MT,island_or_archipelagic,catalog_island_or_archipelagic_list,resolved_entry_only,36,36,8,0,8,36,0.2222222222222222,0.2222222222222222,0.0,0.2222222222222222,1.0,0.2222222222222222,high_candidate_dependency_proxy,1,9,3,1.0,False,insufficient_minimum_unique_probes,trace share with at least one feasible domestic or international inter-region submarine-corridor candidate; not actual cable use or traffic dependency
MU,island_or_archipelagic,catalog_island_or_archipelagic_list,all_publicly_visible,30,30,3,3,1,4,0.1,0.1,0.1,0.03333333333333333,0.13333333333333333,0.1,moderate_candidate_dependency_proxy,1,8,4,1.0,False,insufficient_minimum_unique_probes,trace share with at least one feasible domestic or international inter-region submarine-corridor candidate; not actual cable use or traffic dependency
MU,island_or_archipelagic,catalog_island_or_archipelagic_list,resolved_entry_only,30,30,3,3,1,4,0.1,0.1,0.1,0.03333333333333333,0.13333333333333333,0.1,moderate_candidate_dependency_proxy,1,8,4,1.0,False,insufficient_minimum_unique_probes,trace share with at least one feasible domestic or international inter-region submarine-corridor candidate; not actual cable use or traffic dependency
MV,island_or_archipelagic,catalog_island_or_archipelagic_list,all_publicly_visible,43,43,33,0,33,36,0.7674418604651163,0.7674418604651163,0.0,0.7674418604651163,0.8372093023255814,0.7674418604651163,very_high_candidate_dependency_proxy,1,12,4,1.0,True,eligible,trace share with at least one feasible domestic or international inter-region submarine-corridor candidate; not actual cable use or traffic dependency
MV,island_or_archipelagic,catalog_island_or_archipelagic_list,resolved_entry_only,43,43,33,0,33,36,0.7674418604651163,0.7674418604651163,0.0,0.7674418604651163,0.8372093023255814,0.7674418604651163,very_high_candidate_dependency_proxy,1,12,4,1.0,True,eligible,trace share with at least one feasible domestic or international inter-region submarine-corridor candidate; not actual cable use or traffic dependency
MW,landlocked,catalog_landlocked_list,all_publicly_visible,4,4,0,0,0,0,0.0,0.0,0.0,0.0,0.0,0.0,no_observed_inter_region_candidate_exposure,1,1,1,1.0,False,"insufficient_minimum_mappable_traces,minimum_unique_probes,minimum_unique_probe_asns",trace share with at least one feasible domestic or international inter-region submarine-corridor candidate; not actual cable use or traffic dependency
MW,landlocked,catalog_landlocked_list,resolved_entry_only,4,4,0,0,0,0,0.0,0.0,0.0,0.0,0.0,0.0,no_observed_inter_region_candidate_exposure,1,1,1,1.0,False,"insufficient_minimum_mappable_traces,minimum_unique_probes,minimum_unique_probe_asns",trace share with at least one feasible domestic or international inter-region submarine-corridor candidate; not actual cable use or traffic dependency
MX,coastal_mainland_or_mixed,catalog_default_alpha2_rule,all_publicly_visible,212,182,11,8,3,8,0.05188679245283019,0.06043956043956044,0.03773584905660377,0.014150943396226415,0.03773584905660377,0.05188679245283019,moderate_candidate_dependency_proxy,1,56,26,0.8584905660377359,True,eligible,trace share with at least one feasible domestic or international inter-region submarine-corridor candidate; not actual cable use or traffic dependency
MX,coastal_mainland_or_mixed,catalog_default_alpha2_rule,resolved_entry_only,182,182,11,8,3,8,0.06043956043956044,0.06043956043956044,0.04395604395604396,0.016483516483516484,0.04395604395604396,0.06043956043956044,moderate_candidate_dependency_proxy,1,49,23,1.0,True,eligible,trace share with at least one feasible domestic or international inter-region submarine-corridor candidate; not actual cable use or traffic dependency
MY,coastal_mainland_or_mixed,catalog_default_alpha2_rule,all_publicly_visible,130,125,41,41,4,41,0.3153846153846154,0.328,0.3153846153846154,0.03076923076923077,0.3153846153846154,0.3153846153846154,very_high_candidate_dependency_proxy,1,36,20,0.9615384615384616,True,eligible,trace share with at least one feasible domestic or international inter-region submarine-corridor candidate; not actual cable use or traffic dependency
MY,coastal_mainland_or_mixed,catalog_default_alpha2_rule,resolved_entry_only,125,125,41,41,4,41,0.328,0.328,0.328,0.032,0.328,0.328,very_high_candidate_dependency_proxy,1,35,19,1.0,True,eligible,trace share with at least one feasible domestic or international inter-region submarine-corridor candidate; not actual cable use or traffic dependency
MZ,coastal_mainland_or_mixed,catalog_default_alpha2_rule,all_publicly_visible,10,10,0,0,0,0,0.0,0.0,0.0,0.0,0.0,0.0,no_observed_inter_region_candidate_exposure,1,3,3,1.0,False,"insufficient_minimum_mappable_traces,minimum_unique_probes",trace share with at least one feasible domestic or international inter-region submarine-corridor candidate; not actual cable use or traffic dependency
MZ,coastal_mainland_or_mixed,catalog_default_alpha2_rule,resolved_entry_only,10,10,0,0,0,0,0.0,0.0,0.0,0.0,0.0,0.0,no_observed_inter_region_candidate_exposure,1,3,3,1.0,False,"insufficient_minimum_mappable_traces,minimum_unique_probes",trace share with at least one feasible domestic or international inter-region submarine-corridor candidate; not actual cable use or traffic dependency
NA,unknown,unclassified_or_missing_country_code,all_publicly_visible,16,16,0,0,0,0,0.0,0.0,0.0,0.0,0.0,0.0,no_observed_inter_region_candidate_exposure,1,4,3,1.0,False,"insufficient_minimum_mappable_traces,minimum_unique_probes",trace share with at least one feasible domestic or international inter-region submarine-corridor candidate; not actual cable use or traffic dependency
NA,unknown,unclassified_or_missing_country_code,resolved_entry_only,16,16,0,0,0,0,0.0,0.0,0.0,0.0,0.0,0.0,no_observed_inter_region_candidate_exposure,1,4,3,1.0,False,"insufficient_minimum_mappable_traces,minimum_unique_probes",trace share with at least one feasible domestic or international inter-region submarine-corridor candidate; not actual cable use or traffic dependency
NC,island_or_archipelagic,catalog_island_or_archipelagic_list,all_publicly_visible,17,17,17,0,17,17,1.0,1.0,0.0,1.0,1.0,1.0,very_high_candidate_dependency_proxy,1,5,2,1.0,False,"insufficient_minimum_mappable_traces,minimum_unique_probes,minimum_unique_probe_asns",trace share with at least one feasible domestic or international inter-region submarine-corridor candidate; not actual cable use or traffic dependency
NC,island_or_archipelagic,catalog_island_or_archipelagic_list,resolved_entry_only,17,17,17,0,17,17,1.0,1.0,0.0,1.0,1.0,1.0,very_high_candidate_dependency_proxy,1,5,2,1.0,False,"insufficient_minimum_mappable_traces,minimum_unique_probes,minimum_unique_probe_asns",trace share with at least one feasible domestic or international inter-region submarine-corridor candidate; not actual cable use or traffic dependency
NG,coastal_mainland_or_mixed,catalog_default_alpha2_rule,all_publicly_visible,32,32,18,0,18,1,0.5625,0.5625,0.0,0.5625,0.03125,0.5625,very_high_candidate_dependency_proxy,1,10,6,1.0,True,eligible,trace share with at least one feasible domestic or international inter-region submarine-corridor candidate; not actual cable use or traffic dependency
NG,coastal_mainland_or_mixed,catalog_default_alpha2_rule,resolved_entry_only,32,32,18,0,18,1,0.5625,0.5625,0.0,0.5625,0.03125,0.5625,very_high_candidate_dependency_proxy,1,10,6,1.0,True,eligible,trace share with at least one feasible domestic or international inter-region submarine-corridor candidate; not actual cable use or traffic dependency
NI,coastal_mainland_or_mixed,catalog_default_alpha2_rule,all_publicly_visible,24,22,3,0,3,0,0.125,0.13636363636363635,0.0,0.125,0.0,0.125,moderate_candidate_dependency_proxy,1,7,5,0.9166666666666666,False,"insufficient_minimum_mappable_traces,minimum_unique_probes",trace share with at least one feasible domestic or international inter-region submarine-corridor candidate; not actual cable use or traffic dependency
NI,coastal_mainland_or_mixed,catalog_default_alpha2_rule,resolved_entry_only,22,22,3,0,3,0,0.13636363636363635,0.13636363636363635,0.0,0.13636363636363635,0.0,0.13636363636363635,moderate_candidate_dependency_proxy,1,7,5,1.0,False,"insufficient_minimum_mappable_traces,minimum_unique_probes",trace share with at least one feasible domestic or international inter-region submarine-corridor candidate; not actual cable use or traffic dependency
NL,coastal_mainland_or_mixed,catalog_default_alpha2_rule,all_publicly_visible,2529,2171,1,0,1,0,0.00039541320680110717,0.00046061722708429296,0.0,0.00039541320680110717,0.0,0.00039541320680110717,low_candidate_dependency_proxy,1,658,184,0.8580466587584026,True,eligible,trace share with at least one feasible domestic or international inter-region submarine-corridor candidate; not actual cable use or traffic dependency
NL,coastal_mainland_or_mixed,catalog_default_alpha2_rule,resolved_entry_only,2170,2170,1,0,1,0,0.0004608294930875576,0.0004608294930875576,0.0,0.0004608294930875576,0.0,0.0004608294930875576,low_candidate_dependency_proxy,1,570,176,1.0,True,eligible,trace share with at least one feasible domestic or international inter-region submarine-corridor candidate; not actual cable use or traffic dependency
NO,coastal_mainland_or_mixed,catalog_default_alpha2_rule,all_publicly_visible,352,335,263,258,6,65,0.7471590909090909,0.7850746268656716,0.7329545454545454,0.017045454545454544,0.1846590909090909,0.7471590909090909,very_high_candidate_dependency_proxy,1,93,35,0.9517045454545454,True,eligible,trace share with at least one feasible domestic or international inter-region submarine-corridor candidate; not actual cable use or traffic dependency
NO,coastal_mainland_or_mixed,catalog_default_alpha2_rule,resolved_entry_only,335,335,263,258,6,65,0.7850746268656716,0.7850746268656716,0.7701492537313432,0.01791044776119403,0.19402985074626866,0.7850746268656716,very_high_candidate_dependency_proxy,1,89,33,1.0,True,eligible,trace share with at least one feasible domestic or international inter-region submarine-corridor candidate; not actual cable use or traffic dependency
NP,landlocked,catalog_landlocked_list,all_publicly_visible,51,44,1,0,1,0,0.0196078431372549,0.022727272727272728,0.0,0.0196078431372549,0.0,0.0196078431372549,low_candidate_dependency_proxy,1,16,10,0.8627450980392157,True,eligible,trace share with at least one feasible domestic or international inter-region submarine-corridor candidate; not actual cable use or traffic dependency
NP,landlocked,catalog_landlocked_list,resolved_entry_only,44,44,1,0,1,0,0.022727272727272728,0.022727272727272728,0.0,0.022727272727272728,0.0,0.022727272727272728,low_candidate_dependency_proxy,1,14,9,1.0,True,eligible,trace share with at least one feasible domestic or international inter-region submarine-corridor candidate; not actual cable use or traffic dependency
NU,island_or_archipelagic,catalog_island_or_archipelagic_list,all_publicly_visible,3,3,3,0,3,3,1.0,1.0,0.0,1.0,1.0,1.0,very_high_candidate_dependency_proxy,1,1,1,1.0,False,"insufficient_minimum_mappable_traces,minimum_unique_probes,minimum_unique_probe_asns",trace share with at least one feasible domestic or international inter-region submarine-corridor candidate; not actual cable use or traffic dependency
NU,island_or_archipelagic,catalog_island_or_archipelagic_list,resolved_entry_only,3,3,3,0,3,3,1.0,1.0,0.0,1.0,1.0,1.0,very_high_candidate_dependency_proxy,1,1,1,1.0,False,"insufficient_minimum_mappable_traces,minimum_unique_probes,minimum_unique_probe_asns",trace share with at least one feasible domestic or international inter-region submarine-corridor candidate; not actual cable use or traffic dependency
NZ,island_or_archipelagic,catalog_island_or_archipelagic_list,all_publicly_visible,442,437,119,116,3,308,0.2692307692307692,0.2723112128146453,0.26244343891402716,0.006787330316742082,0.6968325791855203,0.2692307692307692,high_candidate_dependency_proxy,1,115,34,0.9886877828054299,True,eligible,trace share with at least one feasible domestic or international inter-region submarine-corridor candidate; not actual cable use or traffic dependency
NZ,island_or_archipelagic,catalog_island_or_archipelagic_list,resolved_entry_only,437,437,119,116,3,308,0.2723112128146453,0.2723112128146453,0.2654462242562929,0.006864988558352402,0.7048054919908466,0.2723112128146453,high_candidate_dependency_proxy,1,114,33,1.0,True,eligible,trace share with at least one feasible domestic or international inter-region submarine-corridor candidate; not actual cable use or traffic dependency
OM,coastal_mainland_or_mixed,catalog_default_alpha2_rule,all_publicly_visible,7,7,0,0,0,0,0.0,0.0,0.0,0.0,0.0,0.0,no_observed_inter_region_candidate_exposure,1,2,2,1.0,False,"insufficient_minimum_mappable_traces,minimum_unique_probes,minimum_unique_probe_asns",trace share with at least one feasible domestic or international inter-region submarine-corridor candidate; not actual cable use or traffic dependency
OM,coastal_mainland_or_mixed,catalog_default_alpha2_rule,resolved_entry_only,7,7,0,0,0,0,0.0,0.0,0.0,0.0,0.0,0.0,no_observed_inter_region_candidate_exposure,1,2,2,1.0,False,"insufficient_minimum_mappable_traces,minimum_unique_probes,minimum_unique_probe_asns",trace share with at least one feasible domestic or international inter-region submarine-corridor candidate; not actual cable use or traffic dependency
PA,coastal_mainland_or_mixed,catalog_default_alpha2_rule,all_publicly_visible,80,80,10,7,7,0,0.125,0.125,0.0875,0.0875,0.0,0.125,moderate_candidate_dependency_proxy,1,21,9,1.0,True,eligible,trace share with at least one feasible domestic or international inter-region submarine-corridor candidate; not actual cable use or traffic dependency
PA,coastal_mainland_or_mixed,catalog_default_alpha2_rule,resolved_entry_only,80,80,10,7,7,0,0.125,0.125,0.0875,0.0875,0.0,0.125,moderate_candidate_dependency_proxy,1,21,9,1.0,True,eligible,trace share with at least one feasible domestic or international inter-region submarine-corridor candidate; not actual cable use or traffic dependency
PE,coastal_mainland_or_mixed,catalog_default_alpha2_rule,all_publicly_visible,82,63,6,0,6,0,0.07317073170731707,0.09523809523809523,0.0,0.07317073170731707,0.0,0.07317073170731707,moderate_candidate_dependency_proxy,1,23,18,0.7682926829268293,True,eligible,trace share with at least one feasible domestic or international inter-region submarine-corridor candidate; not actual cable use or traffic dependency
PE,coastal_mainland_or_mixed,catalog_default_alpha2_rule,resolved_entry_only,63,63,6,0,6,0,0.09523809523809523,0.09523809523809523,0.0,0.09523809523809523,0.0,0.09523809523809523,moderate_candidate_dependency_proxy,1,21,18,1.0,True,eligible,trace share with at least one feasible domestic or international inter-region submarine-corridor candidate; not actual cable use or traffic dependency
PF,island_or_archipelagic,catalog_island_or_archipelagic_list,all_publicly_visible,24,24,0,0,0,0,0.0,0.0,0.0,0.0,0.0,0.0,no_observed_inter_region_candidate_exposure,1,6,1,1.0,False,"insufficient_minimum_mappable_traces,minimum_unique_probes,minimum_unique_probe_asns",trace share with at least one feasible domestic or international inter-region submarine-corridor candidate; not actual cable use or traffic dependency
PF,island_or_archipelagic,catalog_island_or_archipelagic_list,resolved_entry_only,24,24,0,0,0,0,0.0,0.0,0.0,0.0,0.0,0.0,no_observed_inter_region_candidate_exposure,1,6,1,1.0,False,"insufficient_minimum_mappable_traces,minimum_unique_probes,minimum_unique_probe_asns",trace share with at least one feasible domestic or international inter-region submarine-corridor candidate; not actual cable use or traffic dependency
PG,island_or_archipelagic,catalog_island_or_archipelagic_list,all_publicly_visible,4,4,4,0,4,4,1.0,1.0,0.0,1.0,1.0,1.0,very_high_candidate_dependency_proxy,1,1,1,1.0,False,"insufficient_minimum_mappable_traces,minimum_unique_probes,minimum_unique_probe_asns",trace share with at least one feasible domestic or international inter-region submarine-corridor candidate; not actual cable use or traffic dependency
PG,island_or_archipelagic,catalog_island_or_archipelagic_list,resolved_entry_only,4,4,4,0,4,4,1.0,1.0,0.0,1.0,1.0,1.0,very_high_candidate_dependency_proxy,1,1,1,1.0,False,"insufficient_minimum_mappable_traces,minimum_unique_probes,minimum_unique_probe_asns",trace share with at least one feasible domestic or international inter-region submarine-corridor candidate; not actual cable use or traffic dependency
PH,island_or_archipelagic,catalog_island_or_archipelagic_list,all_publicly_visible,240,223,24,21,6,10,0.1,0.10762331838565023,0.0875,0.025,0.041666666666666664,0.1,moderate_candidate_dependency_proxy,1,66,35,0.9291666666666667,True,eligible,trace share with at least one feasible domestic or international inter-region submarine-corridor candidate; not actual cable use or traffic dependency
PH,island_or_archipelagic,catalog_island_or_archipelagic_list,resolved_entry_only,223,223,24,21,6,10,0.10762331838565023,0.10762331838565023,0.09417040358744394,0.026905829596412557,0.04484304932735426,0.10762331838565023,moderate_candidate_dependency_proxy,1,62,33,1.0,True,eligible,trace share with at least one feasible domestic or international inter-region submarine-corridor candidate; not actual cable use or traffic dependency
PK,coastal_mainland_or_mixed,catalog_default_alpha2_rule,all_publicly_visible,48,35,12,8,4,0,0.25,0.34285714285714286,0.16666666666666666,0.08333333333333333,0.0,0.25,high_candidate_dependency_proxy,1,14,10,0.7291666666666666,True,eligible,trace share with at least one feasible domestic or international inter-region submarine-corridor candidate; not actual cable use or traffic dependency
PK,coastal_mainland_or_mixed,catalog_default_alpha2_rule,resolved_entry_only,35,35,12,8,4,0,0.34285714285714286,0.34285714285714286,0.22857142857142856,0.11428571428571428,0.0,0.34285714285714286,very_high_candidate_dependency_proxy,1,10,8,1.0,True,eligible,trace share with at least one feasible domestic or international inter-region submarine-corridor candidate; not actual cable use or traffic dependency
PL,coastal_mainland_or_mixed,catalog_default_alpha2_rule,all_publicly_visible,902,854,0,0,0,22,0.0,0.0,0.0,0.0,0.024390243902439025,0.0,no_observed_inter_region_candidate_exposure,1,234,133,0.9467849223946785,True,eligible,trace share with at least one feasible domestic or international inter-region submarine-corridor candidate; not actual cable use or traffic dependency
PL,coastal_mainland_or_mixed,catalog_default_alpha2_rule,resolved_entry_only,854,854,0,0,0,22,0.0,0.0,0.0,0.0,0.02576112412177986,0.0,no_observed_inter_region_candidate_exposure,1,223,127,1.0,True,eligible,trace share with at least one feasible domestic or international inter-region submarine-corridor candidate; not actual cable use or traffic dependency
PR,island_or_archipelagic,catalog_island_or_archipelagic_list,all_publicly_visible,8,8,8,0,8,8,1.0,1.0,0.0,1.0,1.0,1.0,very_high_candidate_dependency_proxy,1,2,2,1.0,False,"insufficient_minimum_mappable_traces,minimum_unique_probes,minimum_unique_probe_asns",trace share with at least one feasible domestic or international inter-region submarine-corridor candidate; not actual cable use or traffic dependency
PR,island_or_archipelagic,catalog_island_or_archipelagic_list,resolved_entry_only,8,8,8,0,8,8,1.0,1.0,0.0,1.0,1.0,1.0,very_high_candidate_dependency_proxy,1,2,2,1.0,False,"insufficient_minimum_mappable_traces,minimum_unique_probes,minimum_unique_probe_asns",trace share with at least one feasible domestic or international inter-region submarine-corridor candidate; not actual cable use or traffic dependency
PS,coastal_mainland_or_mixed,catalog_default_alpha2_rule,all_publicly_visible,4,4,0,0,0,0,0.0,0.0,0.0,0.0,0.0,0.0,no_observed_inter_region_candidate_exposure,1,1,1,1.0,False,"insufficient_minimum_mappable_traces,minimum_unique_probes,minimum_unique_probe_asns",trace share with at least one feasible domestic or international inter-region submarine-corridor candidate; not actual cable use or traffic dependency
PS,coastal_mainland_or_mixed,catalog_default_alpha2_rule,resolved_entry_only,4,4,0,0,0,0,0.0,0.0,0.0,0.0,0.0,0.0,no_observed_inter_region_candidate_exposure,1,1,1,1.0,False,"insufficient_minimum_mappable_traces,minimum_unique_probes,minimum_unique_probe_asns",trace share with at least one feasible domestic or international inter-region submarine-corridor candidate; not actual cable use or traffic dependency
PT,coastal_mainland_or_mixed,catalog_default_alpha2_rule,all_publicly_visible,385,303,0,0,0,150,0.0,0.0,0.0,0.0,0.38961038961038963,0.0,no_observed_inter_region_candidate_exposure,1,101,23,0.7792207792207793,True,eligible,trace share with at least one feasible domestic or international inter-region submarine-corridor candidate; not actual cable use or traffic dependency
PT,coastal_mainland_or_mixed,catalog_default_alpha2_rule,resolved_entry_only,300,300,0,0,0,148,0.0,0.0,0.0,0.0,0.49333333333333335,0.0,no_observed_inter_region_candidate_exposure,1,83,22,1.0,True,eligible,trace share with at least one feasible domestic or international inter-region submarine-corridor candidate; not actual cable use or traffic dependency
PW,island_or_archipelagic,catalog_island_or_archipelagic_list,all_publicly_visible,3,3,0,0,0,0,0.0,0.0,0.0,0.0,0.0,0.0,no_observed_inter_region_candidate_exposure,1,1,1,1.0,False,"insufficient_minimum_mappable_traces,minimum_unique_probes,minimum_unique_probe_asns",trace share with at least one feasible domestic or international inter-region submarine-corridor candidate; not actual cable use or traffic dependency
PW,island_or_archipelagic,catalog_island_or_archipelagic_list,resolved_entry_only,3,3,0,0,0,0,0.0,0.0,0.0,0.0,0.0,0.0,no_observed_inter_region_candidate_exposure,1,1,1,1.0,False,"insufficient_minimum_mappable_traces,minimum_unique_probes,minimum_unique_probe_asns",trace share with at least one feasible domestic or international inter-region submarine-corridor candidate; not actual cable use or traffic dependency
PY,landlocked,catalog_landlocked_list,all_publicly_visible,40,31,0,0,0,0,0.0,0.0,0.0,0.0,0.0,0.0,no_observed_inter_region_candidate_exposure,1,11,8,0.775,True,eligible,trace share with at least one feasible domestic or international inter-region submarine-corridor candidate; not actual cable use or traffic dependency
PY,landlocked,catalog_landlocked_list,resolved_entry_only,31,31,0,0,0,0,0.0,0.0,0.0,0.0,0.0,0.0,no_observed_inter_region_candidate_exposure,1,9,7,1.0,False,insufficient_minimum_unique_probes,trace share with at least one feasible domestic or international inter-region submarine-corridor candidate; not actual cable use or traffic dependency
QA,coastal_mainland_or_mixed,catalog_default_alpha2_rule,all_publicly_visible,4,4,4,0,4,0,1.0,1.0,0.0,1.0,0.0,1.0,very_high_candidate_dependency_proxy,1,1,1,1.0,False,"insufficient_minimum_mappable_traces,minimum_unique_probes,minimum_unique_probe_asns",trace share with at least one feasible domestic or international inter-region submarine-corridor candidate; not actual cable use or traffic dependency
QA,coastal_mainland_or_mixed,catalog_default_alpha2_rule,resolved_entry_only,4,4,4,0,4,0,1.0,1.0,0.0,1.0,0.0,1.0,very_high_candidate_dependency_proxy,1,1,1,1.0,False,"insufficient_minimum_mappable_traces,minimum_unique_probes,minimum_unique_probe_asns",trace share with at least one feasible domestic or international inter-region submarine-corridor candidate; not actual cable use or traffic dependency
RE,island_or_archipelagic,catalog_island_or_archipelagic_list,all_publicly_visible,183,183,37,37,0,37,0.20218579234972678,0.20218579234972678,0.20218579234972678,0.0,0.20218579234972678,0.20218579234972678,high_candidate_dependency_proxy,1,52,5,1.0,True,eligible,trace share with at least one feasible domestic or international inter-region submarine-corridor candidate; not actual cable use or traffic dependency
RE,island_or_archipelagic,catalog_island_or_archipelagic_list,resolved_entry_only,183,183,37,37,0,37,0.20218579234972678,0.20218579234972678,0.20218579234972678,0.0,0.20218579234972678,0.20218579234972678,high_candidate_dependency_proxy,1,52,5,1.0,True,eligible,trace share with at least one feasible domestic or international inter-region submarine-corridor candidate; not actual cable use or traffic dependency
RO,coastal_mainland_or_mixed,catalog_default_alpha2_rule,all_publicly_visible,327,239,0,0,0,0,0.0,0.0,0.0,0.0,0.0,0.0,no_observed_inter_region_candidate_exposure,1,89,46,0.7155963302752294,True,eligible,trace share with at least one feasible domestic or international inter-region submarine-corridor candidate; not actual cable use or traffic dependency
RO,coastal_mainland_or_mixed,catalog_default_alpha2_rule,resolved_entry_only,234,234,0,0,0,0,0.0,0.0,0.0,0.0,0.0,0.0,no_observed_inter_region_candidate_exposure,1,76,41,1.0,True,eligible,trace share with at least one feasible domestic or international inter-region submarine-corridor candidate; not actual cable use or traffic dependency
RS,landlocked,catalog_landlocked_list,all_publicly_visible,192,184,0,0,0,0,0.0,0.0,0.0,0.0,0.0,0.0,no_observed_inter_region_candidate_exposure,1,51,21,0.9583333333333334,True,eligible,trace share with at least one feasible domestic or international inter-region submarine-corridor candidate; not actual cable use or traffic dependency
RS,landlocked,catalog_landlocked_list,resolved_entry_only,184,184,0,0,0,0,0.0,0.0,0.0,0.0,0.0,0.0,no_observed_inter_region_candidate_exposure,1,49,21,1.0,True,eligible,trace share with at least one feasible domestic or international inter-region submarine-corridor candidate; not actual cable use or traffic dependency
RU,coastal_mainland_or_mixed,catalog_default_alpha2_rule,all_publicly_visible,1874,1759,67,0,67,0,0.03575240128068303,0.03808982376350199,0.0,0.03575240128068303,0.0,0.03575240128068303,low_candidate_dependency_proxy,1,475,288,0.9316969050160085,True,eligible,trace share with at least one feasible domestic or international inter-region submarine-corridor candidate; not actual cable use or traffic dependency
RU,coastal_mainland_or_mixed,catalog_default_alpha2_rule,resolved_entry_only,1746,1746,67,0,67,0,0.03837342497136312,0.03837342497136312,0.0,0.03837342497136312,0.0,0.03837342497136312,low_candidate_dependency_proxy,1,456,277,1.0,True,eligible,trace share with at least one feasible domestic or international inter-region submarine-corridor candidate; not actual cable use or traffic dependency
RW,landlocked,catalog_landlocked_list,all_publicly_visible,4,4,1,0,1,0,0.25,0.25,0.0,0.25,0.0,0.25,high_candidate_dependency_proxy,1,1,1,1.0,False,"insufficient_minimum_mappable_traces,minimum_unique_probes,minimum_unique_probe_asns",trace share with at least one feasible domestic or international inter-region submarine-corridor candidate; not actual cable use or traffic dependency
RW,landlocked,catalog_landlocked_list,resolved_entry_only,4,4,1,0,1,0,0.25,0.25,0.0,0.25,0.0,0.25,high_candidate_dependency_proxy,1,1,1,1.0,False,"insufficient_minimum_mappable_traces,minimum_unique_probes,minimum_unique_probe_asns",trace share with at least one feasible domestic or international inter-region submarine-corridor candidate; not actual cable use or traffic dependency
SA,coastal_mainland_or_mixed,catalog_default_alpha2_rule,all_publicly_visible,86,53,0,0,0,0,0.0,0.0,0.0,0.0,0.0,0.0,no_observed_inter_region_candidate_exposure,1,24,12,0.6162790697674418,True,eligible,trace share with at least one feasible domestic or international inter-region submarine-corridor candidate; not actual cable use or traffic dependency
SA,coastal_mainland_or_mixed,catalog_default_alpha2_rule,resolved_entry_only,53,53,0,0,0,0,0.0,0.0,0.0,0.0,0.0,0.0,no_observed_inter_region_candidate_exposure,1,16,10,1.0,True,eligible,trace share with at least one feasible domestic or international inter-region submarine-corridor candidate; not actual cable use or traffic dependency
SE,coastal_mainland_or_mixed,catalog_default_alpha2_rule,all_publicly_visible,891,855,103,93,10,148,0.11560044893378227,0.12046783625730995,0.10437710437710437,0.01122334455667789,0.16610549943883277,0.11560044893378227,moderate_candidate_dependency_proxy,1,231,78,0.9595959595959596,True,eligible,trace share with at least one feasible domestic or international inter-region submarine-corridor candidate; not actual cable use or traffic dependency
SE,coastal_mainland_or_mixed,catalog_default_alpha2_rule,resolved_entry_only,855,855,103,93,10,148,0.12046783625730995,0.12046783625730995,0.10877192982456141,0.011695906432748537,0.17309941520467836,0.12046783625730995,moderate_candidate_dependency_proxy,1,222,74,1.0,True,eligible,trace share with at least one feasible domestic or international inter-region submarine-corridor candidate; not actual cable use or traffic dependency
SG,island_or_archipelagic,catalog_island_or_archipelagic_list,all_publicly_visible,560,531,348,347,6,347,0.6214285714285714,0.655367231638418,0.6196428571428572,0.010714285714285714,0.6196428571428572,0.6214285714285714,very_high_candidate_dependency_proxy,1,147,66,0.9482142857142857,True,eligible,trace share with at least one feasible domestic or international inter-region submarine-corridor candidate; not actual cable use or traffic dependency
SG,island_or_archipelagic,catalog_island_or_archipelagic_list,resolved_entry_only,531,531,348,347,6,347,0.655367231638418,0.655367231638418,0.6534839924670434,0.011299435028248588,0.6534839924670434,0.655367231638418,very_high_candidate_dependency_proxy,1,141,64,1.0,True,eligible,trace share with at least one feasible domestic or international inter-region submarine-corridor candidate; not actual cable use or traffic dependency
SI,coastal_mainland_or_mixed,catalog_default_alpha2_rule,all_publicly_visible,183,177,0,0,0,0,0.0,0.0,0.0,0.0,0.0,0.0,no_observed_inter_region_candidate_exposure,1,48,22,0.9672131147540983,True,eligible,trace share with at least one feasible domestic or international inter-region submarine-corridor candidate; not actual cable use or traffic dependency
SI,coastal_mainland_or_mixed,catalog_default_alpha2_rule,resolved_entry_only,177,177,0,0,0,0,0.0,0.0,0.0,0.0,0.0,0.0,no_observed_inter_region_candidate_exposure,1,47,21,1.0,True,eligible,trace share with at least one feasible domestic or international inter-region submarine-corridor candidate; not actual cable use or traffic dependency
SK,landlocked,catalog_landlocked_list,all_publicly_visible,220,200,0,0,0,0,0.0,0.0,0.0,0.0,0.0,0.0,no_observed_inter_region_candidate_exposure,1,56,22,0.9090909090909091,True,eligible,trace share with at least one feasible domestic or international inter-region submarine-corridor candidate; not actual cable use or traffic dependency
SK,landlocked,catalog_landlocked_list,resolved_entry_only,200,200,0,0,0,0,0.0,0.0,0.0,0.0,0.0,0.0,no_observed_inter_region_candidate_exposure,1,51,22,1.0,True,eligible,trace share with at least one feasible domestic or international inter-region submarine-corridor candidate; not actual cable use or traffic dependency
SL,coastal_mainland_or_mixed,catalog_default_alpha2_rule,all_publicly_visible,3,3,0,0,0,0,0.0,0.0,0.0,0.0,0.0,0.0,no_observed_inter_region_candidate_exposure,1,1,1,1.0,False,"insufficient_minimum_mappable_traces,minimum_unique_probes,minimum_unique_probe_asns",trace share with at least one feasible domestic or international inter-region submarine-corridor candidate; not actual cable use or traffic dependency
SL,coastal_mainland_or_mixed,catalog_default_alpha2_rule,resolved_entry_only,3,3,0,0,0,0,0.0,0.0,0.0,0.0,0.0,0.0,no_observed_inter_region_candidate_exposure,1,1,1,1.0,False,"insufficient_minimum_mappable_traces,minimum_unique_probes,minimum_unique_probe_asns",trace share with at least one feasible domestic or international inter-region submarine-corridor candidate; not actual cable use or traffic dependency
SM,landlocked,catalog_landlocked_list,all_publicly_visible,4,4,0,0,0,0,0.0,0.0,0.0,0.0,0.0,0.0,no_observed_inter_region_candidate_exposure,1,1,1,1.0,False,"insufficient_minimum_mappable_traces,minimum_unique_probes,minimum_unique_probe_asns",trace share with at least one feasible domestic or international inter-region submarine-corridor candidate; not actual cable use or traffic dependency
SM,landlocked,catalog_landlocked_list,resolved_entry_only,4,4,0,0,0,0,0.0,0.0,0.0,0.0,0.0,0.0,no_observed_inter_region_candidate_exposure,1,1,1,1.0,False,"insufficient_minimum_mappable_traces,minimum_unique_probes,minimum_unique_probe_asns",trace share with at least one feasible domestic or international inter-region submarine-corridor candidate; not actual cable use or traffic dependency
SN,coastal_mainland_or_mixed,catalog_default_alpha2_rule,all_publicly_visible,7,6,4,0,4,0,0.5714285714285714,0.6666666666666666,0.0,0.5714285714285714,0.0,0.5714285714285714,very_high_candidate_dependency_proxy,1,2,2,0.8571428571428571,False,"insufficient_minimum_mappable_traces,minimum_unique_probes,minimum_unique_probe_asns",trace share with at least one feasible domestic or international inter-region submarine-corridor candidate; not actual cable use or traffic dependency
SN,coastal_mainland_or_mixed,catalog_default_alpha2_rule,resolved_entry_only,6,6,4,0,4,0,0.6666666666666666,0.6666666666666666,0.0,0.6666666666666666,0.0,0.6666666666666666,very_high_candidate_dependency_proxy,1,2,2,1.0,False,"insufficient_minimum_mappable_traces,minimum_unique_probes,minimum_unique_probe_asns",trace share with at least one feasible domestic or international inter-region submarine-corridor candidate; not actual cable use or traffic dependency
SR,coastal_mainland_or_mixed,catalog_default_alpha2_rule,all_publicly_visible,3,3,2,0,2,0,0.6666666666666666,0.6666666666666666,0.0,0.6666666666666666,0.0,0.6666666666666666,very_high_candidate_dependency_proxy,1,1,1,1.0,False,"insufficient_minimum_mappable_traces,minimum_unique_probes,minimum_unique_probe_asns",trace share with at least one feasible domestic or international inter-region submarine-corridor candidate; not actual cable use or traffic dependency
SR,coastal_mainland_or_mixed,catalog_default_alpha2_rule,resolved_entry_only,3,3,2,0,2,0,0.6666666666666666,0.6666666666666666,0.0,0.6666666666666666,0.0,0.6666666666666666,very_high_candidate_dependency_proxy,1,1,1,1.0,False,"insufficient_minimum_mappable_traces,minimum_unique_probes,minimum_unique_probe_asns",trace share with at least one feasible domestic or international inter-region submarine-corridor candidate; not actual cable use or traffic dependency
SS,landlocked,catalog_landlocked_list,all_publicly_visible,4,4,0,0,0,0,0.0,0.0,0.0,0.0,0.0,0.0,no_observed_inter_region_candidate_exposure,1,1,1,1.0,False,"insufficient_minimum_mappable_traces,minimum_unique_probes,minimum_unique_probe_asns",trace share with at least one feasible domestic or international inter-region submarine-corridor candidate; not actual cable use or traffic dependency
SS,landlocked,catalog_landlocked_list,resolved_entry_only,4,4,0,0,0,0,0.0,0.0,0.0,0.0,0.0,0.0,no_observed_inter_region_candidate_exposure,1,1,1,1.0,False,"insufficient_minimum_mappable_traces,minimum_unique_probes,minimum_unique_probe_asns",trace share with at least one feasible domestic or international inter-region submarine-corridor candidate; not actual cable use or traffic dependency
SV,coastal_mainland_or_mixed,catalog_default_alpha2_rule,all_publicly_visible,47,44,6,0,6,0,0.1276595744680851,0.13636363636363635,0.0,0.1276595744680851,0.0,0.1276595744680851,moderate_candidate_dependency_proxy,1,15,10,0.9361702127659575,True,eligible,trace share with at least one feasible domestic or international inter-region submarine-corridor candidate; not actual cable use or traffic dependency
SV,coastal_mainland_or_mixed,catalog_default_alpha2_rule,resolved_entry_only,44,44,6,0,6,0,0.13636363636363635,0.13636363636363635,0.0,0.13636363636363635,0.0,0.13636363636363635,moderate_candidate_dependency_proxy,1,14,9,1.0,True,eligible,trace share with at least one feasible domestic or international inter-region submarine-corridor candidate; not actual cable use or traffic dependency
SY,coastal_mainland_or_mixed,catalog_default_alpha2_rule,all_publicly_visible,9,9,0,0,0,0,0.0,0.0,0.0,0.0,0.0,0.0,no_observed_inter_region_candidate_exposure,1,3,2,1.0,False,"insufficient_minimum_mappable_traces,minimum_unique_probes,minimum_unique_probe_asns",trace share with at least one feasible domestic or international inter-region submarine-corridor candidate; not actual cable use or traffic dependency
SY,coastal_mainland_or_mixed,catalog_default_alpha2_rule,resolved_entry_only,9,9,0,0,0,0,0.0,0.0,0.0,0.0,0.0,0.0,no_observed_inter_region_candidate_exposure,1,3,2,1.0,False,"insufficient_minimum_mappable_traces,minimum_unique_probes,minimum_unique_probe_asns",trace share with at least one feasible domestic or international inter-region submarine-corridor candidate; not actual cable use or traffic dependency
TD,landlocked,catalog_landlocked_list,all_publicly_visible,3,3,0,0,0,0,0.0,0.0,0.0,0.0,0.0,0.0,no_observed_inter_region_candidate_exposure,1,1,1,1.0,False,"insufficient_minimum_mappable_traces,minimum_unique_probes,minimum_unique_probe_asns",trace share with at least one feasible domestic or international inter-region submarine-corridor candidate; not actual cable use or traffic dependency
TD,landlocked,catalog_landlocked_list,resolved_entry_only,3,3,0,0,0,0,0.0,0.0,0.0,0.0,0.0,0.0,no_observed_inter_region_candidate_exposure,1,1,1,1.0,False,"insufficient_minimum_mappable_traces,minimum_unique_probes,minimum_unique_probe_asns",trace share with at least one feasible domestic or international inter-region submarine-corridor candidate; not actual cable use or traffic dependency
TG,coastal_mainland_or_mixed,catalog_default_alpha2_rule,all_publicly_visible,4,4,3,0,3,0,0.75,0.75,0.0,0.75,0.0,0.75,very_high_candidate_dependency_proxy,1,1,1,1.0,False,"insufficient_minimum_mappable_traces,minimum_unique_probes,minimum_unique_probe_asns",trace share with at least one feasible domestic or international inter-region submarine-corridor candidate; not actual cable use or traffic dependency
TG,coastal_mainland_or_mixed,catalog_default_alpha2_rule,resolved_entry_only,4,4,3,0,3,0,0.75,0.75,0.0,0.75,0.0,0.75,very_high_candidate_dependency_proxy,1,1,1,1.0,False,"insufficient_minimum_mappable_traces,minimum_unique_probes,minimum_unique_probe_asns",trace share with at least one feasible domestic or international inter-region submarine-corridor candidate; not actual cable use or traffic dependency
TH,coastal_mainland_or_mixed,catalog_default_alpha2_rule,all_publicly_visible,189,188,10,8,2,8,0.05291005291005291,0.05319148936170213,0.042328042328042326,0.010582010582010581,0.042328042328042326,0.05291005291005291,moderate_candidate_dependency_proxy,1,49,29,0.9947089947089947,True,eligible,trace share with at least one feasible domestic or international inter-region submarine-corridor candidate; not actual cable use or traffic dependency
TH,coastal_mainland_or_mixed,catalog_default_alpha2_rule,resolved_entry_only,188,188,10,8,2,8,0.05319148936170213,0.05319148936170213,0.0425531914893617,0.010638297872340425,0.0425531914893617,0.05319148936170213,moderate_candidate_dependency_proxy,1,49,29,1.0,True,eligible,trace share with at least one feasible domestic or international inter-region submarine-corridor candidate; not actual cable use or traffic dependency
TJ,landlocked,catalog_landlocked_list,all_publicly_visible,44,37,0,0,0,0,0.0,0.0,0.0,0.0,0.0,0.0,no_observed_inter_region_candidate_exposure,1,14,11,0.8409090909090909,True,eligible,trace share with at least one feasible domestic or international inter-region submarine-corridor candidate; not actual cable use or traffic dependency
TJ,landlocked,catalog_landlocked_list,resolved_entry_only,37,37,0,0,0,0,0.0,0.0,0.0,0.0,0.0,0.0,no_observed_inter_region_candidate_exposure,1,12,9,1.0,True,eligible,trace share with at least one feasible domestic or international inter-region submarine-corridor candidate; not actual cable use or traffic dependency
TL,island_or_archipelagic,catalog_island_or_archipelagic_list,all_publicly_visible,15,15,7,7,0,3,0.4666666666666667,0.4666666666666667,0.4666666666666667,0.0,0.2,0.4666666666666667,very_high_candidate_dependency_proxy,1,4,2,1.0,False,"insufficient_minimum_mappable_traces,minimum_unique_probes,minimum_unique_probe_asns",trace share with at least one feasible domestic or international inter-region submarine-corridor candidate; not actual cable use or traffic dependency
TL,island_or_archipelagic,catalog_island_or_archipelagic_list,resolved_entry_only,15,15,7,7,0,3,0.4666666666666667,0.4666666666666667,0.4666666666666667,0.0,0.2,0.4666666666666667,very_high_candidate_dependency_proxy,1,4,2,1.0,False,"insufficient_minimum_mappable_traces,minimum_unique_probes,minimum_unique_probe_asns",trace share with at least one feasible domestic or international inter-region submarine-corridor candidate; not actual cable use or traffic dependency
TN,coastal_mainland_or_mixed,catalog_default_alpha2_rule,all_publicly_visible,29,21,0,0,0,0,0.0,0.0,0.0,0.0,0.0,0.0,no_observed_inter_region_candidate_exposure,1,8,5,0.7241379310344828,False,"insufficient_minimum_mappable_traces,minimum_unique_probes",trace share with at least one feasible domestic or international inter-region submarine-corridor candidate; not actual cable use or traffic dependency
TN,coastal_mainland_or_mixed,catalog_default_alpha2_rule,resolved_entry_only,21,21,0,0,0,0,0.0,0.0,0.0,0.0,0.0,0.0,no_observed_inter_region_candidate_exposure,1,7,4,1.0,False,"insufficient_minimum_mappable_traces,minimum_unique_probes",trace share with at least one feasible domestic or international inter-region submarine-corridor candidate; not actual cable use or traffic dependency
TO,island_or_archipelagic,catalog_island_or_archipelagic_list,all_publicly_visible,4,4,4,0,4,4,1.0,1.0,0.0,1.0,1.0,1.0,very_high_candidate_dependency_proxy,1,1,1,1.0,False,"insufficient_minimum_mappable_traces,minimum_unique_probes,minimum_unique_probe_asns",trace share with at least one feasible domestic or international inter-region submarine-corridor candidate; not actual cable use or traffic dependency
TO,island_or_archipelagic,catalog_island_or_archipelagic_list,resolved_entry_only,4,4,4,0,4,4,1.0,1.0,0.0,1.0,1.0,1.0,very_high_candidate_dependency_proxy,1,1,1,1.0,False,"insufficient_minimum_mappable_traces,minimum_unique_probes,minimum_unique_probe_asns",trace share with at least one feasible domestic or international inter-region submarine-corridor candidate; not actual cable use or traffic dependency
TR,coastal_mainland_or_mixed,catalog_default_alpha2_rule,all_publicly_visible,253,239,0,0,0,0,0.0,0.0,0.0,0.0,0.0,0.0,no_observed_inter_region_candidate_exposure,1,69,30,0.9446640316205533,True,eligible,trace share with at least one feasible domestic or international inter-region submarine-corridor candidate; not actual cable use or traffic dependency
TR,coastal_mainland_or_mixed,catalog_default_alpha2_rule,resolved_entry_only,239,239,0,0,0,0,0.0,0.0,0.0,0.0,0.0,0.0,no_observed_inter_region_candidate_exposure,1,67,29,1.0,True,eligible,trace share with at least one feasible domestic or international inter-region submarine-corridor candidate; not actual cable use or traffic dependency
TT,island_or_archipelagic,catalog_island_or_archipelagic_list,all_publicly_visible,4,4,0,0,0,0,0.0,0.0,0.0,0.0,0.0,0.0,no_observed_inter_region_candidate_exposure,1,1,1,1.0,False,"insufficient_minimum_mappable_traces,minimum_unique_probes,minimum_unique_probe_asns",trace share with at least one feasible domestic or international inter-region submarine-corridor candidate; not actual cable use or traffic dependency
TT,island_or_archipelagic,catalog_island_or_archipelagic_list,resolved_entry_only,4,4,0,0,0,0,0.0,0.0,0.0,0.0,0.0,0.0,no_observed_inter_region_candidate_exposure,1,1,1,1.0,False,"insufficient_minimum_mappable_traces,minimum_unique_probes,minimum_unique_probe_asns",trace share with at least one feasible domestic or international inter-region submarine-corridor candidate; not actual cable use or traffic dependency
TV,island_or_archipelagic,catalog_island_or_archipelagic_list,all_publicly_visible,3,3,3,0,3,0,1.0,1.0,0.0,1.0,0.0,1.0,very_high_candidate_dependency_proxy,1,1,1,1.0,False,"insufficient_minimum_mappable_traces,minimum_unique_probes,minimum_unique_probe_asns",trace share with at least one feasible domestic or international inter-region submarine-corridor candidate; not actual cable use or traffic dependency
TV,island_or_archipelagic,catalog_island_or_archipelagic_list,resolved_entry_only,3,3,3,0,3,0,1.0,1.0,0.0,1.0,0.0,1.0,very_high_candidate_dependency_proxy,1,1,1,1.0,False,"insufficient_minimum_mappable_traces,minimum_unique_probes,minimum_unique_probe_asns",trace share with at least one feasible domestic or international inter-region submarine-corridor candidate; not actual cable use or traffic dependency
TW,island_or_archipelagic,catalog_island_or_archipelagic_list,all_publicly_visible,289,281,124,88,39,230,0.4290657439446367,0.4412811387900356,0.3044982698961938,0.13494809688581316,0.7958477508650519,0.4290657439446367,very_high_candidate_dependency_proxy,1,81,34,0.972318339100346,True,eligible,trace share with at least one feasible domestic or international inter-region submarine-corridor candidate; not actual cable use or traffic dependency
TW,island_or_archipelagic,catalog_island_or_archipelagic_list,resolved_entry_only,281,281,124,88,39,230,0.4412811387900356,0.4412811387900356,0.31316725978647686,0.1387900355871886,0.8185053380782918,0.4412811387900356,very_high_candidate_dependency_proxy,1,80,34,1.0,True,eligible,trace share with at least one feasible domestic or international inter-region submarine-corridor candidate; not actual cable use or traffic dependency
TZ,coastal_mainland_or_mixed,catalog_default_alpha2_rule,all_publicly_visible,23,19,1,0,1,0,0.043478260869565216,0.05263157894736842,0.0,0.043478260869565216,0.0,0.043478260869565216,low_candidate_dependency_proxy,1,6,5,0.8260869565217391,False,"insufficient_minimum_mappable_traces,minimum_unique_probes",trace share with at least one feasible domestic or international inter-region submarine-corridor candidate; not actual cable use or traffic dependency
TZ,coastal_mainland_or_mixed,catalog_default_alpha2_rule,resolved_entry_only,19,19,1,0,1,0,0.05263157894736842,0.05263157894736842,0.0,0.05263157894736842,0.0,0.05263157894736842,moderate_candidate_dependency_proxy,1,5,4,1.0,False,"insufficient_minimum_mappable_traces,minimum_unique_probes",trace share with at least one feasible domestic or international inter-region submarine-corridor candidate; not actual cable use or traffic dependency
UA,coastal_mainland_or_mixed,catalog_default_alpha2_rule,all_publicly_visible,630,591,0,0,0,0,0.0,0.0,0.0,0.0,0.0,0.0,no_observed_inter_region_candidate_exposure,1,162,114,0.9380952380952381,True,eligible,trace share with at least one feasible domestic or international inter-region submarine-corridor candidate; not actual cable use or traffic dependency
UA,coastal_mainland_or_mixed,catalog_default_alpha2_rule,resolved_entry_only,591,591,0,0,0,0,0.0,0.0,0.0,0.0,0.0,0.0,no_observed_inter_region_candidate_exposure,1,154,110,1.0,True,eligible,trace share with at least one feasible domestic or international inter-region submarine-corridor candidate; not actual cable use or traffic dependency
UG,landlocked,catalog_landlocked_list,all_publicly_visible,21,21,5,0,5,0,0.23809523809523808,0.23809523809523808,0.0,0.23809523809523808,0.0,0.23809523809523808,high_candidate_dependency_proxy,1,6,4,1.0,False,"insufficient_minimum_mappable_traces,minimum_unique_probes",trace share with at least one feasible domestic or international inter-region submarine-corridor candidate; not actual cable use or traffic dependency
UG,landlocked,catalog_landlocked_list,resolved_entry_only,21,21,5,0,5,0,0.23809523809523808,0.23809523809523808,0.0,0.23809523809523808,0.0,0.23809523809523808,high_candidate_dependency_proxy,1,6,4,1.0,False,"insufficient_minimum_mappable_traces,minimum_unique_probes",trace share with at least one feasible domestic or international inter-region submarine-corridor candidate; not actual cable use or traffic dependency
US,coastal_mainland_or_mixed,catalog_default_alpha2_rule,all_publicly_visible,7189,6758,223,179,47,397,0.03101961329809431,0.03299792838117786,0.024899151481429963,0.006537766031436918,0.055223257754903325,0.03101961329809431,low_candidate_dependency_proxy,1,1874,512,0.9394908888579775,True,eligible,trace share with at least one feasible domestic or international inter-region submarine-corridor candidate; not actual cable use or traffic dependency
US,coastal_mainland_or_mixed,catalog_default_alpha2_rule,resolved_entry_only,6754,6754,223,179,47,397,0.033017471128220316,0.033017471128220316,0.026502813147764287,0.00695883920639621,0.058779982232750966,0.033017471128220316,low_candidate_dependency_proxy,1,1795,499,1.0,True,eligible,trace share with at least one feasible domestic or international inter-region submarine-corridor candidate; not actual cable use or traffic dependency
UY,coastal_mainland_or_mixed,catalog_default_alpha2_rule,all_publicly_visible,76,76,0,0,0,0,0.0,0.0,0.0,0.0,0.0,0.0,no_observed_inter_region_candidate_exposure,1,21,5,1.0,True,eligible,trace share with at least one feasible domestic or international inter-region submarine-corridor candidate; not actual cable use or traffic dependency
UY,coastal_mainland_or_mixed,catalog_default_alpha2_rule,resolved_entry_only,76,76,0,0,0,0,0.0,0.0,0.0,0.0,0.0,0.0,no_observed_inter_region_candidate_exposure,1,21,5,1.0,True,eligible,trace share with at least one feasible domestic or international inter-region submarine-corridor candidate; not actual cable use or traffic dependency
UZ,landlocked,catalog_landlocked_list,all_publicly_visible,35,32,0,0,0,0,0.0,0.0,0.0,0.0,0.0,0.0,no_observed_inter_region_candidate_exposure,1,10,8,0.9142857142857143,True,eligible,trace share with at least one feasible domestic or international inter-region submarine-corridor candidate; not actual cable use or traffic dependency
UZ,landlocked,catalog_landlocked_list,resolved_entry_only,32,32,0,0,0,0,0.0,0.0,0.0,0.0,0.0,0.0,no_observed_inter_region_candidate_exposure,1,9,8,1.0,False,insufficient_minimum_unique_probes,trace share with at least one feasible domestic or international inter-region submarine-corridor candidate; not actual cable use or traffic dependency
VA,landlocked,catalog_landlocked_list,all_publicly_visible,4,4,1,1,1,0,0.25,0.25,0.25,0.25,0.0,0.25,high_candidate_dependency_proxy,1,1,1,1.0,False,"insufficient_minimum_mappable_traces,minimum_unique_probes,minimum_unique_probe_asns",trace share with at least one feasible domestic or international inter-region submarine-corridor candidate; not actual cable use or traffic dependency
VA,landlocked,catalog_landlocked_list,resolved_entry_only,4,4,1,1,1,0,0.25,0.25,0.25,0.25,0.0,0.25,high_candidate_dependency_proxy,1,1,1,1.0,False,"insufficient_minimum_mappable_traces,minimum_unique_probes,minimum_unique_probe_asns",trace share with at least one feasible domestic or international inter-region submarine-corridor candidate; not actual cable use or traffic dependency
VE,coastal_mainland_or_mixed,catalog_default_alpha2_rule,all_publicly_visible,133,116,0,0,0,9,0.0,0.0,0.0,0.0,0.06766917293233082,0.0,no_observed_inter_region_candidate_exposure,1,38,25,0.8721804511278195,True,eligible,trace share with at least one feasible domestic or international inter-region submarine-corridor candidate; not actual cable use or traffic dependency
VE,coastal_mainland_or_mixed,catalog_default_alpha2_rule,resolved_entry_only,116,116,0,0,0,9,0.0,0.0,0.0,0.0,0.07758620689655173,0.0,no_observed_inter_region_candidate_exposure,1,35,24,1.0,True,eligible,trace share with at least one feasible domestic or international inter-region submarine-corridor candidate; not actual cable use or traffic dependency
VI,island_or_archipelagic,catalog_island_or_archipelagic_list,all_publicly_visible,11,11,8,0,8,8,0.7272727272727273,0.7272727272727273,0.0,0.7272727272727273,0.7272727272727273,0.7272727272727273,very_high_candidate_dependency_proxy,1,3,2,1.0,False,"insufficient_minimum_mappable_traces,minimum_unique_probes,minimum_unique_probe_asns",trace share with at least one feasible domestic or international inter-region submarine-corridor candidate; not actual cable use or traffic dependency
VI,island_or_archipelagic,catalog_island_or_archipelagic_list,resolved_entry_only,11,11,8,0,8,8,0.7272727272727273,0.7272727272727273,0.0,0.7272727272727273,0.7272727272727273,0.7272727272727273,very_high_candidate_dependency_proxy,1,3,2,1.0,False,"insufficient_minimum_mappable_traces,minimum_unique_probes,minimum_unique_probe_asns",trace share with at least one feasible domestic or international inter-region submarine-corridor candidate; not actual cable use or traffic dependency
VN,coastal_mainland_or_mixed,catalog_default_alpha2_rule,all_publicly_visible,109,105,29,24,9,33,0.26605504587155965,0.2761904761904762,0.22018348623853212,0.08256880733944955,0.30275229357798167,0.26605504587155965,high_candidate_dependency_proxy,1,28,16,0.963302752293578,True,eligible,trace share with at least one feasible domestic or international inter-region submarine-corridor candidate; not actual cable use or traffic dependency
VN,coastal_mainland_or_mixed,catalog_default_alpha2_rule,resolved_entry_only,105,105,29,24,9,33,0.2761904761904762,0.2761904761904762,0.22857142857142856,0.08571428571428572,0.3142857142857143,0.2761904761904762,high_candidate_dependency_proxy,1,27,16,1.0,True,eligible,trace share with at least one feasible domestic or international inter-region submarine-corridor candidate; not actual cable use or traffic dependency
VU,island_or_archipelagic,catalog_island_or_archipelagic_list,all_publicly_visible,7,4,4,0,4,4,0.5714285714285714,1.0,0.0,0.5714285714285714,0.5714285714285714,0.5714285714285714,very_high_candidate_dependency_proxy,1,2,1,0.5714285714285714,False,"insufficient_minimum_mappable_traces,minimum_unique_probes,minimum_unique_probe_asns",trace share with at least one feasible domestic or international inter-region submarine-corridor candidate; not actual cable use or traffic dependency
VU,island_or_archipelagic,catalog_island_or_archipelagic_list,resolved_entry_only,4,4,4,0,4,4,1.0,1.0,0.0,1.0,1.0,1.0,very_high_candidate_dependency_proxy,1,2,1,1.0,False,"insufficient_minimum_mappable_traces,minimum_unique_probes,minimum_unique_probe_asns",trace share with at least one feasible domestic or international inter-region submarine-corridor candidate; not actual cable use or traffic dependency
YE,coastal_mainland_or_mixed,catalog_default_alpha2_rule,all_publicly_visible,4,4,0,0,0,0,0.0,0.0,0.0,0.0,0.0,0.0,no_observed_inter_region_candidate_exposure,1,1,1,1.0,False,"insufficient_minimum_mappable_traces,minimum_unique_probes,minimum_unique_probe_asns",trace share with at least one feasible domestic or international inter-region submarine-corridor candidate; not actual cable use or traffic dependency
YE,coastal_mainland_or_mixed,catalog_default_alpha2_rule,resolved_entry_only,4,4,0,0,0,0,0.0,0.0,0.0,0.0,0.0,0.0,no_observed_inter_region_candidate_exposure,1,1,1,1.0,False,"insufficient_minimum_mappable_traces,minimum_unique_probes,minimum_unique_probe_asns",trace share with at least one feasible domestic or international inter-region submarine-corridor candidate; not actual cable use or traffic dependency
ZA,coastal_mainland_or_mixed,catalog_default_alpha2_rule,all_publicly_visible,490,480,16,2,15,4,0.0326530612244898,0.03333333333333333,0.004081632653061225,0.030612244897959183,0.00816326530612245,0.0326530612244898,low_candidate_dependency_proxy,1,133,71,0.9795918367346939,True,eligible,trace share with at least one feasible domestic or international inter-region submarine-corridor candidate; not actual cable use or traffic dependency
ZA,coastal_mainland_or_mixed,catalog_default_alpha2_rule,resolved_entry_only,480,480,16,2,15,4,0.03333333333333333,0.03333333333333333,0.004166666666666667,0.03125,0.008333333333333333,0.03333333333333333,low_candidate_dependency_proxy,1,132,70,1.0,True,eligible,trace share with at least one feasible domestic or international inter-region submarine-corridor candidate; not actual cable use or traffic dependency
ZM,landlocked,catalog_landlocked_list,all_publicly_visible,16,12,0,0,0,0,0.0,0.0,0.0,0.0,0.0,0.0,no_observed_inter_region_candidate_exposure,1,4,4,0.75,False,"insufficient_minimum_mappable_traces,minimum_unique_probes",trace share with at least one feasible domestic or international inter-region submarine-corridor candidate; not actual cable use or traffic dependency
ZM,landlocked,catalog_landlocked_list,resolved_entry_only,12,12,0,0,0,0,0.0,0.0,0.0,0.0,0.0,0.0,no_observed_inter_region_candidate_exposure,1,3,3,1.0,False,"insufficient_minimum_mappable_traces,minimum_unique_probes",trace share with at least one feasible domestic or international inter-region submarine-corridor candidate; not actual cable use or traffic dependency
ZW,landlocked,catalog_landlocked_list,all_publicly_visible,12,12,0,0,0,0,0.0,0.0,0.0,0.0,0.0,0.0,no_observed_inter_region_candidate_exposure,1,3,2,1.0,False,"insufficient_minimum_mappable_traces,minimum_unique_probes,minimum_unique_probe_asns",trace share with at least one feasible domestic or international inter-region submarine-corridor candidate; not actual cable use or traffic dependency
ZW,landlocked,catalog_landlocked_list,resolved_entry_only,12,12,0,0,0,0,0.0,0.0,0.0,0.0,0.0,0.0,no_observed_inter_region_candidate_exposure,1,3,2,1.0,False,"insufficient_minimum_mappable_traces,minimum_unique_probes,minimum_unique_probe_asns",trace share with at least one feasible domestic or international inter-region submarine-corridor candidate; not actual cable use or traffic dependency
