probe_country,service_id,path_scope_stratum,msm_id,file_name,corridor_id,corridor_label,observation_mass,raw_segment_count_with_corridor_feasible,unique_atomic_segments,unique_traceroutes,unique_probes,unique_probe_asns,group_unique_probes,group_unique_probe_asns,share_of_unit_observation_mass,rank_within_unit,is_top1_corridor,is_top2_corridor,is_top3_corridor,domestic_segment_mass,international_segment_mass
AE,Reddit,all_publicly_visible,176906957,popular-application_reddit_msm176906957_20260701T000000Z_010000Z.json,landing_region_1392e3aea9b8::landing_region_8dc97f28b4d0,"Fujairah, United Arab Emirates -> Sharjah, United Arab Emirates",7.0,7,7,7,3,3,5,5,0.3181818181818182,1,True,False,False,7.0,0.0
AE,Reddit,all_publicly_visible,176906957,popular-application_reddit_msm176906957_20260701T000000Z_010000Z.json,landing_region_5d023e72c246::landing_region_b37879c52c2b,"Singapore, Singapore -> Batam, Indonesia",3.333333333333333,10,10,7,2,2,5,5,0.1515151515151515,2,False,True,False,3.333333333333333,0.0
AE,Reddit,all_publicly_visible,176906957,popular-application_reddit_msm176906957_20260701T000000Z_010000Z.json,landing_region_9430e1a9028b::landing_region_b37879c52c2b,"Changi North, Singapore -> Batam, Indonesia",3.333333333333333,10,10,7,2,2,5,5,0.1515151515151515,3,False,False,True,3.333333333333333,0.0
AE,Reddit,all_publicly_visible,176906957,popular-application_reddit_msm176906957_20260701T000000Z_010000Z.json,landing_region_af2b1cb46785::landing_region_b37879c52c2b,"Tuas, Singapore -> Batam, Indonesia",3.333333333333333,10,10,7,2,2,5,5,0.1515151515151515,4,False,False,False,3.333333333333333,0.0
AE,Reddit,all_publicly_visible,176906957,popular-application_reddit_msm176906957_20260701T000000Z_010000Z.json,landing_region_6fa1e5de30e2::landing_region_8dc97f28b4d0,"Al Seeb, Oman -> Sharjah, United Arab Emirates",3.0,3,3,3,1,1,5,5,0.13636363636363635,5,False,False,False,0.0,3.0
AE,Reddit,all_publicly_visible,176906957,popular-application_reddit_msm176906957_20260701T000000Z_010000Z.json,landing_region_1392e3aea9b8::landing_region_af2b1cb46785,"Fujairah, United Arab Emirates -> Tuas, Singapore",2.0,2,2,2,1,1,5,5,0.09090909090909091,6,False,False,False,0.0,2.0
AE,Reddit,resolved_entry_only,176906957,popular-application_reddit_msm176906957_20260701T000000Z_010000Z.json,landing_region_1392e3aea9b8::landing_region_8dc97f28b4d0,"Fujairah, United Arab Emirates -> Sharjah, United Arab Emirates",7.0,7,7,7,3,3,5,5,0.3181818181818182,1,True,False,False,7.0,0.0
AE,Reddit,resolved_entry_only,176906957,popular-application_reddit_msm176906957_20260701T000000Z_010000Z.json,landing_region_5d023e72c246::landing_region_b37879c52c2b,"Singapore, Singapore -> Batam, Indonesia",3.333333333333333,10,10,7,2,2,5,5,0.1515151515151515,2,False,True,False,3.333333333333333,0.0
AE,Reddit,resolved_entry_only,176906957,popular-application_reddit_msm176906957_20260701T000000Z_010000Z.json,landing_region_9430e1a9028b::landing_region_b37879c52c2b,"Changi North, Singapore -> Batam, Indonesia",3.333333333333333,10,10,7,2,2,5,5,0.1515151515151515,3,False,False,True,3.333333333333333,0.0
AE,Reddit,resolved_entry_only,176906957,popular-application_reddit_msm176906957_20260701T000000Z_010000Z.json,landing_region_af2b1cb46785::landing_region_b37879c52c2b,"Tuas, Singapore -> Batam, Indonesia",3.333333333333333,10,10,7,2,2,5,5,0.1515151515151515,4,False,False,False,3.333333333333333,0.0
AE,Reddit,resolved_entry_only,176906957,popular-application_reddit_msm176906957_20260701T000000Z_010000Z.json,landing_region_6fa1e5de30e2::landing_region_8dc97f28b4d0,"Al Seeb, Oman -> Sharjah, United Arab Emirates",3.0,3,3,3,1,1,5,5,0.13636363636363635,5,False,False,False,0.0,3.0
AE,Reddit,resolved_entry_only,176906957,popular-application_reddit_msm176906957_20260701T000000Z_010000Z.json,landing_region_1392e3aea9b8::landing_region_af2b1cb46785,"Fujairah, United Arab Emirates -> Tuas, Singapore",2.0,2,2,2,1,1,5,5,0.09090909090909091,6,False,False,False,0.0,2.0
AF,Reddit,all_publicly_visible,176906957,popular-application_reddit_msm176906957_20260701T000000Z_010000Z.json,landing_region_1392e3aea9b8::landing_region_8dc97f28b4d0,"Fujairah, United Arab Emirates -> Sharjah, United Arab Emirates",5.0,5,5,5,2,1,2,1,0.625,1,True,False,False,5.0,0.0
AF,Reddit,all_publicly_visible,176906957,popular-application_reddit_msm176906957_20260701T000000Z_010000Z.json,landing_region_1392e3aea9b8::landing_region_1b3a8d836a7d,"Fujairah, United Arab Emirates -> Karachi, Pakistan",3.0,3,3,3,2,1,2,1,0.375,2,False,True,False,0.0,3.0
AF,Reddit,resolved_entry_only,176906957,popular-application_reddit_msm176906957_20260701T000000Z_010000Z.json,landing_region_1392e3aea9b8::landing_region_8dc97f28b4d0,"Fujairah, United Arab Emirates -> Sharjah, United Arab Emirates",5.0,5,5,5,2,1,2,1,0.625,1,True,False,False,5.0,0.0
AF,Reddit,resolved_entry_only,176906957,popular-application_reddit_msm176906957_20260701T000000Z_010000Z.json,landing_region_1392e3aea9b8::landing_region_1b3a8d836a7d,"Fujairah, United Arab Emirates -> Karachi, Pakistan",3.0,3,3,3,2,1,2,1,0.375,2,False,True,False,0.0,3.0
AU,Reddit,all_publicly_visible,176906957,popular-application_reddit_msm176906957_20260701T000000Z_010000Z.json,landing_region_149acfcae34c::landing_region_58084817cbe7,"Melbourne, VIC, Australia -> Paddington, NSW, Australia",7.0,7,7,7,2,2,5,5,0.5,1,True,False,False,7.0,0.0
AU,Reddit,all_publicly_visible,176906957,popular-application_reddit_msm176906957_20260701T000000Z_010000Z.json,landing_region_58084817cbe7::landing_region_b204db5c9fda,"Paddington, NSW, Australia -> Adelaide, SA, Australia",6.0,6,6,6,2,2,5,5,0.42857142857142855,2,False,True,False,6.0,0.0
AU,Reddit,all_publicly_visible,176906957,popular-application_reddit_msm176906957_20260701T000000Z_010000Z.json,landing_region_5d023e72c246::landing_region_b37879c52c2b,"Singapore, Singapore -> Batam, Indonesia",0.3333333333333333,1,1,1,1,1,5,5,0.023809523809523808,3,False,False,True,0.3333333333333333,0.0
AU,Reddit,all_publicly_visible,176906957,popular-application_reddit_msm176906957_20260701T000000Z_010000Z.json,landing_region_9430e1a9028b::landing_region_b37879c52c2b,"Changi North, Singapore -> Batam, Indonesia",0.3333333333333333,1,1,1,1,1,5,5,0.023809523809523808,4,False,False,False,0.3333333333333333,0.0
AU,Reddit,all_publicly_visible,176906957,popular-application_reddit_msm176906957_20260701T000000Z_010000Z.json,landing_region_af2b1cb46785::landing_region_b37879c52c2b,"Tuas, Singapore -> Batam, Indonesia",0.3333333333333333,1,1,1,1,1,5,5,0.023809523809523808,5,False,False,False,0.3333333333333333,0.0
AU,Reddit,resolved_entry_only,176906957,popular-application_reddit_msm176906957_20260701T000000Z_010000Z.json,landing_region_149acfcae34c::landing_region_58084817cbe7,"Melbourne, VIC, Australia -> Paddington, NSW, Australia",7.0,7,7,7,2,2,5,5,0.5,1,True,False,False,7.0,0.0
AU,Reddit,resolved_entry_only,176906957,popular-application_reddit_msm176906957_20260701T000000Z_010000Z.json,landing_region_58084817cbe7::landing_region_b204db5c9fda,"Paddington, NSW, Australia -> Adelaide, SA, Australia",6.0,6,6,6,2,2,5,5,0.42857142857142855,2,False,True,False,6.0,0.0
AU,Reddit,resolved_entry_only,176906957,popular-application_reddit_msm176906957_20260701T000000Z_010000Z.json,landing_region_5d023e72c246::landing_region_b37879c52c2b,"Singapore, Singapore -> Batam, Indonesia",0.3333333333333333,1,1,1,1,1,5,5,0.023809523809523808,3,False,False,True,0.3333333333333333,0.0
AU,Reddit,resolved_entry_only,176906957,popular-application_reddit_msm176906957_20260701T000000Z_010000Z.json,landing_region_9430e1a9028b::landing_region_b37879c52c2b,"Changi North, Singapore -> Batam, Indonesia",0.3333333333333333,1,1,1,1,1,5,5,0.023809523809523808,4,False,False,False,0.3333333333333333,0.0
AU,Reddit,resolved_entry_only,176906957,popular-application_reddit_msm176906957_20260701T000000Z_010000Z.json,landing_region_af2b1cb46785::landing_region_b37879c52c2b,"Tuas, Singapore -> Batam, Indonesia",0.3333333333333333,1,1,1,1,1,5,5,0.023809523809523808,5,False,False,False,0.3333333333333333,0.0
AX,Reddit,all_publicly_visible,176906957,popular-application_reddit_msm176906957_20260701T000000Z_010000Z.json,landing_region_3c99e4792a25::landing_region_3eb4f4d89687,"Stavsnas, Sweden -> Hamnäs, Finland",4.0,4,4,4,1,1,1,1,1.0,1,True,False,False,0.0,4.0
AX,Reddit,resolved_entry_only,176906957,popular-application_reddit_msm176906957_20260701T000000Z_010000Z.json,landing_region_3c99e4792a25::landing_region_3eb4f4d89687,"Stavsnas, Sweden -> Hamnäs, Finland",4.0,4,4,4,1,1,1,1,1.0,1,True,False,False,0.0,4.0
AZ,Reddit,all_publicly_visible,176906957,popular-application_reddit_msm176906957_20260701T000000Z_010000Z.json,landing_region_3c99e4792a25::landing_region_65aa8d7cf62e,"Stavsnas, Sweden -> Espoo, Finland",4.5,9,9,9,4,4,4,4,0.5,1,True,False,False,0.0,4.5
AZ,Reddit,all_publicly_visible,176906957,popular-application_reddit_msm176906957_20260701T000000Z_010000Z.json,landing_region_65aa8d7cf62e::landing_region_c607af4095db,"Espoo, Finland -> Kista, Sweden",4.5,9,9,9,4,4,4,4,0.5,2,False,True,False,0.0,4.5
AZ,Reddit,resolved_entry_only,176906957,popular-application_reddit_msm176906957_20260701T000000Z_010000Z.json,landing_region_3c99e4792a25::landing_region_65aa8d7cf62e,"Stavsnas, Sweden -> Espoo, Finland",4.5,9,9,9,4,4,4,4,0.5,1,True,False,False,0.0,4.5
AZ,Reddit,resolved_entry_only,176906957,popular-application_reddit_msm176906957_20260701T000000Z_010000Z.json,landing_region_65aa8d7cf62e::landing_region_c607af4095db,"Espoo, Finland -> Kista, Sweden",4.5,9,9,9,4,4,4,4,0.5,2,False,True,False,0.0,4.5
BB,Reddit,all_publicly_visible,176906957,popular-application_reddit_msm176906957_20260701T000000Z_010000Z.json,landing_region_83c1ffe3b901::landing_region_bd03623e84bf,"Mahuma, Curaçao -> Hollywood, FL, United States",4.0,4,4,4,1,1,1,1,1.0,1,True,False,False,0.0,4.0
BB,Reddit,resolved_entry_only,176906957,popular-application_reddit_msm176906957_20260701T000000Z_010000Z.json,landing_region_83c1ffe3b901::landing_region_bd03623e84bf,"Mahuma, Curaçao -> Hollywood, FL, United States",4.0,4,4,4,1,1,1,1,1.0,1,True,False,False,0.0,4.0
BF,Reddit,all_publicly_visible,176906957,popular-application_reddit_msm176906957_20260701T000000Z_010000Z.json,landing_region_343850da3642::landing_region_f7627feb3284,"Carcavelos, Portugal -> Seixal, Portugal",2.0,2,2,2,2,2,2,2,0.6666666666666666,1,True,False,False,2.0,0.0
BF,Reddit,all_publicly_visible,176906957,popular-application_reddit_msm176906957_20260701T000000Z_010000Z.json,landing_region_2e263771884f::landing_region_343850da3642,"Accra, Ghana -> Carcavelos, Portugal",0.5,1,1,1,1,1,2,2,0.16666666666666666,2,False,True,False,0.0,0.5
BF,Reddit,all_publicly_visible,176906957,popular-application_reddit_msm176906957_20260701T000000Z_010000Z.json,landing_region_2e263771884f::landing_region_f7627feb3284,"Accra, Ghana -> Seixal, Portugal",0.5,1,1,1,1,1,2,2,0.16666666666666666,3,False,False,True,0.0,0.5
BF,Reddit,resolved_entry_only,176906957,popular-application_reddit_msm176906957_20260701T000000Z_010000Z.json,landing_region_343850da3642::landing_region_f7627feb3284,"Carcavelos, Portugal -> Seixal, Portugal",2.0,2,2,2,2,2,2,2,0.6666666666666666,1,True,False,False,2.0,0.0
BF,Reddit,resolved_entry_only,176906957,popular-application_reddit_msm176906957_20260701T000000Z_010000Z.json,landing_region_2e263771884f::landing_region_343850da3642,"Accra, Ghana -> Carcavelos, Portugal",0.5,1,1,1,1,1,2,2,0.16666666666666666,2,False,True,False,0.0,0.5
BF,Reddit,resolved_entry_only,176906957,popular-application_reddit_msm176906957_20260701T000000Z_010000Z.json,landing_region_2e263771884f::landing_region_f7627feb3284,"Accra, Ghana -> Seixal, Portugal",0.5,1,1,1,1,1,2,2,0.16666666666666666,3,False,False,True,0.0,0.5
BH,Reddit,all_publicly_visible,176906957,popular-application_reddit_msm176906957_20260701T000000Z_010000Z.json,landing_region_05a5445633a9::landing_region_ca49ab31c10b,"Al Khobar, Saudi Arabia -> Amwaj Island, Bahrain",10.0,10,10,7,2,2,5,3,0.5555555555555556,1,True,False,False,10.0,0.0
BH,Reddit,all_publicly_visible,176906957,popular-application_reddit_msm176906957_20260701T000000Z_010000Z.json,landing_region_05a5445633a9::landing_region_8dc97f28b4d0,"Al Khobar, Saudi Arabia -> Sharjah, United Arab Emirates",4.0,8,8,8,5,3,5,3,0.2222222222222222,2,False,True,False,0.0,4.0
BH,Reddit,all_publicly_visible,176906957,popular-application_reddit_msm176906957_20260701T000000Z_010000Z.json,landing_region_8dc97f28b4d0::landing_region_ca49ab31c10b,"Sharjah, United Arab Emirates -> Amwaj Island, Bahrain",4.0,8,8,8,5,3,5,3,0.2222222222222222,3,False,False,True,0.0,4.0
BH,Reddit,resolved_entry_only,176906957,popular-application_reddit_msm176906957_20260701T000000Z_010000Z.json,landing_region_05a5445633a9::landing_region_ca49ab31c10b,"Al Khobar, Saudi Arabia -> Amwaj Island, Bahrain",10.0,10,10,7,2,2,5,3,0.5555555555555556,1,True,False,False,10.0,0.0
BH,Reddit,resolved_entry_only,176906957,popular-application_reddit_msm176906957_20260701T000000Z_010000Z.json,landing_region_05a5445633a9::landing_region_8dc97f28b4d0,"Al Khobar, Saudi Arabia -> Sharjah, United Arab Emirates",4.0,8,8,8,5,3,5,3,0.2222222222222222,2,False,True,False,0.0,4.0
BH,Reddit,resolved_entry_only,176906957,popular-application_reddit_msm176906957_20260701T000000Z_010000Z.json,landing_region_8dc97f28b4d0::landing_region_ca49ab31c10b,"Sharjah, United Arab Emirates -> Amwaj Island, Bahrain",4.0,8,8,8,5,3,5,3,0.2222222222222222,3,False,False,True,0.0,4.0
BJ,Reddit,all_publicly_visible,176906957,popular-application_reddit_msm176906957_20260701T000000Z_010000Z.json,landing_region_343850da3642::landing_region_f7627feb3284,"Carcavelos, Portugal -> Seixal, Portugal",12.0,12,12,12,3,1,6,2,0.34285714285714286,1,True,False,False,12.0,0.0
BJ,Reddit,all_publicly_visible,176906957,popular-application_reddit_msm176906957_20260701T000000Z_010000Z.json,landing_region_343850da3642::landing_region_8afa8229a8fd,"Carcavelos, Portugal -> Cotonou, Benin",10.0,20,20,20,5,1,6,2,0.2857142857142857,2,False,True,False,0.0,10.0
BJ,Reddit,all_publicly_visible,176906957,popular-application_reddit_msm176906957_20260701T000000Z_010000Z.json,landing_region_8afa8229a8fd::landing_region_f7627feb3284,"Cotonou, Benin -> Seixal, Portugal",10.0,20,20,20,5,1,6,2,0.2857142857142857,3,False,False,True,0.0,10.0
BJ,Reddit,all_publicly_visible,176906957,popular-application_reddit_msm176906957_20260701T000000Z_010000Z.json,landing_region_2e263771884f::landing_region_8afa8229a8fd,"Accra, Ghana -> Cotonou, Benin",3.0,3,3,3,1,1,6,2,0.08571428571428572,4,False,False,False,0.0,3.0
BJ,Reddit,resolved_entry_only,176906957,popular-application_reddit_msm176906957_20260701T000000Z_010000Z.json,landing_region_343850da3642::landing_region_f7627feb3284,"Carcavelos, Portugal -> Seixal, Portugal",12.0,12,12,12,3,1,6,2,0.34285714285714286,1,True,False,False,12.0,0.0
BJ,Reddit,resolved_entry_only,176906957,popular-application_reddit_msm176906957_20260701T000000Z_010000Z.json,landing_region_343850da3642::landing_region_8afa8229a8fd,"Carcavelos, Portugal -> Cotonou, Benin",10.0,20,20,20,5,1,6,2,0.2857142857142857,2,False,True,False,0.0,10.0
BJ,Reddit,resolved_entry_only,176906957,popular-application_reddit_msm176906957_20260701T000000Z_010000Z.json,landing_region_8afa8229a8fd::landing_region_f7627feb3284,"Cotonou, Benin -> Seixal, Portugal",10.0,20,20,20,5,1,6,2,0.2857142857142857,3,False,False,True,0.0,10.0
BJ,Reddit,resolved_entry_only,176906957,popular-application_reddit_msm176906957_20260701T000000Z_010000Z.json,landing_region_2e263771884f::landing_region_8afa8229a8fd,"Accra, Ghana -> Cotonou, Benin",3.0,3,3,3,1,1,6,2,0.08571428571428572,4,False,False,False,0.0,3.0
BR,Reddit,all_publicly_visible,176906957,popular-application_reddit_msm176906957_20260701T000000Z_010000Z.json,landing_region_38c81e7bfa6f::landing_region_7f124bf07cd8,"Porto Alegre, Brazil -> Rio de Janeiro, Brazil",2.0,2,2,2,2,1,2,1,1.0,1,True,False,False,2.0,0.0
BR,Reddit,resolved_entry_only,176906957,popular-application_reddit_msm176906957_20260701T000000Z_010000Z.json,landing_region_38c81e7bfa6f::landing_region_7f124bf07cd8,"Porto Alegre, Brazil -> Rio de Janeiro, Brazil",2.0,2,2,2,2,1,2,1,1.0,1,True,False,False,2.0,0.0
BT,Reddit,all_publicly_visible,176906957,popular-application_reddit_msm176906957_20260701T000000Z_010000Z.json,landing_region_5d023e72c246::landing_region_b37879c52c2b,"Singapore, Singapore -> Batam, Indonesia",1.3333333333333333,4,4,4,1,1,1,1,0.3333333333333333,1,True,False,False,1.3333333333333333,0.0
BT,Reddit,all_publicly_visible,176906957,popular-application_reddit_msm176906957_20260701T000000Z_010000Z.json,landing_region_9430e1a9028b::landing_region_b37879c52c2b,"Changi North, Singapore -> Batam, Indonesia",1.3333333333333333,4,4,4,1,1,1,1,0.3333333333333333,2,False,True,False,1.3333333333333333,0.0
BT,Reddit,all_publicly_visible,176906957,popular-application_reddit_msm176906957_20260701T000000Z_010000Z.json,landing_region_af2b1cb46785::landing_region_b37879c52c2b,"Tuas, Singapore -> Batam, Indonesia",1.3333333333333333,4,4,4,1,1,1,1,0.3333333333333333,3,False,False,True,1.3333333333333333,0.0
BT,Reddit,resolved_entry_only,176906957,popular-application_reddit_msm176906957_20260701T000000Z_010000Z.json,landing_region_5d023e72c246::landing_region_b37879c52c2b,"Singapore, Singapore -> Batam, Indonesia",1.3333333333333333,4,4,4,1,1,1,1,0.3333333333333333,1,True,False,False,1.3333333333333333,0.0
BT,Reddit,resolved_entry_only,176906957,popular-application_reddit_msm176906957_20260701T000000Z_010000Z.json,landing_region_9430e1a9028b::landing_region_b37879c52c2b,"Changi North, Singapore -> Batam, Indonesia",1.3333333333333333,4,4,4,1,1,1,1,0.3333333333333333,2,False,True,False,1.3333333333333333,0.0
BT,Reddit,resolved_entry_only,176906957,popular-application_reddit_msm176906957_20260701T000000Z_010000Z.json,landing_region_af2b1cb46785::landing_region_b37879c52c2b,"Tuas, Singapore -> Batam, Indonesia",1.3333333333333333,4,4,4,1,1,1,1,0.3333333333333333,3,False,False,True,1.3333333333333333,0.0
CA,Reddit,all_publicly_visible,176906957,popular-application_reddit_msm176906957_20260701T000000Z_010000Z.json,landing_region_82a1b23200f3::landing_region_c94f4fef1bdd,"Snug Cove, BC, Canada -> Gambier Harbour, BC, Canada",422.4,432,432,149,43,12,54,19,0.826614481409002,1,True,False,False,422.4,0.0
CA,Reddit,all_publicly_visible,176906957,popular-application_reddit_msm176906957_20260701T000000Z_010000Z.json,landing_region_ad2e1f237edf::landing_region_df3d1db01d0e,"Buffalo, NY, United States -> Toronto, ON, Canada",42.0,42,42,24,7,5,54,19,0.08219178082191782,2,False,True,False,0.0,42.0
CA,Reddit,all_publicly_visible,176906957,popular-application_reddit_msm176906957_20260701T000000Z_010000Z.json,landing_region_08d221ee162c::landing_region_b451e83206f9,"Clinton, WA, United States -> Lynnwood, WA, United States",33.0,33,33,16,4,2,54,19,0.06457925636007829,3,False,False,True,33.0,0.0
CA,Reddit,all_publicly_visible,176906957,popular-application_reddit_msm176906957_20260701T000000Z_010000Z.json,landing_region_b451e83206f9::landing_region_f41a83b9b5b3,"Lynnwood, WA, United States -> Cordova Bay, BC, Canada",4.0,4,4,4,1,1,54,19,0.00782778864970646,4,False,False,False,4.0,0.0
CA,Reddit,all_publicly_visible,176906957,popular-application_reddit_msm176906957_20260701T000000Z_010000Z.json,landing_region_70abce74b352::landing_region_82a1b23200f3,"Snaw-naw-as, BC, Canada -> Snug Cove, BC, Canada",2.4000000000000004,12,12,12,3,1,54,19,0.004696673189823876,5,False,False,False,2.4000000000000004,0.0
CA,Reddit,all_publicly_visible,176906957,popular-application_reddit_msm176906957_20260701T000000Z_010000Z.json,landing_region_70abce74b352::landing_region_c94f4fef1bdd,"Snaw-naw-as, BC, Canada -> Gambier Harbour, BC, Canada",2.4000000000000004,12,12,12,3,1,54,19,0.004696673189823876,6,False,False,False,2.4000000000000004,0.0
CA,Reddit,all_publicly_visible,176906957,popular-application_reddit_msm176906957_20260701T000000Z_010000Z.json,landing_region_82a1b23200f3::landing_region_9c356a93ed34,"Snug Cove, BC, Canada -> Qualicum Beach, BC, Canada",2.4000000000000004,12,12,12,3,1,54,19,0.004696673189823876,7,False,False,False,2.4000000000000004,0.0
CA,Reddit,all_publicly_visible,176906957,popular-application_reddit_msm176906957_20260701T000000Z_010000Z.json,landing_region_9c356a93ed34::landing_region_c94f4fef1bdd,"Qualicum Beach, BC, Canada -> Gambier Harbour, BC, Canada",2.4000000000000004,12,12,12,3,1,54,19,0.004696673189823876,8,False,False,False,2.4000000000000004,0.0
CA,Reddit,resolved_entry_only,176906957,popular-application_reddit_msm176906957_20260701T000000Z_010000Z.json,landing_region_82a1b23200f3::landing_region_c94f4fef1bdd,"Snug Cove, BC, Canada -> Gambier Harbour, BC, Canada",422.4,432,432,149,43,12,54,19,0.826614481409002,1,True,False,False,422.4,0.0
CA,Reddit,resolved_entry_only,176906957,popular-application_reddit_msm176906957_20260701T000000Z_010000Z.json,landing_region_ad2e1f237edf::landing_region_df3d1db01d0e,"Buffalo, NY, United States -> Toronto, ON, Canada",42.0,42,42,24,7,5,54,19,0.08219178082191782,2,False,True,False,0.0,42.0
CA,Reddit,resolved_entry_only,176906957,popular-application_reddit_msm176906957_20260701T000000Z_010000Z.json,landing_region_08d221ee162c::landing_region_b451e83206f9,"Clinton, WA, United States -> Lynnwood, WA, United States",33.0,33,33,16,4,2,54,19,0.06457925636007829,3,False,False,True,33.0,0.0
CA,Reddit,resolved_entry_only,176906957,popular-application_reddit_msm176906957_20260701T000000Z_010000Z.json,landing_region_b451e83206f9::landing_region_f41a83b9b5b3,"Lynnwood, WA, United States -> Cordova Bay, BC, Canada",4.0,4,4,4,1,1,54,19,0.00782778864970646,4,False,False,False,4.0,0.0
CA,Reddit,resolved_entry_only,176906957,popular-application_reddit_msm176906957_20260701T000000Z_010000Z.json,landing_region_70abce74b352::landing_region_82a1b23200f3,"Snaw-naw-as, BC, Canada -> Snug Cove, BC, Canada",2.4000000000000004,12,12,12,3,1,54,19,0.004696673189823876,5,False,False,False,2.4000000000000004,0.0
CA,Reddit,resolved_entry_only,176906957,popular-application_reddit_msm176906957_20260701T000000Z_010000Z.json,landing_region_70abce74b352::landing_region_c94f4fef1bdd,"Snaw-naw-as, BC, Canada -> Gambier Harbour, BC, Canada",2.4000000000000004,12,12,12,3,1,54,19,0.004696673189823876,6,False,False,False,2.4000000000000004,0.0
CA,Reddit,resolved_entry_only,176906957,popular-application_reddit_msm176906957_20260701T000000Z_010000Z.json,landing_region_82a1b23200f3::landing_region_9c356a93ed34,"Snug Cove, BC, Canada -> Qualicum Beach, BC, Canada",2.4000000000000004,12,12,12,3,1,54,19,0.004696673189823876,7,False,False,False,2.4000000000000004,0.0
CA,Reddit,resolved_entry_only,176906957,popular-application_reddit_msm176906957_20260701T000000Z_010000Z.json,landing_region_9c356a93ed34::landing_region_c94f4fef1bdd,"Qualicum Beach, BC, Canada -> Gambier Harbour, BC, Canada",2.4000000000000004,12,12,12,3,1,54,19,0.004696673189823876,8,False,False,False,2.4000000000000004,0.0
CD,Reddit,all_publicly_visible,176906957,popular-application_reddit_msm176906957_20260701T000000Z_010000Z.json,landing_region_57424b247075::landing_region_eafefa1c1ea4,"Nyali, Kenya -> Amanzimtoti, South Africa",2.0,2,2,2,1,1,1,1,1.0,1,True,False,False,0.0,2.0
CD,Reddit,resolved_entry_only,176906957,popular-application_reddit_msm176906957_20260701T000000Z_010000Z.json,landing_region_57424b247075::landing_region_eafefa1c1ea4,"Nyali, Kenya -> Amanzimtoti, South Africa",2.0,2,2,2,1,1,1,1,1.0,1,True,False,False,0.0,2.0
CI,Reddit,all_publicly_visible,176906957,popular-application_reddit_msm176906957_20260701T000000Z_010000Z.json,landing_region_2e263771884f::landing_region_30beda532e6f,"Accra, Ghana -> Lagos, Nigeria",2.0,2,2,2,1,1,1,1,0.6666666666666666,1,True,False,False,0.0,2.0
CI,Reddit,all_publicly_visible,176906957,popular-application_reddit_msm176906957_20260701T000000Z_010000Z.json,landing_region_343850da3642::landing_region_f7627feb3284,"Carcavelos, Portugal -> Seixal, Portugal",1.0,1,1,1,1,1,1,1,0.3333333333333333,2,False,True,False,1.0,0.0
CI,Reddit,resolved_entry_only,176906957,popular-application_reddit_msm176906957_20260701T000000Z_010000Z.json,landing_region_2e263771884f::landing_region_30beda532e6f,"Accra, Ghana -> Lagos, Nigeria",2.0,2,2,2,1,1,1,1,0.6666666666666666,1,True,False,False,0.0,2.0
CI,Reddit,resolved_entry_only,176906957,popular-application_reddit_msm176906957_20260701T000000Z_010000Z.json,landing_region_343850da3642::landing_region_f7627feb3284,"Carcavelos, Portugal -> Seixal, Portugal",1.0,1,1,1,1,1,1,1,0.3333333333333333,2,False,True,False,1.0,0.0
CM,Reddit,all_publicly_visible,176906957,popular-application_reddit_msm176906957_20260701T000000Z_010000Z.json,landing_region_30beda532e6f::landing_region_99a747248ab4,"Lagos, Nigeria -> Douala, Cameroon",3.0,3,3,3,1,1,1,1,1.0,1,True,False,False,0.0,3.0
CM,Reddit,resolved_entry_only,176906957,popular-application_reddit_msm176906957_20260701T000000Z_010000Z.json,landing_region_30beda532e6f::landing_region_99a747248ab4,"Lagos, Nigeria -> Douala, Cameroon",3.0,3,3,3,1,1,1,1,1.0,1,True,False,False,0.0,3.0
CN,Reddit,all_publicly_visible,176906957,popular-application_reddit_msm176906957_20260701T000000Z_010000Z.json,landing_region_5d023e72c246::landing_region_b37879c52c2b,"Singapore, Singapore -> Batam, Indonesia",8.0,24,24,13,6,5,9,7,0.1702127659574468,1,True,False,False,8.0,0.0
CN,Reddit,all_publicly_visible,176906957,popular-application_reddit_msm176906957_20260701T000000Z_010000Z.json,landing_region_9430e1a9028b::landing_region_b37879c52c2b,"Changi North, Singapore -> Batam, Indonesia",8.0,24,24,13,6,5,9,7,0.1702127659574468,2,False,True,False,8.0,0.0
CN,Reddit,all_publicly_visible,176906957,popular-application_reddit_msm176906957_20260701T000000Z_010000Z.json,landing_region_af2b1cb46785::landing_region_b37879c52c2b,"Tuas, Singapore -> Batam, Indonesia",8.0,24,24,13,6,5,9,7,0.1702127659574468,3,False,False,True,8.0,0.0
CN,Reddit,all_publicly_visible,176906957,popular-application_reddit_msm176906957_20260701T000000Z_010000Z.json,landing_region_271ad44782a4::landing_region_7a7da5f2aeb1,"Chongming, China -> Lantau Island, China",4.5,9,9,9,6,4,9,7,0.09574468085106383,4,False,False,False,0.5,4.0
CN,Reddit,all_publicly_visible,176906957,popular-application_reddit_msm176906957_20260701T000000Z_010000Z.json,landing_region_271ad44782a4::landing_region_85e39fb7d29e,"Chongming, China -> Chai Wan, China",4.5,9,9,9,6,4,9,7,0.09574468085106383,5,False,False,False,0.5,4.0
CN,Reddit,all_publicly_visible,176906957,popular-application_reddit_msm176906957_20260701T000000Z_010000Z.json,landing_region_5d023e72c246::landing_region_7a7da5f2aeb1,"Singapore, Singapore -> Lantau Island, China",2.5,10,10,10,5,4,9,7,0.05319148936170213,6,False,False,False,0.0,2.5
CN,Reddit,all_publicly_visible,176906957,popular-application_reddit_msm176906957_20260701T000000Z_010000Z.json,landing_region_7a7da5f2aeb1::landing_region_9430e1a9028b,"Lantau Island, China -> Changi North, Singapore",2.5,10,10,10,5,4,9,7,0.05319148936170213,7,False,False,False,0.0,2.5
CN,Reddit,all_publicly_visible,176906957,popular-application_reddit_msm176906957_20260701T000000Z_010000Z.json,landing_region_85e39fb7d29e::landing_region_9430e1a9028b,"Chai Wan, China -> Changi North, Singapore",2.5,10,10,10,5,4,9,7,0.05319148936170213,8,False,False,False,0.0,2.5
CN,Reddit,all_publicly_visible,176906957,popular-application_reddit_msm176906957_20260701T000000Z_010000Z.json,landing_region_85e39fb7d29e::landing_region_af2b1cb46785,"Chai Wan, China -> Tuas, Singapore",2.5,10,10,10,5,4,9,7,0.05319148936170213,9,False,False,False,0.0,2.5
CN,Reddit,all_publicly_visible,176906957,popular-application_reddit_msm176906957_20260701T000000Z_010000Z.json,landing_region_192d23342e5f::landing_region_cc314324bd60,"Tel Aviv, Israel -> Netanya, Israel",2.0,2,2,2,1,1,9,7,0.0425531914893617,10,False,False,False,2.0,0.0
CN,Reddit,all_publicly_visible,176906957,popular-application_reddit_msm176906957_20260701T000000Z_010000Z.json,landing_region_64abd2b76b5b::landing_region_df61fea74887,"Takapuna, New Zealand -> El Segundo, CA, United States",2.0,2,2,2,1,1,9,7,0.0425531914893617,11,False,False,False,0.0,2.0
CN,Reddit,resolved_entry_only,176906957,popular-application_reddit_msm176906957_20260701T000000Z_010000Z.json,landing_region_5d023e72c246::landing_region_b37879c52c2b,"Singapore, Singapore -> Batam, Indonesia",7.333333333333333,22,22,12,6,5,8,6,0.17054263565891473,1,True,False,False,7.333333333333333,0.0
CN,Reddit,resolved_entry_only,176906957,popular-application_reddit_msm176906957_20260701T000000Z_010000Z.json,landing_region_9430e1a9028b::landing_region_b37879c52c2b,"Changi North, Singapore -> Batam, Indonesia",7.333333333333333,22,22,12,6,5,8,6,0.17054263565891473,2,False,True,False,7.333333333333333,0.0
CN,Reddit,resolved_entry_only,176906957,popular-application_reddit_msm176906957_20260701T000000Z_010000Z.json,landing_region_af2b1cb46785::landing_region_b37879c52c2b,"Tuas, Singapore -> Batam, Indonesia",7.333333333333333,22,22,12,6,5,8,6,0.17054263565891473,3,False,False,True,7.333333333333333,0.0
CN,Reddit,resolved_entry_only,176906957,popular-application_reddit_msm176906957_20260701T000000Z_010000Z.json,landing_region_271ad44782a4::landing_region_7a7da5f2aeb1,"Chongming, China -> Lantau Island, China",4.0,8,8,8,5,3,8,6,0.09302325581395349,4,False,False,False,0.0,4.0
CN,Reddit,resolved_entry_only,176906957,popular-application_reddit_msm176906957_20260701T000000Z_010000Z.json,landing_region_271ad44782a4::landing_region_85e39fb7d29e,"Chongming, China -> Chai Wan, China",4.0,8,8,8,5,3,8,6,0.09302325581395349,5,False,False,False,0.0,4.0
CN,Reddit,resolved_entry_only,176906957,popular-application_reddit_msm176906957_20260701T000000Z_010000Z.json,landing_region_5d023e72c246::landing_region_7a7da5f2aeb1,"Singapore, Singapore -> Lantau Island, China",2.5,10,10,10,5,4,8,6,0.05813953488372093,6,False,False,False,0.0,2.5
CN,Reddit,resolved_entry_only,176906957,popular-application_reddit_msm176906957_20260701T000000Z_010000Z.json,landing_region_7a7da5f2aeb1::landing_region_9430e1a9028b,"Lantau Island, China -> Changi North, Singapore",2.5,10,10,10,5,4,8,6,0.05813953488372093,7,False,False,False,0.0,2.5
CN,Reddit,resolved_entry_only,176906957,popular-application_reddit_msm176906957_20260701T000000Z_010000Z.json,landing_region_85e39fb7d29e::landing_region_9430e1a9028b,"Chai Wan, China -> Changi North, Singapore",2.5,10,10,10,5,4,8,6,0.05813953488372093,8,False,False,False,0.0,2.5
CN,Reddit,resolved_entry_only,176906957,popular-application_reddit_msm176906957_20260701T000000Z_010000Z.json,landing_region_85e39fb7d29e::landing_region_af2b1cb46785,"Chai Wan, China -> Tuas, Singapore",2.5,10,10,10,5,4,8,6,0.05813953488372093,9,False,False,False,0.0,2.5
CN,Reddit,resolved_entry_only,176906957,popular-application_reddit_msm176906957_20260701T000000Z_010000Z.json,landing_region_192d23342e5f::landing_region_cc314324bd60,"Tel Aviv, Israel -> Netanya, Israel",2.0,2,2,2,1,1,8,6,0.046511627906976744,10,False,False,False,2.0,0.0
CN,Reddit,resolved_entry_only,176906957,popular-application_reddit_msm176906957_20260701T000000Z_010000Z.json,landing_region_64abd2b76b5b::landing_region_df61fea74887,"Takapuna, New Zealand -> El Segundo, CA, United States",1.0,1,1,1,1,1,8,6,0.023255813953488372,11,False,False,False,0.0,1.0
CR,Reddit,all_publicly_visible,176906957,popular-application_reddit_msm176906957_20260701T000000Z_010000Z.json,landing_region_449d489865b0::landing_region_bd03623e84bf,"Puerto Limon, Costa Rica -> Hollywood, FL, United States",3.0,3,3,3,1,1,1,1,1.0,1,True,False,False,0.0,3.0
CR,Reddit,resolved_entry_only,176906957,popular-application_reddit_msm176906957_20260701T000000Z_010000Z.json,landing_region_449d489865b0::landing_region_bd03623e84bf,"Puerto Limon, Costa Rica -> Hollywood, FL, United States",3.0,3,3,3,1,1,1,1,1.0,1,True,False,False,0.0,3.0
CW,Reddit,all_publicly_visible,176906957,popular-application_reddit_msm176906957_20260701T000000Z_010000Z.json,landing_region_83c1ffe3b901::landing_region_bd03623e84bf,"Mahuma, Curaçao -> Hollywood, FL, United States",3.0,3,3,3,1,1,1,1,1.0,1,True,False,False,0.0,3.0
CW,Reddit,resolved_entry_only,176906957,popular-application_reddit_msm176906957_20260701T000000Z_010000Z.json,landing_region_83c1ffe3b901::landing_region_bd03623e84bf,"Mahuma, Curaçao -> Hollywood, FL, United States",3.0,3,3,3,1,1,1,1,1.0,1,True,False,False,0.0,3.0
CY,Reddit,all_publicly_visible,176906957,popular-application_reddit_msm176906957_20260701T000000Z_010000Z.json,landing_region_08ea81d123b5::landing_region_3e7b4a85e943,"Marseille, France -> Pentaskhinos, Cyprus",29.0,29,29,29,9,4,9,4,1.0,1,True,False,False,0.0,29.0
CY,Reddit,resolved_entry_only,176906957,popular-application_reddit_msm176906957_20260701T000000Z_010000Z.json,landing_region_08ea81d123b5::landing_region_3e7b4a85e943,"Marseille, France -> Pentaskhinos, Cyprus",29.0,29,29,29,9,4,9,4,1.0,1,True,False,False,0.0,29.0
DE,Reddit,all_publicly_visible,176906957,popular-application_reddit_msm176906957_20260701T000000Z_010000Z.json,landing_region_d073d559153a::landing_region_e2b0cd002b0c,"Bunkeflostand, Sweden -> Tuborg, Denmark",18.0,18,18,11,3,3,4,4,0.8181818181818182,1,True,False,False,18.0,0.0
DE,Reddit,all_publicly_visible,176906957,popular-application_reddit_msm176906957_20260701T000000Z_010000Z.json,landing_region_3c99e4792a25::landing_region_65aa8d7cf62e,"Stavsnas, Sweden -> Espoo, Finland",2.0,4,4,4,1,1,4,4,0.09090909090909091,2,False,True,False,0.0,2.0
DE,Reddit,all_publicly_visible,176906957,popular-application_reddit_msm176906957_20260701T000000Z_010000Z.json,landing_region_65aa8d7cf62e::landing_region_c607af4095db,"Espoo, Finland -> Kista, Sweden",2.0,4,4,4,1,1,4,4,0.09090909090909091,3,False,False,True,0.0,2.0
DE,Reddit,resolved_entry_only,176906957,popular-application_reddit_msm176906957_20260701T000000Z_010000Z.json,landing_region_d073d559153a::landing_region_e2b0cd002b0c,"Bunkeflostand, Sweden -> Tuborg, Denmark",18.0,18,18,11,3,3,4,4,0.8181818181818182,1,True,False,False,18.0,0.0
DE,Reddit,resolved_entry_only,176906957,popular-application_reddit_msm176906957_20260701T000000Z_010000Z.json,landing_region_3c99e4792a25::landing_region_65aa8d7cf62e,"Stavsnas, Sweden -> Espoo, Finland",2.0,4,4,4,1,1,4,4,0.09090909090909091,2,False,True,False,0.0,2.0
DE,Reddit,resolved_entry_only,176906957,popular-application_reddit_msm176906957_20260701T000000Z_010000Z.json,landing_region_65aa8d7cf62e::landing_region_c607af4095db,"Espoo, Finland -> Kista, Sweden",2.0,4,4,4,1,1,4,4,0.09090909090909091,3,False,False,True,0.0,2.0
DJ,Reddit,all_publicly_visible,176906957,popular-application_reddit_msm176906957_20260701T000000Z_010000Z.json,landing_region_08ea81d123b5::landing_region_173727a59ebb,"Marseille, France -> Djibouti City, Djibouti",4.5,9,9,9,3,2,3,2,0.5,1,True,False,False,0.0,4.5
DJ,Reddit,all_publicly_visible,176906957,popular-application_reddit_msm176906957_20260701T000000Z_010000Z.json,landing_region_16217d497d23::landing_region_173727a59ebb,"Toulon, France -> Djibouti City, Djibouti",4.5,9,9,9,3,2,3,2,0.5,2,False,True,False,0.0,4.5
DJ,Reddit,resolved_entry_only,176906957,popular-application_reddit_msm176906957_20260701T000000Z_010000Z.json,landing_region_08ea81d123b5::landing_region_173727a59ebb,"Marseille, France -> Djibouti City, Djibouti",4.5,9,9,9,3,2,3,2,0.5,1,True,False,False,0.0,4.5
DJ,Reddit,resolved_entry_only,176906957,popular-application_reddit_msm176906957_20260701T000000Z_010000Z.json,landing_region_16217d497d23::landing_region_173727a59ebb,"Toulon, France -> Djibouti City, Djibouti",4.5,9,9,9,3,2,3,2,0.5,2,False,True,False,0.0,4.5
DK,Reddit,all_publicly_visible,176906957,popular-application_reddit_msm176906957_20260701T000000Z_010000Z.json,landing_region_d073d559153a::landing_region_e2b0cd002b0c,"Bunkeflostand, Sweden -> Tuborg, Denmark",628.0,628,628,290,75,28,76,29,0.9936708860759493,1,True,False,False,585.0,43.0
DK,Reddit,all_publicly_visible,176906957,popular-application_reddit_msm176906957_20260701T000000Z_010000Z.json,landing_region_1ce0b85cd8b9::landing_region_d073d559153a,"Uto, Sweden -> Bunkeflostand, Sweden",2.0,4,4,4,1,1,76,29,0.0031645569620253164,2,False,True,False,2.0,0.0
DK,Reddit,all_publicly_visible,176906957,popular-application_reddit_msm176906957_20260701T000000Z_010000Z.json,landing_region_1ce0b85cd8b9::landing_region_e2b0cd002b0c,"Uto, Sweden -> Tuborg, Denmark",2.0,4,4,4,1,1,76,29,0.0031645569620253164,3,False,False,True,2.0,0.0
DK,Reddit,resolved_entry_only,176906957,popular-application_reddit_msm176906957_20260701T000000Z_010000Z.json,landing_region_d073d559153a::landing_region_e2b0cd002b0c,"Bunkeflostand, Sweden -> Tuborg, Denmark",628.0,628,628,290,75,28,76,29,0.9936708860759493,1,True,False,False,585.0,43.0
DK,Reddit,resolved_entry_only,176906957,popular-application_reddit_msm176906957_20260701T000000Z_010000Z.json,landing_region_1ce0b85cd8b9::landing_region_d073d559153a,"Uto, Sweden -> Bunkeflostand, Sweden",2.0,4,4,4,1,1,76,29,0.0031645569620253164,2,False,True,False,2.0,0.0
DK,Reddit,resolved_entry_only,176906957,popular-application_reddit_msm176906957_20260701T000000Z_010000Z.json,landing_region_1ce0b85cd8b9::landing_region_e2b0cd002b0c,"Uto, Sweden -> Tuborg, Denmark",2.0,4,4,4,1,1,76,29,0.0031645569620253164,3,False,False,True,2.0,0.0
DO,Reddit,all_publicly_visible,176906957,popular-application_reddit_msm176906957_20260701T000000Z_010000Z.json,landing_region_508245093782::landing_region_bd03623e84bf,"Puerto Plata, Dominican Republic -> Hollywood, FL, United States",12.0,12,12,12,4,4,6,6,0.8,1,True,False,False,0.0,12.0
DO,Reddit,all_publicly_visible,176906957,popular-application_reddit_msm176906957_20260701T000000Z_010000Z.json,landing_region_bc2d670b199a::landing_region_bd03623e84bf,"Santo Domingo, Dominican Republic -> Hollywood, FL, United States",3.0,3,3,3,2,2,6,6,0.2,2,False,True,False,0.0,3.0
DO,Reddit,resolved_entry_only,176906957,popular-application_reddit_msm176906957_20260701T000000Z_010000Z.json,landing_region_508245093782::landing_region_bd03623e84bf,"Puerto Plata, Dominican Republic -> Hollywood, FL, United States",12.0,12,12,12,4,4,6,6,0.8,1,True,False,False,0.0,12.0
DO,Reddit,resolved_entry_only,176906957,popular-application_reddit_msm176906957_20260701T000000Z_010000Z.json,landing_region_bc2d670b199a::landing_region_bd03623e84bf,"Santo Domingo, Dominican Republic -> Hollywood, FL, United States",3.0,3,3,3,2,2,6,6,0.2,2,False,True,False,0.0,3.0
EE,Reddit,all_publicly_visible,176906957,popular-application_reddit_msm176906957_20260701T000000Z_010000Z.json,landing_region_3c99e4792a25::landing_region_5631d1801aee,"Stavsnas, Sweden -> Tallinn, Estonia",45.0,90,90,90,25,14,35,18,0.3488372093023256,1,True,False,False,0.0,45.0
EE,Reddit,all_publicly_visible,176906957,popular-application_reddit_msm176906957_20260701T000000Z_010000Z.json,landing_region_5631d1801aee::landing_region_c607af4095db,"Tallinn, Estonia -> Kista, Sweden",45.0,90,90,90,25,14,35,18,0.3488372093023256,2,False,True,False,0.0,45.0
EE,Reddit,all_publicly_visible,176906957,popular-application_reddit_msm176906957_20260701T000000Z_010000Z.json,landing_region_5631d1801aee::landing_region_65aa8d7cf62e,"Tallinn, Estonia -> Espoo, Finland",33.0,33,33,33,10,5,35,18,0.2558139534883721,3,False,False,True,0.0,33.0
EE,Reddit,all_publicly_visible,176906957,popular-application_reddit_msm176906957_20260701T000000Z_010000Z.json,landing_region_1ce0b85cd8b9::landing_region_d073d559153a,"Uto, Sweden -> Bunkeflostand, Sweden",3.0,5,5,5,2,1,35,18,0.023255813953488372,4,False,False,False,0.0,3.0
EE,Reddit,all_publicly_visible,176906957,popular-application_reddit_msm176906957_20260701T000000Z_010000Z.json,landing_region_1ce0b85cd8b9::landing_region_e2b0cd002b0c,"Uto, Sweden -> Tuborg, Denmark",2.0,4,4,4,2,1,35,18,0.015503875968992248,5,False,False,False,0.0,2.0
EE,Reddit,all_publicly_visible,176906957,popular-application_reddit_msm176906957_20260701T000000Z_010000Z.json,landing_region_3c99e4792a25::landing_region_65aa8d7cf62e,"Stavsnas, Sweden -> Espoo, Finland",0.5,1,1,1,1,1,35,18,0.003875968992248062,6,False,False,False,0.0,0.5
EE,Reddit,all_publicly_visible,176906957,popular-application_reddit_msm176906957_20260701T000000Z_010000Z.json,landing_region_65aa8d7cf62e::landing_region_c607af4095db,"Espoo, Finland -> Kista, Sweden",0.5,1,1,1,1,1,35,18,0.003875968992248062,7,False,False,False,0.0,0.5
EE,Reddit,resolved_entry_only,176906957,popular-application_reddit_msm176906957_20260701T000000Z_010000Z.json,landing_region_3c99e4792a25::landing_region_5631d1801aee,"Stavsnas, Sweden -> Tallinn, Estonia",44.5,89,89,89,25,14,35,18,0.34765625,1,True,False,False,0.0,44.5
EE,Reddit,resolved_entry_only,176906957,popular-application_reddit_msm176906957_20260701T000000Z_010000Z.json,landing_region_5631d1801aee::landing_region_c607af4095db,"Tallinn, Estonia -> Kista, Sweden",44.5,89,89,89,25,14,35,18,0.34765625,2,False,True,False,0.0,44.5
EE,Reddit,resolved_entry_only,176906957,popular-application_reddit_msm176906957_20260701T000000Z_010000Z.json,landing_region_5631d1801aee::landing_region_65aa8d7cf62e,"Tallinn, Estonia -> Espoo, Finland",33.0,33,33,33,10,5,35,18,0.2578125,3,False,False,True,0.0,33.0
EE,Reddit,resolved_entry_only,176906957,popular-application_reddit_msm176906957_20260701T000000Z_010000Z.json,landing_region_1ce0b85cd8b9::landing_region_d073d559153a,"Uto, Sweden -> Bunkeflostand, Sweden",3.0,5,5,5,2,1,35,18,0.0234375,4,False,False,False,0.0,3.0
EE,Reddit,resolved_entry_only,176906957,popular-application_reddit_msm176906957_20260701T000000Z_010000Z.json,landing_region_1ce0b85cd8b9::landing_region_e2b0cd002b0c,"Uto, Sweden -> Tuborg, Denmark",2.0,4,4,4,2,1,35,18,0.015625,5,False,False,False,0.0,2.0
EE,Reddit,resolved_entry_only,176906957,popular-application_reddit_msm176906957_20260701T000000Z_010000Z.json,landing_region_3c99e4792a25::landing_region_65aa8d7cf62e,"Stavsnas, Sweden -> Espoo, Finland",0.5,1,1,1,1,1,35,18,0.00390625,6,False,False,False,0.0,0.5
EE,Reddit,resolved_entry_only,176906957,popular-application_reddit_msm176906957_20260701T000000Z_010000Z.json,landing_region_65aa8d7cf62e::landing_region_c607af4095db,"Espoo, Finland -> Kista, Sweden",0.5,1,1,1,1,1,35,18,0.00390625,7,False,False,False,0.0,0.5
ES,Reddit,all_publicly_visible,176906957,popular-application_reddit_msm176906957_20260701T000000Z_010000Z.json,landing_region_16498428a563::landing_region_f2fd1754176a,"Telde, Spain -> Sardina, Canary Islands, Spain",9.0,9,9,9,3,2,8,4,0.42857142857142855,1,True,False,False,9.0,0.0
ES,Reddit,all_publicly_visible,176906957,popular-application_reddit_msm176906957_20260701T000000Z_010000Z.json,landing_region_08ea81d123b5::landing_region_8eb611963dd1,"Marseille, France -> Barcelona, Spain",5.0,5,5,5,2,2,8,4,0.23809523809523808,2,False,True,False,0.0,5.0
ES,Reddit,all_publicly_visible,176906957,popular-application_reddit_msm176906957_20260701T000000Z_010000Z.json,landing_region_7cb9fce4312d::landing_region_bc8926b4de3a,"Granadilla de Abona, Spain -> Güimar, Canary Islands, Spain",3.0,6,6,6,2,1,8,4,0.14285714285714285,3,False,False,True,3.0,0.0
ES,Reddit,all_publicly_visible,176906957,popular-application_reddit_msm176906957_20260701T000000Z_010000Z.json,landing_region_7cb9fce4312d::landing_region_ea21c9a3a42e,"Granadilla de Abona, Spain -> San Sebastian de la Gomera, Canary Islands, Spain",3.0,6,6,6,2,1,8,4,0.14285714285714285,4,False,False,False,3.0,0.0
ES,Reddit,all_publicly_visible,176906957,popular-application_reddit_msm176906957_20260701T000000Z_010000Z.json,landing_region_2cbaaf36d8d2::landing_region_8eb611963dd1,"Mallorca, Spain -> Barcelona, Spain",1.0,1,1,1,1,1,8,4,0.047619047619047616,5,False,False,False,1.0,0.0
ES,Reddit,resolved_entry_only,176906957,popular-application_reddit_msm176906957_20260701T000000Z_010000Z.json,landing_region_16498428a563::landing_region_f2fd1754176a,"Telde, Spain -> Sardina, Canary Islands, Spain",9.0,9,9,9,3,2,8,4,0.42857142857142855,1,True,False,False,9.0,0.0
ES,Reddit,resolved_entry_only,176906957,popular-application_reddit_msm176906957_20260701T000000Z_010000Z.json,landing_region_08ea81d123b5::landing_region_8eb611963dd1,"Marseille, France -> Barcelona, Spain",5.0,5,5,5,2,2,8,4,0.23809523809523808,2,False,True,False,0.0,5.0
ES,Reddit,resolved_entry_only,176906957,popular-application_reddit_msm176906957_20260701T000000Z_010000Z.json,landing_region_7cb9fce4312d::landing_region_bc8926b4de3a,"Granadilla de Abona, Spain -> Güimar, Canary Islands, Spain",3.0,6,6,6,2,1,8,4,0.14285714285714285,3,False,False,True,3.0,0.0
ES,Reddit,resolved_entry_only,176906957,popular-application_reddit_msm176906957_20260701T000000Z_010000Z.json,landing_region_7cb9fce4312d::landing_region_ea21c9a3a42e,"Granadilla de Abona, Spain -> San Sebastian de la Gomera, Canary Islands, Spain",3.0,6,6,6,2,1,8,4,0.14285714285714285,4,False,False,False,3.0,0.0
ES,Reddit,resolved_entry_only,176906957,popular-application_reddit_msm176906957_20260701T000000Z_010000Z.json,landing_region_2cbaaf36d8d2::landing_region_8eb611963dd1,"Mallorca, Spain -> Barcelona, Spain",1.0,1,1,1,1,1,8,4,0.047619047619047616,5,False,False,False,1.0,0.0
ET,Reddit,all_publicly_visible,176906957,popular-application_reddit_msm176906957_20260701T000000Z_010000Z.json,landing_region_08ea81d123b5::landing_region_173727a59ebb,"Marseille, France -> Djibouti City, Djibouti",1.0,2,2,2,1,1,1,1,0.5,1,True,False,False,0.0,1.0
ET,Reddit,all_publicly_visible,176906957,popular-application_reddit_msm176906957_20260701T000000Z_010000Z.json,landing_region_16217d497d23::landing_region_173727a59ebb,"Toulon, France -> Djibouti City, Djibouti",1.0,2,2,2,1,1,1,1,0.5,2,False,True,False,0.0,1.0
FI,Reddit,all_publicly_visible,176906957,popular-application_reddit_msm176906957_20260701T000000Z_010000Z.json,landing_region_5ff6ee2e39f7::landing_region_65aa8d7cf62e,"Haradsholm, Finland -> Espoo, Finland",46.0,46,46,34,9,4,32,10,0.3006535947712418,1,True,False,False,46.0,0.0
FI,Reddit,all_publicly_visible,176906957,popular-application_reddit_msm176906957_20260701T000000Z_010000Z.json,landing_region_3c99e4792a25::landing_region_65aa8d7cf62e,"Stavsnas, Sweden -> Espoo, Finland",40.5,81,81,81,22,6,32,10,0.2647058823529412,2,False,True,False,0.0,40.5
FI,Reddit,all_publicly_visible,176906957,popular-application_reddit_msm176906957_20260701T000000Z_010000Z.json,landing_region_65aa8d7cf62e::landing_region_c607af4095db,"Espoo, Finland -> Kista, Sweden",40.5,81,81,81,22,6,32,10,0.2647058823529412,3,False,False,True,0.0,40.5
FI,Reddit,all_publicly_visible,176906957,popular-application_reddit_msm176906957_20260701T000000Z_010000Z.json,landing_region_1497f5544d8d::landing_region_5ff6ee2e39f7,"Hanko, Finland -> Haradsholm, Finland",22.0,22,22,15,4,2,32,10,0.1437908496732026,4,False,False,False,22.0,0.0
FI,Reddit,all_publicly_visible,176906957,popular-application_reddit_msm176906957_20260701T000000Z_010000Z.json,landing_region_65aa8d7cf62e::landing_region_6a085d7da78f,"Espoo, Finland -> Kotka, Finland",4.0,4,4,4,1,1,32,10,0.026143790849673203,5,False,False,False,4.0,0.0
FI,Reddit,resolved_entry_only,176906957,popular-application_reddit_msm176906957_20260701T000000Z_010000Z.json,landing_region_5ff6ee2e39f7::landing_region_65aa8d7cf62e,"Haradsholm, Finland -> Espoo, Finland",46.0,46,46,34,9,4,32,10,0.3006535947712418,1,True,False,False,46.0,0.0
FI,Reddit,resolved_entry_only,176906957,popular-application_reddit_msm176906957_20260701T000000Z_010000Z.json,landing_region_3c99e4792a25::landing_region_65aa8d7cf62e,"Stavsnas, Sweden -> Espoo, Finland",40.5,81,81,81,22,6,32,10,0.2647058823529412,2,False,True,False,0.0,40.5
FI,Reddit,resolved_entry_only,176906957,popular-application_reddit_msm176906957_20260701T000000Z_010000Z.json,landing_region_65aa8d7cf62e::landing_region_c607af4095db,"Espoo, Finland -> Kista, Sweden",40.5,81,81,81,22,6,32,10,0.2647058823529412,3,False,False,True,0.0,40.5
FI,Reddit,resolved_entry_only,176906957,popular-application_reddit_msm176906957_20260701T000000Z_010000Z.json,landing_region_1497f5544d8d::landing_region_5ff6ee2e39f7,"Hanko, Finland -> Haradsholm, Finland",22.0,22,22,15,4,2,32,10,0.1437908496732026,4,False,False,False,22.0,0.0
FI,Reddit,resolved_entry_only,176906957,popular-application_reddit_msm176906957_20260701T000000Z_010000Z.json,landing_region_65aa8d7cf62e::landing_region_6a085d7da78f,"Espoo, Finland -> Kotka, Finland",4.0,4,4,4,1,1,32,10,0.026143790849673203,5,False,False,False,4.0,0.0
GG,Reddit,all_publicly_visible,176906957,popular-application_reddit_msm176906957_20260701T000000Z_010000Z.json,landing_region_0389fb1be871::landing_region_da27bcef4ab9,"Havelet Bay, Guernsey -> Greve de Lecq, Jersey",3.0,3,3,3,1,1,1,1,1.0,1,True,False,False,3.0,0.0
GG,Reddit,resolved_entry_only,176906957,popular-application_reddit_msm176906957_20260701T000000Z_010000Z.json,landing_region_0389fb1be871::landing_region_da27bcef4ab9,"Havelet Bay, Guernsey -> Greve de Lecq, Jersey",3.0,3,3,3,1,1,1,1,1.0,1,True,False,False,3.0,0.0
GH,Reddit,all_publicly_visible,176906957,popular-application_reddit_msm176906957_20260701T000000Z_010000Z.json,landing_region_2e263771884f::landing_region_30beda532e6f,"Accra, Ghana -> Lagos, Nigeria",4.0,4,4,4,1,1,1,1,1.0,1,True,False,False,0.0,4.0
GH,Reddit,resolved_entry_only,176906957,popular-application_reddit_msm176906957_20260701T000000Z_010000Z.json,landing_region_2e263771884f::landing_region_30beda532e6f,"Accra, Ghana -> Lagos, Nigeria",4.0,4,4,4,1,1,1,1,1.0,1,True,False,False,0.0,4.0
GP,Reddit,all_publicly_visible,176906957,popular-application_reddit_msm176906957_20260701T000000Z_010000Z.json,landing_region_15bd93313ef3::landing_region_7587c579129b,"Baie-Mahault, Guadeloupe -> Capesterre-Belle-Eau, Guadeloupe",1.0,4,4,4,1,1,1,1,0.25,1,True,False,False,1.0,0.0
GP,Reddit,all_publicly_visible,176906957,popular-application_reddit_msm176906957_20260701T000000Z_010000Z.json,landing_region_24728f09c1b8::landing_region_443f465b9a9a,"Beausejour, Guadeloupe -> Saint-Louis, Guadeloupe",1.0,4,4,4,1,1,1,1,0.25,2,False,True,False,1.0,0.0
GP,Reddit,all_publicly_visible,176906957,popular-application_reddit_msm176906957_20260701T000000Z_010000Z.json,landing_region_24728f09c1b8::landing_region_7587c579129b,"Beausejour, Guadeloupe -> Capesterre-Belle-Eau, Guadeloupe",1.0,4,4,4,1,1,1,1,0.25,3,False,False,True,1.0,0.0
GP,Reddit,all_publicly_visible,176906957,popular-application_reddit_msm176906957_20260701T000000Z_010000Z.json,landing_region_443f465b9a9a::landing_region_7587c579129b,"Saint-Louis, Guadeloupe -> Capesterre-Belle-Eau, Guadeloupe",1.0,4,4,4,1,1,1,1,0.25,4,False,False,False,1.0,0.0
GP,Reddit,resolved_entry_only,176906957,popular-application_reddit_msm176906957_20260701T000000Z_010000Z.json,landing_region_15bd93313ef3::landing_region_7587c579129b,"Baie-Mahault, Guadeloupe -> Capesterre-Belle-Eau, Guadeloupe",1.0,4,4,4,1,1,1,1,0.25,1,True,False,False,1.0,0.0
GP,Reddit,resolved_entry_only,176906957,popular-application_reddit_msm176906957_20260701T000000Z_010000Z.json,landing_region_24728f09c1b8::landing_region_443f465b9a9a,"Beausejour, Guadeloupe -> Saint-Louis, Guadeloupe",1.0,4,4,4,1,1,1,1,0.25,2,False,True,False,1.0,0.0
GP,Reddit,resolved_entry_only,176906957,popular-application_reddit_msm176906957_20260701T000000Z_010000Z.json,landing_region_24728f09c1b8::landing_region_7587c579129b,"Beausejour, Guadeloupe -> Capesterre-Belle-Eau, Guadeloupe",1.0,4,4,4,1,1,1,1,0.25,3,False,False,True,1.0,0.0
GP,Reddit,resolved_entry_only,176906957,popular-application_reddit_msm176906957_20260701T000000Z_010000Z.json,landing_region_443f465b9a9a::landing_region_7587c579129b,"Saint-Louis, Guadeloupe -> Capesterre-Belle-Eau, Guadeloupe",1.0,4,4,4,1,1,1,1,0.25,4,False,False,False,1.0,0.0
GQ,Reddit,all_publicly_visible,176906957,popular-application_reddit_msm176906957_20260701T000000Z_010000Z.json,landing_region_343850da3642::landing_region_f7627feb3284,"Carcavelos, Portugal -> Seixal, Portugal",8.0,8,8,4,1,1,1,1,1.0,1,True,False,False,8.0,0.0
GQ,Reddit,resolved_entry_only,176906957,popular-application_reddit_msm176906957_20260701T000000Z_010000Z.json,landing_region_343850da3642::landing_region_f7627feb3284,"Carcavelos, Portugal -> Seixal, Portugal",8.0,8,8,4,1,1,1,1,1.0,1,True,False,False,8.0,0.0
GU,Reddit,all_publicly_visible,176906957,popular-application_reddit_msm176906957_20260701T000000Z_010000Z.json,landing_region_8d528e077d6e::landing_region_df61fea74887,"Kahe Point, HI, United States -> El Segundo, CA, United States",4.0,4,4,4,1,1,1,1,0.8,1,True,False,False,4.0,0.0
GU,Reddit,all_publicly_visible,176906957,popular-application_reddit_msm176906957_20260701T000000Z_010000Z.json,landing_region_3a991c05745c::landing_region_bc6c664daa8f,"Waialua, HI, United States -> Alupang, Guam",0.5,1,1,1,1,1,1,1,0.1,2,False,True,False,0.0,0.5
GU,Reddit,all_publicly_visible,176906957,popular-application_reddit_msm176906957_20260701T000000Z_010000Z.json,landing_region_8d528e077d6e::landing_region_bc6c664daa8f,"Kahe Point, HI, United States -> Alupang, Guam",0.5,1,1,1,1,1,1,1,0.1,3,False,False,True,0.0,0.5
GU,Reddit,resolved_entry_only,176906957,popular-application_reddit_msm176906957_20260701T000000Z_010000Z.json,landing_region_8d528e077d6e::landing_region_df61fea74887,"Kahe Point, HI, United States -> El Segundo, CA, United States",4.0,4,4,4,1,1,1,1,0.8,1,True,False,False,4.0,0.0
GU,Reddit,resolved_entry_only,176906957,popular-application_reddit_msm176906957_20260701T000000Z_010000Z.json,landing_region_3a991c05745c::landing_region_bc6c664daa8f,"Waialua, HI, United States -> Alupang, Guam",0.5,1,1,1,1,1,1,1,0.1,2,False,True,False,0.0,0.5
GU,Reddit,resolved_entry_only,176906957,popular-application_reddit_msm176906957_20260701T000000Z_010000Z.json,landing_region_8d528e077d6e::landing_region_bc6c664daa8f,"Kahe Point, HI, United States -> Alupang, Guam",0.5,1,1,1,1,1,1,1,0.1,3,False,False,True,0.0,0.5
HK,Reddit,all_publicly_visible,176906957,popular-application_reddit_msm176906957_20260701T000000Z_010000Z.json,landing_region_6d0b3b188139::landing_region_85e39fb7d29e,"Zhuhai, China -> Chai Wan, China",23.0,23,23,21,6,6,13,11,0.23232323232323232,1,True,False,False,23.0,0.0
HK,Reddit,all_publicly_visible,176906957,popular-application_reddit_msm176906957_20260701T000000Z_010000Z.json,landing_region_5d023e72c246::landing_region_b37879c52c2b,"Singapore, Singapore -> Batam, Indonesia",17.0,51,51,27,8,7,13,11,0.1717171717171717,2,False,True,False,17.0,0.0
HK,Reddit,all_publicly_visible,176906957,popular-application_reddit_msm176906957_20260701T000000Z_010000Z.json,landing_region_9430e1a9028b::landing_region_b37879c52c2b,"Changi North, Singapore -> Batam, Indonesia",17.0,51,51,27,8,7,13,11,0.1717171717171717,3,False,False,True,17.0,0.0
HK,Reddit,all_publicly_visible,176906957,popular-application_reddit_msm176906957_20260701T000000Z_010000Z.json,landing_region_af2b1cb46785::landing_region_b37879c52c2b,"Tuas, Singapore -> Batam, Indonesia",17.0,51,51,27,8,7,13,11,0.1717171717171717,4,False,False,False,17.0,0.0
HK,Reddit,all_publicly_visible,176906957,popular-application_reddit_msm176906957_20260701T000000Z_010000Z.json,landing_region_5d023e72c246::landing_region_7a7da5f2aeb1,"Singapore, Singapore -> Lantau Island, China",6.25,25,25,22,8,6,13,11,0.06313131313131314,5,False,False,False,0.0,6.25
HK,Reddit,all_publicly_visible,176906957,popular-application_reddit_msm176906957_20260701T000000Z_010000Z.json,landing_region_7a7da5f2aeb1::landing_region_9430e1a9028b,"Lantau Island, China -> Changi North, Singapore",6.25,25,25,22,8,6,13,11,0.06313131313131314,6,False,False,False,0.0,6.25
HK,Reddit,all_publicly_visible,176906957,popular-application_reddit_msm176906957_20260701T000000Z_010000Z.json,landing_region_85e39fb7d29e::landing_region_9430e1a9028b,"Chai Wan, China -> Changi North, Singapore",6.25,25,25,22,8,6,13,11,0.06313131313131314,7,False,False,False,0.0,6.25
HK,Reddit,all_publicly_visible,176906957,popular-application_reddit_msm176906957_20260701T000000Z_010000Z.json,landing_region_85e39fb7d29e::landing_region_af2b1cb46785,"Chai Wan, China -> Tuas, Singapore",6.25,25,25,22,8,6,13,11,0.06313131313131314,8,False,False,False,0.0,6.25
HK,Reddit,resolved_entry_only,176906957,popular-application_reddit_msm176906957_20260701T000000Z_010000Z.json,landing_region_6d0b3b188139::landing_region_85e39fb7d29e,"Zhuhai, China -> Chai Wan, China",23.0,23,23,21,6,6,13,11,0.23232323232323232,1,True,False,False,23.0,0.0
HK,Reddit,resolved_entry_only,176906957,popular-application_reddit_msm176906957_20260701T000000Z_010000Z.json,landing_region_5d023e72c246::landing_region_b37879c52c2b,"Singapore, Singapore -> Batam, Indonesia",17.0,51,51,27,8,7,13,11,0.1717171717171717,2,False,True,False,17.0,0.0
HK,Reddit,resolved_entry_only,176906957,popular-application_reddit_msm176906957_20260701T000000Z_010000Z.json,landing_region_9430e1a9028b::landing_region_b37879c52c2b,"Changi North, Singapore -> Batam, Indonesia",17.0,51,51,27,8,7,13,11,0.1717171717171717,3,False,False,True,17.0,0.0
HK,Reddit,resolved_entry_only,176906957,popular-application_reddit_msm176906957_20260701T000000Z_010000Z.json,landing_region_af2b1cb46785::landing_region_b37879c52c2b,"Tuas, Singapore -> Batam, Indonesia",17.0,51,51,27,8,7,13,11,0.1717171717171717,4,False,False,False,17.0,0.0
HK,Reddit,resolved_entry_only,176906957,popular-application_reddit_msm176906957_20260701T000000Z_010000Z.json,landing_region_5d023e72c246::landing_region_7a7da5f2aeb1,"Singapore, Singapore -> Lantau Island, China",6.25,25,25,22,8,6,13,11,0.06313131313131314,5,False,False,False,0.0,6.25
HK,Reddit,resolved_entry_only,176906957,popular-application_reddit_msm176906957_20260701T000000Z_010000Z.json,landing_region_7a7da5f2aeb1::landing_region_9430e1a9028b,"Lantau Island, China -> Changi North, Singapore",6.25,25,25,22,8,6,13,11,0.06313131313131314,6,False,False,False,0.0,6.25
HK,Reddit,resolved_entry_only,176906957,popular-application_reddit_msm176906957_20260701T000000Z_010000Z.json,landing_region_85e39fb7d29e::landing_region_9430e1a9028b,"Chai Wan, China -> Changi North, Singapore",6.25,25,25,22,8,6,13,11,0.06313131313131314,7,False,False,False,0.0,6.25
HK,Reddit,resolved_entry_only,176906957,popular-application_reddit_msm176906957_20260701T000000Z_010000Z.json,landing_region_85e39fb7d29e::landing_region_af2b1cb46785,"Chai Wan, China -> Tuas, Singapore",6.25,25,25,22,8,6,13,11,0.06313131313131314,8,False,False,False,0.0,6.25
HN,Reddit,all_publicly_visible,176906957,popular-application_reddit_msm176906957_20260701T000000Z_010000Z.json,landing_region_620bdff3a2d2::landing_region_bd03623e84bf,"Puerto Cortes, Honduras -> Hollywood, FL, United States",24.0,24,24,24,7,5,7,5,1.0,1,True,False,False,0.0,24.0
HN,Reddit,resolved_entry_only,176906957,popular-application_reddit_msm176906957_20260701T000000Z_010000Z.json,landing_region_620bdff3a2d2::landing_region_bd03623e84bf,"Puerto Cortes, Honduras -> Hollywood, FL, United States",24.0,24,24,24,7,5,7,5,1.0,1,True,False,False,0.0,24.0
ID,Reddit,all_publicly_visible,176906957,popular-application_reddit_msm176906957_20260701T000000Z_010000Z.json,landing_region_5a1e27deaea1::landing_region_ae1b031adf3a,"Tanjung Pakis, Indonesia -> Ancol, Indonesia",378.0,378,378,171,50,37,79,59,0.47547169811320755,1,True,False,False,378.0,0.0
ID,Reddit,all_publicly_visible,176906957,popular-application_reddit_msm176906957_20260701T000000Z_010000Z.json,landing_region_5d023e72c246::landing_region_b37879c52c2b,"Singapore, Singapore -> Batam, Indonesia",53.86666666666667,206,206,154,53,42,79,59,0.06775681341719078,2,False,True,False,44.06666666666666,9.8
ID,Reddit,all_publicly_visible,176906957,popular-application_reddit_msm176906957_20260701T000000Z_010000Z.json,landing_region_9430e1a9028b::landing_region_b37879c52c2b,"Changi North, Singapore -> Batam, Indonesia",53.86666666666667,206,206,154,53,42,79,59,0.06775681341719078,3,False,False,True,44.06666666666666,9.8
ID,Reddit,all_publicly_visible,176906957,popular-application_reddit_msm176906957_20260701T000000Z_010000Z.json,landing_region_af2b1cb46785::landing_region_b37879c52c2b,"Tuas, Singapore -> Batam, Indonesia",53.86666666666667,206,206,154,53,42,79,59,0.06775681341719078,4,False,False,False,44.06666666666666,9.8
ID,Reddit,all_publicly_visible,176906957,popular-application_reddit_msm176906957_20260701T000000Z_010000Z.json,landing_region_5d023e72c246::landing_region_82ed2c557762,"Singapore, Singapore -> Bintan, Indonesia",22.200000000000003,111,111,85,25,21,79,59,0.027924528301886797,5,False,False,False,12.4,9.8
ID,Reddit,all_publicly_visible,176906957,popular-application_reddit_msm176906957_20260701T000000Z_010000Z.json,landing_region_82ed2c557762::landing_region_b37879c52c2b,"Bintan, Indonesia -> Batam, Indonesia",22.200000000000003,111,111,85,25,21,79,59,0.027924528301886797,6,False,False,False,12.4,9.8
ID,Reddit,all_publicly_visible,176906957,popular-application_reddit_msm176906957_20260701T000000Z_010000Z.json,landing_region_5d023e72c246::landing_region_ae1b031adf3a,"Singapore, Singapore -> Ancol, Indonesia",20.135714285714286,146,146,146,46,35,79,59,0.02532794249775382,7,False,False,False,12.85,7.285714285714286
ID,Reddit,all_publicly_visible,176906957,popular-application_reddit_msm176906957_20260701T000000Z_010000Z.json,landing_region_9430e1a9028b::landing_region_ae1b031adf3a,"Changi North, Singapore -> Ancol, Indonesia",20.135714285714286,146,146,146,46,35,79,59,0.02532794249775382,8,False,False,False,12.85,7.285714285714286
ID,Reddit,all_publicly_visible,176906957,popular-application_reddit_msm176906957_20260701T000000Z_010000Z.json,landing_region_ae1b031adf3a::landing_region_af2b1cb46785,"Ancol, Indonesia -> Tuas, Singapore",20.135714285714286,146,146,146,46,35,79,59,0.02532794249775382,9,False,False,False,12.85,7.285714285714286
ID,Reddit,all_publicly_visible,176906957,popular-application_reddit_msm176906957_20260701T000000Z_010000Z.json,landing_region_ae1b031adf3a::landing_region_b37879c52c2b,"Ancol, Indonesia -> Batam, Indonesia",20.135714285714286,146,146,146,46,35,79,59,0.02532794249775382,10,False,False,False,12.85,7.285714285714286
ID,Reddit,all_publicly_visible,176906957,popular-application_reddit_msm176906957_20260701T000000Z_010000Z.json,landing_region_5a1e27deaea1::landing_region_9430e1a9028b,"Tanjung Pakis, Indonesia -> Changi North, Singapore",17.535714285714285,133,133,133,42,32,79,59,0.02205750224618149,11,False,False,False,10.25,7.285714285714286
ID,Reddit,all_publicly_visible,176906957,popular-application_reddit_msm176906957_20260701T000000Z_010000Z.json,landing_region_5a1e27deaea1::landing_region_af2b1cb46785,"Tanjung Pakis, Indonesia -> Tuas, Singapore",17.535714285714285,133,133,133,42,32,79,59,0.02205750224618149,12,False,False,False,10.25,7.285714285714286
ID,Reddit,all_publicly_visible,176906957,popular-application_reddit_msm176906957_20260701T000000Z_010000Z.json,landing_region_5a1e27deaea1::landing_region_b37879c52c2b,"Tanjung Pakis, Indonesia -> Batam, Indonesia",17.535714285714285,133,133,133,42,32,79,59,0.02205750224618149,13,False,False,False,10.25,7.285714285714286
ID,Reddit,all_publicly_visible,176906957,popular-application_reddit_msm176906957_20260701T000000Z_010000Z.json,landing_region_58934ccdf4e7::landing_region_5a1e27deaea1,"Kendal, Indonesia -> Tanjung Pakis, Indonesia",13.0,13,13,7,2,2,79,59,0.016352201257861635,14,False,False,False,13.0,0.0
ID,Reddit,all_publicly_visible,176906957,popular-application_reddit_msm176906957_20260701T000000Z_010000Z.json,landing_region_82ed2c557762::landing_region_ae1b031adf3a,"Bintan, Indonesia -> Ancol, Indonesia",12.85,95,95,95,28,21,79,59,0.016163522012578615,15,False,False,False,12.85,0.0
ID,Reddit,all_publicly_visible,176906957,popular-application_reddit_msm176906957_20260701T000000Z_010000Z.json,landing_region_010aeea39f91::landing_region_5a1e27deaea1,"Banyu Urip, Indonesia -> Tanjung Pakis, Indonesia",12.0,12,12,12,4,3,79,59,0.01509433962264151,16,False,False,False,12.0,0.0
ID,Reddit,all_publicly_visible,176906957,popular-application_reddit_msm176906957_20260701T000000Z_010000Z.json,landing_region_150b225bb130::landing_region_5a1e27deaea1,"Cirebon, Indonesia -> Tanjung Pakis, Indonesia",12.0,12,12,12,3,3,79,59,0.01509433962264151,17,False,False,False,12.0,0.0
ID,Reddit,all_publicly_visible,176906957,popular-application_reddit_msm176906957_20260701T000000Z_010000Z.json,landing_region_16506ee61a44::landing_region_af2b1cb46785,"Medan, Indonesia -> Tuas, Singapore",8.0,8,8,8,2,1,79,59,0.010062893081761006,18,False,False,False,0.0,8.0
ID,Reddit,all_publicly_visible,176906957,popular-application_reddit_msm176906957_20260701T000000Z_010000Z.json,landing_region_010aeea39f91::landing_region_b37879c52c2b,"Banyu Urip, Indonesia -> Batam, Indonesia",7.0,7,7,7,2,2,79,59,0.00880503144654088,19,False,False,False,6.0,1.0
ID,Reddit,all_publicly_visible,176906957,popular-application_reddit_msm176906957_20260701T000000Z_010000Z.json,landing_region_21551e42403e::landing_region_e78a64df321a,"Sanur, Indonesia -> Gianyar, Indonesia",6.0,6,6,6,2,2,79,59,0.007547169811320755,20,False,False,False,6.0,0.0
ID,Reddit,all_publicly_visible,176906957,popular-application_reddit_msm176906957_20260701T000000Z_010000Z.json,landing_region_5d023e72c246::landing_region_7a7da5f2aeb1,"Singapore, Singapore -> Lantau Island, China",1.5,6,6,6,3,2,79,59,0.0018867924528301887,21,False,False,False,0.0,1.5
ID,Reddit,all_publicly_visible,176906957,popular-application_reddit_msm176906957_20260701T000000Z_010000Z.json,landing_region_7a7da5f2aeb1::landing_region_9430e1a9028b,"Lantau Island, China -> Changi North, Singapore",1.5,6,6,6,3,2,79,59,0.0018867924528301887,22,False,False,False,0.0,1.5
ID,Reddit,all_publicly_visible,176906957,popular-application_reddit_msm176906957_20260701T000000Z_010000Z.json,landing_region_85e39fb7d29e::landing_region_9430e1a9028b,"Chai Wan, China -> Changi North, Singapore",1.5,6,6,6,3,2,79,59,0.0018867924528301887,23,False,False,False,0.0,1.5
ID,Reddit,all_publicly_visible,176906957,popular-application_reddit_msm176906957_20260701T000000Z_010000Z.json,landing_region_85e39fb7d29e::landing_region_af2b1cb46785,"Chai Wan, China -> Tuas, Singapore",1.5,6,6,6,3,2,79,59,0.0018867924528301887,24,False,False,False,0.0,1.5
ID,Reddit,all_publicly_visible,176906957,popular-application_reddit_msm176906957_20260701T000000Z_010000Z.json,landing_region_12a650616015::landing_region_95097cb3ef8d,"Beculuk, Indonesia -> Candikusuma, Indonesia",1.0,1,1,1,1,1,79,59,0.0012578616352201257,25,False,False,False,1.0,0.0
ID,Reddit,resolved_entry_only,176906957,popular-application_reddit_msm176906957_20260701T000000Z_010000Z.json,landing_region_5a1e27deaea1::landing_region_ae1b031adf3a,"Tanjung Pakis, Indonesia -> Ancol, Indonesia",361.0,361,361,164,49,36,78,58,0.46580645161290324,1,True,False,False,361.0,0.0
ID,Reddit,resolved_entry_only,176906957,popular-application_reddit_msm176906957_20260701T000000Z_010000Z.json,landing_region_5d023e72c246::landing_region_b37879c52c2b,"Singapore, Singapore -> Batam, Indonesia",53.86666666666667,206,206,154,53,42,78,58,0.06950537634408602,2,False,True,False,44.06666666666666,9.8
ID,Reddit,resolved_entry_only,176906957,popular-application_reddit_msm176906957_20260701T000000Z_010000Z.json,landing_region_9430e1a9028b::landing_region_b37879c52c2b,"Changi North, Singapore -> Batam, Indonesia",53.86666666666667,206,206,154,53,42,78,58,0.06950537634408602,3,False,False,True,44.06666666666666,9.8
ID,Reddit,resolved_entry_only,176906957,popular-application_reddit_msm176906957_20260701T000000Z_010000Z.json,landing_region_af2b1cb46785::landing_region_b37879c52c2b,"Tuas, Singapore -> Batam, Indonesia",53.86666666666667,206,206,154,53,42,78,58,0.06950537634408602,4,False,False,False,44.06666666666666,9.8
ID,Reddit,resolved_entry_only,176906957,popular-application_reddit_msm176906957_20260701T000000Z_010000Z.json,landing_region_5d023e72c246::landing_region_82ed2c557762,"Singapore, Singapore -> Bintan, Indonesia",22.200000000000003,111,111,85,25,21,78,58,0.028645161290322584,5,False,False,False,12.4,9.8
ID,Reddit,resolved_entry_only,176906957,popular-application_reddit_msm176906957_20260701T000000Z_010000Z.json,landing_region_82ed2c557762::landing_region_b37879c52c2b,"Bintan, Indonesia -> Batam, Indonesia",22.200000000000003,111,111,85,25,21,78,58,0.028645161290322584,6,False,False,False,12.4,9.8
ID,Reddit,resolved_entry_only,176906957,popular-application_reddit_msm176906957_20260701T000000Z_010000Z.json,landing_region_5d023e72c246::landing_region_ae1b031adf3a,"Singapore, Singapore -> Ancol, Indonesia",20.135714285714286,146,146,146,46,35,78,58,0.025981566820276497,7,False,False,False,12.85,7.285714285714286
ID,Reddit,resolved_entry_only,176906957,popular-application_reddit_msm176906957_20260701T000000Z_010000Z.json,landing_region_9430e1a9028b::landing_region_ae1b031adf3a,"Changi North, Singapore -> Ancol, Indonesia",20.135714285714286,146,146,146,46,35,78,58,0.025981566820276497,8,False,False,False,12.85,7.285714285714286
ID,Reddit,resolved_entry_only,176906957,popular-application_reddit_msm176906957_20260701T000000Z_010000Z.json,landing_region_ae1b031adf3a::landing_region_af2b1cb46785,"Ancol, Indonesia -> Tuas, Singapore",20.135714285714286,146,146,146,46,35,78,58,0.025981566820276497,9,False,False,False,12.85,7.285714285714286
ID,Reddit,resolved_entry_only,176906957,popular-application_reddit_msm176906957_20260701T000000Z_010000Z.json,landing_region_ae1b031adf3a::landing_region_b37879c52c2b,"Ancol, Indonesia -> Batam, Indonesia",20.135714285714286,146,146,146,46,35,78,58,0.025981566820276497,10,False,False,False,12.85,7.285714285714286
ID,Reddit,resolved_entry_only,176906957,popular-application_reddit_msm176906957_20260701T000000Z_010000Z.json,landing_region_5a1e27deaea1::landing_region_9430e1a9028b,"Tanjung Pakis, Indonesia -> Changi North, Singapore",17.535714285714285,133,133,133,42,32,78,58,0.022626728110599077,11,False,False,False,10.25,7.285714285714286
ID,Reddit,resolved_entry_only,176906957,popular-application_reddit_msm176906957_20260701T000000Z_010000Z.json,landing_region_5a1e27deaea1::landing_region_af2b1cb46785,"Tanjung Pakis, Indonesia -> Tuas, Singapore",17.535714285714285,133,133,133,42,32,78,58,0.022626728110599077,12,False,False,False,10.25,7.285714285714286
ID,Reddit,resolved_entry_only,176906957,popular-application_reddit_msm176906957_20260701T000000Z_010000Z.json,landing_region_5a1e27deaea1::landing_region_b37879c52c2b,"Tanjung Pakis, Indonesia -> Batam, Indonesia",17.535714285714285,133,133,133,42,32,78,58,0.022626728110599077,13,False,False,False,10.25,7.285714285714286
ID,Reddit,resolved_entry_only,176906957,popular-application_reddit_msm176906957_20260701T000000Z_010000Z.json,landing_region_82ed2c557762::landing_region_ae1b031adf3a,"Bintan, Indonesia -> Ancol, Indonesia",12.85,95,95,95,28,21,78,58,0.016580645161290323,14,False,False,False,12.85,0.0
ID,Reddit,resolved_entry_only,176906957,popular-application_reddit_msm176906957_20260701T000000Z_010000Z.json,landing_region_010aeea39f91::landing_region_5a1e27deaea1,"Banyu Urip, Indonesia -> Tanjung Pakis, Indonesia",12.0,12,12,12,4,3,78,58,0.015483870967741935,15,False,False,False,12.0,0.0
ID,Reddit,resolved_entry_only,176906957,popular-application_reddit_msm176906957_20260701T000000Z_010000Z.json,landing_region_150b225bb130::landing_region_5a1e27deaea1,"Cirebon, Indonesia -> Tanjung Pakis, Indonesia",12.0,12,12,12,3,3,78,58,0.015483870967741935,16,False,False,False,12.0,0.0
ID,Reddit,resolved_entry_only,176906957,popular-application_reddit_msm176906957_20260701T000000Z_010000Z.json,landing_region_58934ccdf4e7::landing_region_5a1e27deaea1,"Kendal, Indonesia -> Tanjung Pakis, Indonesia",10.0,10,10,4,2,2,78,58,0.012903225806451613,17,False,False,False,10.0,0.0
ID,Reddit,resolved_entry_only,176906957,popular-application_reddit_msm176906957_20260701T000000Z_010000Z.json,landing_region_16506ee61a44::landing_region_af2b1cb46785,"Medan, Indonesia -> Tuas, Singapore",8.0,8,8,8,2,1,78,58,0.01032258064516129,18,False,False,False,0.0,8.0
ID,Reddit,resolved_entry_only,176906957,popular-application_reddit_msm176906957_20260701T000000Z_010000Z.json,landing_region_010aeea39f91::landing_region_b37879c52c2b,"Banyu Urip, Indonesia -> Batam, Indonesia",7.0,7,7,7,2,2,78,58,0.00903225806451613,19,False,False,False,6.0,1.0
ID,Reddit,resolved_entry_only,176906957,popular-application_reddit_msm176906957_20260701T000000Z_010000Z.json,landing_region_21551e42403e::landing_region_e78a64df321a,"Sanur, Indonesia -> Gianyar, Indonesia",6.0,6,6,6,2,2,78,58,0.007741935483870968,20,False,False,False,6.0,0.0
ID,Reddit,resolved_entry_only,176906957,popular-application_reddit_msm176906957_20260701T000000Z_010000Z.json,landing_region_5d023e72c246::landing_region_7a7da5f2aeb1,"Singapore, Singapore -> Lantau Island, China",1.5,6,6,6,3,2,78,58,0.001935483870967742,21,False,False,False,0.0,1.5
ID,Reddit,resolved_entry_only,176906957,popular-application_reddit_msm176906957_20260701T000000Z_010000Z.json,landing_region_7a7da5f2aeb1::landing_region_9430e1a9028b,"Lantau Island, China -> Changi North, Singapore",1.5,6,6,6,3,2,78,58,0.001935483870967742,22,False,False,False,0.0,1.5
ID,Reddit,resolved_entry_only,176906957,popular-application_reddit_msm176906957_20260701T000000Z_010000Z.json,landing_region_85e39fb7d29e::landing_region_9430e1a9028b,"Chai Wan, China -> Changi North, Singapore",1.5,6,6,6,3,2,78,58,0.001935483870967742,23,False,False,False,0.0,1.5
ID,Reddit,resolved_entry_only,176906957,popular-application_reddit_msm176906957_20260701T000000Z_010000Z.json,landing_region_85e39fb7d29e::landing_region_af2b1cb46785,"Chai Wan, China -> Tuas, Singapore",1.5,6,6,6,3,2,78,58,0.001935483870967742,24,False,False,False,0.0,1.5
ID,Reddit,resolved_entry_only,176906957,popular-application_reddit_msm176906957_20260701T000000Z_010000Z.json,landing_region_12a650616015::landing_region_95097cb3ef8d,"Beculuk, Indonesia -> Candikusuma, Indonesia",1.0,1,1,1,1,1,78,58,0.0012903225806451613,25,False,False,False,1.0,0.0
IL,Reddit,all_publicly_visible,176906957,popular-application_reddit_msm176906957_20260701T000000Z_010000Z.json,landing_region_192d23342e5f::landing_region_cc314324bd60,"Tel Aviv, Israel -> Netanya, Israel",80.33333333333333,121,121,61,18,8,19,8,0.599502487562189,1,True,False,False,80.33333333333333,0.0
IL,Reddit,all_publicly_visible,176906957,popular-application_reddit_msm176906957_20260701T000000Z_010000Z.json,landing_region_192d23342e5f::landing_region_ae2cb6b6c71d,"Tel Aviv, Israel -> Haifa, Israel",14.799999999999999,48,48,20,7,3,19,8,0.11044776119402984,2,False,True,False,14.799999999999999,0.0
IL,Reddit,all_publicly_visible,176906957,popular-application_reddit_msm176906957_20260701T000000Z_010000Z.json,landing_region_ae2cb6b6c71d::landing_region_cc314324bd60,"Haifa, Israel -> Netanya, Israel",10.8,40,40,20,7,3,19,8,0.08059701492537313,3,False,False,True,10.8,0.0
IL,Reddit,all_publicly_visible,176906957,popular-application_reddit_msm176906957_20260701T000000Z_010000Z.json,landing_region_192d23342e5f::landing_region_1a7bd9b543d8,"Tel Aviv, Israel -> Ashkelon, Israel",10.333333333333332,31,31,22,7,3,19,8,0.07711442786069651,4,False,False,False,10.333333333333332,0.0
IL,Reddit,all_publicly_visible,176906957,popular-application_reddit_msm176906957_20260701T000000Z_010000Z.json,landing_region_1a7bd9b543d8::landing_region_cc314324bd60,"Ashkelon, Israel -> Netanya, Israel",6.333333333333333,25,25,21,6,3,19,8,0.0472636815920398,5,False,False,False,6.333333333333333,0.0
IL,Reddit,all_publicly_visible,176906957,popular-application_reddit_msm176906957_20260701T000000Z_010000Z.json,landing_region_4352ed1ae85d::landing_region_ae2cb6b6c71d,"Nahariyya, Israel -> Haifa, Israel",4.8,8,8,4,1,1,19,8,0.03582089552238806,6,False,False,False,4.8,0.0
IL,Reddit,all_publicly_visible,176906957,popular-application_reddit_msm176906957_20260701T000000Z_010000Z.json,landing_region_08ea81d123b5::landing_region_192d23342e5f,"Marseille, France -> Tel Aviv, Israel",3.0,3,3,3,1,1,19,8,0.022388059701492536,7,False,False,False,0.0,3.0
IL,Reddit,all_publicly_visible,176906957,popular-application_reddit_msm176906957_20260701T000000Z_010000Z.json,landing_region_1a7bd9b543d8::landing_region_ae2cb6b6c71d,"Ashkelon, Israel -> Haifa, Israel",2.0,12,12,12,5,2,19,8,0.014925373134328358,8,False,False,False,2.0,0.0
IL,Reddit,all_publicly_visible,176906957,popular-application_reddit_msm176906957_20260701T000000Z_010000Z.json,landing_region_192d23342e5f::landing_region_4352ed1ae85d,"Tel Aviv, Israel -> Nahariyya, Israel",0.8,4,4,4,1,1,19,8,0.005970149253731343,9,False,False,False,0.8,0.0
IL,Reddit,all_publicly_visible,176906957,popular-application_reddit_msm176906957_20260701T000000Z_010000Z.json,landing_region_4352ed1ae85d::landing_region_cc314324bd60,"Nahariyya, Israel -> Netanya, Israel",0.8,4,4,4,1,1,19,8,0.005970149253731343,10,False,False,False,0.8,0.0
IL,Reddit,resolved_entry_only,176906957,popular-application_reddit_msm176906957_20260701T000000Z_010000Z.json,landing_region_192d23342e5f::landing_region_cc314324bd60,"Tel Aviv, Israel -> Netanya, Israel",80.33333333333333,121,121,61,18,8,19,8,0.599502487562189,1,True,False,False,80.33333333333333,0.0
IL,Reddit,resolved_entry_only,176906957,popular-application_reddit_msm176906957_20260701T000000Z_010000Z.json,landing_region_192d23342e5f::landing_region_ae2cb6b6c71d,"Tel Aviv, Israel -> Haifa, Israel",14.799999999999999,48,48,20,7,3,19,8,0.11044776119402984,2,False,True,False,14.799999999999999,0.0
IL,Reddit,resolved_entry_only,176906957,popular-application_reddit_msm176906957_20260701T000000Z_010000Z.json,landing_region_ae2cb6b6c71d::landing_region_cc314324bd60,"Haifa, Israel -> Netanya, Israel",10.8,40,40,20,7,3,19,8,0.08059701492537313,3,False,False,True,10.8,0.0
IL,Reddit,resolved_entry_only,176906957,popular-application_reddit_msm176906957_20260701T000000Z_010000Z.json,landing_region_192d23342e5f::landing_region_1a7bd9b543d8,"Tel Aviv, Israel -> Ashkelon, Israel",10.333333333333332,31,31,22,7,3,19,8,0.07711442786069651,4,False,False,False,10.333333333333332,0.0
IL,Reddit,resolved_entry_only,176906957,popular-application_reddit_msm176906957_20260701T000000Z_010000Z.json,landing_region_1a7bd9b543d8::landing_region_cc314324bd60,"Ashkelon, Israel -> Netanya, Israel",6.333333333333333,25,25,21,6,3,19,8,0.0472636815920398,5,False,False,False,6.333333333333333,0.0
IL,Reddit,resolved_entry_only,176906957,popular-application_reddit_msm176906957_20260701T000000Z_010000Z.json,landing_region_4352ed1ae85d::landing_region_ae2cb6b6c71d,"Nahariyya, Israel -> Haifa, Israel",4.8,8,8,4,1,1,19,8,0.03582089552238806,6,False,False,False,4.8,0.0
IL,Reddit,resolved_entry_only,176906957,popular-application_reddit_msm176906957_20260701T000000Z_010000Z.json,landing_region_08ea81d123b5::landing_region_192d23342e5f,"Marseille, France -> Tel Aviv, Israel",3.0,3,3,3,1,1,19,8,0.022388059701492536,7,False,False,False,0.0,3.0
IL,Reddit,resolved_entry_only,176906957,popular-application_reddit_msm176906957_20260701T000000Z_010000Z.json,landing_region_1a7bd9b543d8::landing_region_ae2cb6b6c71d,"Ashkelon, Israel -> Haifa, Israel",2.0,12,12,12,5,2,19,8,0.014925373134328358,8,False,False,False,2.0,0.0
IL,Reddit,resolved_entry_only,176906957,popular-application_reddit_msm176906957_20260701T000000Z_010000Z.json,landing_region_192d23342e5f::landing_region_4352ed1ae85d,"Tel Aviv, Israel -> Nahariyya, Israel",0.8,4,4,4,1,1,19,8,0.005970149253731343,9,False,False,False,0.8,0.0
IL,Reddit,resolved_entry_only,176906957,popular-application_reddit_msm176906957_20260701T000000Z_010000Z.json,landing_region_4352ed1ae85d::landing_region_cc314324bd60,"Nahariyya, Israel -> Netanya, Israel",0.8,4,4,4,1,1,19,8,0.005970149253731343,10,False,False,False,0.8,0.0
IN,Reddit,all_publicly_visible,176906957,popular-application_reddit_msm176906957_20260701T000000Z_010000Z.json,landing_region_0074f164da96::landing_region_32509493c7f4,"Mumbai, India -> Chennai, India",8.0,8,8,8,5,4,5,4,1.0,1,True,False,False,8.0,0.0
IN,Reddit,resolved_entry_only,176906957,popular-application_reddit_msm176906957_20260701T000000Z_010000Z.json,landing_region_0074f164da96::landing_region_32509493c7f4,"Mumbai, India -> Chennai, India",8.0,8,8,8,5,4,5,4,1.0,1,True,False,False,8.0,0.0
IT,Reddit,all_publicly_visible,176906957,popular-application_reddit_msm176906957_20260701T000000Z_010000Z.json,landing_region_04d22ee1208c::landing_region_1d5c9bdda1cc,"Genoa, Italy -> Rome, Italy",4.0,4,4,4,1,1,1,1,0.5,1,True,False,False,4.0,0.0
IT,Reddit,all_publicly_visible,176906957,popular-application_reddit_msm176906957_20260701T000000Z_010000Z.json,landing_region_04d22ee1208c::landing_region_08ea81d123b5,"Genoa, Italy -> Marseille, France",2.0,4,4,4,1,1,1,1,0.25,2,False,True,False,0.0,2.0
IT,Reddit,all_publicly_visible,176906957,popular-application_reddit_msm176906957_20260701T000000Z_010000Z.json,landing_region_08ea81d123b5::landing_region_e151c65a30d3,"Marseille, France -> Savona, Italy",2.0,4,4,4,1,1,1,1,0.25,3,False,False,True,0.0,2.0
IT,Reddit,resolved_entry_only,176906957,popular-application_reddit_msm176906957_20260701T000000Z_010000Z.json,landing_region_04d22ee1208c::landing_region_1d5c9bdda1cc,"Genoa, Italy -> Rome, Italy",4.0,4,4,4,1,1,1,1,0.5,1,True,False,False,4.0,0.0
IT,Reddit,resolved_entry_only,176906957,popular-application_reddit_msm176906957_20260701T000000Z_010000Z.json,landing_region_04d22ee1208c::landing_region_08ea81d123b5,"Genoa, Italy -> Marseille, France",2.0,4,4,4,1,1,1,1,0.25,2,False,True,False,0.0,2.0
IT,Reddit,resolved_entry_only,176906957,popular-application_reddit_msm176906957_20260701T000000Z_010000Z.json,landing_region_08ea81d123b5::landing_region_e151c65a30d3,"Marseille, France -> Savona, Italy",2.0,4,4,4,1,1,1,1,0.25,3,False,False,True,0.0,2.0
JM,Reddit,all_publicly_visible,176906957,popular-application_reddit_msm176906957_20260701T000000Z_010000Z.json,landing_region_68c87c6fa47f::landing_region_bb71ecf60691,"Copa Club, Jamaica -> Port Antonio, Jamaica",16.0,16,16,16,4,2,4,2,0.8,1,True,False,False,16.0,0.0
JM,Reddit,all_publicly_visible,176906957,popular-application_reddit_msm176906957_20260701T000000Z_010000Z.json,landing_region_af7df63397a0::landing_region_bd03623e84bf,"Jacksonville, FL, United States -> Hollywood, FL, United States",4.0,4,4,4,1,1,4,2,0.2,2,False,True,False,4.0,0.0
JM,Reddit,resolved_entry_only,176906957,popular-application_reddit_msm176906957_20260701T000000Z_010000Z.json,landing_region_68c87c6fa47f::landing_region_bb71ecf60691,"Copa Club, Jamaica -> Port Antonio, Jamaica",16.0,16,16,16,4,2,4,2,0.8,1,True,False,False,16.0,0.0
JM,Reddit,resolved_entry_only,176906957,popular-application_reddit_msm176906957_20260701T000000Z_010000Z.json,landing_region_af7df63397a0::landing_region_bd03623e84bf,"Jacksonville, FL, United States -> Hollywood, FL, United States",4.0,4,4,4,1,1,4,2,0.2,2,False,True,False,4.0,0.0
JP,Reddit,all_publicly_visible,176906957,popular-application_reddit_msm176906957_20260701T000000Z_010000Z.json,landing_region_6ee5239e409c::landing_region_87b575b90c68,"Ama, Japan -> Itoman, Japan",3.333333333333333,10,10,2,1,1,1,1,0.3333333333333333,1,True,False,False,3.333333333333333,0.0
JP,Reddit,all_publicly_visible,176906957,popular-application_reddit_msm176906957_20260701T000000Z_010000Z.json,landing_region_6ee5239e409c::landing_region_b6092af8113d,"Ama, Japan -> Yomitan, Japan",3.333333333333333,10,10,2,1,1,1,1,0.3333333333333333,2,False,True,False,3.333333333333333,0.0
JP,Reddit,all_publicly_visible,176906957,popular-application_reddit_msm176906957_20260701T000000Z_010000Z.json,landing_region_87b575b90c68::landing_region_b6092af8113d,"Itoman, Japan -> Yomitan, Japan",3.333333333333333,10,10,2,1,1,1,1,0.3333333333333333,3,False,False,True,3.333333333333333,0.0
JP,Reddit,resolved_entry_only,176906957,popular-application_reddit_msm176906957_20260701T000000Z_010000Z.json,landing_region_6ee5239e409c::landing_region_87b575b90c68,"Ama, Japan -> Itoman, Japan",3.333333333333333,10,10,2,1,1,1,1,0.3333333333333333,1,True,False,False,3.333333333333333,0.0
JP,Reddit,resolved_entry_only,176906957,popular-application_reddit_msm176906957_20260701T000000Z_010000Z.json,landing_region_6ee5239e409c::landing_region_b6092af8113d,"Ama, Japan -> Yomitan, Japan",3.333333333333333,10,10,2,1,1,1,1,0.3333333333333333,2,False,True,False,3.333333333333333,0.0
JP,Reddit,resolved_entry_only,176906957,popular-application_reddit_msm176906957_20260701T000000Z_010000Z.json,landing_region_87b575b90c68::landing_region_b6092af8113d,"Itoman, Japan -> Yomitan, Japan",3.333333333333333,10,10,2,1,1,1,1,0.3333333333333333,3,False,False,True,3.333333333333333,0.0
KH,Reddit,all_publicly_visible,176906957,popular-application_reddit_msm176906957_20260701T000000Z_010000Z.json,landing_region_5d023e72c246::landing_region_b37879c52c2b,"Singapore, Singapore -> Batam, Indonesia",5.333333333333333,16,16,12,4,4,4,4,0.3333333333333333,1,True,False,False,5.333333333333333,0.0
KH,Reddit,all_publicly_visible,176906957,popular-application_reddit_msm176906957_20260701T000000Z_010000Z.json,landing_region_9430e1a9028b::landing_region_b37879c52c2b,"Changi North, Singapore -> Batam, Indonesia",5.333333333333333,16,16,12,4,4,4,4,0.3333333333333333,2,False,True,False,5.333333333333333,0.0
KH,Reddit,all_publicly_visible,176906957,popular-application_reddit_msm176906957_20260701T000000Z_010000Z.json,landing_region_af2b1cb46785::landing_region_b37879c52c2b,"Tuas, Singapore -> Batam, Indonesia",5.333333333333333,16,16,12,4,4,4,4,0.3333333333333333,3,False,False,True,5.333333333333333,0.0
KH,Reddit,resolved_entry_only,176906957,popular-application_reddit_msm176906957_20260701T000000Z_010000Z.json,landing_region_5d023e72c246::landing_region_b37879c52c2b,"Singapore, Singapore -> Batam, Indonesia",5.333333333333333,16,16,12,4,4,4,4,0.3333333333333333,1,True,False,False,5.333333333333333,0.0
KH,Reddit,resolved_entry_only,176906957,popular-application_reddit_msm176906957_20260701T000000Z_010000Z.json,landing_region_9430e1a9028b::landing_region_b37879c52c2b,"Changi North, Singapore -> Batam, Indonesia",5.333333333333333,16,16,12,4,4,4,4,0.3333333333333333,2,False,True,False,5.333333333333333,0.0
KH,Reddit,resolved_entry_only,176906957,popular-application_reddit_msm176906957_20260701T000000Z_010000Z.json,landing_region_af2b1cb46785::landing_region_b37879c52c2b,"Tuas, Singapore -> Batam, Indonesia",5.333333333333333,16,16,12,4,4,4,4,0.3333333333333333,3,False,False,True,5.333333333333333,0.0
KN,Reddit,all_publicly_visible,176906957,popular-application_reddit_msm176906957_20260701T000000Z_010000Z.json,landing_region_04a5b4bc2547::landing_region_32bca37bf53d,"Gallows Bay, Bonaire, Sint Eustatius and Saba -> Basseterre, Saint Kitts and Nevis",4.0,4,4,4,1,1,1,1,1.0,1,True,False,False,4.0,0.0
KN,Reddit,resolved_entry_only,176906957,popular-application_reddit_msm176906957_20260701T000000Z_010000Z.json,landing_region_04a5b4bc2547::landing_region_32bca37bf53d,"Gallows Bay, Bonaire, Sint Eustatius and Saba -> Basseterre, Saint Kitts and Nevis",4.0,4,4,4,1,1,1,1,1.0,1,True,False,False,4.0,0.0
KY,Reddit,all_publicly_visible,176906957,popular-application_reddit_msm176906957_20260701T000000Z_010000Z.json,landing_region_6a990cca53f4::landing_region_bd03623e84bf,"Half Moon Bay, Cayman Islands -> Hollywood, FL, United States",4.0,4,4,4,1,1,1,1,1.0,1,True,False,False,0.0,4.0
KY,Reddit,resolved_entry_only,176906957,popular-application_reddit_msm176906957_20260701T000000Z_010000Z.json,landing_region_6a990cca53f4::landing_region_bd03623e84bf,"Half Moon Bay, Cayman Islands -> Hollywood, FL, United States",4.0,4,4,4,1,1,1,1,1.0,1,True,False,False,0.0,4.0
LC,Reddit,all_publicly_visible,176906957,popular-application_reddit_msm176906957_20260701T000000Z_010000Z.json,landing_region_32bca37bf53d::landing_region_c92fc361db9a,"Basseterre, Saint Kitts and Nevis -> Rodney Bay, Saint Lucia",2.0,2,2,2,2,1,2,1,1.0,1,True,False,False,0.0,2.0
LC,Reddit,resolved_entry_only,176906957,popular-application_reddit_msm176906957_20260701T000000Z_010000Z.json,landing_region_32bca37bf53d::landing_region_c92fc361db9a,"Basseterre, Saint Kitts and Nevis -> Rodney Bay, Saint Lucia",2.0,2,2,2,2,1,2,1,1.0,1,True,False,False,0.0,2.0
LK,Reddit,all_publicly_visible,176906957,popular-application_reddit_msm176906957_20260701T000000Z_010000Z.json,landing_region_465d1b4e7da4::landing_region_af2b1cb46785,"Mt. Lavinia, Sri Lanka -> Tuas, Singapore",35.0,35,35,31,10,4,10,4,0.546875,1,True,False,False,0.0,35.0
LK,Reddit,all_publicly_visible,176906957,popular-application_reddit_msm176906957_20260701T000000Z_010000Z.json,landing_region_5d023e72c246::landing_region_b37879c52c2b,"Singapore, Singapore -> Batam, Indonesia",9.666666666666666,29,29,20,6,2,10,4,0.15104166666666666,2,False,True,False,9.666666666666666,0.0
LK,Reddit,all_publicly_visible,176906957,popular-application_reddit_msm176906957_20260701T000000Z_010000Z.json,landing_region_9430e1a9028b::landing_region_b37879c52c2b,"Changi North, Singapore -> Batam, Indonesia",9.666666666666666,29,29,20,6,2,10,4,0.15104166666666666,3,False,False,True,9.666666666666666,0.0
LK,Reddit,all_publicly_visible,176906957,popular-application_reddit_msm176906957_20260701T000000Z_010000Z.json,landing_region_af2b1cb46785::landing_region_b37879c52c2b,"Tuas, Singapore -> Batam, Indonesia",9.666666666666666,29,29,20,6,2,10,4,0.15104166666666666,4,False,False,False,9.666666666666666,0.0
LK,Reddit,resolved_entry_only,176906957,popular-application_reddit_msm176906957_20260701T000000Z_010000Z.json,landing_region_465d1b4e7da4::landing_region_af2b1cb46785,"Mt. Lavinia, Sri Lanka -> Tuas, Singapore",35.0,35,35,31,10,4,10,4,0.546875,1,True,False,False,0.0,35.0
LK,Reddit,resolved_entry_only,176906957,popular-application_reddit_msm176906957_20260701T000000Z_010000Z.json,landing_region_5d023e72c246::landing_region_b37879c52c2b,"Singapore, Singapore -> Batam, Indonesia",9.666666666666666,29,29,20,6,2,10,4,0.15104166666666666,2,False,True,False,9.666666666666666,0.0
LK,Reddit,resolved_entry_only,176906957,popular-application_reddit_msm176906957_20260701T000000Z_010000Z.json,landing_region_9430e1a9028b::landing_region_b37879c52c2b,"Changi North, Singapore -> Batam, Indonesia",9.666666666666666,29,29,20,6,2,10,4,0.15104166666666666,3,False,False,True,9.666666666666666,0.0
LK,Reddit,resolved_entry_only,176906957,popular-application_reddit_msm176906957_20260701T000000Z_010000Z.json,landing_region_af2b1cb46785::landing_region_b37879c52c2b,"Tuas, Singapore -> Batam, Indonesia",9.666666666666666,29,29,20,6,2,10,4,0.15104166666666666,4,False,False,False,9.666666666666666,0.0
LT,Reddit,all_publicly_visible,176906957,popular-application_reddit_msm176906957_20260701T000000Z_010000Z.json,landing_region_5631d1801aee::landing_region_65aa8d7cf62e,"Tallinn, Estonia -> Espoo, Finland",8.0,8,8,8,2,1,2,1,1.0,1,True,False,False,0.0,8.0
LT,Reddit,resolved_entry_only,176906957,popular-application_reddit_msm176906957_20260701T000000Z_010000Z.json,landing_region_5631d1801aee::landing_region_65aa8d7cf62e,"Tallinn, Estonia -> Espoo, Finland",8.0,8,8,8,2,1,2,1,1.0,1,True,False,False,0.0,8.0
LV,Reddit,all_publicly_visible,176906957,popular-application_reddit_msm176906957_20260701T000000Z_010000Z.json,landing_region_5631d1801aee::landing_region_65aa8d7cf62e,"Tallinn, Estonia -> Espoo, Finland",18.0,18,18,18,6,2,7,3,0.782608695652174,1,True,False,False,0.0,18.0
LV,Reddit,all_publicly_visible,176906957,popular-application_reddit_msm176906957_20260701T000000Z_010000Z.json,landing_region_1ce0b85cd8b9::landing_region_d073d559153a,"Uto, Sweden -> Bunkeflostand, Sweden",2.0,4,4,4,1,1,7,3,0.08695652173913043,2,False,True,False,0.5,1.5
LV,Reddit,all_publicly_visible,176906957,popular-application_reddit_msm176906957_20260701T000000Z_010000Z.json,landing_region_1ce0b85cd8b9::landing_region_e2b0cd002b0c,"Uto, Sweden -> Tuborg, Denmark",2.0,4,4,4,1,1,7,3,0.08695652173913043,3,False,False,True,0.5,1.5
LV,Reddit,all_publicly_visible,176906957,popular-application_reddit_msm176906957_20260701T000000Z_010000Z.json,landing_region_d073d559153a::landing_region_e2b0cd002b0c,"Bunkeflostand, Sweden -> Tuborg, Denmark",1.0,1,1,1,1,1,7,3,0.043478260869565216,4,False,False,False,0.0,1.0
LV,Reddit,resolved_entry_only,176906957,popular-application_reddit_msm176906957_20260701T000000Z_010000Z.json,landing_region_5631d1801aee::landing_region_65aa8d7cf62e,"Tallinn, Estonia -> Espoo, Finland",18.0,18,18,18,6,2,7,3,0.782608695652174,1,True,False,False,0.0,18.0
LV,Reddit,resolved_entry_only,176906957,popular-application_reddit_msm176906957_20260701T000000Z_010000Z.json,landing_region_1ce0b85cd8b9::landing_region_d073d559153a,"Uto, Sweden -> Bunkeflostand, Sweden",2.0,4,4,4,1,1,7,3,0.08695652173913043,2,False,True,False,0.5,1.5
LV,Reddit,resolved_entry_only,176906957,popular-application_reddit_msm176906957_20260701T000000Z_010000Z.json,landing_region_1ce0b85cd8b9::landing_region_e2b0cd002b0c,"Uto, Sweden -> Tuborg, Denmark",2.0,4,4,4,1,1,7,3,0.08695652173913043,3,False,False,True,0.5,1.5
LV,Reddit,resolved_entry_only,176906957,popular-application_reddit_msm176906957_20260701T000000Z_010000Z.json,landing_region_d073d559153a::landing_region_e2b0cd002b0c,"Bunkeflostand, Sweden -> Tuborg, Denmark",1.0,1,1,1,1,1,7,3,0.043478260869565216,4,False,False,False,0.0,1.0
ML,Reddit,all_publicly_visible,176906957,popular-application_reddit_msm176906957_20260701T000000Z_010000Z.json,landing_region_343850da3642::landing_region_f7627feb3284,"Carcavelos, Portugal -> Seixal, Portugal",3.0,3,3,3,1,1,1,1,0.375,1,True,False,False,3.0,0.0
ML,Reddit,all_publicly_visible,176906957,popular-application_reddit_msm176906957_20260701T000000Z_010000Z.json,landing_region_1159954a018c::landing_region_f7627feb3284,"Brean, United Kingdom -> Seixal, Portugal",2.0,2,2,2,1,1,1,1,0.25,2,False,True,False,0.0,2.0
ML,Reddit,all_publicly_visible,176906957,popular-application_reddit_msm176906957_20260701T000000Z_010000Z.json,landing_region_343850da3642::landing_region_9d5009d65552,"Carcavelos, Portugal -> Dakar, Senegal",1.5,3,3,3,1,1,1,1,0.1875,3,False,False,True,0.0,1.5
ML,Reddit,all_publicly_visible,176906957,popular-application_reddit_msm176906957_20260701T000000Z_010000Z.json,landing_region_9d5009d65552::landing_region_f7627feb3284,"Dakar, Senegal -> Seixal, Portugal",1.5,3,3,3,1,1,1,1,0.1875,4,False,False,False,0.0,1.5
ML,Reddit,resolved_entry_only,176906957,popular-application_reddit_msm176906957_20260701T000000Z_010000Z.json,landing_region_343850da3642::landing_region_f7627feb3284,"Carcavelos, Portugal -> Seixal, Portugal",3.0,3,3,3,1,1,1,1,0.375,1,True,False,False,3.0,0.0
ML,Reddit,resolved_entry_only,176906957,popular-application_reddit_msm176906957_20260701T000000Z_010000Z.json,landing_region_1159954a018c::landing_region_f7627feb3284,"Brean, United Kingdom -> Seixal, Portugal",2.0,2,2,2,1,1,1,1,0.25,2,False,True,False,0.0,2.0
ML,Reddit,resolved_entry_only,176906957,popular-application_reddit_msm176906957_20260701T000000Z_010000Z.json,landing_region_343850da3642::landing_region_9d5009d65552,"Carcavelos, Portugal -> Dakar, Senegal",1.5,3,3,3,1,1,1,1,0.1875,3,False,False,True,0.0,1.5
ML,Reddit,resolved_entry_only,176906957,popular-application_reddit_msm176906957_20260701T000000Z_010000Z.json,landing_region_9d5009d65552::landing_region_f7627feb3284,"Dakar, Senegal -> Seixal, Portugal",1.5,3,3,3,1,1,1,1,0.1875,4,False,False,False,0.0,1.5
MM,Reddit,all_publicly_visible,176906957,popular-application_reddit_msm176906957_20260701T000000Z_010000Z.json,landing_region_a314ea9d2330::landing_region_af2b1cb46785,"Thanlyin, Myanmar -> Tuas, Singapore",8.0,8,8,8,3,3,3,3,0.3076923076923077,1,True,False,False,0.0,8.0
MM,Reddit,all_publicly_visible,176906957,popular-application_reddit_msm176906957_20260701T000000Z_010000Z.json,landing_region_5d023e72c246::landing_region_b37879c52c2b,"Singapore, Singapore -> Batam, Indonesia",6.0,18,18,9,3,3,3,3,0.23076923076923078,2,False,True,False,6.0,0.0
MM,Reddit,all_publicly_visible,176906957,popular-application_reddit_msm176906957_20260701T000000Z_010000Z.json,landing_region_9430e1a9028b::landing_region_b37879c52c2b,"Changi North, Singapore -> Batam, Indonesia",6.0,18,18,9,3,3,3,3,0.23076923076923078,3,False,False,True,6.0,0.0
MM,Reddit,all_publicly_visible,176906957,popular-application_reddit_msm176906957_20260701T000000Z_010000Z.json,landing_region_af2b1cb46785::landing_region_b37879c52c2b,"Tuas, Singapore -> Batam, Indonesia",6.0,18,18,9,3,3,3,3,0.23076923076923078,4,False,False,False,6.0,0.0
MM,Reddit,resolved_entry_only,176906957,popular-application_reddit_msm176906957_20260701T000000Z_010000Z.json,landing_region_a314ea9d2330::landing_region_af2b1cb46785,"Thanlyin, Myanmar -> Tuas, Singapore",8.0,8,8,8,3,3,3,3,0.3076923076923077,1,True,False,False,0.0,8.0
MM,Reddit,resolved_entry_only,176906957,popular-application_reddit_msm176906957_20260701T000000Z_010000Z.json,landing_region_5d023e72c246::landing_region_b37879c52c2b,"Singapore, Singapore -> Batam, Indonesia",6.0,18,18,9,3,3,3,3,0.23076923076923078,2,False,True,False,6.0,0.0
MM,Reddit,resolved_entry_only,176906957,popular-application_reddit_msm176906957_20260701T000000Z_010000Z.json,landing_region_9430e1a9028b::landing_region_b37879c52c2b,"Changi North, Singapore -> Batam, Indonesia",6.0,18,18,9,3,3,3,3,0.23076923076923078,3,False,False,True,6.0,0.0
MM,Reddit,resolved_entry_only,176906957,popular-application_reddit_msm176906957_20260701T000000Z_010000Z.json,landing_region_af2b1cb46785::landing_region_b37879c52c2b,"Tuas, Singapore -> Batam, Indonesia",6.0,18,18,9,3,3,3,3,0.23076923076923078,4,False,False,False,6.0,0.0
MP,Reddit,all_publicly_visible,176906957,popular-application_reddit_msm176906957_20260701T000000Z_010000Z.json,landing_region_3602b9b9f277::landing_region_bc6c664daa8f,"Tinian, Northern Mariana Islands -> Alupang, Guam",3.0,3,3,3,1,1,1,1,1.0,1,True,False,False,0.0,3.0
MP,Reddit,resolved_entry_only,176906957,popular-application_reddit_msm176906957_20260701T000000Z_010000Z.json,landing_region_3602b9b9f277::landing_region_bc6c664daa8f,"Tinian, Northern Mariana Islands -> Alupang, Guam",3.0,3,3,3,1,1,1,1,1.0,1,True,False,False,0.0,3.0
MT,Reddit,all_publicly_visible,176906957,popular-application_reddit_msm176906957_20260701T000000Z_010000Z.json,landing_region_08ea81d123b5::landing_region_9e3a5ff856b9,"Marseille, France -> Balluta Bay, Malta",8.0,8,8,8,3,2,3,2,1.0,1,True,False,False,0.0,8.0
MT,Reddit,resolved_entry_only,176906957,popular-application_reddit_msm176906957_20260701T000000Z_010000Z.json,landing_region_08ea81d123b5::landing_region_9e3a5ff856b9,"Marseille, France -> Balluta Bay, Malta",8.0,8,8,8,3,2,3,2,1.0,1,True,False,False,0.0,8.0
MU,Reddit,all_publicly_visible,176906957,popular-application_reddit_msm176906957_20260701T000000Z_010000Z.json,landing_region_5d023e72c246::landing_region_b37879c52c2b,"Singapore, Singapore -> Batam, Indonesia",2.0,6,6,3,3,1,3,1,0.25,1,True,False,False,2.0,0.0
MU,Reddit,all_publicly_visible,176906957,popular-application_reddit_msm176906957_20260701T000000Z_010000Z.json,landing_region_9430e1a9028b::landing_region_b37879c52c2b,"Changi North, Singapore -> Batam, Indonesia",2.0,6,6,3,3,1,3,1,0.25,2,False,True,False,2.0,0.0
MU,Reddit,all_publicly_visible,176906957,popular-application_reddit_msm176906957_20260701T000000Z_010000Z.json,landing_region_af2b1cb46785::landing_region_b37879c52c2b,"Tuas, Singapore -> Batam, Indonesia",2.0,6,6,3,3,1,3,1,0.25,3,False,False,True,2.0,0.0
MU,Reddit,all_publicly_visible,176906957,popular-application_reddit_msm176906957_20260701T000000Z_010000Z.json,landing_region_af2b1cb46785::landing_region_d5376611ccce,"Tuas, Singapore -> Morib, Malaysia",2.0,2,2,1,1,1,3,1,0.25,4,False,False,False,0.0,2.0
MU,Reddit,resolved_entry_only,176906957,popular-application_reddit_msm176906957_20260701T000000Z_010000Z.json,landing_region_5d023e72c246::landing_region_b37879c52c2b,"Singapore, Singapore -> Batam, Indonesia",2.0,6,6,3,3,1,3,1,0.25,1,True,False,False,2.0,0.0
MU,Reddit,resolved_entry_only,176906957,popular-application_reddit_msm176906957_20260701T000000Z_010000Z.json,landing_region_9430e1a9028b::landing_region_b37879c52c2b,"Changi North, Singapore -> Batam, Indonesia",2.0,6,6,3,3,1,3,1,0.25,2,False,True,False,2.0,0.0
MU,Reddit,resolved_entry_only,176906957,popular-application_reddit_msm176906957_20260701T000000Z_010000Z.json,landing_region_af2b1cb46785::landing_region_b37879c52c2b,"Tuas, Singapore -> Batam, Indonesia",2.0,6,6,3,3,1,3,1,0.25,3,False,False,True,2.0,0.0
MU,Reddit,resolved_entry_only,176906957,popular-application_reddit_msm176906957_20260701T000000Z_010000Z.json,landing_region_af2b1cb46785::landing_region_d5376611ccce,"Tuas, Singapore -> Morib, Malaysia",2.0,2,2,1,1,1,3,1,0.25,4,False,False,False,0.0,2.0
MV,Reddit,all_publicly_visible,176906957,popular-application_reddit_msm176906957_20260701T000000Z_010000Z.json,landing_region_05d4f4227b7d::landing_region_946d8574d05e,"Ithaafushi, Maldives -> Hulhumale, Maldives",77.0,77,77,36,10,3,10,3,0.6637931034482759,1,True,False,False,77.0,0.0
MV,Reddit,all_publicly_visible,176906957,popular-application_reddit_msm176906957_20260701T000000Z_010000Z.json,landing_region_0074f164da96::landing_region_05d4f4227b7d,"Mumbai, India -> Ithaafushi, Maldives",14.5,29,29,29,9,2,10,3,0.125,2,False,True,False,0.0,14.5
MV,Reddit,all_publicly_visible,176906957,popular-application_reddit_msm176906957_20260701T000000Z_010000Z.json,landing_region_0074f164da96::landing_region_946d8574d05e,"Mumbai, India -> Hulhumale, Maldives",14.5,29,29,29,9,2,10,3,0.125,3,False,False,True,0.0,14.5
MV,Reddit,all_publicly_visible,176906957,popular-application_reddit_msm176906957_20260701T000000Z_010000Z.json,landing_region_465d1b4e7da4::landing_region_af2b1cb46785,"Mt. Lavinia, Sri Lanka -> Tuas, Singapore",6.0,6,6,4,1,1,10,3,0.05172413793103448,4,False,False,False,0.0,6.0
MV,Reddit,all_publicly_visible,176906957,popular-application_reddit_msm176906957_20260701T000000Z_010000Z.json,landing_region_05d4f4227b7d::landing_region_465d1b4e7da4,"Ithaafushi, Maldives -> Mt. Lavinia, Sri Lanka",2.0,4,4,4,1,1,10,3,0.017241379310344827,5,False,False,False,0.0,2.0
MV,Reddit,all_publicly_visible,176906957,popular-application_reddit_msm176906957_20260701T000000Z_010000Z.json,landing_region_465d1b4e7da4::landing_region_946d8574d05e,"Mt. Lavinia, Sri Lanka -> Hulhumale, Maldives",2.0,4,4,4,1,1,10,3,0.017241379310344827,6,False,False,False,0.0,2.0
MV,Reddit,resolved_entry_only,176906957,popular-application_reddit_msm176906957_20260701T000000Z_010000Z.json,landing_region_05d4f4227b7d::landing_region_946d8574d05e,"Ithaafushi, Maldives -> Hulhumale, Maldives",77.0,77,77,36,10,3,10,3,0.6637931034482759,1,True,False,False,77.0,0.0
MV,Reddit,resolved_entry_only,176906957,popular-application_reddit_msm176906957_20260701T000000Z_010000Z.json,landing_region_0074f164da96::landing_region_05d4f4227b7d,"Mumbai, India -> Ithaafushi, Maldives",14.5,29,29,29,9,2,10,3,0.125,2,False,True,False,0.0,14.5
MV,Reddit,resolved_entry_only,176906957,popular-application_reddit_msm176906957_20260701T000000Z_010000Z.json,landing_region_0074f164da96::landing_region_946d8574d05e,"Mumbai, India -> Hulhumale, Maldives",14.5,29,29,29,9,2,10,3,0.125,3,False,False,True,0.0,14.5
MV,Reddit,resolved_entry_only,176906957,popular-application_reddit_msm176906957_20260701T000000Z_010000Z.json,landing_region_465d1b4e7da4::landing_region_af2b1cb46785,"Mt. Lavinia, Sri Lanka -> Tuas, Singapore",6.0,6,6,4,1,1,10,3,0.05172413793103448,4,False,False,False,0.0,6.0
MV,Reddit,resolved_entry_only,176906957,popular-application_reddit_msm176906957_20260701T000000Z_010000Z.json,landing_region_05d4f4227b7d::landing_region_465d1b4e7da4,"Ithaafushi, Maldives -> Mt. Lavinia, Sri Lanka",2.0,4,4,4,1,1,10,3,0.017241379310344827,5,False,False,False,0.0,2.0
MV,Reddit,resolved_entry_only,176906957,popular-application_reddit_msm176906957_20260701T000000Z_010000Z.json,landing_region_465d1b4e7da4::landing_region_946d8574d05e,"Mt. Lavinia, Sri Lanka -> Hulhumale, Maldives",2.0,4,4,4,1,1,10,3,0.017241379310344827,6,False,False,False,0.0,2.0
MX,Reddit,all_publicly_visible,176906957,popular-application_reddit_msm176906957_20260701T000000Z_010000Z.json,landing_region_2899c8b816f4::landing_region_bd03623e84bf,"Cancún, Mexico -> Hollywood, FL, United States",3.0,3,3,3,1,1,3,2,0.2727272727272727,1,True,False,False,0.0,3.0
MX,Reddit,all_publicly_visible,176906957,popular-application_reddit_msm176906957_20260701T000000Z_010000Z.json,landing_region_5d023e72c246::landing_region_b37879c52c2b,"Singapore, Singapore -> Batam, Indonesia",2.6666666666666665,8,8,8,2,1,3,2,0.2424242424242424,2,False,True,False,2.6666666666666665,0.0
MX,Reddit,all_publicly_visible,176906957,popular-application_reddit_msm176906957_20260701T000000Z_010000Z.json,landing_region_9430e1a9028b::landing_region_b37879c52c2b,"Changi North, Singapore -> Batam, Indonesia",2.6666666666666665,8,8,8,2,1,3,2,0.2424242424242424,3,False,False,True,2.6666666666666665,0.0
MX,Reddit,all_publicly_visible,176906957,popular-application_reddit_msm176906957_20260701T000000Z_010000Z.json,landing_region_af2b1cb46785::landing_region_b37879c52c2b,"Tuas, Singapore -> Batam, Indonesia",2.6666666666666665,8,8,8,2,1,3,2,0.2424242424242424,4,False,False,False,2.6666666666666665,0.0
MX,Reddit,resolved_entry_only,176906957,popular-application_reddit_msm176906957_20260701T000000Z_010000Z.json,landing_region_2899c8b816f4::landing_region_bd03623e84bf,"Cancún, Mexico -> Hollywood, FL, United States",3.0,3,3,3,1,1,3,2,0.2727272727272727,1,True,False,False,0.0,3.0
MX,Reddit,resolved_entry_only,176906957,popular-application_reddit_msm176906957_20260701T000000Z_010000Z.json,landing_region_5d023e72c246::landing_region_b37879c52c2b,"Singapore, Singapore -> Batam, Indonesia",2.6666666666666665,8,8,8,2,1,3,2,0.2424242424242424,2,False,True,False,2.6666666666666665,0.0
MX,Reddit,resolved_entry_only,176906957,popular-application_reddit_msm176906957_20260701T000000Z_010000Z.json,landing_region_9430e1a9028b::landing_region_b37879c52c2b,"Changi North, Singapore -> Batam, Indonesia",2.6666666666666665,8,8,8,2,1,3,2,0.2424242424242424,3,False,False,True,2.6666666666666665,0.0
MX,Reddit,resolved_entry_only,176906957,popular-application_reddit_msm176906957_20260701T000000Z_010000Z.json,landing_region_af2b1cb46785::landing_region_b37879c52c2b,"Tuas, Singapore -> Batam, Indonesia",2.6666666666666665,8,8,8,2,1,3,2,0.2424242424242424,4,False,False,False,2.6666666666666665,0.0
MY,Reddit,all_publicly_visible,176906957,popular-application_reddit_msm176906957_20260701T000000Z_010000Z.json,landing_region_5d023e72c246::landing_region_b37879c52c2b,"Singapore, Singapore -> Batam, Indonesia",25.666666666666664,77,77,41,16,6,16,6,0.3333333333333333,1,True,False,False,24.333333333333332,1.3333333333333333
MY,Reddit,all_publicly_visible,176906957,popular-application_reddit_msm176906957_20260701T000000Z_010000Z.json,landing_region_9430e1a9028b::landing_region_b37879c52c2b,"Changi North, Singapore -> Batam, Indonesia",25.666666666666664,77,77,41,16,6,16,6,0.3333333333333333,2,False,True,False,24.333333333333332,1.3333333333333333
MY,Reddit,all_publicly_visible,176906957,popular-application_reddit_msm176906957_20260701T000000Z_010000Z.json,landing_region_af2b1cb46785::landing_region_b37879c52c2b,"Tuas, Singapore -> Batam, Indonesia",25.666666666666664,77,77,41,16,6,16,6,0.3333333333333333,3,False,False,True,24.333333333333332,1.3333333333333333
MY,Reddit,resolved_entry_only,176906957,popular-application_reddit_msm176906957_20260701T000000Z_010000Z.json,landing_region_5d023e72c246::landing_region_b37879c52c2b,"Singapore, Singapore -> Batam, Indonesia",25.666666666666664,77,77,41,16,6,16,6,0.3333333333333333,1,True,False,False,24.333333333333332,1.3333333333333333
MY,Reddit,resolved_entry_only,176906957,popular-application_reddit_msm176906957_20260701T000000Z_010000Z.json,landing_region_9430e1a9028b::landing_region_b37879c52c2b,"Changi North, Singapore -> Batam, Indonesia",25.666666666666664,77,77,41,16,6,16,6,0.3333333333333333,2,False,True,False,24.333333333333332,1.3333333333333333
MY,Reddit,resolved_entry_only,176906957,popular-application_reddit_msm176906957_20260701T000000Z_010000Z.json,landing_region_af2b1cb46785::landing_region_b37879c52c2b,"Tuas, Singapore -> Batam, Indonesia",25.666666666666664,77,77,41,16,6,16,6,0.3333333333333333,3,False,False,True,24.333333333333332,1.3333333333333333
NC,Reddit,all_publicly_visible,176906957,popular-application_reddit_msm176906957_20260701T000000Z_010000Z.json,landing_region_3563aa191965::landing_region_58084817cbe7,"Noumea, New Caledonia -> Paddington, NSW, Australia",17.0,17,17,17,5,2,5,2,1.0,1,True,False,False,0.0,17.0
NC,Reddit,resolved_entry_only,176906957,popular-application_reddit_msm176906957_20260701T000000Z_010000Z.json,landing_region_3563aa191965::landing_region_58084817cbe7,"Noumea, New Caledonia -> Paddington, NSW, Australia",17.0,17,17,17,5,2,5,2,1.0,1,True,False,False,0.0,17.0
NG,Reddit,all_publicly_visible,176906957,popular-application_reddit_msm176906957_20260701T000000Z_010000Z.json,landing_region_2e263771884f::landing_region_30beda532e6f,"Accra, Ghana -> Lagos, Nigeria",8.0,8,8,8,2,1,6,5,0.42105263157894735,1,True,False,False,0.0,8.0
NG,Reddit,all_publicly_visible,176906957,popular-application_reddit_msm176906957_20260701T000000Z_010000Z.json,landing_region_30beda532e6f::landing_region_343850da3642,"Lagos, Nigeria -> Carcavelos, Portugal",3.5,7,7,7,3,3,6,5,0.18421052631578946,2,False,True,False,0.0,3.5
NG,Reddit,all_publicly_visible,176906957,popular-application_reddit_msm176906957_20260701T000000Z_010000Z.json,landing_region_30beda532e6f::landing_region_f7627feb3284,"Lagos, Nigeria -> Seixal, Portugal",3.5,7,7,7,3,3,6,5,0.18421052631578946,3,False,False,True,0.0,3.5
NG,Reddit,all_publicly_visible,176906957,popular-application_reddit_msm176906957_20260701T000000Z_010000Z.json,landing_region_30beda532e6f::landing_region_44e270aeb18c,"Lagos, Nigeria -> Melkbosstrand, South Africa",3.0,3,3,3,1,1,6,5,0.15789473684210525,4,False,False,False,0.0,3.0
NG,Reddit,all_publicly_visible,176906957,popular-application_reddit_msm176906957_20260701T000000Z_010000Z.json,landing_region_343850da3642::landing_region_f7627feb3284,"Carcavelos, Portugal -> Seixal, Portugal",1.0,1,1,1,1,1,6,5,0.05263157894736842,5,False,False,False,1.0,0.0
NG,Reddit,resolved_entry_only,176906957,popular-application_reddit_msm176906957_20260701T000000Z_010000Z.json,landing_region_2e263771884f::landing_region_30beda532e6f,"Accra, Ghana -> Lagos, Nigeria",8.0,8,8,8,2,1,6,5,0.42105263157894735,1,True,False,False,0.0,8.0
NG,Reddit,resolved_entry_only,176906957,popular-application_reddit_msm176906957_20260701T000000Z_010000Z.json,landing_region_30beda532e6f::landing_region_343850da3642,"Lagos, Nigeria -> Carcavelos, Portugal",3.5,7,7,7,3,3,6,5,0.18421052631578946,2,False,True,False,0.0,3.5
NG,Reddit,resolved_entry_only,176906957,popular-application_reddit_msm176906957_20260701T000000Z_010000Z.json,landing_region_30beda532e6f::landing_region_f7627feb3284,"Lagos, Nigeria -> Seixal, Portugal",3.5,7,7,7,3,3,6,5,0.18421052631578946,3,False,False,True,0.0,3.5
NG,Reddit,resolved_entry_only,176906957,popular-application_reddit_msm176906957_20260701T000000Z_010000Z.json,landing_region_30beda532e6f::landing_region_44e270aeb18c,"Lagos, Nigeria -> Melkbosstrand, South Africa",3.0,3,3,3,1,1,6,5,0.15789473684210525,4,False,False,False,0.0,3.0
NG,Reddit,resolved_entry_only,176906957,popular-application_reddit_msm176906957_20260701T000000Z_010000Z.json,landing_region_343850da3642::landing_region_f7627feb3284,"Carcavelos, Portugal -> Seixal, Portugal",1.0,1,1,1,1,1,6,5,0.05263157894736842,5,False,False,False,1.0,0.0
NI,Reddit,all_publicly_visible,176906957,popular-application_reddit_msm176906957_20260701T000000Z_010000Z.json,landing_region_620bdff3a2d2::landing_region_bd03623e84bf,"Puerto Cortes, Honduras -> Hollywood, FL, United States",3.0,3,3,3,1,1,1,1,1.0,1,True,False,False,0.0,3.0
NI,Reddit,resolved_entry_only,176906957,popular-application_reddit_msm176906957_20260701T000000Z_010000Z.json,landing_region_620bdff3a2d2::landing_region_bd03623e84bf,"Puerto Cortes, Honduras -> Hollywood, FL, United States",3.0,3,3,3,1,1,1,1,1.0,1,True,False,False,0.0,3.0
NL,Reddit,all_publicly_visible,176906957,popular-application_reddit_msm176906957_20260701T000000Z_010000Z.json,landing_region_83c1ffe3b901::landing_region_bd03623e84bf,"Mahuma, Curaçao -> Hollywood, FL, United States",1.0,1,1,1,1,1,1,1,1.0,1,True,False,False,0.0,1.0
NL,Reddit,resolved_entry_only,176906957,popular-application_reddit_msm176906957_20260701T000000Z_010000Z.json,landing_region_83c1ffe3b901::landing_region_bd03623e84bf,"Mahuma, Curaçao -> Hollywood, FL, United States",1.0,1,1,1,1,1,1,1,1.0,1,True,False,False,0.0,1.0
NO,Reddit,all_publicly_visible,176906957,popular-application_reddit_msm176906957_20260701T000000Z_010000Z.json,landing_region_2f1f6d8f7ce5::landing_region_d514e04d4eb8,"Oslo, Norway -> Drøbak, Norway",388.6666666666667,414,414,202,56,26,72,28,0.7445721583652618,1,True,False,False,388.6666666666667,0.0
NO,Reddit,all_publicly_visible,176906957,popular-application_reddit_msm176906957_20260701T000000Z_010000Z.json,landing_region_d514e04d4eb8::landing_region_d8238f687690,"Drøbak, Norway -> Larvik, Norway",38.666666666666664,66,66,62,16,8,72,28,0.07407407407407407,2,False,True,False,38.666666666666664,0.0
NO,Reddit,all_publicly_visible,176906957,popular-application_reddit_msm176906957_20260701T000000Z_010000Z.json,landing_region_d5fd2f8e766f::landing_region_fcc019f11ebc,"Sture, Norway -> Bergen, Norway",21.0,21,21,14,4,3,72,28,0.040229885057471264,3,False,False,True,21.0,0.0
NO,Reddit,all_publicly_visible,176906957,popular-application_reddit_msm176906957_20260701T000000Z_010000Z.json,landing_region_2f1f6d8f7ce5::landing_region_d8238f687690,"Oslo, Norway -> Larvik, Norway",14.666666666666666,42,42,38,10,5,72,28,0.0280970625798212,4,False,False,False,14.666666666666666,0.0
NO,Reddit,all_publicly_visible,176906957,popular-application_reddit_msm176906957_20260701T000000Z_010000Z.json,landing_region_2f1f6d8f7ce5::landing_region_734e5f248738,"Oslo, Norway -> Kristiansand, Norway",10.0,20,20,16,4,2,72,28,0.019157088122605363,5,False,False,False,10.0,0.0
NO,Reddit,all_publicly_visible,176906957,popular-application_reddit_msm176906957_20260701T000000Z_010000Z.json,landing_region_734e5f248738::landing_region_d514e04d4eb8,"Kristiansand, Norway -> Drøbak, Norway",10.0,20,20,16,4,2,72,28,0.019157088122605363,6,False,False,False,10.0,0.0
NO,Reddit,all_publicly_visible,176906957,popular-application_reddit_msm176906957_20260701T000000Z_010000Z.json,landing_region_2f1f6d8f7ce5::landing_region_9f0445306e12,"Oslo, Norway -> Egersund, Norway",5.0,16,16,16,4,2,72,28,0.009578544061302681,7,False,False,False,5.0,0.0
NO,Reddit,all_publicly_visible,176906957,popular-application_reddit_msm176906957_20260701T000000Z_010000Z.json,landing_region_9f0445306e12::landing_region_d514e04d4eb8,"Egersund, Norway -> Drøbak, Norway",5.0,16,16,16,4,2,72,28,0.009578544061302681,8,False,False,False,5.0,0.0
NO,Reddit,all_publicly_visible,176906957,popular-application_reddit_msm176906957_20260701T000000Z_010000Z.json,landing_region_2f1f6d8f7ce5::landing_region_b41341776da1,"Oslo, Norway -> Stavanger, Norway",4.5,15,15,15,4,1,72,28,0.008620689655172414,9,False,False,False,4.5,0.0
NO,Reddit,all_publicly_visible,176906957,popular-application_reddit_msm176906957_20260701T000000Z_010000Z.json,landing_region_b41341776da1::landing_region_d514e04d4eb8,"Stavanger, Norway -> Drøbak, Norway",4.5,15,15,15,4,1,72,28,0.008620689655172414,10,False,False,False,4.5,0.0
NO,Reddit,all_publicly_visible,176906957,popular-application_reddit_msm176906957_20260701T000000Z_010000Z.json,landing_region_d073d559153a::landing_region_e2b0cd002b0c,"Bunkeflostand, Sweden -> Tuborg, Denmark",4.0,4,4,4,1,1,72,28,0.007662835249042145,11,False,False,False,4.0,0.0
NO,Reddit,all_publicly_visible,176906957,popular-application_reddit_msm176906957_20260701T000000Z_010000Z.json,landing_region_1ce0b85cd8b9::landing_region_d073d559153a,"Uto, Sweden -> Bunkeflostand, Sweden",2.5,5,5,5,2,2,72,28,0.004789272030651341,12,False,False,False,0.0,2.5
NO,Reddit,all_publicly_visible,176906957,popular-application_reddit_msm176906957_20260701T000000Z_010000Z.json,landing_region_1ce0b85cd8b9::landing_region_e2b0cd002b0c,"Uto, Sweden -> Tuborg, Denmark",2.5,5,5,5,2,2,72,28,0.004789272030651341,13,False,False,False,0.0,2.5
NO,Reddit,all_publicly_visible,176906957,popular-application_reddit_msm176906957_20260701T000000Z_010000Z.json,landing_region_51738c738daf::landing_region_8a15c1b652c0,"Herlandsvika, Norway -> Trondheim, Norway",2.0,4,4,4,1,1,72,28,0.0038314176245210726,14,False,False,False,2.0,0.0
NO,Reddit,all_publicly_visible,176906957,popular-application_reddit_msm176906957_20260701T000000Z_010000Z.json,landing_region_51738c738daf::landing_region_e3ef1bd7d4de,"Herlandsvika, Norway -> Brekstad, Norway",2.0,4,4,4,1,1,72,28,0.0038314176245210726,15,False,False,False,2.0,0.0
NO,Reddit,all_publicly_visible,176906957,popular-application_reddit_msm176906957_20260701T000000Z_010000Z.json,landing_region_3c99e4792a25::landing_region_65aa8d7cf62e,"Stavsnas, Sweden -> Espoo, Finland",1.5,3,3,3,1,1,72,28,0.0028735632183908046,16,False,False,False,0.0,1.5
NO,Reddit,all_publicly_visible,176906957,popular-application_reddit_msm176906957_20260701T000000Z_010000Z.json,landing_region_65aa8d7cf62e::landing_region_c607af4095db,"Espoo, Finland -> Kista, Sweden",1.5,3,3,3,1,1,72,28,0.0028735632183908046,17,False,False,False,0.0,1.5
NO,Reddit,all_publicly_visible,176906957,popular-application_reddit_msm176906957_20260701T000000Z_010000Z.json,landing_region_56f5968b4284::landing_region_8a15c1b652c0,"Edøya, Norway -> Trondheim, Norway",1.0,4,4,4,1,1,72,28,0.0019157088122605363,18,False,False,False,1.0,0.0
NO,Reddit,all_publicly_visible,176906957,popular-application_reddit_msm176906957_20260701T000000Z_010000Z.json,landing_region_56f5968b4284::landing_region_e3ef1bd7d4de,"Edøya, Norway -> Brekstad, Norway",1.0,4,4,4,1,1,72,28,0.0019157088122605363,19,False,False,False,1.0,0.0
NO,Reddit,all_publicly_visible,176906957,popular-application_reddit_msm176906957_20260701T000000Z_010000Z.json,landing_region_85af16a4a5ec::landing_region_8a15c1b652c0,"Hitra, Norway -> Trondheim, Norway",1.0,4,4,4,1,1,72,28,0.0019157088122605363,20,False,False,False,1.0,0.0
NO,Reddit,all_publicly_visible,176906957,popular-application_reddit_msm176906957_20260701T000000Z_010000Z.json,landing_region_85af16a4a5ec::landing_region_e3ef1bd7d4de,"Hitra, Norway -> Brekstad, Norway",1.0,4,4,4,1,1,72,28,0.0019157088122605363,21,False,False,False,1.0,0.0
NO,Reddit,resolved_entry_only,176906957,popular-application_reddit_msm176906957_20260701T000000Z_010000Z.json,landing_region_2f1f6d8f7ce5::landing_region_d514e04d4eb8,"Oslo, Norway -> Drøbak, Norway",388.6666666666667,414,414,202,56,26,72,28,0.7445721583652618,1,True,False,False,388.6666666666667,0.0
NO,Reddit,resolved_entry_only,176906957,popular-application_reddit_msm176906957_20260701T000000Z_010000Z.json,landing_region_d514e04d4eb8::landing_region_d8238f687690,"Drøbak, Norway -> Larvik, Norway",38.666666666666664,66,66,62,16,8,72,28,0.07407407407407407,2,False,True,False,38.666666666666664,0.0
NO,Reddit,resolved_entry_only,176906957,popular-application_reddit_msm176906957_20260701T000000Z_010000Z.json,landing_region_d5fd2f8e766f::landing_region_fcc019f11ebc,"Sture, Norway -> Bergen, Norway",21.0,21,21,14,4,3,72,28,0.040229885057471264,3,False,False,True,21.0,0.0
NO,Reddit,resolved_entry_only,176906957,popular-application_reddit_msm176906957_20260701T000000Z_010000Z.json,landing_region_2f1f6d8f7ce5::landing_region_d8238f687690,"Oslo, Norway -> Larvik, Norway",14.666666666666666,42,42,38,10,5,72,28,0.0280970625798212,4,False,False,False,14.666666666666666,0.0
NO,Reddit,resolved_entry_only,176906957,popular-application_reddit_msm176906957_20260701T000000Z_010000Z.json,landing_region_2f1f6d8f7ce5::landing_region_734e5f248738,"Oslo, Norway -> Kristiansand, Norway",10.0,20,20,16,4,2,72,28,0.019157088122605363,5,False,False,False,10.0,0.0
NO,Reddit,resolved_entry_only,176906957,popular-application_reddit_msm176906957_20260701T000000Z_010000Z.json,landing_region_734e5f248738::landing_region_d514e04d4eb8,"Kristiansand, Norway -> Drøbak, Norway",10.0,20,20,16,4,2,72,28,0.019157088122605363,6,False,False,False,10.0,0.0
NO,Reddit,resolved_entry_only,176906957,popular-application_reddit_msm176906957_20260701T000000Z_010000Z.json,landing_region_2f1f6d8f7ce5::landing_region_9f0445306e12,"Oslo, Norway -> Egersund, Norway",5.0,16,16,16,4,2,72,28,0.009578544061302681,7,False,False,False,5.0,0.0
NO,Reddit,resolved_entry_only,176906957,popular-application_reddit_msm176906957_20260701T000000Z_010000Z.json,landing_region_9f0445306e12::landing_region_d514e04d4eb8,"Egersund, Norway -> Drøbak, Norway",5.0,16,16,16,4,2,72,28,0.009578544061302681,8,False,False,False,5.0,0.0
NO,Reddit,resolved_entry_only,176906957,popular-application_reddit_msm176906957_20260701T000000Z_010000Z.json,landing_region_2f1f6d8f7ce5::landing_region_b41341776da1,"Oslo, Norway -> Stavanger, Norway",4.5,15,15,15,4,1,72,28,0.008620689655172414,9,False,False,False,4.5,0.0
NO,Reddit,resolved_entry_only,176906957,popular-application_reddit_msm176906957_20260701T000000Z_010000Z.json,landing_region_b41341776da1::landing_region_d514e04d4eb8,"Stavanger, Norway -> Drøbak, Norway",4.5,15,15,15,4,1,72,28,0.008620689655172414,10,False,False,False,4.5,0.0
NO,Reddit,resolved_entry_only,176906957,popular-application_reddit_msm176906957_20260701T000000Z_010000Z.json,landing_region_d073d559153a::landing_region_e2b0cd002b0c,"Bunkeflostand, Sweden -> Tuborg, Denmark",4.0,4,4,4,1,1,72,28,0.007662835249042145,11,False,False,False,4.0,0.0
NO,Reddit,resolved_entry_only,176906957,popular-application_reddit_msm176906957_20260701T000000Z_010000Z.json,landing_region_1ce0b85cd8b9::landing_region_d073d559153a,"Uto, Sweden -> Bunkeflostand, Sweden",2.5,5,5,5,2,2,72,28,0.004789272030651341,12,False,False,False,0.0,2.5
NO,Reddit,resolved_entry_only,176906957,popular-application_reddit_msm176906957_20260701T000000Z_010000Z.json,landing_region_1ce0b85cd8b9::landing_region_e2b0cd002b0c,"Uto, Sweden -> Tuborg, Denmark",2.5,5,5,5,2,2,72,28,0.004789272030651341,13,False,False,False,0.0,2.5
NO,Reddit,resolved_entry_only,176906957,popular-application_reddit_msm176906957_20260701T000000Z_010000Z.json,landing_region_51738c738daf::landing_region_8a15c1b652c0,"Herlandsvika, Norway -> Trondheim, Norway",2.0,4,4,4,1,1,72,28,0.0038314176245210726,14,False,False,False,2.0,0.0
NO,Reddit,resolved_entry_only,176906957,popular-application_reddit_msm176906957_20260701T000000Z_010000Z.json,landing_region_51738c738daf::landing_region_e3ef1bd7d4de,"Herlandsvika, Norway -> Brekstad, Norway",2.0,4,4,4,1,1,72,28,0.0038314176245210726,15,False,False,False,2.0,0.0
NO,Reddit,resolved_entry_only,176906957,popular-application_reddit_msm176906957_20260701T000000Z_010000Z.json,landing_region_3c99e4792a25::landing_region_65aa8d7cf62e,"Stavsnas, Sweden -> Espoo, Finland",1.5,3,3,3,1,1,72,28,0.0028735632183908046,16,False,False,False,0.0,1.5
NO,Reddit,resolved_entry_only,176906957,popular-application_reddit_msm176906957_20260701T000000Z_010000Z.json,landing_region_65aa8d7cf62e::landing_region_c607af4095db,"Espoo, Finland -> Kista, Sweden",1.5,3,3,3,1,1,72,28,0.0028735632183908046,17,False,False,False,0.0,1.5
NO,Reddit,resolved_entry_only,176906957,popular-application_reddit_msm176906957_20260701T000000Z_010000Z.json,landing_region_56f5968b4284::landing_region_8a15c1b652c0,"Edøya, Norway -> Trondheim, Norway",1.0,4,4,4,1,1,72,28,0.0019157088122605363,18,False,False,False,1.0,0.0
NO,Reddit,resolved_entry_only,176906957,popular-application_reddit_msm176906957_20260701T000000Z_010000Z.json,landing_region_56f5968b4284::landing_region_e3ef1bd7d4de,"Edøya, Norway -> Brekstad, Norway",1.0,4,4,4,1,1,72,28,0.0019157088122605363,19,False,False,False,1.0,0.0
NO,Reddit,resolved_entry_only,176906957,popular-application_reddit_msm176906957_20260701T000000Z_010000Z.json,landing_region_85af16a4a5ec::landing_region_8a15c1b652c0,"Hitra, Norway -> Trondheim, Norway",1.0,4,4,4,1,1,72,28,0.0019157088122605363,20,False,False,False,1.0,0.0
NO,Reddit,resolved_entry_only,176906957,popular-application_reddit_msm176906957_20260701T000000Z_010000Z.json,landing_region_85af16a4a5ec::landing_region_e3ef1bd7d4de,"Hitra, Norway -> Brekstad, Norway",1.0,4,4,4,1,1,72,28,0.0019157088122605363,21,False,False,False,1.0,0.0
NP,Reddit,all_publicly_visible,176906957,popular-application_reddit_msm176906957_20260701T000000Z_010000Z.json,landing_region_0074f164da96::landing_region_af2b1cb46785,"Mumbai, India -> Tuas, Singapore",1.0,1,1,1,1,1,1,1,1.0,1,True,False,False,0.0,1.0
NP,Reddit,resolved_entry_only,176906957,popular-application_reddit_msm176906957_20260701T000000Z_010000Z.json,landing_region_0074f164da96::landing_region_af2b1cb46785,"Mumbai, India -> Tuas, Singapore",1.0,1,1,1,1,1,1,1,1.0,1,True,False,False,0.0,1.0
NU,Reddit,all_publicly_visible,176906957,popular-application_reddit_msm176906957_20260701T000000Z_010000Z.json,landing_region_3b96281acedd::landing_region_be83c6d38254,"Alofi, Niue -> Apia, Samoa",3.0,3,3,3,1,1,1,1,1.0,1,True,False,False,0.0,3.0
NU,Reddit,resolved_entry_only,176906957,popular-application_reddit_msm176906957_20260701T000000Z_010000Z.json,landing_region_3b96281acedd::landing_region_be83c6d38254,"Alofi, Niue -> Apia, Samoa",3.0,3,3,3,1,1,1,1,1.0,1,True,False,False,0.0,3.0
NZ,Reddit,all_publicly_visible,176906957,popular-application_reddit_msm176906957_20260701T000000Z_010000Z.json,landing_region_1a4049df1b14::landing_region_883a5ebd5136,"Paraparaumu, New Zealand -> Wellington, New Zealand",62.5,125,125,79,25,12,45,19,0.2880184331797235,1,True,False,False,62.5,0.0
NZ,Reddit,all_publicly_visible,176906957,popular-application_reddit_msm176906957_20260701T000000Z_010000Z.json,landing_region_883a5ebd5136::landing_region_98e7e129c25d,"Wellington, New Zealand -> Fighting Bay, New Zealand",62.5,125,125,79,25,12,45,19,0.2880184331797235,2,False,True,False,62.5,0.0
NZ,Reddit,all_publicly_visible,176906957,popular-application_reddit_msm176906957_20260701T000000Z_010000Z.json,landing_region_64abd2b76b5b::landing_region_c0018732c600,"Takapuna, New Zealand -> Christchurch, New Zealand",26.0,26,26,26,14,5,45,19,0.11981566820276497,3,False,False,True,26.0,0.0
NZ,Reddit,all_publicly_visible,176906957,popular-application_reddit_msm176906957_20260701T000000Z_010000Z.json,landing_region_1a4049df1b14::landing_region_c0018732c600,"Paraparaumu, New Zealand -> Christchurch, New Zealand",20.0,40,40,40,10,1,45,19,0.09216589861751152,4,False,False,False,20.0,0.0
NZ,Reddit,all_publicly_visible,176906957,popular-application_reddit_msm176906957_20260701T000000Z_010000Z.json,landing_region_883a5ebd5136::landing_region_c0018732c600,"Wellington, New Zealand -> Christchurch, New Zealand",20.0,40,40,40,10,1,45,19,0.09216589861751152,5,False,False,False,20.0,0.0
NZ,Reddit,all_publicly_visible,176906957,popular-application_reddit_msm176906957_20260701T000000Z_010000Z.json,landing_region_1a4049df1b14::landing_region_64abd2b76b5b,"Paraparaumu, New Zealand -> Takapuna, New Zealand",9.0,18,18,15,8,7,45,19,0.041474654377880185,6,False,False,False,9.0,0.0
NZ,Reddit,all_publicly_visible,176906957,popular-application_reddit_msm176906957_20260701T000000Z_010000Z.json,landing_region_64abd2b76b5b::landing_region_883a5ebd5136,"Takapuna, New Zealand -> Wellington, New Zealand",9.0,18,18,15,8,7,45,19,0.041474654377880185,7,False,False,False,9.0,0.0
NZ,Reddit,all_publicly_visible,176906957,popular-application_reddit_msm176906957_20260701T000000Z_010000Z.json,landing_region_64abd2b76b5b::landing_region_fee4652f607a,"Takapuna, New Zealand -> Raglan, New Zealand",5.0,5,5,5,2,1,45,19,0.02304147465437788,8,False,False,False,5.0,0.0
NZ,Reddit,all_publicly_visible,176906957,popular-application_reddit_msm176906957_20260701T000000Z_010000Z.json,landing_region_58084817cbe7::landing_region_64abd2b76b5b,"Paddington, NSW, Australia -> Takapuna, New Zealand",3.0,3,3,3,3,3,45,19,0.013824884792626729,9,False,False,False,0.0,3.0
NZ,Reddit,resolved_entry_only,176906957,popular-application_reddit_msm176906957_20260701T000000Z_010000Z.json,landing_region_1a4049df1b14::landing_region_883a5ebd5136,"Paraparaumu, New Zealand -> Wellington, New Zealand",62.5,125,125,79,25,12,45,19,0.2880184331797235,1,True,False,False,62.5,0.0
NZ,Reddit,resolved_entry_only,176906957,popular-application_reddit_msm176906957_20260701T000000Z_010000Z.json,landing_region_883a5ebd5136::landing_region_98e7e129c25d,"Wellington, New Zealand -> Fighting Bay, New Zealand",62.5,125,125,79,25,12,45,19,0.2880184331797235,2,False,True,False,62.5,0.0
NZ,Reddit,resolved_entry_only,176906957,popular-application_reddit_msm176906957_20260701T000000Z_010000Z.json,landing_region_64abd2b76b5b::landing_region_c0018732c600,"Takapuna, New Zealand -> Christchurch, New Zealand",26.0,26,26,26,14,5,45,19,0.11981566820276497,3,False,False,True,26.0,0.0
NZ,Reddit,resolved_entry_only,176906957,popular-application_reddit_msm176906957_20260701T000000Z_010000Z.json,landing_region_1a4049df1b14::landing_region_c0018732c600,"Paraparaumu, New Zealand -> Christchurch, New Zealand",20.0,40,40,40,10,1,45,19,0.09216589861751152,4,False,False,False,20.0,0.0
NZ,Reddit,resolved_entry_only,176906957,popular-application_reddit_msm176906957_20260701T000000Z_010000Z.json,landing_region_883a5ebd5136::landing_region_c0018732c600,"Wellington, New Zealand -> Christchurch, New Zealand",20.0,40,40,40,10,1,45,19,0.09216589861751152,5,False,False,False,20.0,0.0
NZ,Reddit,resolved_entry_only,176906957,popular-application_reddit_msm176906957_20260701T000000Z_010000Z.json,landing_region_1a4049df1b14::landing_region_64abd2b76b5b,"Paraparaumu, New Zealand -> Takapuna, New Zealand",9.0,18,18,15,8,7,45,19,0.041474654377880185,6,False,False,False,9.0,0.0
NZ,Reddit,resolved_entry_only,176906957,popular-application_reddit_msm176906957_20260701T000000Z_010000Z.json,landing_region_64abd2b76b5b::landing_region_883a5ebd5136,"Takapuna, New Zealand -> Wellington, New Zealand",9.0,18,18,15,8,7,45,19,0.041474654377880185,7,False,False,False,9.0,0.0
NZ,Reddit,resolved_entry_only,176906957,popular-application_reddit_msm176906957_20260701T000000Z_010000Z.json,landing_region_64abd2b76b5b::landing_region_fee4652f607a,"Takapuna, New Zealand -> Raglan, New Zealand",5.0,5,5,5,2,1,45,19,0.02304147465437788,8,False,False,False,5.0,0.0
NZ,Reddit,resolved_entry_only,176906957,popular-application_reddit_msm176906957_20260701T000000Z_010000Z.json,landing_region_58084817cbe7::landing_region_64abd2b76b5b,"Paddington, NSW, Australia -> Takapuna, New Zealand",3.0,3,3,3,3,3,45,19,0.013824884792626729,9,False,False,False,0.0,3.0
PA,Reddit,all_publicly_visible,176906957,popular-application_reddit_msm176906957_20260701T000000Z_010000Z.json,landing_region_af7df63397a0::landing_region_bd03623e84bf,"Jacksonville, FL, United States -> Hollywood, FL, United States",7.0,7,7,7,2,1,3,2,0.5,1,True,False,False,7.0,0.0
PA,Reddit,all_publicly_visible,176906957,popular-application_reddit_msm176906957_20260701T000000Z_010000Z.json,landing_region_466f092d0a6e::landing_region_af7df63397a0,"Fort Amador, Panama -> Jacksonville, FL, United States",4.0,4,4,4,1,1,3,2,0.2857142857142857,2,False,True,False,0.0,4.0
PA,Reddit,all_publicly_visible,176906957,popular-application_reddit_msm176906957_20260701T000000Z_010000Z.json,landing_region_620bdff3a2d2::landing_region_bd03623e84bf,"Puerto Cortes, Honduras -> Hollywood, FL, United States",3.0,3,3,3,1,1,3,2,0.21428571428571427,3,False,False,True,0.0,3.0
PA,Reddit,resolved_entry_only,176906957,popular-application_reddit_msm176906957_20260701T000000Z_010000Z.json,landing_region_af7df63397a0::landing_region_bd03623e84bf,"Jacksonville, FL, United States -> Hollywood, FL, United States",7.0,7,7,7,2,1,3,2,0.5,1,True,False,False,7.0,0.0
PA,Reddit,resolved_entry_only,176906957,popular-application_reddit_msm176906957_20260701T000000Z_010000Z.json,landing_region_466f092d0a6e::landing_region_af7df63397a0,"Fort Amador, Panama -> Jacksonville, FL, United States",4.0,4,4,4,1,1,3,2,0.2857142857142857,2,False,True,False,0.0,4.0
PA,Reddit,resolved_entry_only,176906957,popular-application_reddit_msm176906957_20260701T000000Z_010000Z.json,landing_region_620bdff3a2d2::landing_region_bd03623e84bf,"Puerto Cortes, Honduras -> Hollywood, FL, United States",3.0,3,3,3,1,1,3,2,0.21428571428571427,3,False,False,True,0.0,3.0
PE,Reddit,all_publicly_visible,176906957,popular-application_reddit_msm176906957_20260701T000000Z_010000Z.json,landing_region_4d0efd9bb45b::landing_region_5113b57f1083,"Lurin, Peru -> Praia Grande, Brazil",6.0,6,6,6,2,2,2,2,1.0,1,True,False,False,0.0,6.0
PE,Reddit,resolved_entry_only,176906957,popular-application_reddit_msm176906957_20260701T000000Z_010000Z.json,landing_region_4d0efd9bb45b::landing_region_5113b57f1083,"Lurin, Peru -> Praia Grande, Brazil",6.0,6,6,6,2,2,2,2,1.0,1,True,False,False,0.0,6.0
PG,Reddit,all_publicly_visible,176906957,popular-application_reddit_msm176906957_20260701T000000Z_010000Z.json,landing_region_58084817cbe7::landing_region_a4275bfd77b7,"Paddington, NSW, Australia -> Port Moresby, Papua New Guinea",4.0,4,4,4,1,1,1,1,1.0,1,True,False,False,0.0,4.0
PG,Reddit,resolved_entry_only,176906957,popular-application_reddit_msm176906957_20260701T000000Z_010000Z.json,landing_region_58084817cbe7::landing_region_a4275bfd77b7,"Paddington, NSW, Australia -> Port Moresby, Papua New Guinea",4.0,4,4,4,1,1,1,1,1.0,1,True,False,False,0.0,4.0
PH,Reddit,all_publicly_visible,176906957,popular-application_reddit_msm176906957_20260701T000000Z_010000Z.json,landing_region_0e9a6c8bd7c7::landing_region_76da986d22a9,"Batangas, Philippines -> Cavite, Philippines",7.0,7,7,7,2,2,8,8,0.16279069767441862,1,True,False,False,7.0,0.0
PH,Reddit,all_publicly_visible,176906957,popular-application_reddit_msm176906957_20260701T000000Z_010000Z.json,landing_region_5d023e72c246::landing_region_b37879c52c2b,"Singapore, Singapore -> Batam, Indonesia",6.666666666666666,20,20,8,2,2,8,8,0.15503875968992248,2,False,True,False,6.666666666666666,0.0
PH,Reddit,all_publicly_visible,176906957,popular-application_reddit_msm176906957_20260701T000000Z_010000Z.json,landing_region_9430e1a9028b::landing_region_b37879c52c2b,"Changi North, Singapore -> Batam, Indonesia",6.666666666666666,20,20,8,2,2,8,8,0.15503875968992248,3,False,False,True,6.666666666666666,0.0
PH,Reddit,all_publicly_visible,176906957,popular-application_reddit_msm176906957_20260701T000000Z_010000Z.json,landing_region_af2b1cb46785::landing_region_b37879c52c2b,"Tuas, Singapore -> Batam, Indonesia",6.666666666666666,20,20,8,2,2,8,8,0.15503875968992248,4,False,False,False,6.666666666666666,0.0
PH,Reddit,all_publicly_visible,176906957,popular-application_reddit_msm176906957_20260701T000000Z_010000Z.json,landing_region_11a5fc08eb7a::landing_region_73f9243dcd5b,"Caticlan, Philippines -> Roxas City, Philippines",3.0,3,3,3,1,1,8,8,0.06976744186046512,5,False,False,False,3.0,0.0
PH,Reddit,all_publicly_visible,176906957,popular-application_reddit_msm176906957_20260701T000000Z_010000Z.json,landing_region_6d0b3b188139::landing_region_85e39fb7d29e,"Zhuhai, China -> Chai Wan, China",3.0,3,3,3,1,1,8,8,0.06976744186046512,6,False,False,False,3.0,0.0
PH,Reddit,all_publicly_visible,176906957,popular-application_reddit_msm176906957_20260701T000000Z_010000Z.json,landing_region_76da986d22a9::landing_region_9430e1a9028b,"Cavite, Philippines -> Changi North, Singapore",2.0,2,2,2,1,1,8,8,0.046511627906976744,7,False,False,False,0.0,2.0
PH,Reddit,all_publicly_visible,176906957,popular-application_reddit_msm176906957_20260701T000000Z_010000Z.json,landing_region_00c458c2b5c8::landing_region_2d3c79b37946,"Palompon, Philippines -> Talisay, Philippines",1.5,3,3,3,1,1,8,8,0.03488372093023256,8,False,False,False,1.5,0.0
PH,Reddit,all_publicly_visible,176906957,popular-application_reddit_msm176906957_20260701T000000Z_010000Z.json,landing_region_00c458c2b5c8::landing_region_d931c6f5e934,"Palompon, Philippines -> Liloan, Philippines",1.5,3,3,3,1,1,8,8,0.03488372093023256,9,False,False,False,1.5,0.0
PH,Reddit,all_publicly_visible,176906957,popular-application_reddit_msm176906957_20260701T000000Z_010000Z.json,landing_region_76da986d22a9::landing_region_85e39fb7d29e,"Cavite, Philippines -> Chai Wan, China",1.0,1,1,1,1,1,8,8,0.023255813953488372,10,False,False,False,0.0,1.0
PH,Reddit,all_publicly_visible,176906957,popular-application_reddit_msm176906957_20260701T000000Z_010000Z.json,landing_region_5d023e72c246::landing_region_7a7da5f2aeb1,"Singapore, Singapore -> Lantau Island, China",0.75,3,3,3,1,1,8,8,0.01744186046511628,11,False,False,False,0.0,0.75
PH,Reddit,all_publicly_visible,176906957,popular-application_reddit_msm176906957_20260701T000000Z_010000Z.json,landing_region_7a7da5f2aeb1::landing_region_9430e1a9028b,"Lantau Island, China -> Changi North, Singapore",0.75,3,3,3,1,1,8,8,0.01744186046511628,12,False,False,False,0.0,0.75
PH,Reddit,all_publicly_visible,176906957,popular-application_reddit_msm176906957_20260701T000000Z_010000Z.json,landing_region_85e39fb7d29e::landing_region_9430e1a9028b,"Chai Wan, China -> Changi North, Singapore",0.75,3,3,3,1,1,8,8,0.01744186046511628,13,False,False,False,0.0,0.75
PH,Reddit,all_publicly_visible,176906957,popular-application_reddit_msm176906957_20260701T000000Z_010000Z.json,landing_region_85e39fb7d29e::landing_region_af2b1cb46785,"Chai Wan, China -> Tuas, Singapore",0.75,3,3,3,1,1,8,8,0.01744186046511628,14,False,False,False,0.0,0.75
PH,Reddit,all_publicly_visible,176906957,popular-application_reddit_msm176906957_20260701T000000Z_010000Z.json,landing_region_11a5fc08eb7a::landing_region_2d3c79b37946,"Caticlan, Philippines -> Talisay, Philippines",0.5,1,1,1,1,1,8,8,0.011627906976744186,15,False,False,False,0.5,0.0
PH,Reddit,all_publicly_visible,176906957,popular-application_reddit_msm176906957_20260701T000000Z_010000Z.json,landing_region_11a5fc08eb7a::landing_region_d931c6f5e934,"Caticlan, Philippines -> Liloan, Philippines",0.5,1,1,1,1,1,8,8,0.011627906976744186,16,False,False,False,0.5,0.0
PH,Reddit,resolved_entry_only,176906957,popular-application_reddit_msm176906957_20260701T000000Z_010000Z.json,landing_region_0e9a6c8bd7c7::landing_region_76da986d22a9,"Batangas, Philippines -> Cavite, Philippines",7.0,7,7,7,2,2,8,8,0.16279069767441862,1,True,False,False,7.0,0.0
PH,Reddit,resolved_entry_only,176906957,popular-application_reddit_msm176906957_20260701T000000Z_010000Z.json,landing_region_5d023e72c246::landing_region_b37879c52c2b,"Singapore, Singapore -> Batam, Indonesia",6.666666666666666,20,20,8,2,2,8,8,0.15503875968992248,2,False,True,False,6.666666666666666,0.0
PH,Reddit,resolved_entry_only,176906957,popular-application_reddit_msm176906957_20260701T000000Z_010000Z.json,landing_region_9430e1a9028b::landing_region_b37879c52c2b,"Changi North, Singapore -> Batam, Indonesia",6.666666666666666,20,20,8,2,2,8,8,0.15503875968992248,3,False,False,True,6.666666666666666,0.0
PH,Reddit,resolved_entry_only,176906957,popular-application_reddit_msm176906957_20260701T000000Z_010000Z.json,landing_region_af2b1cb46785::landing_region_b37879c52c2b,"Tuas, Singapore -> Batam, Indonesia",6.666666666666666,20,20,8,2,2,8,8,0.15503875968992248,4,False,False,False,6.666666666666666,0.0
PH,Reddit,resolved_entry_only,176906957,popular-application_reddit_msm176906957_20260701T000000Z_010000Z.json,landing_region_11a5fc08eb7a::landing_region_73f9243dcd5b,"Caticlan, Philippines -> Roxas City, Philippines",3.0,3,3,3,1,1,8,8,0.06976744186046512,5,False,False,False,3.0,0.0
PH,Reddit,resolved_entry_only,176906957,popular-application_reddit_msm176906957_20260701T000000Z_010000Z.json,landing_region_6d0b3b188139::landing_region_85e39fb7d29e,"Zhuhai, China -> Chai Wan, China",3.0,3,3,3,1,1,8,8,0.06976744186046512,6,False,False,False,3.0,0.0
PH,Reddit,resolved_entry_only,176906957,popular-application_reddit_msm176906957_20260701T000000Z_010000Z.json,landing_region_76da986d22a9::landing_region_9430e1a9028b,"Cavite, Philippines -> Changi North, Singapore",2.0,2,2,2,1,1,8,8,0.046511627906976744,7,False,False,False,0.0,2.0
PH,Reddit,resolved_entry_only,176906957,popular-application_reddit_msm176906957_20260701T000000Z_010000Z.json,landing_region_00c458c2b5c8::landing_region_2d3c79b37946,"Palompon, Philippines -> Talisay, Philippines",1.5,3,3,3,1,1,8,8,0.03488372093023256,8,False,False,False,1.5,0.0
PH,Reddit,resolved_entry_only,176906957,popular-application_reddit_msm176906957_20260701T000000Z_010000Z.json,landing_region_00c458c2b5c8::landing_region_d931c6f5e934,"Palompon, Philippines -> Liloan, Philippines",1.5,3,3,3,1,1,8,8,0.03488372093023256,9,False,False,False,1.5,0.0
PH,Reddit,resolved_entry_only,176906957,popular-application_reddit_msm176906957_20260701T000000Z_010000Z.json,landing_region_76da986d22a9::landing_region_85e39fb7d29e,"Cavite, Philippines -> Chai Wan, China",1.0,1,1,1,1,1,8,8,0.023255813953488372,10,False,False,False,0.0,1.0
PH,Reddit,resolved_entry_only,176906957,popular-application_reddit_msm176906957_20260701T000000Z_010000Z.json,landing_region_5d023e72c246::landing_region_7a7da5f2aeb1,"Singapore, Singapore -> Lantau Island, China",0.75,3,3,3,1,1,8,8,0.01744186046511628,11,False,False,False,0.0,0.75
PH,Reddit,resolved_entry_only,176906957,popular-application_reddit_msm176906957_20260701T000000Z_010000Z.json,landing_region_7a7da5f2aeb1::landing_region_9430e1a9028b,"Lantau Island, China -> Changi North, Singapore",0.75,3,3,3,1,1,8,8,0.01744186046511628,12,False,False,False,0.0,0.75
PH,Reddit,resolved_entry_only,176906957,popular-application_reddit_msm176906957_20260701T000000Z_010000Z.json,landing_region_85e39fb7d29e::landing_region_9430e1a9028b,"Chai Wan, China -> Changi North, Singapore",0.75,3,3,3,1,1,8,8,0.01744186046511628,13,False,False,False,0.0,0.75
PH,Reddit,resolved_entry_only,176906957,popular-application_reddit_msm176906957_20260701T000000Z_010000Z.json,landing_region_85e39fb7d29e::landing_region_af2b1cb46785,"Chai Wan, China -> Tuas, Singapore",0.75,3,3,3,1,1,8,8,0.01744186046511628,14,False,False,False,0.0,0.75
PH,Reddit,resolved_entry_only,176906957,popular-application_reddit_msm176906957_20260701T000000Z_010000Z.json,landing_region_11a5fc08eb7a::landing_region_2d3c79b37946,"Caticlan, Philippines -> Talisay, Philippines",0.5,1,1,1,1,1,8,8,0.011627906976744186,15,False,False,False,0.5,0.0
PH,Reddit,resolved_entry_only,176906957,popular-application_reddit_msm176906957_20260701T000000Z_010000Z.json,landing_region_11a5fc08eb7a::landing_region_d931c6f5e934,"Caticlan, Philippines -> Liloan, Philippines",0.5,1,1,1,1,1,8,8,0.011627906976744186,16,False,False,False,0.5,0.0
PK,Reddit,all_publicly_visible,176906957,popular-application_reddit_msm176906957_20260701T000000Z_010000Z.json,landing_region_1392e3aea9b8::landing_region_8dc97f28b4d0,"Fujairah, United Arab Emirates -> Sharjah, United Arab Emirates",8.0,8,8,8,3,3,4,4,0.6666666666666666,1,True,False,False,8.0,0.0
PK,Reddit,all_publicly_visible,176906957,popular-application_reddit_msm176906957_20260701T000000Z_010000Z.json,landing_region_1392e3aea9b8::landing_region_1b3a8d836a7d,"Fujairah, United Arab Emirates -> Karachi, Pakistan",4.0,4,4,4,2,2,4,4,0.3333333333333333,2,False,True,False,0.0,4.0
PK,Reddit,resolved_entry_only,176906957,popular-application_reddit_msm176906957_20260701T000000Z_010000Z.json,landing_region_1392e3aea9b8::landing_region_8dc97f28b4d0,"Fujairah, United Arab Emirates -> Sharjah, United Arab Emirates",8.0,8,8,8,3,3,4,4,0.6666666666666666,1,True,False,False,8.0,0.0
PK,Reddit,resolved_entry_only,176906957,popular-application_reddit_msm176906957_20260701T000000Z_010000Z.json,landing_region_1392e3aea9b8::landing_region_1b3a8d836a7d,"Fujairah, United Arab Emirates -> Karachi, Pakistan",4.0,4,4,4,2,2,4,4,0.3333333333333333,2,False,True,False,0.0,4.0
PL,Reddit,all_publicly_visible,176906957,popular-application_reddit_msm176906957_20260701T000000Z_010000Z.json,landing_region_d073d559153a::landing_region_e2b0cd002b0c,"Bunkeflostand, Sweden -> Tuborg, Denmark",44.0,44,44,22,6,5,6,5,1.0,1,True,False,False,44.0,0.0
PL,Reddit,resolved_entry_only,176906957,popular-application_reddit_msm176906957_20260701T000000Z_010000Z.json,landing_region_d073d559153a::landing_region_e2b0cd002b0c,"Bunkeflostand, Sweden -> Tuborg, Denmark",44.0,44,44,22,6,5,6,5,1.0,1,True,False,False,44.0,0.0
PR,Reddit,all_publicly_visible,176906957,popular-application_reddit_msm176906957_20260701T000000Z_010000Z.json,landing_region_822747b0ce7e::landing_region_bd03623e84bf,"Miramar, PR, United States -> Hollywood, FL, United States",8.0,8,8,8,2,2,2,2,1.0,1,True,False,False,0.0,8.0
PR,Reddit,resolved_entry_only,176906957,popular-application_reddit_msm176906957_20260701T000000Z_010000Z.json,landing_region_822747b0ce7e::landing_region_bd03623e84bf,"Miramar, PR, United States -> Hollywood, FL, United States",8.0,8,8,8,2,2,2,2,1.0,1,True,False,False,0.0,8.0
PT,Reddit,all_publicly_visible,176906957,popular-application_reddit_msm176906957_20260701T000000Z_010000Z.json,landing_region_343850da3642::landing_region_f7627feb3284,"Carcavelos, Portugal -> Seixal, Portugal",271.0,271,271,142,40,13,40,13,1.0,1,True,False,False,271.0,0.0
PT,Reddit,resolved_entry_only,176906957,popular-application_reddit_msm176906957_20260701T000000Z_010000Z.json,landing_region_343850da3642::landing_region_f7627feb3284,"Carcavelos, Portugal -> Seixal, Portugal",269.0,269,269,140,40,13,40,13,1.0,1,True,False,False,269.0,0.0
QA,Reddit,all_publicly_visible,176906957,popular-application_reddit_msm176906957_20260701T000000Z_010000Z.json,landing_region_08ea81d123b5::landing_region_f0ff9789c5ea,"Marseille, France -> Al-Kheesa, Qatar",4.0,4,4,4,1,1,1,1,1.0,1,True,False,False,0.0,4.0
QA,Reddit,resolved_entry_only,176906957,popular-application_reddit_msm176906957_20260701T000000Z_010000Z.json,landing_region_08ea81d123b5::landing_region_f0ff9789c5ea,"Marseille, France -> Al-Kheesa, Qatar",4.0,4,4,4,1,1,1,1,1.0,1,True,False,False,0.0,4.0
RE,Reddit,all_publicly_visible,176906957,popular-application_reddit_msm176906957_20260701T000000Z_010000Z.json,landing_region_5d023e72c246::landing_region_b37879c52c2b,"Singapore, Singapore -> Batam, Indonesia",12.333333333333332,37,37,37,17,1,17,1,0.3333333333333333,1,True,False,False,12.333333333333332,0.0
RE,Reddit,all_publicly_visible,176906957,popular-application_reddit_msm176906957_20260701T000000Z_010000Z.json,landing_region_9430e1a9028b::landing_region_b37879c52c2b,"Changi North, Singapore -> Batam, Indonesia",12.333333333333332,37,37,37,17,1,17,1,0.3333333333333333,2,False,True,False,12.333333333333332,0.0
RE,Reddit,all_publicly_visible,176906957,popular-application_reddit_msm176906957_20260701T000000Z_010000Z.json,landing_region_af2b1cb46785::landing_region_b37879c52c2b,"Tuas, Singapore -> Batam, Indonesia",12.333333333333332,37,37,37,17,1,17,1,0.3333333333333333,3,False,False,True,12.333333333333332,0.0
RE,Reddit,resolved_entry_only,176906957,popular-application_reddit_msm176906957_20260701T000000Z_010000Z.json,landing_region_5d023e72c246::landing_region_b37879c52c2b,"Singapore, Singapore -> Batam, Indonesia",12.333333333333332,37,37,37,17,1,17,1,0.3333333333333333,1,True,False,False,12.333333333333332,0.0
RE,Reddit,resolved_entry_only,176906957,popular-application_reddit_msm176906957_20260701T000000Z_010000Z.json,landing_region_9430e1a9028b::landing_region_b37879c52c2b,"Changi North, Singapore -> Batam, Indonesia",12.333333333333332,37,37,37,17,1,17,1,0.3333333333333333,2,False,True,False,12.333333333333332,0.0
RE,Reddit,resolved_entry_only,176906957,popular-application_reddit_msm176906957_20260701T000000Z_010000Z.json,landing_region_af2b1cb46785::landing_region_b37879c52c2b,"Tuas, Singapore -> Batam, Indonesia",12.333333333333332,37,37,37,17,1,17,1,0.3333333333333333,3,False,False,True,12.333333333333332,0.0
RU,Reddit,all_publicly_visible,176906957,popular-application_reddit_msm176906957_20260701T000000Z_010000Z.json,landing_region_3c99e4792a25::landing_region_65aa8d7cf62e,"Stavsnas, Sweden -> Espoo, Finland",33.5,67,67,67,33,23,33,23,0.5,1,True,False,False,0.0,33.5
RU,Reddit,all_publicly_visible,176906957,popular-application_reddit_msm176906957_20260701T000000Z_010000Z.json,landing_region_65aa8d7cf62e::landing_region_c607af4095db,"Espoo, Finland -> Kista, Sweden",33.5,67,67,67,33,23,33,23,0.5,2,False,True,False,0.0,33.5
RU,Reddit,resolved_entry_only,176906957,popular-application_reddit_msm176906957_20260701T000000Z_010000Z.json,landing_region_3c99e4792a25::landing_region_65aa8d7cf62e,"Stavsnas, Sweden -> Espoo, Finland",33.5,67,67,67,33,23,33,23,0.5,1,True,False,False,0.0,33.5
RU,Reddit,resolved_entry_only,176906957,popular-application_reddit_msm176906957_20260701T000000Z_010000Z.json,landing_region_65aa8d7cf62e::landing_region_c607af4095db,"Espoo, Finland -> Kista, Sweden",33.5,67,67,67,33,23,33,23,0.5,2,False,True,False,0.0,33.5
RW,Reddit,all_publicly_visible,176906957,popular-application_reddit_msm176906957_20260701T000000Z_010000Z.json,landing_region_57424b247075::landing_region_eafefa1c1ea4,"Nyali, Kenya -> Amanzimtoti, South Africa",1.0,1,1,1,1,1,1,1,1.0,1,True,False,False,0.0,1.0
RW,Reddit,resolved_entry_only,176906957,popular-application_reddit_msm176906957_20260701T000000Z_010000Z.json,landing_region_57424b247075::landing_region_eafefa1c1ea4,"Nyali, Kenya -> Amanzimtoti, South Africa",1.0,1,1,1,1,1,1,1,1.0,1,True,False,False,0.0,1.0
SE,Reddit,all_publicly_visible,176906957,popular-application_reddit_msm176906957_20260701T000000Z_010000Z.json,landing_region_d073d559153a::landing_region_e2b0cd002b0c,"Bunkeflostand, Sweden -> Tuborg, Denmark",354.0,354,354,144,40,17,49,20,0.7484143763213531,1,True,False,False,285.0,69.0
SE,Reddit,all_publicly_visible,176906957,popular-application_reddit_msm176906957_20260701T000000Z_010000Z.json,landing_region_1ce0b85cd8b9::landing_region_d073d559153a,"Uto, Sweden -> Bunkeflostand, Sweden",54.5,105,105,93,25,11,49,20,0.11522198731501057,2,False,True,False,51.5,3.0
SE,Reddit,all_publicly_visible,176906957,popular-application_reddit_msm176906957_20260701T000000Z_010000Z.json,landing_region_1ce0b85cd8b9::landing_region_e2b0cd002b0c,"Uto, Sweden -> Tuborg, Denmark",52.5,103,103,91,26,11,49,20,0.1109936575052854,3,False,False,True,49.5,3.0
SE,Reddit,all_publicly_visible,176906957,popular-application_reddit_msm176906957_20260701T000000Z_010000Z.json,landing_region_1ce0b85cd8b9::landing_region_3d94d1c98c16,"Uto, Sweden -> Näsby, Sweden",4.0,4,4,4,1,1,49,20,0.008456659619450317,4,False,False,False,4.0,0.0
SE,Reddit,all_publicly_visible,176906957,popular-application_reddit_msm176906957_20260701T000000Z_010000Z.json,landing_region_2f1f6d8f7ce5::landing_region_d514e04d4eb8,"Oslo, Norway -> Drøbak, Norway",4.0,4,4,4,1,1,49,20,0.008456659619450317,5,False,False,False,4.0,0.0
SE,Reddit,all_publicly_visible,176906957,popular-application_reddit_msm176906957_20260701T000000Z_010000Z.json,landing_region_d073d559153a::landing_region_d74300142cac,"Bunkeflostand, Sweden -> Sassnitz, Germany",2.0,4,4,4,1,1,49,20,0.004228329809725159,6,False,False,False,0.0,2.0
SE,Reddit,all_publicly_visible,176906957,popular-application_reddit_msm176906957_20260701T000000Z_010000Z.json,landing_region_d74300142cac::landing_region_e2b0cd002b0c,"Sassnitz, Germany -> Tuborg, Denmark",2.0,4,4,4,1,1,49,20,0.004228329809725159,7,False,False,False,0.0,2.0
SE,Reddit,resolved_entry_only,176906957,popular-application_reddit_msm176906957_20260701T000000Z_010000Z.json,landing_region_d073d559153a::landing_region_e2b0cd002b0c,"Bunkeflostand, Sweden -> Tuborg, Denmark",354.0,354,354,144,40,17,49,20,0.7484143763213531,1,True,False,False,285.0,69.0
SE,Reddit,resolved_entry_only,176906957,popular-application_reddit_msm176906957_20260701T000000Z_010000Z.json,landing_region_1ce0b85cd8b9::landing_region_d073d559153a,"Uto, Sweden -> Bunkeflostand, Sweden",54.5,105,105,93,25,11,49,20,0.11522198731501057,2,False,True,False,51.5,3.0
SE,Reddit,resolved_entry_only,176906957,popular-application_reddit_msm176906957_20260701T000000Z_010000Z.json,landing_region_1ce0b85cd8b9::landing_region_e2b0cd002b0c,"Uto, Sweden -> Tuborg, Denmark",52.5,103,103,91,26,11,49,20,0.1109936575052854,3,False,False,True,49.5,3.0
SE,Reddit,resolved_entry_only,176906957,popular-application_reddit_msm176906957_20260701T000000Z_010000Z.json,landing_region_1ce0b85cd8b9::landing_region_3d94d1c98c16,"Uto, Sweden -> Näsby, Sweden",4.0,4,4,4,1,1,49,20,0.008456659619450317,4,False,False,False,4.0,0.0
SE,Reddit,resolved_entry_only,176906957,popular-application_reddit_msm176906957_20260701T000000Z_010000Z.json,landing_region_2f1f6d8f7ce5::landing_region_d514e04d4eb8,"Oslo, Norway -> Drøbak, Norway",4.0,4,4,4,1,1,49,20,0.008456659619450317,5,False,False,False,4.0,0.0
SE,Reddit,resolved_entry_only,176906957,popular-application_reddit_msm176906957_20260701T000000Z_010000Z.json,landing_region_d073d559153a::landing_region_d74300142cac,"Bunkeflostand, Sweden -> Sassnitz, Germany",2.0,4,4,4,1,1,49,20,0.004228329809725159,6,False,False,False,0.0,2.0
SE,Reddit,resolved_entry_only,176906957,popular-application_reddit_msm176906957_20260701T000000Z_010000Z.json,landing_region_d74300142cac::landing_region_e2b0cd002b0c,"Sassnitz, Germany -> Tuborg, Denmark",2.0,4,4,4,1,1,49,20,0.004228329809725159,7,False,False,False,0.0,2.0
SG,Reddit,all_publicly_visible,176906957,popular-application_reddit_msm176906957_20260701T000000Z_010000Z.json,landing_region_5d023e72c246::landing_region_b37879c52c2b,"Singapore, Singapore -> Batam, Indonesia",379.66666666666663,1139,1139,347,94,48,94,48,0.3312972658522396,1,True,False,False,379.66666666666663,0.0
SG,Reddit,all_publicly_visible,176906957,popular-application_reddit_msm176906957_20260701T000000Z_010000Z.json,landing_region_9430e1a9028b::landing_region_b37879c52c2b,"Changi North, Singapore -> Batam, Indonesia",379.66666666666663,1139,1139,347,94,48,94,48,0.3312972658522396,2,False,True,False,379.66666666666663,0.0
SG,Reddit,all_publicly_visible,176906957,popular-application_reddit_msm176906957_20260701T000000Z_010000Z.json,landing_region_af2b1cb46785::landing_region_b37879c52c2b,"Tuas, Singapore -> Batam, Indonesia",379.66666666666663,1139,1139,347,94,48,94,48,0.3312972658522396,3,False,False,True,379.66666666666663,0.0
SG,Reddit,all_publicly_visible,176906957,popular-application_reddit_msm176906957_20260701T000000Z_010000Z.json,landing_region_af2b1cb46785::landing_region_d5376611ccce,"Tuas, Singapore -> Morib, Malaysia",2.0,2,2,1,1,1,94,48,0.0017452006980802793,4,False,False,False,0.0,2.0
SG,Reddit,all_publicly_visible,176906957,popular-application_reddit_msm176906957_20260701T000000Z_010000Z.json,landing_region_5d023e72c246::landing_region_7a7da5f2aeb1,"Singapore, Singapore -> Lantau Island, China",1.0,4,4,4,1,1,94,48,0.0008726003490401396,5,False,False,False,0.0,1.0
SG,Reddit,all_publicly_visible,176906957,popular-application_reddit_msm176906957_20260701T000000Z_010000Z.json,landing_region_7a7da5f2aeb1::landing_region_9430e1a9028b,"Lantau Island, China -> Changi North, Singapore",1.0,4,4,4,1,1,94,48,0.0008726003490401396,6,False,False,False,0.0,1.0
SG,Reddit,all_publicly_visible,176906957,popular-application_reddit_msm176906957_20260701T000000Z_010000Z.json,landing_region_85e39fb7d29e::landing_region_9430e1a9028b,"Chai Wan, China -> Changi North, Singapore",1.0,4,4,4,1,1,94,48,0.0008726003490401396,7,False,False,False,0.0,1.0
SG,Reddit,all_publicly_visible,176906957,popular-application_reddit_msm176906957_20260701T000000Z_010000Z.json,landing_region_85e39fb7d29e::landing_region_af2b1cb46785,"Chai Wan, China -> Tuas, Singapore",1.0,4,4,4,1,1,94,48,0.0008726003490401396,8,False,False,False,0.0,1.0
SG,Reddit,all_publicly_visible,176906957,popular-application_reddit_msm176906957_20260701T000000Z_010000Z.json,landing_region_08ea81d123b5::landing_region_af2b1cb46785,"Marseille, France -> Tuas, Singapore",0.5,1,1,1,1,1,94,48,0.0004363001745200698,9,False,False,False,0.0,0.5
SG,Reddit,all_publicly_visible,176906957,popular-application_reddit_msm176906957_20260701T000000Z_010000Z.json,landing_region_16217d497d23::landing_region_af2b1cb46785,"Toulon, France -> Tuas, Singapore",0.5,1,1,1,1,1,94,48,0.0004363001745200698,10,False,False,False,0.0,0.5
SG,Reddit,resolved_entry_only,176906957,popular-application_reddit_msm176906957_20260701T000000Z_010000Z.json,landing_region_5d023e72c246::landing_region_b37879c52c2b,"Singapore, Singapore -> Batam, Indonesia",379.66666666666663,1139,1139,347,94,48,94,48,0.3312972658522396,1,True,False,False,379.66666666666663,0.0
SG,Reddit,resolved_entry_only,176906957,popular-application_reddit_msm176906957_20260701T000000Z_010000Z.json,landing_region_9430e1a9028b::landing_region_b37879c52c2b,"Changi North, Singapore -> Batam, Indonesia",379.66666666666663,1139,1139,347,94,48,94,48,0.3312972658522396,2,False,True,False,379.66666666666663,0.0
SG,Reddit,resolved_entry_only,176906957,popular-application_reddit_msm176906957_20260701T000000Z_010000Z.json,landing_region_af2b1cb46785::landing_region_b37879c52c2b,"Tuas, Singapore -> Batam, Indonesia",379.66666666666663,1139,1139,347,94,48,94,48,0.3312972658522396,3,False,False,True,379.66666666666663,0.0
SG,Reddit,resolved_entry_only,176906957,popular-application_reddit_msm176906957_20260701T000000Z_010000Z.json,landing_region_af2b1cb46785::landing_region_d5376611ccce,"Tuas, Singapore -> Morib, Malaysia",2.0,2,2,1,1,1,94,48,0.0017452006980802793,4,False,False,False,0.0,2.0
SG,Reddit,resolved_entry_only,176906957,popular-application_reddit_msm176906957_20260701T000000Z_010000Z.json,landing_region_5d023e72c246::landing_region_7a7da5f2aeb1,"Singapore, Singapore -> Lantau Island, China",1.0,4,4,4,1,1,94,48,0.0008726003490401396,5,False,False,False,0.0,1.0
SG,Reddit,resolved_entry_only,176906957,popular-application_reddit_msm176906957_20260701T000000Z_010000Z.json,landing_region_7a7da5f2aeb1::landing_region_9430e1a9028b,"Lantau Island, China -> Changi North, Singapore",1.0,4,4,4,1,1,94,48,0.0008726003490401396,6,False,False,False,0.0,1.0
SG,Reddit,resolved_entry_only,176906957,popular-application_reddit_msm176906957_20260701T000000Z_010000Z.json,landing_region_85e39fb7d29e::landing_region_9430e1a9028b,"Chai Wan, China -> Changi North, Singapore",1.0,4,4,4,1,1,94,48,0.0008726003490401396,7,False,False,False,0.0,1.0
SG,Reddit,resolved_entry_only,176906957,popular-application_reddit_msm176906957_20260701T000000Z_010000Z.json,landing_region_85e39fb7d29e::landing_region_af2b1cb46785,"Chai Wan, China -> Tuas, Singapore",1.0,4,4,4,1,1,94,48,0.0008726003490401396,8,False,False,False,0.0,1.0
SG,Reddit,resolved_entry_only,176906957,popular-application_reddit_msm176906957_20260701T000000Z_010000Z.json,landing_region_08ea81d123b5::landing_region_af2b1cb46785,"Marseille, France -> Tuas, Singapore",0.5,1,1,1,1,1,94,48,0.0004363001745200698,9,False,False,False,0.0,0.5
SG,Reddit,resolved_entry_only,176906957,popular-application_reddit_msm176906957_20260701T000000Z_010000Z.json,landing_region_16217d497d23::landing_region_af2b1cb46785,"Toulon, France -> Tuas, Singapore",0.5,1,1,1,1,1,94,48,0.0004363001745200698,10,False,False,False,0.0,0.5
SN,Reddit,all_publicly_visible,176906957,popular-application_reddit_msm176906957_20260701T000000Z_010000Z.json,landing_region_343850da3642::landing_region_9d5009d65552,"Carcavelos, Portugal -> Dakar, Senegal",2.0,4,4,4,1,1,1,1,0.5,1,True,False,False,0.0,2.0
SN,Reddit,all_publicly_visible,176906957,popular-application_reddit_msm176906957_20260701T000000Z_010000Z.json,landing_region_9d5009d65552::landing_region_f7627feb3284,"Dakar, Senegal -> Seixal, Portugal",2.0,4,4,4,1,1,1,1,0.5,2,False,True,False,0.0,2.0
SN,Reddit,resolved_entry_only,176906957,popular-application_reddit_msm176906957_20260701T000000Z_010000Z.json,landing_region_343850da3642::landing_region_9d5009d65552,"Carcavelos, Portugal -> Dakar, Senegal",2.0,4,4,4,1,1,1,1,0.5,1,True,False,False,0.0,2.0
SN,Reddit,resolved_entry_only,176906957,popular-application_reddit_msm176906957_20260701T000000Z_010000Z.json,landing_region_9d5009d65552::landing_region_f7627feb3284,"Dakar, Senegal -> Seixal, Portugal",2.0,4,4,4,1,1,1,1,0.5,2,False,True,False,0.0,2.0
SR,Reddit,all_publicly_visible,176906957,popular-application_reddit_msm176906957_20260701T000000Z_010000Z.json,landing_region_83c1ffe3b901::landing_region_bd03623e84bf,"Mahuma, Curaçao -> Hollywood, FL, United States",2.0,2,2,2,1,1,1,1,1.0,1,True,False,False,0.0,2.0
SR,Reddit,resolved_entry_only,176906957,popular-application_reddit_msm176906957_20260701T000000Z_010000Z.json,landing_region_83c1ffe3b901::landing_region_bd03623e84bf,"Mahuma, Curaçao -> Hollywood, FL, United States",2.0,2,2,2,1,1,1,1,1.0,1,True,False,False,0.0,2.0
SV,Reddit,all_publicly_visible,176906957,popular-application_reddit_msm176906957_20260701T000000Z_010000Z.json,landing_region_620bdff3a2d2::landing_region_bd03623e84bf,"Puerto Cortes, Honduras -> Hollywood, FL, United States",6.0,6,6,6,3,3,3,3,1.0,1,True,False,False,0.0,6.0
SV,Reddit,resolved_entry_only,176906957,popular-application_reddit_msm176906957_20260701T000000Z_010000Z.json,landing_region_620bdff3a2d2::landing_region_bd03623e84bf,"Puerto Cortes, Honduras -> Hollywood, FL, United States",6.0,6,6,6,3,3,3,3,1.0,1,True,False,False,0.0,6.0
TG,Reddit,all_publicly_visible,176906957,popular-application_reddit_msm176906957_20260701T000000Z_010000Z.json,landing_region_2e263771884f::landing_region_c40dbe766ade,"Accra, Ghana -> Lome, Togo",3.0,3,3,3,1,1,1,1,1.0,1,True,False,False,0.0,3.0
TG,Reddit,resolved_entry_only,176906957,popular-application_reddit_msm176906957_20260701T000000Z_010000Z.json,landing_region_2e263771884f::landing_region_c40dbe766ade,"Accra, Ghana -> Lome, Togo",3.0,3,3,3,1,1,1,1,1.0,1,True,False,False,0.0,3.0
TH,Reddit,all_publicly_visible,176906957,popular-application_reddit_msm176906957_20260701T000000Z_010000Z.json,landing_region_5d023e72c246::landing_region_b37879c52c2b,"Singapore, Singapore -> Batam, Indonesia",3.0,9,9,8,4,4,4,4,0.2727272727272727,1,True,False,False,3.0,0.0
TH,Reddit,all_publicly_visible,176906957,popular-application_reddit_msm176906957_20260701T000000Z_010000Z.json,landing_region_9430e1a9028b::landing_region_b37879c52c2b,"Changi North, Singapore -> Batam, Indonesia",3.0,9,9,8,4,4,4,4,0.2727272727272727,2,False,True,False,3.0,0.0
TH,Reddit,all_publicly_visible,176906957,popular-application_reddit_msm176906957_20260701T000000Z_010000Z.json,landing_region_af2b1cb46785::landing_region_b37879c52c2b,"Tuas, Singapore -> Batam, Indonesia",3.0,9,9,8,4,4,4,4,0.2727272727272727,3,False,False,True,3.0,0.0
TH,Reddit,all_publicly_visible,176906957,popular-application_reddit_msm176906957_20260701T000000Z_010000Z.json,landing_region_08ea81d123b5::landing_region_af2b1cb46785,"Marseille, France -> Tuas, Singapore",1.0,2,2,2,1,1,4,4,0.09090909090909091,4,False,False,False,0.0,1.0
TH,Reddit,all_publicly_visible,176906957,popular-application_reddit_msm176906957_20260701T000000Z_010000Z.json,landing_region_16217d497d23::landing_region_af2b1cb46785,"Toulon, France -> Tuas, Singapore",1.0,2,2,2,1,1,4,4,0.09090909090909091,5,False,False,False,0.0,1.0
TH,Reddit,resolved_entry_only,176906957,popular-application_reddit_msm176906957_20260701T000000Z_010000Z.json,landing_region_5d023e72c246::landing_region_b37879c52c2b,"Singapore, Singapore -> Batam, Indonesia",3.0,9,9,8,4,4,4,4,0.2727272727272727,1,True,False,False,3.0,0.0
TH,Reddit,resolved_entry_only,176906957,popular-application_reddit_msm176906957_20260701T000000Z_010000Z.json,landing_region_9430e1a9028b::landing_region_b37879c52c2b,"Changi North, Singapore -> Batam, Indonesia",3.0,9,9,8,4,4,4,4,0.2727272727272727,2,False,True,False,3.0,0.0
TH,Reddit,resolved_entry_only,176906957,popular-application_reddit_msm176906957_20260701T000000Z_010000Z.json,landing_region_af2b1cb46785::landing_region_b37879c52c2b,"Tuas, Singapore -> Batam, Indonesia",3.0,9,9,8,4,4,4,4,0.2727272727272727,3,False,False,True,3.0,0.0
TH,Reddit,resolved_entry_only,176906957,popular-application_reddit_msm176906957_20260701T000000Z_010000Z.json,landing_region_08ea81d123b5::landing_region_af2b1cb46785,"Marseille, France -> Tuas, Singapore",1.0,2,2,2,1,1,4,4,0.09090909090909091,4,False,False,False,0.0,1.0
TH,Reddit,resolved_entry_only,176906957,popular-application_reddit_msm176906957_20260701T000000Z_010000Z.json,landing_region_16217d497d23::landing_region_af2b1cb46785,"Toulon, France -> Tuas, Singapore",1.0,2,2,2,1,1,4,4,0.09090909090909091,5,False,False,False,0.0,1.0
TL,Reddit,all_publicly_visible,176906957,popular-application_reddit_msm176906957_20260701T000000Z_010000Z.json,landing_region_58084817cbe7::landing_region_b204db5c9fda,"Paddington, NSW, Australia -> Adelaide, SA, Australia",4.0,4,4,4,1,1,2,2,0.5714285714285714,1,True,False,False,4.0,0.0
TL,Reddit,all_publicly_visible,176906957,popular-application_reddit_msm176906957_20260701T000000Z_010000Z.json,landing_region_5d023e72c246::landing_region_b37879c52c2b,"Singapore, Singapore -> Batam, Indonesia",1.0,3,3,3,1,1,2,2,0.14285714285714285,2,False,True,False,1.0,0.0
TL,Reddit,all_publicly_visible,176906957,popular-application_reddit_msm176906957_20260701T000000Z_010000Z.json,landing_region_9430e1a9028b::landing_region_b37879c52c2b,"Changi North, Singapore -> Batam, Indonesia",1.0,3,3,3,1,1,2,2,0.14285714285714285,3,False,False,True,1.0,0.0
TL,Reddit,all_publicly_visible,176906957,popular-application_reddit_msm176906957_20260701T000000Z_010000Z.json,landing_region_af2b1cb46785::landing_region_b37879c52c2b,"Tuas, Singapore -> Batam, Indonesia",1.0,3,3,3,1,1,2,2,0.14285714285714285,4,False,False,False,1.0,0.0
TL,Reddit,resolved_entry_only,176906957,popular-application_reddit_msm176906957_20260701T000000Z_010000Z.json,landing_region_58084817cbe7::landing_region_b204db5c9fda,"Paddington, NSW, Australia -> Adelaide, SA, Australia",4.0,4,4,4,1,1,2,2,0.5714285714285714,1,True,False,False,4.0,0.0
TL,Reddit,resolved_entry_only,176906957,popular-application_reddit_msm176906957_20260701T000000Z_010000Z.json,landing_region_5d023e72c246::landing_region_b37879c52c2b,"Singapore, Singapore -> Batam, Indonesia",1.0,3,3,3,1,1,2,2,0.14285714285714285,2,False,True,False,1.0,0.0
TL,Reddit,resolved_entry_only,176906957,popular-application_reddit_msm176906957_20260701T000000Z_010000Z.json,landing_region_9430e1a9028b::landing_region_b37879c52c2b,"Changi North, Singapore -> Batam, Indonesia",1.0,3,3,3,1,1,2,2,0.14285714285714285,3,False,False,True,1.0,0.0
TL,Reddit,resolved_entry_only,176906957,popular-application_reddit_msm176906957_20260701T000000Z_010000Z.json,landing_region_af2b1cb46785::landing_region_b37879c52c2b,"Tuas, Singapore -> Batam, Indonesia",1.0,3,3,3,1,1,2,2,0.14285714285714285,4,False,False,False,1.0,0.0
TO,Reddit,all_publicly_visible,176906957,popular-application_reddit_msm176906957_20260701T000000Z_010000Z.json,landing_region_1cece50a3587::landing_region_58084817cbe7,"Suva, Fiji -> Paddington, NSW, Australia",4.0,4,4,4,1,1,1,1,0.5,1,True,False,False,0.0,4.0
TO,Reddit,all_publicly_visible,176906957,popular-application_reddit_msm176906957_20260701T000000Z_010000Z.json,landing_region_1cece50a3587::landing_region_ab5fcb6a28e2,"Suva, Fiji -> Nuku'alofa, Tonga",4.0,4,4,4,1,1,1,1,0.5,2,False,True,False,0.0,4.0
TO,Reddit,resolved_entry_only,176906957,popular-application_reddit_msm176906957_20260701T000000Z_010000Z.json,landing_region_1cece50a3587::landing_region_58084817cbe7,"Suva, Fiji -> Paddington, NSW, Australia",4.0,4,4,4,1,1,1,1,0.5,1,True,False,False,0.0,4.0
TO,Reddit,resolved_entry_only,176906957,popular-application_reddit_msm176906957_20260701T000000Z_010000Z.json,landing_region_1cece50a3587::landing_region_ab5fcb6a28e2,"Suva, Fiji -> Nuku'alofa, Tonga",4.0,4,4,4,1,1,1,1,0.5,2,False,True,False,0.0,4.0
TV,Reddit,all_publicly_visible,176906957,popular-application_reddit_msm176906957_20260701T000000Z_010000Z.json,landing_region_1cece50a3587::landing_region_64abd2b76b5b,"Suva, Fiji -> Takapuna, New Zealand",3.0,3,3,3,1,1,1,1,1.0,1,True,False,False,0.0,3.0
TV,Reddit,resolved_entry_only,176906957,popular-application_reddit_msm176906957_20260701T000000Z_010000Z.json,landing_region_1cece50a3587::landing_region_64abd2b76b5b,"Suva, Fiji -> Takapuna, New Zealand",3.0,3,3,3,1,1,1,1,1.0,1,True,False,False,0.0,3.0
TW,Reddit,all_publicly_visible,176906957,popular-application_reddit_msm176906957_20260701T000000Z_010000Z.json,landing_region_3362110f86da::landing_region_7a95dbddaa36,"Pa Li, Taiwan -> Yuanli, Taiwan",128.0,128,128,77,24,4,44,19,0.6881720430107527,1,True,False,False,128.0,0.0
TW,Reddit,all_publicly_visible,176906957,popular-application_reddit_msm176906957_20260701T000000Z_010000Z.json,landing_region_3362110f86da::landing_region_7a7da5f2aeb1,"Pa Li, Taiwan -> Lantau Island, China",8.5,34,34,34,15,12,44,19,0.0456989247311828,2,False,True,False,0.0,8.5
TW,Reddit,all_publicly_visible,176906957,popular-application_reddit_msm176906957_20260701T000000Z_010000Z.json,landing_region_3362110f86da::landing_region_85e39fb7d29e,"Pa Li, Taiwan -> Chai Wan, China",8.5,34,34,34,15,12,44,19,0.0456989247311828,3,False,False,True,0.0,8.5
TW,Reddit,all_publicly_visible,176906957,popular-application_reddit_msm176906957_20260701T000000Z_010000Z.json,landing_region_7a7da5f2aeb1::landing_region_8eebb9f0ec75,"Lantau Island, China -> Toucheng, Taiwan",8.5,34,34,34,15,12,44,19,0.0456989247311828,4,False,False,False,0.0,8.5
TW,Reddit,all_publicly_visible,176906957,popular-application_reddit_msm176906957_20260701T000000Z_010000Z.json,landing_region_85e39fb7d29e::landing_region_8eebb9f0ec75,"Chai Wan, China -> Toucheng, Taiwan",8.5,34,34,34,15,12,44,19,0.0456989247311828,5,False,False,False,0.0,8.5
TW,Reddit,all_publicly_visible,176906957,popular-application_reddit_msm176906957_20260701T000000Z_010000Z.json,landing_region_3f5e2b5e2386::landing_region_7a95dbddaa36,"Budai, Taiwan -> Yuanli, Taiwan",8.0,8,8,4,1,1,44,19,0.043010752688172046,6,False,False,False,8.0,0.0
TW,Reddit,all_publicly_visible,176906957,popular-application_reddit_msm176906957_20260701T000000Z_010000Z.json,landing_region_069f1cd0a78f::landing_region_3362110f86da,"Tainan, Taiwan -> Pa Li, Taiwan",7.0,11,11,11,4,4,44,19,0.03763440860215054,7,False,False,False,7.0,0.0
TW,Reddit,all_publicly_visible,176906957,popular-application_reddit_msm176906957_20260701T000000Z_010000Z.json,landing_region_3362110f86da::landing_region_3f5e2b5e2386,"Pa Li, Taiwan -> Budai, Taiwan",4.0,8,8,8,3,3,44,19,0.021505376344086023,8,False,False,False,4.0,0.0
TW,Reddit,all_publicly_visible,176906957,popular-application_reddit_msm176906957_20260701T000000Z_010000Z.json,landing_region_3362110f86da::landing_region_5d023e72c246,"Pa Li, Taiwan -> Singapore, Singapore",1.0,5,5,5,4,4,44,19,0.005376344086021506,9,False,False,False,0.0,1.0
TW,Reddit,all_publicly_visible,176906957,popular-application_reddit_msm176906957_20260701T000000Z_010000Z.json,landing_region_3362110f86da::landing_region_9430e1a9028b,"Pa Li, Taiwan -> Changi North, Singapore",1.0,5,5,5,4,4,44,19,0.005376344086021506,10,False,False,False,0.0,1.0
TW,Reddit,all_publicly_visible,176906957,popular-application_reddit_msm176906957_20260701T000000Z_010000Z.json,landing_region_8eebb9f0ec75::landing_region_9430e1a9028b,"Toucheng, Taiwan -> Changi North, Singapore",1.0,5,5,5,4,4,44,19,0.005376344086021506,11,False,False,False,0.0,1.0
TW,Reddit,all_publicly_visible,176906957,popular-application_reddit_msm176906957_20260701T000000Z_010000Z.json,landing_region_8eebb9f0ec75::landing_region_af2b1cb46785,"Toucheng, Taiwan -> Tuas, Singapore",1.0,5,5,5,4,4,44,19,0.005376344086021506,12,False,False,False,0.0,1.0
TW,Reddit,all_publicly_visible,176906957,popular-application_reddit_msm176906957_20260701T000000Z_010000Z.json,landing_region_8eebb9f0ec75::landing_region_b37879c52c2b,"Toucheng, Taiwan -> Batam, Indonesia",1.0,5,5,5,4,4,44,19,0.005376344086021506,13,False,False,False,0.0,1.0
TW,Reddit,resolved_entry_only,176906957,popular-application_reddit_msm176906957_20260701T000000Z_010000Z.json,landing_region_3362110f86da::landing_region_7a95dbddaa36,"Pa Li, Taiwan -> Yuanli, Taiwan",128.0,128,128,77,24,4,44,19,0.6881720430107527,1,True,False,False,128.0,0.0
TW,Reddit,resolved_entry_only,176906957,popular-application_reddit_msm176906957_20260701T000000Z_010000Z.json,landing_region_3362110f86da::landing_region_7a7da5f2aeb1,"Pa Li, Taiwan -> Lantau Island, China",8.5,34,34,34,15,12,44,19,0.0456989247311828,2,False,True,False,0.0,8.5
TW,Reddit,resolved_entry_only,176906957,popular-application_reddit_msm176906957_20260701T000000Z_010000Z.json,landing_region_3362110f86da::landing_region_85e39fb7d29e,"Pa Li, Taiwan -> Chai Wan, China",8.5,34,34,34,15,12,44,19,0.0456989247311828,3,False,False,True,0.0,8.5
TW,Reddit,resolved_entry_only,176906957,popular-application_reddit_msm176906957_20260701T000000Z_010000Z.json,landing_region_7a7da5f2aeb1::landing_region_8eebb9f0ec75,"Lantau Island, China -> Toucheng, Taiwan",8.5,34,34,34,15,12,44,19,0.0456989247311828,4,False,False,False,0.0,8.5
TW,Reddit,resolved_entry_only,176906957,popular-application_reddit_msm176906957_20260701T000000Z_010000Z.json,landing_region_85e39fb7d29e::landing_region_8eebb9f0ec75,"Chai Wan, China -> Toucheng, Taiwan",8.5,34,34,34,15,12,44,19,0.0456989247311828,5,False,False,False,0.0,8.5
TW,Reddit,resolved_entry_only,176906957,popular-application_reddit_msm176906957_20260701T000000Z_010000Z.json,landing_region_3f5e2b5e2386::landing_region_7a95dbddaa36,"Budai, Taiwan -> Yuanli, Taiwan",8.0,8,8,4,1,1,44,19,0.043010752688172046,6,False,False,False,8.0,0.0
TW,Reddit,resolved_entry_only,176906957,popular-application_reddit_msm176906957_20260701T000000Z_010000Z.json,landing_region_069f1cd0a78f::landing_region_3362110f86da,"Tainan, Taiwan -> Pa Li, Taiwan",7.0,11,11,11,4,4,44,19,0.03763440860215054,7,False,False,False,7.0,0.0
TW,Reddit,resolved_entry_only,176906957,popular-application_reddit_msm176906957_20260701T000000Z_010000Z.json,landing_region_3362110f86da::landing_region_3f5e2b5e2386,"Pa Li, Taiwan -> Budai, Taiwan",4.0,8,8,8,3,3,44,19,0.021505376344086023,8,False,False,False,4.0,0.0
TW,Reddit,resolved_entry_only,176906957,popular-application_reddit_msm176906957_20260701T000000Z_010000Z.json,landing_region_3362110f86da::landing_region_5d023e72c246,"Pa Li, Taiwan -> Singapore, Singapore",1.0,5,5,5,4,4,44,19,0.005376344086021506,9,False,False,False,0.0,1.0
TW,Reddit,resolved_entry_only,176906957,popular-application_reddit_msm176906957_20260701T000000Z_010000Z.json,landing_region_3362110f86da::landing_region_9430e1a9028b,"Pa Li, Taiwan -> Changi North, Singapore",1.0,5,5,5,4,4,44,19,0.005376344086021506,10,False,False,False,0.0,1.0
TW,Reddit,resolved_entry_only,176906957,popular-application_reddit_msm176906957_20260701T000000Z_010000Z.json,landing_region_8eebb9f0ec75::landing_region_9430e1a9028b,"Toucheng, Taiwan -> Changi North, Singapore",1.0,5,5,5,4,4,44,19,0.005376344086021506,11,False,False,False,0.0,1.0
TW,Reddit,resolved_entry_only,176906957,popular-application_reddit_msm176906957_20260701T000000Z_010000Z.json,landing_region_8eebb9f0ec75::landing_region_af2b1cb46785,"Toucheng, Taiwan -> Tuas, Singapore",1.0,5,5,5,4,4,44,19,0.005376344086021506,12,False,False,False,0.0,1.0
TW,Reddit,resolved_entry_only,176906957,popular-application_reddit_msm176906957_20260701T000000Z_010000Z.json,landing_region_8eebb9f0ec75::landing_region_b37879c52c2b,"Toucheng, Taiwan -> Batam, Indonesia",1.0,5,5,5,4,4,44,19,0.005376344086021506,13,False,False,False,0.0,1.0
TZ,Reddit,all_publicly_visible,176906957,popular-application_reddit_msm176906957_20260701T000000Z_010000Z.json,landing_region_173727a59ebb::landing_region_5524694c9ae5,"Djibouti City, Djibouti -> Dar Es Salaam, Tanzania",1.0,1,1,1,1,1,1,1,0.5,1,True,False,False,0.0,1.0
TZ,Reddit,all_publicly_visible,176906957,popular-application_reddit_msm176906957_20260701T000000Z_010000Z.json,landing_region_08ea81d123b5::landing_region_173727a59ebb,"Marseille, France -> Djibouti City, Djibouti",0.5,1,1,1,1,1,1,1,0.25,2,False,True,False,0.0,0.5
TZ,Reddit,all_publicly_visible,176906957,popular-application_reddit_msm176906957_20260701T000000Z_010000Z.json,landing_region_16217d497d23::landing_region_173727a59ebb,"Toulon, France -> Djibouti City, Djibouti",0.5,1,1,1,1,1,1,1,0.25,3,False,False,True,0.0,0.5
TZ,Reddit,resolved_entry_only,176906957,popular-application_reddit_msm176906957_20260701T000000Z_010000Z.json,landing_region_173727a59ebb::landing_region_5524694c9ae5,"Djibouti City, Djibouti -> Dar Es Salaam, Tanzania",1.0,1,1,1,1,1,1,1,0.5,1,True,False,False,0.0,1.0
TZ,Reddit,resolved_entry_only,176906957,popular-application_reddit_msm176906957_20260701T000000Z_010000Z.json,landing_region_08ea81d123b5::landing_region_173727a59ebb,"Marseille, France -> Djibouti City, Djibouti",0.5,1,1,1,1,1,1,1,0.25,2,False,True,False,0.0,0.5
TZ,Reddit,resolved_entry_only,176906957,popular-application_reddit_msm176906957_20260701T000000Z_010000Z.json,landing_region_16217d497d23::landing_region_173727a59ebb,"Toulon, France -> Djibouti City, Djibouti",0.5,1,1,1,1,1,1,1,0.25,3,False,False,True,0.0,0.5
UG,Reddit,all_publicly_visible,176906957,popular-application_reddit_msm176906957_20260701T000000Z_010000Z.json,landing_region_57424b247075::landing_region_eafefa1c1ea4,"Nyali, Kenya -> Amanzimtoti, South Africa",3.0,3,3,3,1,1,2,2,0.6,1,True,False,False,0.0,3.0
UG,Reddit,all_publicly_visible,176906957,popular-application_reddit_msm176906957_20260701T000000Z_010000Z.json,landing_region_44e270aeb18c::landing_region_a47655b7f5ec,"Melkbosstrand, South Africa -> Libreville, Gabon",2.0,2,2,2,1,1,2,2,0.4,2,False,True,False,0.0,2.0
UG,Reddit,resolved_entry_only,176906957,popular-application_reddit_msm176906957_20260701T000000Z_010000Z.json,landing_region_57424b247075::landing_region_eafefa1c1ea4,"Nyali, Kenya -> Amanzimtoti, South Africa",3.0,3,3,3,1,1,2,2,0.6,1,True,False,False,0.0,3.0
UG,Reddit,resolved_entry_only,176906957,popular-application_reddit_msm176906957_20260701T000000Z_010000Z.json,landing_region_44e270aeb18c::landing_region_a47655b7f5ec,"Melkbosstrand, South Africa -> Libreville, Gabon",2.0,2,2,2,1,1,2,2,0.4,2,False,True,False,0.0,2.0
US,Reddit,all_publicly_visible,176906957,popular-application_reddit_msm176906957_20260701T000000Z_010000Z.json,landing_region_08d221ee162c::landing_region_b451e83206f9,"Clinton, WA, United States -> Lynnwood, WA, United States",909.0,945,945,357,99,39,160,59,0.7013888888888888,1,True,False,False,909.0,0.0
US,Reddit,all_publicly_visible,176906957,popular-application_reddit_msm176906957_20260701T000000Z_010000Z.json,landing_region_3b64f12b5328::landing_region_a4e660c6c620,"Northport, NY, United States -> Island Park, NY, United States",184.0,184,184,88,32,5,160,59,0.1419753086419753,2,False,True,False,184.0,0.0
US,Reddit,all_publicly_visible,176906957,popular-application_reddit_msm176906957_20260701T000000Z_010000Z.json,landing_region_b451e83206f9::landing_region_fee5a5fdbba8,"Lynnwood, WA, United States -> Cama Beach, WA, United States",48.333333333333336,87,87,40,11,7,160,59,0.037294238683127576,3,False,False,True,48.333333333333336,0.0
US,Reddit,all_publicly_visible,176906957,popular-application_reddit_msm176906957_20260701T000000Z_010000Z.json,landing_region_ad2e1f237edf::landing_region_df3d1db01d0e,"Buffalo, NY, United States -> Toronto, ON, Canada",37.0,37,37,37,13,2,160,59,0.02854938271604938,4,False,False,False,0.0,37.0
US,Reddit,all_publicly_visible,176906957,popular-application_reddit_msm176906957_20260701T000000Z_010000Z.json,landing_region_1188870205d8::landing_region_8d528e077d6e,"Koko Head, HI, United States -> Kahe Point, HI, United States",24.0,24,24,12,3,2,160,59,0.018518518518518517,5,False,False,False,24.0,0.0
US,Reddit,all_publicly_visible,176906957,popular-application_reddit_msm176906957_20260701T000000Z_010000Z.json,landing_region_82a1b23200f3::landing_region_c94f4fef1bdd,"Snug Cove, BC, Canada -> Gambier Harbour, BC, Canada",16.0,16,16,4,1,1,160,59,0.012345679012345678,6,False,False,False,16.0,0.0
US,Reddit,all_publicly_visible,176906957,popular-application_reddit_msm176906957_20260701T000000Z_010000Z.json,landing_region_b451e83206f9::landing_region_d026f3e5a07d,"Lynnwood, WA, United States -> Point Roberts, WA, United States",15.333333333333334,20,20,16,4,3,160,59,0.011831275720164609,7,False,False,False,15.333333333333334,0.0
US,Reddit,all_publicly_visible,176906957,popular-application_reddit_msm176906957_20260701T000000Z_010000Z.json,landing_region_5d023e72c246::landing_region_b37879c52c2b,"Singapore, Singapore -> Batam, Indonesia",7.333333333333333,22,22,11,3,3,160,59,0.005658436213991769,8,False,False,False,7.333333333333333,0.0
US,Reddit,all_publicly_visible,176906957,popular-application_reddit_msm176906957_20260701T000000Z_010000Z.json,landing_region_9430e1a9028b::landing_region_b37879c52c2b,"Changi North, Singapore -> Batam, Indonesia",7.333333333333333,22,22,11,3,3,160,59,0.005658436213991769,9,False,False,False,7.333333333333333,0.0
US,Reddit,all_publicly_visible,176906957,popular-application_reddit_msm176906957_20260701T000000Z_010000Z.json,landing_region_af2b1cb46785::landing_region_b37879c52c2b,"Tuas, Singapore -> Batam, Indonesia",7.333333333333333,22,22,11,3,3,160,59,0.005658436213991769,10,False,False,False,7.333333333333333,0.0
US,Reddit,all_publicly_visible,176906957,popular-application_reddit_msm176906957_20260701T000000Z_010000Z.json,landing_region_1392e3aea9b8::landing_region_8dc97f28b4d0,"Fujairah, United Arab Emirates -> Sharjah, United Arab Emirates",4.0,4,4,4,1,1,160,59,0.0030864197530864196,11,False,False,False,4.0,0.0
US,Reddit,all_publicly_visible,176906957,popular-application_reddit_msm176906957_20260701T000000Z_010000Z.json,landing_region_2f1f6d8f7ce5::landing_region_d514e04d4eb8,"Oslo, Norway -> Drøbak, Norway",4.0,4,4,4,1,1,160,59,0.0030864197530864196,12,False,False,False,4.0,0.0
US,Reddit,all_publicly_visible,176906957,popular-application_reddit_msm176906957_20260701T000000Z_010000Z.json,landing_region_59a210e88c9e::landing_region_a815bd4c40bf,"New Haven, CT, United States -> Shirley, NY, United States",4.0,4,4,4,1,1,160,59,0.0030864197530864196,13,False,False,False,4.0,0.0
US,Reddit,all_publicly_visible,176906957,popular-application_reddit_msm176906957_20260701T000000Z_010000Z.json,landing_region_6d0b3b188139::landing_region_85e39fb7d29e,"Zhuhai, China -> Chai Wan, China",4.0,4,4,4,1,1,160,59,0.0030864197530864196,14,False,False,False,4.0,0.0
US,Reddit,all_publicly_visible,176906957,popular-application_reddit_msm176906957_20260701T000000Z_010000Z.json,landing_region_822747b0ce7e::landing_region_bd03623e84bf,"Miramar, PR, United States -> Hollywood, FL, United States",4.0,4,4,4,1,1,160,59,0.0030864197530864196,15,False,False,False,0.0,4.0
US,Reddit,all_publicly_visible,176906957,popular-application_reddit_msm176906957_20260701T000000Z_010000Z.json,landing_region_af7df63397a0::landing_region_bd03623e84bf,"Jacksonville, FL, United States -> Hollywood, FL, United States",4.0,4,4,4,1,1,160,59,0.0030864197530864196,16,False,False,False,4.0,0.0
US,Reddit,all_publicly_visible,176906957,popular-application_reddit_msm176906957_20260701T000000Z_010000Z.json,landing_region_58084817cbe7::landing_region_bc6c664daa8f,"Paddington, NSW, Australia -> Alupang, Guam",3.0,3,3,3,1,1,160,59,0.0023148148148148147,17,False,False,False,0.0,3.0
US,Reddit,all_publicly_visible,176906957,popular-application_reddit_msm176906957_20260701T000000Z_010000Z.json,landing_region_1188870205d8::landing_region_1a3ed4fe187f,"Koko Head, HI, United States -> Kawaihae, HI, United States",2.0,4,4,4,1,1,160,59,0.0015432098765432098,18,False,False,False,2.0,0.0
US,Reddit,all_publicly_visible,176906957,popular-application_reddit_msm176906957_20260701T000000Z_010000Z.json,landing_region_1a3ed4fe187f::landing_region_8d528e077d6e,"Kawaihae, HI, United States -> Kahe Point, HI, United States",2.0,4,4,4,1,1,160,59,0.0015432098765432098,19,False,False,False,2.0,0.0
US,Reddit,all_publicly_visible,176906957,popular-application_reddit_msm176906957_20260701T000000Z_010000Z.json,landing_region_34040dee7bd1::landing_region_df61fea74887,"Hillsboro, OR, United States -> El Segundo, CA, United States",2.0,2,2,2,2,2,160,59,0.0015432098765432098,20,False,False,False,2.0,0.0
US,Reddit,all_publicly_visible,176906957,popular-application_reddit_msm176906957_20260701T000000Z_010000Z.json,landing_region_d026f3e5a07d::landing_region_fee5a5fdbba8,"Point Roberts, WA, United States -> Cama Beach, WA, United States",2.0,4,4,4,1,1,160,59,0.0015432098765432098,21,False,False,False,2.0,0.0
US,Reddit,all_publicly_visible,176906957,popular-application_reddit_msm176906957_20260701T000000Z_010000Z.json,landing_region_b451e83206f9::landing_region_f41a83b9b5b3,"Lynnwood, WA, United States -> Cordova Bay, BC, Canada",1.3333333333333333,4,4,4,1,1,160,59,0.0010288065843621398,22,False,False,False,1.3333333333333333,0.0
US,Reddit,all_publicly_visible,176906957,popular-application_reddit_msm176906957_20260701T000000Z_010000Z.json,landing_region_5d023e72c246::landing_region_7a7da5f2aeb1,"Singapore, Singapore -> Lantau Island, China",0.75,3,3,3,1,1,160,59,0.0005787037037037037,23,False,False,False,0.0,0.75
US,Reddit,all_publicly_visible,176906957,popular-application_reddit_msm176906957_20260701T000000Z_010000Z.json,landing_region_7a7da5f2aeb1::landing_region_9430e1a9028b,"Lantau Island, China -> Changi North, Singapore",0.75,3,3,3,1,1,160,59,0.0005787037037037037,24,False,False,False,0.0,0.75
US,Reddit,all_publicly_visible,176906957,popular-application_reddit_msm176906957_20260701T000000Z_010000Z.json,landing_region_85e39fb7d29e::landing_region_9430e1a9028b,"Chai Wan, China -> Changi North, Singapore",0.75,3,3,3,1,1,160,59,0.0005787037037037037,25,False,False,False,0.0,0.75
US,Reddit,all_publicly_visible,176906957,popular-application_reddit_msm176906957_20260701T000000Z_010000Z.json,landing_region_85e39fb7d29e::landing_region_af2b1cb46785,"Chai Wan, China -> Tuas, Singapore",0.75,3,3,3,1,1,160,59,0.0005787037037037037,26,False,False,False,0.0,0.75
US,Reddit,all_publicly_visible,176906957,popular-application_reddit_msm176906957_20260701T000000Z_010000Z.json,landing_region_1ce0b85cd8b9::landing_region_d073d559153a,"Uto, Sweden -> Bunkeflostand, Sweden",0.5,1,1,1,1,1,160,59,0.00038580246913580245,27,False,False,False,0.5,0.0
US,Reddit,all_publicly_visible,176906957,popular-application_reddit_msm176906957_20260701T000000Z_010000Z.json,landing_region_1ce0b85cd8b9::landing_region_e2b0cd002b0c,"Uto, Sweden -> Tuborg, Denmark",0.5,1,1,1,1,1,160,59,0.00038580246913580245,28,False,False,False,0.5,0.0
US,Reddit,resolved_entry_only,176906957,popular-application_reddit_msm176906957_20260701T000000Z_010000Z.json,landing_region_08d221ee162c::landing_region_b451e83206f9,"Clinton, WA, United States -> Lynnwood, WA, United States",909.0,945,945,357,99,39,160,59,0.7013888888888888,1,True,False,False,909.0,0.0
US,Reddit,resolved_entry_only,176906957,popular-application_reddit_msm176906957_20260701T000000Z_010000Z.json,landing_region_3b64f12b5328::landing_region_a4e660c6c620,"Northport, NY, United States -> Island Park, NY, United States",184.0,184,184,88,32,5,160,59,0.1419753086419753,2,False,True,False,184.0,0.0
US,Reddit,resolved_entry_only,176906957,popular-application_reddit_msm176906957_20260701T000000Z_010000Z.json,landing_region_b451e83206f9::landing_region_fee5a5fdbba8,"Lynnwood, WA, United States -> Cama Beach, WA, United States",48.333333333333336,87,87,40,11,7,160,59,0.037294238683127576,3,False,False,True,48.333333333333336,0.0
US,Reddit,resolved_entry_only,176906957,popular-application_reddit_msm176906957_20260701T000000Z_010000Z.json,landing_region_ad2e1f237edf::landing_region_df3d1db01d0e,"Buffalo, NY, United States -> Toronto, ON, Canada",37.0,37,37,37,13,2,160,59,0.02854938271604938,4,False,False,False,0.0,37.0
US,Reddit,resolved_entry_only,176906957,popular-application_reddit_msm176906957_20260701T000000Z_010000Z.json,landing_region_1188870205d8::landing_region_8d528e077d6e,"Koko Head, HI, United States -> Kahe Point, HI, United States",24.0,24,24,12,3,2,160,59,0.018518518518518517,5,False,False,False,24.0,0.0
US,Reddit,resolved_entry_only,176906957,popular-application_reddit_msm176906957_20260701T000000Z_010000Z.json,landing_region_82a1b23200f3::landing_region_c94f4fef1bdd,"Snug Cove, BC, Canada -> Gambier Harbour, BC, Canada",16.0,16,16,4,1,1,160,59,0.012345679012345678,6,False,False,False,16.0,0.0
US,Reddit,resolved_entry_only,176906957,popular-application_reddit_msm176906957_20260701T000000Z_010000Z.json,landing_region_b451e83206f9::landing_region_d026f3e5a07d,"Lynnwood, WA, United States -> Point Roberts, WA, United States",15.333333333333334,20,20,16,4,3,160,59,0.011831275720164609,7,False,False,False,15.333333333333334,0.0
US,Reddit,resolved_entry_only,176906957,popular-application_reddit_msm176906957_20260701T000000Z_010000Z.json,landing_region_5d023e72c246::landing_region_b37879c52c2b,"Singapore, Singapore -> Batam, Indonesia",7.333333333333333,22,22,11,3,3,160,59,0.005658436213991769,8,False,False,False,7.333333333333333,0.0
US,Reddit,resolved_entry_only,176906957,popular-application_reddit_msm176906957_20260701T000000Z_010000Z.json,landing_region_9430e1a9028b::landing_region_b37879c52c2b,"Changi North, Singapore -> Batam, Indonesia",7.333333333333333,22,22,11,3,3,160,59,0.005658436213991769,9,False,False,False,7.333333333333333,0.0
US,Reddit,resolved_entry_only,176906957,popular-application_reddit_msm176906957_20260701T000000Z_010000Z.json,landing_region_af2b1cb46785::landing_region_b37879c52c2b,"Tuas, Singapore -> Batam, Indonesia",7.333333333333333,22,22,11,3,3,160,59,0.005658436213991769,10,False,False,False,7.333333333333333,0.0
US,Reddit,resolved_entry_only,176906957,popular-application_reddit_msm176906957_20260701T000000Z_010000Z.json,landing_region_1392e3aea9b8::landing_region_8dc97f28b4d0,"Fujairah, United Arab Emirates -> Sharjah, United Arab Emirates",4.0,4,4,4,1,1,160,59,0.0030864197530864196,11,False,False,False,4.0,0.0
US,Reddit,resolved_entry_only,176906957,popular-application_reddit_msm176906957_20260701T000000Z_010000Z.json,landing_region_2f1f6d8f7ce5::landing_region_d514e04d4eb8,"Oslo, Norway -> Drøbak, Norway",4.0,4,4,4,1,1,160,59,0.0030864197530864196,12,False,False,False,4.0,0.0
US,Reddit,resolved_entry_only,176906957,popular-application_reddit_msm176906957_20260701T000000Z_010000Z.json,landing_region_59a210e88c9e::landing_region_a815bd4c40bf,"New Haven, CT, United States -> Shirley, NY, United States",4.0,4,4,4,1,1,160,59,0.0030864197530864196,13,False,False,False,4.0,0.0
US,Reddit,resolved_entry_only,176906957,popular-application_reddit_msm176906957_20260701T000000Z_010000Z.json,landing_region_6d0b3b188139::landing_region_85e39fb7d29e,"Zhuhai, China -> Chai Wan, China",4.0,4,4,4,1,1,160,59,0.0030864197530864196,14,False,False,False,4.0,0.0
US,Reddit,resolved_entry_only,176906957,popular-application_reddit_msm176906957_20260701T000000Z_010000Z.json,landing_region_822747b0ce7e::landing_region_bd03623e84bf,"Miramar, PR, United States -> Hollywood, FL, United States",4.0,4,4,4,1,1,160,59,0.0030864197530864196,15,False,False,False,0.0,4.0
US,Reddit,resolved_entry_only,176906957,popular-application_reddit_msm176906957_20260701T000000Z_010000Z.json,landing_region_af7df63397a0::landing_region_bd03623e84bf,"Jacksonville, FL, United States -> Hollywood, FL, United States",4.0,4,4,4,1,1,160,59,0.0030864197530864196,16,False,False,False,4.0,0.0
US,Reddit,resolved_entry_only,176906957,popular-application_reddit_msm176906957_20260701T000000Z_010000Z.json,landing_region_58084817cbe7::landing_region_bc6c664daa8f,"Paddington, NSW, Australia -> Alupang, Guam",3.0,3,3,3,1,1,160,59,0.0023148148148148147,17,False,False,False,0.0,3.0
US,Reddit,resolved_entry_only,176906957,popular-application_reddit_msm176906957_20260701T000000Z_010000Z.json,landing_region_1188870205d8::landing_region_1a3ed4fe187f,"Koko Head, HI, United States -> Kawaihae, HI, United States",2.0,4,4,4,1,1,160,59,0.0015432098765432098,18,False,False,False,2.0,0.0
US,Reddit,resolved_entry_only,176906957,popular-application_reddit_msm176906957_20260701T000000Z_010000Z.json,landing_region_1a3ed4fe187f::landing_region_8d528e077d6e,"Kawaihae, HI, United States -> Kahe Point, HI, United States",2.0,4,4,4,1,1,160,59,0.0015432098765432098,19,False,False,False,2.0,0.0
US,Reddit,resolved_entry_only,176906957,popular-application_reddit_msm176906957_20260701T000000Z_010000Z.json,landing_region_34040dee7bd1::landing_region_df61fea74887,"Hillsboro, OR, United States -> El Segundo, CA, United States",2.0,2,2,2,2,2,160,59,0.0015432098765432098,20,False,False,False,2.0,0.0
US,Reddit,resolved_entry_only,176906957,popular-application_reddit_msm176906957_20260701T000000Z_010000Z.json,landing_region_d026f3e5a07d::landing_region_fee5a5fdbba8,"Point Roberts, WA, United States -> Cama Beach, WA, United States",2.0,4,4,4,1,1,160,59,0.0015432098765432098,21,False,False,False,2.0,0.0
US,Reddit,resolved_entry_only,176906957,popular-application_reddit_msm176906957_20260701T000000Z_010000Z.json,landing_region_b451e83206f9::landing_region_f41a83b9b5b3,"Lynnwood, WA, United States -> Cordova Bay, BC, Canada",1.3333333333333333,4,4,4,1,1,160,59,0.0010288065843621398,22,False,False,False,1.3333333333333333,0.0
US,Reddit,resolved_entry_only,176906957,popular-application_reddit_msm176906957_20260701T000000Z_010000Z.json,landing_region_5d023e72c246::landing_region_7a7da5f2aeb1,"Singapore, Singapore -> Lantau Island, China",0.75,3,3,3,1,1,160,59,0.0005787037037037037,23,False,False,False,0.0,0.75
US,Reddit,resolved_entry_only,176906957,popular-application_reddit_msm176906957_20260701T000000Z_010000Z.json,landing_region_7a7da5f2aeb1::landing_region_9430e1a9028b,"Lantau Island, China -> Changi North, Singapore",0.75,3,3,3,1,1,160,59,0.0005787037037037037,24,False,False,False,0.0,0.75
US,Reddit,resolved_entry_only,176906957,popular-application_reddit_msm176906957_20260701T000000Z_010000Z.json,landing_region_85e39fb7d29e::landing_region_9430e1a9028b,"Chai Wan, China -> Changi North, Singapore",0.75,3,3,3,1,1,160,59,0.0005787037037037037,25,False,False,False,0.0,0.75
US,Reddit,resolved_entry_only,176906957,popular-application_reddit_msm176906957_20260701T000000Z_010000Z.json,landing_region_85e39fb7d29e::landing_region_af2b1cb46785,"Chai Wan, China -> Tuas, Singapore",0.75,3,3,3,1,1,160,59,0.0005787037037037037,26,False,False,False,0.0,0.75
US,Reddit,resolved_entry_only,176906957,popular-application_reddit_msm176906957_20260701T000000Z_010000Z.json,landing_region_1ce0b85cd8b9::landing_region_d073d559153a,"Uto, Sweden -> Bunkeflostand, Sweden",0.5,1,1,1,1,1,160,59,0.00038580246913580245,27,False,False,False,0.5,0.0
US,Reddit,resolved_entry_only,176906957,popular-application_reddit_msm176906957_20260701T000000Z_010000Z.json,landing_region_1ce0b85cd8b9::landing_region_e2b0cd002b0c,"Uto, Sweden -> Tuborg, Denmark",0.5,1,1,1,1,1,160,59,0.00038580246913580245,28,False,False,False,0.5,0.0
VA,Reddit,all_publicly_visible,176906957,popular-application_reddit_msm176906957_20260701T000000Z_010000Z.json,landing_region_04d22ee1208c::landing_region_1d5c9bdda1cc,"Genoa, Italy -> Rome, Italy",1.0,1,1,1,1,1,1,1,0.5,1,True,False,False,1.0,0.0
VA,Reddit,all_publicly_visible,176906957,popular-application_reddit_msm176906957_20260701T000000Z_010000Z.json,landing_region_04d22ee1208c::landing_region_08ea81d123b5,"Genoa, Italy -> Marseille, France",0.5,1,1,1,1,1,1,1,0.25,2,False,True,False,0.0,0.5
VA,Reddit,all_publicly_visible,176906957,popular-application_reddit_msm176906957_20260701T000000Z_010000Z.json,landing_region_08ea81d123b5::landing_region_e151c65a30d3,"Marseille, France -> Savona, Italy",0.5,1,1,1,1,1,1,1,0.25,3,False,False,True,0.0,0.5
VA,Reddit,resolved_entry_only,176906957,popular-application_reddit_msm176906957_20260701T000000Z_010000Z.json,landing_region_04d22ee1208c::landing_region_1d5c9bdda1cc,"Genoa, Italy -> Rome, Italy",1.0,1,1,1,1,1,1,1,0.5,1,True,False,False,1.0,0.0
VA,Reddit,resolved_entry_only,176906957,popular-application_reddit_msm176906957_20260701T000000Z_010000Z.json,landing_region_04d22ee1208c::landing_region_08ea81d123b5,"Genoa, Italy -> Marseille, France",0.5,1,1,1,1,1,1,1,0.25,2,False,True,False,0.0,0.5
VA,Reddit,resolved_entry_only,176906957,popular-application_reddit_msm176906957_20260701T000000Z_010000Z.json,landing_region_08ea81d123b5::landing_region_e151c65a30d3,"Marseille, France -> Savona, Italy",0.5,1,1,1,1,1,1,1,0.25,3,False,False,True,0.0,0.5
VE,Reddit,all_publicly_visible,176906957,popular-application_reddit_msm176906957_20260701T000000Z_010000Z.json,landing_region_382d2f85d165::landing_region_b3c39d3335c0,"Cabimas, Venezuela -> Maracaibo, Venezuela",18.0,18,18,9,3,1,3,1,1.0,1,True,False,False,18.0,0.0
VE,Reddit,resolved_entry_only,176906957,popular-application_reddit_msm176906957_20260701T000000Z_010000Z.json,landing_region_382d2f85d165::landing_region_b3c39d3335c0,"Cabimas, Venezuela -> Maracaibo, Venezuela",18.0,18,18,9,3,1,3,1,1.0,1,True,False,False,18.0,0.0
VI,Reddit,all_publicly_visible,176906957,popular-application_reddit_msm176906957_20260701T000000Z_010000Z.json,landing_region_bd03623e84bf::landing_region_fd5565d28cce,"Hollywood, FL, United States -> St. Croix, Virgin Islands, Virgin Islands (U.S.)",8.0,8,8,8,2,1,2,1,1.0,1,True,False,False,0.0,8.0
VI,Reddit,resolved_entry_only,176906957,popular-application_reddit_msm176906957_20260701T000000Z_010000Z.json,landing_region_bd03623e84bf::landing_region_fd5565d28cce,"Hollywood, FL, United States -> St. Croix, Virgin Islands, Virgin Islands (U.S.)",8.0,8,8,8,2,1,2,1,1.0,1,True,False,False,0.0,8.0
VN,Reddit,all_publicly_visible,176906957,popular-application_reddit_msm176906957_20260701T000000Z_010000Z.json,landing_region_5d023e72c246::landing_region_b37879c52c2b,"Singapore, Singapore -> Batam, Indonesia",8.666666666666666,26,26,24,8,6,10,8,0.2476190476190476,1,True,False,False,8.666666666666666,0.0
VN,Reddit,all_publicly_visible,176906957,popular-application_reddit_msm176906957_20260701T000000Z_010000Z.json,landing_region_9430e1a9028b::landing_region_b37879c52c2b,"Changi North, Singapore -> Batam, Indonesia",8.666666666666666,26,26,24,8,6,10,8,0.2476190476190476,2,False,True,False,8.666666666666666,0.0
VN,Reddit,all_publicly_visible,176906957,popular-application_reddit_msm176906957_20260701T000000Z_010000Z.json,landing_region_af2b1cb46785::landing_region_b37879c52c2b,"Tuas, Singapore -> Batam, Indonesia",8.666666666666666,26,26,24,8,6,10,8,0.2476190476190476,3,False,False,True,8.666666666666666,0.0
VN,Reddit,all_publicly_visible,176906957,popular-application_reddit_msm176906957_20260701T000000Z_010000Z.json,landing_region_54f9d6b44a8a::landing_region_9430e1a9028b,"Danang, Vietnam -> Changi North, Singapore",5.0,5,5,5,3,3,10,8,0.14285714285714285,4,False,False,False,0.0,5.0
VN,Reddit,all_publicly_visible,176906957,popular-application_reddit_msm176906957_20260701T000000Z_010000Z.json,landing_region_5d023e72c246::landing_region_7a7da5f2aeb1,"Singapore, Singapore -> Lantau Island, China",1.0,4,4,4,1,1,10,8,0.02857142857142857,5,False,False,False,0.0,1.0
VN,Reddit,all_publicly_visible,176906957,popular-application_reddit_msm176906957_20260701T000000Z_010000Z.json,landing_region_7a7da5f2aeb1::landing_region_9430e1a9028b,"Lantau Island, China -> Changi North, Singapore",1.0,4,4,4,1,1,10,8,0.02857142857142857,6,False,False,False,0.0,1.0
VN,Reddit,all_publicly_visible,176906957,popular-application_reddit_msm176906957_20260701T000000Z_010000Z.json,landing_region_85e39fb7d29e::landing_region_9430e1a9028b,"Chai Wan, China -> Changi North, Singapore",1.0,4,4,4,1,1,10,8,0.02857142857142857,7,False,False,False,0.0,1.0
VN,Reddit,all_publicly_visible,176906957,popular-application_reddit_msm176906957_20260701T000000Z_010000Z.json,landing_region_85e39fb7d29e::landing_region_af2b1cb46785,"Chai Wan, China -> Tuas, Singapore",1.0,4,4,4,1,1,10,8,0.02857142857142857,8,False,False,False,0.0,1.0
VN,Reddit,resolved_entry_only,176906957,popular-application_reddit_msm176906957_20260701T000000Z_010000Z.json,landing_region_5d023e72c246::landing_region_b37879c52c2b,"Singapore, Singapore -> Batam, Indonesia",8.666666666666666,26,26,24,8,6,10,8,0.2476190476190476,1,True,False,False,8.666666666666666,0.0
VN,Reddit,resolved_entry_only,176906957,popular-application_reddit_msm176906957_20260701T000000Z_010000Z.json,landing_region_9430e1a9028b::landing_region_b37879c52c2b,"Changi North, Singapore -> Batam, Indonesia",8.666666666666666,26,26,24,8,6,10,8,0.2476190476190476,2,False,True,False,8.666666666666666,0.0
VN,Reddit,resolved_entry_only,176906957,popular-application_reddit_msm176906957_20260701T000000Z_010000Z.json,landing_region_af2b1cb46785::landing_region_b37879c52c2b,"Tuas, Singapore -> Batam, Indonesia",8.666666666666666,26,26,24,8,6,10,8,0.2476190476190476,3,False,False,True,8.666666666666666,0.0
VN,Reddit,resolved_entry_only,176906957,popular-application_reddit_msm176906957_20260701T000000Z_010000Z.json,landing_region_54f9d6b44a8a::landing_region_9430e1a9028b,"Danang, Vietnam -> Changi North, Singapore",5.0,5,5,5,3,3,10,8,0.14285714285714285,4,False,False,False,0.0,5.0
VN,Reddit,resolved_entry_only,176906957,popular-application_reddit_msm176906957_20260701T000000Z_010000Z.json,landing_region_5d023e72c246::landing_region_7a7da5f2aeb1,"Singapore, Singapore -> Lantau Island, China",1.0,4,4,4,1,1,10,8,0.02857142857142857,5,False,False,False,0.0,1.0
VN,Reddit,resolved_entry_only,176906957,popular-application_reddit_msm176906957_20260701T000000Z_010000Z.json,landing_region_7a7da5f2aeb1::landing_region_9430e1a9028b,"Lantau Island, China -> Changi North, Singapore",1.0,4,4,4,1,1,10,8,0.02857142857142857,6,False,False,False,0.0,1.0
VN,Reddit,resolved_entry_only,176906957,popular-application_reddit_msm176906957_20260701T000000Z_010000Z.json,landing_region_85e39fb7d29e::landing_region_9430e1a9028b,"Chai Wan, China -> Changi North, Singapore",1.0,4,4,4,1,1,10,8,0.02857142857142857,7,False,False,False,0.0,1.0
VN,Reddit,resolved_entry_only,176906957,popular-application_reddit_msm176906957_20260701T000000Z_010000Z.json,landing_region_85e39fb7d29e::landing_region_af2b1cb46785,"Chai Wan, China -> Tuas, Singapore",1.0,4,4,4,1,1,10,8,0.02857142857142857,8,False,False,False,0.0,1.0
VU,Reddit,all_publicly_visible,176906957,popular-application_reddit_msm176906957_20260701T000000Z_010000Z.json,landing_region_1cece50a3587::landing_region_58084817cbe7,"Suva, Fiji -> Paddington, NSW, Australia",4.0,4,4,4,2,1,2,1,1.0,1,True,False,False,0.0,4.0
VU,Reddit,resolved_entry_only,176906957,popular-application_reddit_msm176906957_20260701T000000Z_010000Z.json,landing_region_1cece50a3587::landing_region_58084817cbe7,"Suva, Fiji -> Paddington, NSW, Australia",4.0,4,4,4,2,1,2,1,1.0,1,True,False,False,0.0,4.0
ZA,Reddit,all_publicly_visible,176906957,popular-application_reddit_msm176906957_20260701T000000Z_010000Z.json,landing_region_2231deadae71::landing_region_44e270aeb18c,"Baie Jacotet, Mauritius -> Melkbosstrand, South Africa",14.0,14,14,13,8,6,10,7,0.6666666666666666,1,True,False,False,0.0,14.0
ZA,Reddit,all_publicly_visible,176906957,popular-application_reddit_msm176906957_20260701T000000Z_010000Z.json,landing_region_44e270aeb18c::landing_region_eafefa1c1ea4,"Melkbosstrand, South Africa -> Amanzimtoti, South Africa",2.0,2,2,2,1,1,10,7,0.09523809523809523,2,False,True,False,2.0,0.0
ZA,Reddit,all_publicly_visible,176906957,popular-application_reddit_msm176906957_20260701T000000Z_010000Z.json,landing_region_2231deadae71::landing_region_eafefa1c1ea4,"Baie Jacotet, Mauritius -> Amanzimtoti, South Africa",1.5,3,3,3,1,1,10,7,0.07142857142857142,3,False,False,True,0.0,1.5
ZA,Reddit,all_publicly_visible,176906957,popular-application_reddit_msm176906957_20260701T000000Z_010000Z.json,landing_region_d8f29edb742a::landing_region_eafefa1c1ea4,"Baie du Tombeau, Mauritius -> Amanzimtoti, South Africa",1.5,3,3,3,1,1,10,7,0.07142857142857142,4,False,False,False,0.0,1.5
ZA,Reddit,all_publicly_visible,176906957,popular-application_reddit_msm176906957_20260701T000000Z_010000Z.json,landing_region_343850da3642::landing_region_44e270aeb18c,"Carcavelos, Portugal -> Melkbosstrand, South Africa",1.0,2,2,2,2,1,10,7,0.047619047619047616,5,False,False,False,0.0,1.0
ZA,Reddit,all_publicly_visible,176906957,popular-application_reddit_msm176906957_20260701T000000Z_010000Z.json,landing_region_44e270aeb18c::landing_region_f7627feb3284,"Melkbosstrand, South Africa -> Seixal, Portugal",1.0,2,2,2,2,1,10,7,0.047619047619047616,6,False,False,False,0.0,1.0
ZA,Reddit,resolved_entry_only,176906957,popular-application_reddit_msm176906957_20260701T000000Z_010000Z.json,landing_region_2231deadae71::landing_region_44e270aeb18c,"Baie Jacotet, Mauritius -> Melkbosstrand, South Africa",14.0,14,14,13,8,6,10,7,0.6666666666666666,1,True,False,False,0.0,14.0
ZA,Reddit,resolved_entry_only,176906957,popular-application_reddit_msm176906957_20260701T000000Z_010000Z.json,landing_region_44e270aeb18c::landing_region_eafefa1c1ea4,"Melkbosstrand, South Africa -> Amanzimtoti, South Africa",2.0,2,2,2,1,1,10,7,0.09523809523809523,2,False,True,False,2.0,0.0
ZA,Reddit,resolved_entry_only,176906957,popular-application_reddit_msm176906957_20260701T000000Z_010000Z.json,landing_region_2231deadae71::landing_region_eafefa1c1ea4,"Baie Jacotet, Mauritius -> Amanzimtoti, South Africa",1.5,3,3,3,1,1,10,7,0.07142857142857142,3,False,False,True,0.0,1.5
ZA,Reddit,resolved_entry_only,176906957,popular-application_reddit_msm176906957_20260701T000000Z_010000Z.json,landing_region_d8f29edb742a::landing_region_eafefa1c1ea4,"Baie du Tombeau, Mauritius -> Amanzimtoti, South Africa",1.5,3,3,3,1,1,10,7,0.07142857142857142,4,False,False,False,0.0,1.5
ZA,Reddit,resolved_entry_only,176906957,popular-application_reddit_msm176906957_20260701T000000Z_010000Z.json,landing_region_343850da3642::landing_region_44e270aeb18c,"Carcavelos, Portugal -> Melkbosstrand, South Africa",1.0,2,2,2,2,1,10,7,0.047619047619047616,5,False,False,False,0.0,1.0
ZA,Reddit,resolved_entry_only,176906957,popular-application_reddit_msm176906957_20260701T000000Z_010000Z.json,landing_region_44e270aeb18c::landing_region_f7627feb3284,"Melkbosstrand, South Africa -> Seixal, Portugal",1.0,2,2,2,2,1,10,7,0.047619047619047616,6,False,False,False,0.0,1.0
